0.0860476037819122 0 0 0 0 0 0 0
0.0676885590540193 0 0 0 0 0 0 1
0.0350380179752382 0 0 0 0 0 0 3
0.0378854596518231 0 0 0 0 0 1 0
-0.0053061393290008 0 0 0 0 0 1 1
-0.1340282874893704 0 0 0 0 0 1 3
0.1382490556114336 0 0 0 0 0 2 2
-0.0316601628837037 0 0 0 0 0 3 0
0.0088320922513611 0 0 0 0 0 3 1
0.0376266199524228 0 0 0 0 0 3 3
-0.0992124717391436 0 0 0 0 1 0 0
-0.1339078831172255 0 0 0 0 1 0 1
0.0157338101584501 0 0 0 0 1 0 3
-0.1475308200594325 0 0 0 0 1 1 0
-0.0150126057652691 0 0 0 0 1 1 1
0.1599839893193238 0 0 0 0 1 1 3
-0.1399400211932294 0 0 0 0 1 2 2
0.1018468940273652 0 0 0 0 1 3 0
-0.0437756704975706 0 0 0 0 1 3 1
0.1954726250467644 0 0 0 0 1 3 3
0.0386357325430148 0 0 0 0 2 0 2
-0.1694825999089254 0 0 0 0 2 1 2
-0.0166254669868976 0 0 0 0 2 2 0
0.0218028170462615 0 0 0 0 2 2 1
-0.0886332308439621 0 0 0 0 2 2 3
-0.0516557101052132 0 0 0 0 2 3 2
-0.0759981571073156 0 0 0 0 3 0 0
-0.0901907672715332 0 0 0 0 3 0 1
-0.0103518161613127 0 0 0 0 3 0 3
0.1571940539442239 0 0 0 0 3 1 0
0.0841567005999171 0 0 0 0 3 1 1
0.0094175864697987 0 0 0 0 3 1 3
0.0166686470677432 0 0 0 0 3 2 2
-0.1640437108507687 0 0 0 0 3 3 0
0.0384437483772451 0 0 0 0 3 3 1
-0.1215246084012627 0 0 0 0 3 3 3
-0.1394296594864304 0 0 0 1 0 0 0
-0.04423326605494 0 0 0 1 0 0 1
0.0836777148892978 0 0 0 1 0 0 3
-0.0949550669397459 0 0 0 1 0 1 0
0.0439153900248682 0 0 0 1 0 1 1
0.016251037007019 0 0 0 1 0 1 3
0.002556158943645 0 0 0 1 0 2 2
-0.053050191740569 0 0 0 1 0 3 0
0.0731900142232117 0 0 0 1 0 3 1
0.000329694988558 0 0 0 1 0 3 3
0.1132662867677497 0 0 0 1 1 0 0
0.0371547960824387 0 0 0 1 1 0 1
-0.121505016860974 0 0 0 1 1 0 3
-0.1457396418950374 0 0 0 1 1 1 0
0.0945275291551998 0 0 0 1 1 1 1
0.0465059276227207 0 0 0 1 1 1 3
-0.0068125749157601 0 0 0 1 1 2 2
0.1770987319763399 0 0 0 1 1 3 0
-0.0882577860464719 0 0 0 1 1 3 1
0.0374971916637487 0 0 0 1 1 3 3
-0.0502803403728486 0 0 0 1 2 0 2
0.1320527188682136 0 0 0 1 2 1 2
-0.0115309076123811 0 0 0 1 2 2 0
0.0029517549842243 0 0 0 1 2 2 1
-0.0566640082848163 0 0 0 1 2 2 3
-0.0447143065194775 0 0 0 1 2 3 2
-0.0021578182660255 0 0 0 1 3 0 0
-0.0241483690815113 0 0 0 1 3 0 1
0.0082030350166441 0 0 0 1 3 0 3
0.0163433148231466 0 0 0 1 3 1 0
0.0454526890633438 0 0 0 1 3 1 1
0.1028990218890064 0 0 0 1 3 1 3
0.0127720711740656 0 0 0 1 3 2 2
-0.1275069876551364 0 0 0 1 3 3 0
-0.0055672631882568 0 0 0 1 3 3 1
-0.0650346015754389 0 0 0 1 3 3 3
0.054271320815869 0 0 0 2 0 0 2
0.0578250718645715 0 0 0 2 0 1 2
-0.021252751579652 0 0 0 2 0 2 0
-0.0218993125884699 0 0 0 2 0 2 1
0.0570637054962851 0 0 0 2 0 2 3
-0.0605453229396423 0 0 0 2 0 3 2
0.0225397259294671 0 0 0 2 1 0 2
0.0878175222517142 0 0 0 2 1 1 2
-0.0510474193496698 0 0 0 2 1 2 0
0.0548957982978262 0 0 0 2 1 2 1
-0.1343882037129421 0 0 0 2 1 2 3
0.0822052690324055 0 0 0 2 1 3 2
-0.1556731108845289 0 0 0 2 2 0 0
0.0132327000855995 0 0 0 2 2 0 1
0.1673605826434636 0 0 0 2 2 0 3
-0.0314084892295354 0 0 0 2 2 1 0
-0.0120229182576726 0 0 0 2 2 1 1
-0.0434827553641723 0 0 0 2 2 1 3
0.1223482907630587 0 0 0 2 2 2 2
0.091143785907989 0 0 0 2 2 3 0
0.1220935508363345 0 0 0 2 2 3 1
0.009621542707092 0 0 0 2 2 3 3
0.0423005470705076 0 0 0 2 3 0 2
0.0432282552574668 0 0 0 2 3 1 2
-0.0235513638947187 0 0 0 2 3 2 0
-0.021756151826307 0 0 0 2 3 2 1
-0.070152312373676 0 0 0 2 3 2 3
0.0555188511995577 0 0 0 2 3 3 2
-0.0231344324988627 0 0 0 3 0 0 0
0.0280995982855666 0 0 0 3 0 0 1
0.1882075686799227 0 0 0 3 0 0 3
0.0897165251551147 0 0 0 3 0 1 0
0.0103795153878785 0 0 0 3 0 1 1
0.0392587460387278 0 0 0 3 0 1 3
0.0520117604485238 0 0 0 3 0 2 2
-0.061669697572354 0 0 0 3 0 3 0
0.0378274077873217 0 0 0 3 0 3 1
0.0454470913503505 0 0 0 3 0 3 3
-0.0598102117299717 0 0 0 3 1 0 0
0.0086756551929383 0 0 0 3 1 0 1
-0.1229959149346591 0 0 0 3 1 0 3
-0.1221607312198965 0 0 0 3 1 1 0
-0.1040755057446462 0 0 0 3 1 1 1
0.1131622903756998 0 0 0 3 1 1 3
-0.1672535347222826 0 0 0 3 1 2 2
0.0397136979077707 0 0 0 3 1 3 0
-0.0247329196024802 0 0 0 3 1 3 1
-0.1669860300774474 0 0 0 3 1 3 3
-0.0165463867047003 0 0 0 3 2 0 2
-0.1126747154775948 0 0 0 3 2 1 2
0.0080807509333987 0 0 0 3 2 2 0
-0.0552761928109347 0 0 0 3 2 2 1
0.1610605667650869 0 0 0 3 2 2 3
0.0152829078680881 0 0 0 3 2 3 2
-0.1078717830932695 0 0 0 3 3 0 0
-0.071130112834308 0 0 0 3 3 0 1
-0.1128242297608557 0 0 0 3 3 0 3
-0.0355277310119202 0 0 0 3 3 1 0
0.0242171218236381 0 0 0 3 3 1 1
0.0310119298281143 0 0 0 3 3 1 3
-0.0873959048806551 0 0 0 3 3 2 2
-0.1148327242083231 0 0 0 3 3 3 0
-0.0274889485603117 0 0 0 3 3 3 1
0.0043609337057529 0 0 0 3 3 3 3
0.1382060566615657 0 0 1 0 0 0 0
0.0188361995629042 0 0 1 0 0 0 1
-0.0677847767042371 0 0 1 0 0 0 3
0.1864081451720026 0 0 1 0 0 1 0
-0.0300235586505115 0 0 1 0 0 1 1
-0.0743443681230365 0 0 1 0 0 1 3
-0.0279937348876385 0 0 1 0 0 2 2
-0.0462186203270053 0 0 1 0 0 3 0
-0.0153104733955842 0 0 1 0 0 3 1
0.017505973326874 0 0 1 0 0 3 3
0.117541678162399 0 0 1 0 1 0 0
-0.0029647559797976 0 0 1 0 1 0 1
-0.0545537843191588 0 0 1 0 1 0 3
0.0653058535933564 0 0 1 0 1 1 0
0.0376128596175532 0 0 1 0 1 1 1
0.0489116125946071 0 0 1 0 1 1 3
-0.0426818154231593 0 0 1 0 1 2 2
0.0262829949693021 0 0 1 0 1 3 0
-0.0512491324565729 0 0 1 0 1 3 1
0.0247089224179338 0 0 1 0 1 3 3
-0.0598309322673569 0 0 1 0 2 0 2
-0.0205908027999007 0 0 1 0 2 1 2
-0.1329379431493639 0 0 1 0 2 2 0
-0.0460714899389126 0 0 1 0 2 2 1
-0.0480682435842223 0 0 1 0 2 2 3
-0.0660099663777185 0 0 1 0 2 3 2
-0.0880294387876905 0 0 1 0 3 0 0
0.0594592267689407 0 0 1 0 3 0 1
-0.0635822874129338 0 0 1 0 3 0 3
-0.0674737670195316 0 0 1 0 3 1 0
0.0040526211619077 0 0 1 0 3 1 1
0.055403975040987 0 0 1 0 3 1 3
0.0339149984177698 0 0 1 0 3 2 2
-0.0335283264428246 0 0 1 0 3 3 0
-0.0126415881065935 0 0 1 0 3 3 1
0.0336231519395679 0 0 1 0 3 3 3
-0.1192480224465633 0 0 1 1 0 0 0
0.1039977561392819 0 0 1 1 0 0 1
-0.0133352197547144 0 0 1 1 0 0 3
-0.0454242275992826 0 0 1 1 0 1 0
0.0029644899751077 0 0 1 1 0 1 1
-0.0253408078323862 0 0 1 1 0 1 3
0.0346980832986645 0 0 1 1 0 2 2
-0.1322838106810213 0 0 1 1 0 3 0
0.1341119350634938 0 0 1 1 0 3 1
0.1054045221600684 0 0 1 1 0 3 3
0.0923530846938158 0 0 1 1 1 0 0
-0.269071872088754 0 0 1 1 1 0 1
0.053234699817079 0 0 1 1 1 0 3
-0.0068701226807083 0 0 1 1 1 1 0
0.0855085011140204 0 0 1 1 1 1 1
0.0020290202292177 0 0 1 1 1 1 3
-0.0812857916129543 0 0 1 1 1 2 2
-0.0209485804469036 0 0 1 1 1 3 0
-0.1151646167788001 0 0 1 1 1 3 1
-0.0046046807377307 0 0 1 1 1 3 3
-0.0386522092208153 0 0 1 1 2 0 2
0.0157139311583064 0 0 1 1 2 1 2
0.018436764368794 0 0 1 1 2 2 0
-0.06266651874096 0 0 1 1 2 2 1
0.013544601601715 0 0 1 1 2 2 3
0.008224122876951 0 0 1 1 2 3 2
0.0226529703829188 0 0 1 1 3 0 0
-0.0157199585874012 0 0 1 1 3 0 1
0.0417504085040112 0 0 1 1 3 0 3
0.0062355515612442 0 0 1 1 3 1 0
-0.0837109785654683 0 0 1 1 3 1 1
-0.072515007223193 0 0 1 1 3 1 3
-0.0042085835692378 0 0 1 1 3 2 2
-0.0771949356329672 0 0 1 1 3 3 0
-0.130617285759375 0 0 1 1 3 3 1
0.0095355835478396 0 0 1 1 3 3 3
0.0709234985960209 0 0 1 2 0 0 2
-0.1023096033988793 0 0 1 2 0 1 2
-0.0377450779122758 0 0 1 2 0 2 0
0.0692062191164819 0 0 1 2 0 2 1
-0.0003023623666969 0 0 1 2 0 2 3
-0.0817256406437641 0 0 1 2 0 3 2
0.0451756015808586 0 0 1 2 1 0 2
-0.0611715434300917 0 0 1 2 1 1 2
0.2010131739648861 0 0 1 2 1 2 0
-0.0878775980767595 0 0 1 2 1 2 1
0.1779797588704864 0 0 1 2 1 2 3
-0.1138567291363135 0 0 1 2 1 3 2
0.0227363913164297 0 0 1 2 2 0 0
-0.0244894643077249 0 0 1 2 2 0 1
-0.0274387644115476 0 0 1 2 2 0 3
-0.0039131491516768 0 0 1 2 2 1 0
0.0424520237639047 0 0 1 2 2 1 1
-0.0242233658101529 0 0 1 2 2 1 3
0.1336650260993567 0 0 1 2 2 2 2
-0.1228591759883466 0 0 1 2 2 3 0
-0.0196231860935249 0 0 1 2 2 3 1
-0.0225578025545669 0 0 1 2 2 3 3
0.1159181932858884 0 0 1 2 3 0 2
-0.0488421694152596 0 0 1 2 3 1 2
0.0671036869833514 0 0 1 2 3 2 0
0.0468942967035454 0 0 1 2 3 2 1
-0.0762204538887239 0 0 1 2 3 2 3
0.0550710865805194 0 0 1 2 3 3 2
0.1166383616312245 0 0 1 3 0 0 0
-0.0842978404412956 0 0 1 3 0 0 1
-0.0506521644655114 0 0 1 3 0 0 3
-0.0018684807941388 0 0 1 3 0 1 0
-0.0839967441652221 0 0 1 3 0 1 1
-0.0055273319021356 0 0 1 3 0 1 3
-0.0411843402507895 0 0 1 3 0 2 2
0.0650091024695038 0 0 1 3 0 3 0
-0.1193849732646375 0 0 1 3 0 3 1
-0.0644386618062848 0 0 1 3 0 3 3
-0.1609032714087245 0 0 1 3 1 0 0
0.1462457046955696 0 0 1 3 1 0 1
-0.0465509546652655 0 0 1 3 1 0 3
0.2139846010222716 0 0 1 3 1 1 0
0.1674113090299438 0 0 1 3 1 1 1
-0.0186550944304333 0 0 1 3 1 1 3
0.0259768120465867 0 0 1 3 1 2 2
0.1146292465331187 0 0 1 3 1 3 0
-0.1663056875583702 0 0 1 3 1 3 1
0.1354446915755821 0 0 1 3 1 3 3
0.0267621773503624 0 0 1 3 2 0 2
0.1965083816355048 0 0 1 3 2 1 2
0.0937815666441101 0 0 1 3 2 2 0
0.0176532032364502 0 0 1 3 2 2 1
-0.0553003754229577 0 0 1 3 2 2 3
-0.0894581560285465 0 0 1 3 2 3 2
-0.0106635023420294 0 0 1 3 3 0 0
0.0711929579283123 0 0 1 3 3 0 1
-0.0013491778413291 0 0 1 3 3 0 3
0.0532731609629189 0 0 1 3 3 1 0
0.0260291172521646 0 0 1 3 3 1 1
0.0259592770063042 0 0 1 3 3 1 3
0.0305128023202302 0 0 1 3 3 2 2
0.0142748263186333 0 0 1 3 3 3 0
0.0537182468190032 0 0 1 3 3 3 1
-0.0736868253093492 0 0 1 3 3 3 3
0.0268183212873083 0 0 2 0 0 0 2
-0.0242682645227107 0 0 2 0 0 1 2
-0.1957915610182473 0 0 2 0 0 2 0
-0.0492396965136981 0 0 2 0 0 2 1
-0.0637990517809738 0 0 2 0 0 2 3
0.0350154047059636 0 0 2 0 0 3 2
0.0083861778062304 0 0 2 0 1 0 2
0.0457815221582894 0 0 2 0 1 1 2
-0.0368875023008183 0 0 2 0 1 2 0
0.0229482673480869 0 0 2 0 1 2 1
0.1355071859637165 0 0 2 0 1 2 3
0.1041315703556534 0 0 2 0 1 3 2
0.0407798357480606 0 0 2 0 2 0 0
0.0157410682272275 0 0 2 0 2 0 1
0.0711486286050913 0 0 2 0 2 0 3
-0.0114368817183474 0 0 2 0 2 1 0
0.0666695309253534 0 0 2 0 2 1 1
0.0037453055111626 0 0 2 0 2 1 3
0.0909166892326018 0 0 2 0 2 2 2
-0.0645933190548103 0 0 2 0 2 3 0
0.0049558761958014 0 0 2 0 2 3 1
0.0359390475971577 0 0 2 0 2 3 3
-0.0238003096291027 0 0 2 0 3 0 2
-0.0752955330791008 0 0 2 0 3 1 2
-0.0285417767397591 0 0 2 0 3 2 0
-0.0404188015323644 0 0 2 0 3 2 1
-0.0378574952424034 0 0 2 0 3 2 3
-0.0153733498955088 0 0 2 0 3 3 2
-0.014464274159058 0 0 2 1 0 0 2
0.1270891065212 0 0 2 1 0 1 2
-0.0475982919497256 0 0 2 1 0 2 0
0.0368938599715509 0 0 2 1 0 2 1
0.2553096648439457 0 0 2 1 0 2 3
0.0731396025108097 0 0 2 1 0 3 2
-0.1402506830324665 0 0 2 1 1 0 2
0.0630954842292906 0 0 2 1 1 1 2
0.0023003097263414 0 0 2 1 1 2 0
0.0210878889490932 0 0 2 1 1 2 1
-0.1348256353873431 0 0 2 1 1 2 3
0.0143881725257792 0 0 2 1 1 3 2
0.0019768003407297 0 0 2 1 2 0 0
0.000462449354199 0 0 2 1 2 0 1
-0.0386971017847211 0 0 2 1 2 0 3
-0.1107599441475979 0 0 2 1 2 1 0
0.0508981688041859 0 0 2 1 2 1 1
-0.0614164889171939 0 0 2 1 2 1 3
-0.1317049926878603 0 0 2 1 2 2 2
0.025419765834297 0 0 2 1 2 3 0
-0.1315311230180089 0 0 2 1 2 3 1
0.0673595258122381 0 0 2 1 2 3 3
0.0507224580149695 0 0 2 1 3 0 2
0.0779932732574413 0 0 2 1 3 1 2
0.0646803061150058 0 0 2 1 3 2 0
0.0746138827590292 0 0 2 1 3 2 1
0.024678613634364 0 0 2 1 3 2 3
0.0721880587459052 0 0 2 1 3 3 2
0.0318047813245644 0 0 2 2 0 0 0
0.0051141030643268 0 0 2 2 0 0 1
-0.0343434972195863 0 0 2 2 0 0 3
-0.116551564721703 0 0 2 2 0 1 0
0.0554727272565518 0 0 2 2 0 1 1
-0.0422311935281926 0 0 2 2 0 1 3
0.0482439009462573 0 0 2 2 0 2 2
0.1026107403843266 0 0 2 2 0 3 0
0.1179018389964737 0 0 2 2 0 3 1
-0.0324366633628559 0 0 2 2 0 3 3
-0.0779212848635363 0 0 2 2 1 0 0
0.0844588045381564 0 0 2 2 1 0 1
-0.0206776709785941 0 0 2 2 1 0 3
-0.0147453068228255 0 0 2 2 1 1 0
0.0477899710386168 0 0 2 2 1 1 1
0.0160691805938177 0 0 2 2 1 1 3
-0.0636100907481934 0 0 2 2 1 2 2
-0.1363179815453159 0 0 2 2 1 3 0
-0.2094225809838229 0 0 2 2 1 3 1
0.0100545576800966 0 0 2 2 1 3 3
0.0411242808322192 0 0 2 2 2 0 2
-0.2162811677111323 0 0 2 2 2 1 2
-0.1651328541215086 0 0 2 2 2 2 0
-0.0688066251893153 0 0 2 2 2 2 1
-0.0192375351705867 0 0 2 2 2 2 3
0.0023560262130882 0 0 2 2 2 3 2
0.0020628526091784 0 0 2 2 3 0 0
0.095299464853103 0 0 2 2 3 0 1
-0.1896010951694625 0 0 2 2 3 0 3
0.015103534948227 0 0 2 2 3 1 0
0.0750734405031505 0 0 2 2 3 1 1
0.0032687857855379 0 0 2 2 3 1 3
-0.0215539059144331 0 0 2 2 3 2 2
0.1218163545107053 0 0 2 2 3 3 0
0.1386858827090991 0 0 2 2 3 3 1
-0.1978348169079478 0 0 2 2 3 3 3
0.1113845107913517 0 0 2 3 0 0 2
-0.0063818703748431 0 0 2 3 0 1 2
0.0486314977497378 0 0 2 3 0 2 0
0.1063496146220016 0 0 2 3 0 2 1
-0.0895364904731446 0 0 2 3 0 2 3
-0.0272456260935992 0 0 2 3 0 3 2
-0.0848238237227519 0 0 2 3 1 0 2
-0.0398334312671649 0 0 2 3 1 1 2
0.0192611735435799 0 0 2 3 1 2 0
-0.0822877790729151 0 0 2 3 1 2 1
0.0182871865227705 0 0 2 3 1 2 3
0.1053854812489744 0 0 2 3 1 3 2
-0.015908450414257 0 0 2 3 2 0 0
0.0067249953167642 0 0 2 3 2 0 1
0.1219296075058775 0 0 2 3 2 0 3
0.104372264489143 0 0 2 3 2 1 0
-0.079588098268709 0 0 2 3 2 1 1
-0.0908981295762105 0 0 2 3 2 1 3
-0.1045958558103169 0 0 2 3 2 2 2
-0.0087221581548763 0 0 2 3 2 3 0
0.0209035316103557 0 0 2 3 2 3 1
0.0311318287742414 0 0 2 3 2 3 3
0.0614045555806291 0 0 2 3 3 0 2
-0.2041166070499078 0 0 2 3 3 1 2
-0.0052679943087633 0 0 2 3 3 2 0
0.0341591648214585 0 0 2 3 3 2 1
-0.0291021212592854 0 0 2 3 3 2 3
0.0174879583060238 0 0 2 3 3 3 2
-0.0117687202578212 0 0 3 0 0 0 0
-0.0170646035471857 0 0 3 0 0 0 1
-0.0972409554597019 0 0 3 0 0 0 3
-0.0507773708798476 0 0 3 0 0 1 0
-0.1239201850410264 0 0 3 0 0 1 1
-0.0937991244972484 0 0 3 0 0 1 3
0.0889074782399399 0 0 3 0 0 2 2
-0.0009234546839412 0 0 3 0 0 3 0
0.0765547256251338 0 0 3 0 0 3 1
0.0970986455541607 0 0 3 0 0 3 3
-0.0994172675898252 0 0 3 0 1 0 0
-0.002592187762974 0 0 3 0 1 0 1
-0.0739145773036622 0 0 3 0 1 0 3
-0.0816426860224791 0 0 3 0 1 1 0
-0.0894091873201202 0 0 3 0 1 1 1
-0.0159897104477128 0 0 3 0 1 1 3
0.0008050484295531 0 0 3 0 1 2 2
-0.0318096967042529 0 0 3 0 1 3 0
0.0881565141636974 0 0 3 0 1 3 1
0.1315203850739961 0 0 3 0 1 3 3
-0.0793692275167932 0 0 3 0 2 0 2
0.0694067786952337 0 0 3 0 2 1 2
0.0442492760012662 0 0 3 0 2 2 0
0.0163627365519528 0 0 3 0 2 2 1
-0.1847580817716013 0 0 3 0 2 2 3
-0.0206526178964152 0 0 3 0 2 3 2
-0.0118643545851118 0 0 3 0 3 0 0
0.1256946295814019 0 0 3 0 3 0 1
0.0028905234159843 0 0 3 0 3 0 3
0.1166335911797251 0 0 3 0 3 1 0
-0.1146843896156933 0 0 3 0 3 1 1
0.0609629109843501 0 0 3 0 3 1 3
-0.0231703840104196 0 0 3 0 3 2 2
-0.1269724117344735 0 0 3 0 3 3 0
-0.1351163875566425 0 0 3 0 3 3 1
0.1419226933454133 0 0 3 0 3 3 3
0.020953989339303 0 0 3 1 0 0 0
-0.0516054630005008 0 0 3 1 0 0 1
-0.0330257958160018 0 0 3 1 0 0 3
0.0050435323607546 0 0 3 1 0 1 0
-0.0352341199994703 0 0 3 1 0 1 1
0.0117525765511234 0 0 3 1 0 1 3
0.054369461028052 0 0 3 1 0 2 2
-0.119222682784478 0 0 3 1 0 3 0
-0.053249844179607 0 0 3 1 0 3 1
-0.0752223864982749 0 0 3 1 0 3 3
-0.087205629629572 0 0 3 1 1 0 0
-0.0345459844939626 0 0 3 1 1 0 1
-0.1748858159535105 0 0 3 1 1 0 3
0.0208342403495507 0 0 3 1 1 1 0
-0.1538276454683805 0 0 3 1 1 1 1
-0.0873774183922159 0 0 3 1 1 1 3
-0.1437072450453104 0 0 3 1 1 2 2
-0.0498123398549093 0 0 3 1 1 3 0
-0.0499773212072034 0 0 3 1 1 3 1
-0.009334737667325 0 0 3 1 1 3 3
0.1023841898269812 0 0 3 1 2 0 2
-0.0315973927450223 0 0 3 1 2 1 2
-0.0155868607182609 0 0 3 1 2 2 0
0.1013988376228532 0 0 3 1 2 2 1
0.0869087516737975 0 0 3 1 2 2 3
-0.0365130707931884 0 0 3 1 2 3 2
0.0003583423692804 0 0 3 1 3 0 0
0.0853188277348429 0 0 3 1 3 0 1
-0.0645475325740641 0 0 3 1 3 0 3
-0.0823641139530399 0 0 3 1 3 1 0
-0.1189419209212653 0 0 3 1 3 1 1
0.1275611988192747 0 0 3 1 3 1 3
-0.0603179961379454 0 0 3 1 3 2 2
0.0124132088773791 0 0 3 1 3 3 0
-0.0128295270396069 0 0 3 1 3 3 1
0.033328005289701 0 0 3 1 3 3 3
0.0466968526773035 0 0 3 2 0 0 2
-0.0065097752645915 0 0 3 2 0 1 2
0.0371037664648404 0 0 3 2 0 2 0
-0.0639417083067046 0 0 3 2 0 2 1
0.0106298385072143 0 0 3 2 0 2 3
0.0061898214538683 0 0 3 2 0 3 2
0.0901834912180181 0 0 3 2 1 0 2
-0.0298354870515251 0 0 3 2 1 1 2
0.005457924269897 0 0 3 2 1 2 0
-0.1675305222756209 0 0 3 2 1 2 1
0.0189931621893617 0 0 3 2 1 2 3
0.0767577233912535 0 0 3 2 1 3 2
0.1618890069733425 0 0 3 2 2 0 0
0.0542710996996844 0 0 3 2 2 0 1
0.015119621557305 0 0 3 2 2 0 3
-0.1529361154065272 0 0 3 2 2 1 0
-0.0162940216566844 0 0 3 2 2 1 1
0.0063297986621222 0 0 3 2 2 1 3
0.0900321343379578 0 0 3 2 2 2 2
-0.092398974106009 0 0 3 2 2 3 0
-0.057588123787249 0 0 3 2 2 3 1
-0.0609722503157278 0 0 3 2 2 3 3
-0.1497148528500151 0 0 3 2 3 0 2
0.014129266870286 0 0 3 2 3 1 2
-0.0763933468174745 0 0 3 2 3 2 0
0.1642934730554134 0 0 3 2 3 2 1
-0.0149418152041537 0 0 3 2 3 2 3
-0.0729863644610557 0 0 3 2 3 3 2
0.1547891291282829 0 0 3 3 0 0 0
-0.1130149944089128 0 0 3 3 0 0 1
-0.0551917478935139 0 0 3 3 0 0 3
0.0051940727569078 0 0 3 3 0 1 0
-0.0620805705285101 0 0 3 3 0 1 1
-0.032246725888037 0 0 3 3 0 1 3
-0.1502357837928753 0 0 3 3 0 2 2
0.1609227402180608 0 0 3 3 0 3 0
-0.1161640965763198 0 0 3 3 0 3 1
-0.0203228789641928 0 0 3 3 0 3 3
0.1348827468684732 0 0 3 3 1 0 0
-0.0444598442878003 0 0 3 3 1 0 1
-0.0499201218947952 0 0 3 3 1 0 3
0.0579308528165471 0 0 3 3 1 1 0
0.081087292999875 0 0 3 3 1 1 1
-0.1475187355747343 0 0 3 3 1 1 3
-0.0646308474504255 0 0 3 3 1 2 2
0.0394285054227305 0 0 3 3 1 3 0
0.0739912039788619 0 0 3 3 1 3 1
-0.036937944786392 0 0 3 3 1 3 3
-0.0769274636914936 0 0 3 3 2 0 2
0.0730457942826537 0 0 3 3 2 1 2
-0.1522487087772726 0 0 3 3 2 2 0
0.0279758390656224 0 0 3 3 2 2 1
-0.0424243263927438 0 0 3 3 2 2 3
0.0668069849154516 0 0 3 3 2 3 2
0.0495172305186891 0 0 3 3 3 0 0
-0.0179339008808 0 0 3 3 3 0 1
-0.0689552814743521 0 0 3 3 3 0 3
0.1331808400270401 0 0 3 3 3 1 0
-0.0544317100559334 0 0 3 3 3 1 1
0.1277206412209498 0 0 3 3 3 1 3
0.043615929683392 0 0 3 3 3 2 2
-0.021329912586248 0 0 3 3 3 3 0
-0.0615258256242584 0 0 3 3 3 3 1
-0.0871847674499331 0 0 3 3 3 3 3
-0.0011699418282624 0 1 0 0 0 0 0
-0.0036555276319065 0 1 0 0 0 0 1
-0.1162798003177724 0 1 0 0 0 0 3
0.0207520748407231 0 1 0 0 0 1 0
-0.0267541032196286 0 1 0 0 0 1 1
0.2226262252706266 0 1 0 0 0 1 3
0.0743589957565953 0 1 0 0 0 2 2
-0.1419541173500533 0 1 0 0 0 3 0
-0.0944011687257205 0 1 0 0 0 3 1
-0.0398290104362298 0 1 0 0 0 3 3
-0.0695121097793977 0 1 0 0 1 0 0
-0.1821699419691678 0 1 0 0 1 0 1
0.0039653526307167 0 1 0 0 1 0 3
0.1104628686512027 0 1 0 0 1 1 0
-0.0292800085839547 0 1 0 0 1 1 1
0.1518387114308064 0 1 0 0 1 1 3
-0.0937268069575298 0 1 0 0 1 2 2
-0.0486779434859732 0 1 0 0 1 3 0
-0.1309962673612936 0 1 0 0 1 3 1
-0.0070973950348684 0 1 0 0 1 3 3
0.0099216114545289 0 1 0 0 2 0 2
0.0101667873261707 0 1 0 0 2 1 2
0.2128357798953727 0 1 0 0 2 2 0
-0.017968888973025 0 1 0 0 2 2 1
0.1162636703760151 0 1 0 0 2 2 3
-0.1360414800325576 0 1 0 0 2 3 2
-0.0185706315291877 0 1 0 0 3 0 0
-0.0748331903019215 0 1 0 0 3 0 1
0.0878266243939073 0 1 0 0 3 0 3
0.0052044193639213 0 1 0 0 3 1 0
0.0914943100797712 0 1 0 0 3 1 1
0.1794377019773596 0 1 0 0 3 1 3
0.003651337307469 0 1 0 0 3 2 2
0.0030553211558339 0 1 0 0 3 3 0
-0.0533425266742316 0 1 0 0 3 3 1
0.1006781574024643 0 1 0 0 3 3 3
0.131410450243255 0 1 0 1 0 0 0
-0.1126395752711843 0 1 0 1 0 0 1
-0.000354115039229 0 1 0 1 0 0 3
-0.0609881758722816 0 1 0 1 0 1 0
-0.0187346706897435 0 1 0 1 0 1 1
0.0828069579243016 0 1 0 1 0 1 3
0.0606505607274285 0 1 0 1 0 2 2
-0.0090674425766163 0 1 0 1 0 3 0
0.0061271423233065 0 1 0 1 0 3 1
0.0110735681219993 0 1 0 1 0 3 3
-0.0824865353180621 0 1 0 1 1 0 0
-0.0764087505921461 0 1 0 1 1 0 1
-0.0312642824455689 0 1 0 1 1 0 3
-0.1275444859049986 0 1 0 1 1 1 0
-0.0710536150098017 0 1 0 1 1 1 1
0.1020692328338658 0 1 0 1 1 1 3
-0.0214448209450051 0 1 0 1 1 2 2
-0.0500724330854743 0 1 0 1 1 3 0
-0.0730922424064078 0 1 0 1 1 3 1
-0.0476855586346392 0 1 0 1 1 3 3
-0.042321946928317 0 1 0 1 2 0 2
0.0792925665729625 0 1 0 1 2 1 2
0.088129784482883 0 1 0 1 2 2 0
0.041246724459355 0 1 0 1 2 2 1
-0.0901381121294694 0 1 0 1 2 2 3
-0.0687856977154916 0 1 0 1 2 3 2
0.0133985634988251 0 1 0 1 3 0 0
-0.0926447829429331 0 1 0 1 3 0 1
0.0410267073725944 0 1 0 1 3 0 3
-0.0263272456719888 0 1 0 1 3 1 0
0.1171650837836539 0 1 0 1 3 1 1
0.0032689365489381 0 1 0 1 3 1 3
-0.0865347547644576 0 1 0 1 3 2 2
-0.0853189365444637 0 1 0 1 3 3 0
0.0356033554972648 0 1 0 1 3 3 1
-0.0226748226367869 0 1 0 1 3 3 3
0.144816971387051 0 1 0 2 0 0 2
-0.0533011646673718 0 1 0 2 0 1 2
0.0489410228552258 0 1 0 2 0 2 0
0.0221178847560106 0 1 0 2 0 2 1
-0.070034443984085 0 1 0 2 0 2 3
0.0395669397269051 0 1 0 2 0 3 2
-0.0782396044821038 0 1 0 2 1 0 2
-0.1923133204600524 0 1 0 2 1 1 2
0.1002858238663243 0 1 0 2 1 2 0
0.0776603014424601 0 1 0 2 1 2 1
-0.0406002739743011 0 1 0 2 1 2 3
0.0171948593510152 0 1 0 2 1 3 2
0.0752969425811182 0 1 0 2 2 0 0
0.1437191043899015 0 1 0 2 2 0 1
0.1441607455729563 0 1 0 2 2 0 3
0.1223765697720083 0 1 0 2 2 1 0
0.0998224572308005 0 1 0 2 2 1 1
0.0190318199227116 0 1 0 2 2 1 3
-0.0868487755778475 0 1 0 2 2 2 2
0.0761482235493278 0 1 0 2 2 3 0
-0.0365527257730311 0 1 0 2 2 3 1
-0.1058249265108873 0 1 0 2 2 3 3
-0.0254216687433117 0 1 0 2 3 0 2
0.0182941202087376 0 1 0 2 3 1 2
0.0882855173932334 0 1 0 2 3 2 0
0.1198087603664034 0 1 0 2 3 2 1
0.0680445872306344 0 1 0 2 3 2 3
0.2160894615876316 0 1 0 2 3 3 2
0.0574075609346025 0 1 0 3 0 0 0
0.020513501169393 0 1 0 3 0 0 1
-0.060450047569673 0 1 0 3 0 0 3
0.0849674188049934 0 1 0 3 0 1 0
-0.001631095831346 0 1 0 3 0 1 1
0.0753097366025142 0 1 0 3 0 1 3
-0.0235807677687686 0 1 0 3 0 2 2
0.0776847325656259 0 1 0 3 0 3 0
0.0508473026904285 0 1 0 3 0 3 1
0.0840575844536567 0 1 0 3 0 3 3
0.1038697677359475 0 1 0 3 1 0 0
0.0009163495924378 0 1 0 3 1 0 1
-0.0620682957955508 0 1 0 3 1 0 3
-0.0648523460429071 0 1 0 3 1 1 0
-0.0567975275412908 0 1 0 3 1 1 1
0.0381938468690416 0 1 0 3 1 1 3
0.2051881915000209 0 1 0 3 1 2 2
0.0178992428196903 0 1 0 3 1 3 0
0.0396110025959742 0 1 0 3 1 3 1
0.0127563318363597 0 1 0 3 1 3 3
-0.0483950948876199 0 1 0 3 2 0 2
-0.0267958612128815 0 1 0 3 2 1 2
-0.0815544039766525 0 1 0 3 2 2 0
-0.1025687629824183 0 1 0 3 2 2 1
-0.0107346442216075 0 1 0 3 2 2 3
0.0034688241657368 0 1 0 3 2 3 2
0.0701331569070826 0 1 0 3 3 0 0
0.0101178491852588 0 1 0 3 3 0 1
0.0197268513672471 0 1 0 3 3 0 3
-0.0660067897841357 0 1 0 3 3 1 0
0.0305855115044095 0 1 0 3 3 1 1
-0.1329522589812547 0 1 0 3 3 1 3
0.016837942977569 0 1 0 3 3 2 2
-0.0504747524562475 0 1 0 3 3 3 0
0.0337995798150058 0 1 0 3 3 3 1
-0.1121011932667922 0 1 0 3 3 3 3
-0.0451198517994924 0 1 1 0 0 0 0
-0.0203063796696058 0 1 1 0 0 0 1
-0.0814177046118749 0 1 1 0 0 0 3
0.0180217935689726 0 1 1 0 0 1 0
-0.0023566499774361 0 1 1 0 0 1 1
0.0547252495662101 0 1 1 0 0 1 3
-0.0759670030100436 0 1 1 0 0 2 2
-0.1278972074316883 0 1 1 0 0 3 0
0.1442405172178589 0 1 1 0 0 3 1
-0.1342467370837568 0 1 1 0 0 3 3
0.1189805105652794 0 1 1 0 1 0 0
-0.1326358788286721 0 1 1 0 1 0 1
0.072430905819695 0 1 1 0 1 0 3
0.0438291808414743 0 1 1 0 1 1 0
-0.1125135870214672 0 1 1 0 1 1 1
0.0492153586773239 0 1 1 0 1 1 3
-0.027508962432511 0 1 1 0 1 2 2
-0.0848694414982184 0 1 1 0 1 3 0
0.0006546773553498 0 1 1 0 1 3 1
-0.0271546523865847 0 1 1 0 1 3 3
0.0195038562349451 0 1 1 0 2 0 2
0.136277922620773 0 1 1 0 2 1 2
-0.1112138633552924 0 1 1 0 2 2 0
-0.0030309771261017 0 1 1 0 2 2 1
-0.0592049184436214 0 1 1 0 2 2 3
-0.1403698089192649 0 1 1 0 2 3 2
-0.0092912253514156 0 1 1 0 3 0 0
0.0620208530810253 0 1 1 0 3 0 1
0.0026979239107412 0 1 1 0 3 0 3
0.0498377879136298 0 1 1 0 3 1 0
0.0360929258420179 0 1 1 0 3 1 1
0.0803577834876952 0 1 1 0 3 1 3
0.0951131010887975 0 1 1 0 3 2 2
-0.1185434991876026 0 1 1 0 3 3 0
0.1237379230920344 0 1 1 0 3 3 1
0.0991710996995487 0 1 1 0 3 3 3
0.0342421768152354 0 1 1 1 0 0 0
-0.0368656565019157 0 1 1 1 0 0 1
0.0145497347842065 0 1 1 1 0 0 3
0.0857523188306568 0 1 1 1 0 1 0
-0.1308847090872616 0 1 1 1 0 1 1
-0.1046247800335287 0 1 1 1 0 1 3
0.0376873040697422 0 1 1 1 0 2 2
-0.0195958271256144 0 1 1 1 0 3 0
0.0336315896654053 0 1 1 1 0 3 1
-0.0794003715658512 0 1 1 1 0 3 3
-0.0187308135772094 0 1 1 1 1 0 0
-0.0555259379111286 0 1 1 1 1 0 1
-0.0494226142293705 0 1 1 1 1 0 3
0.0689170857031269 0 1 1 1 1 1 0
-0.0642572804349568 0 1 1 1 1 1 1
-0.0423965876382454 0 1 1 1 1 1 3
-0.0660206260116618 0 1 1 1 1 2 2
-0.1617036916013368 0 1 1 1 1 3 0
-0.1138021222475356 0 1 1 1 1 3 1
0.1165243053248948 0 1 1 1 1 3 3
-0.1189685903408315 0 1 1 1 2 0 2
0.0199405241969019 0 1 1 1 2 1 2
-0.0304451230627331 0 1 1 1 2 2 0
-0.0348469664790724 0 1 1 1 2 2 1
-0.0359567981451686 0 1 1 1 2 2 3
0.0712261407138943 0 1 1 1 2 3 2
0.0048335713107132 0 1 1 1 3 0 0
0.0026998037914097 0 1 1 1 3 0 1
0.0423655729391529 0 1 1 1 3 0 3
0.0659692470684965 0 1 1 1 3 1 0
0.0219276260931403 0 1 1 1 3 1 1
-0.091940386324406 0 1 1 1 3 1 3
-0.0319131177377466 0 1 1 1 3 2 2
0.1588447775441267 0 1 1 1 3 3 0
0.0695130550339777 0 1 1 1 3 3 1
0.0052626932296455 0 1 1 1 3 3 3
-0.0616041938229106 0 1 1 2 0 0 2
0.1031826608707294 0 1 1 2 0 1 2
0.0762856530968258 0 1 1 2 0 2 0
0.044395652807398 0 1 1 2 0 2 1
0.0919920894393042 0 1 1 2 0 2 3
-0.0327881849282654 0 1 1 2 0 3 2
0.0250509730469087 0 1 1 2 1 0 2
-0.0216894883162247 0 1 1 2 1 1 2
0.0522517863817911 0 1 1 2 1 2 0
0.0456311966776261 0 1 1 2 1 2 1
-0.0367109615562591 0 1 1 2 1 2 3
0.0692535710921315 0 1 1 2 1 3 2
-0.0074271114498674 0 1 1 2 2 0 0
-0.0509790995412144 0 1 1 2 2 0 1
0.1628315654530474 0 1 1 2 2 0 3
-0.0883475370636711 0 1 1 2 2 1 0
-0.0918728408478613 0 1 1 2 2 1 1
0.0325965585659925 0 1 1 2 2 1 3
-0.1476653702995469 0 1 1 2 2 2 2
-0.0744784234193808 0 1 1 2 2 3 0
0.0419683830421343 0 1 1 2 2 3 1
-0.0473209950232218 0 1 1 2 2 3 3
0.0046438910497094 0 1 1 2 3 0 2
-0.0370387380213561 0 1 1 2 3 1 2
0.1126183637906156 0 1 1 2 3 2 0
-0.0247096621645341 0 1 1 2 3 2 1
-0.0054794359001343 0 1 1 2 3 2 3
0.0964278542539083 0 1 1 2 3 3 2
-0.0712217237844303 0 1 1 3 0 0 0
0.1860026673893991 0 1 1 3 0 0 1
0.0628866150558091 0 1 1 3 0 0 3
0.1696351817244444 0 1 1 3 0 1 0
0.0111338576987117 0 1 1 3 0 1 1
-0.0838313793959204 0 1 1 3 0 1 3
0.1278518652399322 0 1 1 3 0 2 2
0.1344811953388073 0 1 1 3 0 3 0
-0.0173264626065005 0 1 1 3 0 3 1
-0.0289596002717431 0 1 1 3 0 3 3
0.1977601657404732 0 1 1 3 1 0 0
0.217152752114456 0 1 1 3 1 0 1
-0.020868170871364 0 1 1 3 1 0 3
0.0166740810306124 0 1 1 3 1 1 0
0.1224574636293283 0 1 1 3 1 1 1
-0.0858838652448329 0 1 1 3 1 1 3
0.0068248165948077 0 1 1 3 1 2 2
-0.1075787587194569 0 1 1 3 1 3 0
0.0744554850893146 0 1 1 3 1 3 1
0.0612010043007969 0 1 1 3 1 3 3
-0.0255491614703874 0 1 1 3 2 0 2
0.0123651325230913 0 1 1 3 2 1 2
0.0564679618346524 0 1 1 3 2 2 0
0.0775186193595094 0 1 1 3 2 2 1
-0.0560360317714171 0 1 1 3 2 2 3
-0.2063367323681547 0 1 1 3 2 3 2
0.0784825909618729 0 1 1 3 3 0 0
-0.0207110135584331 0 1 1 3 3 0 1
0.1572765254919194 0 1 1 3 3 0 3
0.0277414037058632 0 1 1 3 3 1 0
0.0932346209936278 0 1 1 3 3 1 1
0.0408281579661845 0 1 1 3 3 1 3
0.0890470168415491 0 1 1 3 3 2 2
0.0672549597210614 0 1 1 3 3 3 0
-0.123616938629769 0 1 1 3 3 3 1
-0.1837390873714581 0 1 1 3 3 3 3
-0.0616211137432065 0 1 2 0 0 0 2
0.0442536616612516 0 1 2 0 0 1 2
0.0055290812397399 0 1 2 0 0 2 0
0.0371920320154344 0 1 2 0 0 2 1
0.0119793171183397 0 1 2 0 0 2 3
0.1100866810909955 0 1 2 0 0 3 2
-0.1006253862849691 0 1 2 0 1 0 2
0.0587416911457151 0 1 2 0 1 1 2
-0.0679299776742077 0 1 2 0 1 2 0
0.0242543700960332 0 1 2 0 1 2 1
-0.01510181941997 0 1 2 0 1 2 3
0.0472693381213066 0 1 2 0 1 3 2
0.0792370812016513 0 1 2 0 2 0 0
0.1146375423409839 0 1 2 0 2 0 1
-0.0590836968732902 0 1 2 0 2 0 3
-0.0323242743071815 0 1 2 0 2 1 0
-0.0052224290215333 0 1 2 0 2 1 1
0.0140207221919006 0 1 2 0 2 1 3
-0.0183610141757922 0 1 2 0 2 2 2
-0.0402773615305044 0 1 2 0 2 3 0
-0.0096046403971411 0 1 2 0 2 3 1
-0.0337818332746549 0 1 2 0 2 3 3
-0.016177667883183 0 1 2 0 3 0 2
-0.0230757404979197 0 1 2 0 3 1 2
0.0307292891145551 0 1 2 0 3 2 0
0.0769294558457374 0 1 2 0 3 2 1
-0.1230805490908496 0 1 2 0 3 2 3
-0.0006090261721871 0 1 2 0 3 3 2
-0.0026224668931769 0 1 2 1 0 0 2
0.0305218683206801 0 1 2 1 0 1 2
0.0156468743191857 0 1 2 1 0 2 0
0.0289417326771173 0 1 2 1 0 2 1
0.0786011389827906 0 1 2 1 0 2 3
-0.0212894100732544 0 1 2 1 0 3 2
0.0841362800100694 0 1 2 1 1 0 2
-0.009525329203812 0 1 2 1 1 1 2
-0.0301383656455165 0 1 2 1 1 2 0
0.0437194619526997 0 1 2 1 1 2 1
-0.0470821982367094 0 1 2 1 1 2 3
0.0292196062743975 0 1 2 1 1 3 2
-0.0703092375414497 0 1 2 1 2 0 0
0.0518379844530985 0 1 2 1 2 0 1
0.1636542092155886 0 1 2 1 2 0 3
0.0067218402824512 0 1 2 1 2 1 0
-0.1048025727602775 0 1 2 1 2 1 1
0.0994438172589751 0 1 2 1 2 1 3
0.0500762744807292 0 1 2 1 2 2 2
0.011666519265533 0 1 2 1 2 3 0
-0.0159289082346276 0 1 2 1 2 3 1
-0.0353042240233238 0 1 2 1 2 3 3
0.0241724198105615 0 1 2 1 3 0 2
0.092627935194187 0 1 2 1 3 1 2
0.1868506621795218 0 1 2 1 3 2 0
-0.1527719936227429 0 1 2 1 3 2 1
0.0466634338111819 0 1 2 1 3 2 3
0.0470806392936371 0 1 2 1 3 3 2
-0.0651805933330531 0 1 2 2 0 0 0
0.0584575503591369 0 1 2 2 0 0 1
0.0582557482654056 0 1 2 2 0 0 3
0.0110556035754597 0 1 2 2 0 1 0
-0.0074281315950643 0 1 2 2 0 1 1
0.0320223238102483 0 1 2 2 0 1 3
0.1647525656893874 0 1 2 2 0 2 2
-0.1353546518931965 0 1 2 2 0 3 0
-0.0907073751082176 0 1 2 2 0 3 1
-0.0135320381874498 0 1 2 2 0 3 3
-0.0559881923181274 0 1 2 2 1 0 0
0.1482779940625657 0 1 2 2 1 0 1
-0.0717958103627626 0 1 2 2 1 0 3
-0.1078690488957712 0 1 2 2 1 1 0
-0.0889535278989261 0 1 2 2 1 1 1
-0.0935830808899 0 1 2 2 1 1 3
-0.1052949145020667 0 1 2 2 1 2 2
0.2889020497748751 0 1 2 2 1 3 0
-0.0812322165497879 0 1 2 2 1 3 1
0.0097225190378215 0 1 2 2 1 3 3
-0.0474375448119427 0 1 2 2 2 0 2
-0.0264564280232935 0 1 2 2 2 1 2
-0.0971016653219569 0 1 2 2 2 2 0
0.0555973877718376 0 1 2 2 2 2 1
-0.0426688842097038 0 1 2 2 2 2 3
0.0554340260215297 0 1 2 2 2 3 2
0.0169906494119218 0 1 2 2 3 0 0
0.0269035555274293 0 1 2 2 3 0 1
0.053501390765406 0 1 2 2 3 0 3
-0.1736335014548716 0 1 2 2 3 1 0
0.1568131310011962 0 1 2 2 3 1 1
0.0752919718156691 0 1 2 2 3 1 3
0.0051396445591819 0 1 2 2 3 2 2
-0.0374859888546457 0 1 2 2 3 3 0
0.1032557894272011 0 1 2 2 3 3 1
-0.0790650911633651 0 1 2 2 3 3 3
0.028384970423546 0 1 2 3 0 0 2
-0.0870131820857131 0 1 2 3 0 1 2
0.1349806018284424 0 1 2 3 0 2 0
0.1785707627623719 0 1 2 3 0 2 1
-0.074571723196475 0 1 2 3 0 2 3
-0.0310401726776275 0 1 2 3 0 3 2
0.0336607686282603 0 1 2 3 1 0 2
-0.1470648745554518 0 1 2 3 1 1 2
-0.0175682517293163 0 1 2 3 1 2 0
0.0608636938023623 0 1 2 3 1 2 1
-0.0585748074217446 0 1 2 3 1 2 3
-0.0508500834860423 0 1 2 3 1 3 2
0.1258608808234479 0 1 2 3 2 0 0
-0.0864631541030799 0 1 2 3 2 0 1
0.0718425904831293 0 1 2 3 2 0 3
-0.0426328799969866 0 1 2 3 2 1 0
-0.0134652187954643 0 1 2 3 2 1 1
0.0395408274860924 0 1 2 3 2 1 3
0.1495440297320638 0 1 2 3 2 2 2
-0.0481556100773702 0 1 2 3 2 3 0
-0.1057577196672361 0 1 2 3 2 3 1
0.1274984027827374 0 1 2 3 2 3 3
-0.0855309131665561 0 1 2 3 3 0 2
0.009444218710776 0 1 2 3 3 1 2
0.1890272728881359 0 1 2 3 3 2 0
-0.1552701744247753 0 1 2 3 3 2 1
-0.0114351245740282 0 1 2 3 3 2 3
-0.0529791692212526 0 1 2 3 3 3 2
0.1126645131130754 0 1 3 0 0 0 0
0.0453033279989807 0 1 3 0 0 0 1
-0.0185351604100399 0 1 3 0 0 0 3
-0.0760161208386769 0 1 3 0 0 1 0
-0.0795175040431982 0 1 3 0 0 1 1
-0.1555202490790731 0 1 3 0 0 1 3
-0.0894362308874632 0 1 3 0 0 2 2
-0.0419992623076424 0 1 3 0 0 3 0
-0.19315832804273 0 1 3 0 0 3 1
-0.067338953680434 0 1 3 0 0 3 3
0.0378853102766306 0 1 3 0 1 0 0
0.0885332698903855 0 1 3 0 1 0 1
0.0483666751837331 0 1 3 0 1 0 3
-0.1895823466661215 0 1 3 0 1 1 0
-0.042547776798849 0 1 3 0 1 1 1
-0.188559992364149 0 1 3 0 1 1 3
0.1247051142646982 0 1 3 0 1 2 2
-0.0474721680335131 0 1 3 0 1 3 0
0.0636286188230846 0 1 3 0 1 3 1
0.0592115255645064 0 1 3 0 1 3 3
0.0080765091499515 0 1 3 0 2 0 2
0.049010962316277 0 1 3 0 2 1 2
-0.0740862646913792 0 1 3 0 2 2 0
0.0636455448029955 0 1 3 0 2 2 1
0.0923619617105585 0 1 3 0 2 2 3
-0.1467472338769947 0 1 3 0 2 3 2
0.0613172334145706 0 1 3 0 3 0 0
-0.0420137538037428 0 1 3 0 3 0 1
-0.0025505665273704 0 1 3 0 3 0 3
0.0327821450626887 0 1 3 0 3 1 0
-0.0443243341689934 0 1 3 0 3 1 1
0.0158181672531934 0 1 3 0 3 1 3
-0.0225772731299888 0 1 3 0 3 2 2
0.0241592714316077 0 1 3 0 3 3 0
0.1180383343240535 0 1 3 0 3 3 1
0.0598469089042303 0 1 3 0 3 3 3
0.1784548064014703 0 1 3 1 0 0 0
-0.1681066252162177 0 1 3 1 0 0 1
0.0260838357527893 0 1 3 1 0 0 3
0.0988716988562287 0 1 3 1 0 1 0
0.0698073048552933 0 1 3 1 0 1 1
-0.0707784204461219 0 1 3 1 0 1 3
0.1223969615816007 0 1 3 1 0 2 2
-0.0097272991432452 0 1 3 1 0 3 0
0.0026615313951113 0 1 3 1 0 3 1
-0.1006980540847129 0 1 3 1 0 3 3
-0.1091403637077379 0 1 3 1 1 0 0
-0.0996728079050052 0 1 3 1 1 0 1
-0.0679641810333874 0 1 3 1 1 0 3
-0.0103322841788136 0 1 3 1 1 1 0
0.0934311602172174 0 1 3 1 1 1 1
-0.138409640577643 0 1 3 1 1 1 3
0.2096619129568291 0 1 3 1 1 2 2
0.0341103761592479 0 1 3 1 1 3 0
-0.0851095136112844 0 1 3 1 1 3 1
0.0711495773418732 0 1 3 1 1 3 3
-0.0030908799973359 0 1 3 1 2 0 2
-0.0781173379169103 0 1 3 1 2 1 2
0.1416836129841765 0 1 3 1 2 2 0
-0.0617417797803688 0 1 3 1 2 2 1
-0.0672721702021849 0 1 3 1 2 2 3
-0.0133997809020758 0 1 3 1 2 3 2
0.0183614027834429 0 1 3 1 3 0 0
0.0381375836583713 0 1 3 1 3 0 1
0.1071083530561067 0 1 3 1 3 0 3
-0.0261739685912233 0 1 3 1 3 1 0
-0.0300130180397579 0 1 3 1 3 1 1
0.020576492203011 0 1 3 1 3 1 3
0.1552967389881868 0 1 3 1 3 2 2
0.0537057086140372 0 1 3 1 3 3 0
0.1525248971577716 0 1 3 1 3 3 1
-0.0357979489024626 0 1 3 1 3 3 3
0.0059599760334653 0 1 3 2 0 0 2
-0.1095389766210095 0 1 3 2 0 1 2
0.1635878248862284 0 1 3 2 0 2 0
0.0029412795423358 0 1 3 2 0 2 1
0.0704057356123493 0 1 3 2 0 2 3
0.0156951237553752 0 1 3 2 0 3 2
-0.0223889990415521 0 1 3 2 1 0 2
0.0642794985605919 0 1 3 2 1 1 2
0.0447178843210487 0 1 3 2 1 2 0
-0.1900437138309946 0 1 3 2 1 2 1
-0.1290864747651215 0 1 3 2 1 2 3
-0.1049328493794962 0 1 3 2 1 3 2
0.1197593750905719 0 1 3 2 2 0 0
-0.0239599108135927 0 1 3 2 2 0 1
-0.0698323427340178 0 1 3 2 2 0 3
0.0078913390282223 0 1 3 2 2 1 0
-0.0193999106649935 0 1 3 2 2 1 1
-0.0928178881553879 0 1 3 2 2 1 3
-0.0606268363136231 0 1 3 2 2 2 2
0.1995752280467557 0 1 3 2 2 3 0
-0.1087315297923954 0 1 3 2 2 3 1
0.0143024123779478 0 1 3 2 2 3 3
-0.0969492419961987 0 1 3 2 3 0 2
-0.2810769133495996 0 1 3 2 3 1 2
0.0139055845099786 0 1 3 2 3 2 0
-0.0791069853452687 0 1 3 2 3 2 1
0.1236733891165933 0 1 3 2 3 2 3
0.0526257344383694 0 1 3 2 3 3 2
-0.0087447320980501 0 1 3 3 0 0 0
0.0480926037595097 0 1 3 3 0 0 1
-0.1195143855060589 0 1 3 3 0 0 3
0.1014654134025493 0 1 3 3 0 1 0
0.0306524937325612 0 1 3 3 0 1 1
-0.1179906157342781 0 1 3 3 0 1 3
-0.0577128034072785 0 1 3 3 0 2 2
0.1059963974369472 0 1 3 3 0 3 0
-0.0638946139560361 0 1 3 3 0 3 1
0.0074405517311199 0 1 3 3 0 3 3
0.147306244892084 0 1 3 3 1 0 0
0.0415883537234746 0 1 3 3 1 0 1
-0.0539195361919903 0 1 3 3 1 0 3
-0.1444512084661735 0 1 3 3 1 1 0
0.0437465056314926 0 1 3 3 1 1 1
-0.0071763815225853 0 1 3 3 1 1 3
-0.0699932951856249 0 1 3 3 1 2 2
-0.092553689846908 0 1 3 3 1 3 0
-0.0002695202424782 0 1 3 3 1 3 1
0.1418633373055452 0 1 3 3 1 3 3
-0.0817144923280122 0 1 3 3 2 0 2
0.171296713614785 0 1 3 3 2 1 2
0.0608509494775956 0 1 3 3 2 2 0
0.0119122117033714 0 1 3 3 2 2 1
0.0114373114954916 0 1 3 3 2 2 3
0.0033159478451237 0 1 3 3 2 3 2
-0.0455038459565224 0 1 3 3 3 0 0
-0.0344706009349601 0 1 3 3 3 0 1
0.138278962908119 0 1 3 3 3 0 3
-0.0442667712998702 0 1 3 3 3 1 0
0.2351268218359353 0 1 3 3 3 1 1
0.0436994448108011 0 1 3 3 3 1 3
0.1092853466662509 0 1 3 3 3 2 2
0.0012822904674395 0 1 3 3 3 3 0
0.038704423079198 0 1 3 3 3 3 1
0.1142852373895398 0 1 3 3 3 3 3
-0.0509880004728555 0 2 0 0 0 0 2
0.064590987036152 0 2 0 0 0 1 2
-0.0232107318552875 0 2 0 0 0 2 0
0.0977498830462176 0 2 0 0 0 2 1
-0.0302415298605071 0 2 0 0 0 2 3
-0.050100099869728 0 2 0 0 0 3 2
-0.0515990739293678 0 2 0 0 1 0 2
-0.0865432402135476 0 2 0 0 1 1 2
0.1498172505197626 0 2 0 0 1 2 0
0.0470304957116002 0 2 0 0 1 2 1
0.0011596387572418 0 2 0 0 1 2 3
-0.1018366135232796 0 2 0 0 1 3 2
0.0241319094963207 0 2 0 0 2 0 0
-0.0555846710592964 0 2 0 0 2 0 1
0.0485506296317757 0 2 0 0 2 0 3
-0.0269519745293895 0 2 0 0 2 1 0
0.042241671167375 0 2 0 0 2 1 1
-0.0782360891308429 0 2 0 0 2 1 3
0.1338400142856066 0 2 0 0 2 2 2
0.1119064267167652 0 2 0 0 2 3 0
-0.0336381013197534 0 2 0 0 2 3 1
-0.0021606672592331 0 2 0 0 2 3 3
-0.0175649482743374 0 2 0 0 3 0 2
0.069691615796951 0 2 0 0 3 1 2
-0.0051844077246059 0 2 0 0 3 2 0
-0.0875195214194005 0 2 0 0 3 2 1
-0.0642129423822215 0 2 0 0 3 2 3
0.0784152035173959 0 2 0 0 3 3 2
-0.0503281347279501 0 2 0 1 0 0 2
0.1461169266635587 0 2 0 1 0 1 2
0.0781997660443026 0 2 0 1 0 2 0
0.0719933753817072 0 2 0 1 0 2 1
-0.0352276759202403 0 2 0 1 0 2 3
-0.0427313537335606 0 2 0 1 0 3 2
-0.0539750393103823 0 2 0 1 1 0 2
-0.0964524910094324 0 2 0 1 1 1 2
0.1029938773598089 0 2 0 1 1 2 0
-0.1392458523601782 0 2 0 1 1 2 1
0.0063789541994759 0 2 0 1 1 2 3
-0.0054524655330701 0 2 0 1 1 3 2
-0.0379365330840534 0 2 0 1 2 0 0
0.0803519024528004 0 2 0 1 2 0 1
-0.077415289479356 0 2 0 1 2 0 3
0.0447802233729834 0 2 0 1 2 1 0
-0.1177088902522899 0 2 0 1 2 1 1
0.0315450595131413 0 2 0 1 2 1 3
-0.1212009634662706 0 2 0 1 2 2 2
0.0469624873604573 0 2 0 1 2 3 0
-0.0058631322805678 0 2 0 1 2 3 1
-0.0510913644142874 0 2 0 1 2 3 3
-0.001671425112457 0 2 0 1 3 0 2
-0.1589794058287491 0 2 0 1 3 1 2
0.1885870356238431 0 2 0 1 3 2 0
0.1129154082366091 0 2 0 1 3 2 1
-0.1284146852253274 0 2 0 1 3 2 3
0.114565134051814 0 2 0 1 3 3 2
0.0371323965793196 0 2 0 2 0 0 0
-0.0614891344479601 0 2 0 2 0 0 1
0.0978652972049945 0 2 0 2 0 0 3
-0.0017947149867664 0 2 0 2 0 1 0
0.0469145256974911 0 2 0 2 0 1 1
-0.0642098270848642 0 2 0 2 0 1 3
-0.1007245741111838 0 2 0 2 0 2 2
-0.09404204055944 0 2 0 2 0 3 0
-0.0787630849515363 0 2 0 2 0 3 1
-0.0134952706991279 0 2 0 2 0 3 3
0.0358175069904218 0 2 0 2 1 0 0
-0.0434363435958542 0 2 0 2 1 0 1
0.0980912068550674 0 2 0 2 1 0 3
-0.0020140922758688 0 2 0 2 1 1 0
0.0035833362573964 0 2 0 2 1 1 1
-0.2550500948046568 0 2 0 2 1 1 3
-0.173852296025171 0 2 0 2 1 2 2
-0.0710187809339212 0 2 0 2 1 3 0
-0.2195567916804628 0 2 0 2 1 3 1
0.142983817205225 0 2 0 2 1 3 3
-0.0141033926018709 0 2 0 2 2 0 2
-0.0394488720664119 0 2 0 2 2 1 2
-0.0111103353365229 0 2 0 2 2 2 0
-0.0232067145208925 0 2 0 2 2 2 1
0.0862664646787637 0 2 0 2 2 2 3
0.1767391714550144 0 2 0 2 2 3 2
0.0425694713872189 0 2 0 2 3 0 0
-0.1136693838179254 0 2 0 2 3 0 1
0.0734424268329024 0 2 0 2 3 0 3
0.1218413402546564 0 2 0 2 3 1 0
0.1045350693736289 0 2 0 2 3 1 1
-0.0721910727160176 0 2 0 2 3 1 3
0.1036489243346241 0 2 0 2 3 2 2
0.0549142748153534 0 2 0 2 3 3 0
-0.1471081410127797 0 2 0 2 3 3 1
0.0413203344003136 0 2 0 2 3 3 3
-0.0738295991375601 0 2 0 3 0 0 2
0.0664283161481703 0 2 0 3 0 1 2
0.046478277581795 0 2 0 3 0 2 0
0.0121232543167351 0 2 0 3 0 2 1
-0.0218672989480356 0 2 0 3 0 2 3
-0.0151786653289712 0 2 0 3 0 3 2
-0.0560892146915562 0 2 0 3 1 0 2
0.1028733166260278 0 2 0 3 1 1 2
0.0044692239933438 0 2 0 3 1 2 0
-0.0097493389366843 0 2 0 3 1 2 1
0.1920522174810693 0 2 0 3 1 2 3
0.0272484714619069 0 2 0 3 1 3 2
0.1366545179435348 0 2 0 3 2 0 0
0.1097730788466075 0 2 0 3 2 0 1
0.1081037444440209 0 2 0 3 2 0 3
0.1128349568896542 0 2 0 3 2 1 0
0.04113529067433 0 2 0 3 2 1 1
0.0926927567017234 0 2 0 3 2 1 3
0.0297957379548186 0 2 0 3 2 2 2
-0.0588872386061137 0 2 0 3 2 3 0
-0.1162487530541342 0 2 0 3 2 3 1
0.0187973605815213 0 2 0 3 2 3 3
0.0744114676214444 0 2 0 3 3 0 2
0.0367406735899672 0 2 0 3 3 1 2
-0.0266360648154207 0 2 0 3 3 2 0
-0.2003072298640832 0 2 0 3 3 2 1
-0.1427543517672416 0 2 0 3 3 2 3
-0.0097811310402344 0 2 0 3 3 3 2
-0.0808691163285201 0 2 1 0 0 0 2
-0.1078053758083809 0 2 1 0 0 1 2
0.055182015940686 0 2 1 0 0 2 0
-0.0699701838053393 0 2 1 0 0 2 1
0.0417430338741438 0 2 1 0 0 2 3
-0.0379459461139909 0 2 1 0 0 3 2
-0.0411984748786243 0 2 1 0 1 0 2
-0.0318403307063088 0 2 1 0 1 1 2
0.0009782536731009 0 2 1 0 1 2 0
0.1285051894950405 0 2 1 0 1 2 1
0.0836875567983006 0 2 1 0 1 2 3
0.0625383633053839 0 2 1 0 1 3 2
0.0685138968311022 0 2 1 0 2 0 0
0.0519171110414829 0 2 1 0 2 0 1
0.0475453970958296 0 2 1 0 2 0 3
0.001350036177217 0 2 1 0 2 1 0
-0.0816706437524991 0 2 1 0 2 1 1
0.2249504400816102 0 2 1 0 2 1 3
-0.08740832008755 0 2 1 0 2 2 2
-0.0004965297747096 0 2 1 0 2 3 0
0.00117124588698 0 2 1 0 2 3 1
0.0290550040406865 0 2 1 0 2 3 3
-0.1916884654677699 0 2 1 0 3 0 2
-0.094445878486895 0 2 1 0 3 1 2
-0.037184532243259 0 2 1 0 3 2 0
-0.15653559315583 0 2 1 0 3 2 1
-0.0540034415189568 0 2 1 0 3 2 3
-0.0162305031185143 0 2 1 0 3 3 2
-0.0423733564222088 0 2 1 1 0 0 2
0.0182243993845156 0 2 1 1 0 1 2
0.2236893933525929 0 2 1 1 0 2 0
-0.0093728440541801 0 2 1 1 0 2 1
-0.0325953394053416 0 2 1 1 0 2 3
-0.1121731844960846 0 2 1 1 0 3 2
-0.0748180571182436 0 2 1 1 1 0 2
0.064978411532221 0 2 1 1 1 1 2
-0.0214560096157893 0 2 1 1 1 2 0
0.009288202805302 0 2 1 1 1 2 1
-0.0192014279408169 0 2 1 1 1 2 3
0.0570699992011841 0 2 1 1 1 3 2
0.0742197686629331 0 2 1 1 2 0 0
0.0485860761425816 0 2 1 1 2 0 1
0.1346682985468385 0 2 1 1 2 0 3
0.2021184947665062 0 2 1 1 2 1 0
-0.1530926514360461 0 2 1 1 2 1 1
0.090848482634668 0 2 1 1 2 1 3
-0.0162683113452689 0 2 1 1 2 2 2
-0.0691946119185557 0 2 1 1 2 3 0
0.0644045588963218 0 2 1 1 2 3 1
-0.0154472296357788 0 2 1 1 2 3 3
0.0105769244445213 0 2 1 1 3 0 2
0.0157862457936172 0 2 1 1 3 1 2
0.0453606438614175 0 2 1 1 3 2 0
-0.2279985210262903 0 2 1 1 3 2 1
-0.0072367013943849 0 2 1 1 3 2 3
-0.0748073928187092 0 2 1 1 3 3 2
0.0815819996961112 0 2 1 2 0 0 0
-0.0774287687800606 0 2 1 2 0 0 1
0.0989523507286432 0 2 1 2 0 0 3
0.0341548293359824 0 2 1 2 0 1 0
-0.0780655406725207 0 2 1 2 0 1 1
0.0026441854091505 0 2 1 2 0 1 3
0.006631094939471 0 2 1 2 0 2 2
0.0144332970327345 0 2 1 2 0 3 0
-0.0162634701591332 0 2 1 2 0 3 1
0.0420455183529116 0 2 1 2 0 3 3
-0.0074237174540621 0 2 1 2 1 0 0
-0.0106240445065397 0 2 1 2 1 0 1
-0.1011787787355876 0 2 1 2 1 0 3
0.0185073817637324 0 2 1 2 1 1 0
-0.0966811949931469 0 2 1 2 1 1 1
0.1226857831174792 0 2 1 2 1 1 3
0.0622236703477164 0 2 1 2 1 2 2
-0.0913077221574094 0 2 1 2 1 3 0
0.0182058847507648 0 2 1 2 1 3 1
-0.1657503418866632 0 2 1 2 1 3 3
0.0975624203943499 0 2 1 2 2 0 2
0.029216547543727 0 2 1 2 2 1 2
-0.182339254942065 0 2 1 2 2 2 0
0.0437578720828025 0 2 1 2 2 2 1
0.0194058077009194 0 2 1 2 2 2 3
0.0459810630888417 0 2 1 2 2 3 2
-0.0349613018795409 0 2 1 2 3 0 0
0.0426466224870054 0 2 1 2 3 0 1
0.2003820754772273 0 2 1 2 3 0 3
-0.1371101381588825 0 2 1 2 3 1 0
0.0961945848429028 0 2 1 2 3 1 1
0.0982598273105795 0 2 1 2 3 1 3
0.0397807000652147 0 2 1 2 3 2 2
0.0385774485156761 0 2 1 2 3 3 0
0.0393430281689886 0 2 1 2 3 3 1
0.1432736988247086 0 2 1 2 3 3 3
0.0099554104771104 0 2 1 3 0 0 2
-0.0257804355411116 0 2 1 3 0 1 2
-0.0650956282717571 0 2 1 3 0 2 0
0.013654705026833 0 2 1 3 0 2 1
-0.0251788039810151 0 2 1 3 0 2 3
-0.0969772126401628 0 2 1 3 0 3 2
-0.0227254726741632 0 2 1 3 1 0 2
-0.1391012023369055 0 2 1 3 1 1 2
-0.1439801645790171 0 2 1 3 1 2 0
-0.071379119226431 0 2 1 3 1 2 1
0.0757050032060346 0 2 1 3 1 2 3
-0.1048295938698179 0 2 1 3 1 3 2
-0.0595304270480132 0 2 1 3 2 0 0
0.0912189779400415 0 2 1 3 2 0 1
-0.1953959871076384 0 2 1 3 2 0 3
0.0842902367843314 0 2 1 3 2 1 0
-0.0136730845794267 0 2 1 3 2 1 1
0.1874965794398329 0 2 1 3 2 1 3
-0.1025015694864799 0 2 1 3 2 2 2
-0.0593658427796194 0 2 1 3 2 3 0
-0.0324694316865815 0 2 1 3 2 3 1
-0.0912218909268665 0 2 1 3 2 3 3
0.0717315869975226 0 2 1 3 3 0 2
0.0260019924157574 0 2 1 3 3 1 2
0.0202736433995086 0 2 1 3 3 2 0
-0.114139801818965 0 2 1 3 3 2 1
-0.0688355119160931 0 2 1 3 3 2 3
-0.0953948821835266 0 2 1 3 3 3 2
0.0434529929504275 0 2 2 0 0 0 0
0.0552461754495689 0 2 2 0 0 0 1
-0.0794081593649674 0 2 2 0 0 0 3
-0.0033682203149839 0 2 2 0 0 1 0
-0.0651044733162069 0 2 2 0 0 1 1
0.1442511212483566 0 2 2 0 0 1 3
0.1235176770031104 0 2 2 0 0 2 2
-0.0506613256662036 0 2 2 0 0 3 0
-0.0497960638936427 0 2 2 0 0 3 1
0.2606428840165271 0 2 2 0 0 3 3
0.0006862378715827 0 2 2 0 1 0 0
0.1248968904664701 0 2 2 0 1 0 1
-0.1613767549384114 0 2 2 0 1 0 3
0.0298650830277845 0 2 2 0 1 1 0
-0.1251963128947438 0 2 2 0 1 1 1
0.1141674729372215 0 2 2 0 1 1 3
-0.0536286546834358 0 2 2 0 1 2 2
0.0760056064337936 0 2 2 0 1 3 0
-0.0216332795989967 0 2 2 0 1 3 1
-0.0699300955258223 0 2 2 0 1 3 3
-0.156173647000192 0 2 2 0 2 0 2
0.0703796605834876 0 2 2 0 2 1 2
-0.0004993309257211 0 2 2 0 2 2 0
-0.1279982324324966 0 2 2 0 2 2 1
-0.0212893885532428 0 2 2 0 2 2 3
-0.0316129095418471 0 2 2 0 2 3 2
0.080391692888655 0 2 2 0 3 0 0
-0.0057051894969372 0 2 2 0 3 0 1
0.0845188493613427 0 2 2 0 3 0 3
-0.0214021536211038 0 2 2 0 3 1 0
-0.0032992975481675 0 2 2 0 3 1 1
-0.0665816136411279 0 2 2 0 3 1 3
-0.048443273018235 0 2 2 0 3 2 2
0.060017222273585 0 2 2 0 3 3 0
-0.1745163596601463 0 2 2 0 3 3 1
0.0456005848722353 0 2 2 0 3 3 3
0.010194081085996 0 2 2 1 0 0 0
-0.1503100438289945 0 2 2 1 0 0 1
-0.1168801887783774 0 2 2 1 0 0 3
-0.0166812063118134 0 2 2 1 0 1 0
0.0708204055007062 0 2 2 1 0 1 1
-0.1173285315365989 0 2 2 1 0 1 3
0.1179725995464708 0 2 2 1 0 2 2
-0.0089931451490761 0 2 2 1 0 3 0
0.0028147442313664 0 2 2 1 0 3 1
0.0528842139658467 0 2 2 1 0 3 3
0.0354703493049775 0 2 2 1 1 0 0
0.0618323066256371 0 2 2 1 1 0 1
0.127796130295616 0 2 2 1 1 0 3
-0.112839401982062 0 2 2 1 1 1 0
0.0025152663308204 0 2 2 1 1 1 1
0.1769857025041727 0 2 2 1 1 1 3
0.0066703830612025 0 2 2 1 1 2 2
-0.0331967761300843 0 2 2 1 1 3 0
-0.0192127683878567 0 2 2 1 1 3 1
0.028481774757762 0 2 2 1 1 3 3
-0.1398379109001013 0 2 2 1 2 0 2
-0.0077643571823846 0 2 2 1 2 1 2
0.0447367715425512 0 2 2 1 2 2 0
-0.0970712976028881 0 2 2 1 2 2 1
-0.2275559286851844 0 2 2 1 2 2 3
0.0198945105283611 0 2 2 1 2 3 2
0.0750089035629056 0 2 2 1 3 0 0
0.1099276322735615 0 2 2 1 3 0 1
-0.1310588991810412 0 2 2 1 3 0 3
0.1296283349339763 0 2 2 1 3 1 0
-0.1744803228399142 0 2 2 1 3 1 1
-0.1265739160458595 0 2 2 1 3 1 3
0.0679761231606786 0 2 2 1 3 2 2
-0.0128017471211567 0 2 2 1 3 3 0
0.0204605260579505 0 2 2 1 3 3 1
-0.1124635926872574 0 2 2 1 3 3 3
-0.0386374242667243 0 2 2 2 0 0 2
-0.0069135700184882 0 2 2 2 0 1 2
-0.0047770290026886 0 2 2 2 0 2 0
-0.0044152138266865 0 2 2 2 0 2 1
0.0537143738566364 0 2 2 2 0 2 3
-0.0476648807238651 0 2 2 2 0 3 2
0.1493405712069079 0 2 2 2 1 0 2
0.0211268510245072 0 2 2 2 1 1 2
-0.1458539687087189 0 2 2 2 1 2 0
-0.0047808031467187 0 2 2 2 1 2 1
-0.0386988896177296 0 2 2 2 1 2 3
-0.1394411294365066 0 2 2 2 1 3 2
-0.0838766940559006 0 2 2 2 2 0 0
-0.0264179038358062 0 2 2 2 2 0 1
-0.084319751759907 0 2 2 2 2 0 3
-0.0739822981602545 0 2 2 2 2 1 0
0.0461405278499802 0 2 2 2 2 1 1
-0.0486334651698158 0 2 2 2 2 1 3
0.0765776118593084 0 2 2 2 2 2 2
-0.1038839150041987 0 2 2 2 2 3 0
0.015286226663732 0 2 2 2 2 3 1
-0.2095682578831836 0 2 2 2 2 3 3
0.0449415051168316 0 2 2 2 3 0 2
0.048822646568695 0 2 2 2 3 1 2
-0.1494731646074295 0 2 2 2 3 2 0
0.0464017374315138 0 2 2 2 3 2 1
0.0456187309431351 0 2 2 2 3 2 3
-0.0176736467879496 0 2 2 2 3 3 2
-0.0718876780814755 0 2 2 3 0 0 0
0.1261698028427793 0 2 2 3 0 0 1
-0.2115046761773473 0 2 2 3 0 0 3
-0.0940612586000393 0 2 2 3 0 1 0
0.1112594367769525 0 2 2 3 0 1 1
-0.0431688374207215 0 2 2 3 0 1 3
-0.0008901409632944 0 2 2 3 0 2 2
-0.0010288988318068 0 2 2 3 0 3 0
-0.0026899732083023 0 2 2 3 0 3 1
0.0158603336856492 0 2 2 3 0 3 3
0.1550118473519997 0 2 2 3 1 0 0
0.0577907105938348 0 2 2 3 1 0 1
0.0656661905263125 0 2 2 3 1 0 3
0.0939229860887756 0 2 2 3 1 1 0
0.0485712861040839 0 2 2 3 1 1 1
-0.0297093728436008 0 2 2 3 1 1 3
-0.1987771859651684 0 2 2 3 1 2 2
0.0873512275111184 0 2 2 3 1 3 0
-0.0840947877886848 0 2 2 3 1 3 1
0.086243484799833 0 2 2 3 1 3 3
-0.0438938255623729 0 2 2 3 2 0 2
0.0281668321156099 0 2 2 3 2 1 2
0.0682640551400055 0 2 2 3 2 2 0
-0.0438194709098686 0 2 2 3 2 2 1
0.0054625997023181 0 2 2 3 2 2 3
-0.1493420987004249 0 2 2 3 2 3 2
-0.0255671739301793 0 2 2 3 3 0 0
-0.018547922154226 0 2 2 3 3 0 1
-0.0118409544599596 0 2 2 3 3 0 3
0.2439899720308427 0 2 2 3 3 1 0
0.1577154770410492 0 2 2 3 3 1 1
0.277022039141131 0 2 2 3 3 1 3
0.0931191979298341 0 2 2 3 3 2 2
-0.0092001809033279 0 2 2 3 3 3 0
-0.0073476382164485 0 2 2 3 3 3 1
0.0729080907465876 0 2 2 3 3 3 3
0.0950790063082589 0 2 3 0 0 0 2
0.1680220439516751 0 2 3 0 0 1 2
0.0133842746186317 0 2 3 0 0 2 0
0.0380279030968964 0 2 3 0 0 2 1
-0.0257311321199546 0 2 3 0 0 2 3
-0.0204710760280911 0 2 3 0 0 3 2
-0.0329638026108131 0 2 3 0 1 0 2
0.0084315682022852 0 2 3 0 1 1 2
-0.0190806131501339 0 2 3 0 1 2 0
-0.0095877087903342 0 2 3 0 1 2 1
-0.1027365481273436 0 2 3 0 1 2 3
-0.0921443628765628 0 2 3 0 1 3 2
-0.1381598085121883 0 2 3 0 2 0 0
0.0226434104719658 0 2 3 0 2 0 1
-0.0299543893572049 0 2 3 0 2 0 3
0.0603519881522919 0 2 3 0 2 1 0
0.0364843822459663 0 2 3 0 2 1 1
0.1354190174118757 0 2 3 0 2 1 3
-0.0336007390737293 0 2 3 0 2 2 2
0.0399600964731039 0 2 3 0 2 3 0
-0.0430116672807668 0 2 3 0 2 3 1
0.0310787217501109 0 2 3 0 2 3 3
0.0301806034615886 0 2 3 0 3 0 2
-0.0932307104370597 0 2 3 0 3 1 2
-0.032126936297597 0 2 3 0 3 2 0
0.0893000632304944 0 2 3 0 3 2 1
0.1455286872134218 0 2 3 0 3 2 3
0.1241388661620513 0 2 3 0 3 3 2
-0.1116032654731247 0 2 3 1 0 0 2
0.0656957431801179 0 2 3 1 0 1 2
-0.1588612206556555 0 2 3 1 0 2 0
-0.1614690537300159 0 2 3 1 0 2 1
-0.0844659875818897 0 2 3 1 0 2 3
-0.0284681086181517 0 2 3 1 0 3 2
-0.0028582304564839 0 2 3 1 1 0 2
-0.0426967429272567 0 2 3 1 1 1 2
0.0034836006487157 0 2 3 1 1 2 0
-0.0390362625330785 0 2 3 1 1 2 1
-0.0441487547244759 0 2 3 1 1 2 3
0.1307590665602618 0 2 3 1 1 3 2
-0.0840561180392565 0 2 3 1 2 0 0
0.0213711832610206 0 2 3 1 2 0 1
-0.0544266154225272 0 2 3 1 2 0 3
0.0157458102984118 0 2 3 1 2 1 0
-0.0107480281241964 0 2 3 1 2 1 1
0.0964894653793571 0 2 3 1 2 1 3
0.0754707933450739 0 2 3 1 2 2 2
-0.0306938494081126 0 2 3 1 2 3 0
-0.0135400221404536 0 2 3 1 2 3 1
0.1114295435308986 0 2 3 1 2 3 3
0.115575521079116 0 2 3 1 3 0 2
-0.0852934704762769 0 2 3 1 3 1 2
0.1001103001073791 0 2 3 1 3 2 0
0.1316677264490446 0 2 3 1 3 2 1
-0.0327720933494365 0 2 3 1 3 2 3
-0.0081305339237807 0 2 3 1 3 3 2
0.1202843567186583 0 2 3 2 0 0 0
0.0233362347848774 0 2 3 2 0 0 1
-0.2197050316627244 0 2 3 2 0 0 3
0.0367522547760083 0 2 3 2 0 1 0
0.0155390783629424 0 2 3 2 0 1 1
-0.0810791521270649 0 2 3 2 0 1 3
-0.0643477574531955 0 2 3 2 0 2 2
-0.0065215246587029 0 2 3 2 0 3 0
-0.0400182613968286 0 2 3 2 0 3 1
0.0565667409169387 0 2 3 2 0 3 3
0.0130623320548272 0 2 3 2 1 0 0
0.102897349504578 0 2 3 2 1 0 1
-0.083419195860013 0 2 3 2 1 0 3
0.0635462020694028 0 2 3 2 1 1 0
0.0638810471734683 0 2 3 2 1 1 1
0.0094407577080208 0 2 3 2 1 1 3
-0.0489997482349074 0 2 3 2 1 2 2
0.1344658573358047 0 2 3 2 1 3 0
0.0479663185546318 0 2 3 2 1 3 1
0.0557102335000894 0 2 3 2 1 3 3
0.0508869876591567 0 2 3 2 2 0 2
-0.0192188632490905 0 2 3 2 2 1 2
0.1843606544168759 0 2 3 2 2 2 0
0.0102488636625379 0 2 3 2 2 2 1
0.1476076509733696 0 2 3 2 2 2 3
-0.145881522450842 0 2 3 2 2 3 2
-0.1198142980397179 0 2 3 2 3 0 0
0.0192583093543583 0 2 3 2 3 0 1
-0.0104724140853197 0 2 3 2 3 0 3
0.1486480495850508 0 2 3 2 3 1 0
0.0500773556025568 0 2 3 2 3 1 1
0.1856867005051125 0 2 3 2 3 1 3
-0.0878604723725244 0 2 3 2 3 2 2
-0.0071463314986797 0 2 3 2 3 3 0
0.1459685887664827 0 2 3 2 3 3 1
-0.1572992589722894 0 2 3 2 3 3 3
0.0808662502510617 0 2 3 3 0 0 2
0.2030021452913367 0 2 3 3 0 1 2
0.0909714472560926 0 2 3 3 0 2 0
0.0714186408863013 0 2 3 3 0 2 1
-0.1810744433054227 0 2 3 3 0 2 3
0.1338981886893521 0 2 3 3 0 3 2
0.1374465641607001 0 2 3 3 1 0 2
-0.0720937478918793 0 2 3 3 1 1 2
-0.0301030461115939 0 2 3 3 1 2 0
0.0621886542178283 0 2 3 3 1 2 1
-0.0133672984559747 0 2 3 3 1 2 3
0.0291509355274179 0 2 3 3 1 3 2
0.0341236128095531 0 2 3 3 2 0 0
0.1294952163038921 0 2 3 3 2 0 1
0.0504745085389207 0 2 3 3 2 0 3
0.0497017268565314 0 2 3 3 2 1 0
0.0725273302064096 0 2 3 3 2 1 1
0.1155719501633717 0 2 3 3 2 1 3
0.0018282276710646 0 2 3 3 2 2 2
-0.0401115176619968 0 2 3 3 2 3 0
0.0531462620189145 0 2 3 3 2 3 1
-0.1745911715202752 0 2 3 3 2 3 3
-0.0797511580212486 0 2 3 3 3 0 2
0.0381656761545682 0 2 3 3 3 1 2
-0.0663228413174014 0 2 3 3 3 2 0
0.0688705918838791 0 2 3 3 3 2 1
0.153009129684532 0 2 3 3 3 2 3
-0.0104456556734244 0 2 3 3 3 3 2
-0.0442019532246437 0 3 0 0 0 0 0
-0.0635065982505574 0 3 0 0 0 0 1
-0.1062003897068249 0 3 0 0 0 0 3
-0.0183437944755211 0 3 0 0 0 1 0
-0.1256683708598242 0 3 0 0 0 1 1
0.1080643298133037 0 3 0 0 0 1 3
0.0483231735204222 0 3 0 0 0 2 2
-0.1725257775213847 0 3 0 0 0 3 0
-0.0786613834171793 0 3 0 0 0 3 1
0.0129959450151624 0 3 0 0 0 3 3
0.0329245730052948 0 3 0 0 1 0 0
-0.0782554717008914 0 3 0 0 1 0 1
0.0292508892966991 0 3 0 0 1 0 3
0.005384920109219 0 3 0 0 1 1 0
0.0458754364089953 0 3 0 0 1 1 1
-0.0901774021313602 0 3 0 0 1 1 3
0.2334774453626456 0 3 0 0 1 2 2
-0.0652863220649047 0 3 0 0 1 3 0
0.013500339001884 0 3 0 0 1 3 1
0.0294539669771029 0 3 0 0 1 3 3
-0.0567922149477179 0 3 0 0 2 0 2
-0.0354719301123567 0 3 0 0 2 1 2
-0.1834422388215732 0 3 0 0 2 2 0
0.0351985126821339 0 3 0 0 2 2 1
-0.0370418741282494 0 3 0 0 2 2 3
-0.053214936299499 0 3 0 0 2 3 2
0.0536858547303949 0 3 0 0 3 0 0
-0.0510066001735579 0 3 0 0 3 0 1
-0.032213450799361 0 3 0 0 3 0 3
-0.0163675018882531 0 3 0 0 3 1 0
0.1393171149308397 0 3 0 0 3 1 1
-0.0613812538450903 0 3 0 0 3 1 3
0.0435306386238202 0 3 0 0 3 2 2
-0.056795661456004 0 3 0 0 3 3 0
0.1176900636076034 0 3 0 0 3 3 1
0.0418851087759474 0 3 0 0 3 3 3
-0.0006965371672126 0 3 0 1 0 0 0
-0.0048065908655051 0 3 0 1 0 0 1
0.0685828514025598 0 3 0 1 0 0 3
0.056062326853329 0 3 0 1 0 1 0
-0.0764516189242313 0 3 0 1 0 1 1
0.0391645538676469 0 3 0 1 0 1 3
-0.1132488816754476 0 3 0 1 0 2 2
0.0314054303761555 0 3 0 1 0 3 0
0.0185628882658525 0 3 0 1 0 3 1
-0.0035067938064953 0 3 0 1 0 3 3
0.0265939040958011 0 3 0 1 1 0 0
0.0951932528132645 0 3 0 1 1 0 1
0.0105994744078502 0 3 0 1 1 0 3
0.0734079351787695 0 3 0 1 1 1 0
-0.2084346261879242 0 3 0 1 1 1 1
-0.0837139110666757 0 3 0 1 1 1 3
-0.016106345451618 0 3 0 1 1 2 2
-0.1478931276893561 0 3 0 1 1 3 0
-0.0150427595814037 0 3 0 1 1 3 1
-0.074999525566595 0 3 0 1 1 3 3
0.0044509260021867 0 3 0 1 2 0 2
-0.2017367399321504 0 3 0 1 2 1 2
0.0443119530456912 0 3 0 1 2 2 0
0.0709697047345483 0 3 0 1 2 2 1
0.0437619914500492 0 3 0 1 2 2 3
-0.0648609143573907 0 3 0 1 2 3 2
-0.0110050288805675 0 3 0 1 3 0 0
0.0798608488793716 0 3 0 1 3 0 1
-0.1056559672865925 0 3 0 1 3 0 3
-0.0003839366404848 0 3 0 1 3 1 0
0.0276524186210586 0 3 0 1 3 1 1
0.0032058335665607 0 3 0 1 3 1 3
0.1326326141737371 0 3 0 1 3 2 2
-0.2996812171139188 0 3 0 1 3 3 0
0.0180283005160265 0 3 0 1 3 3 1
0.0162707362937144 0 3 0 1 3 3 3
0.0062562452253075 0 3 0 2 0 0 2
-0.0312742067293058 0 3 0 2 0 1 2
0.0852248616451977 0 3 0 2 0 2 0
0.0263081267382798 0 3 0 2 0 2 1
0.0529210767812362 0 3 0 2 0 2 3
0.0853831701252848 0 3 0 2 0 3 2
-0.0049945117261076 0 3 0 2 1 0 2
0.0267765053051301 0 3 0 2 1 1 2
0.045699530961329 0 3 0 2 1 2 0
-0.0157698224885565 0 3 0 2 1 2 1
0.0005069165822578 0 3 0 2 1 2 3
0.0642848362596283 0 3 0 2 1 3 2
0.0297172057855949 0 3 0 2 2 0 0
-0.0145716724425348 0 3 0 2 2 0 1
-0.0431358297783703 0 3 0 2 2 0 3
0.1285758841464487 0 3 0 2 2 1 0
-0.0569000196276887 0 3 0 2 2 1 1
-0.0201133632851453 0 3 0 2 2 1 3
-0.0612774429428406 0 3 0 2 2 2 2
-0.0001528655368678 0 3 0 2 2 3 0
-0.020347823853512 0 3 0 2 2 3 1
-0.0975607982167987 0 3 0 2 2 3 3
0.0894942662098647 0 3 0 2 3 0 2
-0.0298147706679566 0 3 0 2 3 1 2
-0.0391329194551797 0 3 0 2 3 2 0
0.1296579885027412 0 3 0 2 3 2 1
0.0927021323567717 0 3 0 2 3 2 3
0.0735653209229899 0 3 0 2 3 3 2
0.1243160754339178 0 3 0 3 0 0 0
0.0232096031081454 0 3 0 3 0 0 1
0.0860018139341802 0 3 0 3 0 0 3
-0.1474874172096142 0 3 0 3 0 1 0
-0.1652317574600026 0 3 0 3 0 1 1
0.0391707091760832 0 3 0 3 0 1 3
0.1852002738759579 0 3 0 3 0 2 2
0.0764199560962107 0 3 0 3 0 3 0
-0.0769411049966164 0 3 0 3 0 3 1
0.1828877337219051 0 3 0 3 0 3 3
0.0614101191565249 0 3 0 3 1 0 0
0.0517468171699062 0 3 0 3 1 0 1
0.0623561115103447 0 3 0 3 1 0 3
-0.0393879558479996 0 3 0 3 1 1 0
0.1751038146883242 0 3 0 3 1 1 1
0.0297751771163962 0 3 0 3 1 1 3
0.0226765929512094 0 3 0 3 1 2 2
0.0699033987990299 0 3 0 3 1 3 0
0.1305548065413288 0 3 0 3 1 3 1
0.0393349708749701 0 3 0 3 1 3 3
0.0315215581480397 0 3 0 3 2 0 2
-0.2135613566829142 0 3 0 3 2 1 2
-0.0808685539626861 0 3 0 3 2 2 0
-0.0016108916937023 0 3 0 3 2 2 1
-0.152004036438908 0 3 0 3 2 2 3
0.0250298460608242 0 3 0 3 2 3 2
-0.0853107667677942 0 3 0 3 3 0 0
0.0295857684940027 0 3 0 3 3 0 1
0.0563829576400415 0 3 0 3 3 0 3
-0.1452459483726649 0 3 0 3 3 1 0
-0.2133177255470833 0 3 0 3 3 1 1
-0.0225748437196453 0 3 0 3 3 1 3
-0.0923772439151244 0 3 0 3 3 2 2
-0.0933423383421298 0 3 0 3 3 3 0
-0.0435803326707339 0 3 0 3 3 3 1
0.0085394833231492 0 3 0 3 3 3 3
0.0675657872440221 0 3 1 0 0 0 0
-0.0341899496641507 0 3 1 0 0 0 1
0.0870903579559379 0 3 1 0 0 0 3
0.0118834185031979 0 3 1 0 0 1 0
-0.1271861791278359 0 3 1 0 0 1 1
0.0798183984433752 0 3 1 0 0 1 3
0.0754498146433906 0 3 1 0 0 2 2
0.0729737683002907 0 3 1 0 0 3 0
0.0082264876172669 0 3 1 0 0 3 1
-0.1717660125375929 0 3 1 0 0 3 3
-0.1348780249294828 0 3 1 0 1 0 0
-0.0301664299120439 0 3 1 0 1 0 1
-0.172443989139213 0 3 1 0 1 0 3
-0.0401187293659216 0 3 1 0 1 1 0
0.1429528787398765 0 3 1 0 1 1 1
0.0072219420637548 0 3 1 0 1 1 3
0.0343813754846461 0 3 1 0 1 2 2
-0.0478473938347627 0 3 1 0 1 3 0
0.029101349986326 0 3 1 0 1 3 1
0.107625024459345 0 3 1 0 1 3 3
0.1324755135345468 0 3 1 0 2 0 2
-0.1590780599444371 0 3 1 0 2 1 2
-0.2480818609001222 0 3 1 0 2 2 0
-0.0624060596507374 0 3 1 0 2 2 1
-0.1180810402785306 0 3 1 0 2 2 3
0.0446271223658612 0 3 1 0 2 3 2
0.2624999432733936 0 3 1 0 3 0 0
0.1719029822163872 0 3 1 0 3 0 1
0.0394054857443609 0 3 1 0 3 0 3
0.1162947864664731 0 3 1 0 3 1 0
-0.0499700020327224 0 3 1 0 3 1 1
-0.0248186939912457 0 3 1 0 3 1 3
0.1700819914472091 0 3 1 0 3 2 2
0.0224695353287562 0 3 1 0 3 3 0
0.1505538135803691 0 3 1 0 3 3 1
0.111145865665799 0 3 1 0 3 3 3
0.028525882617662 0 3 1 1 0 0 0
-0.062382249403462 0 3 1 1 0 0 1
0.0188418661717076 0 3 1 1 0 0 3
0.1531956663111138 0 3 1 1 0 1 0
-0.0200618670378414 0 3 1 1 0 1 1
-0.0983098852141885 0 3 1 1 0 1 3
-0.0787591286274493 0 3 1 1 0 2 2
-0.1520016386312076 0 3 1 1 0 3 0
-0.0152388662115275 0 3 1 1 0 3 1
-0.1220175008494211 0 3 1 1 0 3 3
0.1723596020382691 0 3 1 1 1 0 0
0.0142331182747493 0 3 1 1 1 0 1
0.0803378751052757 0 3 1 1 1 0 3
0.1126232317643357 0 3 1 1 1 1 0
0.0300810493802016 0 3 1 1 1 1 1
-0.0007577469869441 0 3 1 1 1 1 3
-0.0024596370093334 0 3 1 1 1 2 2
0.0461285089267849 0 3 1 1 1 3 0
-0.110518129528636 0 3 1 1 1 3 1
-0.0189522509813459 0 3 1 1 1 3 3
0.0200461300574976 0 3 1 1 2 0 2
-0.1045687204134892 0 3 1 1 2 1 2
-0.0818914841972752 0 3 1 1 2 2 0
-0.0931902777464988 0 3 1 1 2 2 1
-0.0655368134658918 0 3 1 1 2 2 3
-0.1124083635319046 0 3 1 1 2 3 2
0.0456936719187668 0 3 1 1 3 0 0
-0.1614757306622531 0 3 1 1 3 0 1
0.0204696594617447 0 3 1 1 3 0 3
0.1367613280457907 0 3 1 1 3 1 0
0.1130866735688954 0 3 1 1 3 1 1
-0.0125452908567028 0 3 1 1 3 1 3
-0.1395783534287843 0 3 1 1 3 2 2
0.0497860392825065 0 3 1 1 3 3 0
-0.1230650815396928 0 3 1 1 3 3 1
0.0907612004730668 0 3 1 1 3 3 3
-0.0163548014247869 0 3 1 2 0 0 2
-0.0050917839672597 0 3 1 2 0 1 2
-0.1424183776110691 0 3 1 2 0 2 0
0.1074911697667005 0 3 1 2 0 2 1
0.0738016405547047 0 3 1 2 0 2 3
0.0373927475273825 0 3 1 2 0 3 2
-0.0933578114050941 0 3 1 2 1 0 2
-0.0339322678290882 0 3 1 2 1 1 2
-0.0824876785076878 0 3 1 2 1 2 0
-0.1519205335146182 0 3 1 2 1 2 1
0.0374598517918888 0 3 1 2 1 2 3
0.1200182598452359 0 3 1 2 1 3 2
-0.0862894049536106 0 3 1 2 2 0 0
0.1844721429442578 0 3 1 2 2 0 1
-0.1541451563572047 0 3 1 2 2 0 3
0.0109101937230398 0 3 1 2 2 1 0
0.0157618212416746 0 3 1 2 2 1 1
-0.0495853058115958 0 3 1 2 2 1 3
-0.0505074340590606 0 3 1 2 2 2 2
-0.0735608304683904 0 3 1 2 2 3 0
0.0207220728336266 0 3 1 2 2 3 1
-0.173667739671936 0 3 1 2 2 3 3
-0.0020896354546907 0 3 1 2 3 0 2
-0.0090612717332038 0 3 1 2 3 1 2
0.0877137467340134 0 3 1 2 3 2 0
0.1304438961231027 0 3 1 2 3 2 1
-0.0459588225140914 0 3 1 2 3 2 3
-0.008952087142412 0 3 1 2 3 3 2
0.078548659784091 0 3 1 3 0 0 0
-0.1170458249000466 0 3 1 3 0 0 1
0.0093579350455255 0 3 1 3 0 0 3
-0.060393563135347 0 3 1 3 0 1 0
-0.0465640003956609 0 3 1 3 0 1 1
0.1194235135738248 0 3 1 3 0 1 3
-0.0530480856866636 0 3 1 3 0 2 2
0.1387518848214831 0 3 1 3 0 3 0
-0.0009798137081593 0 3 1 3 0 3 1
-0.0695543295430556 0 3 1 3 0 3 3
-0.0102324720012341 0 3 1 3 1 0 0
0.0801692924924818 0 3 1 3 1 0 1
0.0647938022932362 0 3 1 3 1 0 3
-0.0229877775592096 0 3 1 3 1 1 0
0.0254689219200503 0 3 1 3 1 1 1
0.0377488856081073 0 3 1 3 1 1 3
0.058615224259056 0 3 1 3 1 2 2
0.1442025558545459 0 3 1 3 1 3 0
-0.0502614062955564 0 3 1 3 1 3 1
0.0622147059360287 0 3 1 3 1 3 3
0.0373737482519232 0 3 1 3 2 0 2
0.0743235931962973 0 3 1 3 2 1 2
-0.1260959706531514 0 3 1 3 2 2 0
-0.1207392268751348 0 3 1 3 2 2 1
0.0382072975443364 0 3 1 3 2 2 3
-0.0378478853887597 0 3 1 3 2 3 2
0.1435603131281162 0 3 1 3 3 0 0
-0.0062087396847134 0 3 1 3 3 0 1
0.0070681769336173 0 3 1 3 3 0 3
-0.1329332071865896 0 3 1 3 3 1 0
0.0546032801417635 0 3 1 3 3 1 1
-0.0173123284001775 0 3 1 3 3 1 3
0.0265778534740279 0 3 1 3 3 2 2
-0.0179730881870956 0 3 1 3 3 3 0
0.1275930867559017 0 3 1 3 3 3 1
0.0926676270285561 0 3 1 3 3 3 3
0.2192783531067658 0 3 2 0 0 0 2
0.0448011979792117 0 3 2 0 0 1 2
-0.0570240884402812 0 3 2 0 0 2 0
-0.1645275354026447 0 3 2 0 0 2 1
-0.208539403028325 0 3 2 0 0 2 3
-0.1035227901609202 0 3 2 0 0 3 2
0.1291623249223182 0 3 2 0 1 0 2
0.0552324195472926 0 3 2 0 1 1 2
0.0227608229310596 0 3 2 0 1 2 0
0.2236307128988942 0 3 2 0 1 2 1
0.1432121543103498 0 3 2 0 1 2 3
0.0555950144376646 0 3 2 0 1 3 2
0.0743628618642145 0 3 2 0 2 0 0
0.0701728325392339 0 3 2 0 2 0 1
-0.1179114320742399 0 3 2 0 2 0 3
-0.0815090777039943 0 3 2 0 2 1 0
0.0056698814243641 0 3 2 0 2 1 1
-0.0739761381325983 0 3 2 0 2 1 3
0.111013747379938 0 3 2 0 2 2 2
-0.193798278466202 0 3 2 0 2 3 0
-0.0064656642579195 0 3 2 0 2 3 1
0.0853995130216999 0 3 2 0 2 3 3
0.0183170349838067 0 3 2 0 3 0 2
-0.0030711229676586 0 3 2 0 3 1 2
0.040743765611922 0 3 2 0 3 2 0
0.0598541629194078 0 3 2 0 3 2 1
-0.193993939796954 0 3 2 0 3 2 3
0.070756276068642 0 3 2 0 3 3 2
0.092175943763685 0 3 2 1 0 0 2
-0.0896396740973385 0 3 2 1 0 1 2
-0.0850311739079322 0 3 2 1 0 2 0
-0.1303283873342134 0 3 2 1 0 2 1
-0.0501291950918036 0 3 2 1 0 2 3
0.0633069692906264 0 3 2 1 0 3 2
0.073452619441577 0 3 2 1 1 0 2
0.0072813151864197 0 3 2 1 1 1 2
0.0212829331869716 0 3 2 1 1 2 0
-0.1320036197605085 0 3 2 1 1 2 1
0.0152209429907196 0 3 2 1 1 2 3
0.009256994302638 0 3 2 1 1 3 2
0.011174123920142 0 3 2 1 2 0 0
0.0996411843345742 0 3 2 1 2 0 1
0.0191131234863766 0 3 2 1 2 0 3
-0.039916512462261 0 3 2 1 2 1 0
-0.03388499071749 0 3 2 1 2 1 1
0.0441075238923342 0 3 2 1 2 1 3
-0.1094672262593022 0 3 2 1 2 2 2
-0.0254909722021732 0 3 2 1 2 3 0
0.0973352519918692 0 3 2 1 2 3 1
-0.1631774013428509 0 3 2 1 2 3 3
-0.1190037737333983 0 3 2 1 3 0 2
-0.0253667828846216 0 3 2 1 3 1 2
-0.0475094589360182 0 3 2 1 3 2 0
0.1934232526824699 0 3 2 1 3 2 1
0.0387276408699221 0 3 2 1 3 2 3
0.0281048089063166 0 3 2 1 3 3 2
0.0790572880733632 0 3 2 2 0 0 0
0.0085414895778197 0 3 2 2 0 0 1
0.0547834649792289 0 3 2 2 0 0 3
-0.0145632039258837 0 3 2 2 0 1 0
0.0260039412411013 0 3 2 2 0 1 1
0.0368464477504051 0 3 2 2 0 1 3
0.008007964733463 0 3 2 2 0 2 2
0.2005300249195736 0 3 2 2 0 3 0
-0.0697660765506026 0 3 2 2 0 3 1
0.0168472873354393 0 3 2 2 0 3 3
0.0025361599520953 0 3 2 2 1 0 0
0.0231391540517254 0 3 2 2 1 0 1
0.0251228578658353 0 3 2 2 1 0 3
0.1017774420630931 0 3 2 2 1 1 0
0.0240207741702318 0 3 2 2 1 1 1
-0.000960438093153 0 3 2 2 1 1 3
-0.0413805654661823 0 3 2 2 1 2 2
0.082940929206371 0 3 2 2 1 3 0
0.1006289596587822 0 3 2 2 1 3 1
0.0618441108749323 0 3 2 2 1 3 3
0.0220303470417585 0 3 2 2 2 0 2
-0.1263544989381719 0 3 2 2 2 1 2
-0.099459523563986 0 3 2 2 2 2 0
0.1013461312612714 0 3 2 2 2 2 1
0.1296074755454441 0 3 2 2 2 2 3
0.0305984793436865 0 3 2 2 2 3 2
-0.1309636889925741 0 3 2 2 3 0 0
-0.0672557169513448 0 3 2 2 3 0 1
-0.0023373996764825 0 3 2 2 3 0 3
0.0609461595404546 0 3 2 2 3 1 0
0.0466019114390648 0 3 2 2 3 1 1
-0.037625706358997 0 3 2 2 3 1 3
0.031716189652718 0 3 2 2 3 2 2
0.1304062910669812 0 3 2 2 3 3 0
-0.1690971006602903 0 3 2 2 3 3 1
-0.0291545680995867 0 3 2 2 3 3 3
0.0743023734317859 0 3 2 3 0 0 2
0.0144853715167404 0 3 2 3 0 1 2
-0.131558652259479 0 3 2 3 0 2 0
0.0120420075732054 0 3 2 3 0 2 1
0.17637910159613 0 3 2 3 0 2 3
0.0960647130101066 0 3 2 3 0 3 2
0.0741225833935531 0 3 2 3 1 0 2
0.0069727983355854 0 3 2 3 1 1 2
-0.2061433386678808 0 3 2 3 1 2 0
0.043300060342391 0 3 2 3 1 2 1
-0.0699596956605873 0 3 2 3 1 2 3
-0.1023990928480962 0 3 2 3 1 3 2
-0.0941362379906977 0 3 2 3 2 0 0
0.0357160257851295 0 3 2 3 2 0 1
0.052279719732283 0 3 2 3 2 0 3
-0.1248160492560462 0 3 2 3 2 1 0
0.189051542640572 0 3 2 3 2 1 1
-0.0404481877643031 0 3 2 3 2 1 3
-0.1810970376718064 0 3 2 3 2 2 2
0.0442511067735289 0 3 2 3 2 3 0
0.1045762860233584 0 3 2 3 2 3 1
0.0185861773243107 0 3 2 3 2 3 3
0.1349658320089216 0 3 2 3 3 0 2
-0.0573764978277566 0 3 2 3 3 1 2
-0.091636096878871 0 3 2 3 3 2 0
0.0527595764329031 0 3 2 3 3 2 1
-0.0402142388468522 0 3 2 3 3 2 3
-0.0001896456485764 0 3 2 3 3 3 2
0.0242175102920496 0 3 3 0 0 0 0
-0.0948182470525022 0 3 3 0 0 0 1
0.0967578947540441 0 3 3 0 0 0 3
-0.0590083709366663 0 3 3 0 0 1 0
-0.1202375350114939 0 3 3 0 0 1 1
0.0749834717238769 0 3 3 0 0 1 3
-0.0122351279676514 0 3 3 0 0 2 2
0.2488329385434649 0 3 3 0 0 3 0
-0.036008151517657 0 3 3 0 0 3 1
0.019971726292496 0 3 3 0 0 3 3
0.0051432825478517 0 3 3 0 1 0 0
-0.0772397679893772 0 3 3 0 1 0 1
0.0151028191810891 0 3 3 0 1 0 3
0.0395434303999382 0 3 3 0 1 1 0
0.0734063260803794 0 3 3 0 1 1 1
-0.0129095658309308 0 3 3 0 1 1 3
-0.0158963338704611 0 3 3 0 1 2 2
0.0456795761959688 0 3 3 0 1 3 0
-0.1852817785028544 0 3 3 0 1 3 1
0.1235662395075171 0 3 3 0 1 3 3
0.0907606819778744 0 3 3 0 2 0 2
0.0527663743279476 0 3 3 0 2 1 2
0.0349940803729366 0 3 3 0 2 2 0
-0.0211571718327835 0 3 3 0 2 2 1
-0.060893512844185 0 3 3 0 2 2 3
-0.033620512570676 0 3 3 0 2 3 2
-0.0696399469243992 0 3 3 0 3 0 0
0.0788186905482247 0 3 3 0 3 0 1
0.2386320836536507 0 3 3 0 3 0 3
-0.0944050373328054 0 3 3 0 3 1 0
0.0192433652683217 0 3 3 0 3 1 1
-0.0683924607469622 0 3 3 0 3 1 3
-0.1718116154328689 0 3 3 0 3 2 2
-0.0174827638285589 0 3 3 0 3 3 0
0.0411857965480261 0 3 3 0 3 3 1
0.0580993889422722 0 3 3 0 3 3 3
0.0088440050961691 0 3 3 1 0 0 0
0.094468698075759 0 3 3 1 0 0 1
-0.0310880077669834 0 3 3 1 0 0 3
-0.0993458220247803 0 3 3 1 0 1 0
-0.0265355353329437 0 3 3 1 0 1 1
0.0447127760234172 0 3 3 1 0 1 3
-0.134646657373989 0 3 3 1 0 2 2
-0.1080693476966573 0 3 3 1 0 3 0
0.0656149584746431 0 3 3 1 0 3 1
0.1055424265718296 0 3 3 1 0 3 3
0.0877268184053279 0 3 3 1 1 0 0
0.1308867344754651 0 3 3 1 1 0 1
-0.0328177748778144 0 3 3 1 1 0 3
4.19895571376e-05 0 3 3 1 1 1 0
0.0465045728231362 0 3 3 1 1 1 1
0.0238635166788806 0 3 3 1 1 1 3
-0.0317448043682834 0 3 3 1 1 2 2
0.0075003588683268 0 3 3 1 1 3 0
0.1125171702430515 0 3 3 1 1 3 1
0.035781093623595 0 3 3 1 1 3 3
-0.014917871870327 0 3 3 1 2 0 2
-0.0590550765441893 0 3 3 1 2 1 2
0.0693199619982978 0 3 3 1 2 2 0
-0.1315290732907614 0 3 3 1 2 2 1
-0.082131740060357 0 3 3 1 2 2 3
-0.0789735062609985 0 3 3 1 2 3 2
-0.1077923682455816 0 3 3 1 3 0 0
-0.0459957568763257 0 3 3 1 3 0 1
0.0396884764247656 0 3 3 1 3 0 3
-0.0165435413016023 0 3 3 1 3 1 0
0.0259486587866413 0 3 3 1 3 1 1
-0.0969551313144327 0 3 3 1 3 1 3
-0.0896536057081086 0 3 3 1 3 2 2
0.1100028374284761 0 3 3 1 3 3 0
-0.1165264525615224 0 3 3 1 3 3 1
0.0747753795253363 0 3 3 1 3 3 3
0.0161276081739012 0 3 3 2 0 0 2
-0.0926664346427652 0 3 3 2 0 1 2
-0.031147547056619 0 3 3 2 0 2 0
-0.144178929774857 0 3 3 2 0 2 1
0.2060917840964766 0 3 3 2 0 2 3
-0.018245401903887 0 3 3 2 0 3 2
0.0083095286183915 0 3 3 2 1 0 2
-0.1377136530985352 0 3 3 2 1 1 2
-0.1118604400761943 0 3 3 2 1 2 0
0.0649694117439878 0 3 3 2 1 2 1
0.059637444631389 0 3 3 2 1 2 3
0.0355679598860501 0 3 3 2 1 3 2
-0.1090508802608162 0 3 3 2 2 0 0
-0.0620691356141285 0 3 3 2 2 0 1
-0.0116932662909224 0 3 3 2 2 0 3
0.0773543249359739 0 3 3 2 2 1 0
0.1266074278918488 0 3 3 2 2 1 1
-0.1204299859806483 0 3 3 2 2 1 3
-0.0616431868752393 0 3 3 2 2 2 2
0.0450952493423747 0 3 3 2 2 3 0
-0.1053850436666453 0 3 3 2 2 3 1
0.0566951243963107 0 3 3 2 2 3 3
-0.0505369715151303 0 3 3 2 3 0 2
0.0909569633934412 0 3 3 2 3 1 2
0.0001198078615578 0 3 3 2 3 2 0
-0.0570064469683136 0 3 3 2 3 2 1
-0.0002667290336066 0 3 3 2 3 2 3
0.0626544105031242 0 3 3 2 3 3 2
-0.0908979809127125 0 3 3 3 0 0 0
0.022784402769574 0 3 3 3 0 0 1
-0.0787766467771797 0 3 3 3 0 0 3
0.0188314176556502 0 3 3 3 0 1 0
-0.1055597483989711 0 3 3 3 0 1 1
0.1178289655633017 0 3 3 3 0 1 3
-0.1079939409410006 0 3 3 3 0 2 2
-0.1398239078529445 0 3 3 3 0 3 0
-0.1226046238350929 0 3 3 3 0 3 1
-0.0708983247137323 0 3 3 3 0 3 3
0.1111937324006284 0 3 3 3 1 0 0
-0.1516177077858184 0 3 3 3 1 0 1
0.2449715709375396 0 3 3 3 1 0 3
0.0845369196375949 0 3 3 3 1 1 0
0.0399360113453547 0 3 3 3 1 1 1
0.1178290664350334 0 3 3 3 1 1 3
0.089959312875351 0 3 3 3 1 2 2
-0.1454973010128432 0 3 3 3 1 3 0
-0.1280035159178632 0 3 3 3 1 3 1
-0.0467979710861366 0 3 3 3 1 3 3
-0.0954814947162256 0 3 3 3 2 0 2
-0.0932898036014036 0 3 3 3 2 1 2
0.0855539682853626 0 3 3 3 2 2 0
-0.0612424173162304 0 3 3 3 2 2 1
-0.0360383890081216 0 3 3 3 2 2 3
0.1424332925171872 0 3 3 3 2 3 2
-0.026624289179053 0 3 3 3 3 0 0
0.0216728762143237 0 3 3 3 3 0 1
0.0063672631387641 0 3 3 3 3 0 3
0.0425777063013469 0 3 3 3 3 1 0
0.0582782311646421 0 3 3 3 3 1 1
-0.0206477059551969 0 3 3 3 3 1 3
-0.0220919331604694 0 3 3 3 3 2 2
-0.0121848375288144 0 3 3 3 3 3 0
0.0657404508841158 0 3 3 3 3 3 1
-0.0097756618449801 0 3 3 3 3 3 3
-0.1149865385943453 1 0 0 0 0 0 0
-0.1829266577611379 1 0 0 0 0 0 1
-0.0683487905723835 1 0 0 0 0 0 3
0.0711974494687632 1 0 0 0 0 1 0
0.0355787526074772 1 0 0 0 0 1 1
0.04718209780088 1 0 0 0 0 1 3
-0.0936858540852431 1 0 0 0 0 2 2
0.2101975938174796 1 0 0 0 0 3 0
-0.030129353717398 1 0 0 0 0 3 1
0.1509514766341637 1 0 0 0 0 3 3
-0.1002206827041517 1 0 0 0 1 0 0
0.042541861758887 1 0 0 0 1 0 1
0.077929744832506 1 0 0 0 1 0 3
-0.0339131735857786 1 0 0 0 1 1 0
0.004996958944091 1 0 0 0 1 1 1
-0.0561505990134395 1 0 0 0 1 1 3
-0.1444810970998723 1 0 0 0 1 2 2
-0.1223353440173025 1 0 0 0 1 3 0
-0.0902151498022909 1 0 0 0 1 3 1
0.110282275579565 1 0 0 0 1 3 3
0.0300047763638432 1 0 0 0 2 0 2
-0.0595882955223057 1 0 0 0 2 1 2
-0.0999764385243627 1 0 0 0 2 2 0
-0.1093368933786253 1 0 0 0 2 2 1
-0.1216781993906521 1 0 0 0 2 2 3
0.0071250271969716 1 0 0 0 2 3 2
-0.1405426269998135 1 0 0 0 3 0 0
0.0076458320998378 1 0 0 0 3 0 1
0.080452393150464 1 0 0 0 3 0 3
-0.0643507938890033 1 0 0 0 3 1 0
0.1579828201820368 1 0 0 0 3 1 1
-0.1313373501622217 1 0 0 0 3 1 3
-0.0976292675677552 1 0 0 0 3 2 2
0.0462168158500351 1 0 0 0 3 3 0
-0.144159574767316 1 0 0 0 3 3 1
-0.1510474376254088 1 0 0 0 3 3 3
-0.0214332653782575 1 0 0 1 0 0 0
0.0347079292097765 1 0 0 1 0 0 1
-0.0122413395698625 1 0 0 1 0 0 3
0.0569481772327335 1 0 0 1 0 1 0
-0.0192877608417094 1 0 0 1 0 1 1
-0.162048811326897 1 0 0 1 0 1 3
0.0236196046132417 1 0 0 1 0 2 2
0.0591408375016958 1 0 0 1 0 3 0
-0.1299375957750727 1 0 0 1 0 3 1
0.0400119110059682 1 0 0 1 0 3 3
0.067462228942521 1 0 0 1 1 0 0
0.0858489680799516 1 0 0 1 1 0 1
0.0777179453553999 1 0 0 1 1 0 3
0.076034116453606 1 0 0 1 1 1 0
0.0155004850739675 1 0 0 1 1 1 1
0.1923960320017446 1 0 0 1 1 1 3
-0.0045992086734473 1 0 0 1 1 2 2
0.0556845479834552 1 0 0 1 1 3 0
-0.0008349312790966 1 0 0 1 1 3 1
0.06031529682954 1 0 0 1 1 3 3
0.0236461133654587 1 0 0 1 2 0 2
0.1229854130234545 1 0 0 1 2 1 2
-0.027128094392222 1 0 0 1 2 2 0
0.1040291797126049 1 0 0 1 2 2 1
-0.1104744867172088 1 0 0 1 2 2 3
0.0516201011147409 1 0 0 1 2 3 2
-0.0294165808485984 1 0 0 1 3 0 0
0.1497712081679953 1 0 0 1 3 0 1
-0.040550357558353 1 0 0 1 3 0 3
0.1388739648022865 1 0 0 1 3 1 0
0.075087333986593 1 0 0 1 3 1 1
0.1792296516351992 1 0 0 1 3 1 3
0.0947027851891846 1 0 0 1 3 2 2
0.0374740457556069 1 0 0 1 3 3 0
-0.0190054388685989 1 0 0 1 3 3 1
0.0847405518210672 1 0 0 1 3 3 3
-0.1495738811758353 1 0 0 2 0 0 2
-0.0530765198020631 1 0 0 2 0 1 2
-0.0459071592585885 1 0 0 2 0 2 0
-0.0113186102554127 1 0 0 2 0 2 1
-0.0045760292591197 1 0 0 2 0 2 3
0.1424825364743982 1 0 0 2 0 3 2
-0.0504325392441027 1 0 0 2 1 0 2
-0.0069808641285016 1 0 0 2 1 1 2
-0.0258051183156634 1 0 0 2 1 2 0
-0.0218523293206476 1 0 0 2 1 2 1
-0.091705783970355 1 0 0 2 1 2 3
0.0817676718326258 1 0 0 2 1 3 2
0.0006721395349328 1 0 0 2 2 0 0
0.0006340796589563 1 0 0 2 2 0 1
-0.1039049816198993 1 0 0 2 2 0 3
0.1141793905814858 1 0 0 2 2 1 0
-0.089618434049499 1 0 0 2 2 1 1
0.0684709062810734 1 0 0 2 2 1 3
0.1169927957564414 1 0 0 2 2 2 2
-0.0943087483927501 1 0 0 2 2 3 0
-0.0447320946888581 1 0 0 2 2 3 1
-0.0730425292947239 1 0 0 2 2 3 3
0.1612086147600007 1 0 0 2 3 0 2
0.0196920417019613 1 0 0 2 3 1 2
0.0771064978204566 1 0 0 2 3 2 0
0.0086484743439386 1 0 0 2 3 2 1
-0.0653894743611074 1 0 0 2 3 2 3
0.0968814645541172 1 0 0 2 3 3 2
0.1648468425386705 1 0 0 3 0 0 0
0.0116964999191827 1 0 0 3 0 0 1
-0.0111746575350786 1 0 0 3 0 0 3
0.0343286633101721 1 0 0 3 0 1 0
-0.0668691700855398 1 0 0 3 0 1 1
-0.0610203832575341 1 0 0 3 0 1 3
-0.1112869341134579 1 0 0 3 0 2 2
0.0552722409180343 1 0 0 3 0 3 0
-0.0642159572830715 1 0 0 3 0 3 1
0.1673917114282155 1 0 0 3 0 3 3
0.2050572964713229 1 0 0 3 1 0 0
-0.0186473886307507 1 0 0 3 1 0 1
-0.0793945151271871 1 0 0 3 1 0 3
0.02025940835176 1 0 0 3 1 1 0
0.013419113605866 1 0 0 3 1 1 1
-0.1099646514952443 1 0 0 3 1 1 3
0.0743118732147608 1 0 0 3 1 2 2
0.1178464430171807 1 0 0 3 1 3 0
0.1397337019337938 1 0 0 3 1 3 1
0.0072292308078291 1 0 0 3 1 3 3
-0.0606422123866485 1 0 0 3 2 0 2
-0.1046794679986292 1 0 0 3 2 1 2
-0.0153075268210312 1 0 0 3 2 2 0
0.0337929339160485 1 0 0 3 2 2 1
-0.0503448161550116 1 0 0 3 2 2 3
0.0115452086566854 1 0 0 3 2 3 2
-0.0077434010865993 1 0 0 3 3 0 0
-0.0503432185972831 1 0 0 3 3 0 1
-0.117938452641786 1 0 0 3 3 0 3
-0.0528822657787698 1 0 0 3 3 1 0
-0.0265225574974983 1 0 0 3 3 1 1
0.1215541866847965 1 0 0 3 3 1 3
0.1291845579951653 1 0 0 3 3 2 2
-0.1372932773734755 1 0 0 3 3 3 0
-0.0073814811463506 1 0 0 3 3 3 1
0.0050868279114563 1 0 0 3 3 3 3
0.0124515046559777 1 0 1 0 0 0 0
-0.1409764950473526 1 0 1 0 0 0 1
0.0371554446182202 1 0 1 0 0 0 3
0.0676136195693306 1 0 1 0 0 1 0
0.1240073038956404 1 0 1 0 0 1 1
-0.1812509459391152 1 0 1 0 0 1 3
-0.0935030266514422 1 0 1 0 0 2 2
0.0766006392462642 1 0 1 0 0 3 0
-0.0036641663481886 1 0 1 0 0 3 1
0.0281178127698538 1 0 1 0 0 3 3
0.0344763752700077 1 0 1 0 1 0 0
0.148280165698819 1 0 1 0 1 0 1
-0.017974527474664 1 0 1 0 1 0 3
0.1059658196750032 1 0 1 0 1 1 0
0.0105373352449285 1 0 1 0 1 1 1
0.0401801592131837 1 0 1 0 1 1 3
0.0196770672058345 1 0 1 0 1 2 2
0.0430106052383563 1 0 1 0 1 3 0
0.0116049598872164 1 0 1 0 1 3 1
0.0003700249974947 1 0 1 0 1 3 3
-0.0024839575003351 1 0 1 0 2 0 2
0.0308823478583192 1 0 1 0 2 1 2
-0.0811882966058605 1 0 1 0 2 2 0
-0.0920533294200211 1 0 1 0 2 2 1
0.0058039342435496 1 0 1 0 2 2 3
-0.0582085831405659 1 0 1 0 2 3 2
0.0642698318586947 1 0 1 0 3 0 0
-0.1156570296467572 1 0 1 0 3 0 1
0.0111098647980755 1 0 1 0 3 0 3
0.1401383721728233 1 0 1 0 3 1 0
0.1284035100370137 1 0 1 0 3 1 1
-0.1574423133694869 1 0 1 0 3 1 3
0.020216748787529 1 0 1 0 3 2 2
-0.0838708219858621 1 0 1 0 3 3 0
0.0282091722758939 1 0 1 0 3 3 1
0.1624657713433233 1 0 1 0 3 3 3
0.1920024352098374 1 0 1 1 0 0 0
0.1838987028589061 1 0 1 1 0 0 1
0.0260008629673985 1 0 1 1 0 0 3
-0.0226885216932219 1 0 1 1 0 1 0
-0.0632609433758057 1 0 1 1 0 1 1
0.0821976991947415 1 0 1 1 0 1 3
0.0782895672336298 1 0 1 1 0 2 2
-0.0268919268989417 1 0 1 1 0 3 0
0.1244118613608203 1 0 1 1 0 3 1
0.0658747418994982 1 0 1 1 0 3 3
-0.0868284234107416 1 0 1 1 1 0 0
0.0767839425357646 1 0 1 1 1 0 1
0.0620849970137408 1 0 1 1 1 0 3
0.105104221415474 1 0 1 1 1 1 0
0.0447045438276715 1 0 1 1 1 1 1
-0.0952720931731544 1 0 1 1 1 1 3
-0.0128451914232613 1 0 1 1 1 2 2
-0.1533037554366439 1 0 1 1 1 3 0
-0.1527353085106436 1 0 1 1 1 3 1
0.1228397837383145 1 0 1 1 1 3 3
-0.1071763450813938 1 0 1 1 2 0 2
-0.0911642800390185 1 0 1 1 2 1 2
0.0477046866746693 1 0 1 1 2 2 0
-0.0881467598383868 1 0 1 1 2 2 1
0.1564102943107292 1 0 1 1 2 2 3
-0.07479959238864 1 0 1 1 2 3 2
0.0568260608046897 1 0 1 1 3 0 0
-0.052034296143322 1 0 1 1 3 0 1
-0.084635383241832 1 0 1 1 3 0 3
0.1407360213002877 1 0 1 1 3 1 0
-0.1344953900226562 1 0 1 1 3 1 1
-0.0408847639701172 1 0 1 1 3 1 3
0.065503485663999 1 0 1 1 3 2 2
-0.1221250927943242 1 0 1 1 3 3 0
0.0974467205888254 1 0 1 1 3 3 1
0.1495188860894026 1 0 1 1 3 3 3
-0.0880749618322951 1 0 1 2 0 0 2
0.0752367114040726 1 0 1 2 0 1 2
-0.0420984349453192 1 0 1 2 0 2 0
0.0533699699000793 1 0 1 2 0 2 1
-0.0136088715297835 1 0 1 2 0 2 3
0.0145943024553975 1 0 1 2 0 3 2
-0.0443690769848559 1 0 1 2 1 0 2
0.136888459591593 1 0 1 2 1 1 2
0.0742266165365939 1 0 1 2 1 2 0
0.0837050663270708 1 0 1 2 1 2 1
-0.0018581339713837 1 0 1 2 1 2 3
0.0049862526511673 1 0 1 2 1 3 2
0.0536979817509726 1 0 1 2 2 0 0
-0.1954827963733382 1 0 1 2 2 0 1
0.161119030810853 1 0 1 2 2 0 3
-0.0193145420301512 1 0 1 2 2 1 0
-0.0936530816834511 1 0 1 2 2 1 1
-0.0404197955470738 1 0 1 2 2 1 3
-0.1254136713842834 1 0 1 2 2 2 2
-0.0203108741429466 1 0 1 2 2 3 0
0.0029813930062499 1 0 1 2 2 3 1
0.0620454268574597 1 0 1 2 2 3 3
0.0177129724909473 1 0 1 2 3 0 2
0.1485791079327768 1 0 1 2 3 1 2
-0.0382667093332359 1 0 1 2 3 2 0
0.1048850152775082 1 0 1 2 3 2 1
-0.0183225204719118 1 0 1 2 3 2 3
0.005114238065971 1 0 1 2 3 3 2
-0.0440194503299785 1 0 1 3 0 0 0
-0.0188925253214808 1 0 1 3 0 0 1
0.0725208755890323 1 0 1 3 0 0 3
-0.0861998196711312 1 0 1 3 0 1 0
0.1139414525827196 1 0 1 3 0 1 1
0.034457862522035 1 0 1 3 0 1 3
-0.1286836623284012 1 0 1 3 0 2 2
-0.0395159475067534 1 0 1 3 0 3 0
0.0131143461038646 1 0 1 3 0 3 1
-0.0760667962164206 1 0 1 3 0 3 3
-0.1184184129765592 1 0 1 3 1 0 0
-0.036597928959156 1 0 1 3 1 0 1
0.1068536569978845 1 0 1 3 1 0 3
-0.001965798587438 1 0 1 3 1 1 0
0.0196856673549062 1 0 1 3 1 1 1
-0.1443671169524947 1 0 1 3 1 1 3
-0.1355905062065821 1 0 1 3 1 2 2
0.0195357237162666 1 0 1 3 1 3 0
0.0374331414489284 1 0 1 3 1 3 1
-0.13515045870601 1 0 1 3 1 3 3
0.0741981210634091 1 0 1 3 2 0 2
-0.0289176690454631 1 0 1 3 2 1 2
-0.1671480020642402 1 0 1 3 2 2 0
0.0813940446080139 1 0 1 3 2 2 1
0.0860976401228164 1 0 1 3 2 2 3
-0.0508272416383054 1 0 1 3 2 3 2
-0.0397991931934296 1 0 1 3 3 0 0
0.1406285683736777 1 0 1 3 3 0 1
0.0623549528439801 1 0 1 3 3 0 3
-0.0297104885415509 1 0 1 3 3 1 0
-0.0530020308583451 1 0 1 3 3 1 1
-0.1892617162028408 1 0 1 3 3 1 3
-0.0153764674105316 1 0 1 3 3 2 2
-0.0441537854784658 1 0 1 3 3 3 0
0.0041023593057594 1 0 1 3 3 3 1
-0.0078166365052934 1 0 1 3 3 3 3
-0.1841986933636888 1 0 2 0 0 0 2
0.0302620658214686 1 0 2 0 0 1 2
-0.0468985366116472 1 0 2 0 0 2 0
0.1510113037642742 1 0 2 0 0 2 1
-0.0305183125386434 1 0 2 0 0 2 3
0.1500657963595891 1 0 2 0 0 3 2
-0.1177486872615666 1 0 2 0 1 0 2
0.159230114608171 1 0 2 0 1 1 2
0.0168996003527556 1 0 2 0 1 2 0
-0.0466518850432462 1 0 2 0 1 2 1
0.004876186935204 1 0 2 0 1 2 3
-0.0579183456218303 1 0 2 0 1 3 2
-0.0643011580150835 1 0 2 0 2 0 0
0.0917707919971046 1 0 2 0 2 0 1
0.153491088268311 1 0 2 0 2 0 3
-0.041435154312161 1 0 2 0 2 1 0
0.2010091447617708 1 0 2 0 2 1 1
-0.0142269084491431 1 0 2 0 2 1 3
-0.158172151151144 1 0 2 0 2 2 2
-0.037527990741736 1 0 2 0 2 3 0
0.0789207654821135 1 0 2 0 2 3 1
-0.0493684125166515 1 0 2 0 2 3 3
-0.0576837788763974 1 0 2 0 3 0 2
-0.0102384126436717 1 0 2 0 3 1 2
0.0156333699799878 1 0 2 0 3 2 0
0.007020715832171 1 0 2 0 3 2 1
0.035076530126445 1 0 2 0 3 2 3
0.0450621268485835 1 0 2 0 3 3 2
-0.1243610907817714 1 0 2 1 0 0 2
-0.0736801496342968 1 0 2 1 0 1 2
0.1438200124977595 1 0 2 1 0 2 0
0.0682435176309754 1 0 2 1 0 2 1
0.0212432420845333 1 0 2 1 0 2 3
0.042415760719186 1 0 2 1 0 3 2
-0.1769176391077969 1 0 2 1 1 0 2
0.2017845851787229 1 0 2 1 1 1 2
-0.0630862714119667 1 0 2 1 1 2 0
0.0595837695160393 1 0 2 1 1 2 1
-0.0239845215796399 1 0 2 1 1 2 3
0.0629700866988797 1 0 2 1 1 3 2
-0.0393702579515682 1 0 2 1 2 0 0
-0.0551332213355916 1 0 2 1 2 0 1
-0.0218254211629698 1 0 2 1 2 0 3
0.096944891721813 1 0 2 1 2 1 0
-0.0837088655499102 1 0 2 1 2 1 1
0.1183844018554863 1 0 2 1 2 1 3
0.1038838781474397 1 0 2 1 2 2 2
-0.1042158396392975 1 0 2 1 2 3 0
-0.1302181696028927 1 0 2 1 2 3 1
0.0694490066630249 1 0 2 1 2 3 3
-0.0635553397212338 1 0 2 1 3 0 2
0.0298202574060358 1 0 2 1 3 1 2
-0.0052959663904296 1 0 2 1 3 2 0
-0.0173219986883173 1 0 2 1 3 2 1
0.1113536248173337 1 0 2 1 3 2 3
-0.0191984060129448 1 0 2 1 3 3 2
0.1366278284843164 1 0 2 2 0 0 0
0.0472058803620113 1 0 2 2 0 0 1
-0.0589457267219463 1 0 2 2 0 0 3
0.001586031850576 1 0 2 2 0 1 0
-0.0142890881576879 1 0 2 2 0 1 1
-0.085729874290918 1 0 2 2 0 1 3
0.1212003962382109 1 0 2 2 0 2 2
-0.1651269537870707 1 0 2 2 0 3 0
0.0548566178661091 1 0 2 2 0 3 1
0.0157897028144515 1 0 2 2 0 3 3
-0.0728698483305577 1 0 2 2 1 0 0
0.0393445071494795 1 0 2 2 1 0 1
-0.0506568259432589 1 0 2 2 1 0 3
-0.170832325184891 1 0 2 2 1 1 0
0.0172309149872957 1 0 2 2 1 1 1
-0.0153877448901928 1 0 2 2 1 1 3
-0.1892033337444764 1 0 2 2 1 2 2
0.063450184627014 1 0 2 2 1 3 0
-0.028733527763843 1 0 2 2 1 3 1
-0.1541488608529843 1 0 2 2 1 3 3
-0.0287090826053795 1 0 2 2 2 0 2
-0.048898986449465 1 0 2 2 2 1 2
-0.016558512289087 1 0 2 2 2 2 0
0.0224306842750939 1 0 2 2 2 2 1
0.0659580366067411 1 0 2 2 2 2 3
0.2481101793715071 1 0 2 2 2 3 2
-0.174641633475289 1 0 2 2 3 0 0
-0.0490355879440939 1 0 2 2 3 0 1
0.0549048884844247 1 0 2 2 3 0 3
0.1141359897636927 1 0 2 2 3 1 0
0.0913221305593361 1 0 2 2 3 1 1
-0.0790326182216245 1 0 2 2 3 1 3
0.0281286580555165 1 0 2 2 3 2 2
-0.1901324772412522 1 0 2 2 3 3 0
0.0088047268620323 1 0 2 2 3 3 1
0.0380615140409913 1 0 2 2 3 3 3
0.1563285330881585 1 0 2 3 0 0 2
-0.0454927354878734 1 0 2 3 0 1 2
-0.0233640262346006 1 0 2 3 0 2 0
-0.1181078990596449 1 0 2 3 0 2 1
0.0531694837050948 1 0 2 3 0 2 3
0.0057865602212154 1 0 2 3 0 3 2
-0.0537706200294523 1 0 2 3 1 0 2
0.1653474395326414 1 0 2 3 1 1 2
0.0319434622496947 1 0 2 3 1 2 0
-0.0432906008967164 1 0 2 3 1 2 1
0.0088000518922607 1 0 2 3 1 2 3
-0.1111171673614961 1 0 2 3 1 3 2
0.1878397561262153 1 0 2 3 2 0 0
0.0658772661200853 1 0 2 3 2 0 1
0.0634617310132394 1 0 2 3 2 0 3
-0.0705349174861408 1 0 2 3 2 1 0
-0.007347074742001 1 0 2 3 2 1 1
0.0319992511852779 1 0 2 3 2 1 3
-0.0530224079911384 1 0 2 3 2 2 2
0.0095618476954169 1 0 2 3 2 3 0
-0.0343795243393352 1 0 2 3 2 3 1
0.1007017881192796 1 0 2 3 2 3 3
-0.1870287618068413 1 0 2 3 3 0 2
-0.0404997012133143 1 0 2 3 3 1 2
0.1047512014389354 1 0 2 3 3 2 0
0.1053862563406028 1 0 2 3 3 2 1
-0.2177058633276704 1 0 2 3 3 2 3
0.122062188922727 1 0 2 3 3 3 2
-0.0662692196460377 1 0 3 0 0 0 0
0.121122805402819 1 0 3 0 0 0 1
0.0042171631094667 1 0 3 0 0 0 3
0.031851036817403 1 0 3 0 0 1 0
-0.0729717526108408 1 0 3 0 0 1 1
-0.1619248011674785 1 0 3 0 0 1 3
-0.033145640805149 1 0 3 0 0 2 2
-0.0622809634055977 1 0 3 0 0 3 0
-0.1957967088450158 1 0 3 0 0 3 1
-0.135008614904424 1 0 3 0 0 3 3
-0.1390820099358598 1 0 3 0 1 0 0
-0.1198691494327024 1 0 3 0 1 0 1
0.2193034379693075 1 0 3 0 1 0 3
-0.0458071368336742 1 0 3 0 1 1 0
0.1608956179751227 1 0 3 0 1 1 1
0.0342881117307922 1 0 3 0 1 1 3
-0.0581827032263259 1 0 3 0 1 2 2
0.0598600528546208 1 0 3 0 1 3 0
0.0528168068515258 1 0 3 0 1 3 1
-0.0203149187109495 1 0 3 0 1 3 3
0.1022720443866191 1 0 3 0 2 0 2
-0.1906880412390269 1 0 3 0 2 1 2
-0.0142099685157824 1 0 3 0 2 2 0
-0.0486653136911227 1 0 3 0 2 2 1
-0.0788185631866562 1 0 3 0 2 2 3
-0.1808957606360006 1 0 3 0 2 3 2
0.0678959804881466 1 0 3 0 3 0 0
0.1016743214481469 1 0 3 0 3 0 1
0.1685250914142815 1 0 3 0 3 0 3
-0.0951576544767386 1 0 3 0 3 1 0
-0.1293674636366445 1 0 3 0 3 1 1
-0.0497278788574858 1 0 3 0 3 1 3
0.0307245830208594 1 0 3 0 3 2 2
0.014190292529474 1 0 3 0 3 3 0
0.0277665789197614 1 0 3 0 3 3 1
-0.0451802073780476 1 0 3 0 3 3 3
0.0494733681347011 1 0 3 1 0 0 0
-0.0580543392901372 1 0 3 1 0 0 1
0.0374915712665046 1 0 3 1 0 0 3
0.19222000767571 1 0 3 1 0 1 0
-0.1131315586683026 1 0 3 1 0 1 1
-0.0423326115114767 1 0 3 1 0 1 3
0.2160806607974771 1 0 3 1 0 2 2
0.0318481393777746 1 0 3 1 0 3 0
0.1711373569015595 1 0 3 1 0 3 1
-0.12977334775276 1 0 3 1 0 3 3
0.074587207779197 1 0 3 1 1 0 0
0.0313508415866997 1 0 3 1 1 0 1
-0.0860029618221913 1 0 3 1 1 0 3
0.0378227494897532 1 0 3 1 1 1 0
0.1128239403643961 1 0 3 1 1 1 1
0.1064806619095826 1 0 3 1 1 1 3
0.045507003307467 1 0 3 1 1 2 2
0.1283592869171735 1 0 3 1 1 3 0
-0.0650603870031328 1 0 3 1 1 3 1
-0.018338171346784 1 0 3 1 1 3 3
-0.1615274164531864 1 0 3 1 2 0 2
0.0952010243664869 1 0 3 1 2 1 2
-0.0272680650153577 1 0 3 1 2 2 0
-0.2244419472869693 1 0 3 1 2 2 1
-0.0584441161417713 1 0 3 1 2 2 3
0.0304449992891563 1 0 3 1 2 3 2
-0.0350424596517232 1 0 3 1 3 0 0
-0.0860421348981823 1 0 3 1 3 0 1
-0.1956006298828744 1 0 3 1 3 0 3
-0.0245752629905672 1 0 3 1 3 1 0
0.0392577411496543 1 0 3 1 3 1 1
-0.0026800270935665 1 0 3 1 3 1 3
0.0803142174405619 1 0 3 1 3 2 2
-0.0244164862670933 1 0 3 1 3 3 0
-0.1050156935945066 1 0 3 1 3 3 1
-0.0563431248611874 1 0 3 1 3 3 3
-0.0769469375308114 1 0 3 2 0 0 2
0.0582603708678437 1 0 3 2 0 1 2
0.0033202156490947 1 0 3 2 0 2 0
-0.0553987198284525 1 0 3 2 0 2 1
0.0910569271906846 1 0 3 2 0 2 3
-0.0303559651999093 1 0 3 2 0 3 2
0.1674470665115666 1 0 3 2 1 0 2
0.0460356768553283 1 0 3 2 1 1 2
0.0339374390624777 1 0 3 2 1 2 0
0.1215240331888505 1 0 3 2 1 2 1
-0.1027756789322332 1 0 3 2 1 2 3
0.1356956513736693 1 0 3 2 1 3 2
-0.0438621405385681 1 0 3 2 2 0 0
-0.0027943762652524 1 0 3 2 2 0 1
0.0424362497472616 1 0 3 2 2 0 3
0.0582264369568742 1 0 3 2 2 1 0
0.1472951863032 1 0 3 2 2 1 1
0.0311409916726893 1 0 3 2 2 1 3
-0.0052547290005708 1 0 3 2 2 2 2
0.048416909020867 1 0 3 2 2 3 0
0.0153672154802194 1 0 3 2 2 3 1
0.0021261073725291 1 0 3 2 2 3 3
-0.0094270537003976 1 0 3 2 3 0 2
-0.0617688128753524 1 0 3 2 3 1 2
-0.1136257299098347 1 0 3 2 3 2 0
-0.1501444982577867 1 0 3 2 3 2 1
-0.0275734935978848 1 0 3 2 3 2 3
-0.1172078509478438 1 0 3 2 3 3 2
-0.0549377734102625 1 0 3 3 0 0 0
0.0691767304995505 1 0 3 3 0 0 1
0.2110721523495145 1 0 3 3 0 0 3
0.0709281657274817 1 0 3 3 0 1 0
-0.2177648739255149 1 0 3 3 0 1 1
0.1009616555853427 1 0 3 3 0 1 3
-0.0883215336450971 1 0 3 3 0 2 2
0.1028560048048206 1 0 3 3 0 3 0
0.0705684703043533 1 0 3 3 0 3 1
0.0653972808897964 1 0 3 3 0 3 3
0.1507218347254564 1 0 3 3 1 0 0
0.0404320479294841 1 0 3 3 1 0 1
0.0817728380278998 1 0 3 3 1 0 3
0.0391761356117326 1 0 3 3 1 1 0
0.0610674030383961 1 0 3 3 1 1 1
-0.0286067576181915 1 0 3 3 1 1 3
-0.0127930710664224 1 0 3 3 1 2 2
0.0331577412806952 1 0 3 3 1 3 0
-0.0118160188026133 1 0 3 3 1 3 1
0.0615631638522794 1 0 3 3 1 3 3
-0.0719706074277197 1 0 3 3 2 0 2
0.0450421006880002 1 0 3 3 2 1 2
-0.0508839068525424 1 0 3 3 2 2 0
0.2145357054042399 1 0 3 3 2 2 1
-0.0745978834362408 1 0 3 3 2 2 3
0.0578870464197593 1 0 3 3 2 3 2
-0.0012704859435154 1 0 3 3 3 0 0
-0.062803180387063 1 0 3 3 3 0 1
-0.1346698417041289 1 0 3 3 3 0 3
0.1158924363295386 1 0 3 3 3 1 0
-0.0729865416099552 1 0 3 3 3 1 1
-0.1024147158220653 1 0 3 3 3 1 3
-0.0411136799039371 1 0 3 3 3 2 2
0.0595783830746067 1 0 3 3 3 3 0
-0.0782215738527257 1 0 3 3 3 3 1
-0.1269671150114401 1 0 3 3 3 3 3
0.0729073766675116 1 1 0 0 0 0 0
0.0399981937420059 1 1 0 0 0 0 1
-0.0108105685651392 1 1 0 0 0 0 3
-0.1522700455139888 1 1 0 0 0 1 0
0.1028136089974253 1 1 0 0 0 1 1
0.1167876009661667 1 1 0 0 0 1 3
0.0844498635054077 1 1 0 0 0 2 2
-0.0291727619567818 1 1 0 0 0 3 0
-0.0853348439849224 1 1 0 0 0 3 1
0.1180668993195525 1 1 0 0 0 3 3
0.0247560010461322 1 1 0 0 1 0 0
-0.0372997463218609 1 1 0 0 1 0 1
-0.0181171593789871 1 1 0 0 1 0 3
-0.097807292283051 1 1 0 0 1 1 0
-0.0115306231512143 1 1 0 0 1 1 1
0.0321439913625448 1 1 0 0 1 1 3
-0.0117278628680457 1 1 0 0 1 2 2
-0.1030356111640446 1 1 0 0 1 3 0
-0.0032346991419283 1 1 0 0 1 3 1
-0.1209091378316535 1 1 0 0 1 3 3
0.0994543687943365 1 1 0 0 2 0 2
-0.0308369982093078 1 1 0 0 2 1 2
0.1621008281354144 1 1 0 0 2 2 0
0.0067768193438953 1 1 0 0 2 2 1
-0.1416111550363707 1 1 0 0 2 2 3
0.1885947724262666 1 1 0 0 2 3 2
0.0635040590736608 1 1 0 0 3 0 0
0.0830181636345294 1 1 0 0 3 0 1
0.161996832542902 1 1 0 0 3 0 3
0.0720926262181104 1 1 0 0 3 1 0
0.1950355167782822 1 1 0 0 3 1 1
-0.0392564303380011 1 1 0 0 3 1 3
0.0018309784808039 1 1 0 0 3 2 2
0.0591427209016142 1 1 0 0 3 3 0
0.0032898931951159 1 1 0 0 3 3 1
-0.1670357354754838 1 1 0 0 3 3 3
0.052844923818926 1 1 0 1 0 0 0
0.0297416731724777 1 1 0 1 0 0 1
-0.0921398833758883 1 1 0 1 0 0 3
0.104654482279462 1 1 0 1 0 1 0
-0.1475353973137578 1 1 0 1 0 1 1
-0.0526609715729569 1 1 0 1 0 1 3
-0.0136388957471198 1 1 0 1 0 2 2
-0.1018538113885126 1 1 0 1 0 3 0
-0.2315762284243263 1 1 0 1 0 3 1
-0.0861561209984372 1 1 0 1 0 3 3
0.1109836278292176 1 1 0 1 1 0 0
0.0123488260359742 1 1 0 1 1 0 1
0.0465195545509247 1 1 0 1 1 0 3
-0.1486774648159076 1 1 0 1 1 1 0
0.0564001208227292 1 1 0 1 1 1 1
0.0308385313522049 1 1 0 1 1 1 3
-0.0990177713439743 1 1 0 1 1 2 2
0.0644985468959134 1 1 0 1 1 3 0
0.0098113301051675 1 1 0 1 1 3 1
0.0618440012157785 1 1 0 1 1 3 3
-0.0866182240788819 1 1 0 1 2 0 2
0.0237082051093078 1 1 0 1 2 1 2
0.0084697250166095 1 1 0 1 2 2 0
-0.1800036882828767 1 1 0 1 2 2 1
0.0196418639840671 1 1 0 1 2 2 3
-0.0469797453726673 1 1 0 1 2 3 2
-0.007478568344556 1 1 0 1 3 0 0
0.0220677407941898 1 1 0 1 3 0 1
0.0376523902296876 1 1 0 1 3 0 3
-0.0851071811164098 1 1 0 1 3 1 0
0.2019452882771023 1 1 0 1 3 1 1
0.0675973249027493 1 1 0 1 3 1 3
0.0307761289998811 1 1 0 1 3 2 2
-0.1335267623851862 1 1 0 1 3 3 0
-0.1477794930804955 1 1 0 1 3 3 1
0.1981399095997113 1 1 0 1 3 3 3
-0.1018985650886839 1 1 0 2 0 0 2
0.0421086116637068 1 1 0 2 0 1 2
-0.1041659368449732 1 1 0 2 0 2 0
0.0982361441659841 1 1 0 2 0 2 1
0.0969802918787586 1 1 0 2 0 2 3
-0.0854914222393451 1 1 0 2 0 3 2
0.1167854172657138 1 1 0 2 1 0 2
-0.0038458019457687 1 1 0 2 1 1 2
0.1305365001451106 1 1 0 2 1 2 0
-0.0707450847286844 1 1 0 2 1 2 1
0.0783342308203425 1 1 0 2 1 2 3
0.1002500828508269 1 1 0 2 1 3 2
0.054481355523197 1 1 0 2 2 0 0
-0.017567096282175 1 1 0 2 2 0 1
0.0079167198849552 1 1 0 2 2 0 3
0.0604117646203803 1 1 0 2 2 1 0
-0.0748640714763295 1 1 0 2 2 1 1
-0.093524533453846 1 1 0 2 2 1 3
-0.0625101037551422 1 1 0 2 2 2 2
0.0141787765430087 1 1 0 2 2 3 0
0.0229622768886196 1 1 0 2 2 3 1
-0.1169582656744991 1 1 0 2 2 3 3
-0.1094479958679061 1 1 0 2 3 0 2
0.089031133605799 1 1 0 2 3 1 2
0.0089004249072858 1 1 0 2 3 2 0
0.0054556495436793 1 1 0 2 3 2 1
0.0742339136793423 1 1 0 2 3 2 3
0.0919979411965002 1 1 0 2 3 3 2
0.0059040028198874 1 1 0 3 0 0 0
-0.0633605220184522 1 1 0 3 0 0 1
-0.2389666823007892 1 1 0 3 0 0 3
-0.028516076763412 1 1 0 3 0 1 0
-0.0266665846154215 1 1 0 3 0 1 1
-0.034007937885906 1 1 0 3 0 1 3
-0.0519912911998624 1 1 0 3 0 2 2
-0.0394389820438513 1 1 0 3 0 3 0
-0.162690940678383 1 1 0 3 0 3 1
0.0170478103952289 1 1 0 3 0 3 3
-0.1450307771805385 1 1 0 3 1 0 0
-0.0622857946408424 1 1 0 3 1 0 1
0.0179067908127904 1 1 0 3 1 0 3
0.0568534386681632 1 1 0 3 1 1 0
-0.0541444971662008 1 1 0 3 1 1 1
0.0172768116508544 1 1 0 3 1 1 3
-0.0427451994734862 1 1 0 3 1 2 2
0.0285117744651605 1 1 0 3 1 3 0
-0.1349590971552517 1 1 0 3 1 3 1
-0.0693462015353776 1 1 0 3 1 3 3
0.054585722143269 1 1 0 3 2 0 2
-0.0509880817345058 1 1 0 3 2 1 2
-0.0339554505810088 1 1 0 3 2 2 0
-0.0147389873085524 1 1 0 3 2 2 1
-0.0980385903360361 1 1 0 3 2 2 3
-0.0515252172157006 1 1 0 3 2 3 2
0.0456739334337886 1 1 0 3 3 0 0
0.0251831774608372 1 1 0 3 3 0 1
-0.0237382021059292 1 1 0 3 3 0 3
0.0518124352338586 1 1 0 3 3 1 0
-0.1997379980058586 1 1 0 3 3 1 1
-0.0316825566222941 1 1 0 3 3 1 3
0.0124875694652883 1 1 0 3 3 2 2
-0.0659773307480643 1 1 0 3 3 3 0
-0.0221537213692191 1 1 0 3 3 3 1
-0.0496771310073509 1 1 0 3 3 3 3
0.1572198309755135 1 1 1 0 0 0 0
0.2563875947985488 1 1 1 0 0 0 1
0.0690305624793861 1 1 1 0 0 0 3
-0.0381491059852927 1 1 1 0 0 1 0
0.0749824353419157 1 1 1 0 0 1 1
0.0645614548967841 1 1 1 0 0 1 3
-0.0535216618414879 1 1 1 0 0 2 2
-0.0240478857720423 1 1 1 0 0 3 0
0.0869920362811774 1 1 1 0 0 3 1
-0.2013530599791619 1 1 1 0 0 3 3
-0.028514194324506 1 1 1 0 1 0 0
-0.0256325287891774 1 1 1 0 1 0 1
-0.0706821285747088 1 1 1 0 1 0 3
-0.0644860704580395 1 1 1 0 1 1 0
-0.028044930996986 1 1 1 0 1 1 1
0.0984824389462081 1 1 1 0 1 1 3
0.0199632324993734 1 1 1 0 1 2 2
-0.050547032443587 1 1 1 0 1 3 0
0.0271272104683747 1 1 1 0 1 3 1
0.0942432268787428 1 1 1 0 1 3 3
-0.0733314980636173 1 1 1 0 2 0 2
0.020882754194829 1 1 1 0 2 1 2
0.0317925009436878 1 1 1 0 2 2 0
0.0801807298316783 1 1 1 0 2 2 1
-0.0374351982459357 1 1 1 0 2 2 3
0.0987559344406368 1 1 1 0 2 3 2
0.0445327533845386 1 1 1 0 3 0 0
0.0589131555399865 1 1 1 0 3 0 1
-0.0144812971596227 1 1 1 0 3 0 3
-0.1757620921112998 1 1 1 0 3 1 0
0.1820600770255999 1 1 1 0 3 1 1
-0.0069538137972537 1 1 1 0 3 1 3
0.0398439074782248 1 1 1 0 3 2 2
-0.1451818369674581 1 1 1 0 3 3 0
-0.0954695983719272 1 1 1 0 3 3 1
0.0411695518953255 1 1 1 0 3 3 3
0.1147463831328619 1 1 1 1 0 0 0
0.0185633680852515 1 1 1 1 0 0 1
-0.0912081007110872 1 1 1 1 0 0 3
0.0321806124703255 1 1 1 1 0 1 0
-0.1062445559301231 1 1 1 1 0 1 1
-0.0439162107190171 1 1 1 1 0 1 3
-0.0035395354777204 1 1 1 1 0 2 2
0.0536015749998388 1 1 1 1 0 3 0
0.0483909758237151 1 1 1 1 0 3 1
-0.0172541875226722 1 1 1 1 0 3 3
0.0335116941585585 1 1 1 1 1 0 0
-0.0221111483815467 1 1 1 1 1 0 1
-0.0049705105409228 1 1 1 1 1 0 3
-0.0984109421606855 1 1 1 1 1 1 0
0.0951163228898882 1 1 1 1 1 1 1
-0.0869850405832297 1 1 1 1 1 1 3
-0.1230847376764161 1 1 1 1 1 2 2
-0.0932151641843011 1 1 1 1 1 3 0
0.0578218301501047 1 1 1 1 1 3 1
-0.0524983499405708 1 1 1 1 1 3 3
-0.0101820362094156 1 1 1 1 2 0 2
-0.085859571815885 1 1 1 1 2 1 2
-0.0732129848865869 1 1 1 1 2 2 0
0.1391985762102647 1 1 1 1 2 2 1
-0.0519391400825266 1 1 1 1 2 2 3
-0.0422966223917908 1 1 1 1 2 3 2
-0.0003934976618879 1 1 1 1 3 0 0
-0.0800109855466904 1 1 1 1 3 0 1
-0.0653074419932843 1 1 1 1 3 0 3
0.0696694064270708 1 1 1 1 3 1 0
0.0807902424712723 1 1 1 1 3 1 1
-0.0296391601545891 1 1 1 1 3 1 3
0.0005882409856737 1 1 1 1 3 2 2
-0.1384444569822669 1 1 1 1 3 3 0
0.0970739884172502 1 1 1 1 3 3 1
0.0732385607025725 1 1 1 1 3 3 3
-0.0152478511159508 1 1 1 2 0 0 2
0.0024568827659474 1 1 1 2 0 1 2
-0.0500438142979796 1 1 1 2 0 2 0
0.0763920743981966 1 1 1 2 0 2 1
-0.0428808892090324 1 1 1 2 0 2 3
0.045249058621524 1 1 1 2 0 3 2
-0.0368448405374573 1 1 1 2 1 0 2
-0.095415944632332 1 1 1 2 1 1 2
0.0761153528751867 1 1 1 2 1 2 0
-0.0935902436295688 1 1 1 2 1 2 1
0.1458997060737956 1 1 1 2 1 2 3
-0.1457778113681626 1 1 1 2 1 3 2
0.0670717703069211 1 1 1 2 2 0 0
-0.0555303268934173 1 1 1 2 2 0 1
0.0442174957318601 1 1 1 2 2 0 3
0.024477287416786 1 1 1 2 2 1 0
-0.0169454785634691 1 1 1 2 2 1 1
0.1387215008621712 1 1 1 2 2 1 3
0.1474616601285079 1 1 1 2 2 2 2
0.0914765782969577 1 1 1 2 2 3 0
0.0071321791539703 1 1 1 2 2 3 1
0.0191788998244835 1 1 1 2 2 3 3
-0.052771815656935 1 1 1 2 3 0 2
-0.0553022542086171 1 1 1 2 3 1 2
0.037436667125138 1 1 1 2 3 2 0
0.1384323869441645 1 1 1 2 3 2 1
-0.0194597410521594 1 1 1 2 3 2 3
0.1638615522475849 1 1 1 2 3 3 2
-0.1595129179561097 1 1 1 3 0 0 0
0.0861481907634472 1 1 1 3 0 0 1
-0.0171512868659191 1 1 1 3 0 0 3
-0.1496813702901573 1 1 1 3 0 1 0
-0.0302599809035446 1 1 1 3 0 1 1
0.1085033926335853 1 1 1 3 0 1 3
-0.0376119509791421 1 1 1 3 0 2 2
-0.0661643026257293 1 1 1 3 0 3 0
-0.1047200927980575 1 1 1 3 0 3 1
0.0105453827507045 1 1 1 3 0 3 3
0.0073865416885365 1 1 1 3 1 0 0
-0.0368007584069203 1 1 1 3 1 0 1
0.0570610307930508 1 1 1 3 1 0 3
0.027186406567963 1 1 1 3 1 1 0
0.0469851563739793 1 1 1 3 1 1 1
0.1818900423747185 1 1 1 3 1 1 3
-0.0097104970246092 1 1 1 3 1 2 2
-0.0042010766071951 1 1 1 3 1 3 0
-0.023885625388313 1 1 1 3 1 3 1
0.055348308949069 1 1 1 3 1 3 3
0.0424432974877738 1 1 1 3 2 0 2
-0.0770312394156007 1 1 1 3 2 1 2
0.0453213638434526 1 1 1 3 2 2 0
0.160504962625252 1 1 1 3 2 2 1
-0.1494903950273546 1 1 1 3 2 2 3
0.0183538499273814 1 1 1 3 2 3 2
-0.1272030367658472 1 1 1 3 3 0 0
-0.014873509478525 1 1 1 3 3 0 1
-0.1279292320451273 1 1 1 3 3 0 3
-0.1039400077458164 1 1 1 3 3 1 0
-0.08861914655839 1 1 1 3 3 1 1
-0.0239336527469827 1 1 1 3 3 1 3
0.0168357440840819 1 1 1 3 3 2 2
0.1133694510968617 1 1 1 3 3 3 0
-0.1582754513206574 1 1 1 3 3 3 1
0.0035681561643867 1 1 1 3 3 3 3
0.0871894149036516 1 1 2 0 0 0 2
-0.0717986530880577 1 1 2 0 0 1 2
-0.0354750017105342 1 1 2 0 0 2 0
-0.1440879114010359 1 1 2 0 0 2 1
0.0850301844735147 1 1 2 0 0 2 3
0.047705991884093 1 1 2 0 0 3 2
0.1095100958284183 1 1 2 0 1 0 2
0.1547975222694269 1 1 2 0 1 1 2
-0.0369981938844138 1 1 2 0 1 2 0
-0.0651383849041146 1 1 2 0 1 2 1
0.0090391663569213 1 1 2 0 1 2 3
-0.0148378955909884 1 1 2 0 1 3 2
0.0337431925118388 1 1 2 0 2 0 0
0.0987537596380565 1 1 2 0 2 0 1
-0.0013013335466154 1 1 2 0 2 0 3
0.138065591155677 1 1 2 0 2 1 0
-0.0747283352097058 1 1 2 0 2 1 1
0.251582277473245 1 1 2 0 2 1 3
-0.0350577796002674 1 1 2 0 2 2 2
-0.1518662152610306 1 1 2 0 2 3 0
-0.0581229398611868 1 1 2 0 2 3 1
-0.050762787697789 1 1 2 0 2 3 3
0.0313030195954844 1 1 2 0 3 0 2
-0.2047882098851106 1 1 2 0 3 1 2
-0.0988581938782466 1 1 2 0 3 2 0
-0.0145897057298306 1 1 2 0 3 2 1
0.0415408295083795 1 1 2 0 3 2 3
0.0048193661412496 1 1 2 0 3 3 2
0.1232019071011746 1 1 2 1 0 0 2
0.0835486635837126 1 1 2 1 0 1 2
-0.1719425438857894 1 1 2 1 0 2 0
0.0049184629246453 1 1 2 1 0 2 1
-0.0896442271061726 1 1 2 1 0 2 3
0.0460769718811323 1 1 2 1 0 3 2
0.0609674287001833 1 1 2 1 1 0 2
-0.1560487463834272 1 1 2 1 1 1 2
-0.1252973042629441 1 1 2 1 1 2 0
-0.0885456645767672 1 1 2 1 1 2 1
-0.091048391550193 1 1 2 1 1 2 3
0.1153367391683325 1 1 2 1 1 3 2
0.0796954514100287 1 1 2 1 2 0 0
0.0383077108283742 1 1 2 1 2 0 1
-0.0201646557678592 1 1 2 1 2 0 3
-0.0550210306196546 1 1 2 1 2 1 0
-0.017229250046187 1 1 2 1 2 1 1
0.1232090265872406 1 1 2 1 2 1 3
0.0436804239692622 1 1 2 1 2 2 2
-0.0350866559338048 1 1 2 1 2 3 0
0.1707332070372909 1 1 2 1 2 3 1
-0.0903019888236832 1 1 2 1 2 3 3
-0.0114538899229601 1 1 2 1 3 0 2
-0.0432544776992135 1 1 2 1 3 1 2
0.1027647145038335 1 1 2 1 3 2 0
0.0459207000548519 1 1 2 1 3 2 1
-0.1070548856001005 1 1 2 1 3 2 3
0.0524945921077612 1 1 2 1 3 3 2
0.1152891545250568 1 1 2 2 0 0 0
-0.027601456840258 1 1 2 2 0 0 1
-0.0111070475781796 1 1 2 2 0 0 3
0.005894690781416 1 1 2 2 0 1 0
0.0853423398171642 1 1 2 2 0 1 1
-0.0475453600172652 1 1 2 2 0 1 3
-0.0048808225652288 1 1 2 2 0 2 2
-0.0103960544911166 1 1 2 2 0 3 0
0.0943660278641556 1 1 2 2 0 3 1
-0.1083177323346434 1 1 2 2 0 3 3
-0.0848344998853364 1 1 2 2 1 0 0
0.1228048384482415 1 1 2 2 1 0 1
0.0103876387288062 1 1 2 2 1 0 3
-0.1606493204124747 1 1 2 2 1 1 0
-0.0296841482711125 1 1 2 2 1 1 1
-0.0476474876516347 1 1 2 2 1 1 3
0.0360257686299821 1 1 2 2 1 2 2
0.1528753782405864 1 1 2 2 1 3 0
0.0164505537128286 1 1 2 2 1 3 1
0.0203499646340977 1 1 2 2 1 3 3
-0.0620737672667758 1 1 2 2 2 0 2
0.0052997839986637 1 1 2 2 2 1 2
0.0319715235325354 1 1 2 2 2 2 0
0.016361803853843 1 1 2 2 2 2 1
0.0559250048301887 1 1 2 2 2 2 3
0.0534867177897826 1 1 2 2 2 3 2
-0.0314254507429826 1 1 2 2 3 0 0
-0.0061887858954943 1 1 2 2 3 0 1
-0.0689824089868738 1 1 2 2 3 0 3
-0.1289995035424472 1 1 2 2 3 1 0
0.1520797890182616 1 1 2 2 3 1 1
-0.0061019541202147 1 1 2 2 3 1 3
-0.002730520771833 1 1 2 2 3 2 2
0.0438082956461628 1 1 2 2 3 3 0
-0.0935154790837931 1 1 2 2 3 3 1
-0.1778171243779779 1 1 2 2 3 3 3
-0.1141344989406916 1 1 2 3 0 0 2
0.0335399796397741 1 1 2 3 0 1 2
-0.0816848829668937 1 1 2 3 0 2 0
-0.0180905008813438 1 1 2 3 0 2 1
0.1778983192066142 1 1 2 3 0 2 3
0.0174231817896454 1 1 2 3 0 3 2
-0.1713914583327934 1 1 2 3 1 0 2
0.2037856391154512 1 1 2 3 1 1 2
-0.0157544687377615 1 1 2 3 1 2 0
-0.0508442922464129 1 1 2 3 1 2 1
0.0327601268402338 1 1 2 3 1 2 3
0.05489142276921 1 1 2 3 1 3 2
-0.1152015294234522 1 1 2 3 2 0 0
0.1094913624530942 1 1 2 3 2 0 1
0.0628621532994332 1 1 2 3 2 0 3
0.0219290428815625 1 1 2 3 2 1 0
-0.1393235601729263 1 1 2 3 2 1 1
-0.0592090610142686 1 1 2 3 2 1 3
-0.07298659522461 1 1 2 3 2 2 2
-0.1137987922156556 1 1 2 3 2 3 0
0.0504266396843474 1 1 2 3 2 3 1
0.0694484915635699 1 1 2 3 2 3 3
0.0681852964590992 1 1 2 3 3 0 2
0.1944387513565105 1 1 2 3 3 1 2
-0.1154877959239713 1 1 2 3 3 2 0
0.0374801741295434 1 1 2 3 3 2 1
0.0967648544452463 1 1 2 3 3 2 3
0.0285754733193235 1 1 2 3 3 3 2
-0.0118961478001167 1 1 3 0 0 0 0
-0.0476172568618677 1 1 3 0 0 0 1
-0.150457925284899 1 1 3 0 0 0 3
-0.0295485569119998 1 1 3 0 0 1 0
-0.0543858616890647 1 1 3 0 0 1 1
-0.0029138276011865 1 1 3 0 0 1 3
0.1286953727473554 1 1 3 0 0 2 2
0.011245403977688 1 1 3 0 0 3 0
-0.2318762846804134 1 1 3 0 0 3 1
-0.0697860902056128 1 1 3 0 0 3 3
0.1825237652775697 1 1 3 0 1 0 0
0.036095714423938 1 1 3 0 1 0 1
-0.0288908729722121 1 1 3 0 1 0 3
-0.0631057522853553 1 1 3 0 1 1 0
-0.0613180477766969 1 1 3 0 1 1 1
-0.031367775272308 1 1 3 0 1 1 3
-0.0278473625935594 1 1 3 0 1 2 2
0.0327398282357802 1 1 3 0 1 3 0
-0.0471519071669667 1 1 3 0 1 3 1
0.1316171771631699 1 1 3 0 1 3 3
0.0894759394784745 1 1 3 0 2 0 2
-0.0155559617519436 1 1 3 0 2 1 2
0.0321008966581901 1 1 3 0 2 2 0
-0.0391137001258767 1 1 3 0 2 2 1
-0.037883508399987 1 1 3 0 2 2 3
0.0238911813517649 1 1 3 0 2 3 2
0.1056140036168952 1 1 3 0 3 0 0
-0.0147615121161993 1 1 3 0 3 0 1
-0.0076885752395345 1 1 3 0 3 0 3
0.0233206307745255 1 1 3 0 3 1 0
-0.0126015294668995 1 1 3 0 3 1 1
0.0173832510613326 1 1 3 0 3 1 3
-0.0438821553476211 1 1 3 0 3 2 2
-0.0575057032936011 1 1 3 0 3 3 0
0.0669345376504659 1 1 3 0 3 3 1
-0.0123424870457544 1 1 3 0 3 3 3
-0.0098323253955107 1 1 3 1 0 0 0
0.0784311190023595 1 1 3 1 0 0 1
0.0277354150146655 1 1 3 1 0 0 3
0.1190749717927371 1 1 3 1 0 1 0
0.0265210010257782 1 1 3 1 0 1 1
0.1726925692887672 1 1 3 1 0 1 3
-0.0729896141148472 1 1 3 1 0 2 2
-0.1247912662289566 1 1 3 1 0 3 0
0.0332292817103217 1 1 3 1 0 3 1
0.100410204024165 1 1 3 1 0 3 3
-0.2172092043500613 1 1 3 1 1 0 0
-0.0424034722805565 1 1 3 1 1 0 1
0.004827716467777 1 1 3 1 1 0 3
0.0245878056417115 1 1 3 1 1 1 0
-0.1606492401813159 1 1 3 1 1 1 1
-0.0268488421845032 1 1 3 1 1 1 3
-0.1543554658917108 1 1 3 1 1 2 2
0.2487549725240073 1 1 3 1 1 3 0
-0.1758817531039534 1 1 3 1 1 3 1
0.1088601259419624 1 1 3 1 1 3 3
-0.0849507093246108 1 1 3 1 2 0 2
-0.0531952432301939 1 1 3 1 2 1 2
0.1410687027739475 1 1 3 1 2 2 0
0.0126875853372212 1 1 3 1 2 2 1
-0.0784520358040359 1 1 3 1 2 2 3
0.2091648405572073 1 1 3 1 2 3 2
-0.1628636168490896 1 1 3 1 3 0 0
-0.0339766880871039 1 1 3 1 3 0 1
-0.0208393194011546 1 1 3 1 3 0 3
0.0376383703624356 1 1 3 1 3 1 0
0.1016775171815933 1 1 3 1 3 1 1
0.0358688114559386 1 1 3 1 3 1 3
0.0465016804159104 1 1 3 1 3 2 2
0.0430162606515692 1 1 3 1 3 3 0
0.0639286835800046 1 1 3 1 3 3 1
0.0283588672980776 1 1 3 1 3 3 3
-0.0459773246206065 1 1 3 2 0 0 2
0.1101452376637194 1 1 3 2 0 1 2
-0.0525630643818477 1 1 3 2 0 2 0
-0.0402359297746599 1 1 3 2 0 2 1
0.0804776356528512 1 1 3 2 0 2 3
0.0828195603545803 1 1 3 2 0 3 2
0.2087183485982705 1 1 3 2 1 0 2
0.0662936292335552 1 1 3 2 1 1 2
-0.0442375696493305 1 1 3 2 1 2 0
0.0638261535363408 1 1 3 2 1 2 1
0.0427779613035286 1 1 3 2 1 2 3
-0.012017111604348 1 1 3 2 1 3 2
-0.0403958648974348 1 1 3 2 2 0 0
-0.0866833354293781 1 1 3 2 2 0 1
0.0543623224780637 1 1 3 2 2 0 3
0.0978485960554315 1 1 3 2 2 1 0
-0.0585684242969051 1 1 3 2 2 1 1
-0.0106119740912657 1 1 3 2 2 1 3
0.1764426274279903 1 1 3 2 2 2 2
-0.1962394852773579 1 1 3 2 2 3 0
-0.0589649034328981 1 1 3 2 2 3 1
-0.057536806249647 1 1 3 2 2 3 3
0.1552138270530144 1 1 3 2 3 0 2
-0.0018628237387834 1 1 3 2 3 1 2
0.0018151666000547 1 1 3 2 3 2 0
0.0310347550881056 1 1 3 2 3 2 1
0.1284436991094572 1 1 3 2 3 2 3
0.1282889828170044 1 1 3 2 3 3 2
-0.0718369902461262 1 1 3 3 0 0 0
0.0071934454370706 1 1 3 3 0 0 1
-0.1035882466197853 1 1 3 3 0 0 3
-0.0298283057676183 1 1 3 3 0 1 0
0.0811871131789459 1 1 3 3 0 1 1
0.0348578314614516 1 1 3 3 0 1 3
0.0167955126429639 1 1 3 3 0 2 2
0.0622502439783785 1 1 3 3 0 3 0
0.0970432058990588 1 1 3 3 0 3 1
-0.116064094244953 1 1 3 3 0 3 3
0.0231344123405388 1 1 3 3 1 0 0
-0.0490297558596762 1 1 3 3 1 0 1
-0.0026055098197043 1 1 3 3 1 0 3
0.058847244371915 1 1 3 3 1 1 0
-0.0609083770968002 1 1 3 3 1 1 1
0.0214114474821457 1 1 3 3 1 1 3
-0.0165591571152285 1 1 3 3 1 2 2
-0.0437165492839344 1 1 3 3 1 3 0
0.0124219857051969 1 1 3 3 1 3 1
0.0691654821373038 1 1 3 3 1 3 3
-0.0005377086436463 1 1 3 3 2 0 2
0.0078351237721238 1 1 3 3 2 1 2
0.0620962561466116 1 1 3 3 2 2 0
-0.0762165634656804 1 1 3 3 2 2 1
-0.0512858609470917 1 1 3 3 2 2 3
0.0802905370617582 1 1 3 3 2 3 2
0.0056314556038224 1 1 3 3 3 0 0
0.0906171890778702 1 1 3 3 3 0 1
0.0164089080519393 1 1 3 3 3 0 3
-0.0350412666237372 1 1 3 3 3 1 0
-0.0308742453032894 1 1 3 3 3 1 1
0.100189425843722 1 1 3 3 3 1 3
-0.0938043383726343 1 1 3 3 3 2 2
-0.0720330659899064 1 1 3 3 3 3 0
0.0784487507327678 1 1 3 3 3 3 1
0.101900344403389 1 1 3 3 3 3 3
0.019732577959883 1 2 0 0 0 0 2
0.0017015227435798 1 2 0 0 0 1 2
-0.0666473081960976 1 2 0 0 0 2 0
0.0508514920104617 1 2 0 0 0 2 1
-0.0308465355828494 1 2 0 0 0 2 3
-0.1665300058457274 1 2 0 0 0 3 2
-0.0569543914002926 1 2 0 0 1 0 2
0.0391270057435363 1 2 0 0 1 1 2
-0.0543709594580092 1 2 0 0 1 2 0
0.0636807991580182 1 2 0 0 1 2 1
-0.060208804196181 1 2 0 0 1 2 3
-0.0481158073844205 1 2 0 0 1 3 2
-0.0587931439704803 1 2 0 0 2 0 0
0.0415170097363116 1 2 0 0 2 0 1
-0.0757800701667288 1 2 0 0 2 0 3
-0.062186251727568 1 2 0 0 2 1 0
0.1029221648001356 1 2 0 0 2 1 1
-0.0890415275125326 1 2 0 0 2 1 3
-0.0636966000358328 1 2 0 0 2 2 2
0.1604524522108353 1 2 0 0 2 3 0
0.0365383876980389 1 2 0 0 2 3 1
0.1206100626333088 1 2 0 0 2 3 3
0.0898797487851132 1 2 0 0 3 0 2
-0.0942419045591921 1 2 0 0 3 1 2
-0.0625035437497336 1 2 0 0 3 2 0
0.0753969203044219 1 2 0 0 3 2 1
0.0174627789406669 1 2 0 0 3 2 3
0.0407366788614327 1 2 0 0 3 3 2
0.2144512359892916 1 2 0 1 0 0 2
-0.014945097373312 1 2 0 1 0 1 2
-0.0214126739675056 1 2 0 1 0 2 0
0.1414652811781648 1 2 0 1 0 2 1
0.1500088386041606 1 2 0 1 0 2 3
-0.0533207657672653 1 2 0 1 0 3 2
-0.0234898131464841 1 2 0 1 1 0 2
0.0073618202019408 1 2 0 1 1 1 2
0.0994185661599538 1 2 0 1 1 2 0
-0.0740315454848777 1 2 0 1 1 2 1
0.1397680330173937 1 2 0 1 1 2 3
0.1614820461458487 1 2 0 1 1 3 2
-0.1723810915143348 1 2 0 1 2 0 0
0.0016151774032679 1 2 0 1 2 0 1
-0.1613108670409709 1 2 0 1 2 0 3
-0.1003554981964838 1 2 0 1 2 1 0
0.0623917272441165 1 2 0 1 2 1 1
-0.1292451227391059 1 2 0 1 2 1 3
-0.0138711119642838 1 2 0 1 2 2 2
0.0700599896771704 1 2 0 1 2 3 0
-0.0419818629519694 1 2 0 1 2 3 1
0.0887273428661057 1 2 0 1 2 3 3
-0.0998665855878248 1 2 0 1 3 0 2
0.112245334716929 1 2 0 1 3 1 2
-0.0780130759321577 1 2 0 1 3 2 0
-0.0441146145751698 1 2 0 1 3 2 1
-0.0436764265758982 1 2 0 1 3 2 3
0.1239565048499205 1 2 0 1 3 3 2
-0.0351772909158973 1 2 0 2 0 0 0
-0.1721047577841533 1 2 0 2 0 0 1
-0.009325168471103 1 2 0 2 0 0 3
0.054481558083933 1 2 0 2 0 1 0
0.0690301962728962 1 2 0 2 0 1 1
-0.0422800478907741 1 2 0 2 0 1 3
-0.0448824231072144 1 2 0 2 0 2 2
0.0955781093766356 1 2 0 2 0 3 0
-0.0023260007616065 1 2 0 2 0 3 1
0.0396799434924563 1 2 0 2 0 3 3
0.0447375673915405 1 2 0 2 1 0 0
0.0180465111444259 1 2 0 2 1 0 1
-0.0908523930875976 1 2 0 2 1 0 3
-0.1941210790846894 1 2 0 2 1 1 0
-0.0147599199379455 1 2 0 2 1 1 1
0.1795231549864776 1 2 0 2 1 1 3
-0.1649924277568761 1 2 0 2 1 2 2
0.0082822356414777 1 2 0 2 1 3 0
-0.1683520890541778 1 2 0 2 1 3 1
0.1882298601645604 1 2 0 2 1 3 3
0.1204297485573363 1 2 0 2 2 0 2
0.009018655171728 1 2 0 2 2 1 2
0.1547052768960393 1 2 0 2 2 2 0
-0.0609050548149479 1 2 0 2 2 2 1
-0.0104434613862218 1 2 0 2 2 2 3
0.1379094376514281 1 2 0 2 2 3 2
0.1374425653589792 1 2 0 2 3 0 0
-0.1083851580700964 1 2 0 2 3 0 1
-0.0005781513581936 1 2 0 2 3 0 3
0.113534133167364 1 2 0 2 3 1 0
0.0550807765414643 1 2 0 2 3 1 1
0.0963346207858381 1 2 0 2 3 1 3
0.1582100964886846 1 2 0 2 3 2 2
0.0101420722677945 1 2 0 2 3 3 0
0.0956472554503378 1 2 0 2 3 3 1
-0.0542397396168596 1 2 0 2 3 3 3
-0.0533907007545887 1 2 0 3 0 0 2
-0.0354923466108373 1 2 0 3 0 1 2
0.1486183078524506 1 2 0 3 0 2 0
0.0385811409579869 1 2 0 3 0 2 1
-0.0420013862805639 1 2 0 3 0 2 3
-0.1562438820172004 1 2 0 3 0 3 2
-0.0746154852993366 1 2 0 3 1 0 2
-0.0329065769677001 1 2 0 3 1 1 2
0.0166258075623702 1 2 0 3 1 2 0
-0.0389825946903662 1 2 0 3 1 2 1
-0.0554701200705506 1 2 0 3 1 2 3
-0.1835767979924924 1 2 0 3 1 3 2
0.1521097642456327 1 2 0 3 2 0 0
-0.1730713406579075 1 2 0 3 2 0 1
-0.1168332680431967 1 2 0 3 2 0 3
-0.0715260759525615 1 2 0 3 2 1 0
-0.0589327445876907 1 2 0 3 2 1 1
-0.0099993965059917 1 2 0 3 2 1 3
-0.1533866740199253 1 2 0 3 2 2 2
-0.1375720364771774 1 2 0 3 2 3 0
0.0166909758152442 1 2 0 3 2 3 1
-0.115516487542926 1 2 0 3 2 3 3
0.0858542053423469 1 2 0 3 3 0 2
0.0460546329972857 1 2 0 3 3 1 2
0.0793749627553949 1 2 0 3 3 2 0
-0.0591789578891578 1 2 0 3 3 2 1
-0.1245886814198562 1 2 0 3 3 2 3
0.1031001952698781 1 2 0 3 3 3 2
0.0328979088132855 1 2 1 0 0 0 2
0.1687730409946946 1 2 1 0 0 1 2
-0.0416226490255056 1 2 1 0 0 2 0
-0.0653756083465684 1 2 1 0 0 2 1
-0.1365981592739396 1 2 1 0 0 2 3
-0.0712352028393743 1 2 1 0 0 3 2
-0.1522080242315761 1 2 1 0 1 0 2
0.0952029924272402 1 2 1 0 1 1 2
0.0464907533842831 1 2 1 0 1 2 0
-0.0313422733485155 1 2 1 0 1 2 1
0.0341620148852336 1 2 1 0 1 2 3
-0.1464419669759359 1 2 1 0 1 3 2
0.1334610981294655 1 2 1 0 2 0 0
0.0761623347260164 1 2 1 0 2 0 1
-0.0089259766498507 1 2 1 0 2 0 3
-0.0999784153062645 1 2 1 0 2 1 0
0.0539947985976066 1 2 1 0 2 1 1
0.0106086356525273 1 2 1 0 2 1 3
0.1450243891697812 1 2 1 0 2 2 2
-0.0076086042047185 1 2 1 0 2 3 0
-0.0196973843190665 1 2 1 0 2 3 1
-0.0212429288181001 1 2 1 0 2 3 3
0.0883424539803415 1 2 1 0 3 0 2
-0.0548867389000471 1 2 1 0 3 1 2
0.0300133349204276 1 2 1 0 3 2 0
-0.0867571438856889 1 2 1 0 3 2 1
0.0651070845945184 1 2 1 0 3 2 3
0.0112477912087192 1 2 1 0 3 3 2
-0.1481263381135897 1 2 1 1 0 0 2
-0.0020843694912578 1 2 1 1 0 1 2
0.0244438818968603 1 2 1 1 0 2 0
0.0791484078596034 1 2 1 1 0 2 1
0.0040991790489595 1 2 1 1 0 2 3
0.1292803643562639 1 2 1 1 0 3 2
0.062073977333206 1 2 1 1 1 0 2
-0.0097074058905432 1 2 1 1 1 1 2
0.1448737746666017 1 2 1 1 1 2 0
-0.0786548412920905 1 2 1 1 1 2 1
0.0601697908499174 1 2 1 1 1 2 3
0.1264622739459833 1 2 1 1 1 3 2
-0.0243180757231092 1 2 1 1 2 0 0
-0.0555561475353107 1 2 1 1 2 0 1
0.0683075430390554 1 2 1 1 2 0 3
0.0441751824171022 1 2 1 1 2 1 0
0.0830207517986123 1 2 1 1 2 1 1
-0.1036051155578567 1 2 1 1 2 1 3
-0.0394306283102761 1 2 1 1 2 2 2
0.0035623814441784 1 2 1 1 2 3 0
0.0536024326171339 1 2 1 1 2 3 1
0.0029463978962131 1 2 1 1 2 3 3
-0.0271161296806218 1 2 1 1 3 0 2
0.0957128520234678 1 2 1 1 3 1 2
0.0783779396088438 1 2 1 1 3 2 0
0.0417062282411746 1 2 1 1 3 2 1
0.0521478848673158 1 2 1 1 3 2 3
-0.0232950412021456 1 2 1 1 3 3 2
-0.1569595187910982 1 2 1 2 0 0 0
-0.0930516529772425 1 2 1 2 0 0 1
-0.0426120927410872 1 2 1 2 0 0 3
0.0068689340628127 1 2 1 2 0 1 0
0.0270217496523773 1 2 1 2 0 1 1
-0.0227528628403282 1 2 1 2 0 1 3
0.0227063399200671 1 2 1 2 0 2 2
-0.1289758832907567 1 2 1 2 0 3 0
-0.0137960073911293 1 2 1 2 0 3 1
-0.0397491548253405 1 2 1 2 0 3 3
0.0158099799455929 1 2 1 2 1 0 0
0.0326553997757537 1 2 1 2 1 0 1
0.0606998408961119 1 2 1 2 1 0 3
0.0190112391629308 1 2 1 2 1 1 0
0.0525314044584384 1 2 1 2 1 1 1
-0.0779438776476378 1 2 1 2 1 1 3
-0.057213696809901 1 2 1 2 1 2 2
-0.0572453034257975 1 2 1 2 1 3 0
0.1708487766335053 1 2 1 2 1 3 1
0.0384833059243608 1 2 1 2 1 3 3
-0.0326148369243211 1 2 1 2 2 0 2
-0.036849568609015 1 2 1 2 2 1 2
-0.0672665737654317 1 2 1 2 2 2 0
0.0819346046205783 1 2 1 2 2 2 1
-0.0777641546077746 1 2 1 2 2 2 3
0.0406572538459068 1 2 1 2 2 3 2
-0.119700023303143 1 2 1 2 3 0 0
-0.0532219265231817 1 2 1 2 3 0 1
0.0511819513953524 1 2 1 2 3 0 3
-0.0586650382346149 1 2 1 2 3 1 0
-0.0089455713645537 1 2 1 2 3 1 1
0.0450981899696323 1 2 1 2 3 1 3
-0.0489270418216739 1 2 1 2 3 2 2
0.0607779911507402 1 2 1 2 3 3 0
0.0149422972109797 1 2 1 2 3 3 1
0.022239080917667 1 2 1 2 3 3 3
-0.0223075032423661 1 2 1 3 0 0 2
-0.0957347496579564 1 2 1 3 0 1 2
-0.0558127649036731 1 2 1 3 0 2 0
-0.0610643166170947 1 2 1 3 0 2 1
-0.0977025556214741 1 2 1 3 0 2 3
0.0718380701052818 1 2 1 3 0 3 2
-0.1772415444424775 1 2 1 3 1 0 2
0.0952289127698213 1 2 1 3 1 1 2
0.0697112812753893 1 2 1 3 1 2 0
-0.0346613632629522 1 2 1 3 1 2 1
0.0211266323204357 1 2 1 3 1 2 3
-0.1118184976964395 1 2 1 3 1 3 2
0.0448871432938484 1 2 1 3 2 0 0
0.0269140465985693 1 2 1 3 2 0 1
0.0720628913620183 1 2 1 3 2 0 3
0.1336272918662644 1 2 1 3 2 1 0
0.05844717353823 1 2 1 3 2 1 1
0.1049773601486293 1 2 1 3 2 1 3
0.0729640271823846 1 2 1 3 2 2 2
-0.0457164698166984 1 2 1 3 2 3 0
-0.0286473033534901 1 2 1 3 2 3 1
0.0339628428594824 1 2 1 3 2 3 3
0.1272793948994594 1 2 1 3 3 0 2
-0.1351790025181495 1 2 1 3 3 1 2
-0.15794257459855 1 2 1 3 3 2 0
0.0232189907115809 1 2 1 3 3 2 1
-0.0788455261214676 1 2 1 3 3 2 3
0.0568701831907933 1 2 1 3 3 3 2
-0.1264604286060025 1 2 2 0 0 0 0
-0.1492917162268969 1 2 2 0 0 0 1
0.0866510204578 1 2 2 0 0 0 3
0.1030404083148427 1 2 2 0 0 1 0
0.0330044950038575 1 2 2 0 0 1 1
-0.1095271615107042 1 2 2 0 0 1 3
0.0191662742730212 1 2 2 0 0 2 2
0.1276522693244215 1 2 2 0 0 3 0
0.0632088204570186 1 2 2 0 0 3 1
-0.173220848114065 1 2 2 0 0 3 3
-0.09231981706302 1 2 2 0 1 0 0
0.0007299095788529 1 2 2 0 1 0 1
0.051290439582563 1 2 2 0 1 0 3
0.2237004677590096 1 2 2 0 1 1 0
0.128886887574654 1 2 2 0 1 1 1
-0.0981156621601242 1 2 2 0 1 1 3
0.1713827291222215 1 2 2 0 1 2 2
-0.0688766841597434 1 2 2 0 1 3 0
0.0403884705209211 1 2 2 0 1 3 1
-0.0227509547630129 1 2 2 0 1 3 3
0.0487502944872585 1 2 2 0 2 0 2
0.141162530412178 1 2 2 0 2 1 2
0.0643569995251186 1 2 2 0 2 2 0
0.0599822169586842 1 2 2 0 2 2 1
-0.0870542900337454 1 2 2 0 2 2 3
0.1394596318803607 1 2 2 0 2 3 2
-0.2291259503491041 1 2 2 0 3 0 0
-0.0399886953741493 1 2 2 0 3 0 1
0.1913863724398106 1 2 2 0 3 0 3
0.0059773809265699 1 2 2 0 3 1 0
-0.107738878833813 1 2 2 0 3 1 1
0.0479564388511596 1 2 2 0 3 1 3
0.0152132601932285 1 2 2 0 3 2 2
-0.1427973625034259 1 2 2 0 3 3 0
-0.0004889781981147 1 2 2 0 3 3 1
0.0682664708178301 1 2 2 0 3 3 3
-0.0419968711891072 1 2 2 1 0 0 0
-0.0091824901110406 1 2 2 1 0 0 1
-0.052040350697052 1 2 2 1 0 0 3
-0.0716400505108032 1 2 2 1 0 1 0
-0.0239630934462836 1 2 2 1 0 1 1
0.0620371998205735 1 2 2 1 0 1 3
-0.0774616905830201 1 2 2 1 0 2 2
-0.1386072365415587 1 2 2 1 0 3 0
-0.0531806946609959 1 2 2 1 0 3 1
-0.0370530820288503 1 2 2 1 0 3 3
0.0513383904050601 1 2 2 1 1 0 0
-0.0104954545977656 1 2 2 1 1 0 1
0.1577754038758774 1 2 2 1 1 0 3
0.0094022774308641 1 2 2 1 1 1 0
0.1133288187685346 1 2 2 1 1 1 1
0.0544801357100357 1 2 2 1 1 1 3
-0.0436123341316206 1 2 2 1 1 2 2
0.0283403485104874 1 2 2 1 1 3 0
-0.099354916119191 1 2 2 1 1 3 1
-0.0358257112758326 1 2 2 1 1 3 3
-0.1020125016353819 1 2 2 1 2 0 2
0.0090044854987229 1 2 2 1 2 1 2
0.0930015109888041 1 2 2 1 2 2 0
0.0166573807827684 1 2 2 1 2 2 1
0.0334916767669037 1 2 2 1 2 2 3
0.0075813905846078 1 2 2 1 2 3 2
0.1237322921831245 1 2 2 1 3 0 0
0.0575920450611473 1 2 2 1 3 0 1
-0.1006722294000508 1 2 2 1 3 0 3
-0.1066653270559999 1 2 2 1 3 1 0
-0.063041174790127 1 2 2 1 3 1 1
0.2164302339112177 1 2 2 1 3 1 3
0.0066856300806307 1 2 2 1 3 2 2
0.132036437735586 1 2 2 1 3 3 0
-0.0738574072903069 1 2 2 1 3 3 1
0.0045370920467175 1 2 2 1 3 3 3
-0.0503975397390125 1 2 2 2 0 0 2
0.0288751335690901 1 2 2 2 0 1 2
-0.0252572932659623 1 2 2 2 0 2 0
-0.1250855228263019 1 2 2 2 0 2 1
0.0802456323082241 1 2 2 2 0 2 3
-0.0353164184957066 1 2 2 2 0 3 2
-0.0462881183813425 1 2 2 2 1 0 2
-0.0476224053170432 1 2 2 2 1 1 2
-0.031575532335283 1 2 2 2 1 2 0
-0.0901751092458997 1 2 2 2 1 2 1
-0.0120552416311564 1 2 2 2 1 2 3
0.0668484964567211 1 2 2 2 1 3 2
-0.0372789452404707 1 2 2 2 2 0 0
-0.0049054870542314 1 2 2 2 2 0 1
-0.0025645189799652 1 2 2 2 2 0 3
-0.0632631819767941 1 2 2 2 2 1 0
0.0244455565037509 1 2 2 2 2 1 1
0.110425961204814 1 2 2 2 2 1 3
-0.0615970436477213 1 2 2 2 2 2 2
-0.0095884605818009 1 2 2 2 2 3 0
-0.0470054419539221 1 2 2 2 2 3 1
0.0091532093460806 1 2 2 2 2 3 3
0.1254416769930277 1 2 2 2 3 0 2
0.0963479314439861 1 2 2 2 3 1 2
-0.0803515465052783 1 2 2 2 3 2 0
-0.0593763449618583 1 2 2 2 3 2 1
0.0412191354519278 1 2 2 2 3 2 3
-0.0984605133891362 1 2 2 2 3 3 2
0.1423139708476014 1 2 2 3 0 0 0
-0.0260096454773942 1 2 2 3 0 0 1
-0.103022748407842 1 2 2 3 0 0 3
0.1489092133784564 1 2 2 3 0 1 0
-0.0861177980756781 1 2 2 3 0 1 1
0.252098396500364 1 2 2 3 0 1 3
-0.0701309247517534 1 2 2 3 0 2 2
-0.1090535355555754 1 2 2 3 0 3 0
-0.0260028409276546 1 2 2 3 0 3 1
-0.168254941783652 1 2 2 3 0 3 3
0.0598365057657366 1 2 2 3 1 0 0
0.0147441750319537 1 2 2 3 1 0 1
0.0580284742414984 1 2 2 3 1 0 3
-0.0581094774098045 1 2 2 3 1 1 0
-0.0005007128867404 1 2 2 3 1 1 1
0.06570375874436 1 2 2 3 1 1 3
-0.0078649676903543 1 2 2 3 1 2 2
0.0706671265547689 1 2 2 3 1 3 0
-0.0856300293474338 1 2 2 3 1 3 1
-0.0740775151607286 1 2 2 3 1 3 3
-0.0080775351118354 1 2 2 3 2 0 2
0.1588763557611723 1 2 2 3 2 1 2
0.0625854584902091 1 2 2 3 2 2 0
0.0208149350710547 1 2 2 3 2 2 1
-0.0451317597138446 1 2 2 3 2 2 3
0.0592606653197939 1 2 2 3 2 3 2
-0.0530679689336467 1 2 2 3 3 0 0
-0.1049255125068543 1 2 2 3 3 0 1
0.0011556114216452 1 2 2 3 3 0 3
-0.0774295996927676 1 2 2 3 3 1 0
-0.0520706459786793 1 2 2 3 3 1 1
-0.134644171691953 1 2 2 3 3 1 3
-0.0355894485614573 1 2 2 3 3 2 2
0.1215885269472815 1 2 2 3 3 3 0
-0.0456848785564591 1 2 2 3 3 3 1
0.0233073719412863 1 2 2 3 3 3 3
0.0019653271200519 1 2 3 0 0 0 2
-0.0509779409012492 1 2 3 0 0 1 2
-0.0485127146348588 1 2 3 0 0 2 0
0.0615213756441592 1 2 3 0 0 2 1
-0.0360298232761371 1 2 3 0 0 2 3
-0.0992619226284603 1 2 3 0 0 3 2
0.1799579951059868 1 2 3 0 1 0 2
-0.1314987849579392 1 2 3 0 1 1 2
0.112270189397232 1 2 3 0 1 2 0
-0.0869340991982411 1 2 3 0 1 2 1
0.0815000432644644 1 2 3 0 1 2 3
0.048077903568996 1 2 3 0 1 3 2
-0.0004530930530787 1 2 3 0 2 0 0
0.0279683746464225 1 2 3 0 2 0 1
-0.0411825791127154 1 2 3 0 2 0 3
-0.0699096234289137 1 2 3 0 2 1 0
-0.1055302117255846 1 2 3 0 2 1 1
0.1836245413178664 1 2 3 0 2 1 3
0.035157166295449 1 2 3 0 2 2 2
-0.0058564465580664 1 2 3 0 2 3 0
-0.0045623398849593 1 2 3 0 2 3 1
-0.0174281658017461 1 2 3 0 2 3 3
0.1265878391779229 1 2 3 0 3 0 2
0.0053466840741688 1 2 3 0 3 1 2
0.019809635855338 1 2 3 0 3 2 0
-0.010473837428922 1 2 3 0 3 2 1
-0.0133579923955906 1 2 3 0 3 2 3
0.1502953702331442 1 2 3 0 3 3 2
-0.1290724638773031 1 2 3 1 0 0 2
0.1033685518073177 1 2 3 1 0 1 2
-0.0303095325902316 1 2 3 1 0 2 0
0.070396475150709 1 2 3 1 0 2 1
-0.1678434478885148 1 2 3 1 0 2 3
-0.0233371134660734 1 2 3 1 0 3 2
-0.0303869481964456 1 2 3 1 1 0 2
-0.2054496069887845 1 2 3 1 1 1 2
-0.1440042792576218 1 2 3 1 1 2 0
0.0805355035754192 1 2 3 1 1 2 1
-0.0861916305971967 1 2 3 1 1 2 3
0.0065219622316669 1 2 3 1 1 3 2
0.0471527665872956 1 2 3 1 2 0 0
0.018693764496668 1 2 3 1 2 0 1
-0.0011299396802558 1 2 3 1 2 0 3
-0.0643753295064364 1 2 3 1 2 1 0
-0.02924596023525 1 2 3 1 2 1 1
-0.0636390129708213 1 2 3 1 2 1 3
-0.1471082769598073 1 2 3 1 2 2 2
0.2277840985075567 1 2 3 1 2 3 0
0.0323544135246266 1 2 3 1 2 3 1
-0.1073487201939161 1 2 3 1 2 3 3
0.0225319845990228 1 2 3 1 3 0 2
0.0414915079696905 1 2 3 1 3 1 2
-0.0394185006694881 1 2 3 1 3 2 0
0.0690869430372962 1 2 3 1 3 2 1
0.0228799020437842 1 2 3 1 3 2 3
-0.0890713817689574 1 2 3 1 3 3 2
-0.019325162995992 1 2 3 2 0 0 0
0.0170165198093683 1 2 3 2 0 0 1
0.0820468033851193 1 2 3 2 0 0 3
-0.0214868216647558 1 2 3 2 0 1 0
-0.1184165939133986 1 2 3 2 0 1 1
-0.1422140680961527 1 2 3 2 0 1 3
-0.021773069211008 1 2 3 2 0 2 2
0.1019560342065158 1 2 3 2 0 3 0
0.0103296024768564 1 2 3 2 0 3 1
0.1371571243807265 1 2 3 2 0 3 3
-0.0509980949089293 1 2 3 2 1 0 0
0.0534605837170479 1 2 3 2 1 0 1
-0.0766111690148149 1 2 3 2 1 0 3
0.1009907257767533 1 2 3 2 1 1 0
0.0800920747924416 1 2 3 2 1 1 1
-0.0269244091542062 1 2 3 2 1 1 3
-0.1067553189529826 1 2 3 2 1 2 2
0.0757947133478315 1 2 3 2 1 3 0
0.0846721101684892 1 2 3 2 1 3 1
0.1684265278670971 1 2 3 2 1 3 3
0.1380892752077161 1 2 3 2 2 0 2
-0.0657085309306734 1 2 3 2 2 1 2
0.0336570917479317 1 2 3 2 2 2 0
0.0437283726725719 1 2 3 2 2 2 1
-0.0237455257100162 1 2 3 2 2 2 3
-0.0277164221961006 1 2 3 2 2 3 2
0.0569613666023127 1 2 3 2 3 0 0
-0.1308421995268438 1 2 3 2 3 0 1
0.0762372906760327 1 2 3 2 3 0 3
0.149248857960009 1 2 3 2 3 1 0
0.0704919459299111 1 2 3 2 3 1 1
-0.0714370246134977 1 2 3 2 3 1 3
-0.121457895470015 1 2 3 2 3 2 2
-0.0681024230285 1 2 3 2 3 3 0
0.091615556248879 1 2 3 2 3 3 1
0.0354207523654059 1 2 3 2 3 3 3
0.0676154840928499 1 2 3 3 0 0 2
-0.0625762884277915 1 2 3 3 0 1 2
0.0375242998388979 1 2 3 3 0 2 0
0.009002738816032 1 2 3 3 0 2 1
0.1250910991629283 1 2 3 3 0 2 3
-0.0317398172543349 1 2 3 3 0 3 2
0.008605731002142 1 2 3 3 1 0 2
0.1138899644195371 1 2 3 3 1 1 2
-0.0227522350940834 1 2 3 3 1 2 0
-0.0173340607615538 1 2 3 3 1 2 1
-0.0030204767307619 1 2 3 3 1 2 3
-0.1956439950085712 1 2 3 3 1 3 2
-0.0096436642745013 1 2 3 3 2 0 0
-0.1090316702964464 1 2 3 3 2 0 1
0.0286584633871557 1 2 3 3 2 0 3
-0.038627497682294 1 2 3 3 2 1 0
-0.1062516966636074 1 2 3 3 2 1 1
-0.0719688668509642 1 2 3 3 2 1 3
-0.1476375754710728 1 2 3 3 2 2 2
-0.0871239094647379 1 2 3 3 2 3 0
0.0127344208717137 1 2 3 3 2 3 1
-0.1128121430142546 1 2 3 3 2 3 3
0.019918264636936 1 2 3 3 3 0 2
0.0478404085710246 1 2 3 3 3 1 2
-0.0612493061424006 1 2 3 3 3 2 0
0.0390095348710756 1 2 3 3 3 2 1
-0.133957607935326 1 2 3 3 3 2 3
-0.023506200152203 1 2 3 3 3 3 2
0.0082426157247303 1 3 0 0 0 0 0
0.0323690333726009 1 3 0 0 0 0 1
-0.047306336860034 1 3 0 0 0 0 3
0.1645784233210619 1 3 0 0 0 1 0
0.1330249368794034 1 3 0 0 0 1 1
0.1593535786107857 1 3 0 0 0 1 3
-0.0020930295904867 1 3 0 0 0 2 2
0.0768961918378257 1 3 0 0 0 3 0
0.0224471584637231 1 3 0 0 0 3 1
-0.2401023847475846 1 3 0 0 0 3 3
0.0171960916693941 1 3 0 0 1 0 0
0.1200493844046621 1 3 0 0 1 0 1
0.0717663917123777 1 3 0 0 1 0 3
-0.0866143719759996 1 3 0 0 1 1 0
0.1120527472022733 1 3 0 0 1 1 1
-0.0273584553549836 1 3 0 0 1 1 3
-0.0587909282878758 1 3 0 0 1 2 2
0.0260628365517794 1 3 0 0 1 3 0
-0.0455918671463286 1 3 0 0 1 3 1
-0.001662962865099 1 3 0 0 1 3 3
0.0879236934132213 1 3 0 0 2 0 2
0.1441986682250561 1 3 0 0 2 1 2
0.0624779550829521 1 3 0 0 2 2 0
0.0255163294153909 1 3 0 0 2 2 1
0.0385861429022193 1 3 0 0 2 2 3
-0.0530712043451326 1 3 0 0 2 3 2
0.0514997210772305 1 3 0 0 3 0 0
0.0199898868787102 1 3 0 0 3 0 1
0.1713546021638467 1 3 0 0 3 0 3
0.0695372719625519 1 3 0 0 3 1 0
-0.0261125440164345 1 3 0 0 3 1 1
0.0299348417892671 1 3 0 0 3 1 3
0.0181258329149394 1 3 0 0 3 2 2
-0.0061938624389943 1 3 0 0 3 3 0
0.0275173244806843 1 3 0 0 3 3 1
-0.0933820646444721 1 3 0 0 3 3 3
0.0475096406181839 1 3 0 1 0 0 0
-0.1524038956230156 1 3 0 1 0 0 1
0.0381895756141013 1 3 0 1 0 0 3
0.0912041362000076 1 3 0 1 0 1 0
0.116934490674472 1 3 0 1 0 1 1
0.0858872862710011 1 3 0 1 0 1 3
-0.0388410548522064 1 3 0 1 0 2 2
0.1256387939625396 1 3 0 1 0 3 0
0.2287828452866026 1 3 0 1 0 3 1
-0.0308732289907755 1 3 0 1 0 3 3
0.1541262493474012 1 3 0 1 1 0 0
-0.0600756043218553 1 3 0 1 1 0 1
-0.0857142321328061 1 3 0 1 1 0 3
0.0091165588306231 1 3 0 1 1 1 0
0.0108534891181005 1 3 0 1 1 1 1
-0.0210529131465799 1 3 0 1 1 1 3
0.1839976441086291 1 3 0 1 1 2 2
-0.1304858349578564 1 3 0 1 1 3 0
0.0593113708537628 1 3 0 1 1 3 1
-0.0696441684124454 1 3 0 1 1 3 3
-0.0974096729082725 1 3 0 1 2 0 2
-0.2011078292447846 1 3 0 1 2 1 2
0.0244207108812968 1 3 0 1 2 2 0
-0.0014634381909912 1 3 0 1 2 2 1
-0.0842667229238703 1 3 0 1 2 2 3
0.0484552687520836 1 3 0 1 2 3 2
0.0193146285723171 1 3 0 1 3 0 0
-0.0382799880788794 1 3 0 1 3 0 1
0.0892989210742323 1 3 0 1 3 0 3
-0.0757399084577401 1 3 0 1 3 1 0
-0.1181839937203955 1 3 0 1 3 1 1
-0.128237893877103 1 3 0 1 3 1 3
0.0402794417760512 1 3 0 1 3 2 2
0.0512666362123719 1 3 0 1 3 3 0
0.0582089965328418 1 3 0 1 3 3 1
-0.0148833013223238 1 3 0 1 3 3 3
-0.081670948985437 1 3 0 2 0 0 2
0.0292594402625114 1 3 0 2 0 1 2
0.0242598918957208 1 3 0 2 0 2 0
0.0406890610600869 1 3 0 2 0 2 1
-0.0773633162666497 1 3 0 2 0 2 3
-0.0425257526463868 1 3 0 2 0 3 2
-0.0763038935193643 1 3 0 2 1 0 2
-0.0237106786578909 1 3 0 2 1 1 2
0.1903495545511015 1 3 0 2 1 2 0
0.0763257356854162 1 3 0 2 1 2 1
-0.101783641622075 1 3 0 2 1 2 3
-0.1858404901387661 1 3 0 2 1 3 2
0.1349909443735207 1 3 0 2 2 0 0
-0.0870316574238801 1 3 0 2 2 0 1
-0.091043144712479 1 3 0 2 2 0 3
0.1685151315728121 1 3 0 2 2 1 0
0.1249442677876939 1 3 0 2 2 1 1
-0.012657035927324 1 3 0 2 2 1 3
-0.0138839157217815 1 3 0 2 2 2 2
0.0573266757728295 1 3 0 2 2 3 0
-0.0597183195608135 1 3 0 2 2 3 1
0.1310719109319566 1 3 0 2 2 3 3
-0.0725553239529561 1 3 0 2 3 0 2
0.2048153122401099 1 3 0 2 3 1 2
0.1085615052884541 1 3 0 2 3 2 0
0.0548184519144603 1 3 0 2 3 2 1
-0.0725859420840152 1 3 0 2 3 2 3
-0.0102891174737724 1 3 0 2 3 3 2
-0.0505615983653814 1 3 0 3 0 0 0
0.0158365504538199 1 3 0 3 0 0 1
-0.017945789816124 1 3 0 3 0 0 3
0.0017363256437546 1 3 0 3 0 1 0
-0.0122054787116093 1 3 0 3 0 1 1
0.0090616792362628 1 3 0 3 0 1 3
0.0799096429556507 1 3 0 3 0 2 2
-0.0227851969547215 1 3 0 3 0 3 0
-0.1146898405981586 1 3 0 3 0 3 1
0.1913679922531347 1 3 0 3 0 3 3
-0.0445520258617271 1 3 0 3 1 0 0
0.0681838794535719 1 3 0 3 1 0 1
-0.0774328674109134 1 3 0 3 1 0 3
0.0815626318753182 1 3 0 3 1 1 0
0.0350443099270023 1 3 0 3 1 1 1
-0.1312040908983571 1 3 0 3 1 1 3
-0.0530481741149391 1 3 0 3 1 2 2
0.0511405133775211 1 3 0 3 1 3 0
0.081946360373077 1 3 0 3 1 3 1
0.0076533304194539 1 3 0 3 1 3 3
0.0320374536312733 1 3 0 3 2 0 2
0.0203060829147822 1 3 0 3 2 1 2
0.0055885882796452 1 3 0 3 2 2 0
0.0237041662764456 1 3 0 3 2 2 1
-0.0229794179203358 1 3 0 3 2 2 3
-0.0943383868888583 1 3 0 3 2 3 2
-0.0505112189697281 1 3 0 3 3 0 0
0.0779570134316727 1 3 0 3 3 0 1
-0.0052385764344792 1 3 0 3 3 0 3
-0.0005412290168906 1 3 0 3 3 1 0
0.0603202822187456 1 3 0 3 3 1 1
-0.0871231436121953 1 3 0 3 3 1 3
0.0425634059839178 1 3 0 3 3 2 2
0.0460000687469313 1 3 0 3 3 3 0
-0.1826663593801104 1 3 0 3 3 3 1
-0.0117786485354914 1 3 0 3 3 3 3
-0.0236895166030816 1 3 1 0 0 0 0
-0.0867746851487314 1 3 1 0 0 0 1
-0.0658097778420736 1 3 1 0 0 0 3
0.1811237434816863 1 3 1 0 0 1 0
0.0454931895468366 1 3 1 0 0 1 1
-0.0004665801725999 1 3 1 0 0 1 3
0.0333987221680997 1 3 1 0 0 2 2
-0.0460541547691992 1 3 1 0 0 3 0
0.0475656830597592 1 3 1 0 0 3 1
-0.080620923109248 1 3 1 0 0 3 3
-0.0122699244080663 1 3 1 0 1 0 0
0.0227512264153879 1 3 1 0 1 0 1
0.0109679950187003 1 3 1 0 1 0 3
-0.0975349588317728 1 3 1 0 1 1 0
0.0483627177219924 1 3 1 0 1 1 1
0.1067629036252353 1 3 1 0 1 1 3
-0.0742526362782232 1 3 1 0 1 2 2
-0.0080946543726297 1 3 1 0 1 3 0
-0.2926592786420703 1 3 1 0 1 3 1
-0.0203831392470724 1 3 1 0 1 3 3
-0.0200822375009865 1 3 1 0 2 0 2
-0.0472486727729985 1 3 1 0 2 1 2
-0.1103780551920662 1 3 1 0 2 2 0
0.1619131838375635 1 3 1 0 2 2 1
-0.0084740124244906 1 3 1 0 2 2 3
-0.1551016887256227 1 3 1 0 2 3 2
0.0173002052477172 1 3 1 0 3 0 0
0.0529233251964131 1 3 1 0 3 0 1
-0.0195998988652081 1 3 1 0 3 0 3
-0.102837154610538 1 3 1 0 3 1 0
-0.0653619364274115 1 3 1 0 3 1 1
-0.0874259857127588 1 3 1 0 3 1 3
0.0433906611119504 1 3 1 0 3 2 2
0.0003406908494375 1 3 1 0 3 3 0
0.1070881776988181 1 3 1 0 3 3 1
-0.049488317352807 1 3 1 0 3 3 3
0.0137297231419665 1 3 1 1 0 0 0
0.1209431476312565 1 3 1 1 0 0 1
0.0435056696378907 1 3 1 1 0 0 3
-0.001095102960653 1 3 1 1 0 1 0
0.008594515871536 1 3 1 1 0 1 1
0.0685208672566864 1 3 1 1 0 1 3
-0.0149890545604693 1 3 1 1 0 2 2
0.0259983013832515 1 3 1 1 0 3 0
-0.0049113898122759 1 3 1 1 0 3 1
0.1156958971533829 1 3 1 1 0 3 3
-0.0080700839906422 1 3 1 1 1 0 0
-0.0736781718905858 1 3 1 1 1 0 1
-0.0724774698150299 1 3 1 1 1 0 3
-0.0787305679945074 1 3 1 1 1 1 0
0.0619729702580099 1 3 1 1 1 1 1
-0.0337329140018397 1 3 1 1 1 1 3
-0.0999972409414301 1 3 1 1 1 2 2
-0.0409555466865004 1 3 1 1 1 3 0
0.1490727867559755 1 3 1 1 1 3 1
0.0565336275745669 1 3 1 1 1 3 3
0.0001617107044539 1 3 1 1 2 0 2
0.10397867895736 1 3 1 1 2 1 2
0.0979729301106005 1 3 1 1 2 2 0
0.0918937871365927 1 3 1 1 2 2 1
-0.0445172769384936 1 3 1 1 2 2 3
0.0168969168441708 1 3 1 1 2 3 2
-0.0162916624658463 1 3 1 1 3 0 0
0.0222795926401938 1 3 1 1 3 0 1
0.0663692680220514 1 3 1 1 3 0 3
0.0172173829851604 1 3 1 1 3 1 0
-0.0498623202760454 1 3 1 1 3 1 1
0.0142128909580135 1 3 1 1 3 1 3
-0.1695451818449849 1 3 1 1 3 2 2
0.0048583377606727 1 3 1 1 3 3 0
-0.002020315132522 1 3 1 1 3 3 1
-0.1467243089254875 1 3 1 1 3 3 3
-0.0916382424787324 1 3 1 2 0 0 2
-0.0740718802340118 1 3 1 2 0 1 2
-0.1116574241368524 1 3 1 2 0 2 0
0.1812907501548155 1 3 1 2 0 2 1
0.0965785442226462 1 3 1 2 0 2 3
0.025469874850795 1 3 1 2 0 3 2
0.0815851005173692 1 3 1 2 1 0 2
-0.1118528078719016 1 3 1 2 1 1 2
0.1121256069669646 1 3 1 2 1 2 0
-0.0340051582917433 1 3 1 2 1 2 1
0.0193380150783033 1 3 1 2 1 2 3
-0.2035246346543558 1 3 1 2 1 3 2
-0.0799102738217189 1 3 1 2 2 0 0
-0.0695580667441017 1 3 1 2 2 0 1
-0.0204933060452767 1 3 1 2 2 0 3
-0.1104289608192101 1 3 1 2 2 1 0
-0.106599540402309 1 3 1 2 2 1 1
-0.0324219353114 1 3 1 2 2 1 3
-0.1060694166799922 1 3 1 2 2 2 2
-0.0886794688964296 1 3 1 2 2 3 0
0.0639021129425228 1 3 1 2 2 3 1
0.0259310013777402 1 3 1 2 2 3 3
0.0715298448969304 1 3 1 2 3 0 2
0.0105820210259147 1 3 1 2 3 1 2
0.0807456603436007 1 3 1 2 3 2 0
-0.0035959500768677 1 3 1 2 3 2 1
0.1042781499629423 1 3 1 2 3 2 3
0.0359888083283457 1 3 1 2 3 3 2
-0.0822329731332734 1 3 1 3 0 0 0
-0.0194306947075037 1 3 1 3 0 0 1
-0.0821207960192152 1 3 1 3 0 0 3
0.0512506562263456 1 3 1 3 0 1 0
-0.0692320104068604 1 3 1 3 0 1 1
-0.0068530747377142 1 3 1 3 0 1 3
-0.1386660727585985 1 3 1 3 0 2 2
0.163773842791659 1 3 1 3 0 3 0
0.1093693538576207 1 3 1 3 0 3 1
-0.077097364426305 1 3 1 3 0 3 3
-0.1131083370010983 1 3 1 3 1 0 0
-0.0332658594876916 1 3 1 3 1 0 1
0.1071748598911132 1 3 1 3 1 0 3
0.1213813243913398 1 3 1 3 1 1 0
0.2067206099268285 1 3 1 3 1 1 1
-0.0554772673170262 1 3 1 3 1 1 3
0.0911459937642797 1 3 1 3 1 2 2
0.0956686812820791 1 3 1 3 1 3 0
-0.0632719317630656 1 3 1 3 1 3 1
-0.1019655738995194 1 3 1 3 1 3 3
-0.1663383344465958 1 3 1 3 2 0 2
-0.0398687566668869 1 3 1 3 2 1 2
0.0987222270074648 1 3 1 3 2 2 0
-0.0375519605690286 1 3 1 3 2 2 1
-0.0859251249437259 1 3 1 3 2 2 3
-0.1492272961810781 1 3 1 3 2 3 2
0.0511194320378291 1 3 1 3 3 0 0
0.0430815203591529 1 3 1 3 3 0 1
0.0770952870191096 1 3 1 3 3 0 3
0.008575710498394 1 3 1 3 3 1 0
-0.0521375146938504 1 3 1 3 3 1 1
-0.024742306643385 1 3 1 3 3 1 3
0.1118518902950442 1 3 1 3 3 2 2
-0.0885445233464002 1 3 1 3 3 3 0
0.0210091826685856 1 3 1 3 3 3 1
0.0532192710133543 1 3 1 3 3 3 3
-0.0364230740178815 1 3 2 0 0 0 2
-0.0886850526149704 1 3 2 0 0 1 2
0.0398251971849568 1 3 2 0 0 2 0
-0.0752471479283318 1 3 2 0 0 2 1
0.0741390692487602 1 3 2 0 0 2 3
-0.0451139312362266 1 3 2 0 0 3 2
0.0734738968735639 1 3 2 0 1 0 2
0.046232360693045 1 3 2 0 1 1 2
-0.1334670321413732 1 3 2 0 1 2 0
0.1215579275105494 1 3 2 0 1 2 1
0.0776623684383679 1 3 2 0 1 2 3
-0.0193660249250357 1 3 2 0 1 3 2
-0.0288019204359325 1 3 2 0 2 0 0
0.09380115804694 1 3 2 0 2 0 1
-0.0679381785332203 1 3 2 0 2 0 3
-0.1072810495904305 1 3 2 0 2 1 0
0.0475696845380708 1 3 2 0 2 1 1
0.0320826740197544 1 3 2 0 2 1 3
0.0513932490146584 1 3 2 0 2 2 2
-0.0558868628012324 1 3 2 0 2 3 0
-0.0163868536032263 1 3 2 0 2 3 1
0.0143803073221281 1 3 2 0 2 3 3
0.0072596770250409 1 3 2 0 3 0 2
-0.073143575680205 1 3 2 0 3 1 2
-0.004440496035175 1 3 2 0 3 2 0
0.0498092979423908 1 3 2 0 3 2 1
-0.0997897855599752 1 3 2 0 3 2 3
0.0567222832320101 1 3 2 0 3 3 2
0.1318160511737954 1 3 2 1 0 0 2
-0.1068155598142053 1 3 2 1 0 1 2
0.0993428483518052 1 3 2 1 0 2 0
-0.1124891985208488 1 3 2 1 0 2 1
-0.0053427910048674 1 3 2 1 0 2 3
-0.0748838151650683 1 3 2 1 0 3 2
-0.0381229384812307 1 3 2 1 1 0 2
-0.0746212138919813 1 3 2 1 1 1 2
-0.002245082940419 1 3 2 1 1 2 0
0.1013172485753299 1 3 2 1 1 2 1
-0.0753448376475965 1 3 2 1 1 2 3
-0.0536011574038403 1 3 2 1 1 3 2
-0.0329176996226552 1 3 2 1 2 0 0
0.013765608220688 1 3 2 1 2 0 1
-0.0341785716540945 1 3 2 1 2 0 3
-0.0929046438624853 1 3 2 1 2 1 0
0.0153710384312678 1 3 2 1 2 1 1
-0.0019666977350549 1 3 2 1 2 1 3
0.0198122988348197 1 3 2 1 2 2 2
0.0066799104592733 1 3 2 1 2 3 0
-0.103191129613858 1 3 2 1 2 3 1
0.0602678016188979 1 3 2 1 2 3 3
-0.064040730903036 1 3 2 1 3 0 2
-0.0128943056888993 1 3 2 1 3 1 2
-0.0727523411536866 1 3 2 1 3 2 0
-0.087561290407361 1 3 2 1 3 2 1
0.0792993908926988 1 3 2 1 3 2 3
0.1001375966971552 1 3 2 1 3 3 2
-0.0027481144401015 1 3 2 2 0 0 0
0.1624231001357775 1 3 2 2 0 0 1
0.0258963992169357 1 3 2 2 0 0 3
0.0228728989243893 1 3 2 2 0 1 0
0.0513020242963475 1 3 2 2 0 1 1
-0.1456280726749248 1 3 2 2 0 1 3
0.1301126462059867 1 3 2 2 0 2 2
0.0711116562241846 1 3 2 2 0 3 0
0.087417627044504 1 3 2 2 0 3 1
0.0620736051319287 1 3 2 2 0 3 3
0.1299236926780048 1 3 2 2 1 0 0
0.0490175833513622 1 3 2 2 1 0 1
0.0483746579324905 1 3 2 2 1 0 3
0.0925186352189435 1 3 2 2 1 1 0
-0.0729068107853629 1 3 2 2 1 1 1
-0.0813237828540926 1 3 2 2 1 1 3
-0.0880346219606294 1 3 2 2 1 2 2
0.0181470412574122 1 3 2 2 1 3 0
0.0120730778723255 1 3 2 2 1 3 1
0.0861391219594422 1 3 2 2 1 3 3
-0.0383469120496921 1 3 2 2 2 0 2
0.0842323341999034 1 3 2 2 2 1 2
0.0584976784337179 1 3 2 2 2 2 0
-0.0292946616073213 1 3 2 2 2 2 1
0.0162421726911771 1 3 2 2 2 2 3
-0.1363635120645332 1 3 2 2 2 3 2
-0.1288215216773237 1 3 2 2 3 0 0
0.0790475092150539 1 3 2 2 3 0 1
0.0833969724598423 1 3 2 2 3 0 3
0.0233462046277325 1 3 2 2 3 1 0
0.0452098546880625 1 3 2 2 3 1 1
-0.1696933637802196 1 3 2 2 3 1 3
-0.0273517187180185 1 3 2 2 3 2 2
0.0506929334735422 1 3 2 2 3 3 0
-0.0726408327433244 1 3 2 2 3 3 1
0.0106073027587158 1 3 2 2 3 3 3
-0.0784949903771041 1 3 2 3 0 0 2
-0.0112604688755714 1 3 2 3 0 1 2
-0.1435264622182116 1 3 2 3 0 2 0
-0.1361476300647748 1 3 2 3 0 2 1
-0.1452157478316758 1 3 2 3 0 2 3
-0.0639997122922409 1 3 2 3 0 3 2
0.0318192148820547 1 3 2 3 1 0 2
-0.0344619145235262 1 3 2 3 1 1 2
0.1470441111281247 1 3 2 3 1 2 0
0.0036510502995617 1 3 2 3 1 2 1
0.0758404292810612 1 3 2 3 1 2 3
0.0247572167242216 1 3 2 3 1 3 2
-0.0337510880569218 1 3 2 3 2 0 0
-0.1472301415805931 1 3 2 3 2 0 1
0.1045031532384778 1 3 2 3 2 0 3
-0.0756955384481985 1 3 2 3 2 1 0
-0.0428390946791775 1 3 2 3 2 1 1
0.1539089355777545 1 3 2 3 2 1 3
0.0548576531364289 1 3 2 3 2 2 2
-0.0193061261253251 1 3 2 3 2 3 0
0.1652620533186336 1 3 2 3 2 3 1
0.182680762218094 1 3 2 3 2 3 3
0.0253390644284913 1 3 2 3 3 0 2
-0.1737636348460704 1 3 2 3 3 1 2
0.0810643165602494 1 3 2 3 3 2 0
-0.0428237454995756 1 3 2 3 3 2 1
-0.0136252219788882 1 3 2 3 3 2 3
-0.0727183071496037 1 3 2 3 3 3 2
0.0074222669589055 1 3 3 0 0 0 0
0.0468395154305442 1 3 3 0 0 0 1
0.0364685856362651 1 3 3 0 0 0 3
0.0603886700028383 1 3 3 0 0 1 0
0.0768566145332898 1 3 3 0 0 1 1
-0.0561113589962157 1 3 3 0 0 1 3
-0.060758315766101 1 3 3 0 0 2 2
0.1361262664162977 1 3 3 0 0 3 0
0.0486832678018707 1 3 3 0 0 3 1
-0.0706048036976385 1 3 3 0 0 3 3
-0.0971141689154632 1 3 3 0 1 0 0
-0.0003270498538681 1 3 3 0 1 0 1
-0.1992932779145045 1 3 3 0 1 0 3
-0.2494032872289805 1 3 3 0 1 1 0
0.0497194873511466 1 3 3 0 1 1 1
0.0513103695895782 1 3 3 0 1 1 3
-0.1623927966311993 1 3 3 0 1 2 2
-0.0464363612304869 1 3 3 0 1 3 0
-0.0353744375523052 1 3 3 0 1 3 1
-0.0657695219586804 1 3 3 0 1 3 3
-0.0154821590633045 1 3 3 0 2 0 2
0.0239534019460649 1 3 3 0 2 1 2
0.073624648893505 1 3 3 0 2 2 0
-0.207846402637992 1 3 3 0 2 2 1
0.1249790908972299 1 3 3 0 2 2 3
0.119748686156614 1 3 3 0 2 3 2
0.0570736203390231 1 3 3 0 3 0 0
-0.0520829454024662 1 3 3 0 3 0 1
0.072128978162346 1 3 3 0 3 0 3
0.0676968512029065 1 3 3 0 3 1 0
-0.06532486962944 1 3 3 0 3 1 1
-0.0374657077132597 1 3 3 0 3 1 3
0.0943822760735554 1 3 3 0 3 2 2
-0.0989143575660263 1 3 3 0 3 3 0
0.1566934025682828 1 3 3 0 3 3 1
-0.0173266085991156 1 3 3 0 3 3 3
-0.0250592302980462 1 3 3 1 0 0 0
0.0349585340675875 1 3 3 1 0 0 1
-0.0041289989035478 1 3 3 1 0 0 3
0.0796271818817206 1 3 3 1 0 1 0
0.069575449527509 1 3 3 1 0 1 1
0.075770497679691 1 3 3 1 0 1 3
0.0020741440122245 1 3 3 1 0 2 2
-0.0142844186789692 1 3 3 1 0 3 0
-0.0925392710900175 1 3 3 1 0 3 1
-0.1058546701893352 1 3 3 1 0 3 3
0.2121917880256763 1 3 3 1 1 0 0
-0.0007946827971024 1 3 3 1 1 0 1
0.1041158805291234 1 3 3 1 1 0 3
0.0104031658333609 1 3 3 1 1 1 0
0.0878760584686852 1 3 3 1 1 1 1
-0.1165551280552201 1 3 3 1 1 1 3
0.0478220174308174 1 3 3 1 1 2 2
-0.0666578422089617 1 3 3 1 1 3 0
0.0423501790504439 1 3 3 1 1 3 1
0.0241533199067673 1 3 3 1 1 3 3
-0.0591494182780149 1 3 3 1 2 0 2
-0.1990771479900994 1 3 3 1 2 1 2
-0.1212983736598565 1 3 3 1 2 2 0
-0.0994595318422167 1 3 3 1 2 2 1
0.065124547765892 1 3 3 1 2 2 3
-0.0960048521781461 1 3 3 1 2 3 2
0.0699048592419581 1 3 3 1 3 0 0
0.0978861351488421 1 3 3 1 3 0 1
0.0057947910142637 1 3 3 1 3 0 3
0.0373199013117859 1 3 3 1 3 1 0
-0.0526652555103264 1 3 3 1 3 1 1
-0.1043689359157557 1 3 3 1 3 1 3
-0.0147020659685953 1 3 3 1 3 2 2
0.0425737971905767 1 3 3 1 3 3 0
-0.1210021420885043 1 3 3 1 3 3 1
-0.0154586061050768 1 3 3 1 3 3 3
0.008052812109575 1 3 3 2 0 0 2
0.0267379940047727 1 3 3 2 0 1 2
0.0074349621715439 1 3 3 2 0 2 0
-0.0791372294734455 1 3 3 2 0 2 1
0.0739342093943101 1 3 3 2 0 2 3
-0.1345473507896424 1 3 3 2 0 3 2
-0.0651119614999265 1 3 3 2 1 0 2
0.1223952702509551 1 3 3 2 1 1 2
0.0637275325370651 1 3 3 2 1 2 0
-0.0288162949763707 1 3 3 2 1 2 1
0.1195667861699616 1 3 3 2 1 2 3
0.0410537040932862 1 3 3 2 1 3 2
0.0084869796017793 1 3 3 2 2 0 0
-0.1480742003315319 1 3 3 2 2 0 1
-0.1021448597349183 1 3 3 2 2 0 3
0.1313439177462675 1 3 3 2 2 1 0
-0.0043965653168504 1 3 3 2 2 1 1
0.0489847438631852 1 3 3 2 2 1 3
0.0696292276582 1 3 3 2 2 2 2
-0.0284133919797059 1 3 3 2 2 3 0
0.0398265780441166 1 3 3 2 2 3 1
0.0578183668054643 1 3 3 2 2 3 3
0.0132154600261504 1 3 3 2 3 0 2
0.0328201400017226 1 3 3 2 3 1 2
0.0054411233497739 1 3 3 2 3 2 0
0.0009736667945878 1 3 3 2 3 2 1
0.1107544451760858 1 3 3 2 3 2 3
0.0748705936202918 1 3 3 2 3 3 2
-0.0614559294423017 1 3 3 3 0 0 0
0.0418822378673759 1 3 3 3 0 0 1
0.1615757427716124 1 3 3 3 0 0 3
-0.0815756704681559 1 3 3 3 0 1 0
0.067551823997796 1 3 3 3 0 1 1
0.0428145661032671 1 3 3 3 0 1 3
0.0748627118287228 1 3 3 3 0 2 2
-0.0441273494825303 1 3 3 3 0 3 0
-0.0758566953807802 1 3 3 3 0 3 1
-0.0139359473322834 1 3 3 3 0 3 3
0.0207692732749035 1 3 3 3 1 0 0
-0.0789955000074125 1 3 3 3 1 0 1
0.034003196461231 1 3 3 3 1 0 3
0.0085956427460792 1 3 3 3 1 1 0
-0.0666074737800944 1 3 3 3 1 1 1
-0.0624508653795843 1 3 3 3 1 1 3
-0.1561819221654881 1 3 3 3 1 2 2
-0.1921624051243342 1 3 3 3 1 3 0
-0.0089064180002729 1 3 3 3 1 3 1
0.0602079541633729 1 3 3 3 1 3 3
-0.0089958808641517 1 3 3 3 2 0 2
0.1078095634198648 1 3 3 3 2 1 2
-0.0808059404071645 1 3 3 3 2 2 0
0.0635718333936703 1 3 3 3 2 2 1
-0.0665293328514227 1 3 3 3 2 2 3
-0.0267423525830818 1 3 3 3 2 3 2
-0.016482579730377 1 3 3 3 3 0 0
0.08456914749808 1 3 3 3 3 0 1
-0.0308761401534592 1 3 3 3 3 0 3
0.1446359942406935 1 3 3 3 3 1 0
0.0091304915846885 1 3 3 3 3 1 1
-0.0857096331217361 1 3 3 3 3 1 3
-0.0201229349505968 1 3 3 3 3 2 2
0.0310857055338442 1 3 3 3 3 3 0
0.0089958593109097 1 3 3 3 3 3 1
-0.0934153669643389 1 3 3 3 3 3 3
0.0128077797045402 2 0 0 0 0 0 2
0.0019394645772066 2 0 0 0 0 1 2
-0.0588620005730286 2 0 0 0 0 2 0
0.11341117132359 2 0 0 0 0 2 1
-0.1153039987603759 2 0 0 0 0 2 3
0.0763761327002257 2 0 0 0 0 3 2
-0.0136745159309734 2 0 0 0 1 0 2
0.0821634021210788 2 0 0 0 1 1 2
-0.0907522085916334 2 0 0 0 1 2 0
-0.1011235379958437 2 0 0 0 1 2 1
-0.0509650289044549 2 0 0 0 1 2 3
-0.079942476210576 2 0 0 0 1 3 2
-0.0386349199743553 2 0 0 0 2 0 0
0.1380827811372217 2 0 0 0 2 0 1
-0.0130453827689576 2 0 0 0 2 0 3
-0.0596821707342484 2 0 0 0 2 1 0
0.058351731931296 2 0 0 0 2 1 1
0.1275929842061568 2 0 0 0 2 1 3
-0.0253666000002 2 0 0 0 2 2 2
-0.0640918099485252 2 0 0 0 2 3 0
0.0620983686502556 2 0 0 0 2 3 1
-0.0400645358111249 2 0 0 0 2 3 3
0.0896292394267951 2 0 0 0 3 0 2
0.0021480626056257 2 0 0 0 3 1 2
0.0702192060633368 2 0 0 0 3 2 0
-0.0848619603037213 2 0 0 0 3 2 1
-0.0595632752228388 2 0 0 0 3 2 3
-0.0525339812778368 2 0 0 0 3 3 2
0.1231315516975871 2 0 0 1 0 0 2
0.0490070366163284 2 0 0 1 0 1 2
-0.0628368220505085 2 0 0 1 0 2 0
-0.0199819311713596 2 0 0 1 0 2 1
-0.1513149817344388 2 0 0 1 0 2 3
-0.1108582289462605 2 0 0 1 0 3 2
-0.0688788962274985 2 0 0 1 1 0 2
0.0085858585042966 2 0 0 1 1 1 2
0.1001396030662788 2 0 0 1 1 2 0
0.0183354615245007 2 0 0 1 1 2 1
0.038903085772478 2 0 0 1 1 2 3
-0.0246164497663576 2 0 0 1 1 3 2
0.0838137842229361 2 0 0 1 2 0 0
0.0296103724026314 2 0 0 1 2 0 1
-0.0274097996624902 2 0 0 1 2 0 3
0.1279718854845762 2 0 0 1 2 1 0
-0.0718585269059647 2 0 0 1 2 1 1
0.0338942187500149 2 0 0 1 2 1 3
-0.0078778738484884 2 0 0 1 2 2 2
0.0435685678075349 2 0 0 1 2 3 0
-0.0009122996419621 2 0 0 1 2 3 1
0.075786142865164 2 0 0 1 2 3 3
0.0580285065368468 2 0 0 1 3 0 2
0.0432333081408141 2 0 0 1 3 1 2
-0.0269167468474195 2 0 0 1 3 2 0
-0.0007749982057987 2 0 0 1 3 2 1
-0.102290003535019 2 0 0 1 3 2 3
0.0081085083261634 2 0 0 1 3 3 2
-0.0525246437738308 2 0 0 2 0 0 0
-0.0777067173285266 2 0 0 2 0 0 1
-0.0950686041739237 2 0 0 2 0 0 3
0.0331335583809277 2 0 0 2 0 1 0
-0.072496318486794 2 0 0 2 0 1 1
0.114459848265094 2 0 0 2 0 1 3
-0.1776136945880151 2 0 0 2 0 2 2
-0.1651817720552147 2 0 0 2 0 3 0
0.1302773157256891 2 0 0 2 0 3 1
0.1178446042996479 2 0 0 2 0 3 3
0.0073196104992924 2 0 0 2 1 0 0
0.1428932716438985 2 0 0 2 1 0 1
0.0227835580529166 2 0 0 2 1 0 3
-0.1465668296077069 2 0 0 2 1 1 0
0.0491169249525152 2 0 0 2 1 1 1
0.0103093678946468 2 0 0 2 1 1 3
0.0374716423485522 2 0 0 2 1 2 2
-0.0164527757679686 2 0 0 2 1 3 0
-0.0868976161525082 2 0 0 2 1 3 1
0.0602946559929132 2 0 0 2 1 3 3
-0.0822589889087989 2 0 0 2 2 0 2
0.0135203738019184 2 0 0 2 2 1 2
-0.0049140812313317 2 0 0 2 2 2 0
0.0428633395415388 2 0 0 2 2 2 1
0.0094965733663296 2 0 0 2 2 2 3
-0.1292141090930723 2 0 0 2 2 3 2
0.1696023627167486 2 0 0 2 3 0 0
0.1775164667179526 2 0 0 2 3 0 1
-0.0433475335819441 2 0 0 2 3 0 3
0.0826227894951763 2 0 0 2 3 1 0
-0.0851786158112266 2 0 0 2 3 1 1
0.090208265564065 2 0 0 2 3 1 3
-0.0706893353168795 2 0 0 2 3 2 2
-0.0339169436451297 2 0 0 2 3 3 0
-0.2401131223185796 2 0 0 2 3 3 1
-0.0797870431184175 2 0 0 2 3 3 3
-0.2346879999007587 2 0 0 3 0 0 2
0.0452413866413275 2 0 0 3 0 1 2
-0.158733774009389 2 0 0 3 0 2 0
0.0306239863476236 2 0 0 3 0 2 1
-0.1047310925985602 2 0 0 3 0 2 3
0.0227406559568287 2 0 0 3 0 3 2
0.0129836381735373 2 0 0 3 1 0 2
-0.1349579090836917 2 0 0 3 1 1 2
0.0525947633845975 2 0 0 3 1 2 0
-0.0040394750564056 2 0 0 3 1 2 1
0.2318873659261488 2 0 0 3 1 2 3
0.2528682956040224 2 0 0 3 1 3 2
0.0311841101615884 2 0 0 3 2 0 0
0.1151507691789334 2 0 0 3 2 0 1
0.11624109090938 2 0 0 3 2 0 3
-0.0224284049541104 2 0 0 3 2 1 0
-0.0155902616270308 2 0 0 3 2 1 1
0.017787447306409 2 0 0 3 2 1 3
0.0861265109859715 2 0 0 3 2 2 2
0.0312553636328574 2 0 0 3 2 3 0
-0.0028825777322648 2 0 0 3 2 3 1
-0.1220561756640464 2 0 0 3 2 3 3
-0.057200070311065 2 0 0 3 3 0 2
0.0152254418527066 2 0 0 3 3 1 2
0.0582078156988041 2 0 0 3 3 2 0
0.0457282602411172 2 0 0 3 3 2 1
0.0153687367808289 2 0 0 3 3 2 3
0.0363280554664018 2 0 0 3 3 3 2
-0.0017197128614515 2 0 1 0 0 0 2
0.0795122405337867 2 0 1 0 0 1 2
0.1321480465172066 2 0 1 0 0 2 0
-0.1043411490605496 2 0 1 0 0 2 1
-0.0358458288518677 2 0 1 0 0 2 3
-0.078465072787192 2 0 1 0 0 3 2
-0.0445184241566126 2 0 1 0 1 0 2
-0.178564670007526 2 0 1 0 1 1 2
0.1509137686335777 2 0 1 0 1 2 0
0.1163169786354405 2 0 1 0 1 2 1
0.0541093390991954 2 0 1 0 1 2 3
0.0165158253777771 2 0 1 0 1 3 2
0.0535589004668471 2 0 1 0 2 0 0
0.0024233018352556 2 0 1 0 2 0 1
-0.1793556721679493 2 0 1 0 2 0 3
0.0091436391513329 2 0 1 0 2 1 0
0.0304504759525525 2 0 1 0 2 1 1
-0.1766157911614266 2 0 1 0 2 1 3
-0.0093562752797612 2 0 1 0 2 2 2
-0.0145579109037288 2 0 1 0 2 3 0
0.0575280461078563 2 0 1 0 2 3 1
0.1308281388976646 2 0 1 0 2 3 3
-0.0181601221302838 2 0 1 0 3 0 2
0.0173300445202213 2 0 1 0 3 1 2
0.0586913927016841 2 0 1 0 3 2 0
-0.0113022601175336 2 0 1 0 3 2 1
-0.1152416502107742 2 0 1 0 3 2 3
-0.0389714454913295 2 0 1 0 3 3 2
0.0915725275804746 2 0 1 1 0 0 2
-0.0388876173275948 2 0 1 1 0 1 2
0.0194027255963834 2 0 1 1 0 2 0
0.1657187159741751 2 0 1 1 0 2 1
0.1671601930862168 2 0 1 1 0 2 3
0.0815501562987478 2 0 1 1 0 3 2
-0.0154972248618229 2 0 1 1 1 0 2
-0.017013140013897 2 0 1 1 1 1 2
0.0926476990838863 2 0 1 1 1 2 0
-0.1965734310948085 2 0 1 1 1 2 1
-0.0965810619738522 2 0 1 1 1 2 3
-0.027507929048634 2 0 1 1 1 3 2
-0.0762226802311458 2 0 1 1 2 0 0
0.1057168067702825 2 0 1 1 2 0 1
0.0846822994605177 2 0 1 1 2 0 3
-0.0523050182373903 2 0 1 1 2 1 0
0.0273999274487289 2 0 1 1 2 1 1
0.0517007056572166 2 0 1 1 2 1 3
0.193974863535066 2 0 1 1 2 2 2
0.0353858486877258 2 0 1 1 2 3 0
-0.1042599997278601 2 0 1 1 2 3 1
0.008706561253569 2 0 1 1 2 3 3
0.0154201898200077 2 0 1 1 3 0 2
-0.0383671072222318 2 0 1 1 3 1 2
0.0501304567144683 2 0 1 1 3 2 0
0.1302259880458111 2 0 1 1 3 2 1
-0.0054399171084238 2 0 1 1 3 2 3
0.0781321510329897 2 0 1 1 3 3 2
0.0293339514010915 2 0 1 2 0 0 0
0.0063471179540925 2 0 1 2 0 0 1
0.0313844980078447 2 0 1 2 0 0 3
-0.066304579834902 2 0 1 2 0 1 0
0.0232661921930501 2 0 1 2 0 1 1
0.1394327278212653 2 0 1 2 0 1 3
0.0621113633826501 2 0 1 2 0 2 2
-0.024509106019969 2 0 1 2 0 3 0
-0.0118746997445345 2 0 1 2 0 3 1
-0.0114892887729544 2 0 1 2 0 3 3
0.1397675716178925 2 0 1 2 1 0 0
0.0337098676046789 2 0 1 2 1 0 1
0.1269795286346674 2 0 1 2 1 0 3
-0.1523895152394663 2 0 1 2 1 1 0
0.0917606469260901 2 0 1 2 1 1 1
-0.0429628588433885 2 0 1 2 1 1 3
-0.1338796187659921 2 0 1 2 1 2 2
-0.0061358014008634 2 0 1 2 1 3 0
0.1254369825221434 2 0 1 2 1 3 1
0.0386374858085766 2 0 1 2 1 3 3
0.0480871462559835 2 0 1 2 2 0 2
0.0763618509574709 2 0 1 2 2 1 2
-0.1654782666706784 2 0 1 2 2 2 0
0.109593413053101 2 0 1 2 2 2 1
0.0352839963437224 2 0 1 2 2 2 3
0.0909463692959309 2 0 1 2 2 3 2
0.0557519035980841 2 0 1 2 3 0 0
-0.0484446102906942 2 0 1 2 3 0 1
-0.1172255751528702 2 0 1 2 3 0 3
-0.1030468973449792 2 0 1 2 3 1 0
-0.0509389002028202 2 0 1 2 3 1 1
-0.0791130676582286 2 0 1 2 3 1 3
0.0209571521778103 2 0 1 2 3 2 2
-0.2041899069977914 2 0 1 2 3 3 0
-0.0403270536173291 2 0 1 2 3 3 1
0.1375720566407539 2 0 1 2 3 3 3
-0.0568428104728109 2 0 1 3 0 0 2
0.0106705579417232 2 0 1 3 0 1 2
-0.0247233818030198 2 0 1 3 0 2 0
-0.1621400336424961 2 0 1 3 0 2 1
-0.0791078908671001 2 0 1 3 0 2 3
0.0137090280765573 2 0 1 3 0 3 2
-0.0344889393496929 2 0 1 3 1 0 2
-0.1095376309910018 2 0 1 3 1 1 2
-0.1337234648354391 2 0 1 3 1 2 0
-0.2091133904785593 2 0 1 3 1 2 1
0.1058735947817223 2 0 1 3 1 2 3
0.1706417319351253 2 0 1 3 1 3 2
-0.1277854519718335 2 0 1 3 2 0 0
0.1657283129033076 2 0 1 3 2 0 1
0.0874011728334989 2 0 1 3 2 0 3
-0.1199029547345085 2 0 1 3 2 1 0
-0.1148834472080313 2 0 1 3 2 1 1
-0.0907060291754596 2 0 1 3 2 1 3
-0.1704592848225442 2 0 1 3 2 2 2
-0.1559218575940779 2 0 1 3 2 3 0
0.0479826779948234 2 0 1 3 2 3 1
0.115903326620726 2 0 1 3 2 3 3
-0.1130615764981819 2 0 1 3 3 0 2
-0.1242736402242642 2 0 1 3 3 1 2
0.1140322867355354 2 0 1 3 3 2 0
-0.0824901711081716 2 0 1 3 3 2 1
-0.1235514450717946 2 0 1 3 3 2 3
0.0754534057585635 2 0 1 3 3 3 2
-0.0120656318084066 2 0 2 0 0 0 0
-0.0711290334189636 2 0 2 0 0 0 1
0.0293979747445339 2 0 2 0 0 0 3
-0.03769021576876 2 0 2 0 0 1 0
-0.0452981803271823 2 0 2 0 0 1 1
0.0693533904858411 2 0 2 0 0 1 3
-0.053609408175995 2 0 2 0 0 2 2
0.0512502306539237 2 0 2 0 0 3 0
0.009925680321712 2 0 2 0 0 3 1
-0.0308775917356697 2 0 2 0 0 3 3
0.0636490203266278 2 0 2 0 1 0 0
0.0225502119772061 2 0 2 0 1 0 1
0.0735382370885416 2 0 2 0 1 0 3
-0.116642782888589 2 0 2 0 1 1 0
0.0743928345169898 2 0 2 0 1 1 1
-0.0121142983249758 2 0 2 0 1 1 3
0.0167608133026626 2 0 2 0 1 2 2
-0.0170057365574601 2 0 2 0 1 3 0
-0.0408676763696681 2 0 2 0 1 3 1
-0.0828169263217547 2 0 2 0 1 3 3
0.0313056925877153 2 0 2 0 2 0 2
0.1568016917423195 2 0 2 0 2 1 2
-0.2077326926618968 2 0 2 0 2 2 0
0.0142346858325871 2 0 2 0 2 2 1
0.0633379774852245 2 0 2 0 2 2 3
-0.0098536088902943 2 0 2 0 2 3 2
-0.0758102257118719 2 0 2 0 3 0 0
0.1147472659597739 2 0 2 0 3 0 1
0.034090743030777 2 0 2 0 3 0 3
0.1382590780235874 2 0 2 0 3 1 0
0.03671832528221 2 0 2 0 3 1 1
0.1235642205515927 2 0 2 0 3 1 3
0.1150719771865066 2 0 2 0 3 2 2
-0.0607898415649637 2 0 2 0 3 3 0
0.0795436959898817 2 0 2 0 3 3 1
0.0800119913002982 2 0 2 0 3 3 3
0.0954829967243452 2 0 2 1 0 0 0
0.1826146538683439 2 0 2 1 0 0 1
-0.1373638673153529 2 0 2 1 0 0 3
0.0620946944588595 2 0 2 1 0 1 0
-0.0871400781610762 2 0 2 1 0 1 1
0.1671910863877722 2 0 2 1 0 1 3
0.121656251218432 2 0 2 1 0 2 2
-0.1149653700437969 2 0 2 1 0 3 0
0.1553444352109941 2 0 2 1 0 3 1
-0.0872479451309976 2 0 2 1 0 3 3
-0.028706044480171 2 0 2 1 1 0 0
-0.0660896208404154 2 0 2 1 1 0 1
-0.0086396025855722 2 0 2 1 1 0 3
0.0461056410185005 2 0 2 1 1 1 0
-0.0083440015401191 2 0 2 1 1 1 1
-0.0944882887113536 2 0 2 1 1 1 3
-0.0254320761812643 2 0 2 1 1 2 2
-0.0352189412326107 2 0 2 1 1 3 0
0.1686858028720232 2 0 2 1 1 3 1
0.1781414721092408 2 0 2 1 1 3 3
-0.2392651986068259 2 0 2 1 2 0 2
-0.1006417783057777 2 0 2 1 2 1 2
-0.0454311847471737 2 0 2 1 2 2 0
-0.0081821864661411 2 0 2 1 2 2 1
-0.060946357068662 2 0 2 1 2 2 3
-0.0092706276201115 2 0 2 1 2 3 2
-0.002598919796439 2 0 2 1 3 0 0
-0.0039067951283439 2 0 2 1 3 0 1
0.1200828890530874 2 0 2 1 3 0 3
0.1404192045644535 2 0 2 1 3 1 0
-0.088299293625247 2 0 2 1 3 1 1
0.028988750032637 2 0 2 1 3 1 3
0.0017083891928294 2 0 2 1 3 2 2
-0.070428412528857 2 0 2 1 3 3 0
0.0781386845417643 2 0 2 1 3 3 1
-0.1056813218314456 2 0 2 1 3 3 3
-0.0316983492344883 2 0 2 2 0 0 2
0.0288197973917855 2 0 2 2 0 1 2
0.0880494155802236 2 0 2 2 0 2 0
-0.0381402447699492 2 0 2 2 0 2 1
-0.0211984570848371 2 0 2 2 0 2 3
0.0022419549677659 2 0 2 2 0 3 2
0.0332783888474293 2 0 2 2 1 0 2
-0.1513269933314478 2 0 2 2 1 1 2
-0.0569732518309709 2 0 2 2 1 2 0
0.0192225256193486 2 0 2 2 1 2 1
0.0633769455656037 2 0 2 2 1 2 3
0.0320397294028401 2 0 2 2 1 3 2
-0.0974172380144812 2 0 2 2 2 0 0
0.0809016319622938 2 0 2 2 2 0 1
-0.0479949954789017 2 0 2 2 2 0 3
0.0654189451406644 2 0 2 2 2 1 0
-0.0878788399005772 2 0 2 2 2 1 1
0.0476967270723266 2 0 2 2 2 1 3
0.0661872621878485 2 0 2 2 2 2 2
-0.1953425099917848 2 0 2 2 2 3 0
0.0333363879625307 2 0 2 2 2 3 1
0.0696156202331142 2 0 2 2 2 3 3
0.0832599567555794 2 0 2 2 3 0 2
-0.1600050642188111 2 0 2 2 3 1 2
0.0014242172421938 2 0 2 2 3 2 0
0.1965442594115508 2 0 2 2 3 2 1
-0.1508593093871828 2 0 2 2 3 2 3
0.0858795342195091 2 0 2 2 3 3 2
-0.1337303100741652 2 0 2 3 0 0 0
-0.0207690001828339 2 0 2 3 0 0 1
0.013757958834611 2 0 2 3 0 0 3
-0.0057905035958448 2 0 2 3 0 1 0
0.1352130761339365 2 0 2 3 0 1 1
0.0287280705867798 2 0 2 3 0 1 3
0.0460158973894091 2 0 2 3 0 2 2
0.0062434200547832 2 0 2 3 0 3 0
0.073205249481678 2 0 2 3 0 3 1
0.1233381529614661 2 0 2 3 0 3 3
-0.0101247434415624 2 0 2 3 1 0 0
-0.1604017109590972 2 0 2 3 1 0 1
0.0965949456598788 2 0 2 3 1 0 3
0.1556740050099303 2 0 2 3 1 1 0
0.1011002106539744 2 0 2 3 1 1 1
-0.026605909467646 2 0 2 3 1 1 3
0.1310486186406409 2 0 2 3 1 2 2
0.0958632875454657 2 0 2 3 1 3 0
0.0594213960749288 2 0 2 3 1 3 1
0.0789017156655052 2 0 2 3 1 3 3
0.0228326073987276 2 0 2 3 2 0 2
-0.0937841314023911 2 0 2 3 2 1 2
0.0491058739138244 2 0 2 3 2 2 0
0.0435055335745004 2 0 2 3 2 2 1
-0.1448629566799101 2 0 2 3 2 2 3
0.1328844347793018 2 0 2 3 2 3 2
0.0402951451467077 2 0 2 3 3 0 0
0.0629802927763703 2 0 2 3 3 0 1
0.1145537930936593 2 0 2 3 3 0 3
-0.1327098637758926 2 0 2 3 3 1 0
-0.1915883650391043 2 0 2 3 3 1 1
0.0546561749619841 2 0 2 3 3 1 3
0.0408030008779431 2 0 2 3 3 2 2
0.0194655102767955 2 0 2 3 3 3 0
-0.0399552051294219 2 0 2 3 3 3 1
0.036056863463544 2 0 2 3 3 3 3
-0.1285653533753868 2 0 3 0 0 0 2
0.1478277278599998 2 0 3 0 0 1 2
-0.0662380102164552 2 0 3 0 0 2 0
0.0137638235440371 2 0 3 0 0 2 1
0.1719460129842303 2 0 3 0 0 2 3
0.028311956952368 2 0 3 0 0 3 2
-0.1078857784516379 2 0 3 0 1 0 2
-0.0478064927854165 2 0 3 0 1 1 2
0.0103094419924181 2 0 3 0 1 2 0
0.0550915729982101 2 0 3 0 1 2 1
-0.0244916046586945 2 0 3 0 1 2 3
0.0733788670333753 2 0 3 0 1 3 2
-0.1262281515762078 2 0 3 0 2 0 0
-0.0168619837674197 2 0 3 0 2 0 1
-0.1572038578923934 2 0 3 0 2 0 3
-0.0060786268457881 2 0 3 0 2 1 0
-0.003210573610632 2 0 3 0 2 1 1
-0.0246666588574552 2 0 3 0 2 1 3
-0.0784713393876758 2 0 3 0 2 2 2
0.0295743923268414 2 0 3 0 2 3 0
-0.0381738772208247 2 0 3 0 2 3 1
0.1284018183814067 2 0 3 0 2 3 3
-0.0248180508615897 2 0 3 0 3 0 2
-0.0899004488129222 2 0 3 0 3 1 2
-0.0545068924409 2 0 3 0 3 2 0
0.1507165691980284 2 0 3 0 3 2 1
-0.1017211360963191 2 0 3 0 3 2 3
-0.0737040427733036 2 0 3 0 3 3 2
-0.1286722180472979 2 0 3 1 0 0 2
-0.0109223307565748 2 0 3 1 0 1 2
-0.060446765430049 2 0 3 1 0 2 0
-0.002628425090343 2 0 3 1 0 2 1
-0.0995324495638449 2 0 3 1 0 2 3
0.0457538589346022 2 0 3 1 0 3 2
-0.1989355649685858 2 0 3 1 1 0 2
0.0403294802653964 2 0 3 1 1 1 2
0.0381868632469264 2 0 3 1 1 2 0
-0.2016265480549463 2 0 3 1 1 2 1
-0.008030011738528 2 0 3 1 1 2 3
0.0435553330885467 2 0 3 1 1 3 2
0.1183725173490973 2 0 3 1 2 0 0
0.0813774971169186 2 0 3 1 2 0 1
-0.0341824185627402 2 0 3 1 2 0 3
-0.1222239751828908 2 0 3 1 2 1 0
-0.0699903806043117 2 0 3 1 2 1 1
0.0617433893465931 2 0 3 1 2 1 3
0.168470717277698 2 0 3 1 2 2 2
-0.0502883521132211 2 0 3 1 2 3 0
-0.0712775313161924 2 0 3 1 2 3 1
-0.0020606275677157 2 0 3 1 2 3 3
0.027089702991523 2 0 3 1 3 0 2
-0.0302738822407123 2 0 3 1 3 1 2
0.0310719425468259 2 0 3 1 3 2 0
0.0679060569977565 2 0 3 1 3 2 1
0.0185569235312239 2 0 3 1 3 2 3
0.1489179227442258 2 0 3 1 3 3 2
-0.0052951329638006 2 0 3 2 0 0 0
-0.0711808847633982 2 0 3 2 0 0 1
-0.1086244561097834 2 0 3 2 0 0 3
0.0644538050033109 2 0 3 2 0 1 0
-0.0554906961674444 2 0 3 2 0 1 1
0.0431585668873589 2 0 3 2 0 1 3
0.0631320971801654 2 0 3 2 0 2 2
-0.1139781188296263 2 0 3 2 0 3 0
-0.1119570927457925 2 0 3 2 0 3 1
-0.0146094064903335 2 0 3 2 0 3 3
0.0469167982333565 2 0 3 2 1 0 0
0.044245159821629 2 0 3 2 1 0 1
-0.0063043023736388 2 0 3 2 1 0 3
0.0595376320497326 2 0 3 2 1 1 0
0.016980437156569 2 0 3 2 1 1 1
0.0594091467660411 2 0 3 2 1 1 3
-0.1098362692026879 2 0 3 2 1 2 2
-0.0062595161037871 2 0 3 2 1 3 0
0.0555280403094122 2 0 3 2 1 3 1
0.0312253650597733 2 0 3 2 1 3 3
0.1305326722001429 2 0 3 2 2 0 2
0.1348111907831205 2 0 3 2 2 1 2
0.1499301000653979 2 0 3 2 2 2 0
-0.19919684908441 2 0 3 2 2 2 1
0.1092125795300028 2 0 3 2 2 2 3
0.1561121673262696 2 0 3 2 2 3 2
0.0035436607655671 2 0 3 2 3 0 0
-0.0247454029169189 2 0 3 2 3 0 1
-0.0345709914040291 2 0 3 2 3 0 3
0.0738095950344601 2 0 3 2 3 1 0
0.0774961839399676 2 0 3 2 3 1 1
0.0451105043720308 2 0 3 2 3 1 3
0.078887448839706 2 0 3 2 3 2 2
0.061465421903933 2 0 3 2 3 3 0
0.1398092782948762 2 0 3 2 3 3 1
-0.0593719364499688 2 0 3 2 3 3 3
-0.2175017555323114 2 0 3 3 0 0 2
0.0924551991051313 2 0 3 3 0 1 2
-0.0572865747917684 2 0 3 3 0 2 0
-0.1701078779055059 2 0 3 3 0 2 1
-0.1490822027339133 2 0 3 3 0 2 3
0.0443068561348145 2 0 3 3 0 3 2
-0.0353227987294721 2 0 3 3 1 0 2
-0.0491353257449404 2 0 3 3 1 1 2
-0.070655474354182 2 0 3 3 1 2 0
0.0926632239776671 2 0 3 3 1 2 1
-0.1032782404305665 2 0 3 3 1 2 3
-0.0836053958093034 2 0 3 3 1 3 2
-0.1310518717492255 2 0 3 3 2 0 0
-0.1351555414598455 2 0 3 3 2 0 1
0.019704230583995 2 0 3 3 2 0 3
0.1063540278095289 2 0 3 3 2 1 0
-0.0953868967944229 2 0 3 3 2 1 1
-0.0078597544437298 2 0 3 3 2 1 3
-0.009574845268102 2 0 3 3 2 2 2
-0.0746554740202216 2 0 3 3 2 3 0
0.0659530059504693 2 0 3 3 2 3 1
0.1254229101003324 2 0 3 3 2 3 3
-0.093217812729599 2 0 3 3 3 0 2
-0.0662185456514943 2 0 3 3 3 1 2
-0.077425547358128 2 0 3 3 3 2 0
0.0008859978817498 2 0 3 3 3 2 1
-0.0985147551202442 2 0 3 3 3 2 3
0.0241153885444067 2 0 3 3 3 3 2
0.014876763612631 2 1 0 0 0 0 2
-0.0258983634057084 2 1 0 0 0 1 2
-0.0567622003403359 2 1 0 0 0 2 0
0.1357976388323797 2 1 0 0 0 2 1
-0.0419470945929667 2 1 0 0 0 2 3
-0.0619755549728595 2 1 0 0 0 3 2
-0.0829629623034502 2 1 0 0 1 0 2
0.0337511035290103 2 1 0 0 1 1 2
-0.0181638047290552 2 1 0 0 1 2 0
-0.0357456718071818 2 1 0 0 1 2 1
-0.0053374753115273 2 1 0 0 1 2 3
0.0357963568802875 2 1 0 0 1 3 2
-0.0285289922303991 2 1 0 0 2 0 0
0.0791922556361204 2 1 0 0 2 0 1
-0.02121070186149 2 1 0 0 2 0 3
0.031287089091901 2 1 0 0 2 1 0
0.0754432191597372 2 1 0 0 2 1 1
0.0257038627021875 2 1 0 0 2 1 3
-0.1894054128854586 2 1 0 0 2 2 2
-0.0601229279137568 2 1 0 0 2 3 0
0.0197275440501994 2 1 0 0 2 3 1
0.0417115395940839 2 1 0 0 2 3 3
-0.021890447544267 2 1 0 0 3 0 2
0.0929036857687422 2 1 0 0 3 1 2
-0.0119795739993246 2 1 0 0 3 2 0
0.2078634188632694 2 1 0 0 3 2 1
-0.046791641665684 2 1 0 0 3 2 3
-0.0849512917860712 2 1 0 0 3 3 2
-0.0459808726591562 2 1 0 1 0 0 2
-0.0788873327529277 2 1 0 1 0 1 2
-0.0760965241105615 2 1 0 1 0 2 0
0.0828489863779599 2 1 0 1 0 2 1
0.1071284255687019 2 1 0 1 0 2 3
-0.0935260061446205 2 1 0 1 0 3 2
0.0146602238779334 2 1 0 1 1 0 2
0.116056539013972 2 1 0 1 1 1 2
0.0481919547630655 2 1 0 1 1 2 0
-0.0322668317429438 2 1 0 1 1 2 1
-0.0584587693934751 2 1 0 1 1 2 3
-0.012804657295556 2 1 0 1 1 3 2
0.2042940425005148 2 1 0 1 2 0 0
0.027718927732481 2 1 0 1 2 0 1
0.0225940286872544 2 1 0 1 2 0 3
0.0978763029774138 2 1 0 1 2 1 0
-0.0399835345704029 2 1 0 1 2 1 1
-0.038032045049365 2 1 0 1 2 1 3
0.1226234103959026 2 1 0 1 2 2 2
-0.0042162147967319 2 1 0 1 2 3 0
-0.023396913380068 2 1 0 1 2 3 1
-0.0184128445622228 2 1 0 1 2 3 3
0.1318963241380444 2 1 0 1 3 0 2
-0.2109035350206327 2 1 0 1 3 1 2
0.1430662789560285 2 1 0 1 3 2 0
0.048783488419483 2 1 0 1 3 2 1
0.1865788386988588 2 1 0 1 3 2 3
-0.0114639922989938 2 1 0 1 3 3 2
0.0098249397791067 2 1 0 2 0 0 0
-0.0383439865652226 2 1 0 2 0 0 1
-0.0096833488680604 2 1 0 2 0 0 3
-0.0907898063649099 2 1 0 2 0 1 0
-0.1535479520744762 2 1 0 2 0 1 1
-0.002819631080259 2 1 0 2 0 1 3
-0.0733286249920903 2 1 0 2 0 2 2
-0.0119424822179313 2 1 0 2 0 3 0
0.0354689259976683 2 1 0 2 0 3 1
-0.0638367706754516 2 1 0 2 0 3 3
0.0482752824494637 2 1 0 2 1 0 0
-0.0234306228090963 2 1 0 2 1 0 1
0.0515864182542665 2 1 0 2 1 0 3
-0.0652072864244161 2 1 0 2 1 1 0
-0.0342312336332248 2 1 0 2 1 1 1
0.0345387084821931 2 1 0 2 1 1 3
0.052499513599061 2 1 0 2 1 2 2
0.0593272675981339 2 1 0 2 1 3 0
-0.1166802754348566 2 1 0 2 1 3 1
0.0686722739803471 2 1 0 2 1 3 3
-0.0198219662208578 2 1 0 2 2 0 2
0.0451078633653218 2 1 0 2 2 1 2
-0.1455248947140134 2 1 0 2 2 2 0
-0.0601929927071418 2 1 0 2 2 2 1
-0.036065986955408 2 1 0 2 2 2 3
0.010550755456424 2 1 0 2 2 3 2
0.0841913183955872 2 1 0 2 3 0 0
-0.0273124567631683 2 1 0 2 3 0 1
0.0136655508366596 2 1 0 2 3 0 3
-0.0890347300850841 2 1 0 2 3 1 0
-0.0764852370659934 2 1 0 2 3 1 1
-0.0536799433909651 2 1 0 2 3 1 3
0.0134198723385348 2 1 0 2 3 2 2
-0.0190169361288714 2 1 0 2 3 3 0
0.0020415774848733 2 1 0 2 3 3 1
-0.1168249267517703 2 1 0 2 3 3 3
-0.0363575303547004 2 1 0 3 0 0 2
-0.0283323398476355 2 1 0 3 0 1 2
0.0167833223319859 2 1 0 3 0 2 0
0.0603112089082247 2 1 0 3 0 2 1
0.0381095108287897 2 1 0 3 0 2 3
-0.1313720013614946 2 1 0 3 0 3 2
0.0489341466371036 2 1 0 3 1 0 2
-0.0157559760046863 2 1 0 3 1 1 2
-0.0286987855013165 2 1 0 3 1 2 0
0.0916415902113582 2 1 0 3 1 2 1
-0.1139987699135856 2 1 0 3 1 2 3
0.0026962401063781 2 1 0 3 1 3 2
0.0490449375446528 2 1 0 3 2 0 0
-0.0340158090200254 2 1 0 3 2 0 1
0.0249737296008551 2 1 0 3 2 0 3
0.0725745263057077 2 1 0 3 2 1 0
0.028969812812093 2 1 0 3 2 1 1
0.1077398340394324 2 1 0 3 2 1 3
0.0899719308828307 2 1 0 3 2 2 2
0.020596567882209 2 1 0 3 2 3 0
-0.0072515724016722 2 1 0 3 2 3 1
-0.0345863134134603 2 1 0 3 2 3 3
0.036963870905821 2 1 0 3 3 0 2
0.0618599358270547 2 1 0 3 3 1 2
0.0732920062199268 2 1 0 3 3 2 0
-0.0242898640697509 2 1 0 3 3 2 1
0.0502325743510969 2 1 0 3 3 2 3
-0.053418891721353 2 1 0 3 3 3 2
0.043975169131648 2 1 1 0 0 0 2
-0.1022125029505001 2 1 1 0 0 1 2
0.0813684648301314 2 1 1 0 0 2 0
-0.0109063749936551 2 1 1 0 0 2 1
0.0311838433524582 2 1 1 0 0 2 3
-0.1032839984300459 2 1 1 0 0 3 2
0.160285265809369 2 1 1 0 1 0 2
-0.0097767358724458 2 1 1 0 1 1 2
0.1480876755562422 2 1 1 0 1 2 0
-0.0021336546950331 2 1 1 0 1 2 1
0.0726844147548896 2 1 1 0 1 2 3
-0.199056625372808 2 1 1 0 1 3 2
0.1179516496935765 2 1 1 0 2 0 0
0.0437474499119479 2 1 1 0 2 0 1
0.0824656781904818 2 1 1 0 2 0 3
-0.0265811836830943 2 1 1 0 2 1 0
0.0678023107668914 2 1 1 0 2 1 1
0.0112834328002673 2 1 1 0 2 1 3
0.1618931498106286 2 1 1 0 2 2 2
-0.0522407109759332 2 1 1 0 2 3 0
0.0890463803194176 2 1 1 0 2 3 1
-0.0399260140321382 2 1 1 0 2 3 3
0.1606347631878626 2 1 1 0 3 0 2
0.1678413204034437 2 1 1 0 3 1 2
-0.0740457666975267 2 1 1 0 3 2 0
-0.1600294738596689 2 1 1 0 3 2 1
0.0672990316614677 2 1 1 0 3 2 3
0.0894296769382529 2 1 1 0 3 3 2
0.1251375520993606 2 1 1 1 0 0 2
-0.0567992981049691 2 1 1 1 0 1 2
-0.0017493221474753 2 1 1 1 0 2 0
-0.0410368768889516 2 1 1 1 0 2 1
-0.0172865688008061 2 1 1 1 0 2 3
0.0714089664179144 2 1 1 1 0 3 2
0.0884973786043946 2 1 1 1 1 0 2
0.1577345981355245 2 1 1 1 1 1 2
-0.1440636772253065 2 1 1 1 1 2 0
-0.1216074070138439 2 1 1 1 1 2 1
-0.1011712808482196 2 1 1 1 1 2 3
-0.1075844622308452 2 1 1 1 1 3 2
0.0087577126570075 2 1 1 1 2 0 0
-0.0429290850220604 2 1 1 1 2 0 1
0.006147965623482 2 1 1 1 2 0 3
0.0877757941955735 2 1 1 1 2 1 0
0.0901295776692606 2 1 1 1 2 1 1
-0.0320710439547632 2 1 1 1 2 1 3
-0.0531419995630081 2 1 1 1 2 2 2
0.0375125058754645 2 1 1 1 2 3 0
0.0796239457683088 2 1 1 1 2 3 1
-0.1215272941480308 2 1 1 1 2 3 3
-0.0407155436270972 2 1 1 1 3 0 2
0.0005911361996588 2 1 1 1 3 1 2
0.0247843783189116 2 1 1 1 3 2 0
0.0011877663444686 2 1 1 1 3 2 1
0.0448115686114241 2 1 1 1 3 2 3
0.045140527151696 2 1 1 1 3 3 2
-0.010596395913443 2 1 1 2 0 0 0
-0.0701598048468201 2 1 1 2 0 0 1
-0.0001457280416597 2 1 1 2 0 0 3
0.0535868589940994 2 1 1 2 0 1 0
0.0203272522346594 2 1 1 2 0 1 1
0.1146033426041232 2 1 1 2 0 1 3
-0.1069542473380476 2 1 1 2 0 2 2
0.0697049238258705 2 1 1 2 0 3 0
0.109943914131877 2 1 1 2 0 3 1
-0.1137443198121289 2 1 1 2 0 3 3
-0.0012224944197294 2 1 1 2 1 0 0
-0.1458067138341699 2 1 1 2 1 0 1
0.1158035653454782 2 1 1 2 1 0 3
-0.007016867019383 2 1 1 2 1 1 0
0.1621104412838501 2 1 1 2 1 1 1
0.0901890762100003 2 1 1 2 1 1 3
0.0134168852036975 2 1 1 2 1 2 2
0.0222868726038102 2 1 1 2 1 3 0
0.0849057286223631 2 1 1 2 1 3 1
0.0493028721425344 2 1 1 2 1 3 3
-0.1179125651644958 2 1 1 2 2 0 2
-0.1809015197879464 2 1 1 2 2 1 2
0.1293474504834817 2 1 1 2 2 2 0
0.0406789748030085 2 1 1 2 2 2 1
0.0215976955303835 2 1 1 2 2 2 3
0.0792399470224211 2 1 1 2 2 3 2
-0.0703961851417813 2 1 1 2 3 0 0
0.0720663718174727 2 1 1 2 3 0 1
-0.1024441227164465 2 1 1 2 3 0 3
-0.0126702509090945 2 1 1 2 3 1 0
0.0759473567551914 2 1 1 2 3 1 1
-0.0156652704810357 2 1 1 2 3 1 3
-0.1619480136891387 2 1 1 2 3 2 2
-0.095559134822456 2 1 1 2 3 3 0
0.1131266894478316 2 1 1 2 3 3 1
0.0602482042489541 2 1 1 2 3 3 3
-0.0441214982320655 2 1 1 3 0 0 2
0.0611681426760199 2 1 1 3 0 1 2
-0.0212047328299883 2 1 1 3 0 2 0
-0.1193389721858947 2 1 1 3 0 2 1
0.03114764810859 2 1 1 3 0 2 3
-0.0322127391805098 2 1 1 3 0 3 2
-0.0472270917158105 2 1 1 3 1 0 2
0.0307708530214122 2 1 1 3 1 1 2
0.0366096515119633 2 1 1 3 1 2 0
0.0626850524988568 2 1 1 3 1 2 1
-0.1581280382231333 2 1 1 3 1 2 3
-0.0685103938768265 2 1 1 3 1 3 2
-0.0927472494295876 2 1 1 3 2 0 0
-0.0750429399688624 2 1 1 3 2 0 1
0.1940831210343223 2 1 1 3 2 0 3
0.0083504233659746 2 1 1 3 2 1 0
0.0303937919536246 2 1 1 3 2 1 1
-0.1160327316411164 2 1 1 3 2 1 3
0.0232730068111888 2 1 1 3 2 2 2
0.1679266083136333 2 1 1 3 2 3 0
0.1280915106977797 2 1 1 3 2 3 1
0.0009856506953535 2 1 1 3 2 3 3
-0.1554739345915109 2 1 1 3 3 0 2
-0.0635784229946748 2 1 1 3 3 1 2
-0.0665872979469148 2 1 1 3 3 2 0
-0.0314202391244909 2 1 1 3 3 2 1
-0.0813801768531774 2 1 1 3 3 2 3
-0.051444174999048 2 1 1 3 3 3 2
-0.0563601151753999 2 1 2 0 0 0 0
0.042806140560073 2 1 2 0 0 0 1
0.0799037914174054 2 1 2 0 0 0 3
0.099082861815891 2 1 2 0 0 1 0
0.1313654034777671 2 1 2 0 0 1 1
-0.0847096239082527 2 1 2 0 0 1 3
-0.0272807879355932 2 1 2 0 0 2 2
0.0010578295620864 2 1 2 0 0 3 0
-0.1074102992806912 2 1 2 0 0 3 1
0.0244178163422626 2 1 2 0 0 3 3
0.1153023875182296 2 1 2 0 1 0 0
0.0018313578119481 2 1 2 0 1 0 1
-0.036021482263465 2 1 2 0 1 0 3
0.0200278468570088 2 1 2 0 1 1 0
0.0857674667430546 2 1 2 0 1 1 1
-0.1027499637561929 2 1 2 0 1 1 3
0.0645870212661987 2 1 2 0 1 2 2
0.0243188739089757 2 1 2 0 1 3 0
-0.0746786826978422 2 1 2 0 1 3 1
0.1054352814129794 2 1 2 0 1 3 3
0.0684565685765169 2 1 2 0 2 0 2
-0.1218632686239229 2 1 2 0 2 1 2
-0.0399850791132626 2 1 2 0 2 2 0
-0.0610677716782439 2 1 2 0 2 2 1
-0.1428304569914782 2 1 2 0 2 2 3
-0.2091718102379432 2 1 2 0 2 3 2
0.0838700491791583 2 1 2 0 3 0 0
-0.1343016234601417 2 1 2 0 3 0 1
-0.0492199879957939 2 1 2 0 3 0 3
-0.0089619690177069 2 1 2 0 3 1 0
-0.0368632205334767 2 1 2 0 3 1 1
0.0108782629924663 2 1 2 0 3 1 3
0.0057981444515808 2 1 2 0 3 2 2
-0.0341637098214082 2 1 2 0 3 3 0
-0.1365703533160139 2 1 2 0 3 3 1
0.0636926765525229 2 1 2 0 3 3 3
-0.0905955610355403 2 1 2 1 0 0 0
-0.0010200327562861 2 1 2 1 0 0 1
-0.143031827202968 2 1 2 1 0 0 3
0.0987245727703162 2 1 2 1 0 1 0
-0.0199790879323498 2 1 2 1 0 1 1
-0.1180872680936357 2 1 2 1 0 1 3
0.1505507883370424 2 1 2 1 0 2 2
0.0398505771082501 2 1 2 1 0 3 0
0.13836509588678 2 1 2 1 0 3 1
0.0069403984717123 2 1 2 1 0 3 3
0.013603861729906 2 1 2 1 1 0 0
0.1409780453838336 2 1 2 1 1 0 1
-0.0296556757371508 2 1 2 1 1 0 3
-0.0510713792413514 2 1 2 1 1 1 0
0.0356286888945406 2 1 2 1 1 1 1
0.0173746398827949 2 1 2 1 1 1 3
0.0262644579025841 2 1 2 1 1 2 2
0.0198813424589535 2 1 2 1 1 3 0
-0.1525643359193704 2 1 2 1 1 3 1
-0.2202287688772284 2 1 2 1 1 3 3
0.08367530212005 2 1 2 1 2 0 2
-0.1169154161300001 2 1 2 1 2 1 2
0.0900264076110232 2 1 2 1 2 2 0
-0.254361294942747 2 1 2 1 2 2 1
0.0161368617546128 2 1 2 1 2 2 3
-0.0208068173794287 2 1 2 1 2 3 2
-0.0972639770868612 2 1 2 1 3 0 0
-0.1001677868139467 2 1 2 1 3 0 1
-0.0017940802026197 2 1 2 1 3 0 3
0.0044507161920953 2 1 2 1 3 1 0
-0.0412753554079393 2 1 2 1 3 1 1
-0.0394277136942378 2 1 2 1 3 1 3
0.1027412651955887 2 1 2 1 3 2 2
-0.0296766345993293 2 1 2 1 3 3 0
0.0451334974257343 2 1 2 1 3 3 1
0.0422150965363628 2 1 2 1 3 3 3
-0.0971241219934729 2 1 2 2 0 0 2
0.0662990750259838 2 1 2 2 0 1 2
-0.1410039819102466 2 1 2 2 0 2 0
0.0191642494838712 2 1 2 2 0 2 1
0.1173662225751502 2 1 2 2 0 2 3
-0.1672024533470147 2 1 2 2 0 3 2
0.0497350566694464 2 1 2 2 1 0 2
-0.0556413248749576 2 1 2 2 1 1 2
-0.0720375627108736 2 1 2 2 1 2 0
0.063590957868664 2 1 2 2 1 2 1
0.0227863739096729 2 1 2 2 1 2 3
0.0133915706817776 2 1 2 2 1 3 2
-0.0459118613772407 2 1 2 2 2 0 0
0.1268110233528315 2 1 2 2 2 0 1
-0.0343346538422589 2 1 2 2 2 0 3
-0.0470672392314466 2 1 2 2 2 1 0
-0.0594421265864711 2 1 2 2 2 1 1
0.013108908186775 2 1 2 2 2 1 3
0.1240740665626656 2 1 2 2 2 2 2
-0.0133749543592712 2 1 2 2 2 3 0
0.1056975486854981 2 1 2 2 2 3 1
-0.069642833868817 2 1 2 2 2 3 3
-0.0308535074152958 2 1 2 2 3 0 2
0.0769911999051692 2 1 2 2 3 1 2
0.0107605838400383 2 1 2 2 3 2 0
-0.0022131346353172 2 1 2 2 3 2 1
0.0020930150320912 2 1 2 2 3 2 3
-0.0765902447046137 2 1 2 2 3 3 2
-0.0769217169857284 2 1 2 3 0 0 0
0.0601831013867573 2 1 2 3 0 0 1
0.0238973658250175 2 1 2 3 0 0 3
0.0220500727287942 2 1 2 3 0 1 0
0.0821996042120446 2 1 2 3 0 1 1
0.0481594091245388 2 1 2 3 0 1 3
-0.1404738080255918 2 1 2 3 0 2 2
0.0821321579030592 2 1 2 3 0 3 0
0.0396848704799596 2 1 2 3 0 3 1
0.072054196305849 2 1 2 3 0 3 3
-0.0488902611552665 2 1 2 3 1 0 0
-0.0823558262997201 2 1 2 3 1 0 1
0.0470962605504017 2 1 2 3 1 0 3
-0.1290815943995138 2 1 2 3 1 1 0
0.0731766594403156 2 1 2 3 1 1 1
0.1313830788355528 2 1 2 3 1 1 3
0.1562552607578896 2 1 2 3 1 2 2
0.029734266165711 2 1 2 3 1 3 0
0.1119851848790363 2 1 2 3 1 3 1
0.0218183843676127 2 1 2 3 1 3 3
-0.0013412987976875 2 1 2 3 2 0 2
-0.0065033846172794 2 1 2 3 2 1 2
-0.1255288705149799 2 1 2 3 2 2 0
-0.1078723757056575 2 1 2 3 2 2 1
0.1239504620509862 2 1 2 3 2 2 3
0.0508674685951237 2 1 2 3 2 3 2
-0.0813321857165159 2 1 2 3 3 0 0
-0.0387606685645249 2 1 2 3 3 0 1
0.0150998368157222 2 1 2 3 3 0 3
0.0556092855545406 2 1 2 3 3 1 0
-0.0104049135685545 2 1 2 3 3 1 1
-0.0528824630365704 2 1 2 3 3 1 3
-0.076736947235512 2 1 2 3 3 2 2
0.0090215558735237 2 1 2 3 3 3 0
0.0337674067774315 2 1 2 3 3 3 1
-0.0037426689093689 2 1 2 3 3 3 3
-0.0540098809349589 2 1 3 0 0 0 2
0.0427752374419103 2 1 3 0 0 1 2
0.1364309230544689 2 1 3 0 0 2 0
-0.0561077502834709 2 1 3 0 0 2 1
0.0107322110387647 2 1 3 0 0 2 3
-0.0374443298209435 2 1 3 0 0 3 2
0.100448536362134 2 1 3 0 1 0 2
-0.1280812745729578 2 1 3 0 1 1 2
-0.0610061446697923 2 1 3 0 1 2 0
-0.1269315859099891 2 1 3 0 1 2 1
0.0512989242424623 2 1 3 0 1 2 3
0.1055931764449957 2 1 3 0 1 3 2
-0.091914121343951 2 1 3 0 2 0 0
-0.1651160295936097 2 1 3 0 2 0 1
0.0959150273908717 2 1 3 0 2 0 3
-0.0400563254724441 2 1 3 0 2 1 0
0.0020043070281612 2 1 3 0 2 1 1
-0.050581984247338 2 1 3 0 2 1 3
0.0520642297975165 2 1 3 0 2 2 2
-0.0980752427789718 2 1 3 0 2 3 0
-0.0499231297454208 2 1 3 0 2 3 1
0.0415351972094424 2 1 3 0 2 3 3
0.0038192502983748 2 1 3 0 3 0 2
-0.0565203832189268 2 1 3 0 3 1 2
0.0337697002583103 2 1 3 0 3 2 0
0.0123518214218907 2 1 3 0 3 2 1
0.0253327114934779 2 1 3 0 3 2 3
0.0473100408941741 2 1 3 0 3 3 2
0.067945659733009 2 1 3 1 0 0 2
0.0716040453221543 2 1 3 1 0 1 2
0.0573075632063015 2 1 3 1 0 2 0
-0.012102862417557 2 1 3 1 0 2 1
-0.1458402731864121 2 1 3 1 0 2 3
-0.0933819228604604 2 1 3 1 0 3 2
0.0269315614456385 2 1 3 1 1 0 2
-0.2255001471985433 2 1 3 1 1 1 2
0.0787491586225971 2 1 3 1 1 2 0
-0.0535350672044281 2 1 3 1 1 2 1
-0.038646482409854 2 1 3 1 1 2 3
-0.0267404109989959 2 1 3 1 1 3 2
-0.0077185083399482 2 1 3 1 2 0 0
0.0122572555762876 2 1 3 1 2 0 1
-0.0238975067952841 2 1 3 1 2 0 3
0.0361190567948826 2 1 3 1 2 1 0
-0.0600802397653035 2 1 3 1 2 1 1
0.0011557620720938 2 1 3 1 2 1 3
0.0084755483313981 2 1 3 1 2 2 2
-0.0427144882903971 2 1 3 1 2 3 0
-0.0580284951457467 2 1 3 1 2 3 1
-0.0018668384969971 2 1 3 1 2 3 3
-0.0382694482680974 2 1 3 1 3 0 2
-0.1125944622140127 2 1 3 1 3 1 2
0.1566120566452397 2 1 3 1 3 2 0
0.0922969714930038 2 1 3 1 3 2 1
0.038706675798992 2 1 3 1 3 2 3
-0.0280204875049607 2 1 3 1 3 3 2
-0.012180638770022 2 1 3 2 0 0 0
-0.0213922581269519 2 1 3 2 0 0 1
-0.0105986375369487 2 1 3 2 0 0 3
0.0273786172339379 2 1 3 2 0 1 0
-0.209859322908847 2 1 3 2 0 1 1
-0.0455681012320792 2 1 3 2 0 1 3
0.0503279194494795 2 1 3 2 0 2 2
-0.0827135692672951 2 1 3 2 0 3 0
-0.1135253463314717 2 1 3 2 0 3 1
-0.0246092716742571 2 1 3 2 0 3 3
-0.0636252985467723 2 1 3 2 1 0 0
-0.1598386609280043 2 1 3 2 1 0 1
0.043143693921729 2 1 3 2 1 0 3
0.1637155101425321 2 1 3 2 1 1 0
0.1788070526721875 2 1 3 2 1 1 1
-0.0487919918624854 2 1 3 2 1 1 3
-0.0241541829700983 2 1 3 2 1 2 2
0.0955205822949272 2 1 3 2 1 3 0
0.008719325208559 2 1 3 2 1 3 1
0.1411785359251942 2 1 3 2 1 3 3
0.1098882613176943 2 1 3 2 2 0 2
-0.0953491764522406 2 1 3 2 2 1 2
-0.018314262942316 2 1 3 2 2 2 0
0.0003744213449675 2 1 3 2 2 2 1
-0.0866897434287932 2 1 3 2 2 2 3
-0.0712303627319799 2 1 3 2 2 3 2
-0.0757872395177051 2 1 3 2 3 0 0
0.0480770167071181 2 1 3 2 3 0 1
0.1270229179856168 2 1 3 2 3 0 3
0.0728282466277186 2 1 3 2 3 1 0
-0.0310214853815074 2 1 3 2 3 1 1
0.0683230319625107 2 1 3 2 3 1 3
-0.0719664970935771 2 1 3 2 3 2 2
0.0904771616904613 2 1 3 2 3 3 0
-0.0197335348027826 2 1 3 2 3 3 1
0.0308106223883121 2 1 3 2 3 3 3
0.1713395561359297 2 1 3 3 0 0 2
-0.0397446646743596 2 1 3 3 0 1 2
0.1611873831531024 2 1 3 3 0 2 0
-0.0253775530537832 2 1 3 3 0 2 1
-0.0706600405364852 2 1 3 3 0 2 3
0.0104928127839852 2 1 3 3 0 3 2
-0.0590874404218056 2 1 3 3 1 0 2
0.0324382756083266 2 1 3 3 1 1 2
0.0128867638095276 2 1 3 3 1 2 0
-0.0132099301982751 2 1 3 3 1 2 1
-0.0774042137099774 2 1 3 3 1 2 3
-0.0339468249984231 2 1 3 3 1 3 2
0.0152559368632444 2 1 3 3 2 0 0
0.0429125503227132 2 1 3 3 2 0 1
0.1253343952570375 2 1 3 3 2 0 3
0.0256048530397028 2 1 3 3 2 1 0
-0.0555421738149963 2 1 3 3 2 1 1
-0.0233372013683362 2 1 3 3 2 1 3
-0.0355136649906962 2 1 3 3 2 2 2
0.0052931484056417 2 1 3 3 2 3 0
-0.0832704402130733 2 1 3 3 2 3 1
0.0028383869028666 2 1 3 3 2 3 3
-0.0147163975790062 2 1 3 3 3 0 2
0.0240051596756232 2 1 3 3 3 1 2
-0.214027858366845 2 1 3 3 3 2 0
0.1116177508243167 2 1 3 3 3 2 1
0.0508515328093609 2 1 3 3 3 2 3
0.0767146244234466 2 1 3 3 3 3 2
-0.0019423165787355 2 2 0 0 0 0 0
0.0569768618599278 2 2 0 0 0 0 1
0.2097057419538716 2 2 0 0 0 0 3
-0.0276935028120736 2 2 0 0 0 1 0
-0.0878108378562463 2 2 0 0 0 1 1
0.0523791288499598 2 2 0 0 0 1 3
-0.0623677498418115 2 2 0 0 0 2 2
-0.0587626987849162 2 2 0 0 0 3 0
-0.0007763307477429 2 2 0 0 0 3 1
-0.039855536174006 2 2 0 0 0 3 3
0.0170519770533845 2 2 0 0 1 0 0
-0.0241844770139735 2 2 0 0 1 0 1
-0.0471640138809291 2 2 0 0 1 0 3
0.1542153675963931 2 2 0 0 1 1 0
-0.1122133883612719 2 2 0 0 1 1 1
-0.0770110416964691 2 2 0 0 1 1 3
0.0707524941938296 2 2 0 0 1 2 2
-0.1211433407474305 2 2 0 0 1 3 0
0.0471207247712637 2 2 0 0 1 3 1
0.1047667980301379 2 2 0 0 1 3 3
-0.0611211341768317 2 2 0 0 2 0 2
-0.0729591751063578 2 2 0 0 2 1 2
0.0720043773137625 2 2 0 0 2 2 0
-0.0985319195975278 2 2 0 0 2 2 1
-0.0742706358906463 2 2 0 0 2 2 3
0.1386396761911922 2 2 0 0 2 3 2
0.1515811168732394 2 2 0 0 3 0 0
-0.0682032960652743 2 2 0 0 3 0 1
0.060859480820209 2 2 0 0 3 0 3
0.0189692371344126 2 2 0 0 3 1 0
-0.1095111484444475 2 2 0 0 3 1 1
0.0190589273163923 2 2 0 0 3 1 3
-0.0326263779452996 2 2 0 0 3 2 2
-0.0684838470037967 2 2 0 0 3 3 0
0.0168525486687077 2 2 0 0 3 3 1
-0.0343075756081839 2 2 0 0 3 3 3
-0.0538974744301307 2 2 0 1 0 0 0
-0.0580765096773515 2 2 0 1 0 0 1
0.0536326047839924 2 2 0 1 0 0 3
-0.047911530577759 2 2 0 1 0 1 0
-0.0556004426381397 2 2 0 1 0 1 1
-0.0818712175928881 2 2 0 1 0 1 3
-0.132019049310407 2 2 0 1 0 2 2
0.1518988110808053 2 2 0 1 0 3 0
-0.0676322632004875 2 2 0 1 0 3 1
-0.1558082147152516 2 2 0 1 0 3 3
0.1535839004262973 2 2 0 1 1 0 0
0.0546018105947061 2 2 0 1 1 0 1
-0.0612739314395017 2 2 0 1 1 0 3
0.0085085505980735 2 2 0 1 1 1 0
-0.0047983209640776 2 2 0 1 1 1 1
-0.1603395474544463 2 2 0 1 1 1 3
-0.0242959686458891 2 2 0 1 1 2 2
-0.172479638889349 2 2 0 1 1 3 0
-0.0700267182474279 2 2 0 1 1 3 1
-0.0128438131739516 2 2 0 1 1 3 3
-0.0724566226345893 2 2 0 1 2 0 2
-0.059495428627745 2 2 0 1 2 1 2
-0.1126876511580784 2 2 0 1 2 2 0
0.050156687202656 2 2 0 1 2 2 1
-0.0322347252123415 2 2 0 1 2 2 3
0.0319397569522332 2 2 0 1 2 3 2
0.0823893419080091 2 2 0 1 3 0 0
-0.0609013425533035 2 2 0 1 3 0 1
0.1083891204234778 2 2 0 1 3 0 3
0.1467272958985973 2 2 0 1 3 1 0
-0.0087961987929077 2 2 0 1 3 1 1
-0.2203573691126067 2 2 0 1 3 1 3
-0.0158748413279865 2 2 0 1 3 2 2
0.0759224396161139 2 2 0 1 3 3 0
0.016940286849413 2 2 0 1 3 3 1
-0.1682137051499711 2 2 0 1 3 3 3
-0.0157768433162882 2 2 0 2 0 0 2
-0.0115594824833316 2 2 0 2 0 1 2
0.070017383450959 2 2 0 2 0 2 0
-0.0521271354337308 2 2 0 2 0 2 1
-0.0330662819287576 2 2 0 2 0 2 3
-0.0256298709124737 2 2 0 2 0 3 2
-0.0042685065452582 2 2 0 2 1 0 2
-0.0887842563033024 2 2 0 2 1 1 2
0.0735735178175934 2 2 0 2 1 2 0
-0.0171569812508422 2 2 0 2 1 2 1
0.1096865913351473 2 2 0 2 1 2 3
-0.1014428111887105 2 2 0 2 1 3 2
0.1497671724871675 2 2 0 2 2 0 0
-0.0115757205667896 2 2 0 2 2 0 1
-0.0934299308325532 2 2 0 2 2 0 3
-0.0523501290634506 2 2 0 2 2 1 0
0.0539444023746235 2 2 0 2 2 1 1
0.1547387078142888 2 2 0 2 2 1 3
0.1243550818842496 2 2 0 2 2 2 2
-0.100609990116061 2 2 0 2 2 3 0
-0.0582268961679028 2 2 0 2 2 3 1
0.0574407838633382 2 2 0 2 2 3 3
-0.0834167719080301 2 2 0 2 3 0 2
0.0745623057203837 2 2 0 2 3 1 2
0.0588615321081376 2 2 0 2 3 2 0
-0.0339018333644086 2 2 0 2 3 2 1
-0.0639811131217625 2 2 0 2 3 2 3
-0.139611850696207 2 2 0 2 3 3 2
0.0630165218701958 2 2 0 3 0 0 0
0.0920346769076864 2 2 0 3 0 0 1
-0.017726516140666 2 2 0 3 0 0 3
-0.0163191826538507 2 2 0 3 0 1 0
-0.1723248222363265 2 2 0 3 0 1 1
-0.0208890949424013 2 2 0 3 0 1 3
0.0453485030569219 2 2 0 3 0 2 2
0.0575499569981708 2 2 0 3 0 3 0
-0.0241665571030232 2 2 0 3 0 3 1
0.1529488784444115 2 2 0 3 0 3 3
0.0562268650968041 2 2 0 3 1 0 0
-0.0399212744215913 2 2 0 3 1 0 1
0.0062152359405259 2 2 0 3 1 0 3
-0.0655400273615558 2 2 0 3 1 1 0
-0.1626015066288082 2 2 0 3 1 1 1
-0.0060183988727789 2 2 0 3 1 1 3
-0.0392725370195924 2 2 0 3 1 2 2
-0.0989486475945795 2 2 0 3 1 3 0
-0.0992215450833391 2 2 0 3 1 3 1
-0.0293710337342236 2 2 0 3 1 3 3
-0.0006523868229562 2 2 0 3 2 0 2
0.1053189732043315 2 2 0 3 2 1 2
-0.057839963164201 2 2 0 3 2 2 0
-0.0112193740795335 2 2 0 3 2 2 1
0.0845008628457292 2 2 0 3 2 2 3
-0.0681665610201487 2 2 0 3 2 3 2
-0.1022955977670283 2 2 0 3 3 0 0
0.0635609276216926 2 2 0 3 3 0 1
-0.130027012369755 2 2 0 3 3 0 3
-0.1193382112745282 2 2 0 3 3 1 0
-0.0157598604637721 2 2 0 3 3 1 1
-0.1213435725931543 2 2 0 3 3 1 3
-0.0021065065175734 2 2 0 3 3 2 2
0.164151800973605 2 2 0 3 3 3 0
0.0392732853426632 2 2 0 3 3 3 1
-0.0534583109438562 2 2 0 3 3 3 3
-0.1055317657480332 2 2 1 0 0 0 0
0.1338311141578925 2 2 1 0 0 0 1
0.0696784675654157 2 2 1 0 0 0 3
0.0239671096514142 2 2 1 0 0 1 0
-0.1611508754004992 2 2 1 0 0 1 1
0.0837648887440154 2 2 1 0 0 1 3
0.0825648750268927 2 2 1 0 0 2 2
-0.0204645778113783 2 2 1 0 0 3 0
-0.1481411699324555 2 2 1 0 0 3 1
0.0636606238794707 2 2 1 0 0 3 3
-0.1912457410959468 2 2 1 0 1 0 0
-0.0213759558988015 2 2 1 0 1 0 1
0.0116592596704685 2 2 1 0 1 0 3
0.0630915094655063 2 2 1 0 1 1 0
0.0765478825889674 2 2 1 0 1 1 1
-0.0244242117933192 2 2 1 0 1 1 3
-0.0820864416588963 2 2 1 0 1 2 2
-0.0551584153178573 2 2 1 0 1 3 0
-0.0087632210510006 2 2 1 0 1 3 1
0.1156589138119039 2 2 1 0 1 3 3
-0.0290542842427846 2 2 1 0 2 0 2
-0.1637841764329425 2 2 1 0 2 1 2
0.0705708919831987 2 2 1 0 2 2 0
0.0515978793868686 2 2 1 0 2 2 1
-0.0913149273983293 2 2 1 0 2 2 3
0.0175777534501772 2 2 1 0 2 3 2
-0.1150134819567763 2 2 1 0 3 0 0
-0.0444996536827242 2 2 1 0 3 0 1
-0.063072389996275 2 2 1 0 3 0 3
0.0688291005476114 2 2 1 0 3 1 0
0.05777656730672 2 2 1 0 3 1 1
-0.0564851846660084 2 2 1 0 3 1 3
-0.042386285522581 2 2 1 0 3 2 2
0.0136352642989278 2 2 1 0 3 3 0
0.0102179166491537 2 2 1 0 3 3 1
0.0422460020046998 2 2 1 0 3 3 3
-0.0607706512357185 2 2 1 1 0 0 0
-0.0615103937851535 2 2 1 1 0 0 1
-0.0093588228582916 2 2 1 1 0 0 3
-0.0418715024950629 2 2 1 1 0 1 0
-0.1865715683970729 2 2 1 1 0 1 1
0.0534619124039828 2 2 1 1 0 1 3
-0.0861714002174731 2 2 1 1 0 2 2
0.0034160980229792 2 2 1 1 0 3 0
-0.0289532281902278 2 2 1 1 0 3 1
-0.0158973591535706 2 2 1 1 0 3 3
0.069787896124057 2 2 1 1 1 0 0
0.0229653528340656 2 2 1 1 1 0 1
-0.0799103831633498 2 2 1 1 1 0 3
0.0224091908860572 2 2 1 1 1 1 0
-0.0568586830224963 2 2 1 1 1 1 1
0.0507613292272523 2 2 1 1 1 1 3
0.0699727075813447 2 2 1 1 1 2 2
-0.1485136415784597 2 2 1 1 1 3 0
0.0400613289570899 2 2 1 1 1 3 1
-0.0598010119516571 2 2 1 1 1 3 3
-0.0063043904958678 2 2 1 1 2 0 2
0.1498891700894449 2 2 1 1 2 1 2
-0.0136921008770714 2 2 1 1 2 2 0
0.0087796907459115 2 2 1 1 2 2 1
0.0988113655297908 2 2 1 1 2 2 3
-0.1865572205175783 2 2 1 1 2 3 2
0.0252915404467728 2 2 1 1 3 0 0
0.060315543636459 2 2 1 1 3 0 1
0.0147199425454464 2 2 1 1 3 0 3
-0.0457977787320138 2 2 1 1 3 1 0
0.0778219859278495 2 2 1 1 3 1 1
-0.0336248575746785 2 2 1 1 3 1 3
0.1432092165369676 2 2 1 1 3 2 2
-0.015818372425874 2 2 1 1 3 3 0
0.0313613372855538 2 2 1 1 3 3 1
0.1460413135813223 2 2 1 1 3 3 3
0.069929232580398 2 2 1 2 0 0 2
-0.0512887403201576 2 2 1 2 0 1 2
-0.0731576017880734 2 2 1 2 0 2 0
0.1126423708851402 2 2 1 2 0 2 1
-0.0457438807596993 2 2 1 2 0 2 3
-0.0433145212938554 2 2 1 2 0 3 2
-0.1855195341095495 2 2 1 2 1 0 2
-0.0401315044274142 2 2 1 2 1 1 2
0.1143413189899507 2 2 1 2 1 2 0
-0.0696685450914485 2 2 1 2 1 2 1
-0.0150101301120407 2 2 1 2 1 2 3
-0.0584169007441016 2 2 1 2 1 3 2
0.0543322365897654 2 2 1 2 2 0 0
-0.1497052159340159 2 2 1 2 2 0 1
-0.1174901892816258 2 2 1 2 2 0 3
-0.0394382482031192 2 2 1 2 2 1 0
-0.0352750121838381 2 2 1 2 2 1 1
-0.0667394143511245 2 2 1 2 2 1 3
0.0771112507637041 2 2 1 2 2 2 2
-0.164161933563445 2 2 1 2 2 3 0
-0.0388120965451694 2 2 1 2 2 3 1
-0.0359933664683509 2 2 1 2 2 3 3
-0.1254931866940877 2 2 1 2 3 0 2
-0.0040548083532943 2 2 1 2 3 1 2
0.0210028538225289 2 2 1 2 3 2 0
-0.2298316018907597 2 2 1 2 3 2 1
0.0183515307015231 2 2 1 2 3 2 3
0.1077521191824872 2 2 1 2 3 3 2
0.1513340733809578 2 2 1 3 0 0 0
-0.0600741615266153 2 2 1 3 0 0 1
-0.1555643705963085 2 2 1 3 0 0 3
0.0586650275559425 2 2 1 3 0 1 0
0.0952383192463958 2 2 1 3 0 1 1
0.0444948751829283 2 2 1 3 0 1 3
0.1039768728208064 2 2 1 3 0 2 2
-0.0027136222530404 2 2 1 3 0 3 0
-0.0736949169316682 2 2 1 3 0 3 1
0.1974441930928113 2 2 1 3 0 3 3
-0.0296905073009645 2 2 1 3 1 0 0
-0.0915839569986497 2 2 1 3 1 0 1
0.0919921141584171 2 2 1 3 1 0 3
0.0108976388441123 2 2 1 3 1 1 0
-0.0511186177553479 2 2 1 3 1 1 1
0.1071542965559477 2 2 1 3 1 1 3
0.0353304007065051 2 2 1 3 1 2 2
-0.0689069539999372 2 2 1 3 1 3 0
-0.0439086064368606 2 2 1 3 1 3 1
0.0215720759302783 2 2 1 3 1 3 3
-0.0463678523851944 2 2 1 3 2 0 2
-0.0016206984103795 2 2 1 3 2 1 2
-0.0899688158867027 2 2 1 3 2 2 0
-0.0024371819406186 2 2 1 3 2 2 1
0.0565830468311771 2 2 1 3 2 2 3
0.1361498095038792 2 2 1 3 2 3 2
-0.1610319509157498 2 2 1 3 3 0 0
0.000651769427536 2 2 1 3 3 0 1
0.1903903858470205 2 2 1 3 3 0 3
-0.1539891878240396 2 2 1 3 3 1 0
0.0185619999440867 2 2 1 3 3 1 1
0.0684087702063873 2 2 1 3 3 1 3
-0.1099384520346857 2 2 1 3 3 2 2
0.1486460782227886 2 2 1 3 3 3 0
0.0916253037918311 2 2 1 3 3 3 1
-0.0420925092283791 2 2 1 3 3 3 3
-0.0560319537847083 2 2 2 0 0 0 2
-0.0257464338756727 2 2 2 0 0 1 2
0.0272194971244125 2 2 2 0 0 2 0
0.1987564560913926 2 2 2 0 0 2 1
0.1058882317089519 2 2 2 0 0 2 3
0.117185270552856 2 2 2 0 0 3 2
-0.0372817185186602 2 2 2 0 1 0 2
-0.0653898086712408 2 2 2 0 1 1 2
-0.0896831947642263 2 2 2 0 1 2 0
-0.0985601717847436 2 2 2 0 1 2 1
0.095599794761028 2 2 2 0 1 2 3
-0.0065801806410533 2 2 2 0 1 3 2
-0.0822263794442356 2 2 2 0 2 0 0
-0.096364729317413 2 2 2 0 2 0 1
0.1572284432423608 2 2 2 0 2 0 3
0.0329547228800412 2 2 2 0 2 1 0
0.0094018055532751 2 2 2 0 2 1 1
-0.0046641112373622 2 2 2 0 2 1 3
0.0274455990569673 2 2 2 0 2 2 2
-0.0333239853928428 2 2 2 0 2 3 0
0.0018184836378589 2 2 2 0 2 3 1
-0.0070641572206147 2 2 2 0 2 3 3
-0.0206082915700014 2 2 2 0 3 0 2
0.2495940347751951 2 2 2 0 3 1 2
1.65111358705e-05 2 2 2 0 3 2 0
0.004791177197124 2 2 2 0 3 2 1
0.0372062869503783 2 2 2 0 3 2 3
-0.1903819411477089 2 2 2 0 3 3 2
0.105313972156819 2 2 2 1 0 0 2
0.0549597892465847 2 2 2 1 0 1 2
0.0828575918561622 2 2 2 1 0 2 0
-0.0599987949870663 2 2 2 1 0 2 1
-0.0491659270423492 2 2 2 1 0 2 3
0.1154728520763059 2 2 2 1 0 3 2
0.0063877710932349 2 2 2 1 1 0 2
-0.0746898774215355 2 2 2 1 1 1 2
-0.0885659333255244 2 2 2 1 1 2 0
-0.0757841413468064 2 2 2 1 1 2 1
-0.1135910600575585 2 2 2 1 1 2 3
-0.1251973051175511 2 2 2 1 1 3 2
0.0042133894698064 2 2 2 1 2 0 0
0.0740701309514513 2 2 2 1 2 0 1
0.0973806549075533 2 2 2 1 2 0 3
-0.048674519968798 2 2 2 1 2 1 0
0.0433074006671162 2 2 2 1 2 1 1
0.0499368272586425 2 2 2 1 2 1 3
-0.1225839062744142 2 2 2 1 2 2 2
0.0608474298840127 2 2 2 1 2 3 0
0.1468789019783571 2 2 2 1 2 3 1
-0.0006972113926889 2 2 2 1 2 3 3
-0.0176469783194145 2 2 2 1 3 0 2
-0.0708611478579598 2 2 2 1 3 1 2
-0.0390354805314967 2 2 2 1 3 2 0
-0.0774498697298078 2 2 2 1 3 2 1
0.0760668659121428 2 2 2 1 3 2 3
-0.0090462409805171 2 2 2 1 3 3 2
0.0345042021288119 2 2 2 2 0 0 0
-0.0105225356667805 2 2 2 2 0 0 1
0.0837233629612571 2 2 2 2 0 0 3
0.0417136770530959 2 2 2 2 0 1 0
0.0221384126872897 2 2 2 2 0 1 1
0.0712979612586162 2 2 2 2 0 1 3
-0.0893591135885909 2 2 2 2 0 2 2
0.1319227706460582 2 2 2 2 0 3 0
0.1690477524074441 2 2 2 2 0 3 1
-0.0617158065279578 2 2 2 2 0 3 3
0.0883930796634501 2 2 2 2 1 0 0
-0.0109126622925954 2 2 2 2 1 0 1
0.0668209681752682 2 2 2 2 1 0 3
-0.1116471069311887 2 2 2 2 1 1 0
0.0430959065932579 2 2 2 2 1 1 1
0.0340298884685242 2 2 2 2 1 1 3
-0.0752456226136387 2 2 2 2 1 2 2
0.2418272855972058 2 2 2 2 1 3 0
0.2231956070291264 2 2 2 2 1 3 1
0.1297430453021102 2 2 2 2 1 3 3
0.0303641508490181 2 2 2 2 2 0 2
-0.0865619968978806 2 2 2 2 2 1 2
0.0457984567562262 2 2 2 2 2 2 0
0.0334234660662939 2 2 2 2 2 2 1
-0.0074795410310328 2 2 2 2 2 2 3
-0.0220060216883243 2 2 2 2 2 3 2
-0.0856204725724091 2 2 2 2 3 0 0
0.0665566539251298 2 2 2 2 3 0 1
0.0802314211484624 2 2 2 2 3 0 3
0.1026202354276183 2 2 2 2 3 1 0
0.0776623159627307 2 2 2 2 3 1 1
0.1176817729933603 2 2 2 2 3 1 3
0.0792082654377187 2 2 2 2 3 2 2
0.0266685221399662 2 2 2 2 3 3 0
0.2018085946762055 2 2 2 2 3 3 1
-0.0846581089028801 2 2 2 2 3 3 3
-0.0135976092767781 2 2 2 3 0 0 2
-0.0804675925547461 2 2 2 3 0 1 2
0.0810154336933629 2 2 2 3 0 2 0
-0.0117223569973795 2 2 2 3 0 2 1
-0.0196404822417176 2 2 2 3 0 2 3
-0.0479510693414286 2 2 2 3 0 3 2
-0.047107969707516 2 2 2 3 1 0 2
-0.0613378162285147 2 2 2 3 1 1 2
0.0017622496842573 2 2 2 3 1 2 0
0.0152084555509282 2 2 2 3 1 2 1
0.0118547972984799 2 2 2 3 1 2 3
0.0475572638690931 2 2 2 3 1 3 2
-0.0251495354252743 2 2 2 3 2 0 0
0.0374072570644454 2 2 2 3 2 0 1
0.031916024971654 2 2 2 3 2 0 3
-0.0400880877043171 2 2 2 3 2 1 0
0.0863756370697679 2 2 2 3 2 1 1
-0.0073061875087918 2 2 2 3 2 1 3
-0.0957886001843413 2 2 2 3 2 2 2
-0.0615561866818499 2 2 2 3 2 3 0
0.1697822684044475 2 2 2 3 2 3 1
-0.0732470149733608 2 2 2 3 2 3 3
-0.1328619755330734 2 2 2 3 3 0 2
0.0826164775135246 2 2 2 3 3 1 2
-0.0050246189450077 2 2 2 3 3 2 0
0.1198602687795018 2 2 2 3 3 2 1
0.000165533912089 2 2 2 3 3 2 3
-0.0847859034262821 2 2 2 3 3 3 2
-0.0176451518396575 2 2 3 0 0 0 0
0.0361347419038406 2 2 3 0 0 0 1
0.0011542031941206 2 2 3 0 0 0 3
0.1747173771711627 2 2 3 0 0 1 0
-0.1220568440233836 2 2 3 0 0 1 1
0.0014325457663698 2 2 3 0 0 1 3
-0.0766128543727594 2 2 3 0 0 2 2
-0.0576490085410498 2 2 3 0 0 3 0
-0.0103253842403617 2 2 3 0 0 3 1
0.1253076580651655 2 2 3 0 0 3 3
0.102917580709336 2 2 3 0 1 0 0
-0.0212107742568294 2 2 3 0 1 0 1
0.0385551946308452 2 2 3 0 1 0 3
0.0593785166456454 2 2 3 0 1 1 0
-0.0614913763825275 2 2 3 0 1 1 1
0.0482245630074822 2 2 3 0 1 1 3
0.1063268794676256 2 2 3 0 1 2 2
-0.0199784071474516 2 2 3 0 1 3 0
-0.1287054409036699 2 2 3 0 1 3 1
0.0785849189754803 2 2 3 0 1 3 3
-0.0042657692072125 2 2 3 0 2 0 2
-0.0967158034739138 2 2 3 0 2 1 2
0.0816388280447636 2 2 3 0 2 2 0
-0.0119125530418457 2 2 3 0 2 2 1
0.0175940179916102 2 2 3 0 2 2 3
-0.0528888187215196 2 2 3 0 2 3 2
-0.0935193308534338 2 2 3 0 3 0 0
0.0279893954505385 2 2 3 0 3 0 1
0.0390083871995109 2 2 3 0 3 0 3
0.0793176877295719 2 2 3 0 3 1 0
0.0160385081580845 2 2 3 0 3 1 1
0.0714132959426962 2 2 3 0 3 1 3
0.0618059374915425 2 2 3 0 3 2 2
0.0103895817634534 2 2 3 0 3 3 0
0.2335439005336102 2 2 3 0 3 3 1
0.1833221185640689 2 2 3 0 3 3 3
-0.0556213505380017 2 2 3 1 0 0 0
-0.0930496174949682 2 2 3 1 0 0 1
-0.0152040298974891 2 2 3 1 0 0 3
-0.0035220769181598 2 2 3 1 0 1 0
-0.0069164530422379 2 2 3 1 0 1 1
0.1148340371214522 2 2 3 1 0 1 3
0.053243991609642 2 2 3 1 0 2 2
0.0120632961510874 2 2 3 1 0 3 0
0.1302198607756241 2 2 3 1 0 3 1
-0.1036553708416053 2 2 3 1 0 3 3
0.0716263585331002 2 2 3 1 1 0 0
-0.0099514198100731 2 2 3 1 1 0 1
0.0867700891951377 2 2 3 1 1 0 3
-0.0773330077161658 2 2 3 1 1 1 0
0.1045560307214688 2 2 3 1 1 1 1
0.0729965286942388 2 2 3 1 1 1 3
0.1159555920110718 2 2 3 1 1 2 2
-0.0171494110613421 2 2 3 1 1 3 0
-0.1712162220243941 2 2 3 1 1 3 1
0.0240085074405634 2 2 3 1 1 3 3
0.0190940439557651 2 2 3 1 2 0 2
-0.0653062455268053 2 2 3 1 2 1 2
-0.1894812791174879 2 2 3 1 2 2 0
0.0399123316182523 2 2 3 1 2 2 1
-0.0010650958311381 2 2 3 1 2 2 3
0.1438300733608727 2 2 3 1 2 3 2
-0.0697257691149298 2 2 3 1 3 0 0
0.0564520624995232 2 2 3 1 3 0 1
-0.0975336712710691 2 2 3 1 3 0 3
-0.0582621339112332 2 2 3 1 3 1 0
-0.0514457690308077 2 2 3 1 3 1 1
-0.0013564024283487 2 2 3 1 3 1 3
-0.0079869008589981 2 2 3 1 3 2 2
-0.0243706404834737 2 2 3 1 3 3 0
-0.0009355397515029 2 2 3 1 3 3 1
0.0516578486652745 2 2 3 1 3 3 3
0.1342252530972369 2 2 3 2 0 0 2
-0.0407416440775547 2 2 3 2 0 1 2
-0.0470572986181951 2 2 3 2 0 2 0
-0.1827201462806001 2 2 3 2 0 2 1
-0.1210262773161024 2 2 3 2 0 2 3
0.214101876433205 2 2 3 2 0 3 2
0.0270766672535916 2 2 3 2 1 0 2
-0.0441135446178178 2 2 3 2 1 1 2
0.0866792722268345 2 2 3 2 1 2 0
0.0440004236827575 2 2 3 2 1 2 1
-0.0455449746563666 2 2 3 2 1 2 3
0.1093451073769658 2 2 3 2 1 3 2
0.1507988430521106 2 2 3 2 2 0 0
-0.026197081744358 2 2 3 2 2 0 1
-0.0355003356792227 2 2 3 2 2 0 3
0.0403339312895604 2 2 3 2 2 1 0
0.0116337384558148 2 2 3 2 2 1 1
0.0839705363605745 2 2 3 2 2 1 3
-0.0557077069968205 2 2 3 2 2 2 2
-0.1106013123680586 2 2 3 2 2 3 0
0.0028649708902025 2 2 3 2 2 3 1
0.0570841605282942 2 2 3 2 2 3 3
0.0186220010353208 2 2 3 2 3 0 2
-0.0008224181106856 2 2 3 2 3 1 2
0.1180375714191165 2 2 3 2 3 2 0
0.1509634726405375 2 2 3 2 3 2 1
0.0593003202271865 2 2 3 2 3 2 3
-0.0060977158497584 2 2 3 2 3 3 2
0.146070176040966 2 2 3 3 0 0 0
0.062174822285765 2 2 3 3 0 0 1
-0.0923463706008453 2 2 3 3 0 0 3
-0.0181073061996043 2 2 3 3 0 1 0
-0.1011131002511647 2 2 3 3 0 1 1
-0.1336897860637162 2 2 3 3 0 1 3
-0.0505516806791211 2 2 3 3 0 2 2
-0.0841842041422075 2 2 3 3 0 3 0
-0.0617875328382443 2 2 3 3 0 3 1
-0.1282531291356224 2 2 3 3 0 3 3
-0.057962904899816 2 2 3 3 1 0 0
-0.0765422233336774 2 2 3 3 1 0 1
0.0425392360415757 2 2 3 3 1 0 3
0.1146582844304785 2 2 3 3 1 1 0
0.0937489387362441 2 2 3 3 1 1 1
0.0929843536093693 2 2 3 3 1 1 3
0.0189255913715479 2 2 3 3 1 2 2
-0.025144155798839 2 2 3 3 1 3 0
0.0129791263933436 2 2 3 3 1 3 1
0.1171750679200118 2 2 3 3 1 3 3
0.1723897120032628 2 2 3 3 2 0 2
0.130799608907448 2 2 3 3 2 1 2
0.1044189443400473 2 2 3 3 2 2 0
0.1322434281492473 2 2 3 3 2 2 1
-0.0636871406460427 2 2 3 3 2 2 3
0.1040679785780408 2 2 3 3 2 3 2
0.09681478020352 2 2 3 3 3 0 0
-0.0459087366420636 2 2 3 3 3 0 1
0.0788001122675696 2 2 3 3 3 0 3
-0.2170090357544248 2 2 3 3 3 1 0
0.0806783519178846 2 2 3 3 3 1 1
-0.0075226711802935 2 2 3 3 3 1 3
0.0853962341401063 2 2 3 3 3 2 2
0.0391761204536546 2 2 3 3 3 3 0
0.1153874800566782 2 2 3 3 3 3 1
0.0075146766820196 2 2 3 3 3 3 3
0.1351420982816972 2 3 0 0 0 0 2
0.0438015520833817 2 3 0 0 0 1 2
0.1417383054633216 2 3 0 0 0 2 0
-0.0778419906509464 2 3 0 0 0 2 1
-0.1838486989535985 2 3 0 0 0 2 3
0.0070120641676777 2 3 0 0 0 3 2
0.0531363458366435 2 3 0 0 1 0 2
-0.0466928832644065 2 3 0 0 1 1 2
0.1253333559239465 2 3 0 0 1 2 0
0.1900844443263972 2 3 0 0 1 2 1
0.0061314595154946 2 3 0 0 1 2 3
0.0250906400353573 2 3 0 0 1 3 2
0.1172911130763518 2 3 0 0 2 0 0
0.05639409123025 2 3 0 0 2 0 1
-0.0248029234591479 2 3 0 0 2 0 3
-0.1670154206511238 2 3 0 0 2 1 0
0.2170483550034043 2 3 0 0 2 1 1
-0.0968755668014902 2 3 0 0 2 1 3
0.0046424264322909 2 3 0 0 2 2 2
-0.0189348285089601 2 3 0 0 2 3 0
-0.0073021842445489 2 3 0 0 2 3 1
-0.0468706550458134 2 3 0 0 2 3 3
-0.1618899525821212 2 3 0 0 3 0 2
-0.0227509211842276 2 3 0 0 3 1 2
-0.0239414577264918 2 3 0 0 3 2 0
0.0519121138394809 2 3 0 0 3 2 1
-0.0259711930822492 2 3 0 0 3 2 3
0.0691279259727305 2 3 0 0 3 3 2
0.0415876001003189 2 3 0 1 0 0 2
0.0769993851138719 2 3 0 1 0 1 2
0.1153470857858066 2 3 0 1 0 2 0
0.0626375559894844 2 3 0 1 0 2 1
-0.0924025918145696 2 3 0 1 0 2 3
-0.1000973756898947 2 3 0 1 0 3 2
-0.017099259190451 2 3 0 1 1 0 2
0.1337809857374117 2 3 0 1 1 1 2
0.0161840589304869 2 3 0 1 1 2 0
0.1530006703373408 2 3 0 1 1 2 1
0.1292112479961113 2 3 0 1 1 2 3
0.0045747336935447 2 3 0 1 1 3 2
-0.0429128133597204 2 3 0 1 2 0 0
0.1234087261000387 2 3 0 1 2 0 1
-0.1534060247166848 2 3 0 1 2 0 3
-0.0026408595789171 2 3 0 1 2 1 0
-0.0574751211743718 2 3 0 1 2 1 1
0.0286278208632626 2 3 0 1 2 1 3
-0.0753781094480057 2 3 0 1 2 2 2
0.1236354718962704 2 3 0 1 2 3 0
-0.1648413557903894 2 3 0 1 2 3 1
-0.1311355414616921 2 3 0 1 2 3 3
0.0455319328813025 2 3 0 1 3 0 2
0.069733016717379 2 3 0 1 3 1 2
-0.1307648152687796 2 3 0 1 3 2 0
0.059563888058818 2 3 0 1 3 2 1
0.1337204747088687 2 3 0 1 3 2 3
0.0859949765354801 2 3 0 1 3 3 2
-0.1807149699627341 2 3 0 2 0 0 0
0.0194211237755457 2 3 0 2 0 0 1
-0.0091482291934218 2 3 0 2 0 0 3
-0.0110420398977429 2 3 0 2 0 1 0
-0.0609578062461847 2 3 0 2 0 1 1
0.0276656620711895 2 3 0 2 0 1 3
-0.0100313646499117 2 3 0 2 0 2 2
0.0680476876970023 2 3 0 2 0 3 0
0.0062091201671697 2 3 0 2 0 3 1
-0.0566014808579674 2 3 0 2 0 3 3
-0.0081805663564398 2 3 0 2 1 0 0
-0.0096620003113212 2 3 0 2 1 0 1
0.0105894267764823 2 3 0 2 1 0 3
-0.0916880588813188 2 3 0 2 1 1 0
-0.0213610322034799 2 3 0 2 1 1 1
0.0268714916044368 2 3 0 2 1 1 3
-0.0507786468745366 2 3 0 2 1 2 2
0.0164067860044176 2 3 0 2 1 3 0
-0.0255354310628575 2 3 0 2 1 3 1
0.1109517575389345 2 3 0 2 1 3 3
-0.0161402182453599 2 3 0 2 2 0 2
0.0818993392467822 2 3 0 2 2 1 2
-0.0400572132781593 2 3 0 2 2 2 0
0.0276800166200003 2 3 0 2 2 2 1
-0.0844283826085711 2 3 0 2 2 2 3
-0.1477251342764229 2 3 0 2 2 3 2
0.0753072534313481 2 3 0 2 3 0 0
-0.0047830633131215 2 3 0 2 3 0 1
-0.0379958733436903 2 3 0 2 3 0 3
0.0315788445969547 2 3 0 2 3 1 0
0.0177011849084317 2 3 0 2 3 1 1
0.0928565829414146 2 3 0 2 3 1 3
-0.1698289084439695 2 3 0 2 3 2 2
-0.0119171583477433 2 3 0 2 3 3 0
-0.2136493831536401 2 3 0 2 3 3 1
-0.0024024725752477 2 3 0 2 3 3 3
-0.0699033154525954 2 3 0 3 0 0 2
0.0295972372264656 2 3 0 3 0 1 2
0.1709804820222532 2 3 0 3 0 2 0
0.1359941712445065 2 3 0 3 0 2 1
0.0574035202923839 2 3 0 3 0 2 3
-0.076248608229886 2 3 0 3 0 3 2
-0.0063141855951812 2 3 0 3 1 0 2
0.0196527520053315 2 3 0 3 1 1 2
0.0326950606811171 2 3 0 3 1 2 0
0.0168989331308889 2 3 0 3 1 2 1
0.0469724486916984 2 3 0 3 1 2 3
-0.046724739778313 2 3 0 3 1 3 2
-0.002222496045851 2 3 0 3 2 0 0
0.0932536723031595 2 3 0 3 2 0 1
0.0453558008652903 2 3 0 3 2 0 3
-0.0833870565107955 2 3 0 3 2 1 0
-0.0226389488073109 2 3 0 3 2 1 1
0.0728802148627916 2 3 0 3 2 1 3
0.1773407715964415 2 3 0 3 2 2 2
0.0902861640866814 2 3 0 3 2 3 0
-0.1132296831289025 2 3 0 3 2 3 1
0.0099235361945829 2 3 0 3 2 3 3
0.0234703458710652 2 3 0 3 3 0 2
-0.1425154723969602 2 3 0 3 3 1 2
-0.1236353481462568 2 3 0 3 3 2 0
-0.0202401871001791 2 3 0 3 3 2 1
0.0465355074379342 2 3 0 3 3 2 3
-0.148855312931566 2 3 0 3 3 3 2
0.0946577994142022 2 3 1 0 0 0 2
-0.0385366007528371 2 3 1 0 0 1 2
0.0469241942552547 2 3 1 0 0 2 0
-0.0003183483415605 2 3 1 0 0 2 1
-0.0557327467886244 2 3 1 0 0 2 3
-0.0504889286197287 2 3 1 0 0 3 2
0.0429045891615845 2 3 1 0 1 0 2
0.0617257148901936 2 3 1 0 1 1 2
0.0698643968869933 2 3 1 0 1 2 0
0.0736083454750568 2 3 1 0 1 2 1
0.0391475743243497 2 3 1 0 1 2 3
0.0733219967938913 2 3 1 0 1 3 2
0.0423649662634594 2 3 1 0 2 0 0
0.0456676400986164 2 3 1 0 2 0 1
0.1052194930534915 2 3 1 0 2 0 3
0.0429428285835922 2 3 1 0 2 1 0
-0.016908432092549 2 3 1 0 2 1 1
-0.1605339399506001 2 3 1 0 2 1 3
0.0953297340579851 2 3 1 0 2 2 2
-0.0201533353157421 2 3 1 0 2 3 0
0.117202696125477 2 3 1 0 2 3 1
0.037343283700508 2 3 1 0 2 3 3
-0.0499632574856452 2 3 1 0 3 0 2
0.0452703831423396 2 3 1 0 3 1 2
-0.0077494396768336 2 3 1 0 3 2 0
0.0707561085208696 2 3 1 0 3 2 1
0.0517884177955222 2 3 1 0 3 2 3
-0.1628882242935526 2 3 1 0 3 3 2
-0.202313719964068 2 3 1 1 0 0 2
-0.084585340027206 2 3 1 1 0 1 2
0.0802176314955169 2 3 1 1 0 2 0
0.0498516361669501 2 3 1 1 0 2 1
-0.1436540910572727 2 3 1 1 0 2 3
0.0044888111071032 2 3 1 1 0 3 2
0.0197766742799989 2 3 1 1 1 0 2
-0.041858793393219 2 3 1 1 1 1 2
-5.92372892031e-05 2 3 1 1 1 2 0
-0.0594175710305481 2 3 1 1 1 2 1
0.0187712386702751 2 3 1 1 1 2 3
0.1187043940937876 2 3 1 1 1 3 2
-0.0772213259433659 2 3 1 1 2 0 0
-0.1733332035266873 2 3 1 1 2 0 1
-0.0571176004334699 2 3 1 1 2 0 3
0.0177519302203407 2 3 1 1 2 1 0
0.1300205816794791 2 3 1 1 2 1 1
0.0832898246365786 2 3 1 1 2 1 3
-0.1590962221400404 2 3 1 1 2 2 2
-0.0244060693862305 2 3 1 1 2 3 0
-0.123372778796686 2 3 1 1 2 3 1
-0.0851952364340193 2 3 1 1 2 3 3
-0.0034905389467562 2 3 1 1 3 0 2
-0.0075936452244187 2 3 1 1 3 1 2
0.1380559528243107 2 3 1 1 3 2 0
-0.1023684323647919 2 3 1 1 3 2 1
0.0674182214900877 2 3 1 1 3 2 3
0.105797170347334 2 3 1 1 3 3 2
0.106683315572972 2 3 1 2 0 0 0
0.0163583244590343 2 3 1 2 0 0 1
-0.0505857328962208 2 3 1 2 0 0 3
0.0334313143813982 2 3 1 2 0 1 0
0.0593154236938593 2 3 1 2 0 1 1
-0.1057735934040253 2 3 1 2 0 1 3
0.058580018012307 2 3 1 2 0 2 2
0.046200610028951 2 3 1 2 0 3 0
-0.063443535818227 2 3 1 2 0 3 1
-0.0200447537544177 2 3 1 2 0 3 3
0.0809698665996446 2 3 1 2 1 0 0
0.0100038783494387 2 3 1 2 1 0 1
-0.0159899874971337 2 3 1 2 1 0 3
0.104879228221213 2 3 1 2 1 1 0
0.116308411803429 2 3 1 2 1 1 1
-0.1068267326628502 2 3 1 2 1 1 3
0.1301082599227568 2 3 1 2 1 2 2
0.0164687953908842 2 3 1 2 1 3 0
-0.1721677520228665 2 3 1 2 1 3 1
0.0482244737688922 2 3 1 2 1 3 3
-0.1605862037302486 2 3 1 2 2 0 2
0.0185104668221282 2 3 1 2 2 1 2
-0.0960067507992502 2 3 1 2 2 2 0
0.0193226306286718 2 3 1 2 2 2 1
0.00126229417483 2 3 1 2 2 2 3
0.0223020515892134 2 3 1 2 2 3 2
-0.0059514031675271 2 3 1 2 3 0 0
0.1017918276829522 2 3 1 2 3 0 1
-0.0812680223031616 2 3 1 2 3 0 3
0.0298749806863015 2 3 1 2 3 1 0
-0.0901545094020817 2 3 1 2 3 1 1
0.0454250705713594 2 3 1 2 3 1 3
0.0041829357427461 2 3 1 2 3 2 2
0.056355084166331 2 3 1 2 3 3 0
0.1162612069895648 2 3 1 2 3 3 1
0.0650986262139915 2 3 1 2 3 3 3
-0.0823210938253675 2 3 1 3 0 0 2
0.0575980953952185 2 3 1 3 0 1 2
0.0366730059363258 2 3 1 3 0 2 0
-0.1260305232063688 2 3 1 3 0 2 1
0.03691449164663 2 3 1 3 0 2 3
0.0296587482953905 2 3 1 3 0 3 2
0.1325944528849224 2 3 1 3 1 0 2
0.0022162793451052 2 3 1 3 1 1 2
-0.030211426058609 2 3 1 3 1 2 0
0.1892127554884577 2 3 1 3 1 2 1
0.0648038670866287 2 3 1 3 1 2 3
-0.0231029317819084 2 3 1 3 1 3 2
-0.0584139387955212 2 3 1 3 2 0 0
0.0263575618162409 2 3 1 3 2 0 1
-0.1356561021328481 2 3 1 3 2 0 3
-0.0497484382163614 2 3 1 3 2 1 0
0.0016230253676018 2 3 1 3 2 1 1
0.0117918515970909 2 3 1 3 2 1 3
-0.0270298942539428 2 3 1 3 2 2 2
0.054530116133394 2 3 1 3 2 3 0
-0.096887529100908 2 3 1 3 2 3 1
-0.1148287611810215 2 3 1 3 2 3 3
-0.0561628471215018 2 3 1 3 3 0 2
-0.1059911429248889 2 3 1 3 3 1 2
-0.0445383617131287 2 3 1 3 3 2 0
0.0445067097806 2 3 1 3 3 2 1
-0.0225410951559881 2 3 1 3 3 2 3
0.0641947594341104 2 3 1 3 3 3 2
0.0391308833572104 2 3 2 0 0 0 0
-0.0235409005937547 2 3 2 0 0 0 1
0.0543555745178752 2 3 2 0 0 0 3
0.1939171803081774 2 3 2 0 0 1 0
-0.0349486906820595 2 3 2 0 0 1 1
0.0152984722314527 2 3 2 0 0 1 3
-0.0202022312744482 2 3 2 0 0 2 2
-0.0609366904944893 2 3 2 0 0 3 0
-0.0530033857992849 2 3 2 0 0 3 1
-0.1058360064110176 2 3 2 0 0 3 3
0.0540826431381614 2 3 2 0 1 0 0
-0.0052684601426896 2 3 2 0 1 0 1
-0.139857584509248 2 3 2 0 1 0 3
-0.0070955157298949 2 3 2 0 1 1 0
0.0589700262142319 2 3 2 0 1 1 1
-0.1222209962844836 2 3 2 0 1 1 3
0.18892101352645 2 3 2 0 1 2 2
-0.105789827462781 2 3 2 0 1 3 0
0.056088245177481 2 3 2 0 1 3 1
0.1440799029828176 2 3 2 0 1 3 3
-0.0432520238894344 2 3 2 0 2 0 2
0.1645983957091046 2 3 2 0 2 1 2
-0.0753721168148536 2 3 2 0 2 2 0
0.0443913799799412 2 3 2 0 2 2 1
-0.0108004967647694 2 3 2 0 2 2 3
0.0570280142654604 2 3 2 0 2 3 2
0.0938016038453025 2 3 2 0 3 0 0
-0.0973869691503957 2 3 2 0 3 0 1
-0.0828481226890628 2 3 2 0 3 0 3
-0.1423431513429715 2 3 2 0 3 1 0
-0.0252957564676585 2 3 2 0 3 1 1
0.1713738205093992 2 3 2 0 3 1 3
0.2115433274127523 2 3 2 0 3 2 2
-0.0698594969698612 2 3 2 0 3 3 0
0.0426654622306558 2 3 2 0 3 3 1
0.0829065275689175 2 3 2 0 3 3 3
-0.0551911845175549 2 3 2 1 0 0 0
-0.0568821228557418 2 3 2 1 0 0 1
0.080182265193285 2 3 2 1 0 0 3
0.0567329745651545 2 3 2 1 0 1 0
-0.1541715959370193 2 3 2 1 0 1 1
0.0223164254541722 2 3 2 1 0 1 3
0.037271512282766 2 3 2 1 0 2 2
0.0140058097502404 2 3 2 1 0 3 0
0.0987018169250128 2 3 2 1 0 3 1
-0.0657127059234465 2 3 2 1 0 3 3
0.1242022731160944 2 3 2 1 1 0 0
-0.0203857785919752 2 3 2 1 1 0 1
0.07232199650074 2 3 2 1 1 0 3
-0.0908884002268086 2 3 2 1 1 1 0
-0.0260498409510238 2 3 2 1 1 1 1
-0.0015917817883029 2 3 2 1 1 1 3
0.115994456446565 2 3 2 1 1 2 2
-0.0138984498151728 2 3 2 1 1 3 0
0.2093241235202864 2 3 2 1 1 3 1
-0.0745319119276749 2 3 2 1 1 3 3
0.0381453290674562 2 3 2 1 2 0 2
0.0904041866313577 2 3 2 1 2 1 2
0.1168798046045028 2 3 2 1 2 2 0
0.005347821133756 2 3 2 1 2 2 1
0.0686774607027512 2 3 2 1 2 2 3
-0.0615255613272643 2 3 2 1 2 3 2
0.0186715667874897 2 3 2 1 3 0 0
-0.0513271660351423 2 3 2 1 3 0 1
0.1180780718387868 2 3 2 1 3 0 3
-0.0570882642736808 2 3 2 1 3 1 0
0.0135271060888364 2 3 2 1 3 1 1
-0.009629823190832 2 3 2 1 3 1 3
0.0569245965272192 2 3 2 1 3 2 2
-0.0649125449434315 2 3 2 1 3 3 0
0.2105864204964407 2 3 2 1 3 3 1
0.0601954628500415 2 3 2 1 3 3 3
0.0302650548340208 2 3 2 2 0 0 2
-0.1038273273933722 2 3 2 2 0 1 2
-0.1307038999578633 2 3 2 2 0 2 0
0.031228166972745 2 3 2 2 0 2 1
0.1237745298100815 2 3 2 2 0 2 3
0.0951331998973301 2 3 2 2 0 3 2
-0.1632137966033922 2 3 2 2 1 0 2
-0.0393159971528903 2 3 2 2 1 1 2
0.0070202399554078 2 3 2 2 1 2 0
-0.0951791763587789 2 3 2 2 1 2 1
-0.1589961606247858 2 3 2 2 1 2 3
-0.052784462621868 2 3 2 2 1 3 2
0.0779693919729911 2 3 2 2 2 0 0
-0.1790093198276608 2 3 2 2 2 0 1
-0.0031246860251472 2 3 2 2 2 0 3
-0.0762876425763899 2 3 2 2 2 1 0
-0.0860071156138015 2 3 2 2 2 1 1
-0.0506411210369781 2 3 2 2 2 1 3
0.0210259342252408 2 3 2 2 2 2 2
0.0786052270240317 2 3 2 2 2 3 0
0.0691920839943092 2 3 2 2 2 3 1
-0.1576296243826917 2 3 2 2 2 3 3
0.0248191580505956 2 3 2 2 3 0 2
-0.0834334242794954 2 3 2 2 3 1 2
0.011726571788559 2 3 2 2 3 2 0
-0.0931701923089366 2 3 2 2 3 2 1
0.0451396301463291 2 3 2 2 3 2 3
-0.003161740754867 2 3 2 2 3 3 2
-0.069052781810465 2 3 2 3 0 0 0
0.0192753755103076 2 3 2 3 0 0 1
-0.0298860530774721 2 3 2 3 0 0 3
0.0516715065156503 2 3 2 3 0 1 0
-0.0807916483250793 2 3 2 3 0 1 1
0.0290283212889393 2 3 2 3 0 1 3
-0.0919012399628676 2 3 2 3 0 2 2
-0.0794638108368832 2 3 2 3 0 3 0
-0.0852086888018835 2 3 2 3 0 3 1
-0.0555374447878876 2 3 2 3 0 3 3
0.0745987571551485 2 3 2 3 1 0 0
-0.0214301797130828 2 3 2 3 1 0 1
0.2033663514880315 2 3 2 3 1 0 3
-0.0533210642671702 2 3 2 3 1 1 0
0.0548764509995932 2 3 2 3 1 1 1
0.0503672777980104 2 3 2 3 1 1 3
-0.0307984610746978 2 3 2 3 1 2 2
0.0066618513885552 2 3 2 3 1 3 0
-0.0206626105926079 2 3 2 3 1 3 1
0.0340596394491464 2 3 2 3 1 3 3
-0.0029966477015115 2 3 2 3 2 0 2
-0.0140726523145953 2 3 2 3 2 1 2
0.0662186979993886 2 3 2 3 2 2 0
-0.0212297041789295 2 3 2 3 2 2 1
0.0243640183766567 2 3 2 3 2 2 3
0.0075131441380332 2 3 2 3 2 3 2
-0.1548057392191241 2 3 2 3 3 0 0
0.0003145409235568 2 3 2 3 3 0 1
-0.0388836797007234 2 3 2 3 3 0 3
0.0356232699597315 2 3 2 3 3 1 0
0.0085963652454421 2 3 2 3 3 1 1
0.0455280411684692 2 3 2 3 3 1 3
-0.0409867169150678 2 3 2 3 3 2 2
-0.0603966854930816 2 3 2 3 3 3 0
0.1678767093401877 2 3 2 3 3 3 1
-0.0783622289437582 2 3 2 3 3 3 3
-0.0597521433446061 2 3 3 0 0 0 2
-0.2010238064817265 2 3 3 0 0 1 2
-0.0513163130200452 2 3 3 0 0 2 0
0.2029864640416785 2 3 3 0 0 2 1
0.0788993960019193 2 3 3 0 0 2 3
-0.0986602005769052 2 3 3 0 0 3 2
-0.0095936298510669 2 3 3 0 1 0 2
-0.0438049249015102 2 3 3 0 1 1 2
-0.0724878835712733 2 3 3 0 1 2 0
0.1339113191945034 2 3 3 0 1 2 1
0.1071766592265738 2 3 3 0 1 2 3
0.0832175888510632 2 3 3 0 1 3 2
-0.1850627438355915 2 3 3 0 2 0 0
0.0102053368577681 2 3 3 0 2 0 1
-0.0707366944723239 2 3 3 0 2 0 3
-0.0529523697882135 2 3 3 0 2 1 0
0.1299833304975345 2 3 3 0 2 1 1
-0.0944025296661272 2 3 3 0 2 1 3
0.1423356418348187 2 3 3 0 2 2 2
-0.0448586009230476 2 3 3 0 2 3 0
0.1086928433293146 2 3 3 0 2 3 1
0.000190952444696 2 3 3 0 2 3 3
0.0731129299478371 2 3 3 0 3 0 2
-0.0775130054565476 2 3 3 0 3 1 2
-0.0501391717436943 2 3 3 0 3 2 0
-0.0276538381003214 2 3 3 0 3 2 1
-0.0253849922348791 2 3 3 0 3 2 3
-0.100527917579153 2 3 3 0 3 3 2
-0.0022650590470671 2 3 3 1 0 0 2
-0.0385488426828063 2 3 3 1 0 1 2
0.1131501440576765 2 3 3 1 0 2 0
0.039463577936253 2 3 3 1 0 2 1
0.0547274681041452 2 3 3 1 0 2 3
-0.045443366665207 2 3 3 1 0 3 2
-0.0465599815978083 2 3 3 1 1 0 2
0.1525681384599829 2 3 3 1 1 1 2
-0.0088171321464002 2 3 3 1 1 2 0
0.0194711336987452 2 3 3 1 1 2 1
-0.2066322110679583 2 3 3 1 1 2 3
-0.0948984058134639 2 3 3 1 1 3 2
0.0231951358110783 2 3 3 1 2 0 0
0.0704432239914919 2 3 3 1 2 0 1
0.0827148363138012 2 3 3 1 2 0 3
0.0810764148364041 2 3 3 1 2 1 0
-0.1594459153855891 2 3 3 1 2 1 1
0.0502642768759497 2 3 3 1 2 1 3
-0.1100515163284201 2 3 3 1 2 2 2
-0.0785842217876647 2 3 3 1 2 3 0
0.0659659944917023 2 3 3 1 2 3 1
0.0975446759890285 2 3 3 1 2 3 3
-0.0819945107900562 2 3 3 1 3 0 2
-0.0096213718006254 2 3 3 1 3 1 2
-0.0938825840333809 2 3 3 1 3 2 0
-0.0580420690010668 2 3 3 1 3 2 1
0.2155146788404088 2 3 3 1 3 2 3
-0.1017074831423645 2 3 3 1 3 3 2
-0.021099835545718 2 3 3 2 0 0 0
0.1087606236231981 2 3 3 2 0 0 1
-0.2133365576580901 2 3 3 2 0 0 3
0.0985112985676951 2 3 3 2 0 1 0
0.0326284348679016 2 3 3 2 0 1 1
-0.0263633600211015 2 3 3 2 0 1 3
0.0771769108774847 2 3 3 2 0 2 2
0.0728417228783903 2 3 3 2 0 3 0
0.0904745939861258 2 3 3 2 0 3 1
-0.0296562236830675 2 3 3 2 0 3 3
-0.0377719779333731 2 3 3 2 1 0 0
0.0150897631229818 2 3 3 2 1 0 1
-0.1059162467840741 2 3 3 2 1 0 3
-0.0165509620953142 2 3 3 2 1 1 0
0.033109914369859 2 3 3 2 1 1 1
0.0394058180625092 2 3 3 2 1 1 3
0.1548500582793508 2 3 3 2 1 2 2
-0.0838484305600741 2 3 3 2 1 3 0
-0.0362632211189297 2 3 3 2 1 3 1
-0.0241515848013101 2 3 3 2 1 3 3
-0.0897932983719022 2 3 3 2 2 0 2
-0.0612414783424045 2 3 3 2 2 1 2
-0.226529243546935 2 3 3 2 2 2 0
-0.0930647953018094 2 3 3 2 2 2 1
-0.0072784179612665 2 3 3 2 2 2 3
-0.0488625266976718 2 3 3 2 2 3 2
0.0888572003871821 2 3 3 2 3 0 0
-0.0592946363771566 2 3 3 2 3 0 1
0.0693526021144891 2 3 3 2 3 0 3
-0.1035083643056065 2 3 3 2 3 1 0
-0.0351920469854953 2 3 3 2 3 1 1
0.1058543362664084 2 3 3 2 3 1 3
0.0456645793265126 2 3 3 2 3 2 2
-0.0626933486513954 2 3 3 2 3 3 0
0.1414223823144067 2 3 3 2 3 3 1
-0.0353711996434988 2 3 3 2 3 3 3
-0.0394364652445472 2 3 3 3 0 0 2
-0.0268394341331418 2 3 3 3 0 1 2
-0.0063313208483342 2 3 3 3 0 2 0
-0.052501201314135 2 3 3 3 0 2 1
0.0831455414724652 2 3 3 3 0 2 3
0.0553021423470169 2 3 3 3 0 3 2
0.1721286040792572 2 3 3 3 1 0 2
0.0130208852399311 2 3 3 3 1 1 2
-0.0323547113590112 2 3 3 3 1 2 0
-0.0740289322689081 2 3 3 3 1 2 1
0.1247134370206488 2 3 3 3 1 2 3
-0.0307654066803867 2 3 3 3 1 3 2
-0.0034705266196981 2 3 3 3 2 0 0
0.0761361644676036 2 3 3 3 2 0 1
-0.0189030359499331 2 3 3 3 2 0 3
-0.0806219981453383 2 3 3 3 2 1 0
0.0126441591253655 2 3 3 3 2 1 1
-0.0671333833143357 2 3 3 3 2 1 3
0.0662298863275725 2 3 3 3 2 2 2
-0.0666109287443533 2 3 3 3 2 3 0
-0.0707008806021315 2 3 3 3 2 3 1
0.0058022121102478 2 3 3 3 2 3 3
-0.0332694312237517 2 3 3 3 3 0 2
0.0211669670468814 2 3 3 3 3 1 2
-0.0107492666848633 2 3 3 3 3 2 0
0.0152935988559362 2 3 3 3 3 2 1
-0.0042919844501705 2 3 3 3 3 2 3
0.0150334873468066 2 3 3 3 3 3 2
-0.0736708558608266 3 0 0 0 0 0 0
0.0398896267394339 3 0 0 0 0 0 1
-0.1186646995465334 3 0 0 0 0 0 3
-0.0891910445858847 3 0 0 0 0 1 0
-0.0074081368538416 3 0 0 0 0 1 1
-0.0422498439781912 3 0 0 0 0 1 3
0.0014300841715251 3 0 0 0 0 2 2
-0.0977098547391808 3 0 0 0 0 3 0
0.0430758467650721 3 0 0 0 0 3 1
-0.1183010167446789 3 0 0 0 0 3 3
0.0276732202700133 3 0 0 0 1 0 0
-0.0829464803203893 3 0 0 0 1 0 1
-0.1189886999671151 3 0 0 0 1 0 3
0.0920011350755923 3 0 0 0 1 1 0
0.0364622992631177 3 0 0 0 1 1 1
-0.1219865118717723 3 0 0 0 1 1 3
0.0790251446132376 3 0 0 0 1 2 2
0.1091909441969369 3 0 0 0 1 3 0
0.0986745523332169 3 0 0 0 1 3 1
-0.02267590254946 3 0 0 0 1 3 3
-0.0277396329923458 3 0 0 0 2 0 2
-0.0359953550218691 3 0 0 0 2 1 2
-0.0695573162587084 3 0 0 0 2 2 0
0.09413896637332 3 0 0 0 2 2 1
-0.0612642677413204 3 0 0 0 2 2 3
-0.0649686771132524 3 0 0 0 2 3 2
0.199789830685688 3 0 0 0 3 0 0
-0.0791196034106208 3 0 0 0 3 0 1
0.1848719651232884 3 0 0 0 3 0 3
-0.0040934118618257 3 0 0 0 3 1 0
0.0920552946151452 3 0 0 0 3 1 1
0.0822446243544555 3 0 0 0 3 1 3
0.0576833066065607 3 0 0 0 3 2 2
0.1131582330693791 3 0 0 0 3 3 0
-0.004314723074587 3 0 0 0 3 3 1
0.0151173951326263 3 0 0 0 3 3 3
-0.0582711072813333 3 0 0 1 0 0 0
0.0829609451656776 3 0 0 1 0 0 1
-0.0206807803040129 3 0 0 1 0 0 3
-0.084733272937078 3 0 0 1 0 1 0
0.0563704556397534 3 0 0 1 0 1 1
-0.043865236349558 3 0 0 1 0 1 3
0.117851783528324 3 0 0 1 0 2 2
0.0010120522454401 3 0 0 1 0 3 0
0.0071763222341941 3 0 0 1 0 3 1
0.0827351485507537 3 0 0 1 0 3 3
0.0444449388081756 3 0 0 1 1 0 0
0.1724136800341702 3 0 0 1 1 0 1
0.1128589927678111 3 0 0 1 1 0 3
-0.0165865971781584 3 0 0 1 1 1 0
0.1045433407460136 3 0 0 1 1 1 1
0.0643601162382166 3 0 0 1 1 1 3
0.0083234934369747 3 0 0 1 1 2 2
-0.0307114117431306 3 0 0 1 1 3 0
0.0021036307156526 3 0 0 1 1 3 1
0.0084681305675757 3 0 0 1 1 3 3
0.0579776127233526 3 0 0 1 2 0 2
-0.0202943331596205 3 0 0 1 2 1 2
0.0520642631415332 3 0 0 1 2 2 0
-0.0174052915839786 3 0 0 1 2 2 1
0.0831229389994058 3 0 0 1 2 2 3
-0.0234722122650271 3 0 0 1 2 3 2
-0.1299753650552814 3 0 0 1 3 0 0
-0.1468113049774335 3 0 0 1 3 0 1
0.0213290724198115 3 0 0 1 3 0 3
-0.0351280385406786 3 0 0 1 3 1 0
-0.0681891669764361 3 0 0 1 3 1 1
-0.0464764848365333 3 0 0 1 3 1 3
0.1562276507174363 3 0 0 1 3 2 2
0.0109182841496164 3 0 0 1 3 3 0
0.0325865976280493 3 0 0 1 3 3 1
0.0783890505618183 3 0 0 1 3 3 3
-0.0284075642313136 3 0 0 2 0 0 2
-0.1043623817083479 3 0 0 2 0 1 2
-0.0105512388267129 3 0 0 2 0 2 0
-0.0679361056086863 3 0 0 2 0 2 1
-0.0113743989338021 3 0 0 2 0 2 3
0.0990726180553532 3 0 0 2 0 3 2
0.1112157865568453 3 0 0 2 1 0 2
0.0093181769801507 3 0 0 2 1 1 2
0.0414050714045207 3 0 0 2 1 2 0
0.0500686861556535 3 0 0 2 1 2 1
0.0331295936558382 3 0 0 2 1 2 3
0.0777281280883473 3 0 0 2 1 3 2
-0.0534577031672215 3 0 0 2 2 0 0
-0.0826703251006699 3 0 0 2 2 0 1
0.0386252298798947 3 0 0 2 2 0 3
0.0697700898243448 3 0 0 2 2 1 0
-0.1055921325499647 3 0 0 2 2 1 1
0.0652345221136758 3 0 0 2 2 1 3
-0.0936567018142301 3 0 0 2 2 2 2
0.0083343770185774 3 0 0 2 2 3 0
-0.0751543252707752 3 0 0 2 2 3 1
-0.0735042859540643 3 0 0 2 2 3 3
0.0137137685357545 3 0 0 2 3 0 2
0.1006310583018966 3 0 0 2 3 1 2
-0.1118342519690462 3 0 0 2 3 2 0
0.0041588075295395 3 0 0 2 3 2 1
0.0499480667843064 3 0 0 2 3 2 3
-0.0906392226785383 3 0 0 2 3 3 2
-0.0216175555344986 3 0 0 3 0 0 0
-0.0037644673555742 3 0 0 3 0 0 1
-0.0169791925365327 3 0 0 3 0 0 3
0.1487618124146202 3 0 0 3 0 1 0
0.1158899405237944 3 0 0 3 0 1 1
-0.1334975431260884 3 0 0 3 0 1 3
-0.0422243273935819 3 0 0 3 0 2 2
-0.1378462119208707 3 0 0 3 0 3 0
-0.0529213939400082 3 0 0 3 0 3 1
0.0249193301179331 3 0 0 3 0 3 3
0.0887869389070422 3 0 0 3 1 0 0
-0.0704150001058941 3 0 0 3 1 0 1
0.0204598621170964 3 0 0 3 1 0 3
0.1393864135440656 3 0 0 3 1 1 0
0.0266936273182013 3 0 0 3 1 1 1
0.0279740111352095 3 0 0 3 1 1 3
0.0260573768608726 3 0 0 3 1 2 2
-0.0594676307908051 3 0 0 3 1 3 0
0.0674413120243497 3 0 0 3 1 3 1
0.0321932402064116 3 0 0 3 1 3 3
0.0417402387348993 3 0 0 3 2 0 2
0.1325503951849369 3 0 0 3 2 1 2
0.0606813033705053 3 0 0 3 2 2 0
-0.0549419840532225 3 0 0 3 2 2 1
-0.0047688549289215 3 0 0 3 2 2 3
-0.046884172099964 3 0 0 3 2 3 2
0.0968858769416731 3 0 0 3 3 0 0
0.032915689946258 3 0 0 3 3 0 1
-0.0473388008567686 3 0 0 3 3 0 3
-0.0700094373222914 3 0 0 3 3 1 0
-0.1683936017800833 3 0 0 3 3 1 1
0.1341797571946208 3 0 0 3 3 1 3
0.046726057051182 3 0 0 3 3 2 2
-0.0134715053175479 3 0 0 3 3 3 0
0.0338164388822041 3 0 0 3 3 3 1
0.0325376752446795 3 0 0 3 3 3 3
0.0362135286181829 3 0 1 0 0 0 0
0.2117268090341662 3 0 1 0 0 0 1
0.0266762886261233 3 0 1 0 0 0 3
0.0597198842459723 3 0 1 0 0 1 0
0.006729719365843 3 0 1 0 0 1 1
0.0371488785138353 3 0 1 0 0 1 3
-0.1440496775443671 3 0 1 0 0 2 2
-0.0558662958774614 3 0 1 0 0 3 0
0.0774155000380873 3 0 1 0 0 3 1
-0.0306671174762646 3 0 1 0 0 3 3
-0.0190683640189726 3 0 1 0 1 0 0
0.1160485668632773 3 0 1 0 1 0 1
0.0382575741907796 3 0 1 0 1 0 3
0.1397271254766861 3 0 1 0 1 1 0
-0.0704985840798246 3 0 1 0 1 1 1
-0.1191070126105084 3 0 1 0 1 1 3
0.0411410055815328 3 0 1 0 1 2 2
0.0573362693643238 3 0 1 0 1 3 0
0.0850158214191232 3 0 1 0 1 3 1
-0.0467825988141024 3 0 1 0 1 3 3
0.0742572920015122 3 0 1 0 2 0 2
0.0273470965071934 3 0 1 0 2 1 2
0.0321806883145902 3 0 1 0 2 2 0
-0.0257113791033185 3 0 1 0 2 2 1
0.0389417593041841 3 0 1 0 2 2 3
-0.1460587764939293 3 0 1 0 2 3 2
0.1582647258657167 3 0 1 0 3 0 0
-0.0302484398456614 3 0 1 0 3 0 1
-0.1934001972530504 3 0 1 0 3 0 3
0.1754624753805343 3 0 1 0 3 1 0
0.0169124638040334 3 0 1 0 3 1 1
0.0960731905974265 3 0 1 0 3 1 3
-0.1280619056553981 3 0 1 0 3 2 2
0.0779742965395949 3 0 1 0 3 3 0
0.1539437486681593 3 0 1 0 3 3 1
0.22274564420471 3 0 1 0 3 3 3
-0.1127726039157166 3 0 1 1 0 0 0
0.0295120813573726 3 0 1 1 0 0 1
0.0386530320123691 3 0 1 1 0 0 3
0.0664143109728968 3 0 1 1 0 1 0
0.1083911887454691 3 0 1 1 0 1 1
0.1728838514688404 3 0 1 1 0 1 3
-0.1224775652235642 3 0 1 1 0 2 2
0.0140741703916729 3 0 1 1 0 3 0
0.0734792321407358 3 0 1 1 0 3 1
-0.073441336395643 3 0 1 1 0 3 3
0.009601475877327 3 0 1 1 1 0 0
0.0932645927682169 3 0 1 1 1 0 1
-0.0714270356127129 3 0 1 1 1 0 3
-0.0589293322050786 3 0 1 1 1 1 0
0.0465040474268424 3 0 1 1 1 1 1
0.0417069756960216 3 0 1 1 1 1 3
-0.1205685175335761 3 0 1 1 1 2 2
0.0552800120066886 3 0 1 1 1 3 0
0.0173233624016346 3 0 1 1 1 3 1
0.0888543464671673 3 0 1 1 1 3 3
0.0508572620259265 3 0 1 1 2 0 2
-0.0308631622282238 3 0 1 1 2 1 2
-0.016168793093485 3 0 1 1 2 2 0
0.0124611094380852 3 0 1 1 2 2 1
0.0567429220395304 3 0 1 1 2 2 3
-0.0254058884090807 3 0 1 1 2 3 2
0.0161131878810616 3 0 1 1 3 0 0
-0.0590486379333643 3 0 1 1 3 0 1
0.00815452607902 3 0 1 1 3 0 3
-0.1126850860547027 3 0 1 1 3 1 0
-0.0733375116375415 3 0 1 1 3 1 1
0.0969589161567179 3 0 1 1 3 1 3
-0.1344355644136134 3 0 1 1 3 2 2
-0.0312039171137579 3 0 1 1 3 3 0
-0.0336761599610054 3 0 1 1 3 3 1
-0.062734293438909 3 0 1 1 3 3 3
0.0207854454770309 3 0 1 2 0 0 2
-0.0431657016316997 3 0 1 2 0 1 2
-0.0951617360094612 3 0 1 2 0 2 0
0.0666149070847089 3 0 1 2 0 2 1
0.1076480335691571 3 0 1 2 0 2 3
0.0779071764742858 3 0 1 2 0 3 2
-0.0713446057126093 3 0 1 2 1 0 2
-0.1402984616730615 3 0 1 2 1 1 2
0.1332118479743736 3 0 1 2 1 2 0
0.031915410081092 3 0 1 2 1 2 1
-0.0709516342802829 3 0 1 2 1 2 3
-0.1058017448375699 3 0 1 2 1 3 2
-0.0054060961512524 3 0 1 2 2 0 0
0.1236592032398516 3 0 1 2 2 0 1
-0.0198060611600006 3 0 1 2 2 0 3
0.0774808725990299 3 0 1 2 2 1 0
0.0505504346469478 3 0 1 2 2 1 1
-0.0711771146711837 3 0 1 2 2 1 3
0.2221923259824773 3 0 1 2 2 2 2
0.0349931206117459 3 0 1 2 2 3 0
-0.0612566474237323 3 0 1 2 2 3 1
-0.1305512792540061 3 0 1 2 2 3 3
0.1766294550234067 3 0 1 2 3 0 2
0.0340237270790583 3 0 1 2 3 1 2
0.0358208790363042 3 0 1 2 3 2 0
-0.0011504503497542 3 0 1 2 3 2 1
0.0353825119990931 3 0 1 2 3 2 3
-0.0592465495801442 3 0 1 2 3 3 2
0.0155228724306071 3 0 1 3 0 0 0
-0.016318438198709 3 0 1 3 0 0 1
-0.0682214775712255 3 0 1 3 0 0 3
0.0621653633974482 3 0 1 3 0 1 0
-0.0501057822356327 3 0 1 3 0 1 1
-0.0083775455898171 3 0 1 3 0 1 3
-0.1411642711121769 3 0 1 3 0 2 2
0.0004094158851499 3 0 1 3 0 3 0
-0.078659781665683 3 0 1 3 0 3 1
-0.1003378522563416 3 0 1 3 0 3 3
-0.0182201405286811 3 0 1 3 1 0 0
-0.0473617134875469 3 0 1 3 1 0 1
0.0289260007363476 3 0 1 3 1 0 3
-0.1564114138656817 3 0 1 3 1 1 0
0.0574659703807564 3 0 1 3 1 1 1
-0.0802672322027229 3 0 1 3 1 1 3
-0.128805543047117 3 0 1 3 1 2 2
-0.0460416923673293 3 0 1 3 1 3 0
0.0864448048623809 3 0 1 3 1 3 1
0.0366106697517748 3 0 1 3 1 3 3
0.1043129366231473 3 0 1 3 2 0 2
-0.0373368533183966 3 0 1 3 2 1 2
-0.1619703962841091 3 0 1 3 2 2 0
0.0700951150969469 3 0 1 3 2 2 1
-0.069103234801075 3 0 1 3 2 2 3
0.0742254721782402 3 0 1 3 2 3 2
0.0651849129429149 3 0 1 3 3 0 0
-0.0880834927676401 3 0 1 3 3 0 1
-0.0088775283506183 3 0 1 3 3 0 3
-0.0067380099695191 3 0 1 3 3 1 0
-0.0489550657744992 3 0 1 3 3 1 1
0.0691855166343102 3 0 1 3 3 1 3
0.0535980260277753 3 0 1 3 3 2 2
-0.0782897417623162 3 0 1 3 3 3 0
0.0625982115306586 3 0 1 3 3 3 1
0.0296822497584614 3 0 1 3 3 3 3
-0.1026130884186401 3 0 2 0 0 0 2
0.033359989203155 3 0 2 0 0 1 2
-0.0083018371548696 3 0 2 0 0 2 0
0.0961124231747951 3 0 2 0 0 2 1
-0.0083034947983159 3 0 2 0 0 2 3
0.049066816134052 3 0 2 0 0 3 2
0.1231917006120584 3 0 2 0 1 0 2
-0.0267948765042388 3 0 2 0 1 1 2
0.1137658852350723 3 0 2 0 1 2 0
-0.0520260976061366 3 0 2 0 1 2 1
0.0097111672247336 3 0 2 0 1 2 3
-0.1476478026883113 3 0 2 0 1 3 2
-0.004024154468021 3 0 2 0 2 0 0
0.0006661671446071 3 0 2 0 2 0 1
-0.1070149574962267 3 0 2 0 2 0 3
-0.0654944955196798 3 0 2 0 2 1 0
0.0893945501227048 3 0 2 0 2 1 1
0.0901553176333331 3 0 2 0 2 1 3
0.0872050792688403 3 0 2 0 2 2 2
-0.1092332711467352 3 0 2 0 2 3 0
-0.062193079900453 3 0 2 0 2 3 1
-0.0674259460744293 3 0 2 0 2 3 3
0.1375915499808918 3 0 2 0 3 0 2
-0.0667826379060748 3 0 2 0 3 1 2
0.05803898310688 3 0 2 0 3 2 0
-0.0726972112726864 3 0 2 0 3 2 1
0.0600234464699028 3 0 2 0 3 2 3
0.1170567037604787 3 0 2 0 3 3 2
-0.0839163359028883 3 0 2 1 0 0 2
-0.0118279631054045 3 0 2 1 0 1 2
-0.0420890235463696 3 0 2 1 0 2 0
-0.0155614906303888 3 0 2 1 0 2 1
-0.0363560542030722 3 0 2 1 0 2 3
-0.0318284507306349 3 0 2 1 0 3 2
0.3393494692418939 3 0 2 1 1 0 2
0.0456005616111268 3 0 2 1 1 1 2
0.023633434048582 3 0 2 1 1 2 0
-0.1187652332987897 3 0 2 1 1 2 1
-0.1373310017021548 3 0 2 1 1 2 3
0.0377721913713507 3 0 2 1 1 3 2
-0.048738180316264 3 0 2 1 2 0 0
-0.0712613909251237 3 0 2 1 2 0 1
-0.0482239154404979 3 0 2 1 2 0 3
0.1452094475683018 3 0 2 1 2 1 0
-0.211626160655503 3 0 2 1 2 1 1
-0.0495743909567448 3 0 2 1 2 1 3
0.0800380747465903 3 0 2 1 2 2 2
0.0243060356230495 3 0 2 1 2 3 0
0.1891981145215137 3 0 2 1 2 3 1
0.092219976441068 3 0 2 1 2 3 3
0.0691663579715331 3 0 2 1 3 0 2
-0.1012229639518811 3 0 2 1 3 1 2
-0.035221048240402 3 0 2 1 3 2 0
0.1028150314712706 3 0 2 1 3 2 1
-0.1072183190348425 3 0 2 1 3 2 3
0.0697270952090312 3 0 2 1 3 3 2
0.0809418897268811 3 0 2 2 0 0 0
0.0398456020989359 3 0 2 2 0 0 1
-0.1009318617451308 3 0 2 2 0 0 3
-0.0229182906604085 3 0 2 2 0 1 0
0.0880605400027956 3 0 2 2 0 1 1
-0.0840722380172982 3 0 2 2 0 1 3
-0.1965574917505743 3 0 2 2 0 2 2
0.0785788870018639 3 0 2 2 0 3 0
-0.1187806952256409 3 0 2 2 0 3 1
-0.0088511822679225 3 0 2 2 0 3 3
-0.1320029129905965 3 0 2 2 1 0 0
0.0684274548629074 3 0 2 2 1 0 1
0.0161066004325491 3 0 2 2 1 0 3
-0.1618907645638721 3 0 2 2 1 1 0
-0.0088343595332757 3 0 2 2 1 1 1
0.131514841554763 3 0 2 2 1 1 3
0.0698068121068774 3 0 2 2 1 2 2
-0.1440675632518308 3 0 2 2 1 3 0
0.0183014961042623 3 0 2 2 1 3 1
0.0436183343965536 3 0 2 2 1 3 3
0.0063181199587591 3 0 2 2 2 0 2
0.0761393196784258 3 0 2 2 2 1 2
0.0149447522297212 3 0 2 2 2 2 0
-0.0447639455316117 3 0 2 2 2 2 1
-0.0049239863464615 3 0 2 2 2 2 3
0.0697493386101033 3 0 2 2 2 3 2
-0.0111094609138343 3 0 2 2 3 0 0
0.0645771608119743 3 0 2 2 3 0 1
0.1041349398917901 3 0 2 2 3 0 3
-0.0183186376384715 3 0 2 2 3 1 0
-0.1624721779122809 3 0 2 2 3 1 1
0.0754472723935691 3 0 2 2 3 1 3
-0.066929252384473 3 0 2 2 3 2 2
-0.0742402228277347 3 0 2 2 3 3 0
-0.0657581372264469 3 0 2 2 3 3 1
-0.0072301459751925 3 0 2 2 3 3 3
-0.049413035589952 3 0 2 3 0 0 2
0.1290031480769812 3 0 2 3 0 1 2
0.0378717018188916 3 0 2 3 0 2 0
-0.0835962244159843 3 0 2 3 0 2 1
-0.0563285303627118 3 0 2 3 0 2 3
0.0326574411910282 3 0 2 3 0 3 2
0.0916198529847749 3 0 2 3 1 0 2
-0.1406013569993638 3 0 2 3 1 1 2
0.0529622923783211 3 0 2 3 1 2 0
0.0057048456675483 3 0 2 3 1 2 1
0.0792223390104141 3 0 2 3 1 2 3
-0.0103565503391026 3 0 2 3 1 3 2
0.2118454621948949 3 0 2 3 2 0 0
0.0792896808404603 3 0 2 3 2 0 1
-0.0311635925694098 3 0 2 3 2 0 3
0.1877655413794553 3 0 2 3 2 1 0
0.0113318565205021 3 0 2 3 2 1 1
-0.0342817918947948 3 0 2 3 2 1 3
-0.1262464449791393 3 0 2 3 2 2 2
-0.012067625437524 3 0 2 3 2 3 0
0.0826731649770358 3 0 2 3 2 3 1
0.0040880588447357 3 0 2 3 2 3 3
-0.0286365161418119 3 0 2 3 3 0 2
-0.0633925646680769 3 0 2 3 3 1 2
0.0322887705362045 3 0 2 3 3 2 0
0.1052385734042964 3 0 2 3 3 2 1
-0.1660727143381519 3 0 2 3 3 2 3
0.0109301053948271 3 0 2 3 3 3 2
-0.0382572970071633 3 0 3 0 0 0 0
-0.0912224524066704 3 0 3 0 0 0 1
0.0145759866252946 3 0 3 0 0 0 3
-0.1336190718069167 3 0 3 0 0 1 0
-0.0260399777131937 3 0 3 0 0 1 1
0.0744341876788019 3 0 3 0 0 1 3
-0.0420479327248042 3 0 3 0 0 2 2
0.0009607288466133 3 0 3 0 0 3 0
0.0179456447709416 3 0 3 0 0 3 1
0.1005418851792328 3 0 3 0 0 3 3
0.0636211076714705 3 0 3 0 1 0 0
0.0596829260204123 3 0 3 0 1 0 1
0.1515887808134335 3 0 3 0 1 0 3
-0.0597114443265091 3 0 3 0 1 1 0
-0.0324137856207363 3 0 3 0 1 1 1
-0.0039398240446915 3 0 3 0 1 1 3
-0.0984470639310006 3 0 3 0 1 2 2
-0.088728775991149 3 0 3 0 1 3 0
0.1998848531411221 3 0 3 0 1 3 1
-0.0736270265018754 3 0 3 0 1 3 3
-0.0096628448284175 3 0 3 0 2 0 2
0.0342713582729044 3 0 3 0 2 1 2
-0.0391263927399674 3 0 3 0 2 2 0
-0.010332056685464 3 0 3 0 2 2 1
0.023514655029822 3 0 3 0 2 2 3
0.0386406546190646 3 0 3 0 2 3 2
0.2056924594461373 3 0 3 0 3 0 0
0.0689896403317911 3 0 3 0 3 0 1
-0.0113936657113831 3 0 3 0 3 0 3
-0.0019572097809864 3 0 3 0 3 1 0
0.0811162075196745 3 0 3 0 3 1 1
0.081713926167148 3 0 3 0 3 1 3
0.0871076387919876 3 0 3 0 3 2 2
-0.1192790445070166 3 0 3 0 3 3 0
0.011190663554078 3 0 3 0 3 3 1
0.0954870529288749 3 0 3 0 3 3 3
-0.1651875877960241 3 0 3 1 0 0 0
0.0317177686398138 3 0 3 1 0 0 1
0.0369651803481228 3 0 3 1 0 0 3
0.0896354886592997 3 0 3 1 0 1 0
-0.005439936577703 3 0 3 1 0 1 1
0.0217974088334476 3 0 3 1 0 1 3
0.0232883977017165 3 0 3 1 0 2 2
-0.0364399153717935 3 0 3 1 0 3 0
-0.1354559856154562 3 0 3 1 0 3 1
-0.1153471114681642 3 0 3 1 0 3 3
-0.1044259358964031 3 0 3 1 1 0 0
-0.0422200309316604 3 0 3 1 1 0 1
-0.018436580173986 3 0 3 1 1 0 3
0.0653771056621328 3 0 3 1 1 1 0
0.0480741061761193 3 0 3 1 1 1 1
-0.0387325668072337 3 0 3 1 1 1 3
0.0437970068109246 3 0 3 1 1 2 2
0.04131047207917 3 0 3 1 1 3 0
-0.0525074022405046 3 0 3 1 1 3 1
0.004221666454802 3 0 3 1 1 3 3
-0.1453263462218104 3 0 3 1 2 0 2
0.0011393393495389 3 0 3 1 2 1 2
0.0691414395032701 3 0 3 1 2 2 0
0.0448594069757612 3 0 3 1 2 2 1
-0.1559849156869404 3 0 3 1 2 2 3
-0.1927562415814495 3 0 3 1 2 3 2
0.1136212205916227 3 0 3 1 3 0 0
-0.0628028979404157 3 0 3 1 3 0 1
0.1054311638041355 3 0 3 1 3 0 3
-0.0480158376525976 3 0 3 1 3 1 0
-0.0362140906311248 3 0 3 1 3 1 1
0.1085333133542339 3 0 3 1 3 1 3
-0.1094474621467641 3 0 3 1 3 2 2
-0.1972506521678953 3 0 3 1 3 3 0
-0.0474627175799089 3 0 3 1 3 3 1
0.0758177932406994 3 0 3 1 3 3 3
0.0152957342740478 3 0 3 2 0 0 2
0.0185140316566726 3 0 3 2 0 1 2
0.0390868198805745 3 0 3 2 0 2 0
-0.0367860636720777 3 0 3 2 0 2 1
0.0734017214452808 3 0 3 2 0 2 3
0.0899321254275988 3 0 3 2 0 3 2
-0.0879541547209743 3 0 3 2 1 0 2
0.0201499030559417 3 0 3 2 1 1 2
-0.0561085209849015 3 0 3 2 1 2 0
-0.0821522249755614 3 0 3 2 1 2 1
-0.0280494765651789 3 0 3 2 1 2 3
-0.0074161788310536 3 0 3 2 1 3 2
0.0982859701189243 3 0 3 2 2 0 0
-0.0945972569114757 3 0 3 2 2 0 1
-0.2262647924144757 3 0 3 2 2 0 3
-0.1396459260008969 3 0 3 2 2 1 0
0.1161898563819394 3 0 3 2 2 1 1
0.0035444221704025 3 0 3 2 2 1 3
0.1703606060730308 3 0 3 2 2 2 2
0.1214915654848342 3 0 3 2 2 3 0
-0.112780541687222 3 0 3 2 2 3 1
0.0347985329723633 3 0 3 2 2 3 3
-0.0314297786774713 3 0 3 2 3 0 2
0.1020841544874703 3 0 3 2 3 1 2
0.0242171843856016 3 0 3 2 3 2 0
-0.0051596118315404 3 0 3 2 3 2 1
-0.0582022332979451 3 0 3 2 3 2 3
-0.1249393214052082 3 0 3 2 3 3 2
-0.0678298555684271 3 0 3 3 0 0 0
-0.0729942890327573 3 0 3 3 0 0 1
0.0104418304155116 3 0 3 3 0 0 3
0.1206503934896068 3 0 3 3 0 1 0
-0.0366063829369512 3 0 3 3 0 1 1
-0.2178062332351586 3 0 3 3 0 1 3
0.0126954947351717 3 0 3 3 0 2 2
0.1189767919826031 3 0 3 3 0 3 0
-0.0572063770811237 3 0 3 3 0 3 1
0.0333774348098789 3 0 3 3 0 3 3
-0.1906901107685448 3 0 3 3 1 0 0
0.0163090573979957 3 0 3 3 1 0 1
-0.0601837883453853 3 0 3 3 1 0 3
-0.0778543528260542 3 0 3 3 1 1 0
0.1834048808634549 3 0 3 3 1 1 1
0.03491596636575 3 0 3 3 1 1 3
-0.0810355706525105 3 0 3 3 1 2 2
0.0450016337946171 3 0 3 3 1 3 0
-0.0822130870982017 3 0 3 3 1 3 1
0.004343462504108 3 0 3 3 1 3 3
-0.0206300884039229 3 0 3 3 2 0 2
-0.0529169761663217 3 0 3 3 2 1 2
0.0742185766647544 3 0 3 3 2 2 0
-0.1096680964574825 3 0 3 3 2 2 1
-0.1241851968090719 3 0 3 3 2 2 3
-0.0429219461400289 3 0 3 3 2 3 2
-0.0092272932720353 3 0 3 3 3 0 0
-0.0103406673135095 3 0 3 3 3 0 1
0.0464461703531081 3 0 3 3 3 0 3
0.0854947079520409 3 0 3 3 3 1 0
0.046909805020865 3 0 3 3 3 1 1
-0.1142181333959468 3 0 3 3 3 1 3
-0.0629060339154326 3 0 3 3 3 2 2
0.0304134988828122 3 0 3 3 3 3 0
0.0507692144039258 3 0 3 3 3 3 1
-0.0495092519061388 3 0 3 3 3 3 3
-0.0557213746690408 3 1 0 0 0 0 0
-0.0440859452591782 3 1 0 0 0 0 1
-0.0463189519904645 3 1 0 0 0 0 3
0.0476033711144482 3 1 0 0 0 1 0
0.0235440829858192 3 1 0 0 0 1 1
0.0366583189116872 3 1 0 0 0 1 3
0.0638199754017466 3 1 0 0 0 2 2
-0.0322275810493882 3 1 0 0 0 3 0
0.1209799036875242 3 1 0 0 0 3 1
0.0865410547947445 3 1 0 0 0 3 3
-0.0862258927235006 3 1 0 0 1 0 0
-0.0463054969592358 3 1 0 0 1 0 1
-0.0170025126153326 3 1 0 0 1 0 3
0.1158177017823762 3 1 0 0 1 1 0
0.0930416964629422 3 1 0 0 1 1 1
0.0267496420966046 3 1 0 0 1 1 3
0.0081861686962526 3 1 0 0 1 2 2
0.0103404454959044 3 1 0 0 1 3 0
-0.159467343922154 3 1 0 0 1 3 1
-0.0377237779538398 3 1 0 0 1 3 3
-0.1024691177450929 3 1 0 0 2 0 2
0.0073696251453837 3 1 0 0 2 1 2
-0.1161000211700408 3 1 0 0 2 2 0
0.0103734209519249 3 1 0 0 2 2 1
-0.12107523323202 3 1 0 0 2 2 3
0.053354897530577 3 1 0 0 2 3 2
-0.0792097464762965 3 1 0 0 3 0 0
-0.0992872612740998 3 1 0 0 3 0 1
-0.0390297540445292 3 1 0 0 3 0 3
0.0462093205901481 3 1 0 0 3 1 0
0.0559871365669216 3 1 0 0 3 1 1
0.1000538418556997 3 1 0 0 3 1 3
-0.1054474262771248 3 1 0 0 3 2 2
-0.0831653625449797 3 1 0 0 3 3 0
-0.0185204467200606 3 1 0 0 3 3 1
-0.102394894794923 3 1 0 0 3 3 3
0.0001885200857684 3 1 0 1 0 0 0
0.1341394987585021 3 1 0 1 0 0 1
-0.0450402207566538 3 1 0 1 0 0 3
0.0193265004256099 3 1 0 1 0 1 0
0.0514270244600109 3 1 0 1 0 1 1
-0.230672163181492 3 1 0 1 0 1 3
0.03808138050421 3 1 0 1 0 2 2
0.0108862525333418 3 1 0 1 0 3 0
-0.0870060895339984 3 1 0 1 0 3 1
0.0786593277079398 3 1 0 1 0 3 3
-0.0084218194748345 3 1 0 1 1 0 0
-0.0167529823778818 3 1 0 1 1 0 1
-0.060179565072705 3 1 0 1 1 0 3
0.0154966723927962 3 1 0 1 1 1 0
0.0614261388907843 3 1 0 1 1 1 1
-0.0908214449325252 3 1 0 1 1 1 3
-0.1289376202629388 3 1 0 1 1 2 2
-0.0594776647238557 3 1 0 1 1 3 0
0.1551640709895976 3 1 0 1 1 3 1
0.0546388363713068 3 1 0 1 1 3 3
-0.2562877028244841 3 1 0 1 2 0 2
-0.014587695433525 3 1 0 1 2 1 2
-0.0293050152242749 3 1 0 1 2 2 0
-0.0736346441484292 3 1 0 1 2 2 1
0.0302179552971077 3 1 0 1 2 2 3
-0.0212821468526713 3 1 0 1 2 3 2
0.1370937831901688 3 1 0 1 3 0 0
0.0325080473301028 3 1 0 1 3 0 1
-0.113292225484534 3 1 0 1 3 0 3
0.0500990390923869 3 1 0 1 3 1 0
0.014848720228516 3 1 0 1 3 1 1
0.0884408472550449 3 1 0 1 3 1 3
0.1061974725363874 3 1 0 1 3 2 2
0.1991535723651647 3 1 0 1 3 3 0
-0.1037433192948863 3 1 0 1 3 3 1
-0.0725603225060933 3 1 0 1 3 3 3
0.0612654758993361 3 1 0 2 0 0 2
-0.0908949087478861 3 1 0 2 0 1 2
0.1026623333147168 3 1 0 2 0 2 0
0.0874879601113671 3 1 0 2 0 2 1
0.0156800665149646 3 1 0 2 0 2 3
-0.0742573667043448 3 1 0 2 0 3 2
-0.103939637531268 3 1 0 2 1 0 2
0.084484480465821 3 1 0 2 1 1 2
-0.1187782326445336 3 1 0 2 1 2 0
0.0282682343949706 3 1 0 2 1 2 1
-0.2695217869348163 3 1 0 2 1 2 3
0.0802390138409864 3 1 0 2 1 3 2
0.0872051684330336 3 1 0 2 2 0 0
-0.0223092392505804 3 1 0 2 2 0 1
0.206557014360723 3 1 0 2 2 0 3
-0.0181590147155297 3 1 0 2 2 1 0
-0.0285835694826322 3 1 0 2 2 1 1
-0.0508959400234642 3 1 0 2 2 1 3
0.0933024864621057 3 1 0 2 2 2 2
-0.0423574288986333 3 1 0 2 2 3 0
0.2194897482146011 3 1 0 2 2 3 1
0.0623378930543846 3 1 0 2 2 3 3
0.0960645938182467 3 1 0 2 3 0 2
-0.1400281601917367 3 1 0 2 3 1 2
0.0079539613970582 3 1 0 2 3 2 0
0.0096203467704009 3 1 0 2 3 2 1
0.1235413903250831 3 1 0 2 3 2 3
0.0817119717035152 3 1 0 2 3 3 2
0.1195187693702631 3 1 0 3 0 0 0
-0.0653086238645649 3 1 0 3 0 0 1
-0.0134541211810232 3 1 0 3 0 0 3
0.1449421289179213 3 1 0 3 0 1 0
0.0049735274336497 3 1 0 3 0 1 1
-0.0042357397661752 3 1 0 3 0 1 3
-0.093654586368707 3 1 0 3 0 2 2
-0.0102636842365181 3 1 0 3 0 3 0
-0.0806234869431997 3 1 0 3 0 3 1
0.030122380857504 3 1 0 3 0 3 3
-0.0553736558148549 3 1 0 3 1 0 0
-0.0428895906748979 3 1 0 3 1 0 1
-0.0086522450647143 3 1 0 3 1 0 3
0.0185315919862235 3 1 0 3 1 1 0
0.133439127552258 3 1 0 3 1 1 1
0.086499441068299 3 1 0 3 1 1 3
-0.0444616939694733 3 1 0 3 1 2 2
-0.0539970934192956 3 1 0 3 1 3 0
-0.0170701518802554 3 1 0 3 1 3 1
-0.0731853242977177 3 1 0 3 1 3 3
-0.0933092009533976 3 1 0 3 2 0 2
0.0584056689093897 3 1 0 3 2 1 2
-0.1264253002977637 3 1 0 3 2 2 0
0.0428136904926792 3 1 0 3 2 2 1
0.0165611019538207 3 1 0 3 2 2 3
-0.1314788021654295 3 1 0 3 2 3 2
0.1259906435707344 3 1 0 3 3 0 0
-0.0828942226720604 3 1 0 3 3 0 1
-0.0849966844854881 3 1 0 3 3 0 3
-0.0442798739484162 3 1 0 3 3 1 0
0.0643463615691645 3 1 0 3 3 1 1
-0.0672031614687018 3 1 0 3 3 1 3
0.0549837932449606 3 1 0 3 3 2 2
0.0552808235315973 3 1 0 3 3 3 0
0.042997181036227 3 1 0 3 3 3 1
-0.0064615653100598 3 1 0 3 3 3 3
0.1121711249100707 3 1 1 0 0 0 0
0.1984564032271089 3 1 1 0 0 0 1
-0.0592864143463055 3 1 1 0 0 0 3
0.0271372690211557 3 1 1 0 0 1 0
0.0299349094718738 3 1 1 0 0 1 1
0.0240754396217677 3 1 1 0 0 1 3
-0.0520729376100814 3 1 1 0 0 2 2
-0.0204161517297077 3 1 1 0 0 3 0
-0.0856004233746495 3 1 1 0 0 3 1
-0.02367640455895 3 1 1 0 0 3 3
-0.1901462933548145 3 1 1 0 1 0 0
0.030885580417179 3 1 1 0 1 0 1
-0.0188961900681185 3 1 1 0 1 0 3
-0.0219991478286419 3 1 1 0 1 1 0
-0.1015528273261635 3 1 1 0 1 1 1
-0.0049177039061387 3 1 1 0 1 1 3
-0.0361332013363998 3 1 1 0 1 2 2
-0.0199232746921047 3 1 1 0 1 3 0
-0.1251272033080491 3 1 1 0 1 3 1
0.0250808747721408 3 1 1 0 1 3 3
0.0215178227277837 3 1 1 0 2 0 2
-0.1429578216425071 3 1 1 0 2 1 2
-0.1013947214126964 3 1 1 0 2 2 0
-0.1197247944353351 3 1 1 0 2 2 1
0.0557534776136058 3 1 1 0 2 2 3
0.0660573536770392 3 1 1 0 2 3 2
-0.0063930586352724 3 1 1 0 3 0 0
-0.0199787081568523 3 1 1 0 3 0 1
-0.1152581305905148 3 1 1 0 3 0 3
0.0954902927347636 3 1 1 0 3 1 0
-0.1442739027651327 3 1 1 0 3 1 1
-0.0477977467646674 3 1 1 0 3 1 3
0.1652888194392861 3 1 1 0 3 2 2
0.102246028477874 3 1 1 0 3 3 0
0.0338743861908109 3 1 1 0 3 3 1
0.067933692609851 3 1 1 0 3 3 3
-0.0469079656684809 3 1 1 1 0 0 0
0.1000162597832343 3 1 1 1 0 0 1
-0.0064704522544601 3 1 1 1 0 0 3
-0.0099156770513433 3 1 1 1 0 1 0
-0.073586507894413 3 1 1 1 0 1 1
0.0739544076068717 3 1 1 1 0 1 3
0.1255637507600783 3 1 1 1 0 2 2
0.0170218624273738 3 1 1 1 0 3 0
-0.1228742928216093 3 1 1 1 0 3 1
0.0806775456202087 3 1 1 1 0 3 3
0.1047513686580716 3 1 1 1 1 0 0
0.0624674498846534 3 1 1 1 1 0 1
0.0945504757856568 3 1 1 1 1 0 3
0.166713566415878 3 1 1 1 1 1 0
0.1461875628785914 3 1 1 1 1 1 1
0.0020915594191712 3 1 1 1 1 1 3
0.0723522303946794 3 1 1 1 1 2 2
-0.0747199551531582 3 1 1 1 1 3 0
-0.0857395684872755 3 1 1 1 1 3 1
0.0306517511649498 3 1 1 1 1 3 3
0.0395421117977386 3 1 1 1 2 0 2
0.1133624065673186 3 1 1 1 2 1 2
-0.0729815990889781 3 1 1 1 2 2 0
0.0239490141760883 3 1 1 1 2 2 1
0.0839966764118733 3 1 1 1 2 2 3
-0.086933163732541 3 1 1 1 2 3 2
-0.1008774035982964 3 1 1 1 3 0 0
-0.0470536260930551 3 1 1 1 3 0 1
0.1543575429579303 3 1 1 1 3 0 3
-0.0556214260505001 3 1 1 1 3 1 0
0.0117577349926324 3 1 1 1 3 1 1
0.1004627740864051 3 1 1 1 3 1 3
-0.0048727934309806 3 1 1 1 3 2 2
0.0047094063867313 3 1 1 1 3 3 0
0.0961902898279407 3 1 1 1 3 3 1
0.1377116973876244 3 1 1 1 3 3 3
0.0284663693248255 3 1 1 2 0 0 2
-0.0207534794404575 3 1 1 2 0 1 2
-0.0306663113121699 3 1 1 2 0 2 0
0.2318516516121071 3 1 1 2 0 2 1
-0.018663169970622 3 1 1 2 0 2 3
0.1723807556138726 3 1 1 2 0 3 2
-0.1198554686266433 3 1 1 2 1 0 2
0.0180398815678836 3 1 1 2 1 1 2
-0.0518066178614478 3 1 1 2 1 2 0
0.0207026077866526 3 1 1 2 1 2 1
-0.0328075788221621 3 1 1 2 1 2 3
-0.0513559952336169 3 1 1 2 1 3 2
0.0268944420079388 3 1 1 2 2 0 0
0.0494774144577407 3 1 1 2 2 0 1
-0.012992597989025 3 1 1 2 2 0 3
0.1489193281191594 3 1 1 2 2 1 0
0.1629555832372238 3 1 1 2 2 1 1
-0.1095622733377807 3 1 1 2 2 1 3
-0.0051567228602405 3 1 1 2 2 2 2
-0.0340646491713404 3 1 1 2 2 3 0
0.0115082089367414 3 1 1 2 2 3 1
-0.0096583628330912 3 1 1 2 2 3 3
-0.0364227740809246 3 1 1 2 3 0 2
0.0932394111719962 3 1 1 2 3 1 2
-0.020010001465389 3 1 1 2 3 2 0
-0.1049305907508861 3 1 1 2 3 2 1
0.1136165173092131 3 1 1 2 3 2 3
-0.2245179212802408 3 1 1 2 3 3 2
-0.1008578718650181 3 1 1 3 0 0 0
-0.0555742851672823 3 1 1 3 0 0 1
-0.0160129245411285 3 1 1 3 0 0 3
0.1127151211451503 3 1 1 3 0 1 0
-0.0540770950184992 3 1 1 3 0 1 1
0.0110259471307565 3 1 1 3 0 1 3
0.0451745396341572 3 1 1 3 0 2 2
-0.0650018561204319 3 1 1 3 0 3 0
0.0363575379576248 3 1 1 3 0 3 1
0.0508192414754075 3 1 1 3 0 3 3
-0.0403973135159809 3 1 1 3 1 0 0
-0.1462747021620132 3 1 1 3 1 0 1
0.0820238653129754 3 1 1 3 1 0 3
-0.001691062673371 3 1 1 3 1 1 0
-0.0523496914311915 3 1 1 3 1 1 1
0.0513985356989414 3 1 1 3 1 1 3
-0.0398728681180087 3 1 1 3 1 2 2
-0.0528959014220604 3 1 1 3 1 3 0
-0.0661462626220721 3 1 1 3 1 3 1
0.0791846092909183 3 1 1 3 1 3 3
0.1441836795166445 3 1 1 3 2 0 2
-0.0555888584791108 3 1 1 3 2 1 2
0.0971470057147166 3 1 1 3 2 2 0
-0.066161718271993 3 1 1 3 2 2 1
-0.0516641355070972 3 1 1 3 2 2 3
-0.1357018238266285 3 1 1 3 2 3 2
-0.021267208155597 3 1 1 3 3 0 0
0.0661330406827745 3 1 1 3 3 0 1
0.0285302902970656 3 1 1 3 3 0 3
-0.0207426347519786 3 1 1 3 3 1 0
-0.1500735202065473 3 1 1 3 3 1 1
-0.2147023422074243 3 1 1 3 3 1 3
-0.132117421793357 3 1 1 3 3 2 2
0.1686011556781693 3 1 1 3 3 3 0
-0.1531709564118805 3 1 1 3 3 3 1
0.06382219312705 3 1 1 3 3 3 3
-0.1177935212964412 3 1 2 0 0 0 2
-0.0276697152143883 3 1 2 0 0 1 2
0.1874452923782907 3 1 2 0 0 2 0
-0.0436977922781935 3 1 2 0 0 2 1
-0.1711419820193739 3 1 2 0 0 2 3
0.0940177217895111 3 1 2 0 0 3 2
0.077685524740894 3 1 2 0 1 0 2
-0.0142503648763644 3 1 2 0 1 1 2
0.0362212290435429 3 1 2 0 1 2 0
0.0842540509916542 3 1 2 0 1 2 1
-0.1566545504770725 3 1 2 0 1 2 3
-0.0606854331047719 3 1 2 0 1 3 2
-0.1091486680029923 3 1 2 0 2 0 0
-0.0450246449427916 3 1 2 0 2 0 1
-0.0772757865407712 3 1 2 0 2 0 3
-0.1071297352858722 3 1 2 0 2 1 0
-0.060411982979214 3 1 2 0 2 1 1
0.1414101486553861 3 1 2 0 2 1 3
-0.0779748146485801 3 1 2 0 2 2 2
-0.1274919988832283 3 1 2 0 2 3 0
0.0688840870989342 3 1 2 0 2 3 1
0.0459898336152553 3 1 2 0 2 3 3
0.0501654736718858 3 1 2 0 3 0 2
0.0460953395535842 3 1 2 0 3 1 2
0.0587573276705294 3 1 2 0 3 2 0
-0.0175466078626596 3 1 2 0 3 2 1
0.0246942924618284 3 1 2 0 3 2 3
0.1405828781140209 3 1 2 0 3 3 2
-0.0300691555056166 3 1 2 1 0 0 2
-0.1248681879580514 3 1 2 1 0 1 2
0.0509851033749911 3 1 2 1 0 2 0
-0.0979952150085886 3 1 2 1 0 2 1
0.0629021768578153 3 1 2 1 0 2 3
-0.1806455052239664 3 1 2 1 0 3 2
0.027502745367997 3 1 2 1 1 0 2
-0.1079286382619743 3 1 2 1 1 1 2
0.1271082801854568 3 1 2 1 1 2 0
0.078076927025485 3 1 2 1 1 2 1
0.0139639503743513 3 1 2 1 1 2 3
-0.1256183089040819 3 1 2 1 1 3 2
0.0426529727652627 3 1 2 1 2 0 0
-0.0600296826613653 3 1 2 1 2 0 1
0.1513339900885765 3 1 2 1 2 0 3
0.2897234451918939 3 1 2 1 2 1 0
-0.0596232111443516 3 1 2 1 2 1 1
-0.0857644659498325 3 1 2 1 2 1 3
0.0046461623217531 3 1 2 1 2 2 2
-0.0479777151607767 3 1 2 1 2 3 0
-0.1171320298841623 3 1 2 1 2 3 1
-0.0184487594582417 3 1 2 1 2 3 3
0.0191418550846727 3 1 2 1 3 0 2
0.1017723227769337 3 1 2 1 3 1 2
-0.1090167292085163 3 1 2 1 3 2 0
0.001606904401493 3 1 2 1 3 2 1
-0.0812238809389384 3 1 2 1 3 2 3
-0.0785724569927423 3 1 2 1 3 3 2
0.1749772077320501 3 1 2 2 0 0 0
0.0202951319568593 3 1 2 2 0 0 1
0.0353102805998965 3 1 2 2 0 0 3
0.0060047987162735 3 1 2 2 0 1 0
-0.1099806154421138 3 1 2 2 0 1 1
-0.0344359189115976 3 1 2 2 0 1 3
0.1382497263791234 3 1 2 2 0 2 2
0.0616222328563387 3 1 2 2 0 3 0
-0.041513618413618 3 1 2 2 0 3 1
-0.0047260442981211 3 1 2 2 0 3 3
-0.0109672774230717 3 1 2 2 1 0 0
-0.0315566008724718 3 1 2 2 1 0 1
-0.0562271145058519 3 1 2 2 1 0 3
-0.0110980022329298 3 1 2 2 1 1 0
-0.1227622439788271 3 1 2 2 1 1 1
-0.1185555056654293 3 1 2 2 1 1 3
-0.0175890543762086 3 1 2 2 1 2 2
0.1047758244292797 3 1 2 2 1 3 0
-0.1308440030128902 3 1 2 2 1 3 1
0.0514903076687 3 1 2 2 1 3 3
-0.0383754161225304 3 1 2 2 2 0 2
0.0315711102331714 3 1 2 2 2 1 2
0.0243191870778975 3 1 2 2 2 2 0
-0.1396818034456163 3 1 2 2 2 2 1
0.0121816988781701 3 1 2 2 2 2 3
-0.0809764991307222 3 1 2 2 2 3 2
0.0499357008797852 3 1 2 2 3 0 0
0.0694265471491689 3 1 2 2 3 0 1
0.1778023890594861 3 1 2 2 3 0 3
0.0325146586882971 3 1 2 2 3 1 0
-0.0174815885568434 3 1 2 2 3 1 1
0.088121022372348 3 1 2 2 3 1 3
0.173971960182224 3 1 2 2 3 2 2
-0.0665685118061048 3 1 2 2 3 3 0
0.0604501901264373 3 1 2 2 3 3 1
0.1480896687269225 3 1 2 2 3 3 3
0.1409664581206984 3 1 2 3 0 0 2
-0.1334908039216588 3 1 2 3 0 1 2
-0.0007033537061505 3 1 2 3 0 2 0
-0.0579405471579354 3 1 2 3 0 2 1
-0.0328023069879606 3 1 2 3 0 2 3
0.1055766795424053 3 1 2 3 0 3 2
-0.0048285275096753 3 1 2 3 1 0 2
-0.0078834141947504 3 1 2 3 1 1 2
-0.0793221169612571 3 1 2 3 1 2 0
0.1479074860137077 3 1 2 3 1 2 1
0.0956415103343296 3 1 2 3 1 2 3
-0.0348759137857378 3 1 2 3 1 3 2
0.0171461193831178 3 1 2 3 2 0 0
-0.0503357470284342 3 1 2 3 2 0 1
0.0919540809349851 3 1 2 3 2 0 3
0.0745541668576847 3 1 2 3 2 1 0
0.1139414911637247 3 1 2 3 2 1 1
0.0050833539407892 3 1 2 3 2 1 3
0.0319331553225108 3 1 2 3 2 2 2
0.0092876182955188 3 1 2 3 2 3 0
-0.1016444318469416 3 1 2 3 2 3 1
0.064849710386913 3 1 2 3 2 3 3
-0.0764727267774511 3 1 2 3 3 0 2
-0.0293744862304409 3 1 2 3 3 1 2
0.0223547803070208 3 1 2 3 3 2 0
0.097346374240807 3 1 2 3 3 2 1
-0.0244218875824835 3 1 2 3 3 2 3
-0.0027615989319269 3 1 2 3 3 3 2
0.1329669887578696 3 1 3 0 0 0 0
-0.0590716145302607 3 1 3 0 0 0 1
0.045922119977503 3 1 3 0 0 0 3
-0.0343398430988241 3 1 3 0 0 1 0
-0.1855734765874069 3 1 3 0 0 1 1
0.1388915983348278 3 1 3 0 0 1 3
-0.019960974316101 3 1 3 0 0 2 2
-0.03187395172141 3 1 3 0 0 3 0
0.1138681008827923 3 1 3 0 0 3 1
-0.0945201389187129 3 1 3 0 0 3 3
-0.1201973973887288 3 1 3 0 1 0 0
0.0399511720742343 3 1 3 0 1 0 1
-0.0304457056495427 3 1 3 0 1 0 3
0.0058525190679265 3 1 3 0 1 1 0
-0.0125283707401051 3 1 3 0 1 1 1
0.1233925131854958 3 1 3 0 1 1 3
-0.2352594990122605 3 1 3 0 1 2 2
-0.118068543761442 3 1 3 0 1 3 0
0.1498293441855095 3 1 3 0 1 3 1
0.024241130298814 3 1 3 0 1 3 3
-0.1193530925308823 3 1 3 0 2 0 2
-0.0420162677737461 3 1 3 0 2 1 2
0.0319684895765808 3 1 3 0 2 2 0
0.1402309622450873 3 1 3 0 2 2 1
0.1163239941331476 3 1 3 0 2 2 3
0.0447816542118414 3 1 3 0 2 3 2
-0.0820548987419747 3 1 3 0 3 0 0
0.0320186870855416 3 1 3 0 3 0 1
0.0860107641749794 3 1 3 0 3 0 3
0.0059661342270372 3 1 3 0 3 1 0
0.0920787740011833 3 1 3 0 3 1 1
-0.0184938238488863 3 1 3 0 3 1 3
-0.0669324605757226 3 1 3 0 3 2 2
-0.0822204068838008 3 1 3 0 3 3 0
-0.0034982480820408 3 1 3 0 3 3 1
0.0830416792219792 3 1 3 0 3 3 3
0.0127535601787031 3 1 3 1 0 0 0
0.0712487196907466 3 1 3 1 0 0 1
0.1120934746459227 3 1 3 1 0 0 3
-0.052755727054669 3 1 3 1 0 1 0
-0.0481935959133064 3 1 3 1 0 1 1
0.0005075523459175 3 1 3 1 0 1 3
0.0834448055378428 3 1 3 1 0 2 2
-0.0457435941570114 3 1 3 1 0 3 0
0.1026448133375623 3 1 3 1 0 3 1
0.0714793856654346 3 1 3 1 0 3 3
0.0780652922716857 3 1 3 1 1 0 0
-0.0437208143010435 3 1 3 1 1 0 1
-0.0919922370027095 3 1 3 1 1 0 3
-0.0348553582398232 3 1 3 1 1 1 0
0.1461617824127627 3 1 3 1 1 1 1
0.0240931646063753 3 1 3 1 1 1 3
-0.1701943129167603 3 1 3 1 1 2 2
0.0873976506396615 3 1 3 1 1 3 0
-0.0712115491757879 3 1 3 1 1 3 1
0.0397667067894262 3 1 3 1 1 3 3
0.0419710843288012 3 1 3 1 2 0 2
-0.0027561019010544 3 1 3 1 2 1 2
0.1141447749189565 3 1 3 1 2 2 0
-0.1995464333133433 3 1 3 1 2 2 1
0.0770483461878554 3 1 3 1 2 2 3
-0.2169093636395371 3 1 3 1 2 3 2
-0.1138555743323044 3 1 3 1 3 0 0
0.1519152060336724 3 1 3 1 3 0 1
-0.0941746677247466 3 1 3 1 3 0 3
-0.1290540830221958 3 1 3 1 3 1 0
0.1242181455491093 3 1 3 1 3 1 1
-0.0018134580878315 3 1 3 1 3 1 3
0.0421243504821547 3 1 3 1 3 2 2
-0.0141274885728904 3 1 3 1 3 3 0
0.0294226186565704 3 1 3 1 3 3 1
-0.0384093366160767 3 1 3 1 3 3 3
-0.1806714715968387 3 1 3 2 0 0 2
-0.1733176513371836 3 1 3 2 0 1 2
0.1132979351974341 3 1 3 2 0 2 0
0.072521549708498 3 1 3 2 0 2 1
-0.0204474202444505 3 1 3 2 0 2 3
-0.0019767563791443 3 1 3 2 0 3 2
-0.0845244145453481 3 1 3 2 1 0 2
-0.0493327619317924 3 1 3 2 1 1 2
0.0008515299335185 3 1 3 2 1 2 0
-0.0114405738618916 3 1 3 2 1 2 1
-0.0843427058692203 3 1 3 2 1 2 3
0.0187229817378687 3 1 3 2 1 3 2
0.0201811278062175 3 1 3 2 2 0 0
0.0002562545222306 3 1 3 2 2 0 1
-0.0158911359600028 3 1 3 2 2 0 3
-0.0313120902579273 3 1 3 2 2 1 0
0.0425267547128154 3 1 3 2 2 1 1
-0.0546689103997119 3 1 3 2 2 1 3
0.2454176084441963 3 1 3 2 2 2 2
-0.1097507188508196 3 1 3 2 2 3 0
0.0123705069258329 3 1 3 2 2 3 1
-0.1181828403262731 3 1 3 2 2 3 3
-0.2802757801152491 3 1 3 2 3 0 2
-0.0498667901119086 3 1 3 2 3 1 2
0.1062835096232011 3 1 3 2 3 2 0
0.0277349596154441 3 1 3 2 3 2 1
0.0122762236343886 3 1 3 2 3 2 3
0.1191756404661284 3 1 3 2 3 3 2
-0.078135533694484 3 1 3 3 0 0 0
-0.1790270742188777 3 1 3 3 0 0 1
0.0221522393505054 3 1 3 3 0 0 3
0.0504257068996185 3 1 3 3 0 1 0
-0.0781101622343337 3 1 3 3 0 1 1
-0.1420476609063437 3 1 3 3 0 1 3
-0.1220390218464665 3 1 3 3 0 2 2
0.031636353021102 3 1 3 3 0 3 0
0.0598230640632269 3 1 3 3 0 3 1
-0.0381520093094059 3 1 3 3 0 3 3
0.0898206796044504 3 1 3 3 1 0 0
0.049150316602186 3 1 3 3 1 0 1
-0.013422975425902 3 1 3 3 1 0 3
-0.0212133095765965 3 1 3 3 1 1 0
0.0599777742778894 3 1 3 3 1 1 1
0.1105806250758389 3 1 3 3 1 1 3
0.0380839292422935 3 1 3 3 1 2 2
0.0444763245875587 3 1 3 3 1 3 0
-0.0197075073404561 3 1 3 3 1 3 1
0.0252527485595766 3 1 3 3 1 3 3
0.0909540170091721 3 1 3 3 2 0 2
0.1423781236886944 3 1 3 3 2 1 2
0.0062126666783405 3 1 3 3 2 2 0
0.0405122528759343 3 1 3 3 2 2 1
0.0829524088346632 3 1 3 3 2 2 3
0.028343650797909 3 1 3 3 2 3 2
-0.0722556976182451 3 1 3 3 3 0 0
-0.0429972178251845 3 1 3 3 3 0 1
-0.0116297872791047 3 1 3 3 3 0 3
-0.0773884241536863 3 1 3 3 3 1 0
-0.0427834873422236 3 1 3 3 3 1 1
-0.0336868537876779 3 1 3 3 3 1 3
0.0122427622767715 3 1 3 3 3 2 2
-0.0955785284740918 3 1 3 3 3 3 0
0.0734588124290953 3 1 3 3 3 3 1
0.0216116516408895 3 1 3 3 3 3 3
-0.1524095907800934 3 2 0 0 0 0 2
0.0213152689435866 3 2 0 0 0 1 2
0.0984760451408481 3 2 0 0 0 2 0
-0.1351700484017096 3 2 0 0 0 2 1
-0.098966096175821 3 2 0 0 0 2 3
-0.0200664701334292 3 2 0 0 0 3 2
-0.0277314485335723 3 2 0 0 1 0 2
0.2996034562460678 3 2 0 0 1 1 2
-0.0412261156520181 3 2 0 0 1 2 0
-0.2031805453143824 3 2 0 0 1 2 1
0.0799557360998729 3 2 0 0 1 2 3
-0.0099198275309343 3 2 0 0 1 3 2
-0.0081719006515282 3 2 0 0 2 0 0
-0.014835568819407 3 2 0 0 2 0 1
-0.0014614596995906 3 2 0 0 2 0 3
-0.0050184885205126 3 2 0 0 2 1 0
0.0586597322039293 3 2 0 0 2 1 1
-0.0864779291089345 3 2 0 0 2 1 3
-0.0157411600972814 3 2 0 0 2 2 2
-0.1820269742491293 3 2 0 0 2 3 0
-0.0858147852059155 3 2 0 0 2 3 1
-0.1788392834068808 3 2 0 0 2 3 3
0.1034192076480148 3 2 0 0 3 0 2
0.0493603384682627 3 2 0 0 3 1 2
0.0837632307245463 3 2 0 0 3 2 0
0.0900753073062402 3 2 0 0 3 2 1
0.065434705152049 3 2 0 0 3 2 3
-0.093069113090258 3 2 0 0 3 3 2
-0.0090886512487518 3 2 0 1 0 0 2
0.0702822137056913 3 2 0 1 0 1 2
-0.1062006772332746 3 2 0 1 0 2 0
0.1265234284259248 3 2 0 1 0 2 1
0.0052541074056046 3 2 0 1 0 2 3
0.0610162947045345 3 2 0 1 0 3 2
-0.0756988028094372 3 2 0 1 1 0 2
0.1688372894547697 3 2 0 1 1 1 2
-0.056514826506138 3 2 0 1 1 2 0
-0.0417163858342867 3 2 0 1 1 2 1
0.0215009888783998 3 2 0 1 1 2 3
-0.0491480223559012 3 2 0 1 1 3 2
-0.070750973222042 3 2 0 1 2 0 0
-0.0058953059367349 3 2 0 1 2 0 1
-0.0802667794233219 3 2 0 1 2 0 3
0.0331904619638065 3 2 0 1 2 1 0
-0.0942016594712065 3 2 0 1 2 1 1
0.0264910528428623 3 2 0 1 2 1 3
0.0597517516183339 3 2 0 1 2 2 2
0.0366247118005966 3 2 0 1 2 3 0
0.0714323271192145 3 2 0 1 2 3 1
-0.0030998375984029 3 2 0 1 2 3 3
0.1909798440993098 3 2 0 1 3 0 2
0.0061818573107632 3 2 0 1 3 1 2
0.013459722678692 3 2 0 1 3 2 0
-0.062467540495919 3 2 0 1 3 2 1
0.1056992305281938 3 2 0 1 3 2 3
0.1874566961065607 3 2 0 1 3 3 2
0.0409686606469742 3 2 0 2 0 0 0
0.0362157892143142 3 2 0 2 0 0 1
0.0624876182505245 3 2 0 2 0 0 3
-0.1331922159934249 3 2 0 2 0 1 0
0.0106400988002446 3 2 0 2 0 1 1
-0.0004629994800404 3 2 0 2 0 1 3
-0.2256504538323852 3 2 0 2 0 2 2
-0.0710367074000954 3 2 0 2 0 3 0
-0.0128083726853483 3 2 0 2 0 3 1
-0.0353916304590114 3 2 0 2 0 3 3
0.0150345415178879 3 2 0 2 1 0 0
0.0581910803257634 3 2 0 2 1 0 1
-0.1479918641189444 3 2 0 2 1 0 3
0.0900110870344197 3 2 0 2 1 1 0
-0.1947403628893884 3 2 0 2 1 1 1
0.0722047464666575 3 2 0 2 1 1 3
0.0626650063632561 3 2 0 2 1 2 2
0.1439226798625999 3 2 0 2 1 3 0
-0.0526322777321076 3 2 0 2 1 3 1
-0.061571851483381 3 2 0 2 1 3 3
0.0340947968909715 3 2 0 2 2 0 2
-0.0811645465227547 3 2 0 2 2 1 2
-0.0889071570993434 3 2 0 2 2 2 0
0.0775684191810385 3 2 0 2 2 2 1
0.0112149120204691 3 2 0 2 2 2 3
-0.0696041755651654 3 2 0 2 2 3 2
-0.047593049391852 3 2 0 2 3 0 0
-0.0641260797287036 3 2 0 2 3 0 1
-0.0344307038025891 3 2 0 2 3 0 3
0.0678016470338813 3 2 0 2 3 1 0
-0.0347401297488237 3 2 0 2 3 1 1
0.0363208756822251 3 2 0 2 3 1 3
-0.0137777144212436 3 2 0 2 3 2 2
-0.1607764994068864 3 2 0 2 3 3 0
0.0125723366947569 3 2 0 2 3 3 1
-0.0533812527914822 3 2 0 2 3 3 3
0.0673207136022295 3 2 0 3 0 0 2
-0.0578041219201551 3 2 0 3 0 1 2
0.0171377917692424 3 2 0 3 0 2 0
0.1453444975285791 3 2 0 3 0 2 1
0.1469455510568091 3 2 0 3 0 2 3
-0.1602502636115701 3 2 0 3 0 3 2
-0.1164633195541697 3 2 0 3 1 0 2
0.0932726715303892 3 2 0 3 1 1 2
-0.0833603597564709 3 2 0 3 1 2 0
-0.1855450426699791 3 2 0 3 1 2 1
0.0168986642530539 3 2 0 3 1 2 3
0.1680730268780864 3 2 0 3 1 3 2
0.0395871910636842 3 2 0 3 2 0 0
0.0066904898094662 3 2 0 3 2 0 1
0.1162705128025818 3 2 0 3 2 0 3
-0.0284712647583244 3 2 0 3 2 1 0
-0.0032338223937553 3 2 0 3 2 1 1
0.0527666328739855 3 2 0 3 2 1 3
0.0957063728177731 3 2 0 3 2 2 2
-0.0716899608111605 3 2 0 3 2 3 0
0.0186636981571557 3 2 0 3 2 3 1
-0.0137261411196474 3 2 0 3 2 3 3
-0.0565857812203414 3 2 0 3 3 0 2
-0.0554609779765343 3 2 0 3 3 1 2
0.0441024290867245 3 2 0 3 3 2 0
0.0436244532329854 3 2 0 3 3 2 1
-0.0532236286296194 3 2 0 3 3 2 3
-0.0538123632064066 3 2 0 3 3 3 2
-0.0414767808662716 3 2 1 0 0 0 2
0.0473054799994575 3 2 1 0 0 1 2
0.0364000962234364 3 2 1 0 0 2 0
-0.0677573206306313 3 2 1 0 0 2 1
0.0638051785519852 3 2 1 0 0 2 3
-0.058606817789559 3 2 1 0 0 3 2
-0.0699872753520794 3 2 1 0 1 0 2
0.0695903498206325 3 2 1 0 1 1 2
-0.2019850691952596 3 2 1 0 1 2 0
-0.0882914551367754 3 2 1 0 1 2 1
0.1071757807855782 3 2 1 0 1 2 3
0.152496794366022 3 2 1 0 1 3 2
0.029941419194335 3 2 1 0 2 0 0
-0.1321756679743546 3 2 1 0 2 0 1
-0.0314622694182504 3 2 1 0 2 0 3
0.0761209295752783 3 2 1 0 2 1 0
0.0221271789731279 3 2 1 0 2 1 1
0.0137403928728436 3 2 1 0 2 1 3
0.016440363923036 3 2 1 0 2 2 2
-0.0054280792230397 3 2 1 0 2 3 0
0.188296918794283 3 2 1 0 2 3 1
-0.0057425017984243 3 2 1 0 2 3 3
-0.0835629746987398 3 2 1 0 3 0 2
0.0118356726656821 3 2 1 0 3 1 2
-0.0791063451442189 3 2 1 0 3 2 0
-0.0643727694687404 3 2 1 0 3 2 1
-0.0402838878637587 3 2 1 0 3 2 3
0.0152867190319383 3 2 1 0 3 3 2
-0.0464152387997066 3 2 1 1 0 0 2
-0.1438453266419865 3 2 1 1 0 1 2
-0.043193307589875 3 2 1 1 0 2 0
0.0519244776018002 3 2 1 1 0 2 1
-0.1421578182893165 3 2 1 1 0 2 3
0.0803495713117887 3 2 1 1 0 3 2
-0.0709385976239389 3 2 1 1 1 0 2
-0.0677740016044358 3 2 1 1 1 1 2
-0.0683801818383351 3 2 1 1 1 2 0
0.0382757680225171 3 2 1 1 1 2 1
0.0931947981714854 3 2 1 1 1 2 3
0.0713596180037899 3 2 1 1 1 3 2
-0.2135901073277532 3 2 1 1 2 0 0
-0.1907876442547145 3 2 1 1 2 0 1
0.0370780969474697 3 2 1 1 2 0 3
0.0612396738849343 3 2 1 1 2 1 0
-0.145702687938008 3 2 1 1 2 1 1
0.0382723098471644 3 2 1 1 2 1 3
-0.0046667307990359 3 2 1 1 2 2 2
0.147986874847015 3 2 1 1 2 3 0
0.0080380218119138 3 2 1 1 2 3 1
0.0545960294897846 3 2 1 1 2 3 3
0.1398255380858505 3 2 1 1 3 0 2
-0.1232057826825202 3 2 1 1 3 1 2
-0.0737739402759287 3 2 1 1 3 2 0
-0.1750455156004053 3 2 1 1 3 2 1
-0.0498926881630715 3 2 1 1 3 2 3
-0.0029499029990093 3 2 1 1 3 3 2
-0.12658179604706 3 2 1 2 0 0 0
-0.0430368151143297 3 2 1 2 0 0 1
-0.0188302936055472 3 2 1 2 0 0 3
-0.1310543135773444 3 2 1 2 0 1 0
0.0251166790192192 3 2 1 2 0 1 1
0.05536160650405 3 2 1 2 0 1 3
0.0065863924160186 3 2 1 2 0 2 2
-0.11933780650607 3 2 1 2 0 3 0
-0.0467615497585516 3 2 1 2 0 3 1
0.2242889366124807 3 2 1 2 0 3 3
-0.074569679189327 3 2 1 2 1 0 0
0.0870563964335022 3 2 1 2 1 0 1
0.1001784636584291 3 2 1 2 1 0 3
-0.083096075717958 3 2 1 2 1 1 0
-0.0465142617104214 3 2 1 2 1 1 1
-0.1061259583678521 3 2 1 2 1 1 3
0.0405457960406537 3 2 1 2 1 2 2
0.0145004012397002 3 2 1 2 1 3 0
0.1063440663447947 3 2 1 2 1 3 1
-0.0307115677951076 3 2 1 2 1 3 3
-0.1548069477726411 3 2 1 2 2 0 2
-0.0577878276404306 3 2 1 2 2 1 2
0.0078046566307896 3 2 1 2 2 2 0
0.119772968217921 3 2 1 2 2 2 1
0.0170581321868621 3 2 1 2 2 2 3
0.012942796323267 3 2 1 2 2 3 2
0.1024779097223339 3 2 1 2 3 0 0
-0.0465897470143081 3 2 1 2 3 0 1
0.1751528265565659 3 2 1 2 3 0 3
-0.0537744810447909 3 2 1 2 3 1 0
0.0196789289666657 3 2 1 2 3 1 1
-0.0340210415495348 3 2 1 2 3 1 3
0.0384844260040974 3 2 1 2 3 2 2
0.0102340134013196 3 2 1 2 3 3 0
-0.0365094377319155 3 2 1 2 3 3 1
0.1543593382494019 3 2 1 2 3 3 3
0.0595905672054159 3 2 1 3 0 0 2
0.0879462833433055 3 2 1 3 0 1 2
0.1565281855499563 3 2 1 3 0 2 0
-0.0987371824899062 3 2 1 3 0 2 1
-0.0615643981526162 3 2 1 3 0 2 3
0.0368872105100169 3 2 1 3 0 3 2
0.0172441075110265 3 2 1 3 1 0 2
-0.052928106602423 3 2 1 3 1 1 2
0.0687030338666475 3 2 1 3 1 2 0
0.1144119870627033 3 2 1 3 1 2 1
0.0067892565836919 3 2 1 3 1 2 3
0.0630260392980601 3 2 1 3 1 3 2
-0.0165766383146445 3 2 1 3 2 0 0
0.0568118170455248 3 2 1 3 2 0 1
0.0985811558412379 3 2 1 3 2 0 3
-0.0828191736268756 3 2 1 3 2 1 0
0.0303027505817433 3 2 1 3 2 1 1
-0.0593419924128919 3 2 1 3 2 1 3
-0.0464419145734952 3 2 1 3 2 2 2
-0.004976750518616 3 2 1 3 2 3 0
-0.1076045645051863 3 2 1 3 2 3 1
-0.0555494405298818 3 2 1 3 2 3 3
-0.0010975245894772 3 2 1 3 3 0 2
-0.0387549021166954 3 2 1 3 3 1 2
-0.0790333765285705 3 2 1 3 3 2 0
0.1429061548265162 3 2 1 3 3 2 1
0.0431542883685896 3 2 1 3 3 2 3
-0.0520913668173565 3 2 1 3 3 3 2
-0.1497898116917031 3 2 2 0 0 0 0
0.0856486399571802 3 2 2 0 0 0 1
0.0765544912507928 3 2 2 0 0 0 3
-0.1220866663205961 3 2 2 0 0 1 0
0.0385551036832458 3 2 2 0 0 1 1
-0.0416258139192613 3 2 2 0 0 1 3
0.0047030552188677 3 2 2 0 0 2 2
0.0398005953543486 3 2 2 0 0 3 0
0.0017089669590921 3 2 2 0 0 3 1
-0.2185491102208822 3 2 2 0 0 3 3
-0.0650545377571843 3 2 2 0 1 0 0
-0.0479016286103202 3 2 2 0 1 0 1
0.1600397225592864 3 2 2 0 1 0 3
0.1510120731037906 3 2 2 0 1 1 0
-0.0039276665551666 3 2 2 0 1 1 1
-0.0705406227746888 3 2 2 0 1 1 3
0.0372089886026986 3 2 2 0 1 2 2
0.0638579751825201 3 2 2 0 1 3 0
-0.0330907782093812 3 2 2 0 1 3 1
-0.0284899826386267 3 2 2 0 1 3 3
0.000706270727181 3 2 2 0 2 0 2
0.04382829946094 3 2 2 0 2 1 2
-0.0767800744694718 3 2 2 0 2 2 0
-0.035919444729262 3 2 2 0 2 2 1
0.1287129339121877 3 2 2 0 2 2 3
-0.0749615678589543 3 2 2 0 2 3 2
0.0101452240117412 3 2 2 0 3 0 0
0.1005070025041654 3 2 2 0 3 0 1
-0.1690090270297124 3 2 2 0 3 0 3
0.1577831808088928 3 2 2 0 3 1 0
0.1694658046545283 3 2 2 0 3 1 1
-0.0829871418187986 3 2 2 0 3 1 3
-0.1448906096283809 3 2 2 0 3 2 2
-0.104059016430053 3 2 2 0 3 3 0
0.0102080505941615 3 2 2 0 3 3 1
-0.0831856887929799 3 2 2 0 3 3 3
0.0936265403604698 3 2 2 1 0 0 0
0.1110569211585276 3 2 2 1 0 0 1
-0.0047978267532467 3 2 2 1 0 0 3
0.122807124836562 3 2 2 1 0 1 0
-0.016376330514317 3 2 2 1 0 1 1
-0.0272833296213139 3 2 2 1 0 1 3
-0.0459865983077032 3 2 2 1 0 2 2
0.0391193878573452 3 2 2 1 0 3 0
-0.0046029659151619 3 2 2 1 0 3 1
0.1412059154660137 3 2 2 1 0 3 3
0.0390960075959448 3 2 2 1 1 0 0
-0.0302824088837691 3 2 2 1 1 0 1
-0.0609606987580779 3 2 2 1 1 0 3
-0.0245963623665019 3 2 2 1 1 1 0
0.0650740028240782 3 2 2 1 1 1 1
-0.0922070431932284 3 2 2 1 1 1 3
-0.192874892372785 3 2 2 1 1 2 2
0.0251032006417787 3 2 2 1 1 3 0
0.0169929150509205 3 2 2 1 1 3 1
0.0404418922442416 3 2 2 1 1 3 3
-0.0332008267694394 3 2 2 1 2 0 2
0.036639268214034 3 2 2 1 2 1 2
0.0837075618726823 3 2 2 1 2 2 0
-0.0897633259886458 3 2 2 1 2 2 1
0.0840551175480519 3 2 2 1 2 2 3
0.0924495362462461 3 2 2 1 2 3 2
0.1254587109583798 3 2 2 1 3 0 0
0.0340196291725061 3 2 2 1 3 0 1
0.0769893734353269 3 2 2 1 3 0 3
-0.0070927007595104 3 2 2 1 3 1 0
0.0816587936347992 3 2 2 1 3 1 1
0.0983936849309928 3 2 2 1 3 1 3
0.0394852717974135 3 2 2 1 3 2 2
0.0261812910434036 3 2 2 1 3 3 0
-0.0411047555694401 3 2 2 1 3 3 1
-0.0133182662834155 3 2 2 1 3 3 3
0.0061096534060166 3 2 2 2 0 0 2
-0.0720710337258463 3 2 2 2 0 1 2
-0.0200435477626431 3 2 2 2 0 2 0
0.1528065686697756 3 2 2 2 0 2 1
0.2055141318397307 3 2 2 2 0 2 3
0.0279052530566358 3 2 2 2 0 3 2
0.0267103866425649 3 2 2 2 1 0 2
0.0694048663924497 3 2 2 2 1 1 2
-0.1090192486035129 3 2 2 2 1 2 0
0.0073361464420029 3 2 2 2 1 2 1
0.0645381365273325 3 2 2 2 1 2 3
0.0507551362244754 3 2 2 2 1 3 2
-0.0071573990546586 3 2 2 2 2 0 0
-0.1475858367758672 3 2 2 2 2 0 1
-0.1466096639254147 3 2 2 2 2 0 3
-0.0575783330100782 3 2 2 2 2 1 0
-0.094417759003464 3 2 2 2 2 1 1
-0.0112447293597102 3 2 2 2 2 1 3
-0.0853704104663953 3 2 2 2 2 2 2
0.0524575498375681 3 2 2 2 2 3 0
-0.0336403828491494 3 2 2 2 2 3 1
-0.044043316485726 3 2 2 2 2 3 3
-0.1206091739046437 3 2 2 2 3 0 2
-0.0174390168677533 3 2 2 2 3 1 2
0.0273961989526172 3 2 2 2 3 2 0
-0.0560253023359249 3 2 2 2 3 2 1
0.0381338928747513 3 2 2 2 3 2 3
0.0678490864549572 3 2 2 2 3 3 2
0.1132293369540543 3 2 2 3 0 0 0
0.1236235089727584 3 2 2 3 0 0 1
-0.1306231101947456 3 2 2 3 0 0 3
-0.0434802843207241 3 2 2 3 0 1 0
0.0951534966038883 3 2 2 3 0 1 1
-0.0216721893657649 3 2 2 3 0 1 3
0.0172500032319039 3 2 2 3 0 2 2
0.1244389370803715 3 2 2 3 0 3 0
0.0208168898795625 3 2 2 3 0 3 1
0.0851827155085069 3 2 2 3 0 3 3
0.1129301315203469 3 2 2 3 1 0 0
0.1379678806736493 3 2 2 3 1 0 1
0.1175779186661143 3 2 2 3 1 0 3
-0.1182560395649663 3 2 2 3 1 1 0
-0.0159265233311396 3 2 2 3 1 1 1
-0.0248840577465205 3 2 2 3 1 1 3
0.0046667481082904 3 2 2 3 1 2 2
-0.0427044085088406 3 2 2 3 1 3 0
-0.0087683027553496 3 2 2 3 1 3 1
-0.0147314335907017 3 2 2 3 1 3 3
0.0146490907663937 3 2 2 3 2 0 2
0.0687436545024331 3 2 2 3 2 1 2
0.1145871802466159 3 2 2 3 2 2 0
-0.1120639929122533 3 2 2 3 2 2 1
0.0227380874637309 3 2 2 3 2 2 3
-0.2511052975307425 3 2 2 3 2 3 2
0.2141698635966908 3 2 2 3 3 0 0
-0.0603276451720881 3 2 2 3 3 0 1
-0.0248650328441668 3 2 2 3 3 0 3
0.0255836859281299 3 2 2 3 3 1 0
-0.0052504963656339 3 2 2 3 3 1 1
0.1012506434211524 3 2 2 3 3 1 3
0.1305287842074534 3 2 2 3 3 2 2
0.0724223961321205 3 2 2 3 3 3 0
-0.0485916883130811 3 2 2 3 3 3 1
-0.0795420860439164 3 2 2 3 3 3 3
0.1420580530723289 3 2 3 0 0 0 2
0.0297607098475116 3 2 3 0 0 1 2
-0.0373434664880125 3 2 3 0 0 2 0
0.0292875255021103 3 2 3 0 0 2 1
0.192611931706245 3 2 3 0 0 2 3
-0.1076412742926827 3 2 3 0 0 3 2
0.0262985367462463 3 2 3 0 1 0 2
0.0799399063043221 3 2 3 0 1 1 2
0.0102114687849107 3 2 3 0 1 2 0
0.0086275512991943 3 2 3 0 1 2 1
0.1643709956885435 3 2 3 0 1 2 3
0.0070742189717814 3 2 3 0 1 3 2
-0.015311274725848 3 2 3 0 2 0 0
0.0111538322927417 3 2 3 0 2 0 1
0.0958524715024101 3 2 3 0 2 0 3
-0.0858926626830425 3 2 3 0 2 1 0
0.1701753137739819 3 2 3 0 2 1 1
0.1018512845125852 3 2 3 0 2 1 3
-0.0206133512667113 3 2 3 0 2 2 2
0.0102319539139493 3 2 3 0 2 3 0
0.0275005492282359 3 2 3 0 2 3 1
0.1564239292693025 3 2 3 0 2 3 3
-0.032521038546262 3 2 3 0 3 0 2
-0.019306259294226 3 2 3 0 3 1 2
-0.0629491709553328 3 2 3 0 3 2 0
-0.0866882716314262 3 2 3 0 3 2 1
0.0265629616563298 3 2 3 0 3 2 3
-0.1417127898037397 3 2 3 0 3 3 2
-0.0345244617886191 3 2 3 1 0 0 2
-0.1549069061129767 3 2 3 1 0 1 2
-0.1624077617388082 3 2 3 1 0 2 0
0.0081537025523744 3 2 3 1 0 2 1
0.1324409161938507 3 2 3 1 0 2 3
-0.0580365373502881 3 2 3 1 0 3 2
-0.0416322120038812 3 2 3 1 1 0 2
0.0598070626933058 3 2 3 1 1 1 2
0.0718521381012698 3 2 3 1 1 2 0
0.0374832007063819 3 2 3 1 1 2 1
-0.0324833781070315 3 2 3 1 1 2 3
0.0076184616588307 3 2 3 1 1 3 2
-0.0518358737851387 3 2 3 1 2 0 0
-0.1321793289000142 3 2 3 1 2 0 1
0.0077496312450251 3 2 3 1 2 0 3
0.1196765545230269 3 2 3 1 2 1 0
-0.0304944179846852 3 2 3 1 2 1 1
-0.0525686258847604 3 2 3 1 2 1 3
-0.0594755189467141 3 2 3 1 2 2 2
0.0737288339451902 3 2 3 1 2 3 0
-0.1093290794835934 3 2 3 1 2 3 1
-0.0683567984950108 3 2 3 1 2 3 3
-0.1380042755427817 3 2 3 1 3 0 2
0.0891633641069005 3 2 3 1 3 1 2
-0.066370219022774 3 2 3 1 3 2 0
0.093161272585754 3 2 3 1 3 2 1
-0.0482501114964308 3 2 3 1 3 2 3
-0.027160400186335 3 2 3 1 3 3 2
-0.0167639997439892 3 2 3 2 0 0 0
0.0645675216827201 3 2 3 2 0 0 1
0.0772288813490521 3 2 3 2 0 0 3
-0.0933953916052179 3 2 3 2 0 1 0
-0.1368003824349271 3 2 3 2 0 1 1
-0.0035964133845751 3 2 3 2 0 1 3
0.0462970774125949 3 2 3 2 0 2 2
0.0772651400365885 3 2 3 2 0 3 0
-0.0626985747533616 3 2 3 2 0 3 1
-0.0343008765043214 3 2 3 2 0 3 3
0.0238724429636224 3 2 3 2 1 0 0
0.0814358407701546 3 2 3 2 1 0 1
0.0916424095337772 3 2 3 2 1 0 3
0.1266770689330492 3 2 3 2 1 1 0
-0.0414675593250419 3 2 3 2 1 1 1
-0.0482899394550661 3 2 3 2 1 1 3
0.1321037730677853 3 2 3 2 1 2 2
0.0252699020276922 3 2 3 2 1 3 0
0.1753263667289867 3 2 3 2 1 3 1
0.1428699307703312 3 2 3 2 1 3 3
0.0161549268615805 3 2 3 2 2 0 2
0.0794134640707418 3 2 3 2 2 1 2
0.1390590233340391 3 2 3 2 2 2 0
-0.0519265991781793 3 2 3 2 2 2 1
0.0590408827123734 3 2 3 2 2 2 3
0.1082122862053987 3 2 3 2 2 3 2
0.0595934287603043 3 2 3 2 3 0 0
-0.0430908281406982 3 2 3 2 3 0 1
0.0855718516538467 3 2 3 2 3 0 3
-0.0638509760583016 3 2 3 2 3 1 0
0.1016584438902819 3 2 3 2 3 1 1
0.0241067214739807 3 2 3 2 3 1 3
0.0027067977392516 3 2 3 2 3 2 2
-0.0412876779377617 3 2 3 2 3 3 0
0.1325712771457559 3 2 3 2 3 3 1
-0.0369762561995899 3 2 3 2 3 3 3
0.0676209870433082 3 2 3 3 0 0 2
-0.153018432687456 3 2 3 3 0 1 2
0.0160745488710256 3 2 3 3 0 2 0
0.1620764667499287 3 2 3 3 0 2 1
-0.0536006982793317 3 2 3 3 0 2 3
-0.0046869903000937 3 2 3 3 0 3 2
-0.1697115880515813 3 2 3 3 1 0 2
-0.038824656537248 3 2 3 3 1 1 2
-0.0007215498841316 3 2 3 3 1 2 0
-0.1224560338768377 3 2 3 3 1 2 1
-0.0611761651049596 3 2 3 3 1 2 3
-0.1492514504636633 3 2 3 3 1 3 2
0.0194366665346632 3 2 3 3 2 0 0
-0.056043653939045 3 2 3 3 2 0 1
0.0601306033233481 3 2 3 3 2 0 3
-0.1941526395828903 3 2 3 3 2 1 0
-0.0614848777936932 3 2 3 3 2 1 1
-0.1434077906931573 3 2 3 3 2 1 3
0.1204146446873009 3 2 3 3 2 2 2
-0.0565545773072215 3 2 3 3 2 3 0
-0.0706888474601996 3 2 3 3 2 3 1
0.0971058285459582 3 2 3 3 2 3 3
0.0103218812655102 3 2 3 3 3 0 2
-0.1174225542238538 3 2 3 3 3 1 2
-0.1719595674753309 3 2 3 3 3 2 0
0.0319393112484667 3 2 3 3 3 2 1
0.1260467666410303 3 2 3 3 3 2 3
0.0773129014247666 3 2 3 3 3 3 2
0.1354260679969357 3 3 0 0 0 0 0
-0.0127188726822088 3 3 0 0 0 0 1
-0.0167852362464918 3 3 0 0 0 0 3
0.0553112485030905 3 3 0 0 0 1 0
0.141309603383774 3 3 0 0 0 1 1
-0.125641101796626 3 3 0 0 0 1 3
-0.0130409708493192 3 3 0 0 0 2 2
0.0622693669296141 3 3 0 0 0 3 0
-0.0659883629354905 3 3 0 0 0 3 1
0.1963304197771645 3 3 0 0 0 3 3
-0.0668610783457006 3 3 0 0 1 0 0
-0.0488789742960154 3 3 0 0 1 0 1
0.0378163580526235 3 3 0 0 1 0 3
0.1490496565440833 3 3 0 0 1 1 0
0.0280055257866693 3 3 0 0 1 1 1
0.1056238067283607 3 3 0 0 1 1 3
-0.0138038168419779 3 3 0 0 1 2 2
-0.0097556254413996 3 3 0 0 1 3 0
-0.0635844060138799 3 3 0 0 1 3 1
0.0902451420779424 3 3 0 0 1 3 3
-0.09713814844492 3 3 0 0 2 0 2
0.0208221231275479 3 3 0 0 2 1 2
0.0001963217447012 3 3 0 0 2 2 0
0.0001916220438475 3 3 0 0 2 2 1
-0.0309799522001928 3 3 0 0 2 2 3
-0.1210546533893916 3 3 0 0 2 3 2
0.0200591233357232 3 3 0 0 3 0 0
0.0259862851236955 3 3 0 0 3 0 1
-0.1328399179378844 3 3 0 0 3 0 3
-0.01312794140587 3 3 0 0 3 1 0
-0.063482174343472 3 3 0 0 3 1 1
-0.0040750063604772 3 3 0 0 3 1 3
-0.039801365952073 3 3 0 0 3 2 2
0.008123159291443 3 3 0 0 3 3 0
0.1371527944691148 3 3 0 0 3 3 1
-0.0162900545193989 3 3 0 0 3 3 3
0.0317355785627559 3 3 0 1 0 0 0
-0.1562421452639187 3 3 0 1 0 0 1
-0.0399952414603389 3 3 0 1 0 0 3
-0.0394845235381832 3 3 0 1 0 1 0
0.1595569217269503 3 3 0 1 0 1 1
-0.0202292173446543 3 3 0 1 0 1 3
-0.0002151186641613 3 3 0 1 0 2 2
-0.1158280493752362 3 3 0 1 0 3 0
-0.0588781271155807 3 3 0 1 0 3 1
0.0066294685757985 3 3 0 1 0 3 3
-0.0994594896630896 3 3 0 1 1 0 0
0.0413449254240132 3 3 0 1 1 0 1
-0.0144393882569839 3 3 0 1 1 0 3
-0.111211709197343 3 3 0 1 1 1 0
0.022947653400223 3 3 0 1 1 1 1
-0.0511016356642739 3 3 0 1 1 1 3
0.0264350867085754 3 3 0 1 1 2 2
0.054035160589001 3 3 0 1 1 3 0
0.0535270277184866 3 3 0 1 1 3 1
-0.0813764081458675 3 3 0 1 1 3 3
0.05802062951495 3 3 0 1 2 0 2
-0.0891228431643656 3 3 0 1 2 1 2
0.0487326453025448 3 3 0 1 2 2 0
0.0570350203707918 3 3 0 1 2 2 1
-0.0262065581124984 3 3 0 1 2 2 3
-0.0101137781830374 3 3 0 1 2 3 2
-0.0964287245979398 3 3 0 1 3 0 0
-0.135020040366951 3 3 0 1 3 0 1
0.2023127329684173 3 3 0 1 3 0 3
0.1011480832587918 3 3 0 1 3 1 0
0.1236320727018651 3 3 0 1 3 1 1
0.1348056050618867 3 3 0 1 3 1 3
-0.0099368335114551 3 3 0 1 3 2 2
0.0472334371656229 3 3 0 1 3 3 0
-0.0956589436790625 3 3 0 1 3 3 1
0.1591475068966721 3 3 0 1 3 3 3
0.0793902122804719 3 3 0 2 0 0 2
0.1516790986208614 3 3 0 2 0 1 2
-0.0646935883465344 3 3 0 2 0 2 0
0.0338271976723978 3 3 0 2 0 2 1
-0.0263996249658975 3 3 0 2 0 2 3
0.0680488047948865 3 3 0 2 0 3 2
-0.0292406169026278 3 3 0 2 1 0 2
-0.1559386478584943 3 3 0 2 1 1 2
-0.0068857341178504 3 3 0 2 1 2 0
-0.0603639177553552 3 3 0 2 1 2 1
0.0826882885254877 3 3 0 2 1 2 3
0.0335301448764564 3 3 0 2 1 3 2
0.0528795234530798 3 3 0 2 2 0 0
-0.1934378061339186 3 3 0 2 2 0 1
-0.0308090836957525 3 3 0 2 2 0 3
-0.0766585115089749 3 3 0 2 2 1 0
-0.0594683967200709 3 3 0 2 2 1 1
-0.1657571627462329 3 3 0 2 2 1 3
0.0339938073048589 3 3 0 2 2 2 2
0.1269967435229009 3 3 0 2 2 3 0
-0.0028726220946733 3 3 0 2 2 3 1
0.0093067239571378 3 3 0 2 2 3 3
-0.0185540113005265 3 3 0 2 3 0 2
-0.1242060155996472 3 3 0 2 3 1 2
-0.0488279484661019 3 3 0 2 3 2 0
-0.1237309573592231 3 3 0 2 3 2 1
-0.012992925714592 3 3 0 2 3 2 3
0.0506469623808287 3 3 0 2 3 3 2
-0.0321155955877606 3 3 0 3 0 0 0
-0.0736545312530749 3 3 0 3 0 0 1
0.035536549185739 3 3 0 3 0 0 3
-0.0418870620191061 3 3 0 3 0 1 0
0.0026299104889159 3 3 0 3 0 1 1
-0.0004410551830767 3 3 0 3 0 1 3
0.0451096184486433 3 3 0 3 0 2 2
0.0349649017011523 3 3 0 3 0 3 0
0.107266063125953 3 3 0 3 0 3 1
0.0411808202541475 3 3 0 3 0 3 3
-0.1391626790610803 3 3 0 3 1 0 0
0.001980901931264 3 3 0 3 1 0 1
0.0067426983137481 3 3 0 3 1 0 3
0.1966819777382433 3 3 0 3 1 1 0
0.0427575810733999 3 3 0 3 1 1 1
-0.1025554907758249 3 3 0 3 1 1 3
-0.1500007701997708 3 3 0 3 1 2 2
-0.0023885711003553 3 3 0 3 1 3 0
0.032176540776879 3 3 0 3 1 3 1
-0.2078156702563603 3 3 0 3 1 3 3
-0.065086782114515 3 3 0 3 2 0 2
0.1433132752444091 3 3 0 3 2 1 2
0.0381617090154197 3 3 0 3 2 2 0
0.0191811031014337 3 3 0 3 2 2 1
-0.1632303294157789 3 3 0 3 2 2 3
-0.0010075786469726 3 3 0 3 2 3 2
0.1042172106272469 3 3 0 3 3 0 0
0.0466443112943216 3 3 0 3 3 0 1
-0.0348199053722695 3 3 0 3 3 0 3
0.0513672358432502 3 3 0 3 3 1 0
-0.0406974062769516 3 3 0 3 3 1 1
-0.0078677826817582 3 3 0 3 3 1 3
0.0245736693391811 3 3 0 3 3 2 2
0.0744198717102753 3 3 0 3 3 3 0
-0.0425037399035801 3 3 0 3 3 3 1
0.0439227773111852 3 3 0 3 3 3 3
0.1690216146442136 3 3 1 0 0 0 0
-0.065886709853512 3 3 1 0 0 0 1
-0.0898907869409878 3 3 1 0 0 0 3
0.0352570323685392 3 3 1 0 0 1 0
0.0278416247737059 3 3 1 0 0 1 1
-0.0278131266520948 3 3 1 0 0 1 3
-0.0360698737997188 3 3 1 0 0 2 2
-0.1349988127229715 3 3 1 0 0 3 0
-0.0570600805506468 3 3 1 0 0 3 1
0.0560145155790112 3 3 1 0 0 3 3
-0.0273136410352407 3 3 1 0 1 0 0
-0.0161582281987848 3 3 1 0 1 0 1
0.1832426889503884 3 3 1 0 1 0 3
0.1133925357657647 3 3 1 0 1 1 0
0.2051545349482378 3 3 1 0 1 1 1
0.0292307644734365 3 3 1 0 1 1 3
0.008113560527557 3 3 1 0 1 2 2
0.0479097532270749 3 3 1 0 1 3 0
-0.002225598451012 3 3 1 0 1 3 1
-0.0631566417715805 3 3 1 0 1 3 3
0.0351445788385392 3 3 1 0 2 0 2
-0.0952019391833615 3 3 1 0 2 1 2
-0.0533531659461888 3 3 1 0 2 2 0
-0.004979170470099 3 3 1 0 2 2 1
-0.0539463988634276 3 3 1 0 2 2 3
-0.0090358065208621 3 3 1 0 2 3 2
0.2079094384008814 3 3 1 0 3 0 0
-0.1903067224734564 3 3 1 0 3 0 1
-0.1259560534896391 3 3 1 0 3 0 3
-0.0350284035236709 3 3 1 0 3 1 0
-0.0509422221861062 3 3 1 0 3 1 1
0.1950553586197732 3 3 1 0 3 1 3
0.0253392196995442 3 3 1 0 3 2 2
-0.0485247834444252 3 3 1 0 3 3 0
-0.0589341596762721 3 3 1 0 3 3 1
-0.0750256551754446 3 3 1 0 3 3 3
0.0529621458155158 3 3 1 1 0 0 0
0.0030819708723692 3 3 1 1 0 0 1
0.1183111477835079 3 3 1 1 0 0 3
0.0959191147131112 3 3 1 1 0 1 0
-0.0750764215506592 3 3 1 1 0 1 1
-0.0499275605657602 3 3 1 1 0 1 3
-0.0252379955187558 3 3 1 1 0 2 2
-0.0104064997660706 3 3 1 1 0 3 0
0.0727679918474302 3 3 1 1 0 3 1
-0.0901584124643331 3 3 1 1 0 3 3
0.127949403253548 3 3 1 1 1 0 0
-0.0102227629884216 3 3 1 1 1 0 1
0.0287173285177673 3 3 1 1 1 0 3
-0.1516611538934599 3 3 1 1 1 1 0
-0.0641732372121795 3 3 1 1 1 1 1
0.0398953563486006 3 3 1 1 1 1 3
-0.0708182363687345 3 3 1 1 1 2 2
-0.0493797214768983 3 3 1 1 1 3 0
0.0056962270746757 3 3 1 1 1 3 1
0.2042307661423137 3 3 1 1 1 3 3
-0.048807347385194 3 3 1 1 2 0 2
-0.0651022715828597 3 3 1 1 2 1 2
0.0138173090614805 3 3 1 1 2 2 0
-0.0884889068142751 3 3 1 1 2 2 1
0.1270606788953916 3 3 1 1 2 2 3
-0.0479030194444553 3 3 1 1 2 3 2
0.0356751898296614 3 3 1 1 3 0 0
-0.0569853449122477 3 3 1 1 3 0 1
-0.0227951840488899 3 3 1 1 3 0 3
0.044851630569929 3 3 1 1 3 1 0
-0.0526850872754431 3 3 1 1 3 1 1
0.0742421818311469 3 3 1 1 3 1 3
0.1965495414123187 3 3 1 1 3 2 2
-0.0280750101131488 3 3 1 1 3 3 0
-0.012941786637953 3 3 1 1 3 3 1
0.0671322109819562 3 3 1 1 3 3 3
-0.1126657591215992 3 3 1 2 0 0 2
0.0430331379897989 3 3 1 2 0 1 2
0.053754486373302 3 3 1 2 0 2 0
0.0099966375092835 3 3 1 2 0 2 1
-0.0836371084294455 3 3 1 2 0 2 3
-0.0377776845835103 3 3 1 2 0 3 2
0.0331166404485695 3 3 1 2 1 0 2
-0.0418311998881357 3 3 1 2 1 1 2
0.0322446909660371 3 3 1 2 1 2 0
-0.1555126571501474 3 3 1 2 1 2 1
-0.051438689013423 3 3 1 2 1 2 3
-0.1611481010813975 3 3 1 2 1 3 2
-0.0369091418147904 3 3 1 2 2 0 0
0.126943337101357 3 3 1 2 2 0 1
-0.1208535454619848 3 3 1 2 2 0 3
-0.2265084322366298 3 3 1 2 2 1 0
-0.1445357191816184 3 3 1 2 2 1 1
-0.0466707831690205 3 3 1 2 2 1 3
0.0695537064331125 3 3 1 2 2 2 2
0.0202248534219968 3 3 1 2 2 3 0
-0.0023882678041499 3 3 1 2 2 3 1
-0.0752898127398114 3 3 1 2 2 3 3
-0.0269750200766998 3 3 1 2 3 0 2
0.0387458910972267 3 3 1 2 3 1 2
0.0729704003184762 3 3 1 2 3 2 0
-0.1306488768473187 3 3 1 2 3 2 1
0.0220399548149457 3 3 1 2 3 2 3
0.046288069474412 3 3 1 2 3 3 2
-0.0374513069296513 3 3 1 3 0 0 0
-0.0338144144378488 3 3 1 3 0 0 1
-0.0053824587568955 3 3 1 3 0 0 3
-0.0771711766745988 3 3 1 3 0 1 0
0.0217030080846572 3 3 1 3 0 1 1
-0.0423798631431348 3 3 1 3 0 1 3
-0.0037733007666739 3 3 1 3 0 2 2
-0.154158328483479 3 3 1 3 0 3 0
-0.0826940682703649 3 3 1 3 0 3 1
0.0315782098274286 3 3 1 3 0 3 3
0.003380568890922 3 3 1 3 1 0 0
0.0609142830577944 3 3 1 3 1 0 1
0.0993996914265634 3 3 1 3 1 0 3
0.046815283176654 3 3 1 3 1 1 0
0.0434726895270554 3 3 1 3 1 1 1
0.0003112139072928 3 3 1 3 1 1 3
0.0435408133408177 3 3 1 3 1 2 2
0.025304777559501 3 3 1 3 1 3 0
0.1641967026187978 3 3 1 3 1 3 1
0.0684475092117015 3 3 1 3 1 3 3
-0.1414189125331244 3 3 1 3 2 0 2
0.135143026194649 3 3 1 3 2 1 2
-0.0561280760418167 3 3 1 3 2 2 0
-0.0890932232029682 3 3 1 3 2 2 1
0.0345724956721524 3 3 1 3 2 2 3
0.11531391983368 3 3 1 3 2 3 2
-0.0313303515094102 3 3 1 3 3 0 0
0.0086051456474951 3 3 1 3 3 0 1
-0.0907149903416201 3 3 1 3 3 0 3
-0.1178861574632029 3 3 1 3 3 1 0
0.0028889327581662 3 3 1 3 3 1 1
-0.0036257967742135 3 3 1 3 3 1 3
0.2017069008520025 3 3 1 3 3 2 2
0.0310747978935619 3 3 1 3 3 3 0
0.0896579713087337 3 3 1 3 3 3 1
0.0490194101240742 3 3 1 3 3 3 3
-0.1017610735541431 3 3 2 0 0 0 2
-0.0280357709307004 3 3 2 0 0 1 2
-0.1003412351591119 3 3 2 0 0 2 0
0.0489289183348463 3 3 2 0 0 2 1
0.0232743853397863 3 3 2 0 0 2 3
-0.0639571068137526 3 3 2 0 0 3 2
0.0117848027384304 3 3 2 0 1 0 2
-0.0802150787315693 3 3 2 0 1 1 2
0.0055682286434688 3 3 2 0 1 2 0
0.0857471426097398 3 3 2 0 1 2 1
-0.2126362782733464 3 3 2 0 1 2 3
-0.0590645715527323 3 3 2 0 1 3 2
-0.0729316220208925 3 3 2 0 2 0 0
0.040595922536628 3 3 2 0 2 0 1
-0.0819870149032425 3 3 2 0 2 0 3
0.1242942384048702 3 3 2 0 2 1 0
-0.0957034786094752 3 3 2 0 2 1 1
-0.1071883618025931 3 3 2 0 2 1 3
0.0064515046246605 3 3 2 0 2 2 2
-0.0146509257030242 3 3 2 0 2 3 0
0.0700223451185604 3 3 2 0 2 3 1
-0.03765368648552 3 3 2 0 2 3 3
0.0235245428349005 3 3 2 0 3 0 2
-0.0969121354106766 3 3 2 0 3 1 2
-0.0153178357351865 3 3 2 0 3 2 0
0.0406139095948936 3 3 2 0 3 2 1
-0.1148570461362022 3 3 2 0 3 2 3
-0.029563588483133 3 3 2 0 3 3 2
-0.0389605153094424 3 3 2 1 0 0 2
-0.1375919691642847 3 3 2 1 0 1 2
-0.0475312548718418 3 3 2 1 0 2 0
-0.1057365390513217 3 3 2 1 0 2 1
0.1111814577703282 3 3 2 1 0 2 3
-0.0117265744022519 3 3 2 1 0 3 2
-0.0295083281612056 3 3 2 1 1 0 2
-0.1533257395343346 3 3 2 1 1 1 2
-0.0070844703279591 3 3 2 1 1 2 0
0.0381088676995013 3 3 2 1 1 2 1
0.1119791272587327 3 3 2 1 1 2 3
0.0389393278450495 3 3 2 1 1 3 2
0.1225263785073726 3 3 2 1 2 0 0
-0.1396664711747337 3 3 2 1 2 0 1
0.0210022198111059 3 3 2 1 2 0 3
-0.0522758936809081 3 3 2 1 2 1 0
-0.1226980193221249 3 3 2 1 2 1 1
0.032641354510981 3 3 2 1 2 1 3
-0.1489450451439757 3 3 2 1 2 2 2
-0.0046468361590637 3 3 2 1 2 3 0
-0.0156184440559508 3 3 2 1 2 3 1
-0.1301369677641486 3 3 2 1 2 3 3
0.0010985215692143 3 3 2 1 3 0 2
-0.0531444357608942 3 3 2 1 3 1 2
-0.0457957736260773 3 3 2 1 3 2 0
0.0383226533034157 3 3 2 1 3 2 1
-0.0245852248121879 3 3 2 1 3 2 3
-0.0284499258502112 3 3 2 1 3 3 2
-0.1549050398877272 3 3 2 2 0 0 0
-0.0471238975039577 3 3 2 2 0 0 1
0.2020037787036279 3 3 2 2 0 0 3
0.0476958206515782 3 3 2 2 0 1 0
-0.0198986709995268 3 3 2 2 0 1 1
0.0335603763554063 3 3 2 2 0 1 3
0.0271808280811973 3 3 2 2 0 2 2
-0.010113378043308 3 3 2 2 0 3 0
0.0122319586420008 3 3 2 2 0 3 1
0.0844435599843848 3 3 2 2 0 3 3
0.0309665647197601 3 3 2 2 1 0 0
-0.0433375291798014 3 3 2 2 1 0 1
0.0003255940269288 3 3 2 2 1 0 3
0.0578750850636614 3 3 2 2 1 1 0
0.125915837114974 3 3 2 2 1 1 1
0.0626526169273185 3 3 2 2 1 1 3
-0.1617618413431328 3 3 2 2 1 2 2
0.0639657552513044 3 3 2 2 1 3 0
-0.0260554417158355 3 3 2 2 1 3 1
0.0912026999205718 3 3 2 2 1 3 3
-0.0402380379768409 3 3 2 2 2 0 2
0.1009505167312109 3 3 2 2 2 1 2
0.120750909430109 3 3 2 2 2 2 0
0.0983056685029047 3 3 2 2 2 2 1
-0.0404933368322496 3 3 2 2 2 2 3
-0.0104997291247973 3 3 2 2 2 3 2
-0.0204971454888955 3 3 2 2 3 0 0
-0.0641529290845172 3 3 2 2 3 0 1
0.012417516720832 3 3 2 2 3 0 3
-0.1976416166563064 3 3 2 2 3 1 0
-0.1674766090088668 3 3 2 2 3 1 1
0.1110130245518322 3 3 2 2 3 1 3
-0.0728336977750142 3 3 2 2 3 2 2
-0.1189655347112172 3 3 2 2 3 3 0
0.1245658391636599 3 3 2 2 3 3 1
-0.061138119119932 3 3 2 2 3 3 3
0.0803863329639442 3 3 2 3 0 0 2
0.2666718050455309 3 3 2 3 0 1 2
-0.0596214927397881 3 3 2 3 0 2 0
0.0488579648336109 3 3 2 3 0 2 1
-0.0083313510299622 3 3 2 3 0 2 3
0.0100506299307949 3 3 2 3 0 3 2
-0.0050494556514953 3 3 2 3 1 0 2
0.0056930212642586 3 3 2 3 1 1 2
0.0071215347565301 3 3 2 3 1 2 0
0.0456220417162067 3 3 2 3 1 2 1
0.053067422060321 3 3 2 3 1 2 3
0.0014003695721272 3 3 2 3 1 3 2
-0.1571233978060501 3 3 2 3 2 0 0
0.0340558348299424 3 3 2 3 2 0 1
-0.0382110145675561 3 3 2 3 2 0 3
0.0313900410292687 3 3 2 3 2 1 0
0.0211120516649968 3 3 2 3 2 1 1
0.0614877713170386 3 3 2 3 2 1 3
-0.1001667651686741 3 3 2 3 2 2 2
0.0524750941182319 3 3 2 3 2 3 0
0.0359786274651328 3 3 2 3 2 3 1
-0.0851097472066948 3 3 2 3 2 3 3
-0.1542707047147653 3 3 2 3 3 0 2
-0.1275236733401196 3 3 2 3 3 1 2
0.1633018927285393 3 3 2 3 3 2 0
0.0108872100739678 3 3 2 3 3 2 1
-0.0241408529913821 3 3 2 3 3 2 3
0.0541634438118588 3 3 2 3 3 3 2
0.0909792795662551 3 3 3 0 0 0 0
0.0112673171046338 3 3 3 0 0 0 1
-0.0165995247079244 3 3 3 0 0 0 3
0.0176891919117732 3 3 3 0 0 1 0
0.0134124247074128 3 3 3 0 0 1 1
0.1342915054703564 3 3 3 0 0 1 3
0.0630059409659606 3 3 3 0 0 2 2
-0.2400981344537675 3 3 3 0 0 3 0
0.2787477479355663 3 3 3 0 0 3 1
0.0775675161757551 3 3 3 0 0 3 3
-0.1590221009888201 3 3 3 0 1 0 0
-0.1203896509975242 3 3 3 0 1 0 1
-0.0024788528326343 3 3 3 0 1 0 3
-0.1113936966235189 3 3 3 0 1 1 0
-0.0471186638650436 3 3 3 0 1 1 1
-0.0126035068311709 3 3 3 0 1 1 3
-0.0505869465146401 3 3 3 0 1 2 2
0.1803989744480297 3 3 3 0 1 3 0
-0.0393247717320513 3 3 3 0 1 3 1
0.0489714393954732 3 3 3 0 1 3 3
-0.0272636859798223 3 3 3 0 2 0 2
-0.0047923525962323 3 3 3 0 2 1 2
0.0570045186823837 3 3 3 0 2 2 0
-0.0935734100317958 3 3 3 0 2 2 1
-0.0485886415556968 3 3 3 0 2 2 3
-0.0274649808521502 3 3 3 0 2 3 2
0.0085778899619874 3 3 3 0 3 0 0
-0.0041286479115651 3 3 3 0 3 0 1
0.1499549882921367 3 3 3 0 3 0 3
0.122257193126768 3 3 3 0 3 1 0
0.1729232394949439 3 3 3 0 3 1 1
0.1027003394886361 3 3 3 0 3 1 3
0.1568311969268809 3 3 3 0 3 2 2
0.0528044418381887 3 3 3 0 3 3 0
-0.0114124894397674 3 3 3 0 3 3 1
0.0393148542090785 3 3 3 0 3 3 3
0.2080507197083891 3 3 3 1 0 0 0
-0.110005906576438 3 3 3 1 0 0 1
-0.0874051790552716 3 3 3 1 0 0 3
0.1032669433974504 3 3 3 1 0 1 0
0.0345905797941421 3 3 3 1 0 1 1
0.1477250630027316 3 3 3 1 0 1 3
-0.0641903141423852 3 3 3 1 0 2 2
-0.0292032411867849 3 3 3 1 0 3 0
-0.0757404549594297 3 3 3 1 0 3 1
-0.0053569709021946 3 3 3 1 0 3 3
0.0713729975421935 3 3 3 1 1 0 0
-0.0346584498565832 3 3 3 1 1 0 1
0.0011062516750704 3 3 3 1 1 0 3
0.0627945633238496 3 3 3 1 1 1 0
0.0240916862040566 3 3 3 1 1 1 1
0.2771869908845684 3 3 3 1 1 1 3
-0.1334356665943199 3 3 3 1 1 2 2
0.1068136642660295 3 3 3 1 1 3 0
0.1158818068645377 3 3 3 1 1 3 1
-0.0333327392500299 3 3 3 1 1 3 3
-0.1425200060718974 3 3 3 1 2 0 2
0.0219529678269587 3 3 3 1 2 1 2
0.0025616989631511 3 3 3 1 2 2 0
-0.0376423387694447 3 3 3 1 2 2 1
0.1688486019700561 3 3 3 1 2 2 3
-0.166832493909474 3 3 3 1 2 3 2
-0.0500102370942176 3 3 3 1 3 0 0
-0.0361778820520193 3 3 3 1 3 0 1
0.0628937717644017 3 3 3 1 3 0 3
0.0873417953730953 3 3 3 1 3 1 0
0.0134500341854679 3 3 3 1 3 1 1
-0.0015467157138618 3 3 3 1 3 1 3
0.1978125417612607 3 3 3 1 3 2 2
-0.0188853695334674 3 3 3 1 3 3 0
0.0522476316296133 3 3 3 1 3 3 1
-0.1537713205824712 3 3 3 1 3 3 3
0.0719236399601878 3 3 3 2 0 0 2
-0.0199055564599046 3 3 3 2 0 1 2
0.0189161568823117 3 3 3 2 0 2 0
-0.0712401733106309 3 3 3 2 0 2 1
0.0875978514516719 3 3 3 2 0 2 3
-0.062220359304486 3 3 3 2 0 3 2
0.0003780039787831 3 3 3 2 1 0 2
-0.1216018864755147 3 3 3 2 1 1 2
-0.0285820070760645 3 3 3 2 1 2 0
-0.0184506021893361 3 3 3 2 1 2 1
0.0709455171169271 3 3 3 2 1 2 3
-0.1096664566279174 3 3 3 2 1 3 2
-0.0582502374452122 3 3 3 2 2 0 0
-0.0158273220462031 3 3 3 2 2 0 1
0.045011447213017 3 3 3 2 2 0 3
0.1073505246378679 3 3 3 2 2 1 0
0.053405286648841 3 3 3 2 2 1 1
-0.1814801670048102 3 3 3 2 2 1 3
0.0792071394312436 3 3 3 2 2 2 2
0.0655591095519741 3 3 3 2 2 3 0
0.0282713098503138 3 3 3 2 2 3 1
0.0538235709641785 3 3 3 2 2 3 3
0.0115932912555449 3 3 3 2 3 0 2
-0.0119697088959996 3 3 3 2 3 1 2
-0.0765326084547754 3 3 3 2 3 2 0
0.0364385107307528 3 3 3 2 3 2 1
0.1802628082178128 3 3 3 2 3 2 3
0.0207171425096228 3 3 3 2 3 3 2
-0.1091718187672988 3 3 3 3 0 0 0
0.1034960519430189 3 3 3 3 0 0 1
0.1198018748476771 3 3 3 3 0 0 3
-0.0275331120969453 3 3 3 3 0 1 0
-0.032235552655888 3 3 3 3 0 1 1
0.0033876320879656 3 3 3 3 0 1 3
-0.0033912254746297 3 3 3 3 0 2 2
0.1296109622802379 3 3 3 3 0 3 0
-0.0424131984433039 3 3 3 3 0 3 1
-0.0028792439601334 3 3 3 3 0 3 3
0.093054539412825 3 3 3 3 1 0 0
-0.1867039355498727 3 3 3 3 1 0 1
0.0515657711960721 3 3 3 3 1 0 3
0.0394546237511502 3 3 3 3 1 1 0
-0.070757741473328 3 3 3 3 1 1 1
-0.0371703345791396 3 3 3 3 1 1 3
-0.0591543749756498 3 3 3 3 1 2 2
0.0724742118111509 3 3 3 3 1 3 0
0.1423259450216 3 3 3 3 1 3 1
0.0148662021742208 3 3 3 3 1 3 3
0.1060229204429392 3 3 3 3 2 0 2
-0.0410977804121444 3 3 3 3 2 1 2
-0.0552939265722668 3 3 3 3 2 2 0
-0.0766035487270743 3 3 3 3 2 2 1
0.0702614070787381 3 3 3 3 2 2 3
0.0187784153700586 3 3 3 3 2 3 2
-0.022472899353031 3 3 3 3 3 0 0
-0.1185948003566182 3 3 3 3 3 0 1
0.016717815948726 3 3 3 3 3 0 3
0.0368889716334305 3 3 3 3 3 1 0
-0.0086724709412992 3 3 3 3 3 1 1
-0.0564609703039003 3 3 3 3 3 1 3
-0.0563702089320584 3 3 3 3 3 2 2
0.0858446547779385 3 3 3 3 3 3 0
-0.0357493791664514 3 3 3 3 3 3 1
-0.0929680259644429 3 3 3 3 3 3 3
