0.0001822500 0 0 0 0 0 0 0 0 
0.0000637500 0 0 0 0 0 0 0 2 
0.0001372500 0 0 0 0 0 0 1 1 
0.0001366250 0 0 0 0 0 0 1 2 
0.0001491250 0 0 0 0 0 0 2 0 
0.0000124375 0 0 0 0 0 0 2 1 
0.0001302500 0 0 0 0 0 0 2 3 
0.0000354375 0 0 0 0 0 0 3 0 
0.0000801250 0 0 0 0 0 0 3 3 
0.0002392500 0 0 0 0 0 1 0 1 
0.0002170625 0 0 0 0 0 1 0 3 
0.0001326250 0 0 0 0 0 1 1 0 
0.0001756250 0 0 0 0 0 1 2 0 
0.0001551875 0 0 0 0 0 1 2 2 
0.0002124375 0 0 0 0 0 1 2 3 
0.0001433750 0 0 0 0 0 1 3 0 
0.0002411875 0 0 0 0 0 1 3 1 
0.0000470000 0 0 0 0 0 2 0 0 
0.0001530000 0 0 0 0 0 2 0 1 
0.0000752500 0 0 0 0 0 2 0 3 
0.0002292500 0 0 0 0 0 2 1 0 
0.0002325000 0 0 0 0 0 2 1 1 
0.0002395000 0 0 0 0 0 2 2 0 
0.0002218750 0 0 0 0 0 2 2 2 
0.0000641250 0 0 0 0 0 2 2 3 
0.0000941875 0 0 0 0 0 2 3 0 
0.0000240000 0 0 0 0 0 2 3 1 
0.0002126875 0 0 0 0 0 2 3 2 
0.0001998125 0 0 0 0 0 3 0 2 
0.0001237500 0 0 0 0 0 3 0 3 
0.0001455000 0 0 0 0 0 3 1 0 
0.0001278750 0 0 0 0 0 3 1 1 
0.0000193750 0 0 0 0 0 3 1 2 
0.0000666250 0 0 0 0 0 3 1 3 
0.0000170000 0 0 0 0 0 3 2 3 
0.0000436250 0 0 0 0 0 3 3 0 
0.0000299375 0 0 0 0 0 3 3 1 
0.0001675000 0 0 0 0 0 3 3 2 
0.0000268125 0 0 0 0 1 0 0 0 
0.0002136875 0 0 0 0 1 0 0 2 
0.0001088125 0 0 0 0 1 0 1 0 
0.0002010625 0 0 0 0 1 0 1 1 
0.0002342500 0 0 0 0 1 0 1 2 
0.0001093125 0 0 0 0 1 0 1 3 
0.0000835000 0 0 0 0 1 0 2 0 
0.0001650625 0 0 0 0 1 0 2 3 
0.0000026250 0 0 0 0 1 0 3 0 
0.0001411875 0 0 0 0 1 0 3 2 
0.0000513125 0 0 0 0 1 1 0 1 
0.0000704375 0 0 0 0 1 1 1 0 
0.0000566250 0 0 0 0 1 1 1 3 
0.0001141250 0 0 0 0 1 1 2 1 
0.0000338125 0 0 0 0 1 1 2 2 
0.0001235000 0 0 0 0 1 1 2 3 
0.0002101250 0 0 0 0 1 1 3 1 
0.0001753750 0 0 0 0 1 1 3 3 
0.0000661250 0 0 0 0 1 2 0 1 
0.0000105625 0 0 0 0 1 2 0 3 
0.0002182500 0 0 0 0 1 2 1 0 
0.0000841250 0 0 0 0 1 2 2 2 
0.0001998750 0 0 0 0 1 2 3 0 
0.0001639375 0 0 0 0 1 2 3 1 
0.0000688750 0 0 0 0 1 2 3 2 
0.0000426250 0 0 0 0 1 3 0 0 
0.0001494375 0 0 0 0 1 3 0 2 
0.0001655625 0 0 0 0 1 3 1 0 
0.0000475625 0 0 0 0 1 3 1 2 
0.0002290625 0 0 0 0 1 3 1 3 
0.0000754375 0 0 0 0 1 3 2 2 
0.0001346875 0 0 0 0 1 3 3 3 
0.0001794375 0 0 0 0 2 0 1 0 
0.0000801875 0 0 0 0 2 0 1 1 
0.0002233750 0 0 0 0 2 0 1 2 
0.0000976250 0 0 0 0 2 0 2 3 
0.0000321875 0 0 0 0 2 0 3 0 
0.0002176250 0 0 0 0 2 0 3 1 
0.0000210625 0 0 0 0 2 0 3 2 
0.0000443125 0 0 0 0 2 1 0 1 
0.0002308750 0 0 0 0 2 1 1 1 
0.0001531875 0 0 0 0 2 1 1 2 
0.0001933750 0 0 0 0 2 1 2 0 
0.0000089375 0 0 0 0 2 1 2 1 
0.0000806250 0 0 0 0 2 1 2 2 
0.0001423750 0 0 0 0 2 1 3 1 
0.0001385000 0 0 0 0 2 1 3 2 
0.0001401875 0 0 0 0 2 2 0 3 
0.0002200000 0 0 0 0 2 2 1 1 
0.0001890000 0 0 0 0 2 2 1 2 
0.0001483750 0 0 0 0 2 2 2 0 
0.0002360625 0 0 0 0 2 2 2 1 
0.0001423125 0 0 0 0 2 2 2 3 
0.0002295625 0 0 0 0 2 3 0 1 
0.0001250000 0 0 0 0 2 3 0 2 
0.0001830000 0 0 0 0 2 3 0 3 
0.0002042500 0 0 0 0 2 3 1 3 
0.0000548750 0 0 0 0 2 3 3 2 
0.0001999375 0 0 0 0 2 3 3 3 
0.0001332500 0 0 0 0 3 0 0 0 
0.0002014375 0 0 0 0 3 0 0 1 
0.0000135000 0 0 0 0 3 0 0 3 
0.0000634375 0 0 0 0 3 0 2 2 
0.0001862500 0 0 0 0 3 0 3 2 
0.0001574375 0 0 0 0 3 0 3 3 
0.0000151875 0 0 0 0 3 1 0 1 
0.0000730000 0 0 0 0 3 1 0 2 
0.0000358750 0 0 0 0 3 1 1 3 
0.0001466875 0 0 0 0 3 1 2 0 
0.0000059375 0 0 0 0 3 1 2 2 
0.0002018125 0 0 0 0 3 1 2 3 
0.0000438125 0 0 0 0 3 1 3 0 
0.0001128125 0 0 0 0 3 1 3 1 
0.0000781875 0 0 0 0 3 1 3 2 
0.0002048750 0 0 0 0 3 1 3 3 
0.0001008750 0 0 0 0 3 2 0 2 
0.0001768750 0 0 0 0 3 2 0 3 
0.0001111875 0 0 0 0 3 2 1 0 
0.0001899375 0 0 0 0 3 2 1 3 
0.0000756250 0 0 0 0 3 2 2 0 
0.0001676875 0 0 0 0 3 2 3 2 
0.0001705000 0 0 0 0 3 3 1 3 
0.0000650625 0 0 0 0 3 3 2 2 
0.0001128750 0 0 0 0 3 3 3 2 
0.0001822500 0 0 0 1 0 0 0 1 
0.0001372500 0 0 0 1 0 0 1 0 
0.0000124375 0 0 0 1 0 0 2 0 
0.0001491250 0 0 0 1 0 0 2 1 
0.0000354375 0 0 0 1 0 0 3 1 
0.0002392500 0 0 0 1 0 1 0 0 
0.0001326250 0 0 0 1 0 1 1 1 
0.0001756250 0 0 0 1 0 1 2 1 
0.0002411875 0 0 0 1 0 1 3 0 
0.0001433750 0 0 0 1 0 1 3 1 
0.0001530000 0 0 0 1 0 2 0 0 
0.0000470000 0 0 0 1 0 2 0 1 
0.0002325000 0 0 0 1 0 2 1 0 
0.0002292500 0 0 0 1 0 2 1 1 
0.0002395000 0 0 0 1 0 2 2 1 
0.0000240000 0 0 0 1 0 2 3 0 
0.0000941875 0 0 0 1 0 2 3 1 
0.0001278750 0 0 0 1 0 3 1 0 
0.0001455000 0 0 0 1 0 3 1 1 
0.0000299375 0 0 0 1 0 3 3 0 
0.0000436250 0 0 0 1 0 3 3 1 
0.0000268125 0 0 0 1 1 0 0 1 
0.0002010625 0 0 0 1 1 0 1 0 
0.0001088125 0 0 0 1 1 0 1 1 
0.0000835000 0 0 0 1 1 0 2 1 
0.0000026250 0 0 0 1 1 0 3 1 
0.0000513125 0 0 0 1 1 1 0 0 
0.0000704375 0 0 0 1 1 1 1 1 
0.0001141250 0 0 0 1 1 1 2 0 
0.0002101250 0 0 0 1 1 1 3 0 
0.0000661250 0 0 0 1 1 2 0 0 
0.0002182500 0 0 0 1 1 2 1 1 
0.0001639375 0 0 0 1 1 2 3 0 
0.0001998750 0 0 0 1 1 2 3 1 
0.0000426250 0 0 0 1 1 3 0 1 
0.0001655625 0 0 0 1 1 3 1 1 
0.0000801875 0 0 0 1 2 0 1 0 
0.0001794375 0 0 0 1 2 0 1 1 
0.0002176250 0 0 0 1 2 0 3 0 
0.0000321875 0 0 0 1 2 0 3 1 
0.0000443125 0 0 0 1 2 1 0 0 
0.0002308750 0 0 0 1 2 1 1 0 
0.0000089375 0 0 0 1 2 1 2 0 
0.0001933750 0 0 0 1 2 1 2 1 
0.0001423750 0 0 0 1 2 1 3 0 
0.0002200000 0 0 0 1 2 2 1 0 
0.0002360625 0 0 0 1 2 2 2 0 
0.0001483750 0 0 0 1 2 2 2 1 
0.0002295625 0 0 0 1 2 3 0 0 
0.0002014375 0 0 0 1 3 0 0 0 
0.0001332500 0 0 0 1 3 0 0 1 
0.0000151875 0 0 0 1 3 1 0 0 
0.0001466875 0 0 0 1 3 1 2 1 
0.0001128125 0 0 0 1 3 1 3 0 
0.0000438125 0 0 0 1 3 1 3 1 
0.0001111875 0 0 0 1 3 2 1 1 
0.0000756250 0 0 0 1 3 2 2 1 
0.0000637500 0 0 0 2 0 0 0 0 
0.0001822500 0 0 0 2 0 0 0 2 
0.0001366250 0 0 0 2 0 0 1 0 
0.0001491250 0 0 0 2 0 0 2 2 
0.0000354375 0 0 0 2 0 0 3 2 
0.0001326250 0 0 0 2 0 1 1 2 
0.0001551875 0 0 0 2 0 1 2 0 
0.0001756250 0 0 0 2 0 1 2 2 
0.0001433750 0 0 0 2 0 1 3 2 
0.0000470000 0 0 0 2 0 2 0 2 
0.0002292500 0 0 0 2 0 2 1 2 
0.0002218750 0 0 0 2 0 2 2 0 
0.0002395000 0 0 0 2 0 2 2 2 
0.0002126875 0 0 0 2 0 2 3 0 
0.0000941875 0 0 0 2 0 2 3 2 
0.0001998125 0 0 0 2 0 3 0 0 
0.0000193750 0 0 0 2 0 3 1 0 
0.0001455000 0 0 0 2 0 3 1 2 
0.0001675000 0 0 0 2 0 3 3 0 
0.0000436250 0 0 0 2 0 3 3 2 
0.0002136875 0 0 0 2 1 0 0 0 
0.0000268125 0 0 0 2 1 0 0 2 
0.0002342500 0 0 0 2 1 0 1 0 
0.0001088125 0 0 0 2 1 0 1 2 
0.0000835000 0 0 0 2 1 0 2 2 
0.0001411875 0 0 0 2 1 0 3 0 
0.0000026250 0 0 0 2 1 0 3 2 
0.0000704375 0 0 0 2 1 1 1 2 
0.0000338125 0 0 0 2 1 1 2 0 
0.0002182500 0 0 0 2 1 2 1 2 
0.0000841250 0 0 0 2 1 2 2 0 
0.0000688750 0 0 0 2 1 2 3 0 
0.0001998750 0 0 0 2 1 2 3 2 
0.0001494375 0 0 0 2 1 3 0 0 
0.0000426250 0 0 0 2 1 3 0 2 
0.0000475625 0 0 0 2 1 3 1 0 
0.0001655625 0 0 0 2 1 3 1 2 
0.0000754375 0 0 0 2 1 3 2 0 
0.0002233750 0 0 0 2 2 0 1 0 
0.0001794375 0 0 0 2 2 0 1 2 
0.0000210625 0 0 0 2 2 0 3 0 
0.0000321875 0 0 0 2 2 0 3 2 
0.0001531875 0 0 0 2 2 1 1 0 
0.0000806250 0 0 0 2 2 1 2 0 
0.0001933750 0 0 0 2 2 1 2 2 
0.0001385000 0 0 0 2 2 1 3 0 
0.0001890000 0 0 0 2 2 2 1 0 
0.0001483750 0 0 0 2 2 2 2 2 
0.0001250000 0 0 0 2 2 3 0 0 
0.0000548750 0 0 0 2 2 3 3 0 
0.0001332500 0 0 0 2 3 0 0 2 
0.0000634375 0 0 0 2 3 0 2 0 
0.0001862500 0 0 0 2 3 0 3 0 
0.0000730000 0 0 0 2 3 1 0 0 
0.0000059375 0 0 0 2 3 1 2 0 
0.0001466875 0 0 0 2 3 1 2 2 
0.0000781875 0 0 0 2 3 1 3 0 
0.0000438125 0 0 0 2 3 1 3 2 
0.0001008750 0 0 0 2 3 2 0 0 
0.0001111875 0 0 0 2 3 2 1 2 
0.0000756250 0 0 0 2 3 2 2 2 
0.0001676875 0 0 0 2 3 2 3 0 
0.0000650625 0 0 0 2 3 3 2 0 
0.0001128750 0 0 0 2 3 3 3 0 
0.0001822500 0 0 0 3 0 0 0 3 
0.0001302500 0 0 0 3 0 0 2 0 
0.0001491250 0 0 0 3 0 0 2 3 
0.0000801250 0 0 0 3 0 0 3 0 
0.0000354375 0 0 0 3 0 0 3 3 
0.0002170625 0 0 0 3 0 1 0 0 
0.0001326250 0 0 0 3 0 1 1 3 
0.0002124375 0 0 0 3 0 1 2 0 
0.0001756250 0 0 0 3 0 1 2 3 
0.0001433750 0 0 0 3 0 1 3 3 
0.0000752500 0 0 0 3 0 2 0 0 
0.0000470000 0 0 0 3 0 2 0 3 
0.0002292500 0 0 0 3 0 2 1 3 
0.0000641250 0 0 0 3 0 2 2 0 
0.0002395000 0 0 0 3 0 2 2 3 
0.0000941875 0 0 0 3 0 2 3 3 
0.0001237500 0 0 0 3 0 3 0 0 
0.0000666250 0 0 0 3 0 3 1 0 
0.0001455000 0 0 0 3 0 3 1 3 
0.0000170000 0 0 0 3 0 3 2 0 
0.0000436250 0 0 0 3 0 3 3 3 
0.0000268125 0 0 0 3 1 0 0 3 
0.0001093125 0 0 0 3 1 0 1 0 
0.0001088125 0 0 0 3 1 0 1 3 
0.0001650625 0 0 0 3 1 0 2 0 
0.0000835000 0 0 0 3 1 0 2 3 
0.0000026250 0 0 0 3 1 0 3 3 
0.0000566250 0 0 0 3 1 1 1 0 
0.0000704375 0 0 0 3 1 1 1 3 
0.0001235000 0 0 0 3 1 1 2 0 
0.0001753750 0 0 0 3 1 1 3 0 
0.0000105625 0 0 0 3 1 2 0 0 
0.0002182500 0 0 0 3 1 2 1 3 
0.0001998750 0 0 0 3 1 2 3 3 
0.0000426250 0 0 0 3 1 3 0 3 
0.0002290625 0 0 0 3 1 3 1 0 
0.0001655625 0 0 0 3 1 3 1 3 
0.0001346875 0 0 0 3 1 3 3 0 
0.0001794375 0 0 0 3 2 0 1 3 
0.0000976250 0 0 0 3 2 0 2 0 
0.0000321875 0 0 0 3 2 0 3 3 
0.0001933750 0 0 0 3 2 1 2 3 
0.0001401875 0 0 0 3 2 2 0 0 
0.0001423125 0 0 0 3 2 2 2 0 
0.0001483750 0 0 0 3 2 2 2 3 
0.0001830000 0 0 0 3 2 3 0 0 
0.0002042500 0 0 0 3 2 3 1 0 
0.0001999375 0 0 0 3 2 3 3 0 
0.0000135000 0 0 0 3 3 0 0 0 
0.0001332500 0 0 0 3 3 0 0 3 
0.0001574375 0 0 0 3 3 0 3 0 
0.0000358750 0 0 0 3 3 1 1 0 
0.0002018125 0 0 0 3 3 1 2 0 
0.0001466875 0 0 0 3 3 1 2 3 
0.0002048750 0 0 0 3 3 1 3 0 
0.0000438125 0 0 0 3 3 1 3 3 
0.0001768750 0 0 0 3 3 2 0 0 
0.0001899375 0 0 0 3 3 2 1 0 
0.0001111875 0 0 0 3 3 2 1 3 
0.0000756250 0 0 0 3 3 2 2 3 
0.0001705000 0 0 0 3 3 3 1 0 
0.0001372500 0 0 1 0 0 0 0 1 
0.0001366250 0 0 1 0 0 0 0 2 
0.0001822500 0 0 1 0 0 0 1 0 
0.0000637500 0 0 1 0 0 0 1 2 
0.0001326250 0 0 1 0 0 1 0 0 
0.0002392500 0 0 1 0 0 1 1 1 
0.0002170625 0 0 1 0 0 1 1 3 
0.0002292500 0 0 1 0 0 2 0 0 
0.0002325000 0 0 1 0 0 2 0 1 
0.0000470000 0 0 1 0 0 2 1 0 
0.0001530000 0 0 1 0 0 2 1 1 
0.0000752500 0 0 1 0 0 2 1 3 
0.0001455000 0 0 1 0 0 3 0 0 
0.0001278750 0 0 1 0 0 3 0 1 
0.0000193750 0 0 1 0 0 3 0 2 
0.0000666250 0 0 1 0 0 3 0 3 
0.0001998125 0 0 1 0 0 3 1 2 
0.0001237500 0 0 1 0 0 3 1 3 
0.0001088125 0 0 1 0 1 0 0 0 
0.0002010625 0 0 1 0 1 0 0 1 
0.0002342500 0 0 1 0 1 0 0 2 
0.0001093125 0 0 1 0 1 0 0 3 
0.0000268125 0 0 1 0 1 0 1 0 
0.0002136875 0 0 1 0 1 0 1 2 
0.0000704375 0 0 1 0 1 1 0 0 
0.0000566250 0 0 1 0 1 1 0 3 
0.0000513125 0 0 1 0 1 1 1 1 
0.0002182500 0 0 1 0 1 2 0 0 
0.0000661250 0 0 1 0 1 2 1 1 
0.0000105625 0 0 1 0 1 2 1 3 
0.0001655625 0 0 1 0 1 3 0 0 
0.0000475625 0 0 1 0 1 3 0 2 
0.0002290625 0 0 1 0 1 3 0 3 
0.0000426250 0 0 1 0 1 3 1 0 
0.0001494375 0 0 1 0 1 3 1 2 
0.0001794375 0 0 1 0 2 0 0 0 
0.0000801875 0 0 1 0 2 0 0 1 
0.0002233750 0 0 1 0 2 0 0 2 
0.0002308750 0 0 1 0 2 1 0 1 
0.0001531875 0 0 1 0 2 1 0 2 
0.0000443125 0 0 1 0 2 1 1 1 
0.0002200000 0 0 1 0 2 2 0 1 
0.0001890000 0 0 1 0 2 2 0 2 
0.0001401875 0 0 1 0 2 2 1 3 
0.0002042500 0 0 1 0 2 3 0 3 
0.0002295625 0 0 1 0 2 3 1 1 
0.0001250000 0 0 1 0 2 3 1 2 
0.0001830000 0 0 1 0 2 3 1 3 
0.0001332500 0 0 1 0 3 0 1 0 
0.0002014375 0 0 1 0 3 0 1 1 
0.0000135000 0 0 1 0 3 0 1 3 
0.0000358750 0 0 1 0 3 1 0 3 
0.0000151875 0 0 1 0 3 1 1 1 
0.0000730000 0 0 1 0 3 1 1 2 
0.0001111875 0 0 1 0 3 2 0 0 
0.0001899375 0 0 1 0 3 2 0 3 
0.0001008750 0 0 1 0 3 2 1 2 
0.0001768750 0 0 1 0 3 2 1 3 
0.0001705000 0 0 1 0 3 3 0 3 
0.0001372500 0 0 1 1 0 0 0 0 
0.0001822500 0 0 1 1 0 0 1 1 
0.0001302500 0 0 1 1 0 0 3 2 
0.0000955000 0 0 1 1 0 0 3 3 
0.0001326250 0 0 1 1 0 1 0 1 
0.0002392500 0 0 1 1 0 1 1 0 
0.0000308125 0 0 1 1 0 1 2 2 
0.0002124375 0 0 1 1 0 1 3 2 
0.0002325000 0 0 1 1 0 2 0 0 
0.0002292500 0 0 1 1 0 2 0 1 
0.0001530000 0 0 1 1 0 2 1 0 
0.0000470000 0 0 1 1 0 2 1 1 
0.0000911250 0 0 1 1 0 2 2 2 
0.0002126875 0 0 1 1 0 2 2 3 
0.0000641250 0 0 1 1 0 2 3 2 
0.0001278750 0 0 1 1 0 3 0 0 
0.0001455000 0 0 1 1 0 3 0 1 
0.0000733750 0 0 1 1 0 3 2 2 
0.0001675000 0 0 1 1 0 3 2 3 
0.0000170000 0 0 1 1 0 3 3 2 
0.0001168125 0 0 1 1 0 3 3 3 
0.0002010625 0 0 1 1 1 0 0 0 
0.0001088125 0 0 1 1 1 0 0 1 
0.0000268125 0 0 1 1 1 0 1 1 
0.0000718750 0 0 1 1 1 0 2 2 
0.0001411875 0 0 1 1 1 0 2 3 
0.0001650625 0 0 1 1 1 0 3 2 
0.0001898750 0 0 1 1 1 0 3 3 
0.0000704375 0 0 1 1 1 1 0 1 
0.0000513125 0 0 1 1 1 1 1 0 
0.0001235000 0 0 1 1 1 1 3 2 
0.0002182500 0 0 1 1 1 2 0 1 
0.0000661250 0 0 1 1 1 2 1 0 
0.0001855000 0 0 1 1 1 2 2 2 
0.0000688750 0 0 1 1 1 2 2 3 
0.0001655625 0 0 1 1 1 3 0 1 
0.0000426250 0 0 1 1 1 3 1 1 
0.0000801875 0 0 1 1 2 0 0 0 
0.0001794375 0 0 1 1 2 0 0 1 
0.0002394375 0 0 1 1 2 0 2 2 
0.0000210625 0 0 1 1 2 0 2 3 
0.0000976250 0 0 1 1 2 0 3 2 
0.0001772500 0 0 1 1 2 0 3 3 
0.0002308750 0 0 1 1 2 1 0 0 
0.0000443125 0 0 1 1 2 1 1 0 
0.0000656250 0 0 1 1 2 1 2 2 
0.0001385000 0 0 1 1 2 1 2 3 
0.0002200000 0 0 1 1 2 2 0 0 
0.0002154375 0 0 1 1 2 2 2 2 
0.0001423125 0 0 1 1 2 2 3 2 
0.0000538125 0 0 1 1 2 2 3 3 
0.0002295625 0 0 1 1 2 3 1 0 
0.0000548750 0 0 1 1 2 3 2 3 
0.0001271875 0 0 1 1 2 3 3 3 
0.0002014375 0 0 1 1 3 0 1 0 
0.0001332500 0 0 1 1 3 0 1 1 
0.0001862500 0 0 1 1 3 0 2 3 
0.0000151875 0 0 1 1 3 1 1 0 
0.0000781875 0 0 1 1 3 1 2 3 
0.0002018125 0 0 1 1 3 1 3 2 
0.0001111875 0 0 1 1 3 2 0 1 
0.0001209375 0 0 1 1 3 2 2 2 
0.0001676875 0 0 1 1 3 2 2 3 
0.0001877500 0 0 1 1 3 2 3 3 
0.0000728125 0 0 1 1 3 3 2 2 
0.0001128750 0 0 1 1 3 3 2 3 
0.0001366250 0 0 1 2 0 0 0 0 
0.0000637500 0 0 1 2 0 0 1 0 
0.0001822500 0 0 1 2 0 0 1 2 
0.0000801250 0 0 1 2 0 0 2 1 
0.0000194375 0 0 1 2 0 0 2 3 
0.0000124375 0 0 1 2 0 0 3 3 
0.0001326250 0 0 1 2 0 1 0 2 
0.0002292500 0 0 1 2 0 2 0 2 
0.0000470000 0 0 1 2 0 2 1 2 
0.0000193750 0 0 1 2 0 3 0 0 
0.0001455000 0 0 1 2 0 3 0 2 
0.0001998125 0 0 1 2 0 3 1 0 
0.0002342500 0 0 1 2 1 0 0 0 
0.0001088125 0 0 1 2 1 0 0 2 
0.0002136875 0 0 1 2 1 0 1 0 
0.0000268125 0 0 1 2 1 0 1 2 
0.0000171250 0 0 1 2 1 0 2 3 
0.0000704375 0 0 1 2 1 1 0 2 
0.0001753750 0 0 1 2 1 1 2 1 
0.0001141250 0 0 1 2 1 1 3 3 
0.0002182500 0 0 1 2 1 2 0 2 
0.0002188750 0 0 1 2 1 2 3 1 
0.0000475625 0 0 1 2 1 3 0 0 
0.0001655625 0 0 1 2 1 3 0 2 
0.0001494375 0 0 1 2 1 3 1 0 
0.0000426250 0 0 1 2 1 3 1 2 
0.0001346875 0 0 1 2 1 3 2 1 
0.0000020000 0 0 1 2 1 3 2 3 
0.0002105000 0 0 1 2 1 3 3 1 
0.0002233750 0 0 1 2 2 0 0 0 
0.0001794375 0 0 1 2 2 0 0 2 
0.0001531875 0 0 1 2 2 1 0 0 
0.0001729375 0 0 1 2 2 1 3 1 
0.0000089375 0 0 1 2 2 1 3 3 
0.0001890000 0 0 1 2 2 2 0 0 
0.0000014375 0 0 1 2 2 2 2 3 
0.0002360625 0 0 1 2 2 2 3 3 
0.0001250000 0 0 1 2 2 3 1 0 
0.0001999375 0 0 1 2 2 3 2 1 
0.0001363125 0 0 1 2 2 3 2 3 
0.0002287500 0 0 1 2 2 3 3 1 
0.0001332500 0 0 1 2 3 0 1 2 
0.0001574375 0 0 1 2 3 0 2 1 
0.0002147500 0 0 1 2 3 0 2 3 
0.0000458750 0 0 1 2 3 0 3 1 
0.0000730000 0 0 1 2 3 1 1 0 
0.0002048750 0 0 1 2 3 1 2 1 
0.0001111875 0 0 1 2 3 2 0 2 
0.0001008750 0 0 1 2 3 2 1 0 
0.0001919375 0 0 1 2 3 2 2 3 
0.0001208750 0 0 1 2 3 2 3 1 
0.0000257500 0 0 1 2 3 3 2 3 
0.0001140000 0 0 1 2 3 3 3 1 
0.0001822500 0 0 1 3 0 0 1 3 
0.0001520625 0 0 1 3 0 0 2 1 
0.0001326250 0 0 1 3 0 1 0 3 
0.0002170625 0 0 1 3 0 1 1 0 
0.0000563125 0 0 1 3 0 1 2 1 
0.0002411875 0 0 1 3 0 1 2 2 
0.0001551875 0 0 1 3 0 1 3 1 
0.0000828125 0 0 1 3 0 1 3 2 
0.0002292500 0 0 1 3 0 2 0 3 
0.0000752500 0 0 1 3 0 2 1 0 
0.0000470000 0 0 1 3 0 2 1 3 
0.0000240000 0 0 1 3 0 2 2 2 
0.0002218750 0 0 1 3 0 2 3 1 
0.0000193750 0 0 1 3 0 2 3 2 
0.0000666250 0 0 1 3 0 3 0 0 
0.0001455000 0 0 1 3 0 3 0 3 
0.0001237500 0 0 1 3 0 3 1 0 
0.0000299375 0 0 1 3 0 3 2 2 
0.0001177500 0 0 1 3 0 3 3 2 
0.0001093125 0 0 1 3 1 0 0 0 
0.0001088125 0 0 1 3 1 0 0 3 
0.0000268125 0 0 1 3 1 0 1 3 
0.0002349375 0 0 1 3 1 0 3 2 
0.0000566250 0 0 1 3 1 1 0 0 
0.0000704375 0 0 1 3 1 1 0 3 
0.0000420000 0 0 1 3 1 1 2 1 
0.0002101250 0 0 1 3 1 1 2 2 
0.0000338125 0 0 1 3 1 1 3 1 
0.0002182500 0 0 1 3 1 2 0 3 
0.0000105625 0 0 1 3 1 2 1 0 
0.0001639375 0 0 1 3 1 2 2 2 
0.0000841250 0 0 1 3 1 2 3 1 
0.0001109375 0 0 1 3 1 2 3 2 
0.0002290625 0 0 1 3 1 3 0 0 
0.0001655625 0 0 1 3 1 3 0 3 
0.0000426250 0 0 1 3 1 3 1 3 
0.0000415000 0 0 1 3 1 3 2 1 
0.0000754375 0 0 1 3 1 3 3 1 
0.0001510625 0 0 1 3 1 3 3 2 
0.0001794375 0 0 1 3 2 0 0 3 
0.0002176250 0 0 1 3 2 0 2 2 
0.0000035000 0 0 1 3 2 0 3 2 
0.0001423750 0 0 1 3 2 1 2 2 
0.0000806250 0 0 1 3 2 1 3 1 
0.0001401875 0 0 1 3 2 2 1 0 
0.0001878125 0 0 1 3 2 2 2 1 
0.0002042500 0 0 1 3 2 3 0 0 
0.0001830000 0 0 1 3 2 3 1 0 
0.0001405625 0 0 1 3 2 3 3 2 
0.0000135000 0 0 1 3 3 0 1 0 
0.0001332500 0 0 1 3 3 0 1 3 
0.0000634375 0 0 1 3 3 0 3 1 
0.0002384375 0 0 1 3 3 0 3 2 
0.0000358750 0 0 1 3 3 1 0 0 
0.0001128125 0 0 1 3 3 1 2 2 
0.0000059375 0 0 1 3 3 1 3 1 
0.0001956250 0 0 1 3 3 1 3 2 
0.0001899375 0 0 1 3 3 2 0 0 
0.0001111875 0 0 1 3 3 2 0 3 
0.0001768750 0 0 1 3 3 2 1 0 
0.0000316875 0 0 1 3 3 2 3 2 
0.0001705000 0 0 1 3 3 3 0 0 
0.0000650625 0 0 1 3 3 3 3 1 
0.0001678750 0 0 1 3 3 3 3 2 
0.0001491250 0 0 2 0 0 0 0 0 
0.0000124375 0 0 2 0 0 0 0 1 
0.0001302500 0 0 2 0 0 0 0 3 
0.0001822500 0 0 2 0 0 0 2 0 
0.0000637500 0 0 2 0 0 0 2 2 
0.0001756250 0 0 2 0 0 1 0 0 
0.0001551875 0 0 2 0 0 1 0 2 
0.0002124375 0 0 2 0 0 1 0 3 
0.0002392500 0 0 2 0 0 1 2 1 
0.0002170625 0 0 2 0 0 1 2 3 
0.0002395000 0 0 2 0 0 2 0 0 
0.0002218750 0 0 2 0 0 2 0 2 
0.0000641250 0 0 2 0 0 2 0 3 
0.0000470000 0 0 2 0 0 2 2 0 
0.0001530000 0 0 2 0 0 2 2 1 
0.0000752500 0 0 2 0 0 2 2 3 
0.0000170000 0 0 2 0 0 3 0 3 
0.0001998125 0 0 2 0 0 3 2 2 
0.0001237500 0 0 2 0 0 3 2 3 
0.0000835000 0 0 2 0 1 0 0 0 
0.0001650625 0 0 2 0 1 0 0 3 
0.0000268125 0 0 2 0 1 0 2 0 
0.0002136875 0 0 2 0 1 0 2 2 
0.0001141250 0 0 2 0 1 1 0 1 
0.0000338125 0 0 2 0 1 1 0 2 
0.0001235000 0 0 2 0 1 1 0 3 
0.0000513125 0 0 2 0 1 1 2 1 
0.0000841250 0 0 2 0 1 2 0 2 
0.0000661250 0 0 2 0 1 2 2 1 
0.0000105625 0 0 2 0 1 2 2 3 
0.0000754375 0 0 2 0 1 3 0 2 
0.0000426250 0 0 2 0 1 3 2 0 
0.0001494375 0 0 2 0 1 3 2 2 
0.0000976250 0 0 2 0 2 0 0 3 
0.0001933750 0 0 2 0 2 1 0 0 
0.0000089375 0 0 2 0 2 1 0 1 
0.0000806250 0 0 2 0 2 1 0 2 
0.0000443125 0 0 2 0 2 1 2 1 
0.0001483750 0 0 2 0 2 2 0 0 
0.0002360625 0 0 2 0 2 2 0 1 
0.0001423125 0 0 2 0 2 2 0 3 
0.0001401875 0 0 2 0 2 2 2 3 
0.0002295625 0 0 2 0 2 3 2 1 
0.0001250000 0 0 2 0 2 3 2 2 
0.0001830000 0 0 2 0 2 3 2 3 
0.0000634375 0 0 2 0 3 0 0 2 
0.0001332500 0 0 2 0 3 0 2 0 
0.0002014375 0 0 2 0 3 0 2 1 
0.0000135000 0 0 2 0 3 0 2 3 
0.0001466875 0 0 2 0 3 1 0 0 
0.0000059375 0 0 2 0 3 1 0 2 
0.0002018125 0 0 2 0 3 1 0 3 
0.0000151875 0 0 2 0 3 1 2 1 
0.0000730000 0 0 2 0 3 1 2 2 
0.0000756250 0 0 2 0 3 2 0 0 
0.0001008750 0 0 2 0 3 2 2 2 
0.0001768750 0 0 2 0 3 2 2 3 
0.0000650625 0 0 2 0 3 3 0 2 
0.0000124375 0 0 2 1 0 0 0 0 
0.0001491250 0 0 2 1 0 0 0 1 
0.0000801250 0 0 2 1 0 0 1 2 
0.0001520625 0 0 2 1 0 0 1 3 
0.0001822500 0 0 2 1 0 0 2 1 
0.0001043125 0 0 2 1 0 0 3 2 
0.0001366250 0 0 2 1 0 0 3 3 
0.0001756250 0 0 2 1 0 1 0 1 
0.0000563125 0 0 2 1 0 1 1 3 
0.0002392500 0 0 2 1 0 1 2 0 
0.0000081250 0 0 2 1 0 1 3 2 
0.0002395000 0 0 2 1 0 2 0 1 
0.0001530000 0 0 2 1 0 2 2 0 
0.0000470000 0 0 2 1 0 2 2 1 
0.0001319375 0 0 2 1 0 2 3 2 
0.0000193750 0 0 2 1 0 3 3 3 
0.0000835000 0 0 2 1 1 0 0 1 
0.0000268125 0 0 2 1 1 0 2 1 
0.0002342500 0 0 2 1 1 0 3 3 
0.0001141250 0 0 2 1 1 1 0 0 
0.0001753750 0 0 2 1 1 1 1 2 
0.0000420000 0 0 2 1 1 1 1 3 
0.0000513125 0 0 2 1 1 1 2 0 
0.0000661250 0 0 2 1 1 2 2 0 
0.0000527500 0 0 2 1 1 2 3 2 
0.0001346875 0 0 2 1 1 3 1 2 
0.0000415000 0 0 2 1 1 3 1 3 
0.0000426250 0 0 2 1 1 3 2 1 
0.0000475625 0 0 2 1 1 3 3 3 
0.0001568750 0 0 2 1 2 0 3 2 
0.0002233750 0 0 2 1 2 0 3 3 
0.0000089375 0 0 2 1 2 1 0 0 
0.0001933750 0 0 2 1 2 1 0 1 
0.0000443125 0 0 2 1 2 1 2 0 
0.0000235625 0 0 2 1 2 1 3 2 
0.0001531875 0 0 2 1 2 1 3 3 
0.0002360625 0 0 2 1 2 2 0 0 
0.0001483750 0 0 2 1 2 2 0 1 
0.0001878125 0 0 2 1 2 2 1 3 
0.0000525000 0 0 2 1 2 2 3 2 
0.0001890000 0 0 2 1 2 2 3 3 
0.0001999375 0 0 2 1 2 3 1 2 
0.0002295625 0 0 2 1 2 3 2 0 
0.0001574375 0 0 2 1 3 0 1 2 
0.0002014375 0 0 2 1 3 0 2 0 
0.0001332500 0 0 2 1 3 0 2 1 
0.0002091250 0 0 2 1 3 0 3 2 
0.0001466875 0 0 2 1 3 1 0 1 
0.0002048750 0 0 2 1 3 1 1 2 
0.0000151875 0 0 2 1 3 1 2 0 
0.0000756250 0 0 2 1 3 2 0 1 
0.0001491250 0 0 2 2 0 0 0 2 
0.0000637500 0 0 2 2 0 0 2 0 
0.0001822500 0 0 2 2 0 0 2 2 
0.0001551875 0 0 2 2 0 1 0 0 
0.0001756250 0 0 2 2 0 1 0 2 
0.0000308125 0 0 2 2 0 1 1 1 
0.0002411875 0 0 2 2 0 1 1 3 
0.0000938750 0 0 2 2 0 1 3 3 
0.0002218750 0 0 2 2 0 2 0 0 
0.0002395000 0 0 2 2 0 2 0 2 
0.0000911250 0 0 2 2 0 2 1 1 
0.0000240000 0 0 2 2 0 2 1 3 
0.0000470000 0 0 2 2 0 2 2 2 
0.0000733750 0 0 2 2 0 3 1 1 
0.0000299375 0 0 2 2 0 3 1 3 
0.0001998125 0 0 2 2 0 3 2 0 
0.0000666250 0 0 2 2 0 3 3 1 
0.0000835000 0 0 2 2 1 0 0 2 
0.0000718750 0 0 2 2 1 0 1 1 
0.0002136875 0 0 2 2 1 0 2 0 
0.0000268125 0 0 2 2 1 0 2 2 
0.0001093125 0 0 2 2 1 0 3 1 
0.0000338125 0 0 2 2 1 1 0 0 
0.0002101250 0 0 2 2 1 1 1 3 
0.0000566250 0 0 2 2 1 1 3 1 
0.0000081875 0 0 2 2 1 1 3 3 
0.0000841250 0 0 2 2 1 2 0 0 
0.0001855000 0 0 2 2 1 2 1 1 
0.0001639375 0 0 2 2 1 2 1 3 
0.0001936875 0 0 2 2 1 2 3 3 
0.0000754375 0 0 2 2 1 3 0 0 
0.0001494375 0 0 2 2 1 3 2 0 
0.0000426250 0 0 2 2 1 3 2 2 
0.0002290625 0 0 2 2 1 3 3 1 
0.0002013125 0 0 2 2 1 3 3 3 
0.0002394375 0 0 2 2 2 0 1 1 
0.0002176250 0 0 2 2 2 0 1 3 
0.0000806250 0 0 2 2 2 1 0 0 
0.0001933750 0 0 2 2 2 1 0 2 
0.0000656250 0 0 2 2 2 1 1 1 
0.0001423750 0 0 2 2 2 1 1 3 
0.0001483750 0 0 2 2 2 2 0 2 
0.0002154375 0 0 2 2 2 2 1 1 
0.0001250000 0 0 2 2 2 3 2 0 
0.0002042500 0 0 2 2 2 3 3 1 
0.0002289375 0 0 2 2 2 3 3 3 
0.0000634375 0 0 2 2 3 0 0 0 
0.0001332500 0 0 2 2 3 0 2 2 
0.0001052500 0 0 2 2 3 0 3 3 
0.0000059375 0 0 2 2 3 1 0 0 
0.0001466875 0 0 2 2 3 1 0 2 
0.0001128125 0 0 2 2 3 1 1 3 
0.0000730000 0 0 2 2 3 1 2 0 
0.0000358750 0 0 2 2 3 1 3 1 
0.0000641250 0 0 2 2 3 1 3 3 
0.0000756250 0 0 2 2 3 2 0 2 
0.0001209375 0 0 2 2 3 2 1 1 
0.0001008750 0 0 2 2 3 2 2 0 
0.0001899375 0 0 2 2 3 2 3 1 
0.0000923750 0 0 2 2 3 2 3 3 
0.0000650625 0 0 2 2 3 3 0 0 
0.0000728125 0 0 2 2 3 3 1 1 
0.0001705000 0 0 2 2 3 3 3 1 
0.0002313750 0 0 2 2 3 3 3 3 
0.0001302500 0 0 2 3 0 0 0 0 
0.0001491250 0 0 2 3 0 0 0 3 
0.0000194375 0 0 2 3 0 0 1 2 
0.0001822500 0 0 2 3 0 0 2 3 
0.0001372500 0 0 2 3 0 0 3 2 
0.0002124375 0 0 2 3 0 1 0 0 
0.0001756250 0 0 2 3 0 1 0 3 
0.0002170625 0 0 2 3 0 1 2 0 
0.0000870625 0 0 2 3 0 1 3 1 
0.0000641250 0 0 2 3 0 2 0 0 
0.0002395000 0 0 2 3 0 2 0 3 
0.0002126875 0 0 2 3 0 2 1 1 
0.0000752500 0 0 2 3 0 2 2 0 
0.0000470000 0 0 2 3 0 2 2 3 
0.0001465625 0 0 2 3 0 2 3 1 
0.0002325000 0 0 2 3 0 2 3 2 
0.0000170000 0 0 2 3 0 3 0 0 
0.0001675000 0 0 2 3 0 3 1 1 
0.0001237500 0 0 2 3 0 3 2 0 
0.0001278750 0 0 2 3 0 3 3 2 
0.0001650625 0 0 2 3 1 0 0 0 
0.0000835000 0 0 2 3 1 0 0 3 
0.0001411875 0 0 2 3 1 0 1 1 
0.0000171250 0 0 2 3 1 0 1 2 
0.0000268125 0 0 2 3 1 0 2 3 
0.0002010625 0 0 2 3 1 0 3 2 
0.0001235000 0 0 2 3 1 1 0 0 
0.0000356875 0 0 2 3 1 1 3 1 
0.0000688750 0 0 2 3 1 2 1 1 
0.0000105625 0 0 2 3 1 2 2 0 
0.0002415625 0 0 2 3 1 2 3 1 
0.0000020000 0 0 2 3 1 3 1 2 
0.0000426250 0 0 2 3 1 3 2 3 
0.0000976250 0 0 2 3 2 0 0 0 
0.0000210625 0 0 2 3 2 0 1 1 
0.0000801875 0 0 2 3 2 0 3 2 
0.0001933750 0 0 2 3 2 1 0 3 
0.0001385000 0 0 2 3 2 1 1 1 
0.0002308750 0 0 2 3 2 1 3 2 
0.0001423125 0 0 2 3 2 2 0 0 
0.0001483750 0 0 2 3 2 2 0 3 
0.0000014375 0 0 2 3 2 2 1 2 
0.0001401875 0 0 2 3 2 2 2 0 
0.0002200000 0 0 2 3 2 2 3 2 
0.0000548750 0 0 2 3 2 3 1 1 
0.0001363125 0 0 2 3 2 3 1 2 
0.0001830000 0 0 2 3 2 3 2 0 
0.0001875625 0 0 2 3 2 3 3 1 
0.0001862500 0 0 2 3 3 0 1 1 
0.0002147500 0 0 2 3 3 0 1 2 
0.0000135000 0 0 2 3 3 0 2 0 
0.0001332500 0 0 2 3 3 0 2 3 
0.0000728125 0 0 2 3 3 0 3 1 
0.0002018125 0 0 2 3 3 1 0 0 
0.0001466875 0 0 2 3 3 1 0 3 
0.0000781875 0 0 2 3 3 1 1 1 
0.0002338750 0 0 2 3 3 1 3 1 
0.0000756250 0 0 2 3 3 2 0 3 
0.0001676875 0 0 2 3 3 2 1 1 
0.0001919375 0 0 2 3 3 2 1 2 
0.0001768750 0 0 2 3 3 2 2 0 
0.0001093750 0 0 2 3 3 2 3 1 
0.0001128750 0 0 2 3 3 3 1 1 
0.0000257500 0 0 2 3 3 3 1 2 
0.0000190625 0 0 2 3 3 3 3 1 
0.0000354375 0 0 3 0 0 0 0 0 
0.0000801250 0 0 3 0 0 0 0 3 
0.0001822500 0 0 3 0 0 0 3 0 
0.0000637500 0 0 3 0 0 0 3 2 
0.0001433750 0 0 3 0 0 1 0 0 
0.0002411875 0 0 3 0 0 1 0 1 
0.0002392500 0 0 3 0 0 1 3 1 
0.0002170625 0 0 3 0 0 1 3 3 
0.0000941875 0 0 3 0 0 2 0 0 
0.0000240000 0 0 3 0 0 2 0 1 
0.0002126875 0 0 3 0 0 2 0 2 
0.0000470000 0 0 3 0 0 2 3 0 
0.0001530000 0 0 3 0 0 2 3 1 
0.0000752500 0 0 3 0 0 2 3 3 
0.0000436250 0 0 3 0 0 3 0 0 
0.0000299375 0 0 3 0 0 3 0 1 
0.0001675000 0 0 3 0 0 3 0 2 
0.0001998125 0 0 3 0 0 3 3 2 
0.0001237500 0 0 3 0 0 3 3 3 
0.0000026250 0 0 3 0 1 0 0 0 
0.0001411875 0 0 3 0 1 0 0 2 
0.0000268125 0 0 3 0 1 0 3 0 
0.0002136875 0 0 3 0 1 0 3 2 
0.0002101250 0 0 3 0 1 1 0 1 
0.0001753750 0 0 3 0 1 1 0 3 
0.0000513125 0 0 3 0 1 1 3 1 
0.0001998750 0 0 3 0 1 2 0 0 
0.0001639375 0 0 3 0 1 2 0 1 
0.0000688750 0 0 3 0 1 2 0 2 
0.0000661250 0 0 3 0 1 2 3 1 
0.0000105625 0 0 3 0 1 2 3 3 
0.0001346875 0 0 3 0 1 3 0 3 
0.0000426250 0 0 3 0 1 3 3 0 
0.0001494375 0 0 3 0 1 3 3 2 
0.0000321875 0 0 3 0 2 0 0 0 
0.0002176250 0 0 3 0 2 0 0 1 
0.0000210625 0 0 3 0 2 0 0 2 
0.0001423750 0 0 3 0 2 1 0 1 
0.0001385000 0 0 3 0 2 1 0 2 
0.0000443125 0 0 3 0 2 1 3 1 
0.0001401875 0 0 3 0 2 2 3 3 
0.0000548750 0 0 3 0 2 3 0 2 
0.0001999375 0 0 3 0 2 3 0 3 
0.0002295625 0 0 3 0 2 3 3 1 
0.0001250000 0 0 3 0 2 3 3 2 
0.0001830000 0 0 3 0 2 3 3 3 
0.0001862500 0 0 3 0 3 0 0 2 
0.0001574375 0 0 3 0 3 0 0 3 
0.0001332500 0 0 3 0 3 0 3 0 
0.0002014375 0 0 3 0 3 0 3 1 
0.0000135000 0 0 3 0 3 0 3 3 
0.0000438125 0 0 3 0 3 1 0 0 
0.0001128125 0 0 3 0 3 1 0 1 
0.0000781875 0 0 3 0 3 1 0 2 
0.0002048750 0 0 3 0 3 1 0 3 
0.0000151875 0 0 3 0 3 1 3 1 
0.0000730000 0 0 3 0 3 1 3 2 
0.0001676875 0 0 3 0 3 2 0 2 
0.0001008750 0 0 3 0 3 2 3 2 
0.0001768750 0 0 3 0 3 2 3 3 
0.0001128750 0 0 3 0 3 3 0 2 
0.0000354375 0 0 3 1 0 0 0 1 
0.0001822500 0 0 3 1 0 0 3 1 
0.0002411875 0 0 3 1 0 1 0 0 
0.0001433750 0 0 3 1 0 1 0 1 
0.0001551875 0 0 3 1 0 1 1 3 
0.0000870625 0 0 3 1 0 1 2 3 
0.0002392500 0 0 3 1 0 1 3 0 
0.0000240000 0 0 3 1 0 2 0 0 
0.0000941875 0 0 3 1 0 2 0 1 
0.0002218750 0 0 3 1 0 2 1 3 
0.0001465625 0 0 3 1 0 2 2 3 
0.0001530000 0 0 3 1 0 2 3 0 
0.0000470000 0 0 3 1 0 2 3 1 
0.0000299375 0 0 3 1 0 3 0 0 
0.0000436250 0 0 3 1 0 3 0 1 
0.0000666250 0 0 3 1 0 3 2 2 
0.0000026250 0 0 3 1 1 0 0 1 
0.0001093125 0 0 3 1 1 0 2 2 
0.0000268125 0 0 3 1 1 0 3 1 
0.0002101250 0 0 3 1 1 1 0 0 
0.0000338125 0 0 3 1 1 1 1 3 
0.0000566250 0 0 3 1 1 1 2 2 
0.0000356875 0 0 3 1 1 1 2 3 
0.0000513125 0 0 3 1 1 1 3 0 
0.0001639375 0 0 3 1 1 2 0 0 
0.0001998750 0 0 3 1 1 2 0 1 
0.0002188750 0 0 3 1 1 2 1 2 
0.0000841250 0 0 3 1 1 2 1 3 
0.0002415625 0 0 3 1 1 2 2 3 
0.0000661250 0 0 3 1 1 2 3 0 
0.0002105000 0 0 3 1 1 3 1 2 
0.0000754375 0 0 3 1 1 3 1 3 
0.0002290625 0 0 3 1 1 3 2 2 
0.0000426250 0 0 3 1 1 3 3 1 
0.0002176250 0 0 3 1 2 0 0 0 
0.0000321875 0 0 3 1 2 0 0 1 
0.0001423750 0 0 3 1 2 1 0 0 
0.0001729375 0 0 3 1 2 1 1 2 
0.0000806250 0 0 3 1 2 1 1 3 
0.0000443125 0 0 3 1 2 1 3 0 
0.0002287500 0 0 3 1 2 3 1 2 
0.0002042500 0 0 3 1 2 3 2 2 
0.0001875625 0 0 3 1 2 3 2 3 
0.0002295625 0 0 3 1 2 3 3 0 
0.0000458750 0 0 3 1 3 0 1 2 
0.0000634375 0 0 3 1 3 0 1 3 
0.0000728125 0 0 3 1 3 0 2 3 
0.0002014375 0 0 3 1 3 0 3 0 
0.0001332500 0 0 3 1 3 0 3 1 
0.0001128125 0 0 3 1 3 1 0 0 
0.0000438125 0 0 3 1 3 1 0 1 
0.0000059375 0 0 3 1 3 1 1 3 
0.0000358750 0 0 3 1 3 1 2 2 
0.0002338750 0 0 3 1 3 1 2 3 
0.0000151875 0 0 3 1 3 1 3 0 
0.0001208750 0 0 3 1 3 2 1 2 
0.0001899375 0 0 3 1 3 2 2 2 
0.0001093750 0 0 3 1 3 2 2 3 
0.0001140000 0 0 3 1 3 3 1 2 
0.0000650625 0 0 3 1 3 3 1 3 
0.0001705000 0 0 3 1 3 3 2 2 
0.0000190625 0 0 3 1 3 3 2 3 
0.0000354375 0 0 3 2 0 0 0 2 
0.0001302500 0 0 3 2 0 0 1 1 
0.0001043125 0 0 3 2 0 0 2 1 
0.0001372500 0 0 3 2 0 0 2 3 
0.0000637500 0 0 3 2 0 0 3 0 
0.0001822500 0 0 3 2 0 0 3 2 
0.0001433750 0 0 3 2 0 1 0 2 
0.0002124375 0 0 3 2 0 1 1 1 
0.0000828125 0 0 3 2 0 1 1 3 
0.0000081250 0 0 3 2 0 1 2 1 
0.0002126875 0 0 3 2 0 2 0 0 
0.0000941875 0 0 3 2 0 2 0 2 
0.0000641250 0 0 3 2 0 2 1 1 
0.0000193750 0 0 3 2 0 2 1 3 
0.0001319375 0 0 3 2 0 2 2 1 
0.0002325000 0 0 3 2 0 2 2 3 
0.0000470000 0 0 3 2 0 2 3 2 
0.0001675000 0 0 3 2 0 3 0 0 
0.0000436250 0 0 3 2 0 3 0 2 
0.0000170000 0 0 3 2 0 3 1 1 
0.0001177500 0 0 3 2 0 3 1 3 
0.0001278750 0 0 3 2 0 3 2 3 
0.0001998125 0 0 3 2 0 3 3 0 
0.0001411875 0 0 3 2 1 0 0 0 
0.0000026250 0 0 3 2 1 0 0 2 
0.0001650625 0 0 3 2 1 0 1 1 
0.0002349375 0 0 3 2 1 0 1 3 
0.0002010625 0 0 3 2 1 0 2 3 
0.0002136875 0 0 3 2 1 0 3 0 
0.0000268125 0 0 3 2 1 0 3 2 
0.0001235000 0 0 3 2 1 1 1 1 
0.0000688750 0 0 3 2 1 2 0 0 
0.0001998750 0 0 3 2 1 2 0 2 
0.0001109375 0 0 3 2 1 2 1 3 
0.0000527500 0 0 3 2 1 2 2 1 
0.0001510625 0 0 3 2 1 3 1 3 
0.0001494375 0 0 3 2 1 3 3 0 
0.0000426250 0 0 3 2 1 3 3 2 
0.0000210625 0 0 3 2 2 0 0 0 
0.0000321875 0 0 3 2 2 0 0 2 
0.0000976250 0 0 3 2 2 0 1 1 
0.0000035000 0 0 3 2 2 0 1 3 
0.0001568750 0 0 3 2 2 0 2 1 
0.0000801875 0 0 3 2 2 0 2 3 
0.0001385000 0 0 3 2 2 1 0 0 
0.0000235625 0 0 3 2 2 1 2 1 
0.0002308750 0 0 3 2 2 1 2 3 
0.0001423125 0 0 3 2 2 2 1 1 
0.0000525000 0 0 3 2 2 2 2 1 
0.0002200000 0 0 3 2 2 2 2 3 
0.0000548750 0 0 3 2 2 3 0 0 
0.0001405625 0 0 3 2 2 3 1 3 
0.0001250000 0 0 3 2 2 3 3 0 
0.0001862500 0 0 3 2 3 0 0 0 
0.0002384375 0 0 3 2 3 0 1 3 
0.0002091250 0 0 3 2 3 0 2 1 
0.0001332500 0 0 3 2 3 0 3 2 
0.0000781875 0 0 3 2 3 1 0 0 
0.0000438125 0 0 3 2 3 1 0 2 
0.0002018125 0 0 3 2 3 1 1 1 
0.0001956250 0 0 3 2 3 1 1 3 
0.0000730000 0 0 3 2 3 1 3 0 
0.0001676875 0 0 3 2 3 2 0 0 
0.0000316875 0 0 3 2 3 2 1 3 
0.0001008750 0 0 3 2 3 2 3 0 
0.0001128750 0 0 3 2 3 3 0 0 
0.0001678750 0 0 3 2 3 3 1 3 
0.0000801250 0 0 3 3 0 0 0 0 
0.0000354375 0 0 3 3 0 0 0 3 
0.0000955000 0 0 3 3 0 0 1 1 
0.0000124375 0 0 3 3 0 0 1 2 
0.0001366250 0 0 3 3 0 0 2 1 
0.0001822500 0 0 3 3 0 0 3 3 
0.0001433750 0 0 3 3 0 1 0 3 
0.0000938750 0 0 3 3 0 1 2 2 
0.0002170625 0 0 3 3 0 1 3 0 
0.0000941875 0 0 3 3 0 2 0 3 
0.0000752500 0 0 3 3 0 2 3 0 
0.0000470000 0 0 3 3 0 2 3 3 
0.0000436250 0 0 3 3 0 3 0 3 
0.0001168125 0 0 3 3 0 3 1 1 
0.0000193750 0 0 3 3 0 3 2 1 
0.0001237500 0 0 3 3 0 3 3 0 
0.0000026250 0 0 3 3 1 0 0 3 
0.0001898750 0 0 3 3 1 0 1 1 
0.0002342500 0 0 3 3 1 0 2 1 
0.0000268125 0 0 3 3 1 0 3 3 
0.0001753750 0 0 3 3 1 1 0 0 
0.0001141250 0 0 3 3 1 1 1 2 
0.0000081875 0 0 3 3 1 1 2 2 
0.0001998750 0 0 3 3 1 2 0 3 
0.0001936875 0 0 3 3 1 2 2 2 
0.0000105625 0 0 3 3 1 2 3 0 
0.0001346875 0 0 3 3 1 3 0 0 
0.0000475625 0 0 3 3 1 3 2 1 
0.0002013125 0 0 3 3 1 3 2 2 
0.0000426250 0 0 3 3 1 3 3 3 
0.0000321875 0 0 3 3 2 0 0 3 
0.0001772500 0 0 3 3 2 0 1 1 
0.0002233750 0 0 3 3 2 0 2 1 
0.0000089375 0 0 3 3 2 1 1 2 
0.0001531875 0 0 3 3 2 1 2 1 
0.0000538125 0 0 3 3 2 2 1 1 
0.0002360625 0 0 3 3 2 2 1 2 
0.0001890000 0 0 3 3 2 2 2 1 
0.0001401875 0 0 3 3 2 2 3 0 
0.0001999375 0 0 3 3 2 3 0 0 
0.0001271875 0 0 3 3 2 3 1 1 
0.0002289375 0 0 3 3 2 3 2 2 
0.0001830000 0 0 3 3 2 3 3 0 
0.0001574375 0 0 3 3 3 0 0 0 
0.0001052500 0 0 3 3 3 0 2 2 
0.0000135000 0 0 3 3 3 0 3 0 
0.0001332500 0 0 3 3 3 0 3 3 
0.0002048750 0 0 3 3 3 1 0 0 
0.0000438125 0 0 3 3 3 1 0 3 
0.0000641250 0 0 3 3 3 1 2 2 
0.0001877500 0 0 3 3 3 2 1 1 
0.0000923750 0 0 3 3 3 2 2 2 
0.0001768750 0 0 3 3 3 2 3 0 
0.0002313750 0 0 3 3 3 3 2 2 
0.0002392500 0 1 0 0 0 0 0 1 
0.0002170625 0 1 0 0 0 0 0 3 
0.0001326250 0 1 0 0 0 0 1 0 
0.0001756250 0 1 0 0 0 0 2 0 
0.0001551875 0 1 0 0 0 0 2 2 
0.0002124375 0 1 0 0 0 0 2 3 
0.0001433750 0 1 0 0 0 0 3 0 
0.0002411875 0 1 0 0 0 0 3 1 
0.0001822500 0 1 0 0 0 1 0 0 
0.0000637500 0 1 0 0 0 1 0 2 
0.0001372500 0 1 0 0 0 1 1 1 
0.0001366250 0 1 0 0 0 1 1 2 
0.0001491250 0 1 0 0 0 1 2 0 
0.0000124375 0 1 0 0 0 1 2 1 
0.0001302500 0 1 0 0 0 1 2 3 
0.0000354375 0 1 0 0 0 1 3 0 
0.0000801250 0 1 0 0 0 1 3 3 
0.0000513125 0 1 0 0 1 0 0 1 
0.0000704375 0 1 0 0 1 0 1 0 
0.0000566250 0 1 0 0 1 0 1 3 
0.0001141250 0 1 0 0 1 0 2 1 
0.0000338125 0 1 0 0 1 0 2 2 
0.0001235000 0 1 0 0 1 0 2 3 
0.0002101250 0 1 0 0 1 0 3 1 
0.0001753750 0 1 0 0 1 0 3 3 
0.0000268125 0 1 0 0 1 1 0 0 
0.0002136875 0 1 0 0 1 1 0 2 
0.0001088125 0 1 0 0 1 1 1 0 
0.0002010625 0 1 0 0 1 1 1 1 
0.0002342500 0 1 0 0 1 1 1 2 
0.0001093125 0 1 0 0 1 1 1 3 
0.0000835000 0 1 0 0 1 1 2 0 
0.0001650625 0 1 0 0 1 1 2 3 
0.0000026250 0 1 0 0 1 1 3 0 
0.0001411875 0 1 0 0 1 1 3 2 
0.0000443125 0 1 0 0 2 0 0 1 
0.0002308750 0 1 0 0 2 0 1 1 
0.0001531875 0 1 0 0 2 0 1 2 
0.0001933750 0 1 0 0 2 0 2 0 
0.0000089375 0 1 0 0 2 0 2 1 
0.0000806250 0 1 0 0 2 0 2 2 
0.0001423750 0 1 0 0 2 0 3 1 
0.0001385000 0 1 0 0 2 0 3 2 
0.0001794375 0 1 0 0 2 1 1 0 
0.0000801875 0 1 0 0 2 1 1 1 
0.0002233750 0 1 0 0 2 1 1 2 
0.0000976250 0 1 0 0 2 1 2 3 
0.0000321875 0 1 0 0 2 1 3 0 
0.0002176250 0 1 0 0 2 1 3 1 
0.0000210625 0 1 0 0 2 1 3 2 
0.0000151875 0 1 0 0 3 0 0 1 
0.0000730000 0 1 0 0 3 0 0 2 
0.0000358750 0 1 0 0 3 0 1 3 
0.0001466875 0 1 0 0 3 0 2 0 
0.0000059375 0 1 0 0 3 0 2 2 
0.0002018125 0 1 0 0 3 0 2 3 
0.0000438125 0 1 0 0 3 0 3 0 
0.0001128125 0 1 0 0 3 0 3 1 
0.0000781875 0 1 0 0 3 0 3 2 
0.0002048750 0 1 0 0 3 0 3 3 
0.0001332500 0 1 0 0 3 1 0 0 
0.0002014375 0 1 0 0 3 1 0 1 
0.0000135000 0 1 0 0 3 1 0 3 
0.0000634375 0 1 0 0 3 1 2 2 
0.0001862500 0 1 0 0 3 1 3 2 
0.0001574375 0 1 0 0 3 1 3 3 
0.0002392500 0 1 0 1 0 0 0 0 
0.0001326250 0 1 0 1 0 0 1 1 
0.0001756250 0 1 0 1 0 0 2 1 
0.0002411875 0 1 0 1 0 0 3 0 
0.0001433750 0 1 0 1 0 0 3 1 
0.0001822500 0 1 0 1 0 1 0 1 
0.0001372500 0 1 0 1 0 1 1 0 
0.0000124375 0 1 0 1 0 1 2 0 
0.0001491250 0 1 0 1 0 1 2 1 
0.0000354375 0 1 0 1 0 1 3 1 
0.0001998125 0 1 0 1 0 2 0 3 
0.0000193750 0 1 0 1 0 2 1 3 
0.0000733750 0 1 0 1 0 2 3 2 
0.0001675000 0 1 0 1 0 2 3 3 
0.0000752500 0 1 0 1 0 3 0 2 
0.0000395625 0 1 0 1 0 3 0 3 
0.0001465625 0 1 0 1 0 3 1 3 
0.0000641250 0 1 0 1 0 3 2 2 
0.0000513125 0 1 0 1 1 0 0 0 
0.0000704375 0 1 0 1 1 0 1 1 
0.0001141250 0 1 0 1 1 0 2 0 
0.0002101250 0 1 0 1 1 0 3 0 
0.0000268125 0 1 0 1 1 1 0 1 
0.0002010625 0 1 0 1 1 1 1 0 
0.0001088125 0 1 0 1 1 1 1 1 
0.0000835000 0 1 0 1 1 1 2 1 
0.0000026250 0 1 0 1 1 1 3 1 
0.0002187500 0 1 0 1 1 2 0 2 
0.0001494375 0 1 0 1 1 2 0 3 
0.0000475625 0 1 0 1 1 2 1 3 
0.0002105000 0 1 0 1 1 2 2 2 
0.0000754375 0 1 0 1 1 2 2 3 
0.0000105625 0 1 0 1 1 3 0 2 
0.0000900000 0 1 0 1 1 3 0 3 
0.0002415625 0 1 0 1 1 3 1 3 
0.0000443125 0 1 0 1 2 0 0 0 
0.0002308750 0 1 0 1 2 0 1 0 
0.0000089375 0 1 0 1 2 0 2 0 
0.0001933750 0 1 0 1 2 0 2 1 
0.0001423750 0 1 0 1 2 0 3 0 
0.0000801875 0 1 0 1 2 1 1 0 
0.0001794375 0 1 0 1 2 1 1 1 
0.0002176250 0 1 0 1 2 1 3 0 
0.0000321875 0 1 0 1 2 1 3 1 
0.0001250000 0 1 0 1 2 2 0 3 
0.0002287500 0 1 0 1 2 2 2 2 
0.0000548750 0 1 0 1 2 2 3 3 
0.0001401875 0 1 0 1 2 3 0 2 
0.0001669375 0 1 0 1 2 3 0 3 
0.0001423125 0 1 0 1 2 3 2 2 
0.0000538125 0 1 0 1 2 3 2 3 
0.0001878125 0 1 0 1 2 3 3 3 
0.0000151875 0 1 0 1 3 0 0 0 
0.0001466875 0 1 0 1 3 0 2 1 
0.0001128125 0 1 0 1 3 0 3 0 
0.0000438125 0 1 0 1 3 0 3 1 
0.0002014375 0 1 0 1 3 1 0 0 
0.0001332500 0 1 0 1 3 1 0 1 
0.0000758125 0 1 0 1 3 2 0 2 
0.0001140000 0 1 0 1 3 2 2 2 
0.0000650625 0 1 0 1 3 2 2 3 
0.0000728125 0 1 0 1 3 2 3 2 
0.0001128750 0 1 0 1 3 2 3 3 
0.0001768750 0 1 0 1 3 3 0 2 
0.0001899375 0 1 0 1 3 3 1 2 
0.0001093750 0 1 0 1 3 3 1 3 
0.0001877500 0 1 0 1 3 3 2 3 
0.0001326250 0 1 0 2 0 0 1 2 
0.0001551875 0 1 0 2 0 0 2 0 
0.0001756250 0 1 0 2 0 0 2 2 
0.0001433750 0 1 0 2 0 0 3 2 
0.0000637500 0 1 0 2 0 1 0 0 
0.0001822500 0 1 0 2 0 1 0 2 
0.0001366250 0 1 0 2 0 1 1 0 
0.0001491250 0 1 0 2 0 1 2 2 
0.0000354375 0 1 0 2 0 1 3 2 
0.0001237500 0 1 0 2 0 2 0 1 
0.0002296250 0 1 0 2 0 2 0 3 
0.0000666250 0 1 0 2 0 2 1 1 
0.0000170000 0 1 0 2 0 2 2 1 
0.0001177500 0 1 0 2 0 2 2 3 
0.0001530000 0 1 0 2 0 3 0 3 
0.0001319375 0 1 0 2 0 3 1 1 
0.0002325000 0 1 0 2 0 3 1 3 
0.0000911250 0 1 0 2 0 3 3 1 
0.0000240000 0 1 0 2 0 3 3 3 
0.0000704375 0 1 0 2 1 0 1 2 
0.0000338125 0 1 0 2 1 0 2 0 
0.0002136875 0 1 0 2 1 1 0 0 
0.0000268125 0 1 0 2 1 1 0 2 
0.0002342500 0 1 0 2 1 1 1 0 
0.0001088125 0 1 0 2 1 1 1 2 
0.0000835000 0 1 0 2 1 1 2 2 
0.0001411875 0 1 0 2 1 1 3 0 
0.0000026250 0 1 0 2 1 1 3 2 
0.0000863125 0 1 0 2 1 2 0 3 
0.0002290625 0 1 0 2 1 2 1 1 
0.0002013125 0 1 0 2 1 2 1 3 
0.0001510625 0 1 0 2 1 2 2 3 
0.0001346875 0 1 0 2 1 2 3 1 
0.0000020000 0 1 0 2 1 2 3 3 
0.0000661250 0 1 0 2 1 3 0 3 
0.0000527500 0 1 0 2 1 3 1 1 
0.0002188750 0 1 0 2 1 3 2 1 
0.0001855000 0 1 0 2 1 3 3 1 
0.0001639375 0 1 0 2 1 3 3 3 
0.0001531875 0 1 0 2 2 0 1 0 
0.0000806250 0 1 0 2 2 0 2 0 
0.0001933750 0 1 0 2 2 0 2 2 
0.0001385000 0 1 0 2 2 0 3 0 
0.0002233750 0 1 0 2 2 1 1 0 
0.0001794375 0 1 0 2 2 1 1 2 
0.0000210625 0 1 0 2 2 1 3 0 
0.0000321875 0 1 0 2 2 1 3 2 
0.0001830000 0 1 0 2 2 2 0 1 
0.0002042500 0 1 0 2 2 2 1 1 
0.0002289375 0 1 0 2 2 2 1 3 
0.0001405625 0 1 0 2 2 2 2 3 
0.0001999375 0 1 0 2 2 2 3 1 
0.0001363125 0 1 0 2 2 2 3 3 
0.0000525000 0 1 0 2 2 3 1 1 
0.0002200000 0 1 0 2 2 3 1 3 
0.0002360625 0 1 0 2 2 3 2 3 
0.0002154375 0 1 0 2 2 3 3 1 
0.0000730000 0 1 0 2 3 0 0 0 
0.0000059375 0 1 0 2 3 0 2 0 
0.0001466875 0 1 0 2 3 0 2 2 
0.0000781875 0 1 0 2 3 0 3 0 
0.0000438125 0 1 0 2 3 0 3 2 
0.0001332500 0 1 0 2 3 1 0 2 
0.0000634375 0 1 0 2 3 1 2 0 
0.0001862500 0 1 0 2 3 1 3 0 
0.0000102500 0 1 0 2 3 2 0 3 
0.0001705000 0 1 0 2 3 2 1 1 
0.0002313750 0 1 0 2 3 2 1 3 
0.0001678750 0 1 0 2 3 2 2 3 
0.0000257500 0 1 0 2 3 2 3 3 
0.0001208750 0 1 0 2 3 3 2 1 
0.0001209375 0 1 0 2 3 3 3 1 
0.0002170625 0 1 0 3 0 0 0 0 
0.0001326250 0 1 0 3 0 0 1 3 
0.0002124375 0 1 0 3 0 0 2 0 
0.0001756250 0 1 0 3 0 0 2 3 
0.0001433750 0 1 0 3 0 0 3 3 
0.0001822500 0 1 0 3 0 1 0 3 
0.0001302500 0 1 0 3 0 1 2 0 
0.0001491250 0 1 0 3 0 1 2 3 
0.0000801250 0 1 0 3 0 1 3 0 
0.0000354375 0 1 0 3 0 1 3 3 
0.0001278750 0 1 0 3 0 2 1 2 
0.0001168125 0 1 0 3 0 2 2 1 
0.0000299375 0 1 0 3 0 2 3 2 
0.0002218750 0 1 0 3 0 3 2 1 
0.0000193750 0 1 0 3 0 3 2 2 
0.0002126875 0 1 0 3 0 3 3 1 
0.0000566250 0 1 0 3 1 0 1 0 
0.0000704375 0 1 0 3 1 0 1 3 
0.0001235000 0 1 0 3 1 0 2 0 
0.0001753750 0 1 0 3 1 0 3 0 
0.0000268125 0 1 0 3 1 1 0 3 
0.0001093125 0 1 0 3 1 1 1 0 
0.0001088125 0 1 0 3 1 1 1 3 
0.0001650625 0 1 0 3 1 1 2 0 
0.0000835000 0 1 0 3 1 1 2 3 
0.0000026250 0 1 0 3 1 1 3 3 
0.0000415000 0 1 0 3 1 2 3 1 
0.0001936875 0 1 0 3 1 3 1 2 
0.0000841250 0 1 0 3 1 3 2 1 
0.0001109375 0 1 0 3 1 3 2 2 
0.0000688750 0 1 0 3 1 3 3 1 
0.0001933750 0 1 0 3 2 0 2 3 
0.0001794375 0 1 0 3 2 1 1 3 
0.0000976250 0 1 0 3 2 1 2 0 
0.0000321875 0 1 0 3 2 1 3 3 
0.0002295625 0 1 0 3 2 2 0 2 
0.0001875625 0 1 0 3 2 2 1 1 
0.0001271875 0 1 0 3 2 2 2 1 
0.0001603750 0 1 0 3 2 3 0 2 
0.0001890000 0 1 0 3 2 3 1 1 
0.0000014375 0 1 0 3 2 3 3 2 
0.0000358750 0 1 0 3 3 0 1 0 
0.0002018125 0 1 0 3 3 0 2 0 
0.0001466875 0 1 0 3 3 0 2 3 
0.0002048750 0 1 0 3 3 0 3 0 
0.0000438125 0 1 0 3 3 0 3 3 
0.0000135000 0 1 0 3 3 1 0 0 
0.0001332500 0 1 0 3 3 1 0 3 
0.0001574375 0 1 0 3 3 1 3 0 
0.0001116250 0 1 0 3 3 2 0 1 
0.0000190625 0 1 0 3 3 2 1 1 
0.0001008750 0 1 0 3 3 3 0 1 
0.0000568750 0 1 0 3 3 3 0 2 
0.0000923750 0 1 0 3 3 3 1 2 
0.0000316875 0 1 0 3 3 3 2 2 
0.0001676875 0 1 0 3 3 3 3 1 
0.0001919375 0 1 0 3 3 3 3 2 
0.0001326250 0 1 1 0 0 0 0 0 
0.0002392500 0 1 1 0 0 0 1 1 
0.0002170625 0 1 1 0 0 0 1 3 
0.0001372500 0 1 1 0 0 1 0 1 
0.0001366250 0 1 1 0 0 1 0 2 
0.0001822500 0 1 1 0 0 1 1 0 
0.0000637500 0 1 1 0 0 1 1 2 
0.0000733750 0 1 1 0 0 2 2 3 
0.0000170000 0 1 1 0 0 2 3 3 
0.0000941875 0 1 1 0 0 3 2 0 
0.0000240000 0 1 1 0 0 3 2 1 
0.0002126875 0 1 1 0 0 3 2 2 
0.0000193750 0 1 1 0 0 3 3 1 
0.0000704375 0 1 1 0 1 0 0 0 
0.0000566250 0 1 1 0 1 0 0 3 
0.0000513125 0 1 1 0 1 0 1 1 
0.0001088125 0 1 1 0 1 1 0 0 
0.0002010625 0 1 1 0 1 1 0 1 
0.0002342500 0 1 1 0 1 1 0 2 
0.0001093125 0 1 1 0 1 1 0 3 
0.0000268125 0 1 1 0 1 1 1 0 
0.0002136875 0 1 1 0 1 1 1 2 
0.0002388125 0 1 1 0 1 2 2 0 
0.0000020000 0 1 1 0 1 2 2 1 
0.0000415000 0 1 1 0 1 2 2 2 
0.0000754375 0 1 1 0 1 2 3 2 
0.0001998750 0 1 1 0 1 3 2 0 
0.0001639375 0 1 1 0 1 3 2 1 
0.0000688750 0 1 1 0 1 3 2 2 
0.0000908750 0 1 1 0 1 3 3 0 
0.0001109375 0 1 1 0 1 3 3 1 
0.0002188750 0 1 1 0 1 3 3 3 
0.0002308750 0 1 1 0 2 0 0 1 
0.0001531875 0 1 1 0 2 0 0 2 
0.0000443125 0 1 1 0 2 0 1 1 
0.0001794375 0 1 1 0 2 1 0 0 
0.0000801875 0 1 1 0 2 1 0 1 
0.0002233750 0 1 1 0 2 1 0 2 
0.0001465000 0 1 1 0 2 2 2 0 
0.0001363125 0 1 1 0 2 2 2 1 
0.0000538125 0 1 1 0 2 3 3 2 
0.0000358750 0 1 1 0 3 0 0 3 
0.0000151875 0 1 1 0 3 0 1 1 
0.0000730000 0 1 1 0 3 0 1 2 
0.0001332500 0 1 1 0 3 1 1 0 
0.0002014375 0 1 1 0 3 1 1 1 
0.0000135000 0 1 1 0 3 1 1 3 
0.0000885625 0 1 1 0 3 2 2 0 
0.0000257500 0 1 1 0 3 2 2 1 
0.0000728125 0 1 1 0 3 2 2 3 
0.0000650625 0 1 1 0 3 2 3 2 
0.0001676875 0 1 1 0 3 3 2 2 
0.0000316875 0 1 1 0 3 3 3 1 
0.0001877500 0 1 1 0 3 3 3 2 
0.0001208750 0 1 1 0 3 3 3 3 
0.0001326250 0 1 1 1 0 0 0 1 
0.0002392500 0 1 1 1 0 0 1 0 
0.0000308125 0 1 1 1 0 0 2 2 
0.0002124375 0 1 1 1 0 0 3 2 
0.0001372500 0 1 1 1 0 1 0 0 
0.0001822500 0 1 1 1 0 1 1 1 
0.0001302500 0 1 1 1 0 1 3 2 
0.0000955000 0 1 1 1 0 1 3 3 
0.0000193750 0 1 1 1 0 2 0 3 
0.0001998125 0 1 1 1 0 2 1 3 
0.0001465625 0 1 1 1 0 3 0 3 
0.0000752500 0 1 1 1 0 3 1 2 
0.0000395625 0 1 1 1 0 3 1 3 
0.0000240000 0 1 1 1 0 3 2 0 
0.0000941875 0 1 1 1 0 3 2 1 
0.0000193750 0 1 1 1 0 3 3 0 
0.0000704375 0 1 1 1 1 0 0 1 
0.0000513125 0 1 1 1 1 0 1 0 
0.0001235000 0 1 1 1 1 0 3 2 
0.0002010625 0 1 1 1 1 1 0 0 
0.0001088125 0 1 1 1 1 1 0 1 
0.0000268125 0 1 1 1 1 1 1 1 
0.0000718750 0 1 1 1 1 1 2 2 
0.0001411875 0 1 1 1 1 1 2 3 
0.0001650625 0 1 1 1 1 1 3 2 
0.0001898750 0 1 1 1 1 1 3 3 
0.0000475625 0 1 1 1 1 2 0 3 
0.0002187500 0 1 1 1 1 2 1 2 
0.0001494375 0 1 1 1 1 2 1 3 
0.0000020000 0 1 1 1 1 2 2 0 
0.0002388125 0 1 1 1 1 2 2 1 
0.0002415625 0 1 1 1 1 3 0 3 
0.0000105625 0 1 1 1 1 3 1 2 
0.0000900000 0 1 1 1 1 3 1 3 
0.0001639375 0 1 1 1 1 3 2 0 
0.0001998750 0 1 1 1 1 3 2 1 
0.0001109375 0 1 1 1 1 3 3 0 
0.0000908750 0 1 1 1 1 3 3 1 
0.0002308750 0 1 1 1 2 0 0 0 
0.0000443125 0 1 1 1 2 0 1 0 
0.0000656250 0 1 1 1 2 0 2 2 
0.0001385000 0 1 1 1 2 0 2 3 
0.0000801875 0 1 1 1 2 1 0 0 
0.0001794375 0 1 1 1 2 1 0 1 
0.0002394375 0 1 1 1 2 1 2 2 
0.0000210625 0 1 1 1 2 1 2 3 
0.0000976250 0 1 1 1 2 1 3 2 
0.0001772500 0 1 1 1 2 1 3 3 
0.0001250000 0 1 1 1 2 2 1 3 
0.0001363125 0 1 1 1 2 2 2 0 
0.0001465000 0 1 1 1 2 2 2 1 
0.0001401875 0 1 1 1 2 3 1 2 
0.0001669375 0 1 1 1 2 3 1 3 
0.0000151875 0 1 1 1 3 0 1 0 
0.0000781875 0 1 1 1 3 0 2 3 
0.0002018125 0 1 1 1 3 0 3 2 
0.0002014375 0 1 1 1 3 1 1 0 
0.0001332500 0 1 1 1 3 1 1 1 
0.0001862500 0 1 1 1 3 1 2 3 
0.0000758125 0 1 1 1 3 2 1 2 
0.0000257500 0 1 1 1 3 2 2 0 
0.0000885625 0 1 1 1 3 2 2 1 
0.0001899375 0 1 1 1 3 3 0 2 
0.0001093750 0 1 1 1 3 3 0 3 
0.0001768750 0 1 1 1 3 3 1 2 
0.0000316875 0 1 1 1 3 3 3 0 
0.0001326250 0 1 1 2 0 0 0 2 
0.0001366250 0 1 1 2 0 1 0 0 
0.0000637500 0 1 1 2 0 1 1 0 
0.0001822500 0 1 1 2 0 1 1 2 
0.0000801250 0 1 1 2 0 1 2 1 
0.0000194375 0 1 1 2 0 1 2 3 
0.0000124375 0 1 1 2 0 1 3 3 
0.0000666250 0 1 1 2 0 2 0 1 
0.0001237500 0 1 1 2 0 2 1 1 
0.0002296250 0 1 1 2 0 2 1 3 
0.0001319375 0 1 1 2 0 3 0 1 
0.0002325000 0 1 1 2 0 3 0 3 
0.0001530000 0 1 1 2 0 3 1 3 
0.0002126875 0 1 1 2 0 3 2 0 
0.0000941875 0 1 1 2 0 3 2 2 
0.0000704375 0 1 1 2 1 0 0 2 
0.0001753750 0 1 1 2 1 0 2 1 
0.0001141250 0 1 1 2 1 0 3 3 
0.0002342500 0 1 1 2 1 1 0 0 
0.0001088125 0 1 1 2 1 1 0 2 
0.0002136875 0 1 1 2 1 1 1 0 
0.0000268125 0 1 1 2 1 1 1 2 
0.0000171250 0 1 1 2 1 1 2 3 
0.0002290625 0 1 1 2 1 2 0 1 
0.0002013125 0 1 1 2 1 2 0 3 
0.0000863125 0 1 1 2 1 2 1 3 
0.0000415000 0 1 1 2 1 2 2 0 
0.0002388125 0 1 1 2 1 2 2 2 
0.0000754375 0 1 1 2 1 2 3 0 
0.0000527500 0 1 1 2 1 3 0 1 
0.0000661250 0 1 1 2 1 3 1 3 
0.0000688750 0 1 1 2 1 3 2 0 
0.0001998750 0 1 1 2 1 3 2 2 
0.0000908750 0 1 1 2 1 3 3 2 
0.0001531875 0 1 1 2 2 0 0 0 
0.0001729375 0 1 1 2 2 0 3 1 
0.0000089375 0 1 1 2 2 0 3 3 
0.0002233750 0 1 1 2 2 1 0 0 
0.0001794375 0 1 1 2 2 1 0 2 
0.0002042500 0 1 1 2 2 2 0 1 
0.0002289375 0 1 1 2 2 2 0 3 
0.0001830000 0 1 1 2 2 2 1 1 
0.0001465000 0 1 1 2 2 2 2 2 
0.0000525000 0 1 1 2 2 3 0 1 
0.0002200000 0 1 1 2 2 3 0 3 
0.0000538125 0 1 1 2 2 3 3 0 
0.0000730000 0 1 1 2 3 0 1 0 
0.0002048750 0 1 1 2 3 0 2 1 
0.0001332500 0 1 1 2 3 1 1 2 
0.0001574375 0 1 1 2 3 1 2 1 
0.0002147500 0 1 1 2 3 1 2 3 
0.0000458750 0 1 1 2 3 1 3 1 
0.0001705000 0 1 1 2 3 2 0 1 
0.0002313750 0 1 1 2 3 2 0 3 
0.0000102500 0 1 1 2 3 2 1 3 
0.0000885625 0 1 1 2 3 2 2 2 
0.0000650625 0 1 1 2 3 2 3 0 
0.0001676875 0 1 1 2 3 3 2 0 
0.0001877500 0 1 1 2 3 3 3 0 
0.0001326250 0 1 1 3 0 0 0 3 
0.0002170625 0 1 1 3 0 0 1 0 
0.0000563125 0 1 1 3 0 0 2 1 
0.0002411875 0 1 1 3 0 0 2 2 
0.0001551875 0 1 1 3 0 0 3 1 
0.0000828125 0 1 1 3 0 0 3 2 
0.0001822500 0 1 1 3 0 1 1 3 
0.0001520625 0 1 1 3 0 1 2 1 
0.0001278750 0 1 1 3 0 2 0 2 
0.0000733750 0 1 1 3 0 2 2 0 
0.0000170000 0 1 1 3 0 2 3 0 
0.0000941875 0 1 1 3 0 3 2 3 
0.0000566250 0 1 1 3 1 0 0 0 
0.0000704375 0 1 1 3 1 0 0 3 
0.0000420000 0 1 1 3 1 0 2 1 
0.0002101250 0 1 1 3 1 0 2 2 
0.0000338125 0 1 1 3 1 0 3 1 
0.0001093125 0 1 1 3 1 1 0 0 
0.0001088125 0 1 1 3 1 1 0 3 
0.0000268125 0 1 1 3 1 1 1 3 
0.0002349375 0 1 1 3 1 1 3 2 
0.0002388125 0 1 1 3 1 2 2 3 
0.0001936875 0 1 1 3 1 3 0 2 
0.0001998750 0 1 1 3 1 3 2 3 
0.0002188750 0 1 1 3 1 3 3 0 
0.0000908750 0 1 1 3 1 3 3 3 
0.0001423750 0 1 1 3 2 0 2 2 
0.0000806250 0 1 1 3 2 0 3 1 
0.0001794375 0 1 1 3 2 1 0 3 
0.0002176250 0 1 1 3 2 1 2 2 
0.0000035000 0 1 1 3 2 1 3 2 
0.0001875625 0 1 1 3 2 2 0 1 
0.0002295625 0 1 1 3 2 2 1 2 
0.0001465000 0 1 1 3 2 2 2 3 
0.0001890000 0 1 1 3 2 3 0 1 
0.0001603750 0 1 1 3 2 3 1 2 
0.0000358750 0 1 1 3 3 0 0 0 
0.0001128125 0 1 1 3 3 0 2 2 
0.0000059375 0 1 1 3 3 0 3 1 
0.0001956250 0 1 1 3 3 0 3 2 
0.0000135000 0 1 1 3 3 1 1 0 
0.0001332500 0 1 1 3 3 1 1 3 
0.0000634375 0 1 1 3 3 1 3 1 
0.0002384375 0 1 1 3 3 1 3 2 
0.0000190625 0 1 1 3 3 2 0 1 
0.0001116250 0 1 1 3 3 2 1 1 
0.0000728125 0 1 1 3 3 2 2 0 
0.0000885625 0 1 1 3 3 2 2 3 
0.0000923750 0 1 1 3 3 3 0 2 
0.0001008750 0 1 1 3 3 3 1 1 
0.0000568750 0 1 1 3 3 3 1 2 
0.0001208750 0 1 1 3 3 3 3 0 
0.0001756250 0 1 2 0 0 0 0 0 
0.0001551875 0 1 2 0 0 0 0 2 
0.0002124375 0 1 2 0 0 0 0 3 
0.0002392500 0 1 2 0 0 0 2 1 
0.0002170625 0 1 2 0 0 0 2 3 
0.0001491250 0 1 2 0 0 1 0 0 
0.0000124375 0 1 2 0 0 1 0 1 
0.0001302500 0 1 2 0 0 1 0 3 
0.0001822500 0 1 2 0 0 1 2 0 
0.0000637500 0 1 2 0 0 1 2 2 
0.0000436250 0 1 2 0 0 2 1 0 
0.0000299375 0 1 2 0 0 2 1 1 
0.0001675000 0 1 2 0 0 2 1 2 
0.0000911250 0 1 2 0 0 3 1 3 
0.0002292500 0 1 2 0 0 3 3 0 
0.0002325000 0 1 2 0 0 3 3 1 
0.0001141250 0 1 2 0 1 0 0 1 
0.0000338125 0 1 2 0 1 0 0 2 
0.0001235000 0 1 2 0 1 0 0 3 
0.0000513125 0 1 2 0 1 0 2 1 
0.0000835000 0 1 2 0 1 1 0 0 
0.0001650625 0 1 2 0 1 1 0 3 
0.0000268125 0 1 2 0 1 1 2 0 
0.0002136875 0 1 2 0 1 1 2 2 
0.0001346875 0 1 2 0 1 2 1 3 
0.0002013125 0 1 2 0 1 2 3 1 
0.0001855000 0 1 2 0 1 3 1 3 
0.0002182500 0 1 2 0 1 3 3 0 
0.0001933750 0 1 2 0 2 0 0 0 
0.0000089375 0 1 2 0 2 0 0 1 
0.0000806250 0 1 2 0 2 0 0 2 
0.0000443125 0 1 2 0 2 0 2 1 
0.0000976250 0 1 2 0 2 1 0 3 
0.0000548750 0 1 2 0 2 2 1 2 
0.0001999375 0 1 2 0 2 2 1 3 
0.0002018125 0 1 2 0 2 2 3 0 
0.0002289375 0 1 2 0 2 2 3 1 
0.0001875625 0 1 2 0 2 2 3 2 
0.0001456875 0 1 2 0 2 3 1 0 
0.0000014375 0 1 2 0 2 3 1 1 
0.0001878125 0 1 2 0 2 3 1 2 
0.0002154375 0 1 2 0 2 3 1 3 
0.0002200000 0 1 2 0 2 3 3 1 
0.0001890000 0 1 2 0 2 3 3 2 
0.0001466875 0 1 2 0 3 0 0 0 
0.0000059375 0 1 2 0 3 0 0 2 
0.0002018125 0 1 2 0 3 0 0 3 
0.0000151875 0 1 2 0 3 0 2 1 
0.0000730000 0 1 2 0 3 0 2 2 
0.0000634375 0 1 2 0 3 1 0 2 
0.0001332500 0 1 2 0 3 1 2 0 
0.0002014375 0 1 2 0 3 1 2 1 
0.0000135000 0 1 2 0 3 1 2 3 
0.0001128750 0 1 2 0 3 2 1 2 
0.0000059375 0 1 2 0 3 2 3 0 
0.0002313750 0 1 2 0 3 2 3 1 
0.0000190625 0 1 2 0 3 2 3 2 
0.0000738125 0 1 2 0 3 3 1 0 
0.0001919375 0 1 2 0 3 3 1 1 
0.0001209375 0 1 2 0 3 3 1 3 
0.0001111875 0 1 2 0 3 3 3 0 
0.0001899375 0 1 2 0 3 3 3 3 
0.0001756250 0 1 2 1 0 0 0 1 
0.0000563125 0 1 2 1 0 0 1 3 
0.0002392500 0 1 2 1 0 0 2 0 
0.0000081250 0 1 2 1 0 0 3 2 
0.0000124375 0 1 2 1 0 1 0 0 
0.0001491250 0 1 2 1 0 1 0 1 
0.0000801250 0 1 2 1 0 1 1 2 
0.0001520625 0 1 2 1 0 1 1 3 
0.0001822500 0 1 2 1 0 1 2 1 
0.0001043125 0 1 2 1 0 1 3 2 
0.0001366250 0 1 2 1 0 1 3 3 
0.0000299375 0 1 2 1 0 2 1 0 
0.0000436250 0 1 2 1 0 2 1 1 
0.0001998125 0 1 2 1 0 2 2 3 
0.0000641250 0 1 2 1 0 3 0 2 
0.0000752500 0 1 2 1 0 3 2 2 
0.0000395625 0 1 2 1 0 3 2 3 
0.0002325000 0 1 2 1 0 3 3 0 
0.0002292500 0 1 2 1 0 3 3 1 
0.0001141250 0 1 2 1 1 0 0 0 
0.0001753750 0 1 2 1 1 0 1 2 
0.0000420000 0 1 2 1 1 0 1 3 
0.0000513125 0 1 2 1 1 0 2 0 
0.0000835000 0 1 2 1 1 1 0 1 
0.0000268125 0 1 2 1 1 1 2 1 
0.0002342500 0 1 2 1 1 1 3 3 
0.0002105000 0 1 2 1 1 2 0 2 
0.0000754375 0 1 2 1 1 2 0 3 
0.0002187500 0 1 2 1 1 2 2 2 
0.0001494375 0 1 2 1 1 2 2 3 
0.0002013125 0 1 2 1 1 2 3 0 
0.0000105625 0 1 2 1 1 3 2 2 
0.0000900000 0 1 2 1 1 3 2 3 
0.0002182500 0 1 2 1 1 3 3 1 
0.0000089375 0 1 2 1 2 0 0 0 
0.0001933750 0 1 2 1 2 0 0 1 
0.0000443125 0 1 2 1 2 0 2 0 
0.0000235625 0 1 2 1 2 0 3 2 
0.0001531875 0 1 2 1 2 0 3 3 
0.0001568750 0 1 2 1 2 1 3 2 
0.0002233750 0 1 2 1 2 1 3 3 
0.0002287500 0 1 2 1 2 2 0 2 
0.0001250000 0 1 2 1 2 2 2 3 
0.0002289375 0 1 2 1 2 2 3 0 
0.0002018125 0 1 2 1 2 2 3 1 
0.0001423125 0 1 2 1 2 3 0 2 
0.0000538125 0 1 2 1 2 3 0 3 
0.0000014375 0 1 2 1 2 3 1 0 
0.0001456875 0 1 2 1 2 3 1 1 
0.0001401875 0 1 2 1 2 3 2 2 
0.0001669375 0 1 2 1 2 3 2 3 
0.0002200000 0 1 2 1 2 3 3 0 
0.0001466875 0 1 2 1 3 0 0 1 
0.0002048750 0 1 2 1 3 0 1 2 
0.0000151875 0 1 2 1 3 0 2 0 
0.0001574375 0 1 2 1 3 1 1 2 
0.0002014375 0 1 2 1 3 1 2 0 
0.0001332500 0 1 2 1 3 1 2 1 
0.0002091250 0 1 2 1 3 1 3 2 
0.0001140000 0 1 2 1 3 2 0 2 
0.0000650625 0 1 2 1 3 2 0 3 
0.0000758125 0 1 2 1 3 2 2 2 
0.0002313750 0 1 2 1 3 2 3 0 
0.0000059375 0 1 2 1 3 2 3 1 
0.0001877500 0 1 2 1 3 3 0 3 
0.0001919375 0 1 2 1 3 3 1 0 
0.0000738125 0 1 2 1 3 3 1 1 
0.0001768750 0 1 2 1 3 3 2 2 
0.0001111875 0 1 2 1 3 3 3 1 
0.0001551875 0 1 2 2 0 0 0 0 
0.0001756250 0 1 2 2 0 0 0 2 
0.0000308125 0 1 2 2 0 0 1 1 
0.0002411875 0 1 2 2 0 0 1 3 
0.0000938750 0 1 2 2 0 0 3 3 
0.0001491250 0 1 2 2 0 1 0 2 
0.0000637500 0 1 2 2 0 1 2 0 
0.0001822500 0 1 2 2 0 1 2 2 
0.0000170000 0 1 2 2 0 2 0 1 
0.0001177500 0 1 2 2 0 2 0 3 
0.0001675000 0 1 2 2 0 2 1 0 
0.0000436250 0 1 2 2 0 2 1 2 
0.0001237500 0 1 2 2 0 2 2 1 
0.0002296250 0 1 2 2 0 2 2 3 
0.0001530000 0 1 2 2 0 3 2 3 
0.0002292500 0 1 2 2 0 3 3 2 
0.0000338125 0 1 2 2 1 0 0 0 
0.0002101250 0 1 2 2 1 0 1 3 
0.0000566250 0 1 2 2 1 0 3 1 
0.0000081875 0 1 2 2 1 0 3 3 
0.0000835000 0 1 2 2 1 1 0 2 
0.0000718750 0 1 2 2 1 1 1 1 
0.0002136875 0 1 2 2 1 1 2 0 
0.0000268125 0 1 2 2 1 1 2 2 
0.0001093125 0 1 2 2 1 1 3 1 
0.0001510625 0 1 2 2 1 2 0 3 
0.0000863125 0 1 2 2 1 2 2 3 
0.0002188750 0 1 2 2 1 3 0 1 
0.0000661250 0 1 2 2 1 3 2 3 
0.0002182500 0 1 2 2 1 3 3 2 
0.0000806250 0 1 2 2 2 0 0 0 
0.0001933750 0 1 2 2 2 0 0 2 
0.0000656250 0 1 2 2 2 0 1 1 
0.0001423750 0 1 2 2 2 0 1 3 
0.0002394375 0 1 2 2 2 1 1 1 
0.0002176250 0 1 2 2 2 1 1 3 
0.0001405625 0 1 2 2 2 2 0 3 
0.0000548750 0 1 2 2 2 2 1 0 
0.0001830000 0 1 2 2 2 2 2 1 
0.0001875625 0 1 2 2 2 2 3 0 
0.0002018125 0 1 2 2 2 2 3 2 
0.0002360625 0 1 2 2 2 3 0 3 
0.0001878125 0 1 2 2 2 3 1 0 
0.0001456875 0 1 2 2 2 3 1 2 
0.0001890000 0 1 2 2 2 3 3 0 
0.0000059375 0 1 2 2 3 0 0 0 
0.0001466875 0 1 2 2 3 0 0 2 
0.0001128125 0 1 2 2 3 0 1 3 
0.0000730000 0 1 2 2 3 0 2 0 
0.0000358750 0 1 2 2 3 0 3 1 
0.0000641250 0 1 2 2 3 0 3 3 
0.0000634375 0 1 2 2 3 1 0 0 
0.0001332500 0 1 2 2 3 1 2 2 
0.0001052500 0 1 2 2 3 1 3 3 
0.0001678750 0 1 2 2 3 2 0 3 
0.0001128750 0 1 2 2 3 2 1 0 
0.0000102500 0 1 2 2 3 2 2 3 
0.0000190625 0 1 2 2 3 2 3 0 
0.0000059375 0 1 2 2 3 2 3 2 
0.0001208750 0 1 2 2 3 3 0 1 
0.0000738125 0 1 2 2 3 3 1 2 
0.0001111875 0 1 2 2 3 3 3 2 
0.0002124375 0 1 2 3 0 0 0 0 
0.0001756250 0 1 2 3 0 0 0 3 
0.0002170625 0 1 2 3 0 0 2 0 
0.0000870625 0 1 2 3 0 0 3 1 
0.0001302500 0 1 2 3 0 1 0 0 
0.0001491250 0 1 2 3 0 1 0 3 
0.0000194375 0 1 2 3 0 1 1 2 
0.0001822500 0 1 2 3 0 1 2 3 
0.0001372500 0 1 2 3 0 1 3 2 
0.0001168125 0 1 2 3 0 2 0 1 
0.0000436250 0 1 2 3 0 2 1 3 
0.0002218750 0 1 2 3 0 3 0 1 
0.0000193750 0 1 2 3 0 3 0 2 
0.0000911250 0 1 2 3 0 3 1 0 
0.0002292500 0 1 2 3 0 3 3 3 
0.0001235000 0 1 2 3 1 0 0 0 
0.0000356875 0 1 2 3 1 0 3 1 
0.0001650625 0 1 2 3 1 1 0 0 
0.0000835000 0 1 2 3 1 1 0 3 
0.0001411875 0 1 2 3 1 1 1 1 
0.0000171250 0 1 2 3 1 1 1 2 
0.0000268125 0 1 2 3 1 1 2 3 
0.0002010625 0 1 2 3 1 1 3 2 
0.0001346875 0 1 2 3 1 2 1 0 
0.0000841250 0 1 2 3 1 3 0 1 
0.0001109375 0 1 2 3 1 3 0 2 
0.0001855000 0 1 2 3 1 3 1 0 
0.0002182500 0 1 2 3 1 3 3 3 
0.0001933750 0 1 2 3 2 0 0 3 
0.0001385000 0 1 2 3 2 0 1 1 
0.0002308750 0 1 2 3 2 0 3 2 
0.0000976250 0 1 2 3 2 1 0 0 
0.0000210625 0 1 2 3 2 1 1 1 
0.0000801875 0 1 2 3 2 1 3 2 
0.0001271875 0 1 2 3 2 2 0 1 
0.0001999375 0 1 2 3 2 2 1 0 
0.0002295625 0 1 2 3 2 2 2 2 
0.0002018125 0 1 2 3 2 2 3 3 
0.0002154375 0 1 2 3 2 3 1 0 
0.0001456875 0 1 2 3 2 3 1 3 
0.0001603750 0 1 2 3 2 3 2 2 
0.0002018125 0 1 2 3 3 0 0 0 
0.0001466875 0 1 2 3 3 0 0 3 
0.0000781875 0 1 2 3 3 0 1 1 
0.0002338750 0 1 2 3 3 0 3 1 
0.0001862500 0 1 2 3 3 1 1 1 
0.0002147500 0 1 2 3 3 1 1 2 
0.0000135000 0 1 2 3 3 1 2 0 
0.0001332500 0 1 2 3 3 1 2 3 
0.0000728125 0 1 2 3 3 1 3 1 
0.0001116250 0 1 2 3 3 2 2 1 
0.0000059375 0 1 2 3 3 2 3 3 
0.0000316875 0 1 2 3 3 3 0 2 
0.0001209375 0 1 2 3 3 3 1 0 
0.0000738125 0 1 2 3 3 3 1 3 
0.0001008750 0 1 2 3 3 3 2 1 
0.0000568750 0 1 2 3 3 3 2 2 
0.0001899375 0 1 2 3 3 3 3 0 
0.0001111875 0 1 2 3 3 3 3 3 
0.0001433750 0 1 3 0 0 0 0 0 
0.0002411875 0 1 3 0 0 0 0 1 
0.0002392500 0 1 3 0 0 0 3 1 
0.0002170625 0 1 3 0 0 0 3 3 
0.0000354375 0 1 3 0 0 1 0 0 
0.0000801250 0 1 3 0 0 1 0 3 
0.0001822500 0 1 3 0 0 1 3 0 
0.0000637500 0 1 3 0 0 1 3 2 
0.0002157500 0 1 3 0 0 2 1 0 
0.0001177500 0 1 3 0 0 2 1 1 
0.0001168125 0 1 3 0 0 2 1 2 
0.0001455000 0 1 3 0 0 2 2 0 
0.0001278750 0 1 3 0 0 2 2 1 
0.0000193750 0 1 3 0 0 2 2 2 
0.0000666250 0 1 3 0 0 2 2 3 
0.0002395000 0 1 3 0 0 3 1 0 
0.0002218750 0 1 3 0 0 3 1 2 
0.0000641250 0 1 3 0 0 3 1 3 
0.0001465625 0 1 3 0 0 3 2 2 
0.0001319375 0 1 3 0 0 3 2 3 
0.0002101250 0 1 3 0 1 0 0 1 
0.0001753750 0 1 3 0 1 0 0 3 
0.0000513125 0 1 3 0 1 0 3 1 
0.0000026250 0 1 3 0 1 1 0 0 
0.0001411875 0 1 3 0 1 1 0 2 
0.0000268125 0 1 3 0 1 1 3 0 
0.0002136875 0 1 3 0 1 1 3 2 
0.0000746250 0 1 3 0 1 2 1 0 
0.0001510625 0 1 3 0 1 2 1 1 
0.0002105000 0 1 3 0 1 2 1 3 
0.0001655625 0 1 3 0 1 2 2 0 
0.0000475625 0 1 3 0 1 2 2 2 
0.0002290625 0 1 3 0 1 2 2 3 
0.0000841250 0 1 3 0 1 3 1 2 
0.0001936875 0 1 3 0 1 3 2 1 
0.0002415625 0 1 3 0 1 3 2 2 
0.0000527500 0 1 3 0 1 3 2 3 
0.0001423750 0 1 3 0 2 0 0 1 
0.0001385000 0 1 3 0 2 0 0 2 
0.0000443125 0 1 3 0 2 0 3 1 
0.0000321875 0 1 3 0 2 1 0 0 
0.0002176250 0 1 3 0 2 1 0 1 
0.0000210625 0 1 3 0 2 1 0 2 
0.0000232500 0 1 3 0 2 2 1 0 
0.0001405625 0 1 3 0 2 2 1 1 
0.0001271875 0 1 3 0 2 2 1 2 
0.0002287500 0 1 3 0 2 2 1 3 
0.0002042500 0 1 3 0 2 2 2 3 
0.0001483750 0 1 3 0 2 3 1 0 
0.0002360625 0 1 3 0 2 3 1 1 
0.0001423125 0 1 3 0 2 3 1 3 
0.0001988125 0 1 3 0 2 3 2 0 
0.0000525000 0 1 3 0 2 3 2 3 
0.0000438125 0 1 3 0 3 0 0 0 
0.0001128125 0 1 3 0 3 0 0 1 
0.0000781875 0 1 3 0 3 0 0 2 
0.0002048750 0 1 3 0 3 0 0 3 
0.0000151875 0 1 3 0 3 0 3 1 
0.0000730000 0 1 3 0 3 0 3 2 
0.0001862500 0 1 3 0 3 1 0 2 
0.0001574375 0 1 3 0 3 1 0 3 
0.0001332500 0 1 3 0 3 1 3 0 
0.0002014375 0 1 3 0 3 1 3 1 
0.0000135000 0 1 3 0 3 1 3 3 
0.0000588125 0 1 3 0 3 2 1 0 
0.0001678750 0 1 3 0 3 2 1 1 
0.0001140000 0 1 3 0 3 2 1 3 
0.0001705000 0 1 3 0 3 2 2 3 
0.0000756250 0 1 3 0 3 3 1 0 
0.0000923750 0 1 3 0 3 3 2 1 
0.0001093750 0 1 3 0 3 3 2 2 
0.0002411875 0 1 3 1 0 0 0 0 
0.0001433750 0 1 3 1 0 0 0 1 
0.0001551875 0 1 3 1 0 0 1 3 
0.0000870625 0 1 3 1 0 0 2 3 
0.0002392500 0 1 3 1 0 0 3 0 
0.0000354375 0 1 3 1 0 1 0 1 
0.0001822500 0 1 3 1 0 1 3 1 
0.0000733750 0 1 3 1 0 2 0 2 
0.0001675000 0 1 3 1 0 2 0 3 
0.0001177500 0 1 3 1 0 2 1 0 
0.0002157500 0 1 3 1 0 2 1 1 
0.0001278750 0 1 3 1 0 2 2 0 
0.0001455000 0 1 3 1 0 2 2 1 
0.0001998125 0 1 3 1 0 2 3 3 
0.0002395000 0 1 3 1 0 3 1 1 
0.0000752500 0 1 3 1 0 3 3 2 
0.0000395625 0 1 3 1 0 3 3 3 
0.0002101250 0 1 3 1 1 0 0 0 
0.0000338125 0 1 3 1 1 0 1 3 
0.0000566250 0 1 3 1 1 0 2 2 
0.0000356875 0 1 3 1 1 0 2 3 
0.0000513125 0 1 3 1 1 0 3 0 
0.0000026250 0 1 3 1 1 1 0 1 
0.0001093125 0 1 3 1 1 1 2 2 
0.0000268125 0 1 3 1 1 1 3 1 
0.0001510625 0 1 3 1 1 2 1 0 
0.0000746250 0 1 3 1 1 2 1 1 
0.0001655625 0 1 3 1 1 2 2 1 
0.0002187500 0 1 3 1 1 2 3 2 
0.0001494375 0 1 3 1 1 2 3 3 
0.0001936875 0 1 3 1 1 3 2 0 
0.0000105625 0 1 3 1 1 3 3 2 
0.0000900000 0 1 3 1 1 3 3 3 
0.0001423750 0 1 3 1 2 0 0 0 
0.0001729375 0 1 3 1 2 0 1 2 
0.0000806250 0 1 3 1 2 0 1 3 
0.0000443125 0 1 3 1 2 0 3 0 
0.0002176250 0 1 3 1 2 1 0 0 
0.0000321875 0 1 3 1 2 1 0 1 
0.0000548750 0 1 3 1 2 2 0 3 
0.0001405625 0 1 3 1 2 2 1 0 
0.0000232500 0 1 3 1 2 2 1 1 
0.0001250000 0 1 3 1 2 2 3 3 
0.0001878125 0 1 3 1 2 3 0 3 
0.0002360625 0 1 3 1 2 3 1 0 
0.0001483750 0 1 3 1 2 3 1 1 
0.0001988125 0 1 3 1 2 3 2 1 
0.0001401875 0 1 3 1 2 3 3 2 
0.0001669375 0 1 3 1 2 3 3 3 
0.0001128125 0 1 3 1 3 0 0 0 
0.0000438125 0 1 3 1 3 0 0 1 
0.0000059375 0 1 3 1 3 0 1 3 
0.0000358750 0 1 3 1 3 0 2 2 
0.0002338750 0 1 3 1 3 0 2 3 
0.0000151875 0 1 3 1 3 0 3 0 
0.0000458750 0 1 3 1 3 1 1 2 
0.0000634375 0 1 3 1 3 1 1 3 
0.0000728125 0 1 3 1 3 1 2 3 
0.0002014375 0 1 3 1 3 1 3 0 
0.0001332500 0 1 3 1 3 1 3 1 
0.0000728125 0 1 3 1 3 2 0 2 
0.0001128750 0 1 3 1 3 2 0 3 
0.0001678750 0 1 3 1 3 2 1 0 
0.0000588125 0 1 3 1 3 2 1 1 
0.0000758125 0 1 3 1 3 2 3 2 
0.0000756250 0 1 3 1 3 3 1 1 
0.0000923750 0 1 3 1 3 3 2 0 
0.0001768750 0 1 3 1 3 3 3 2 
0.0001433750 0 1 3 2 0 0 0 2 
0.0002124375 0 1 3 2 0 0 1 1 
0.0000828125 0 1 3 2 0 0 1 3 
0.0000081250 0 1 3 2 0 0 2 1 
0.0000354375 0 1 3 2 0 1 0 2 
0.0001302500 0 1 3 2 0 1 1 1 
0.0001043125 0 1 3 2 0 1 2 1 
0.0001372500 0 1 3 2 0 1 2 3 
0.0000637500 0 1 3 2 0 1 3 0 
0.0001822500 0 1 3 2 0 1 3 2 
0.0001168125 0 1 3 2 0 2 1 0 
0.0002157500 0 1 3 2 0 2 1 2 
0.0000193750 0 1 3 2 0 2 2 0 
0.0001455000 0 1 3 2 0 2 2 2 
0.0001237500 0 1 3 2 0 2 3 1 
0.0002296250 0 1 3 2 0 2 3 3 
0.0000911250 0 1 3 2 0 3 0 1 
0.0000240000 0 1 3 2 0 3 0 3 
0.0002218750 0 1 3 2 0 3 1 0 
0.0002395000 0 1 3 2 0 3 1 2 
0.0001465625 0 1 3 2 0 3 2 0 
0.0001530000 0 1 3 2 0 3 3 3 
0.0001235000 0 1 3 2 1 0 1 1 
0.0001411875 0 1 3 2 1 1 0 0 
0.0000026250 0 1 3 2 1 1 0 2 
0.0001650625 0 1 3 2 1 1 1 1 
0.0002349375 0 1 3 2 1 1 1 3 
0.0002010625 0 1 3 2 1 1 2 3 
0.0002136875 0 1 3 2 1 1 3 0 
0.0000268125 0 1 3 2 1 1 3 2 
0.0001346875 0 1 3 2 1 2 0 1 
0.0000020000 0 1 3 2 1 2 0 3 
0.0000746250 0 1 3 2 1 2 1 2 
0.0000475625 0 1 3 2 1 2 2 0 
0.0001655625 0 1 3 2 1 2 2 2 
0.0000863125 0 1 3 2 1 2 3 3 
0.0001855000 0 1 3 2 1 3 0 1 
0.0001639375 0 1 3 2 1 3 0 3 
0.0000841250 0 1 3 2 1 3 1 0 
0.0002415625 0 1 3 2 1 3 2 0 
0.0000661250 0 1 3 2 1 3 3 3 
0.0001385000 0 1 3 2 2 0 0 0 
0.0000235625 0 1 3 2 2 0 2 1 
0.0002308750 0 1 3 2 2 0 2 3 
0.0000210625 0 1 3 2 2 1 0 0 
0.0000321875 0 1 3 2 2 1 0 2 
0.0000976250 0 1 3 2 2 1 1 1 
0.0000035000 0 1 3 2 2 1 1 3 
0.0001568750 0 1 3 2 2 1 2 1 
0.0000801875 0 1 3 2 2 1 2 3 
0.0001999375 0 1 3 2 2 2 0 1 
0.0001363125 0 1 3 2 2 2 0 3 
0.0001271875 0 1 3 2 2 2 1 0 
0.0000232500 0 1 3 2 2 2 1 2 
0.0001830000 0 1 3 2 2 2 3 1 
0.0002154375 0 1 3 2 2 3 0 1 
0.0001483750 0 1 3 2 2 3 1 2 
0.0001988125 0 1 3 2 2 3 2 2 
0.0000781875 0 1 3 2 3 0 0 0 
0.0000438125 0 1 3 2 3 0 0 2 
0.0002018125 0 1 3 2 3 0 1 1 
0.0001956250 0 1 3 2 3 0 1 3 
0.0000730000 0 1 3 2 3 0 3 0 
0.0001862500 0 1 3 2 3 1 0 0 
0.0002384375 0 1 3 2 3 1 1 3 
0.0002091250 0 1 3 2 3 1 2 1 
0.0001332500 0 1 3 2 3 1 3 2 
0.0000257500 0 1 3 2 3 2 0 3 
0.0000588125 0 1 3 2 3 2 1 2 
0.0000102500 0 1 3 2 3 2 3 3 
0.0001209375 0 1 3 2 3 3 0 1 
0.0000756250 0 1 3 2 3 3 1 2 
0.0001093750 0 1 3 2 3 3 2 0 
0.0001433750 0 1 3 3 0 0 0 3 
0.0000938750 0 1 3 3 0 0 2 2 
0.0002170625 0 1 3 3 0 0 3 0 
0.0000801250 0 1 3 3 0 1 0 0 
0.0000354375 0 1 3 3 0 1 0 3 
0.0000955000 0 1 3 3 0 1 1 1 
0.0000124375 0 1 3 3 0 1 1 2 
0.0001366250 0 1 3 3 0 1 2 1 
0.0001822500 0 1 3 3 0 1 3 3 
0.0000299375 0 1 3 3 0 2 0 2 
0.0002157500 0 1 3 3 0 2 1 3 
0.0000666250 0 1 3 3 0 2 2 0 
0.0001455000 0 1 3 3 0 2 2 3 
0.0002126875 0 1 3 3 0 3 0 1 
0.0000641250 0 1 3 3 0 3 1 0 
0.0002395000 0 1 3 3 0 3 1 3 
0.0001319375 0 1 3 3 0 3 2 0 
0.0001753750 0 1 3 3 1 0 0 0 
0.0001141250 0 1 3 3 1 0 1 2 
0.0000081875 0 1 3 3 1 0 2 2 
0.0000026250 0 1 3 3 1 1 0 3 
0.0001898750 0 1 3 3 1 1 1 1 
0.0002342500 0 1 3 3 1 1 2 1 
0.0000268125 0 1 3 3 1 1 3 3 
0.0000415000 0 1 3 3 1 2 0 1 
0.0002105000 0 1 3 3 1 2 1 0 
0.0000746250 0 1 3 3 1 2 1 3 
0.0002290625 0 1 3 3 1 2 2 0 
0.0001655625 0 1 3 3 1 2 2 3 
0.0000688750 0 1 3 3 1 3 0 1 
0.0000527500 0 1 3 3 1 3 2 0 
0.0000089375 0 1 3 3 2 0 1 2 
0.0001531875 0 1 3 3 2 0 2 1 
0.0000321875 0 1 3 3 2 1 0 3 
0.0001772500 0 1 3 3 2 1 1 1 
0.0002233750 0 1 3 3 2 1 2 1 
0.0002287500 0 1 3 3 2 2 1 0 
0.0000232500 0 1 3 3 2 2 1 3 
0.0002042500 0 1 3 3 2 2 2 0 
0.0002295625 0 1 3 3 2 2 3 2 
0.0000014375 0 1 3 3 2 3 0 2 
0.0001423125 0 1 3 3 2 3 1 0 
0.0001483750 0 1 3 3 2 3 1 3 
0.0000525000 0 1 3 3 2 3 2 0 
0.0001988125 0 1 3 3 2 3 2 3 
0.0001603750 0 1 3 3 2 3 3 2 
0.0002048750 0 1 3 3 3 0 0 0 
0.0000438125 0 1 3 3 3 0 0 3 
0.0000641250 0 1 3 3 3 0 2 2 
0.0001574375 0 1 3 3 3 1 0 0 
0.0001052500 0 1 3 3 3 1 2 2 
0.0000135000 0 1 3 3 3 1 3 0 
0.0001332500 0 1 3 3 3 1 3 3 
0.0001140000 0 1 3 3 3 2 1 0 
0.0000588125 0 1 3 3 3 2 1 3 
0.0001705000 0 1 3 3 3 2 2 0 
0.0001116250 0 1 3 3 3 2 3 1 
0.0001676875 0 1 3 3 3 3 0 1 
0.0001919375 0 1 3 3 3 3 0 2 
0.0000756250 0 1 3 3 3 3 1 3 
0.0001008750 0 1 3 3 3 3 3 1 
0.0000568750 0 1 3 3 3 3 3 2 
0.0000470000 0 2 0 0 0 0 0 0 
0.0001530000 0 2 0 0 0 0 0 1 
0.0000752500 0 2 0 0 0 0 0 3 
0.0002292500 0 2 0 0 0 0 1 0 
0.0002325000 0 2 0 0 0 0 1 1 
0.0002395000 0 2 0 0 0 0 2 0 
0.0002218750 0 2 0 0 0 0 2 2 
0.0000641250 0 2 0 0 0 0 2 3 
0.0000941875 0 2 0 0 0 0 3 0 
0.0000240000 0 2 0 0 0 0 3 1 
0.0002126875 0 2 0 0 0 0 3 2 
0.0001822500 0 2 0 0 0 2 0 0 
0.0000637500 0 2 0 0 0 2 0 2 
0.0001372500 0 2 0 0 0 2 1 1 
0.0001366250 0 2 0 0 0 2 1 2 
0.0001491250 0 2 0 0 0 2 2 0 
0.0000124375 0 2 0 0 0 2 2 1 
0.0001302500 0 2 0 0 0 2 2 3 
0.0000354375 0 2 0 0 0 2 3 0 
0.0000801250 0 2 0 0 0 2 3 3 
0.0000661250 0 2 0 0 1 0 0 1 
0.0000105625 0 2 0 0 1 0 0 3 
0.0002182500 0 2 0 0 1 0 1 0 
0.0000841250 0 2 0 0 1 0 2 2 
0.0001998750 0 2 0 0 1 0 3 0 
0.0001639375 0 2 0 0 1 0 3 1 
0.0000688750 0 2 0 0 1 0 3 2 
0.0000268125 0 2 0 0 1 2 0 0 
0.0002136875 0 2 0 0 1 2 0 2 
0.0001088125 0 2 0 0 1 2 1 0 
0.0002010625 0 2 0 0 1 2 1 1 
0.0002342500 0 2 0 0 1 2 1 2 
0.0001093125 0 2 0 0 1 2 1 3 
0.0000835000 0 2 0 0 1 2 2 0 
0.0001650625 0 2 0 0 1 2 2 3 
0.0000026250 0 2 0 0 1 2 3 0 
0.0001411875 0 2 0 0 1 2 3 2 
0.0001401875 0 2 0 0 2 0 0 3 
0.0002200000 0 2 0 0 2 0 1 1 
0.0001890000 0 2 0 0 2 0 1 2 
0.0001483750 0 2 0 0 2 0 2 0 
0.0002360625 0 2 0 0 2 0 2 1 
0.0001423125 0 2 0 0 2 0 2 3 
0.0001794375 0 2 0 0 2 2 1 0 
0.0000801875 0 2 0 0 2 2 1 1 
0.0002233750 0 2 0 0 2 2 1 2 
0.0000976250 0 2 0 0 2 2 2 3 
0.0000321875 0 2 0 0 2 2 3 0 
0.0002176250 0 2 0 0 2 2 3 1 
0.0000210625 0 2 0 0 2 2 3 2 
0.0001008750 0 2 0 0 3 0 0 2 
0.0001768750 0 2 0 0 3 0 0 3 
0.0001111875 0 2 0 0 3 0 1 0 
0.0001899375 0 2 0 0 3 0 1 3 
0.0000756250 0 2 0 0 3 0 2 0 
0.0001676875 0 2 0 0 3 0 3 2 
0.0001332500 0 2 0 0 3 2 0 0 
0.0002014375 0 2 0 0 3 2 0 1 
0.0000135000 0 2 0 0 3 2 0 3 
0.0000634375 0 2 0 0 3 2 2 2 
0.0001862500 0 2 0 0 3 2 3 2 
0.0001574375 0 2 0 0 3 2 3 3 
0.0001530000 0 2 0 1 0 0 0 0 
0.0000470000 0 2 0 1 0 0 0 1 
0.0002325000 0 2 0 1 0 0 1 0 
0.0002292500 0 2 0 1 0 0 1 1 
0.0002395000 0 2 0 1 0 0 2 1 
0.0000240000 0 2 0 1 0 0 3 0 
0.0000941875 0 2 0 1 0 0 3 1 
0.0001237500 0 2 0 1 0 1 0 2 
0.0000666250 0 2 0 1 0 1 1 2 
0.0000170000 0 2 0 1 0 1 2 2 
0.0001168125 0 2 0 1 0 1 2 3 
0.0001822500 0 2 0 1 0 2 0 1 
0.0001372500 0 2 0 1 0 2 1 0 
0.0000124375 0 2 0 1 0 2 2 0 
0.0001491250 0 2 0 1 0 2 2 1 
0.0000354375 0 2 0 1 0 2 3 1 
0.0000081250 0 2 0 1 0 3 1 2 
0.0001551875 0 2 0 1 0 3 2 3 
0.0000308125 0 2 0 1 0 3 3 2 
0.0000661250 0 2 0 1 1 0 0 0 
0.0002182500 0 2 0 1 1 0 1 1 
0.0001639375 0 2 0 1 1 0 3 0 
0.0001998750 0 2 0 1 1 0 3 1 
0.0002290625 0 2 0 1 1 1 1 2 
0.0001346875 0 2 0 1 1 1 3 2 
0.0000415000 0 2 0 1 1 1 3 3 
0.0000268125 0 2 0 1 1 2 0 1 
0.0002010625 0 2 0 1 1 2 1 0 
0.0001088125 0 2 0 1 1 2 1 1 
0.0000835000 0 2 0 1 1 2 2 1 
0.0000026250 0 2 0 1 1 2 3 1 
0.0000464375 0 2 0 1 1 3 0 2 
0.0000338125 0 2 0 1 1 3 2 3 
0.0002200000 0 2 0 1 2 0 1 0 
0.0002360625 0 2 0 1 2 0 2 0 
0.0001483750 0 2 0 1 2 0 2 1 
0.0001830000 0 2 0 1 2 1 0 2 
0.0002042500 0 2 0 1 2 1 1 2 
0.0001875625 0 2 0 1 2 1 1 3 
0.0001271875 0 2 0 1 2 1 2 3 
0.0001999375 0 2 0 1 2 1 3 2 
0.0000801875 0 2 0 1 2 2 1 0 
0.0001794375 0 2 0 1 2 2 1 1 
0.0002176250 0 2 0 1 2 2 3 0 
0.0000321875 0 2 0 1 2 2 3 1 
0.0002422500 0 2 0 1 2 3 0 2 
0.0000235625 0 2 0 1 2 3 1 2 
0.0001531875 0 2 0 1 2 3 1 3 
0.0001729375 0 2 0 1 2 3 2 2 
0.0000806250 0 2 0 1 2 3 2 3 
0.0000656250 0 2 0 1 2 3 3 2 
0.0001385000 0 2 0 1 2 3 3 3 
0.0001111875 0 2 0 1 3 0 1 1 
0.0000756250 0 2 0 1 3 0 2 1 
0.0001116250 0 2 0 1 3 1 0 3 
0.0001705000 0 2 0 1 3 1 1 2 
0.0000190625 0 2 0 1 3 1 1 3 
0.0002014375 0 2 0 1 3 2 0 0 
0.0001332500 0 2 0 1 3 2 0 1 
0.0000768750 0 2 0 1 3 3 0 2 
0.0000730000 0 2 0 1 3 3 0 3 
0.0000059375 0 2 0 1 3 3 2 3 
0.0000781875 0 2 0 1 3 3 3 3 
0.0000470000 0 2 0 2 0 0 0 2 
0.0002292500 0 2 0 2 0 0 1 2 
0.0002218750 0 2 0 2 0 0 2 0 
0.0002395000 0 2 0 2 0 0 2 2 
0.0002126875 0 2 0 2 0 0 3 0 
0.0000941875 0 2 0 2 0 0 3 2 
0.0001278750 0 2 0 2 0 1 1 3 
0.0000733750 0 2 0 2 0 1 3 1 
0.0000299375 0 2 0 2 0 1 3 3 
0.0000637500 0 2 0 2 0 2 0 0 
0.0001822500 0 2 0 2 0 2 0 2 
0.0001366250 0 2 0 2 0 2 1 0 
0.0001491250 0 2 0 2 0 2 2 2 
0.0000354375 0 2 0 2 0 2 3 2 
0.0002170625 0 2 0 2 0 3 0 1 
0.0000938750 0 2 0 2 0 3 1 3 
0.0002124375 0 2 0 2 0 3 2 1 
0.0000828125 0 2 0 2 0 3 2 3 
0.0002182500 0 2 0 2 1 0 1 2 
0.0000841250 0 2 0 2 1 0 2 0 
0.0000688750 0 2 0 2 1 0 3 0 
0.0001998750 0 2 0 2 1 0 3 2 
0.0002187500 0 2 0 2 1 1 0 1 
0.0002105000 0 2 0 2 1 1 2 1 
0.0002136875 0 2 0 2 1 2 0 0 
0.0000268125 0 2 0 2 1 2 0 2 
0.0002342500 0 2 0 2 1 2 1 0 
0.0001088125 0 2 0 2 1 2 1 2 
0.0000835000 0 2 0 2 1 2 2 2 
0.0001411875 0 2 0 2 1 2 3 0 
0.0000026250 0 2 0 2 1 2 3 2 
0.0000566250 0 2 0 2 1 3 1 1 
0.0000081875 0 2 0 2 1 3 1 3 
0.0001235000 0 2 0 2 1 3 2 1 
0.0001753750 0 2 0 2 1 3 3 1 
0.0001890000 0 2 0 2 2 0 1 0 
0.0001483750 0 2 0 2 2 0 2 2 
0.0002295625 0 2 0 2 2 1 0 3 
0.0002287500 0 2 0 2 2 1 2 1 
0.0002233750 0 2 0 2 2 2 1 0 
0.0001794375 0 2 0 2 2 2 1 2 
0.0000210625 0 2 0 2 2 2 3 0 
0.0000321875 0 2 0 2 2 2 3 2 
0.0001008750 0 2 0 2 3 0 0 0 
0.0001111875 0 2 0 2 3 0 1 2 
0.0000756250 0 2 0 2 3 0 2 2 
0.0001676875 0 2 0 2 3 0 3 0 
0.0000758125 0 2 0 2 3 1 0 1 
0.0001140000 0 2 0 2 3 1 2 1 
0.0000728125 0 2 0 2 3 1 3 1 
0.0001332500 0 2 0 2 3 2 0 2 
0.0000634375 0 2 0 2 3 2 2 0 
0.0001862500 0 2 0 2 3 2 3 0 
0.0000358750 0 2 0 2 3 3 1 1 
0.0000641250 0 2 0 2 3 3 1 3 
0.0002018125 0 2 0 2 3 3 2 1 
0.0001956250 0 2 0 2 3 3 2 3 
0.0002048750 0 2 0 2 3 3 3 1 
0.0000752500 0 2 0 3 0 0 0 0 
0.0000470000 0 2 0 3 0 0 0 3 
0.0002292500 0 2 0 3 0 0 1 3 
0.0000641250 0 2 0 3 0 0 2 0 
0.0002395000 0 2 0 3 0 0 2 3 
0.0000941875 0 2 0 3 0 0 3 3 
0.0001998125 0 2 0 3 0 1 0 1 
0.0002296250 0 2 0 3 0 1 0 2 
0.0000193750 0 2 0 3 0 1 1 1 
0.0001177500 0 2 0 3 0 1 2 2 
0.0001675000 0 2 0 3 0 1 3 1 
0.0001822500 0 2 0 3 0 2 0 3 
0.0001302500 0 2 0 3 0 2 2 0 
0.0001491250 0 2 0 3 0 2 2 3 
0.0000801250 0 2 0 3 0 2 3 0 
0.0000354375 0 2 0 3 0 2 3 3 
0.0001568125 0 2 0 3 0 3 0 1 
0.0002392500 0 2 0 3 0 3 0 2 
0.0000870625 0 2 0 3 0 3 1 1 
0.0000563125 0 2 0 3 0 3 3 1 
0.0002411875 0 2 0 3 0 3 3 2 
0.0000105625 0 2 0 3 1 0 0 0 
0.0002182500 0 2 0 3 1 0 1 3 
0.0001998750 0 2 0 3 1 0 3 3 
0.0001494375 0 2 0 3 1 1 0 1 
0.0000863125 0 2 0 3 1 1 0 2 
0.0000475625 0 2 0 3 1 1 1 1 
0.0002013125 0 2 0 3 1 1 1 2 
0.0000754375 0 2 0 3 1 1 2 1 
0.0001510625 0 2 0 3 1 1 2 2 
0.0000020000 0 2 0 3 1 1 3 2 
0.0000268125 0 2 0 3 1 2 0 3 
0.0001093125 0 2 0 3 1 2 1 0 
0.0001088125 0 2 0 3 1 2 1 3 
0.0001650625 0 2 0 3 1 2 2 0 
0.0000835000 0 2 0 3 1 2 2 3 
0.0000026250 0 2 0 3 1 2 3 3 
0.0002239375 0 2 0 3 1 3 0 1 
0.0000513125 0 2 0 3 1 3 0 2 
0.0000356875 0 2 0 3 1 3 1 1 
0.0001141250 0 2 0 3 1 3 2 2 
0.0000420000 0 2 0 3 1 3 3 1 
0.0002101250 0 2 0 3 1 3 3 2 
0.0001401875 0 2 0 3 2 0 0 0 
0.0001423125 0 2 0 3 2 0 2 0 
0.0001483750 0 2 0 3 2 0 2 3 
0.0001250000 0 2 0 3 2 1 0 1 
0.0002289375 0 2 0 3 2 1 1 2 
0.0001405625 0 2 0 3 2 1 2 2 
0.0000548750 0 2 0 3 2 1 3 1 
0.0001363125 0 2 0 3 2 1 3 2 
0.0001794375 0 2 0 3 2 2 1 3 
0.0000976250 0 2 0 3 2 2 2 0 
0.0000321875 0 2 0 3 2 2 3 3 
0.0000168125 0 2 0 3 2 3 0 1 
0.0000443125 0 2 0 3 2 3 0 2 
0.0002308750 0 2 0 3 2 3 1 2 
0.0000089375 0 2 0 3 2 3 2 2 
0.0001423750 0 2 0 3 2 3 3 2 
0.0001768750 0 2 0 3 3 0 0 0 
0.0001899375 0 2 0 3 3 0 1 0 
0.0001111875 0 2 0 3 3 0 1 3 
0.0000756250 0 2 0 3 3 0 2 3 
0.0000102500 0 2 0 3 3 1 0 2 
0.0002313750 0 2 0 3 3 1 1 2 
0.0000650625 0 2 0 3 3 1 2 1 
0.0001678750 0 2 0 3 3 1 2 2 
0.0001128750 0 2 0 3 3 1 3 1 
0.0000257500 0 2 0 3 3 1 3 2 
0.0000135000 0 2 0 3 3 2 0 0 
0.0001332500 0 2 0 3 3 2 0 3 
0.0001574375 0 2 0 3 3 2 3 0 
0.0000151875 0 2 0 3 3 3 0 2 
0.0002338750 0 2 0 3 3 3 1 1 
0.0001128125 0 2 0 3 3 3 3 2 
0.0002292500 0 2 1 0 0 0 0 0 
0.0002325000 0 2 1 0 0 0 0 1 
0.0000470000 0 2 1 0 0 0 1 0 
0.0001530000 0 2 1 0 0 0 1 1 
0.0000752500 0 2 1 0 0 0 1 3 
0.0000436250 0 2 1 0 0 1 2 0 
0.0000299375 0 2 1 0 0 1 2 1 
0.0001675000 0 2 1 0 0 1 2 2 
0.0002157500 0 2 1 0 0 1 3 0 
0.0001177500 0 2 1 0 0 1 3 1 
0.0001168125 0 2 1 0 0 1 3 2 
0.0001372500 0 2 1 0 0 2 0 1 
0.0001366250 0 2 1 0 0 2 0 2 
0.0001822500 0 2 1 0 0 2 1 0 
0.0000637500 0 2 1 0 0 2 1 2 
0.0000563125 0 2 1 0 0 3 2 2 
0.0000308125 0 2 1 0 0 3 2 3 
0.0001756250 0 2 1 0 0 3 3 0 
0.0001551875 0 2 1 0 0 3 3 2 
0.0002124375 0 2 1 0 0 3 3 3 
0.0002182500 0 2 1 0 1 0 0 0 
0.0000661250 0 2 1 0 1 0 1 1 
0.0000105625 0 2 1 0 1 0 1 3 
0.0001346875 0 2 1 0 1 1 2 3 
0.0000746250 0 2 1 0 1 1 3 0 
0.0001510625 0 2 1 0 1 1 3 1 
0.0002105000 0 2 1 0 1 1 3 3 
0.0001088125 0 2 1 0 1 2 0 0 
0.0002010625 0 2 1 0 1 2 0 1 
0.0002342500 0 2 1 0 1 2 0 2 
0.0001093125 0 2 1 0 1 2 0 3 
0.0000268125 0 2 1 0 1 2 1 0 
0.0002136875 0 2 1 0 1 2 1 2 
0.0001456250 0 2 1 0 1 3 2 0 
0.0000420000 0 2 1 0 1 3 2 2 
0.0001141250 0 2 1 0 1 3 3 1 
0.0000338125 0 2 1 0 1 3 3 2 
0.0001235000 0 2 1 0 1 3 3 3 
0.0002200000 0 2 1 0 2 0 0 1 
0.0001890000 0 2 1 0 2 0 0 2 
0.0001401875 0 2 1 0 2 0 1 3 
0.0000548750 0 2 1 0 2 1 2 2 
0.0001999375 0 2 1 0 2 1 2 3 
0.0000232500 0 2 1 0 2 1 3 0 
0.0001405625 0 2 1 0 2 1 3 1 
0.0001271875 0 2 1 0 2 1 3 2 
0.0002287500 0 2 1 0 2 1 3 3 
0.0001794375 0 2 1 0 2 2 0 0 
0.0000801875 0 2 1 0 2 2 0 1 
0.0002233750 0 2 1 0 2 2 0 2 
0.0000499375 0 2 1 0 2 3 2 0 
0.0000656250 0 2 1 0 2 3 2 3 
0.0001933750 0 2 1 0 2 3 3 0 
0.0000089375 0 2 1 0 2 3 3 1 
0.0000806250 0 2 1 0 2 3 3 2 
0.0001111875 0 2 1 0 3 0 0 0 
0.0001899375 0 2 1 0 3 0 0 3 
0.0001008750 0 2 1 0 3 0 1 2 
0.0001768750 0 2 1 0 3 0 1 3 
0.0001128750 0 2 1 0 3 1 2 2 
0.0000588125 0 2 1 0 3 1 3 0 
0.0001678750 0 2 1 0 3 1 3 1 
0.0001140000 0 2 1 0 3 1 3 3 
0.0001332500 0 2 1 0 3 2 1 0 
0.0002014375 0 2 1 0 3 2 1 1 
0.0000135000 0 2 1 0 3 2 1 3 
0.0001466875 0 2 1 0 3 3 3 0 
0.0000059375 0 2 1 0 3 3 3 2 
0.0002018125 0 2 1 0 3 3 3 3 
0.0002325000 0 2 1 1 0 0 0 0 
0.0002292500 0 2 1 1 0 0 0 1 
0.0001530000 0 2 1 1 0 0 1 0 
0.0000470000 0 2 1 1 0 0 1 1 
0.0000911250 0 2 1 1 0 0 2 2 
0.0002126875 0 2 1 1 0 0 2 3 
0.0000641250 0 2 1 1 0 0 3 2 
0.0000666250 0 2 1 1 0 1 0 2 
0.0001237500 0 2 1 1 0 1 1 2 
0.0000299375 0 2 1 1 0 1 2 0 
0.0000436250 0 2 1 1 0 1 2 1 
0.0001177500 0 2 1 1 0 1 3 0 
0.0002157500 0 2 1 1 0 1 3 1 
0.0001372500 0 2 1 1 0 2 0 0 
0.0001822500 0 2 1 1 0 2 1 1 
0.0001302500 0 2 1 1 0 2 3 2 
0.0000955000 0 2 1 1 0 2 3 3 
0.0000081250 0 2 1 1 0 3 0 2 
0.0001756250 0 2 1 1 0 3 3 1 
0.0002182500 0 2 1 1 1 0 0 1 
0.0000661250 0 2 1 1 1 0 1 0 
0.0001855000 0 2 1 1 1 0 2 2 
0.0000688750 0 2 1 1 1 0 2 3 
0.0002290625 0 2 1 1 1 1 0 2 
0.0001510625 0 2 1 1 1 1 3 0 
0.0000746250 0 2 1 1 1 1 3 1 
0.0002010625 0 2 1 1 1 2 0 0 
0.0001088125 0 2 1 1 1 2 0 1 
0.0000268125 0 2 1 1 1 2 1 1 
0.0000718750 0 2 1 1 1 2 2 2 
0.0001411875 0 2 1 1 1 2 2 3 
0.0001650625 0 2 1 1 1 2 3 2 
0.0001898750 0 2 1 1 1 2 3 3 
0.0000464375 0 2 1 1 1 3 1 2 
0.0001456250 0 2 1 1 1 3 2 1 
0.0001141250 0 2 1 1 1 3 3 0 
0.0002200000 0 2 1 1 2 0 0 0 
0.0002154375 0 2 1 1 2 0 2 2 
0.0001423125 0 2 1 1 2 0 3 2 
0.0000538125 0 2 1 1 2 0 3 3 
0.0002042500 0 2 1 1 2 1 0 2 
0.0001875625 0 2 1 1 2 1 0 3 
0.0001830000 0 2 1 1 2 1 1 2 
0.0001405625 0 2 1 1 2 1 3 0 
0.0000232500 0 2 1 1 2 1 3 1 
0.0000801875 0 2 1 1 2 2 0 0 
0.0001794375 0 2 1 1 2 2 0 1 
0.0002394375 0 2 1 1 2 2 2 2 
0.0000210625 0 2 1 1 2 2 2 3 
0.0000976250 0 2 1 1 2 2 3 2 
0.0001772500 0 2 1 1 2 2 3 3 
0.0000235625 0 2 1 1 2 3 0 2 
0.0001531875 0 2 1 1 2 3 0 3 
0.0002422500 0 2 1 1 2 3 1 2 
0.0000499375 0 2 1 1 2 3 2 1 
0.0000089375 0 2 1 1 2 3 3 0 
0.0001933750 0 2 1 1 2 3 3 1 
0.0001111875 0 2 1 1 3 0 0 1 
0.0001209375 0 2 1 1 3 0 2 2 
0.0001676875 0 2 1 1 3 0 2 3 
0.0001877500 0 2 1 1 3 0 3 3 
0.0001705000 0 2 1 1 3 1 0 2 
0.0000190625 0 2 1 1 3 1 0 3 
0.0001116250 0 2 1 1 3 1 1 3 
0.0001678750 0 2 1 1 3 1 3 0 
0.0000588125 0 2 1 1 3 1 3 1 
0.0002014375 0 2 1 1 3 2 1 0 
0.0001332500 0 2 1 1 3 2 1 1 
0.0001862500 0 2 1 1 3 2 2 3 
0.0000768750 0 2 1 1 3 3 1 2 
0.0000730000 0 2 1 1 3 3 1 3 
0.0001466875 0 2 1 1 3 3 3 1 
0.0002292500 0 2 1 2 0 0 0 2 
0.0000470000 0 2 1 2 0 0 1 2 
0.0001278750 0 2 1 2 0 1 0 3 
0.0001675000 0 2 1 2 0 1 2 0 
0.0000436250 0 2 1 2 0 1 2 2 
0.0001168125 0 2 1 2 0 1 3 0 
0.0002157500 0 2 1 2 0 1 3 2 
0.0001366250 0 2 1 2 0 2 0 0 
0.0000637500 0 2 1 2 0 2 1 0 
0.0001822500 0 2 1 2 0 2 1 2 
0.0000801250 0 2 1 2 0 2 2 1 
0.0000194375 0 2 1 2 0 2 2 3 
0.0000124375 0 2 1 2 0 2 3 3 
0.0000938750 0 2 1 2 0 3 0 3 
0.0002170625 0 2 1 2 0 3 1 1 
0.0000563125 0 2 1 2 0 3 2 0 
0.0001551875 0 2 1 2 0 3 3 0 
0.0001756250 0 2 1 2 0 3 3 2 
0.0002182500 0 2 1 2 1 0 0 2 
0.0002188750 0 2 1 2 1 0 3 1 
0.0002187500 0 2 1 2 1 1 1 1 
0.0000746250 0 2 1 2 1 1 3 2 
0.0002342500 0 2 1 2 1 2 0 0 
0.0001088125 0 2 1 2 1 2 0 2 
0.0002136875 0 2 1 2 1 2 1 0 
0.0000268125 0 2 1 2 1 2 1 2 
0.0000171250 0 2 1 2 1 2 2 3 
0.0000566250 0 2 1 2 1 3 0 1 
0.0000081875 0 2 1 2 1 3 0 3 
0.0000420000 0 2 1 2 1 3 2 0 
0.0001456250 0 2 1 2 1 3 2 2 
0.0000338125 0 2 1 2 1 3 3 0 
0.0001890000 0 2 1 2 2 0 0 0 
0.0000014375 0 2 1 2 2 0 2 3 
0.0002360625 0 2 1 2 2 0 3 3 
0.0002295625 0 2 1 2 2 1 1 3 
0.0000548750 0 2 1 2 2 1 2 0 
0.0001271875 0 2 1 2 2 1 3 0 
0.0000232500 0 2 1 2 2 1 3 2 
0.0002233750 0 2 1 2 2 2 0 0 
0.0001794375 0 2 1 2 2 2 0 2 
0.0000499375 0 2 1 2 2 3 2 2 
0.0000806250 0 2 1 2 2 3 3 0 
0.0001933750 0 2 1 2 2 3 3 2 
0.0001111875 0 2 1 2 3 0 0 2 
0.0001008750 0 2 1 2 3 0 1 0 
0.0001919375 0 2 1 2 3 0 2 3 
0.0001208750 0 2 1 2 3 0 3 1 
0.0000758125 0 2 1 2 3 1 1 1 
0.0001128750 0 2 1 2 3 1 2 0 
0.0000588125 0 2 1 2 3 1 3 2 
0.0001332500 0 2 1 2 3 2 1 2 
0.0001574375 0 2 1 2 3 2 2 1 
0.0002147500 0 2 1 2 3 2 2 3 
0.0000458750 0 2 1 2 3 2 3 1 
0.0000358750 0 2 1 2 3 3 0 1 
0.0000641250 0 2 1 2 3 3 0 3 
0.0000059375 0 2 1 2 3 3 3 0 
0.0001466875 0 2 1 2 3 3 3 2 
0.0002292500 0 2 1 3 0 0 0 3 
0.0000752500 0 2 1 3 0 0 1 0 
0.0000470000 0 2 1 3 0 0 1 3 
0.0000240000 0 2 1 3 0 0 2 2 
0.0002218750 0 2 1 3 0 0 3 1 
0.0000193750 0 2 1 3 0 0 3 2 
0.0000193750 0 2 1 3 0 1 0 1 
0.0001998125 0 2 1 3 0 1 1 1 
0.0002296250 0 2 1 3 0 1 1 2 
0.0000436250 0 2 1 3 0 1 2 3 
0.0002157500 0 2 1 3 0 1 3 3 
0.0001822500 0 2 1 3 0 2 1 3 
0.0001520625 0 2 1 3 0 2 2 1 
0.0000870625 0 2 1 3 0 3 0 1 
0.0001568125 0 2 1 3 0 3 1 1 
0.0002392500 0 2 1 3 0 3 1 2 
0.0000308125 0 2 1 3 0 3 2 0 
0.0002124375 0 2 1 3 0 3 3 0 
0.0001756250 0 2 1 3 0 3 3 3 
0.0002182500 0 2 1 3 1 0 0 3 
0.0000105625 0 2 1 3 1 0 1 0 
0.0001639375 0 2 1 3 1 0 2 2 
0.0000841250 0 2 1 3 1 0 3 1 
0.0001109375 0 2 1 3 1 0 3 2 
0.0000475625 0 2 1 3 1 1 0 1 
0.0002013125 0 2 1 3 1 1 0 2 
0.0001494375 0 2 1 3 1 1 1 1 
0.0000863125 0 2 1 3 1 1 1 2 
0.0001346875 0 2 1 3 1 1 2 0 
0.0002105000 0 2 1 3 1 1 3 0 
0.0000746250 0 2 1 3 1 1 3 3 
0.0001093125 0 2 1 3 1 2 0 0 
0.0001088125 0 2 1 3 1 2 0 3 
0.0000268125 0 2 1 3 1 2 1 3 
0.0002349375 0 2 1 3 1 2 3 2 
0.0000356875 0 2 1 3 1 3 0 1 
0.0002239375 0 2 1 3 1 3 1 1 
0.0000513125 0 2 1 3 1 3 1 2 
0.0001456250 0 2 1 3 1 3 2 3 
0.0001235000 0 2 1 3 1 3 3 0 
0.0001401875 0 2 1 3 2 0 1 0 
0.0001878125 0 2 1 3 2 0 2 1 
0.0002289375 0 2 1 3 2 1 0 2 
0.0001250000 0 2 1 3 2 1 1 1 
0.0001999375 0 2 1 3 2 1 2 0 
0.0002287500 0 2 1 3 2 1 3 0 
0.0000232500 0 2 1 3 2 1 3 3 
0.0001794375 0 2 1 3 2 2 0 3 
0.0002176250 0 2 1 3 2 2 2 2 
0.0000035000 0 2 1 3 2 2 3 2 
0.0002308750 0 2 1 3 2 3 0 2 
0.0000168125 0 2 1 3 2 3 1 1 
0.0000443125 0 2 1 3 2 3 1 2 
0.0000656250 0 2 1 3 2 3 2 0 
0.0000499375 0 2 1 3 2 3 2 3 
0.0001933750 0 2 1 3 2 3 3 3 
0.0001899375 0 2 1 3 3 0 0 0 
0.0001111875 0 2 1 3 3 0 0 3 
0.0001768750 0 2 1 3 3 0 1 0 
0.0000316875 0 2 1 3 3 0 3 2 
0.0002313750 0 2 1 3 3 1 0 2 
0.0000102500 0 2 1 3 3 1 1 2 
0.0001140000 0 2 1 3 3 1 3 0 
0.0000588125 0 2 1 3 3 1 3 3 
0.0000135000 0 2 1 3 3 2 1 0 
0.0001332500 0 2 1 3 3 2 1 3 
0.0000634375 0 2 1 3 3 2 3 1 
0.0002384375 0 2 1 3 3 2 3 2 
0.0002338750 0 2 1 3 3 3 0 1 
0.0000151875 0 2 1 3 3 3 1 2 
0.0002018125 0 2 1 3 3 3 3 0 
0.0001466875 0 2 1 3 3 3 3 3 
0.0002395000 0 2 2 0 0 0 0 0 
0.0002218750 0 2 2 0 0 0 0 2 
0.0000641250 0 2 2 0 0 0 0 3 
0.0000470000 0 2 2 0 0 0 2 0 
0.0001530000 0 2 2 0 0 0 2 1 
0.0000752500 0 2 2 0 0 0 2 3 
0.0000733750 0 2 2 0 0 1 1 3 
0.0001455000 0 2 2 0 0 1 3 0 
0.0001278750 0 2 2 0 0 1 3 1 
0.0000193750 0 2 2 0 0 1 3 2 
0.0000666250 0 2 2 0 0 1 3 3 
0.0001491250 0 2 2 0 0 2 0 0 
0.0000124375 0 2 2 0 0 2 0 1 
0.0001302500 0 2 2 0 0 2 0 3 
0.0001822500 0 2 2 0 0 2 2 0 
0.0000637500 0 2 2 0 0 2 2 2 
0.0001433750 0 2 2 0 0 3 1 0 
0.0002411875 0 2 2 0 0 3 1 1 
0.0000938750 0 2 2 0 0 3 3 1 
0.0000870625 0 2 2 0 0 3 3 2 
0.0000081250 0 2 2 0 0 3 3 3 
0.0000841250 0 2 2 0 1 0 0 2 
0.0000661250 0 2 2 0 1 0 2 1 
0.0000105625 0 2 2 0 1 0 2 3 
0.0002388125 0 2 2 0 1 1 1 0 
0.0000020000 0 2 2 0 1 1 1 1 
0.0000415000 0 2 2 0 1 1 1 2 
0.0001655625 0 2 2 0 1 1 3 0 
0.0000475625 0 2 2 0 1 1 3 2 
0.0002290625 0 2 2 0 1 1 3 3 
0.0000835000 0 2 2 0 1 2 0 0 
0.0001650625 0 2 2 0 1 2 0 3 
0.0000268125 0 2 2 0 1 2 2 0 
0.0002136875 0 2 2 0 1 2 2 2 
0.0002101250 0 2 2 0 1 3 1 1 
0.0001753750 0 2 2 0 1 3 1 3 
0.0000081875 0 2 2 0 1 3 3 1 
0.0000356875 0 2 2 0 1 3 3 2 
0.0001483750 0 2 2 0 2 0 0 0 
0.0002360625 0 2 2 0 2 0 0 1 
0.0001423125 0 2 2 0 2 0 0 3 
0.0001401875 0 2 2 0 2 0 2 3 
0.0001465000 0 2 2 0 2 1 1 0 
0.0001363125 0 2 2 0 2 1 1 1 
0.0002042500 0 2 2 0 2 1 3 3 
0.0000976250 0 2 2 0 2 2 0 3 
0.0001423750 0 2 2 0 2 3 1 1 
0.0001385000 0 2 2 0 2 3 1 2 
0.0001227500 0 2 2 0 2 3 3 0 
0.0000235625 0 2 2 0 2 3 3 3 
0.0000756250 0 2 2 0 3 0 0 0 
0.0001008750 0 2 2 0 3 0 2 2 
0.0001768750 0 2 2 0 3 0 2 3 
0.0000885625 0 2 2 0 3 1 1 0 
0.0000257500 0 2 2 0 3 1 1 1 
0.0000728125 0 2 2 0 3 1 1 3 
0.0001705000 0 2 2 0 3 1 3 3 
0.0000634375 0 2 2 0 3 2 0 2 
0.0001332500 0 2 2 0 3 2 2 0 
0.0002014375 0 2 2 0 3 2 2 1 
0.0000135000 0 2 2 0 3 2 2 3 
0.0000438125 0 2 2 0 3 3 1 0 
0.0001128125 0 2 2 0 3 3 1 1 
0.0000781875 0 2 2 0 3 3 1 2 
0.0002048750 0 2 2 0 3 3 1 3 
0.0000780000 0 2 2 0 3 3 3 0 
0.0000641250 0 2 2 0 3 3 3 1 
0.0002338750 0 2 2 0 3 3 3 2 
0.0002395000 0 2 2 1 0 0 0 1 
0.0001530000 0 2 2 1 0 0 2 0 
0.0000470000 0 2 2 1 0 0 2 1 
0.0001319375 0 2 2 1 0 0 3 2 
0.0000170000 0 2 2 1 0 1 0 2 
0.0001168125 0 2 2 1 0 1 0 3 
0.0001237500 0 2 2 1 0 1 2 2 
0.0001278750 0 2 2 1 0 1 3 0 
0.0001455000 0 2 2 1 0 1 3 1 
0.0000124375 0 2 2 1 0 2 0 0 
0.0001491250 0 2 2 1 0 2 0 1 
0.0000801250 0 2 2 1 0 2 1 2 
0.0001520625 0 2 2 1 0 2 1 3 
0.0001822500 0 2 2 1 0 2 2 1 
0.0001043125 0 2 2 1 0 2 3 2 
0.0001366250 0 2 2 1 0 2 3 3 
0.0001551875 0 2 2 1 0 3 0 3 
0.0002411875 0 2 2 1 0 3 1 0 
0.0001433750 0 2 2 1 0 3 1 1 
0.0000938750 0 2 2 1 0 3 3 0 
0.0000661250 0 2 2 1 1 0 2 0 
0.0000527500 0 2 2 1 1 0 3 2 
0.0000020000 0 2 2 1 1 1 1 0 
0.0002388125 0 2 2 1 1 1 1 1 
0.0001655625 0 2 2 1 1 1 3 1 
0.0000835000 0 2 2 1 1 2 0 1 
0.0000268125 0 2 2 1 1 2 2 1 
0.0002342500 0 2 2 1 1 2 3 3 
0.0000338125 0 2 2 1 1 3 0 3 
0.0002101250 0 2 2 1 1 3 1 0 
0.0000464375 0 2 2 1 1 3 2 2 
0.0000081875 0 2 2 1 1 3 3 0 
0.0002360625 0 2 2 1 2 0 0 0 
0.0001483750 0 2 2 1 2 0 0 1 
0.0001878125 0 2 2 1 2 0 1 3 
0.0000525000 0 2 2 1 2 0 3 2 
0.0001890000 0 2 2 1 2 0 3 3 
0.0001271875 0 2 2 1 2 1 0 3 
0.0001363125 0 2 2 1 2 1 1 0 
0.0001465000 0 2 2 1 2 1 1 1 
0.0001830000 0 2 2 1 2 1 2 2 
0.0001568750 0 2 2 1 2 2 3 2 
0.0002233750 0 2 2 1 2 2 3 3 
0.0001729375 0 2 2 1 2 3 0 2 
0.0000806250 0 2 2 1 2 3 0 3 
0.0001423750 0 2 2 1 2 3 1 0 
0.0002422500 0 2 2 1 2 3 2 2 
0.0001227500 0 2 2 1 2 3 3 1 
0.0000756250 0 2 2 1 3 0 0 1 
0.0000257500 0 2 2 1 3 1 1 0 
0.0000885625 0 2 2 1 3 1 1 1 
0.0001116250 0 2 2 1 3 1 2 3 
0.0001574375 0 2 2 1 3 2 1 2 
0.0002014375 0 2 2 1 3 2 2 0 
0.0001332500 0 2 2 1 3 2 2 1 
0.0002091250 0 2 2 1 3 2 3 2 
0.0000059375 0 2 2 1 3 3 0 3 
0.0001128125 0 2 2 1 3 3 1 0 
0.0000438125 0 2 2 1 3 3 1 1 
0.0000768750 0 2 2 1 3 3 2 2 
0.0000730000 0 2 2 1 3 3 2 3 
0.0000641250 0 2 2 1 3 3 3 0 
0.0000780000 0 2 2 1 3 3 3 1 
0.0002218750 0 2 2 2 0 0 0 0 
0.0002395000 0 2 2 2 0 0 0 2 
0.0000911250 0 2 2 2 0 0 1 1 
0.0000240000 0 2 2 2 0 0 1 3 
0.0000470000 0 2 2 2 0 0 2 2 
0.0000193750 0 2 2 2 0 1 3 0 
0.0001455000 0 2 2 2 0 1 3 2 
0.0001491250 0 2 2 2 0 2 0 2 
0.0000637500 0 2 2 2 0 2 2 0 
0.0001822500 0 2 2 2 0 2 2 2 
0.0002124375 0 2 2 2 0 3 0 1 
0.0000828125 0 2 2 2 0 3 0 3 
0.0001433750 0 2 2 2 0 3 1 2 
0.0002170625 0 2 2 2 0 3 2 1 
0.0000870625 0 2 2 2 0 3 3 0 
0.0000841250 0 2 2 2 1 0 0 0 
0.0001855000 0 2 2 2 1 0 1 1 
0.0001639375 0 2 2 2 1 0 1 3 
0.0001936875 0 2 2 2 1 0 3 3 
0.0002105000 0 2 2 2 1 1 0 1 
0.0000415000 0 2 2 2 1 1 1 0 
0.0002388125 0 2 2 2 1 1 1 2 
0.0002187500 0 2 2 2 1 1 2 1 
0.0000475625 0 2 2 2 1 1 3 0 
0.0001655625 0 2 2 2 1 1 3 2 
0.0000835000 0 2 2 2 1 2 0 2 
0.0000718750 0 2 2 2 1 2 1 1 
0.0002136875 0 2 2 2 1 2 2 0 
0.0000268125 0 2 2 2 1 2 2 2 
0.0001093125 0 2 2 2 1 2 3 1 
0.0001235000 0 2 2 2 1 3 0 1 
0.0000356875 0 2 2 2 1 3 3 0 
0.0001483750 0 2 2 2 2 0 0 2 
0.0002154375 0 2 2 2 2 0 1 1 
0.0002287500 0 2 2 2 2 1 0 1 
0.0001465000 0 2 2 2 2 1 1 2 
0.0002295625 0 2 2 2 2 1 2 3 
0.0002394375 0 2 2 2 2 2 1 1 
0.0002176250 0 2 2 2 2 2 1 3 
0.0001385000 0 2 2 2 2 3 1 0 
0.0001227500 0 2 2 2 2 3 3 2 
0.0000756250 0 2 2 2 3 0 0 2 
0.0001209375 0 2 2 2 3 0 1 1 
0.0001008750 0 2 2 2 3 0 2 0 
0.0001899375 0 2 2 2 3 0 3 1 
0.0000923750 0 2 2 2 3 0 3 3 
0.0001140000 0 2 2 2 3 1 0 1 
0.0000885625 0 2 2 2 3 1 1 2 
0.0000758125 0 2 2 2 3 1 2 1 
0.0000634375 0 2 2 2 3 2 0 0 
0.0001332500 0 2 2 2 3 2 2 2 
0.0001052500 0 2 2 2 3 2 3 3 
0.0002018125 0 2 2 2 3 3 0 1 
0.0001956250 0 2 2 2 3 3 0 3 
0.0000781875 0 2 2 2 3 3 1 0 
0.0000438125 0 2 2 2 3 3 1 2 
0.0002338750 0 2 2 2 3 3 3 0 
0.0000780000 0 2 2 2 3 3 3 2 
0.0000641250 0 2 2 3 0 0 0 0 
0.0002395000 0 2 2 3 0 0 0 3 
0.0002126875 0 2 2 3 0 0 1 1 
0.0000752500 0 2 2 3 0 0 2 0 
0.0000470000 0 2 2 3 0 0 2 3 
0.0001465625 0 2 2 3 0 0 3 1 
0.0002325000 0 2 2 3 0 0 3 2 
0.0001177500 0 2 2 3 0 1 0 2 
0.0000733750 0 2 2 3 0 1 1 0 
0.0001998125 0 2 2 3 0 1 2 1 
0.0002296250 0 2 2 3 0 1 2 2 
0.0000666250 0 2 2 3 0 1 3 0 
0.0001455000 0 2 2 3 0 1 3 3 
0.0001302500 0 2 2 3 0 2 0 0 
0.0001491250 0 2 2 3 0 2 0 3 
0.0000194375 0 2 2 3 0 2 1 2 
0.0001822500 0 2 2 3 0 2 2 3 
0.0001372500 0 2 2 3 0 2 3 2 
0.0001433750 0 2 2 3 0 3 1 3 
0.0001568125 0 2 2 3 0 3 2 1 
0.0002392500 0 2 2 3 0 3 2 2 
0.0000081250 0 2 2 3 0 3 3 0 
0.0000688750 0 2 2 3 1 0 1 1 
0.0000105625 0 2 2 3 1 0 2 0 
0.0002415625 0 2 2 3 1 0 3 1 
0.0000754375 0 2 2 3 1 1 0 1 
0.0001510625 0 2 2 3 1 1 0 2 
0.0002388125 0 2 2 3 1 1 1 3 
0.0001494375 0 2 2 3 1 1 2 1 
0.0000863125 0 2 2 3 1 1 2 2 
0.0002290625 0 2 2 3 1 1 3 0 
0.0001655625 0 2 2 3 1 1 3 3 
0.0001650625 0 2 2 3 1 2 0 0 
0.0000835000 0 2 2 3 1 2 0 3 
0.0001411875 0 2 2 3 1 2 1 1 
0.0000171250 0 2 2 3 1 2 1 2 
0.0000268125 0 2 2 3 1 2 2 3 
0.0002010625 0 2 2 3 1 2 3 2 
0.0001141250 0 2 2 3 1 3 0 2 
0.0001753750 0 2 2 3 1 3 1 0 
0.0002239375 0 2 2 3 1 3 2 1 
0.0000513125 0 2 2 3 1 3 2 2 
0.0001423125 0 2 2 3 2 0 0 0 
0.0001483750 0 2 2 3 2 0 0 3 
0.0000014375 0 2 2 3 2 0 1 2 
0.0001401875 0 2 2 3 2 0 2 0 
0.0002200000 0 2 2 3 2 0 3 2 
0.0001405625 0 2 2 3 2 1 0 2 
0.0001465000 0 2 2 3 2 1 1 3 
0.0001250000 0 2 2 3 2 1 2 1 
0.0002042500 0 2 2 3 2 1 3 0 
0.0000976250 0 2 2 3 2 2 0 0 
0.0000210625 0 2 2 3 2 2 1 1 
0.0000801875 0 2 2 3 2 2 3 2 
0.0000089375 0 2 2 3 2 3 0 2 
0.0000168125 0 2 2 3 2 3 2 1 
0.0000443125 0 2 2 3 2 3 2 2 
0.0000235625 0 2 2 3 2 3 3 0 
0.0001227500 0 2 2 3 2 3 3 3 
0.0000756250 0 2 2 3 3 0 0 3 
0.0001676875 0 2 2 3 3 0 1 1 
0.0001919375 0 2 2 3 3 0 1 2 
0.0001768750 0 2 2 3 3 0 2 0 
0.0001093750 0 2 2 3 3 0 3 1 
0.0000650625 0 2 2 3 3 1 0 1 
0.0001678750 0 2 2 3 3 1 0 2 
0.0000728125 0 2 2 3 3 1 1 0 
0.0000885625 0 2 2 3 3 1 1 3 
0.0000102500 0 2 2 3 3 1 2 2 
0.0001705000 0 2 2 3 3 1 3 0 
0.0001862500 0 2 2 3 3 2 1 1 
0.0002147500 0 2 2 3 3 2 1 2 
0.0000135000 0 2 2 3 3 2 2 0 
0.0001332500 0 2 2 3 3 2 2 3 
0.0000728125 0 2 2 3 3 2 3 1 
0.0002048750 0 2 2 3 3 3 1 0 
0.0000438125 0 2 2 3 3 3 1 3 
0.0000151875 0 2 2 3 3 3 2 2 
0.0000780000 0 2 2 3 3 3 3 3 
0.0000941875 0 2 3 0 0 0 0 0 
0.0000240000 0 2 3 0 0 0 0 1 
0.0002126875 0 2 3 0 0 0 0 2 
0.0000470000 0 2 3 0 0 0 3 0 
0.0001530000 0 2 3 0 0 0 3 1 
0.0000752500 0 2 3 0 0 0 3 3 
0.0000170000 0 2 3 0 0 1 1 3 
0.0000354375 0 2 3 0 0 2 0 0 
0.0000801250 0 2 3 0 0 2 0 3 
0.0001822500 0 2 3 0 0 2 3 0 
0.0000637500 0 2 3 0 0 2 3 2 
0.0000828125 0 2 3 0 0 3 1 1 
0.0001326250 0 2 3 0 0 3 2 0 
0.0001998750 0 2 3 0 1 0 0 0 
0.0001639375 0 2 3 0 1 0 0 1 
0.0000688750 0 2 3 0 1 0 0 2 
0.0000661250 0 2 3 0 1 0 3 1 
0.0000105625 0 2 3 0 1 0 3 3 
0.0000754375 0 2 3 0 1 1 1 2 
0.0002013125 0 2 3 0 1 1 2 1 
0.0000026250 0 2 3 0 1 2 0 0 
0.0001411875 0 2 3 0 1 2 0 2 
0.0000268125 0 2 3 0 1 2 3 0 
0.0002136875 0 2 3 0 1 2 3 2 
0.0000303125 0 2 3 0 1 3 1 0 
0.0000704375 0 2 3 0 1 3 2 0 
0.0000566250 0 2 3 0 1 3 2 3 
0.0001401875 0 2 3 0 2 0 3 3 
0.0002018125 0 2 3 0 2 1 2 0 
0.0002289375 0 2 3 0 2 1 2 1 
0.0001875625 0 2 3 0 2 1 2 2 
0.0000321875 0 2 3 0 2 2 0 0 
0.0002176250 0 2 3 0 2 2 0 1 
0.0000210625 0 2 3 0 2 2 0 2 
0.0001729375 0 2 3 0 2 3 1 3 
0.0002308750 0 2 3 0 2 3 2 1 
0.0001531875 0 2 3 0 2 3 2 2 
0.0001676875 0 2 3 0 3 0 0 2 
0.0001008750 0 2 3 0 3 0 3 2 
0.0001768750 0 2 3 0 3 0 3 3 
0.0000650625 0 2 3 0 3 1 1 2 
0.0000059375 0 2 3 0 3 1 2 0 
0.0002313750 0 2 3 0 3 1 2 1 
0.0000190625 0 2 3 0 3 1 2 2 
0.0001862500 0 2 3 0 3 2 0 2 
0.0001574375 0 2 3 0 3 2 0 3 
0.0001332500 0 2 3 0 3 2 3 0 
0.0002014375 0 2 3 0 3 2 3 1 
0.0000135000 0 2 3 0 3 2 3 3 
0.0001956250 0 2 3 0 3 3 1 1 
0.0000358750 0 2 3 0 3 3 2 3 
0.0000240000 0 2 3 1 0 0 0 0 
0.0000941875 0 2 3 1 0 0 0 1 
0.0002218750 0 2 3 1 0 0 1 3 
0.0001465625 0 2 3 1 0 0 2 3 
0.0001530000 0 2 3 1 0 0 3 0 
0.0000470000 0 2 3 1 0 0 3 1 
0.0001237500 0 2 3 1 0 1 3 2 
0.0000354375 0 2 3 1 0 2 0 1 
0.0001822500 0 2 3 1 0 2 3 1 
0.0000308125 0 2 3 1 0 3 0 2 
0.0000828125 0 2 3 1 0 3 1 0 
0.0001326250 0 2 3 1 0 3 2 1 
0.0001639375 0 2 3 1 1 0 0 0 
0.0001998750 0 2 3 1 1 0 0 1 
0.0002188750 0 2 3 1 1 0 1 2 
0.0000841250 0 2 3 1 1 0 1 3 
0.0002415625 0 2 3 1 1 0 2 3 
0.0000661250 0 2 3 1 1 0 3 0 
0.0001346875 0 2 3 1 1 1 0 2 
0.0000415000 0 2 3 1 1 1 0 3 
0.0002013125 0 2 3 1 1 1 2 0 
0.0000026250 0 2 3 1 1 2 0 1 
0.0001093125 0 2 3 1 1 2 2 2 
0.0000268125 0 2 3 1 1 2 3 1 
0.0000303125 0 2 3 1 1 3 1 1 
0.0000704375 0 2 3 1 1 3 2 1 
0.0000464375 0 2 3 1 1 3 3 2 
0.0001999375 0 2 3 1 2 1 0 2 
0.0002289375 0 2 3 1 2 1 2 0 
0.0002018125 0 2 3 1 2 1 2 1 
0.0001830000 0 2 3 1 2 1 3 2 
0.0002176250 0 2 3 1 2 2 0 0 
0.0000321875 0 2 3 1 2 2 0 1 
0.0000656250 0 2 3 1 2 3 0 2 
0.0001385000 0 2 3 1 2 3 0 3 
0.0002308750 0 2 3 1 2 3 2 0 
0.0002422500 0 2 3 1 2 3 3 2 
0.0001208750 0 2 3 1 3 0 1 2 
0.0001899375 0 2 3 1 3 0 2 2 
0.0001093750 0 2 3 1 3 0 2 3 
0.0002313750 0 2 3 1 3 1 2 0 
0.0000059375 0 2 3 1 3 1 2 1 
0.0001116250 0 2 3 1 3 1 3 3 
0.0000458750 0 2 3 1 3 2 1 2 
0.0000634375 0 2 3 1 3 2 1 3 
0.0000728125 0 2 3 1 3 2 2 3 
0.0002014375 0 2 3 1 3 2 3 0 
0.0001332500 0 2 3 1 3 2 3 1 
0.0000781875 0 2 3 1 3 3 0 3 
0.0001956250 0 2 3 1 3 3 1 0 
0.0000768750 0 2 3 1 3 3 3 2 
0.0000730000 0 2 3 1 3 3 3 3 
0.0002126875 0 2 3 2 0 0 0 0 
0.0000941875 0 2 3 2 0 0 0 2 
0.0000641250 0 2 3 2 0 0 1 1 
0.0000193750 0 2 3 2 0 0 1 3 
0.0001319375 0 2 3 2 0 0 2 1 
0.0002325000 0 2 3 2 0 0 2 3 
0.0000470000 0 2 3 2 0 0 3 2 
0.0000733750 0 2 3 2 0 1 0 1 
0.0000299375 0 2 3 2 0 1 0 3 
0.0000354375 0 2 3 2 0 2 0 2 
0.0001302500 0 2 3 2 0 2 1 1 
0.0001043125 0 2 3 2 0 2 2 1 
0.0001372500 0 2 3 2 0 2 2 3 
0.0000637500 0 2 3 2 0 2 3 0 
0.0001822500 0 2 3 2 0 2 3 2 
0.0001326250 0 2 3 2 0 3 2 2 
0.0002170625 0 2 3 2 0 3 3 1 
0.0000688750 0 2 3 2 1 0 0 0 
0.0001998750 0 2 3 2 1 0 0 2 
0.0001109375 0 2 3 2 1 0 1 3 
0.0000527500 0 2 3 2 1 0 2 1 
0.0000754375 0 2 3 2 1 1 1 0 
0.0002187500 0 2 3 2 1 1 3 1 
0.0001411875 0 2 3 2 1 2 0 0 
0.0000026250 0 2 3 2 1 2 0 2 
0.0001650625 0 2 3 2 1 2 1 1 
0.0002349375 0 2 3 2 1 2 1 3 
0.0002010625 0 2 3 2 1 2 2 3 
0.0002136875 0 2 3 2 1 2 3 0 
0.0000268125 0 2 3 2 1 2 3 2 
0.0001753750 0 2 3 2 1 3 0 1 
0.0000303125 0 2 3 2 1 3 1 2 
0.0000704375 0 2 3 2 1 3 2 2 
0.0001423125 0 2 3 2 2 0 1 1 
0.0000525000 0 2 3 2 2 0 2 1 
0.0002200000 0 2 3 2 2 0 2 3 
0.0001875625 0 2 3 2 2 1 2 0 
0.0002018125 0 2 3 2 2 1 2 2 
0.0002295625 0 2 3 2 2 1 3 3 
0.0000210625 0 2 3 2 2 2 0 0 
0.0000321875 0 2 3 2 2 2 0 2 
0.0000976250 0 2 3 2 2 2 1 1 
0.0000035000 0 2 3 2 2 2 1 3 
0.0001568750 0 2 3 2 2 2 2 1 
0.0000801875 0 2 3 2 2 2 2 3 
0.0001531875 0 2 3 2 2 3 2 0 
0.0001676875 0 2 3 2 3 0 0 0 
0.0000316875 0 2 3 2 3 0 1 3 
0.0001008750 0 2 3 2 3 0 3 0 
0.0000728125 0 2 3 2 3 1 0 1 
0.0000650625 0 2 3 2 3 1 1 0 
0.0000190625 0 2 3 2 3 1 2 0 
0.0000059375 0 2 3 2 3 1 2 2 
0.0000758125 0 2 3 2 3 1 3 1 
0.0001862500 0 2 3 2 3 2 0 0 
0.0002384375 0 2 3 2 3 2 1 3 
0.0002091250 0 2 3 2 3 2 2 1 
0.0001332500 0 2 3 2 3 2 3 2 
0.0002048750 0 2 3 2 3 3 0 1 
0.0000941875 0 2 3 3 0 0 0 3 
0.0000752500 0 2 3 3 0 0 3 0 
0.0000470000 0 2 3 3 0 0 3 3 
0.0001675000 0 2 3 3 0 1 0 1 
0.0000170000 0 2 3 3 0 1 1 0 
0.0001998125 0 2 3 3 0 1 3 1 
0.0002296250 0 2 3 3 0 1 3 2 
0.0000801250 0 2 3 3 0 2 0 0 
0.0000354375 0 2 3 3 0 2 0 3 
0.0000955000 0 2 3 3 0 2 1 1 
0.0000124375 0 2 3 3 0 2 1 2 
0.0001366250 0 2 3 3 0 2 2 1 
0.0001822500 0 2 3 3 0 2 3 3 
0.0000563125 0 2 3 3 0 3 0 1 
0.0002411875 0 2 3 3 0 3 0 2 
0.0001326250 0 2 3 3 0 3 2 3 
0.0001568125 0 2 3 3 0 3 3 1 
0.0002392500 0 2 3 3 0 3 3 2 
0.0001998750 0 2 3 3 1 0 0 3 
0.0001936875 0 2 3 3 1 0 2 2 
0.0000105625 0 2 3 3 1 0 3 0 
0.0000020000 0 2 3 3 1 1 0 2 
0.0001494375 0 2 3 3 1 1 3 1 
0.0000863125 0 2 3 3 1 1 3 2 
0.0000026250 0 2 3 3 1 2 0 3 
0.0001898750 0 2 3 3 1 2 1 1 
0.0002342500 0 2 3 3 1 2 2 1 
0.0000268125 0 2 3 3 1 2 3 3 
0.0000420000 0 2 3 3 1 3 0 1 
0.0002101250 0 2 3 3 1 3 0 2 
0.0000303125 0 2 3 3 1 3 1 3 
0.0000566250 0 2 3 3 1 3 2 0 
0.0000704375 0 2 3 3 1 3 2 3 
0.0002239375 0 2 3 3 1 3 3 1 
0.0000513125 0 2 3 3 1 3 3 2 
0.0000538125 0 2 3 3 2 0 1 1 
0.0002360625 0 2 3 3 2 0 1 2 
0.0001890000 0 2 3 3 2 0 2 1 
0.0001401875 0 2 3 3 2 0 3 0 
0.0000548750 0 2 3 3 2 1 0 1 
0.0001363125 0 2 3 3 2 1 0 2 
0.0002018125 0 2 3 3 2 1 2 3 
0.0001250000 0 2 3 3 2 1 3 1 
0.0000321875 0 2 3 3 2 2 0 3 
0.0001772500 0 2 3 3 2 2 1 1 
0.0002233750 0 2 3 3 2 2 2 1 
0.0001423750 0 2 3 3 2 3 0 2 
0.0001729375 0 2 3 3 2 3 1 0 
0.0000168125 0 2 3 3 2 3 3 1 
0.0000443125 0 2 3 3 2 3 3 2 
0.0001877500 0 2 3 3 3 0 1 1 
0.0000923750 0 2 3 3 3 0 2 2 
0.0001768750 0 2 3 3 3 0 3 0 
0.0001128750 0 2 3 3 3 1 0 1 
0.0000257500 0 2 3 3 3 1 0 2 
0.0000059375 0 2 3 3 3 1 2 3 
0.0000102500 0 2 3 3 3 1 3 2 
0.0001574375 0 2 3 3 3 2 0 0 
0.0001052500 0 2 3 3 3 2 2 2 
0.0000135000 0 2 3 3 3 2 3 0 
0.0001332500 0 2 3 3 3 2 3 3 
0.0001128125 0 2 3 3 3 3 0 2 
0.0000358750 0 2 3 3 3 3 2 0 
0.0000151875 0 2 3 3 3 3 3 2 
0.0001998125 0 3 0 0 0 0 0 2 
0.0001237500 0 3 0 0 0 0 0 3 
0.0001455000 0 3 0 0 0 0 1 0 
0.0001278750 0 3 0 0 0 0 1 1 
0.0000193750 0 3 0 0 0 0 1 2 
0.0000666250 0 3 0 0 0 0 1 3 
0.0000170000 0 3 0 0 0 0 2 3 
0.0000436250 0 3 0 0 0 0 3 0 
0.0000299375 0 3 0 0 0 0 3 1 
0.0001675000 0 3 0 0 0 0 3 2 
0.0001822500 0 3 0 0 0 3 0 0 
0.0000637500 0 3 0 0 0 3 0 2 
0.0001372500 0 3 0 0 0 3 1 1 
0.0001366250 0 3 0 0 0 3 1 2 
0.0001491250 0 3 0 0 0 3 2 0 
0.0000124375 0 3 0 0 0 3 2 1 
0.0001302500 0 3 0 0 0 3 2 3 
0.0000354375 0 3 0 0 0 3 3 0 
0.0000801250 0 3 0 0 0 3 3 3 
0.0000426250 0 3 0 0 1 0 0 0 
0.0001494375 0 3 0 0 1 0 0 2 
0.0001655625 0 3 0 0 1 0 1 0 
0.0000475625 0 3 0 0 1 0 1 2 
0.0002290625 0 3 0 0 1 0 1 3 
0.0000754375 0 3 0 0 1 0 2 2 
0.0001346875 0 3 0 0 1 0 3 3 
0.0000268125 0 3 0 0 1 3 0 0 
0.0002136875 0 3 0 0 1 3 0 2 
0.0001088125 0 3 0 0 1 3 1 0 
0.0002010625 0 3 0 0 1 3 1 1 
0.0002342500 0 3 0 0 1 3 1 2 
0.0001093125 0 3 0 0 1 3 1 3 
0.0000835000 0 3 0 0 1 3 2 0 
0.0001650625 0 3 0 0 1 3 2 3 
0.0000026250 0 3 0 0 1 3 3 0 
0.0001411875 0 3 0 0 1 3 3 2 
0.0002295625 0 3 0 0 2 0 0 1 
0.0001250000 0 3 0 0 2 0 0 2 
0.0001830000 0 3 0 0 2 0 0 3 
0.0002042500 0 3 0 0 2 0 1 3 
0.0000548750 0 3 0 0 2 0 3 2 
0.0001999375 0 3 0 0 2 0 3 3 
0.0001794375 0 3 0 0 2 3 1 0 
0.0000801875 0 3 0 0 2 3 1 1 
0.0002233750 0 3 0 0 2 3 1 2 
0.0000976250 0 3 0 0 2 3 2 3 
0.0000321875 0 3 0 0 2 3 3 0 
0.0002176250 0 3 0 0 2 3 3 1 
0.0000210625 0 3 0 0 2 3 3 2 
0.0001705000 0 3 0 0 3 0 1 3 
0.0000650625 0 3 0 0 3 0 2 2 
0.0001128750 0 3 0 0 3 0 3 2 
0.0001332500 0 3 0 0 3 3 0 0 
0.0002014375 0 3 0 0 3 3 0 1 
0.0000135000 0 3 0 0 3 3 0 3 
0.0000634375 0 3 0 0 3 3 2 2 
0.0001862500 0 3 0 0 3 3 3 2 
0.0001574375 0 3 0 0 3 3 3 3 
0.0001278750 0 3 0 1 0 0 1 0 
0.0001455000 0 3 0 1 0 0 1 1 
0.0000299375 0 3 0 1 0 0 3 0 
0.0000436250 0 3 0 1 0 0 3 1 
0.0001319375 0 3 0 1 0 1 1 2 
0.0002218750 0 3 0 1 0 1 2 3 
0.0000911250 0 3 0 1 0 1 3 2 
0.0002126875 0 3 0 1 0 1 3 3 
0.0002170625 0 3 0 1 0 2 0 2 
0.0001568125 0 3 0 1 0 2 0 3 
0.0000870625 0 3 0 1 0 2 1 3 
0.0002124375 0 3 0 1 0 2 2 2 
0.0000563125 0 3 0 1 0 2 3 3 
0.0001822500 0 3 0 1 0 3 0 1 
0.0001372500 0 3 0 1 0 3 1 0 
0.0000124375 0 3 0 1 0 3 2 0 
0.0001491250 0 3 0 1 0 3 2 1 
0.0000354375 0 3 0 1 0 3 3 1 
0.0000426250 0 3 0 1 1 0 0 1 
0.0001655625 0 3 0 1 1 0 1 1 
0.0000527500 0 3 0 1 1 1 1 2 
0.0002188750 0 3 0 1 1 1 2 2 
0.0000841250 0 3 0 1 1 1 2 3 
0.0001855000 0 3 0 1 1 1 3 2 
0.0000688750 0 3 0 1 1 1 3 3 
0.0002239375 0 3 0 1 1 2 0 3 
0.0000566250 0 3 0 1 1 2 1 2 
0.0000356875 0 3 0 1 1 2 1 3 
0.0001235000 0 3 0 1 1 2 2 2 
0.0001753750 0 3 0 1 1 2 3 2 
0.0000420000 0 3 0 1 1 2 3 3 
0.0000268125 0 3 0 1 1 3 0 1 
0.0002010625 0 3 0 1 1 3 1 0 
0.0001088125 0 3 0 1 1 3 1 1 
0.0000835000 0 3 0 1 1 3 2 1 
0.0000026250 0 3 0 1 1 3 3 1 
0.0002295625 0 3 0 1 2 0 0 0 
0.0000525000 0 3 0 1 2 1 1 2 
0.0001890000 0 3 0 1 2 1 1 3 
0.0002154375 0 3 0 1 2 1 3 2 
0.0000168125 0 3 0 1 2 2 0 3 
0.0000801875 0 3 0 1 2 3 1 0 
0.0001794375 0 3 0 1 2 3 1 1 
0.0002176250 0 3 0 1 2 3 3 0 
0.0000321875 0 3 0 1 2 3 3 1 
0.0001008750 0 3 0 1 3 1 0 3 
0.0001208750 0 3 0 1 3 1 2 2 
0.0001209375 0 3 0 1 3 1 3 2 
0.0001676875 0 3 0 1 3 1 3 3 
0.0000358750 0 3 0 1 3 2 1 2 
0.0002338750 0 3 0 1 3 2 1 3 
0.0002018125 0 3 0 1 3 2 2 2 
0.0002048750 0 3 0 1 3 2 3 2 
0.0002014375 0 3 0 1 3 3 0 0 
0.0001332500 0 3 0 1 3 3 0 1 
0.0001998125 0 3 0 2 0 0 0 0 
0.0000193750 0 3 0 2 0 0 1 0 
0.0001455000 0 3 0 2 0 0 1 2 
0.0001675000 0 3 0 2 0 0 3 0 
0.0000436250 0 3 0 2 0 0 3 2 
0.0000752500 0 3 0 2 0 1 0 1 
0.0000641250 0 3 0 2 0 1 2 1 
0.0000193750 0 3 0 2 0 1 2 3 
0.0002392500 0 3 0 2 0 2 0 3 
0.0000081250 0 3 0 2 0 2 1 1 
0.0000308125 0 3 0 2 0 2 3 1 
0.0002411875 0 3 0 2 0 2 3 3 
0.0000637500 0 3 0 2 0 3 0 0 
0.0001822500 0 3 0 2 0 3 0 2 
0.0001366250 0 3 0 2 0 3 1 0 
0.0001491250 0 3 0 2 0 3 2 2 
0.0000354375 0 3 0 2 0 3 3 2 
0.0001494375 0 3 0 2 1 0 0 0 
0.0000426250 0 3 0 2 1 0 0 2 
0.0000475625 0 3 0 2 1 0 1 0 
0.0001655625 0 3 0 2 1 0 1 2 
0.0000754375 0 3 0 2 1 0 2 0 
0.0000105625 0 3 0 2 1 1 0 1 
0.0001936875 0 3 0 2 1 1 1 3 
0.0001109375 0 3 0 2 1 1 2 3 
0.0000464375 0 3 0 2 1 2 0 1 
0.0000513125 0 3 0 2 1 2 0 3 
0.0001141250 0 3 0 2 1 2 2 3 
0.0002101250 0 3 0 2 1 2 3 3 
0.0002136875 0 3 0 2 1 3 0 0 
0.0000268125 0 3 0 2 1 3 0 2 
0.0002342500 0 3 0 2 1 3 1 0 
0.0001088125 0 3 0 2 1 3 1 2 
0.0000835000 0 3 0 2 1 3 2 2 
0.0001411875 0 3 0 2 1 3 3 0 
0.0000026250 0 3 0 2 1 3 3 2 
0.0001250000 0 3 0 2 2 0 0 0 
0.0000548750 0 3 0 2 2 0 3 0 
0.0001401875 0 3 0 2 2 1 0 1 
0.0001603750 0 3 0 2 2 1 0 3 
0.0001423125 0 3 0 2 2 1 2 1 
0.0000014375 0 3 0 2 2 1 3 3 
0.0002422500 0 3 0 2 2 2 0 1 
0.0000443125 0 3 0 2 2 2 0 3 
0.0000235625 0 3 0 2 2 2 1 1 
0.0002308750 0 3 0 2 2 2 1 3 
0.0001729375 0 3 0 2 2 2 2 1 
0.0000089375 0 3 0 2 2 2 2 3 
0.0000656250 0 3 0 2 2 2 3 1 
0.0001423750 0 3 0 2 2 2 3 3 
0.0002233750 0 3 0 2 2 3 1 0 
0.0001794375 0 3 0 2 2 3 1 2 
0.0000210625 0 3 0 2 2 3 3 0 
0.0000321875 0 3 0 2 2 3 3 2 
0.0000650625 0 3 0 2 3 0 2 0 
0.0001128750 0 3 0 2 3 0 3 0 
0.0001768750 0 3 0 2 3 1 0 1 
0.0000568750 0 3 0 2 3 1 0 3 
0.0001899375 0 3 0 2 3 1 1 1 
0.0000923750 0 3 0 2 3 1 1 3 
0.0000316875 0 3 0 2 3 1 2 3 
0.0001919375 0 3 0 2 3 1 3 3 
0.0000768750 0 3 0 2 3 2 0 1 
0.0000151875 0 3 0 2 3 2 0 3 
0.0001128125 0 3 0 2 3 2 3 3 
0.0001332500 0 3 0 2 3 3 0 2 
0.0000634375 0 3 0 2 3 3 2 0 
0.0001862500 0 3 0 2 3 3 3 0 
0.0001237500 0 3 0 3 0 0 0 0 
0.0000666250 0 3 0 3 0 0 1 0 
0.0001455000 0 3 0 3 0 0 1 3 
0.0000170000 0 3 0 3 0 0 2 0 
0.0000436250 0 3 0 3 0 0 3 3 
0.0000395625 0 3 0 3 0 1 0 1 
0.0001530000 0 3 0 3 0 1 0 2 
0.0001465625 0 3 0 3 0 1 1 1 
0.0002325000 0 3 0 3 0 1 1 2 
0.0000240000 0 3 0 3 0 1 3 2 
0.0000938750 0 3 0 3 0 2 1 2 
0.0001551875 0 3 0 3 0 2 2 1 
0.0000828125 0 3 0 3 0 2 2 2 
0.0001822500 0 3 0 3 0 3 0 3 
0.0001302500 0 3 0 3 0 3 2 0 
0.0001491250 0 3 0 3 0 3 2 3 
0.0000801250 0 3 0 3 0 3 3 0 
0.0000354375 0 3 0 3 0 3 3 3 
0.0000426250 0 3 0 3 1 0 0 3 
0.0002290625 0 3 0 3 1 0 1 0 
0.0001655625 0 3 0 3 1 0 1 3 
0.0001346875 0 3 0 3 1 0 3 0 
0.0000900000 0 3 0 3 1 1 0 1 
0.0000661250 0 3 0 3 1 1 0 2 
0.0002415625 0 3 0 3 1 1 1 1 
0.0001639375 0 3 0 3 1 1 3 2 
0.0000081875 0 3 0 3 1 2 1 2 
0.0000338125 0 3 0 3 1 2 2 1 
0.0000268125 0 3 0 3 1 3 0 3 
0.0001093125 0 3 0 3 1 3 1 0 
0.0001088125 0 3 0 3 1 3 1 3 
0.0001650625 0 3 0 3 1 3 2 0 
0.0000835000 0 3 0 3 1 3 2 3 
0.0000026250 0 3 0 3 1 3 3 3 
0.0001830000 0 3 0 3 2 0 0 0 
0.0002042500 0 3 0 3 2 0 1 0 
0.0001999375 0 3 0 3 2 0 3 0 
0.0001669375 0 3 0 3 2 1 0 1 
0.0002200000 0 3 0 3 2 1 1 2 
0.0000538125 0 3 0 3 2 1 2 1 
0.0002360625 0 3 0 3 2 1 2 2 
0.0001878125 0 3 0 3 2 1 3 1 
0.0001531875 0 3 0 3 2 2 1 1 
0.0000806250 0 3 0 3 2 2 2 1 
0.0001385000 0 3 0 3 2 2 3 1 
0.0001794375 0 3 0 3 2 3 1 3 
0.0000976250 0 3 0 3 2 3 2 0 
0.0000321875 0 3 0 3 2 3 3 3 
0.0001705000 0 3 0 3 3 0 1 0 
0.0001093750 0 3 0 3 3 1 1 1 
0.0001877500 0 3 0 3 3 1 2 1 
0.0000730000 0 3 0 3 3 2 0 1 
0.0000641250 0 3 0 3 3 2 1 2 
0.0000059375 0 3 0 3 3 2 2 1 
0.0001956250 0 3 0 3 3 2 2 2 
0.0000781875 0 3 0 3 3 2 3 1 
0.0000135000 0 3 0 3 3 3 0 0 
0.0001332500 0 3 0 3 3 3 0 3 
0.0001574375 0 3 0 3 3 3 3 0 
0.0001455000 0 3 1 0 0 0 0 0 
0.0001278750 0 3 1 0 0 0 0 1 
0.0000193750 0 3 1 0 0 0 0 2 
0.0000666250 0 3 1 0 0 0 0 3 
0.0001998125 0 3 1 0 0 0 1 2 
0.0001237500 0 3 1 0 0 0 1 3 
0.0000911250 0 3 1 0 0 1 2 3 
0.0002395000 0 3 1 0 0 1 3 0 
0.0002218750 0 3 1 0 0 1 3 2 
0.0000641250 0 3 1 0 0 1 3 3 
0.0001433750 0 3 1 0 0 2 2 0 
0.0002411875 0 3 1 0 0 2 2 1 
0.0000828125 0 3 1 0 0 2 3 1 
0.0001372500 0 3 1 0 0 3 0 1 
0.0001366250 0 3 1 0 0 3 0 2 
0.0001822500 0 3 1 0 0 3 1 0 
0.0000637500 0 3 1 0 0 3 1 2 
0.0001655625 0 3 1 0 1 0 0 0 
0.0000475625 0 3 1 0 1 0 0 2 
0.0002290625 0 3 1 0 1 0 0 3 
0.0000426250 0 3 1 0 1 0 1 0 
0.0001494375 0 3 1 0 1 0 1 2 
0.0001855000 0 3 1 0 1 1 2 3 
0.0000841250 0 3 1 0 1 1 3 2 
0.0002101250 0 3 1 0 1 2 2 1 
0.0001753750 0 3 1 0 1 2 2 3 
0.0000303125 0 3 1 0 1 2 3 0 
0.0001088125 0 3 1 0 1 3 0 0 
0.0002010625 0 3 1 0 1 3 0 1 
0.0002342500 0 3 1 0 1 3 0 2 
0.0001093125 0 3 1 0 1 3 0 3 
0.0000268125 0 3 1 0 1 3 1 0 
0.0002136875 0 3 1 0 1 3 1 2 
0.0002042500 0 3 1 0 2 0 0 3 
0.0002295625 0 3 1 0 2 0 1 1 
0.0001250000 0 3 1 0 2 0 1 2 
0.0001830000 0 3 1 0 2 0 1 3 
0.0001456875 0 3 1 0 2 1 2 0 
0.0000014375 0 3 1 0 2 1 2 1 
0.0001878125 0 3 1 0 2 1 2 2 
0.0002154375 0 3 1 0 2 1 2 3 
0.0001483750 0 3 1 0 2 1 3 0 
0.0002360625 0 3 1 0 2 1 3 1 
0.0001423125 0 3 1 0 2 1 3 3 
0.0001423750 0 3 1 0 2 2 2 1 
0.0001385000 0 3 1 0 2 2 2 2 
0.0001729375 0 3 1 0 2 2 3 3 
0.0001794375 0 3 1 0 2 3 0 0 
0.0000801875 0 3 1 0 2 3 0 1 
0.0002233750 0 3 1 0 2 3 0 2 
0.0001705000 0 3 1 0 3 0 0 3 
0.0000738125 0 3 1 0 3 1 2 0 
0.0001919375 0 3 1 0 3 1 2 1 
0.0001209375 0 3 1 0 3 1 2 3 
0.0000756250 0 3 1 0 3 1 3 0 
0.0000438125 0 3 1 0 3 2 2 0 
0.0001128125 0 3 1 0 3 2 2 1 
0.0000781875 0 3 1 0 3 2 2 2 
0.0002048750 0 3 1 0 3 2 2 3 
0.0001956250 0 3 1 0 3 2 3 1 
0.0001332500 0 3 1 0 3 3 1 0 
0.0002014375 0 3 1 0 3 3 1 1 
0.0000135000 0 3 1 0 3 3 1 3 
0.0001278750 0 3 1 1 0 0 0 0 
0.0001455000 0 3 1 1 0 0 0 1 
0.0000733750 0 3 1 1 0 0 2 2 
0.0001675000 0 3 1 1 0 0 2 3 
0.0000170000 0 3 1 1 0 0 3 2 
0.0001168125 0 3 1 1 0 0 3 3 
0.0001319375 0 3 1 1 0 1 0 2 
0.0002395000 0 3 1 1 0 1 3 1 
0.0000870625 0 3 1 1 0 2 0 3 
0.0002170625 0 3 1 1 0 2 1 2 
0.0001568125 0 3 1 1 0 2 1 3 
0.0002411875 0 3 1 1 0 2 2 0 
0.0001433750 0 3 1 1 0 2 2 1 
0.0000828125 0 3 1 1 0 2 3 0 
0.0001372500 0 3 1 1 0 3 0 0 
0.0001822500 0 3 1 1 0 3 1 1 
0.0001302500 0 3 1 1 0 3 3 2 
0.0000955000 0 3 1 1 0 3 3 3 
0.0001655625 0 3 1 1 1 0 0 1 
0.0000426250 0 3 1 1 1 0 1 1 
0.0000527500 0 3 1 1 1 1 0 2 
0.0000566250 0 3 1 1 1 2 0 2 
0.0000356875 0 3 1 1 1 2 0 3 
0.0002239375 0 3 1 1 1 2 1 3 
0.0002101250 0 3 1 1 1 2 2 0 
0.0000303125 0 3 1 1 1 2 3 1 
0.0002010625 0 3 1 1 1 3 0 0 
0.0001088125 0 3 1 1 1 3 0 1 
0.0000268125 0 3 1 1 1 3 1 1 
0.0000718750 0 3 1 1 1 3 2 2 
0.0001411875 0 3 1 1 1 3 2 3 
0.0001650625 0 3 1 1 1 3 3 2 
0.0001898750 0 3 1 1 1 3 3 3 
0.0002295625 0 3 1 1 2 0 1 0 
0.0000548750 0 3 1 1 2 0 2 3 
0.0001271875 0 3 1 1 2 0 3 3 
0.0000525000 0 3 1 1 2 1 0 2 
0.0001890000 0 3 1 1 2 1 0 3 
0.0000014375 0 3 1 1 2 1 2 0 
0.0001456875 0 3 1 1 2 1 2 1 
0.0002360625 0 3 1 1 2 1 3 0 
0.0001483750 0 3 1 1 2 1 3 1 
0.0000168125 0 3 1 1 2 2 1 3 
0.0001423750 0 3 1 1 2 2 2 0 
0.0000801875 0 3 1 1 2 3 0 0 
0.0001794375 0 3 1 1 2 3 0 1 
0.0002394375 0 3 1 1 2 3 2 2 
0.0000210625 0 3 1 1 2 3 2 3 
0.0000976250 0 3 1 1 2 3 3 2 
0.0001772500 0 3 1 1 2 3 3 3 
0.0000728125 0 3 1 1 3 0 2 2 
0.0001128750 0 3 1 1 3 0 2 3 
0.0001008750 0 3 1 1 3 1 1 3 
0.0001919375 0 3 1 1 3 1 2 0 
0.0000738125 0 3 1 1 3 1 2 1 
0.0000756250 0 3 1 1 3 1 3 1 
0.0000358750 0 3 1 1 3 2 0 2 
0.0002338750 0 3 1 1 3 2 0 3 
0.0001128125 0 3 1 1 3 2 2 0 
0.0000438125 0 3 1 1 3 2 2 1 
0.0001956250 0 3 1 1 3 2 3 0 
0.0002014375 0 3 1 1 3 3 1 0 
0.0001332500 0 3 1 1 3 3 1 1 
0.0001862500 0 3 1 1 3 3 2 3 
0.0000193750 0 3 1 2 0 0 0 0 
0.0001455000 0 3 1 2 0 0 0 2 
0.0001998125 0 3 1 2 0 0 1 0 
0.0000752500 0 3 1 2 0 1 1 1 
0.0002218750 0 3 1 2 0 1 3 0 
0.0002395000 0 3 1 2 0 1 3 2 
0.0000081250 0 3 1 2 0 2 0 1 
0.0002392500 0 3 1 2 0 2 1 3 
0.0001433750 0 3 1 2 0 2 2 2 
0.0001366250 0 3 1 2 0 3 0 0 
0.0000637500 0 3 1 2 0 3 1 0 
0.0001822500 0 3 1 2 0 3 1 2 
0.0000801250 0 3 1 2 0 3 2 1 
0.0000194375 0 3 1 2 0 3 2 3 
0.0000124375 0 3 1 2 0 3 3 3 
0.0000475625 0 3 1 2 1 0 0 0 
0.0001655625 0 3 1 2 1 0 0 2 
0.0001494375 0 3 1 2 1 0 1 0 
0.0000426250 0 3 1 2 1 0 1 2 
0.0001346875 0 3 1 2 1 0 2 1 
0.0000020000 0 3 1 2 1 0 2 3 
0.0002105000 0 3 1 2 1 0 3 1 
0.0001936875 0 3 1 2 1 1 0 3 
0.0000105625 0 3 1 2 1 1 1 1 
0.0000841250 0 3 1 2 1 1 3 0 
0.0000464375 0 3 1 2 1 2 1 1 
0.0000513125 0 3 1 2 1 2 1 3 
0.0000303125 0 3 1 2 1 2 3 2 
0.0002342500 0 3 1 2 1 3 0 0 
0.0001088125 0 3 1 2 1 3 0 2 
0.0002136875 0 3 1 2 1 3 1 0 
0.0000268125 0 3 1 2 1 3 1 2 
0.0000171250 0 3 1 2 1 3 2 3 
0.0001250000 0 3 1 2 2 0 1 0 
0.0001999375 0 3 1 2 2 0 2 1 
0.0001363125 0 3 1 2 2 0 2 3 
0.0002287500 0 3 1 2 2 0 3 1 
0.0001401875 0 3 1 2 2 1 1 1 
0.0001603750 0 3 1 2 2 1 1 3 
0.0001878125 0 3 1 2 2 1 2 0 
0.0001456875 0 3 1 2 2 1 2 2 
0.0001483750 0 3 1 2 2 1 3 2 
0.0000235625 0 3 1 2 2 2 0 1 
0.0002308750 0 3 1 2 2 2 0 3 
0.0002422500 0 3 1 2 2 2 1 1 
0.0000443125 0 3 1 2 2 2 1 3 
0.0001385000 0 3 1 2 2 2 2 0 
0.0002233750 0 3 1 2 2 3 0 0 
0.0001794375 0 3 1 2 2 3 0 2 
0.0000257500 0 3 1 2 3 0 2 3 
0.0001140000 0 3 1 2 3 0 3 1 
0.0001899375 0 3 1 2 3 1 0 1 
0.0000923750 0 3 1 2 3 1 0 3 
0.0001768750 0 3 1 2 3 1 1 1 
0.0000568750 0 3 1 2 3 1 1 3 
0.0000738125 0 3 1 2 3 1 2 2 
0.0000756250 0 3 1 2 3 1 3 2 
0.0000768750 0 3 1 2 3 2 1 1 
0.0000151875 0 3 1 2 3 2 1 3 
0.0000781875 0 3 1 2 3 2 2 0 
0.0000438125 0 3 1 2 3 2 2 2 
0.0001332500 0 3 1 2 3 3 1 2 
0.0001574375 0 3 1 2 3 3 2 1 
0.0002147500 0 3 1 2 3 3 2 3 
0.0000458750 0 3 1 2 3 3 3 1 
0.0000666250 0 3 1 3 0 0 0 0 
0.0001455000 0 3 1 3 0 0 0 3 
0.0001237500 0 3 1 3 0 0 1 0 
0.0000299375 0 3 1 3 0 0 2 2 
0.0001177500 0 3 1 3 0 0 3 2 
0.0001465625 0 3 1 3 0 1 0 1 
0.0002325000 0 3 1 3 0 1 0 2 
0.0000395625 0 3 1 3 0 1 1 1 
0.0001530000 0 3 1 3 0 1 1 2 
0.0000911250 0 3 1 3 0 1 2 0 
0.0000641250 0 3 1 3 0 1 3 0 
0.0002395000 0 3 1 3 0 1 3 3 
0.0000938750 0 3 1 3 0 2 0 2 
0.0001433750 0 3 1 3 0 2 2 3 
0.0001822500 0 3 1 3 0 3 1 3 
0.0001520625 0 3 1 3 0 3 2 1 
0.0002290625 0 3 1 3 1 0 0 0 
0.0001655625 0 3 1 3 1 0 0 3 
0.0000426250 0 3 1 3 1 0 1 3 
0.0000415000 0 3 1 3 1 0 2 1 
0.0000754375 0 3 1 3 1 0 3 1 
0.0001510625 0 3 1 3 1 0 3 2 
0.0002415625 0 3 1 3 1 1 0 1 
0.0000900000 0 3 1 3 1 1 1 1 
0.0000661250 0 3 1 3 1 1 1 2 
0.0001855000 0 3 1 3 1 1 2 0 
0.0000081875 0 3 1 3 1 2 0 2 
0.0001753750 0 3 1 3 1 2 2 0 
0.0000303125 0 3 1 3 1 2 3 3 
0.0001093125 0 3 1 3 1 3 0 0 
0.0001088125 0 3 1 3 1 3 0 3 
0.0000268125 0 3 1 3 1 3 1 3 
0.0002349375 0 3 1 3 1 3 3 2 
0.0002042500 0 3 1 3 2 0 0 0 
0.0001830000 0 3 1 3 2 0 1 0 
0.0001405625 0 3 1 3 2 0 3 2 
0.0002200000 0 3 1 3 2 1 0 2 
0.0001669375 0 3 1 3 2 1 1 1 
0.0002154375 0 3 1 3 2 1 2 0 
0.0001456875 0 3 1 3 2 1 2 3 
0.0001423125 0 3 1 3 2 1 3 0 
0.0001483750 0 3 1 3 2 1 3 3 
0.0001531875 0 3 1 3 2 2 0 1 
0.0001729375 0 3 1 3 2 2 3 0 
0.0001794375 0 3 1 3 2 3 0 3 
0.0002176250 0 3 1 3 2 3 2 2 
0.0000035000 0 3 1 3 2 3 3 2 
0.0001705000 0 3 1 3 3 0 0 0 
0.0000650625 0 3 1 3 3 0 3 1 
0.0001678750 0 3 1 3 3 0 3 2 
0.0001093750 0 3 1 3 3 1 0 1 
0.0001209375 0 3 1 3 3 1 2 0 
0.0000738125 0 3 1 3 3 1 2 3 
0.0000756250 0 3 1 3 3 1 3 3 
0.0000641250 0 3 1 3 3 2 0 2 
0.0000730000 0 3 1 3 3 2 1 1 
0.0002048750 0 3 1 3 3 2 2 0 
0.0000438125 0 3 1 3 3 2 2 3 
0.0000135000 0 3 1 3 3 3 1 0 
0.0001332500 0 3 1 3 3 3 1 3 
0.0000634375 0 3 1 3 3 3 3 1 
0.0002384375 0 3 1 3 3 3 3 2 
0.0000170000 0 3 2 0 0 0 0 3 
0.0001998125 0 3 2 0 0 0 2 2 
0.0001237500 0 3 2 0 0 0 2 3 
0.0000941875 0 3 2 0 0 1 1 0 
0.0000240000 0 3 2 0 0 1 1 1 
0.0002126875 0 3 2 0 0 1 1 2 
0.0001465625 0 3 2 0 0 1 3 2 
0.0001319375 0 3 2 0 0 1 3 3 
0.0000563125 0 3 2 0 0 2 1 2 
0.0000308125 0 3 2 0 0 2 1 3 
0.0001326250 0 3 2 0 0 2 3 0 
0.0001491250 0 3 2 0 0 3 0 0 
0.0000124375 0 3 2 0 0 3 0 1 
0.0001302500 0 3 2 0 0 3 0 3 
0.0001822500 0 3 2 0 0 3 2 0 
0.0000637500 0 3 2 0 0 3 2 2 
0.0000754375 0 3 2 0 1 0 0 2 
0.0000426250 0 3 2 0 1 0 2 0 
0.0001494375 0 3 2 0 1 0 2 2 
0.0001998750 0 3 2 0 1 1 1 0 
0.0001639375 0 3 2 0 1 1 1 1 
0.0000688750 0 3 2 0 1 1 1 2 
0.0001936875 0 3 2 0 1 1 3 1 
0.0002415625 0 3 2 0 1 1 3 2 
0.0000527500 0 3 2 0 1 1 3 3 
0.0001456250 0 3 2 0 1 2 1 0 
0.0000420000 0 3 2 0 1 2 1 2 
0.0000704375 0 3 2 0 1 2 3 0 
0.0000566250 0 3 2 0 1 2 3 3 
0.0000835000 0 3 2 0 1 3 0 0 
0.0001650625 0 3 2 0 1 3 0 3 
0.0000268125 0 3 2 0 1 3 2 0 
0.0002136875 0 3 2 0 1 3 2 2 
0.0002295625 0 3 2 0 2 0 2 1 
0.0001250000 0 3 2 0 2 0 2 2 
0.0001830000 0 3 2 0 2 0 2 3 
0.0001988125 0 3 2 0 2 1 3 0 
0.0000525000 0 3 2 0 2 1 3 3 
0.0000499375 0 3 2 0 2 2 1 0 
0.0000656250 0 3 2 0 2 2 1 3 
0.0002308750 0 3 2 0 2 2 3 1 
0.0001531875 0 3 2 0 2 2 3 2 
0.0000976250 0 3 2 0 2 3 0 3 
0.0000650625 0 3 2 0 3 0 0 2 
0.0001676875 0 3 2 0 3 1 1 2 
0.0000923750 0 3 2 0 3 1 3 1 
0.0001093750 0 3 2 0 3 1 3 2 
0.0000358750 0 3 2 0 3 2 3 3 
0.0000634375 0 3 2 0 3 3 0 2 
0.0001332500 0 3 2 0 3 3 2 0 
0.0002014375 0 3 2 0 3 3 2 1 
0.0000135000 0 3 2 0 3 3 2 3 
0.0000193750 0 3 2 1 0 0 3 3 
0.0002218750 0 3 2 1 0 1 0 3 
0.0000240000 0 3 2 1 0 1 1 0 
0.0000941875 0 3 2 1 0 1 1 1 
0.0002124375 0 3 2 1 0 2 0 2 
0.0002170625 0 3 2 1 0 2 2 2 
0.0001568125 0 3 2 1 0 2 2 3 
0.0001326250 0 3 2 1 0 2 3 1 
0.0000124375 0 3 2 1 0 3 0 0 
0.0001491250 0 3 2 1 0 3 0 1 
0.0000801250 0 3 2 1 0 3 1 2 
0.0001520625 0 3 2 1 0 3 1 3 
0.0001822500 0 3 2 1 0 3 2 1 
0.0001043125 0 3 2 1 0 3 3 2 
0.0001366250 0 3 2 1 0 3 3 3 
0.0001346875 0 3 2 1 1 0 1 2 
0.0000415000 0 3 2 1 1 0 1 3 
0.0000426250 0 3 2 1 1 0 2 1 
0.0000475625 0 3 2 1 1 0 3 3 
0.0002188750 0 3 2 1 1 1 0 2 
0.0000841250 0 3 2 1 1 1 0 3 
0.0001639375 0 3 2 1 1 1 1 0 
0.0001998750 0 3 2 1 1 1 1 1 
0.0001936875 0 3 2 1 1 1 3 0 
0.0001235000 0 3 2 1 1 2 0 2 
0.0001456250 0 3 2 1 1 2 1 1 
0.0002239375 0 3 2 1 1 2 2 3 
0.0000704375 0 3 2 1 1 2 3 1 
0.0000835000 0 3 2 1 1 3 0 1 
0.0000268125 0 3 2 1 1 3 2 1 
0.0002342500 0 3 2 1 1 3 3 3 
0.0001999375 0 3 2 1 2 0 1 2 
0.0002295625 0 3 2 1 2 0 2 0 
0.0001988125 0 3 2 1 2 1 3 1 
0.0000499375 0 3 2 1 2 2 1 1 
0.0000168125 0 3 2 1 2 2 2 3 
0.0002308750 0 3 2 1 2 2 3 0 
0.0001568750 0 3 2 1 2 3 3 2 
0.0002233750 0 3 2 1 2 3 3 3 
0.0001208750 0 3 2 1 3 1 0 2 
0.0001008750 0 3 2 1 3 1 2 3 
0.0000923750 0 3 2 1 3 1 3 0 
0.0002018125 0 3 2 1 3 2 0 2 
0.0001574375 0 3 2 1 3 3 1 2 
0.0002014375 0 3 2 1 3 3 2 0 
0.0001332500 0 3 2 1 3 3 2 1 
0.0002091250 0 3 2 1 3 3 3 2 
0.0000733750 0 3 2 2 0 0 1 1 
0.0000299375 0 3 2 2 0 0 1 3 
0.0001998125 0 3 2 2 0 0 2 0 
0.0000666250 0 3 2 2 0 0 3 1 
0.0000641250 0 3 2 2 0 1 0 1 
0.0000193750 0 3 2 2 0 1 0 3 
0.0002126875 0 3 2 2 0 1 1 0 
0.0000941875 0 3 2 2 0 1 1 2 
0.0000752500 0 3 2 2 0 1 2 1 
0.0001465625 0 3 2 2 0 1 3 0 
0.0000563125 0 3 2 2 0 2 1 0 
0.0002392500 0 3 2 2 0 2 2 3 
0.0001326250 0 3 2 2 0 2 3 2 
0.0001491250 0 3 2 2 0 3 0 2 
0.0000637500 0 3 2 2 0 3 2 0 
0.0001822500 0 3 2 2 0 3 2 2 
0.0000754375 0 3 2 2 1 0 0 0 
0.0001494375 0 3 2 2 1 0 2 0 
0.0000426250 0 3 2 2 1 0 2 2 
0.0002290625 0 3 2 2 1 0 3 1 
0.0002013125 0 3 2 2 1 0 3 3 
0.0001109375 0 3 2 2 1 1 0 3 
0.0000688750 0 3 2 2 1 1 1 0 
0.0001998750 0 3 2 2 1 1 1 2 
0.0000105625 0 3 2 2 1 1 2 1 
0.0002415625 0 3 2 2 1 1 3 0 
0.0001141250 0 3 2 2 1 2 0 3 
0.0000420000 0 3 2 2 1 2 1 0 
0.0001456250 0 3 2 2 1 2 1 2 
0.0000464375 0 3 2 2 1 2 2 1 
0.0000513125 0 3 2 2 1 2 2 3 
0.0000704375 0 3 2 2 1 2 3 2 
0.0000835000 0 3 2 2 1 3 0 2 
0.0000718750 0 3 2 2 1 3 1 1 
0.0002136875 0 3 2 2 1 3 2 0 
0.0000268125 0 3 2 2 1 3 2 2 
0.0001093125 0 3 2 2 1 3 3 1 
0.0001250000 0 3 2 2 2 0 2 0 
0.0002042500 0 3 2 2 2 0 3 1 
0.0002289375 0 3 2 2 2 0 3 3 
0.0001423125 0 3 2 2 2 1 0 1 
0.0001401875 0 3 2 2 2 1 2 1 
0.0001603750 0 3 2 2 2 1 2 3 
0.0001988125 0 3 2 2 2 1 3 2 
0.0001729375 0 3 2 2 2 2 0 1 
0.0000089375 0 3 2 2 2 2 0 3 
0.0000499375 0 3 2 2 2 2 1 2 
0.0002422500 0 3 2 2 2 2 2 1 
0.0000443125 0 3 2 2 2 2 2 3 
0.0001531875 0 3 2 2 2 2 3 0 
0.0002394375 0 3 2 2 2 3 1 1 
0.0002176250 0 3 2 2 2 3 1 3 
0.0000650625 0 3 2 2 3 0 0 0 
0.0000728125 0 3 2 2 3 0 1 1 
0.0001705000 0 3 2 2 3 0 3 1 
0.0002313750 0 3 2 2 3 0 3 3 
0.0000316875 0 3 2 2 3 1 0 3 
0.0001676875 0 3 2 2 3 1 1 0 
0.0001768750 0 3 2 2 3 1 2 1 
0.0000568750 0 3 2 2 3 1 2 3 
0.0001093750 0 3 2 2 3 1 3 0 
0.0000768750 0 3 2 2 3 2 2 1 
0.0000151875 0 3 2 2 3 2 2 3 
0.0000634375 0 3 2 2 3 3 0 0 
0.0001332500 0 3 2 2 3 3 2 2 
0.0001052500 0 3 2 2 3 3 3 3 
0.0000170000 0 3 2 3 0 0 0 0 
0.0001675000 0 3 2 3 0 0 1 1 
0.0001237500 0 3 2 3 0 0 2 0 
0.0001278750 0 3 2 3 0 0 3 2 
0.0000941875 0 3 2 3 0 1 1 3 
0.0000395625 0 3 2 3 0 1 2 1 
0.0001530000 0 3 2 3 0 1 2 2 
0.0001319375 0 3 2 3 0 1 3 0 
0.0001551875 0 3 2 3 0 2 0 1 
0.0000828125 0 3 2 3 0 2 0 2 
0.0000308125 0 3 2 3 0 2 1 0 
0.0001326250 0 3 2 3 0 2 3 3 
0.0001302500 0 3 2 3 0 3 0 0 
0.0001491250 0 3 2 3 0 3 0 3 
0.0000194375 0 3 2 3 0 3 1 2 
0.0001822500 0 3 2 3 0 3 2 3 
0.0001372500 0 3 2 3 0 3 3 2 
0.0000020000 0 3 2 3 1 0 1 2 
0.0000426250 0 3 2 3 1 0 2 3 
0.0001998750 0 3 2 3 1 1 1 3 
0.0000900000 0 3 2 3 1 1 2 1 
0.0000661250 0 3 2 3 1 1 2 2 
0.0000527500 0 3 2 3 1 1 3 0 
0.0000338125 0 3 2 3 1 2 0 1 
0.0001456250 0 3 2 3 1 2 1 3 
0.0000566250 0 3 2 3 1 2 3 0 
0.0000704375 0 3 2 3 1 2 3 3 
0.0001650625 0 3 2 3 1 3 0 0 
0.0000835000 0 3 2 3 1 3 0 3 
0.0001411875 0 3 2 3 1 3 1 1 
0.0000171250 0 3 2 3 1 3 1 2 
0.0000268125 0 3 2 3 1 3 2 3 
0.0002010625 0 3 2 3 1 3 3 2 
0.0000548750 0 3 2 3 2 0 1 1 
0.0001363125 0 3 2 3 2 0 1 2 
0.0001830000 0 3 2 3 2 0 2 0 
0.0001875625 0 3 2 3 2 0 3 1 
0.0000538125 0 3 2 3 2 1 0 1 
0.0002360625 0 3 2 3 2 1 0 2 
0.0001669375 0 3 2 3 2 1 2 1 
0.0000525000 0 3 2 3 2 1 3 0 
0.0001988125 0 3 2 3 2 1 3 3 
0.0000806250 0 3 2 3 2 2 0 1 
0.0000656250 0 3 2 3 2 2 1 0 
0.0000499375 0 3 2 3 2 2 1 3 
0.0000976250 0 3 2 3 2 3 0 0 
0.0000210625 0 3 2 3 2 3 1 1 
0.0000801875 0 3 2 3 2 3 3 2 
0.0001128750 0 3 2 3 3 0 1 1 
0.0000257500 0 3 2 3 3 0 1 2 
0.0000190625 0 3 2 3 3 0 3 1 
0.0001877500 0 3 2 3 3 1 0 1 
0.0000059375 0 3 2 3 3 2 0 1 
0.0001956250 0 3 2 3 3 2 0 2 
0.0000730000 0 3 2 3 3 2 2 1 
0.0000358750 0 3 2 3 3 2 3 0 
0.0001862500 0 3 2 3 3 3 1 1 
0.0002147500 0 3 2 3 3 3 1 2 
0.0000135000 0 3 2 3 3 3 2 0 
0.0001332500 0 3 2 3 3 3 2 3 
0.0000728125 0 3 2 3 3 3 3 1 
0.0000436250 0 3 3 0 0 0 0 0 
0.0000299375 0 3 3 0 0 0 0 1 
0.0001675000 0 3 3 0 0 0 0 2 
0.0001998125 0 3 3 0 0 0 3 2 
0.0001237500 0 3 3 0 0 0 3 3 
0.0000193750 0 3 3 0 0 1 1 1 
0.0002292500 0 3 3 0 0 1 2 0 
0.0002325000 0 3 3 0 0 1 2 1 
0.0001756250 0 3 3 0 0 2 1 0 
0.0001551875 0 3 3 0 0 2 1 2 
0.0002124375 0 3 3 0 0 2 1 3 
0.0000938750 0 3 3 0 0 2 2 1 
0.0000870625 0 3 3 0 0 2 2 2 
0.0000081250 0 3 3 0 0 2 2 3 
0.0000354375 0 3 3 0 0 3 0 0 
0.0000801250 0 3 3 0 0 3 0 3 
0.0001822500 0 3 3 0 0 3 3 0 
0.0000637500 0 3 3 0 0 3 3 2 
0.0001346875 0 3 3 0 1 0 0 3 
0.0000426250 0 3 3 0 1 0 3 0 
0.0001494375 0 3 3 0 1 0 3 2 
0.0000908750 0 3 3 0 1 1 1 0 
0.0001109375 0 3 3 0 1 1 1 1 
0.0002188750 0 3 3 0 1 1 1 3 
0.0002182500 0 3 3 0 1 1 2 0 
0.0001141250 0 3 3 0 1 2 1 1 
0.0000338125 0 3 3 0 1 2 1 2 
0.0001235000 0 3 3 0 1 2 1 3 
0.0000081875 0 3 3 0 1 2 2 1 
0.0000356875 0 3 3 0 1 2 2 2 
0.0000026250 0 3 3 0 1 3 0 0 
0.0001411875 0 3 3 0 1 3 0 2 
0.0000268125 0 3 3 0 1 3 3 0 
0.0002136875 0 3 3 0 1 3 3 2 
0.0000548750 0 3 3 0 2 0 0 2 
0.0001999375 0 3 3 0 2 0 0 3 
0.0002295625 0 3 3 0 2 0 3 1 
0.0001250000 0 3 3 0 2 0 3 2 
0.0001830000 0 3 3 0 2 0 3 3 
0.0000538125 0 3 3 0 2 1 1 2 
0.0002200000 0 3 3 0 2 1 2 1 
0.0001890000 0 3 3 0 2 1 2 2 
0.0001933750 0 3 3 0 2 2 1 0 
0.0000089375 0 3 3 0 2 2 1 1 
0.0000806250 0 3 3 0 2 2 1 2 
0.0001227500 0 3 3 0 2 2 2 0 
0.0000235625 0 3 3 0 2 2 2 3 
0.0000321875 0 3 3 0 2 3 0 0 
0.0002176250 0 3 3 0 2 3 0 1 
0.0000210625 0 3 3 0 2 3 0 2 
0.0001128750 0 3 3 0 3 0 0 2 
0.0000316875 0 3 3 0 3 1 1 1 
0.0001877500 0 3 3 0 3 1 1 2 
0.0001208750 0 3 3 0 3 1 1 3 
0.0001111875 0 3 3 0 3 1 2 0 
0.0001899375 0 3 3 0 3 1 2 3 
0.0001466875 0 3 3 0 3 2 1 0 
0.0000059375 0 3 3 0 3 2 1 2 
0.0002018125 0 3 3 0 3 2 1 3 
0.0000780000 0 3 3 0 3 2 2 0 
0.0000641250 0 3 3 0 3 2 2 1 
0.0002338750 0 3 3 0 3 2 2 2 
0.0001862500 0 3 3 0 3 3 0 2 
0.0001574375 0 3 3 0 3 3 0 3 
0.0001332500 0 3 3 0 3 3 3 0 
0.0002014375 0 3 3 0 3 3 3 1 
0.0000135000 0 3 3 0 3 3 3 3 
0.0000299375 0 3 3 1 0 0 0 0 
0.0000436250 0 3 3 1 0 0 0 1 
0.0000666250 0 3 3 1 0 0 2 2 
0.0000911250 0 3 3 1 0 1 0 2 
0.0002126875 0 3 3 1 0 1 0 3 
0.0000193750 0 3 3 1 0 1 1 0 
0.0002325000 0 3 3 1 0 1 2 0 
0.0002292500 0 3 3 1 0 1 2 1 
0.0000563125 0 3 3 1 0 2 0 3 
0.0001756250 0 3 3 1 0 2 1 1 
0.0000938750 0 3 3 1 0 2 2 0 
0.0002170625 0 3 3 1 0 2 3 2 
0.0001568125 0 3 3 1 0 2 3 3 
0.0000354375 0 3 3 1 0 3 0 1 
0.0001822500 0 3 3 1 0 3 3 1 
0.0002105000 0 3 3 1 1 0 1 2 
0.0000754375 0 3 3 1 1 0 1 3 
0.0002290625 0 3 3 1 1 0 2 2 
0.0000426250 0 3 3 1 1 0 3 1 
0.0001855000 0 3 3 1 1 1 0 2 
0.0000688750 0 3 3 1 1 1 0 3 
0.0001109375 0 3 3 1 1 1 1 0 
0.0000908750 0 3 3 1 1 1 1 1 
0.0002182500 0 3 3 1 1 1 2 1 
0.0001753750 0 3 3 1 1 2 0 2 
0.0000420000 0 3 3 1 1 2 0 3 
0.0001141250 0 3 3 1 1 2 1 0 
0.0000081875 0 3 3 1 1 2 2 0 
0.0002239375 0 3 3 1 1 2 3 3 
0.0000026250 0 3 3 1 1 3 0 1 
0.0001093125 0 3 3 1 1 3 2 2 
0.0000268125 0 3 3 1 1 3 3 1 
0.0002287500 0 3 3 1 2 0 1 2 
0.0002042500 0 3 3 1 2 0 2 2 
0.0001875625 0 3 3 1 2 0 2 3 
0.0002295625 0 3 3 1 2 0 3 0 
0.0002154375 0 3 3 1 2 1 0 2 
0.0002200000 0 3 3 1 2 1 2 0 
0.0000089375 0 3 3 1 2 2 1 0 
0.0001933750 0 3 3 1 2 2 1 1 
0.0001227500 0 3 3 1 2 2 2 1 
0.0000168125 0 3 3 1 2 2 3 3 
0.0002176250 0 3 3 1 2 3 0 0 
0.0000321875 0 3 3 1 2 3 0 1 
0.0001140000 0 3 3 1 3 0 1 2 
0.0000650625 0 3 3 1 3 0 1 3 
0.0001705000 0 3 3 1 3 0 2 2 
0.0000190625 0 3 3 1 3 0 2 3 
0.0001209375 0 3 3 1 3 1 0 2 
0.0001676875 0 3 3 1 3 1 0 3 
0.0000316875 0 3 3 1 3 1 1 0 
0.0001111875 0 3 3 1 3 1 2 1 
0.0001008750 0 3 3 1 3 1 3 3 
0.0002048750 0 3 3 1 3 2 0 2 
0.0001466875 0 3 3 1 3 2 1 1 
0.0000641250 0 3 3 1 3 2 2 0 
0.0000780000 0 3 3 1 3 2 2 1 
0.0000458750 0 3 3 1 3 3 1 2 
0.0000634375 0 3 3 1 3 3 1 3 
0.0000728125 0 3 3 1 3 3 2 3 
0.0002014375 0 3 3 1 3 3 3 0 
0.0001332500 0 3 3 1 3 3 3 1 
0.0001675000 0 3 3 2 0 0 0 0 
0.0000436250 0 3 3 2 0 0 0 2 
0.0000170000 0 3 3 2 0 0 1 1 
0.0001177500 0 3 3 2 0 0 1 3 
0.0001278750 0 3 3 2 0 0 2 3 
0.0001998125 0 3 3 2 0 0 3 0 
0.0002292500 0 3 3 2 0 1 2 2 
0.0000752500 0 3 3 2 0 1 3 1 
0.0000308125 0 3 3 2 0 2 0 1 
0.0002411875 0 3 3 2 0 2 0 3 
0.0001551875 0 3 3 2 0 2 1 0 
0.0001756250 0 3 3 2 0 2 1 2 
0.0000870625 0 3 3 2 0 2 2 0 
0.0002392500 0 3 3 2 0 2 3 3 
0.0000354375 0 3 3 2 0 3 0 2 
0.0001302500 0 3 3 2 0 3 1 1 
0.0001043125 0 3 3 2 0 3 2 1 
0.0001372500 0 3 3 2 0 3 2 3 
0.0000637500 0 3 3 2 0 3 3 0 
0.0001822500 0 3 3 2 0 3 3 2 
0.0001510625 0 3 3 2 1 0 1 3 
0.0001494375 0 3 3 2 1 0 3 0 
0.0000426250 0 3 3 2 1 0 3 2 
0.0000908750 0 3 3 2 1 1 1 2 
0.0002182500 0 3 3 2 1 1 2 2 
0.0000105625 0 3 3 2 1 1 3 1 
0.0002101250 0 3 3 2 1 2 0 3 
0.0000338125 0 3 3 2 1 2 1 0 
0.0000356875 0 3 3 2 1 2 2 0 
0.0000464375 0 3 3 2 1 2 3 1 
0.0000513125 0 3 3 2 1 2 3 3 
0.0001411875 0 3 3 2 1 3 0 0 
0.0000026250 0 3 3 2 1 3 0 2 
0.0001650625 0 3 3 2 1 3 1 1 
0.0002349375 0 3 3 2 1 3 1 3 
0.0002010625 0 3 3 2 1 3 2 3 
0.0002136875 0 3 3 2 1 3 3 0 
0.0000268125 0 3 3 2 1 3 3 2 
0.0000548750 0 3 3 2 2 0 0 0 
0.0001405625 0 3 3 2 2 0 1 3 
0.0001250000 0 3 3 2 2 0 3 0 
0.0000014375 0 3 3 2 2 1 0 3 
0.0000538125 0 3 3 2 2 1 1 0 
0.0001890000 0 3 3 2 2 1 2 0 
0.0001401875 0 3 3 2 2 1 3 1 
0.0001603750 0 3 3 2 2 1 3 3 
0.0000656250 0 3 3 2 2 2 0 1 
0.0001423750 0 3 3 2 2 2 0 3 
0.0000806250 0 3 3 2 2 2 1 0 
0.0001933750 0 3 3 2 2 2 1 2 
0.0001227500 0 3 3 2 2 2 2 2 
0.0002422500 0 3 3 2 2 2 3 1 
0.0000443125 0 3 3 2 2 2 3 3 
0.0000210625 0 3 3 2 2 3 0 0 
0.0000321875 0 3 3 2 2 3 0 2 
0.0000976250 0 3 3 2 2 3 1 1 
0.0000035000 0 3 3 2 2 3 1 3 
0.0001568750 0 3 3 2 2 3 2 1 
0.0000801875 0 3 3 2 2 3 2 3 
0.0001128750 0 3 3 2 3 0 0 0 
0.0001678750 0 3 3 2 3 0 1 3 
0.0001919375 0 3 3 2 3 1 0 3 
0.0001877500 0 3 3 2 3 1 1 0 
0.0001111875 0 3 3 2 3 1 2 2 
0.0001768750 0 3 3 2 3 1 3 1 
0.0000568750 0 3 3 2 3 1 3 3 
0.0001128125 0 3 3 2 3 2 0 3 
0.0000059375 0 3 3 2 3 2 1 0 
0.0001466875 0 3 3 2 3 2 1 2 
0.0002338750 0 3 3 2 3 2 2 0 
0.0000780000 0 3 3 2 3 2 2 2 
0.0000768750 0 3 3 2 3 2 3 1 
0.0000151875 0 3 3 2 3 2 3 3 
0.0001862500 0 3 3 2 3 3 0 0 
0.0002384375 0 3 3 2 3 3 1 3 
0.0002091250 0 3 3 2 3 3 2 1 
0.0001332500 0 3 3 2 3 3 3 2 
0.0000436250 0 3 3 3 0 0 0 3 
0.0001168125 0 3 3 3 0 0 1 1 
0.0000193750 0 3 3 3 0 0 2 1 
0.0001237500 0 3 3 3 0 0 3 0 
0.0000240000 0 3 3 3 0 1 0 2 
0.0002292500 0 3 3 3 0 1 2 3 
0.0000395625 0 3 3 3 0 1 3 1 
0.0001530000 0 3 3 3 0 1 3 2 
0.0002124375 0 3 3 3 0 2 1 0 
0.0001756250 0 3 3 3 0 2 1 3 
0.0000081250 0 3 3 3 0 2 2 0 
0.0000801250 0 3 3 3 0 3 0 0 
0.0000354375 0 3 3 3 0 3 0 3 
0.0000955000 0 3 3 3 0 3 1 1 
0.0000124375 0 3 3 3 0 3 1 2 
0.0001366250 0 3 3 3 0 3 2 1 
0.0001822500 0 3 3 3 0 3 3 3 
0.0001346875 0 3 3 3 1 0 0 0 
0.0000475625 0 3 3 3 1 0 2 1 
0.0002013125 0 3 3 3 1 0 2 2 
0.0000426250 0 3 3 3 1 0 3 3 
0.0001639375 0 3 3 3 1 1 0 2 
0.0002188750 0 3 3 3 1 1 1 0 
0.0000908750 0 3 3 3 1 1 1 3 
0.0002182500 0 3 3 3 1 1 2 3 
0.0000900000 0 3 3 3 1 1 3 1 
0.0000661250 0 3 3 3 1 1 3 2 
0.0001235000 0 3 3 3 1 2 1 0 
0.0000026250 0 3 3 3 1 3 0 3 
0.0001898750 0 3 3 3 1 3 1 1 
0.0002342500 0 3 3 3 1 3 2 1 
0.0000268125 0 3 3 3 1 3 3 3 
0.0001999375 0 3 3 3 2 0 0 0 
0.0001271875 0 3 3 3 2 0 1 1 
0.0002289375 0 3 3 3 2 0 2 2 
0.0001830000 0 3 3 3 2 0 3 0 
0.0001878125 0 3 3 3 2 1 0 1 
0.0001669375 0 3 3 3 2 1 3 1 
0.0001385000 0 3 3 3 2 2 0 1 
0.0001933750 0 3 3 3 2 2 1 3 
0.0000235625 0 3 3 3 2 2 2 0 
0.0001227500 0 3 3 3 2 2 2 3 
0.0000321875 0 3 3 3 2 3 0 3 
0.0001772500 0 3 3 3 2 3 1 1 
0.0002233750 0 3 3 3 2 3 2 1 
0.0002313750 0 3 3 3 3 0 2 2 
0.0001208750 0 3 3 3 3 1 1 0 
0.0001899375 0 3 3 3 3 1 2 0 
0.0001111875 0 3 3 3 3 1 2 3 
0.0000781875 0 3 3 3 3 2 0 1 
0.0002018125 0 3 3 3 3 2 1 0 
0.0001466875 0 3 3 3 3 2 1 3 
0.0000780000 0 3 3 3 3 2 2 3 
0.0000730000 0 3 3 3 3 2 3 1 
0.0001574375 0 3 3 3 3 3 0 0 
0.0001052500 0 3 3 3 3 3 2 2 
0.0000135000 0 3 3 3 3 3 3 0 
0.0001332500 0 3 3 3 3 3 3 3 
0.0000268125 1 0 0 0 0 0 0 0 
0.0002136875 1 0 0 0 0 0 0 2 
0.0001088125 1 0 0 0 0 0 1 0 
0.0002010625 1 0 0 0 0 0 1 1 
0.0002342500 1 0 0 0 0 0 1 2 
0.0001093125 1 0 0 0 0 0 1 3 
0.0000835000 1 0 0 0 0 0 2 0 
0.0001650625 1 0 0 0 0 0 2 3 
0.0000026250 1 0 0 0 0 0 3 0 
0.0001411875 1 0 0 0 0 0 3 2 
0.0000513125 1 0 0 0 0 1 0 1 
0.0000704375 1 0 0 0 0 1 1 0 
0.0000566250 1 0 0 0 0 1 1 3 
0.0001141250 1 0 0 0 0 1 2 1 
0.0000338125 1 0 0 0 0 1 2 2 
0.0001235000 1 0 0 0 0 1 2 3 
0.0002101250 1 0 0 0 0 1 3 1 
0.0001753750 1 0 0 0 0 1 3 3 
0.0000661250 1 0 0 0 0 2 0 1 
0.0000105625 1 0 0 0 0 2 0 3 
0.0002182500 1 0 0 0 0 2 1 0 
0.0000841250 1 0 0 0 0 2 2 2 
0.0001998750 1 0 0 0 0 2 3 0 
0.0001639375 1 0 0 0 0 2 3 1 
0.0000688750 1 0 0 0 0 2 3 2 
0.0000426250 1 0 0 0 0 3 0 0 
0.0001494375 1 0 0 0 0 3 0 2 
0.0001655625 1 0 0 0 0 3 1 0 
0.0000475625 1 0 0 0 0 3 1 2 
0.0002290625 1 0 0 0 0 3 1 3 
0.0000754375 1 0 0 0 0 3 2 2 
0.0001346875 1 0 0 0 0 3 3 3 
0.0001822500 1 0 0 0 1 0 0 0 
0.0000637500 1 0 0 0 1 0 0 2 
0.0001372500 1 0 0 0 1 0 1 1 
0.0001366250 1 0 0 0 1 0 1 2 
0.0001491250 1 0 0 0 1 0 2 0 
0.0000124375 1 0 0 0 1 0 2 1 
0.0001302500 1 0 0 0 1 0 2 3 
0.0000354375 1 0 0 0 1 0 3 0 
0.0000801250 1 0 0 0 1 0 3 3 
0.0002392500 1 0 0 0 1 1 0 1 
0.0002170625 1 0 0 0 1 1 0 3 
0.0001326250 1 0 0 0 1 1 1 0 
0.0001756250 1 0 0 0 1 1 2 0 
0.0001551875 1 0 0 0 1 1 2 2 
0.0002124375 1 0 0 0 1 1 2 3 
0.0001433750 1 0 0 0 1 1 3 0 
0.0002411875 1 0 0 0 1 1 3 1 
0.0000470000 1 0 0 0 1 2 0 0 
0.0001530000 1 0 0 0 1 2 0 1 
0.0000752500 1 0 0 0 1 2 0 3 
0.0002292500 1 0 0 0 1 2 1 0 
0.0002325000 1 0 0 0 1 2 1 1 
0.0002395000 1 0 0 0 1 2 2 0 
0.0002218750 1 0 0 0 1 2 2 2 
0.0000641250 1 0 0 0 1 2 2 3 
0.0000941875 1 0 0 0 1 2 3 0 
0.0000240000 1 0 0 0 1 2 3 1 
0.0002126875 1 0 0 0 1 2 3 2 
0.0001998125 1 0 0 0 1 3 0 2 
0.0001237500 1 0 0 0 1 3 0 3 
0.0001455000 1 0 0 0 1 3 1 0 
0.0001278750 1 0 0 0 1 3 1 1 
0.0000193750 1 0 0 0 1 3 1 2 
0.0000666250 1 0 0 0 1 3 1 3 
0.0000170000 1 0 0 0 1 3 2 3 
0.0000436250 1 0 0 0 1 3 3 0 
0.0000299375 1 0 0 0 1 3 3 1 
0.0001675000 1 0 0 0 1 3 3 2 
0.0000268125 1 0 0 1 0 0 0 1 
0.0002010625 1 0 0 1 0 0 1 0 
0.0001088125 1 0 0 1 0 0 1 1 
0.0000835000 1 0 0 1 0 0 2 1 
0.0000026250 1 0 0 1 0 0 3 1 
0.0000513125 1 0 0 1 0 1 0 0 
0.0000704375 1 0 0 1 0 1 1 1 
0.0001141250 1 0 0 1 0 1 2 0 
0.0002101250 1 0 0 1 0 1 3 0 
0.0000661250 1 0 0 1 0 2 0 0 
0.0002182500 1 0 0 1 0 2 1 1 
0.0001639375 1 0 0 1 0 2 3 0 
0.0001998750 1 0 0 1 0 2 3 1 
0.0000426250 1 0 0 1 0 3 0 1 
0.0001655625 1 0 0 1 0 3 1 1 
0.0001822500 1 0 0 1 1 0 0 1 
0.0001372500 1 0 0 1 1 0 1 0 
0.0000124375 1 0 0 1 1 0 2 0 
0.0001491250 1 0 0 1 1 0 2 1 
0.0000354375 1 0 0 1 1 0 3 1 
0.0002392500 1 0 0 1 1 1 0 0 
0.0001326250 1 0 0 1 1 1 1 1 
0.0001756250 1 0 0 1 1 1 2 1 
0.0002411875 1 0 0 1 1 1 3 0 
0.0001433750 1 0 0 1 1 1 3 1 
0.0001530000 1 0 0 1 1 2 0 0 
0.0000470000 1 0 0 1 1 2 0 1 
0.0002325000 1 0 0 1 1 2 1 0 
0.0002292500 1 0 0 1 1 2 1 1 
0.0002395000 1 0 0 1 1 2 2 1 
0.0000240000 1 0 0 1 1 2 3 0 
0.0000941875 1 0 0 1 1 2 3 1 
0.0001278750 1 0 0 1 1 3 1 0 
0.0001455000 1 0 0 1 1 3 1 1 
0.0000299375 1 0 0 1 1 3 3 0 
0.0000436250 1 0 0 1 1 3 3 1 
0.0002091250 1 0 0 1 2 0 1 2 
0.0000458750 1 0 0 1 2 0 2 2 
0.0000634375 1 0 0 1 2 0 2 3 
0.0001862500 1 0 0 1 2 0 3 3 
0.0000768750 1 0 0 1 2 1 0 2 
0.0000730000 1 0 0 1 2 1 0 3 
0.0000059375 1 0 0 1 2 1 2 3 
0.0000781875 1 0 0 1 2 1 3 3 
0.0001008750 1 0 0 1 2 2 0 3 
0.0001208750 1 0 0 1 2 2 2 2 
0.0001209375 1 0 0 1 2 2 3 2 
0.0001676875 1 0 0 1 2 2 3 3 
0.0000758125 1 0 0 1 2 3 0 2 
0.0001140000 1 0 0 1 2 3 2 2 
0.0000650625 1 0 0 1 2 3 2 3 
0.0000728125 1 0 0 1 2 3 3 2 
0.0001128750 1 0 0 1 2 3 3 3 
0.0001218750 1 0 0 1 3 0 0 3 
0.0000976250 1 0 0 1 3 0 2 2 
0.0001772500 1 0 0 1 3 0 2 3 
0.0000168125 1 0 0 1 3 1 0 3 
0.0001401875 1 0 0 1 3 2 0 2 
0.0001669375 1 0 0 1 3 2 0 3 
0.0001423125 1 0 0 1 3 2 2 2 
0.0000538125 1 0 0 1 3 2 2 3 
0.0001878125 1 0 0 1 3 2 3 3 
0.0001830000 1 0 0 1 3 3 0 2 
0.0002042500 1 0 0 1 3 3 1 2 
0.0001875625 1 0 0 1 3 3 1 3 
0.0001271875 1 0 0 1 3 3 2 3 
0.0001999375 1 0 0 1 3 3 3 2 
0.0002136875 1 0 0 2 0 0 0 0 
0.0000268125 1 0 0 2 0 0 0 2 
0.0002342500 1 0 0 2 0 0 1 0 
0.0001088125 1 0 0 2 0 0 1 2 
0.0000835000 1 0 0 2 0 0 2 2 
0.0001411875 1 0 0 2 0 0 3 0 
0.0000026250 1 0 0 2 0 0 3 2 
0.0000704375 1 0 0 2 0 1 1 2 
0.0000338125 1 0 0 2 0 1 2 0 
0.0002182500 1 0 0 2 0 2 1 2 
0.0000841250 1 0 0 2 0 2 2 0 
0.0000688750 1 0 0 2 0 2 3 0 
0.0001998750 1 0 0 2 0 2 3 2 
0.0001494375 1 0 0 2 0 3 0 0 
0.0000426250 1 0 0 2 0 3 0 2 
0.0000475625 1 0 0 2 0 3 1 0 
0.0001655625 1 0 0 2 0 3 1 2 
0.0000754375 1 0 0 2 0 3 2 0 
0.0000637500 1 0 0 2 1 0 0 0 
0.0001822500 1 0 0 2 1 0 0 2 
0.0001366250 1 0 0 2 1 0 1 0 
0.0001491250 1 0 0 2 1 0 2 2 
0.0000354375 1 0 0 2 1 0 3 2 
0.0001326250 1 0 0 2 1 1 1 2 
0.0001551875 1 0 0 2 1 1 2 0 
0.0001756250 1 0 0 2 1 1 2 2 
0.0001433750 1 0 0 2 1 1 3 2 
0.0000470000 1 0 0 2 1 2 0 2 
0.0002292500 1 0 0 2 1 2 1 2 
0.0002218750 1 0 0 2 1 2 2 0 
0.0002395000 1 0 0 2 1 2 2 2 
0.0002126875 1 0 0 2 1 2 3 0 
0.0000941875 1 0 0 2 1 2 3 2 
0.0001998125 1 0 0 2 1 3 0 0 
0.0000193750 1 0 0 2 1 3 1 0 
0.0001455000 1 0 0 2 1 3 1 2 
0.0001675000 1 0 0 2 1 3 3 0 
0.0000436250 1 0 0 2 1 3 3 2 
0.0000135000 1 0 0 2 2 0 0 1 
0.0001052500 1 0 0 2 2 0 1 3 
0.0002384375 1 0 0 2 2 0 2 3 
0.0001574375 1 0 0 2 2 0 3 1 
0.0002147500 1 0 0 2 2 0 3 3 
0.0000358750 1 0 0 2 2 1 1 1 
0.0000641250 1 0 0 2 2 1 1 3 
0.0002018125 1 0 0 2 2 1 2 1 
0.0001956250 1 0 0 2 2 1 2 3 
0.0002048750 1 0 0 2 2 1 3 1 
0.0001768750 1 0 0 2 2 2 0 1 
0.0000568750 1 0 0 2 2 2 0 3 
0.0001899375 1 0 0 2 2 2 1 1 
0.0000923750 1 0 0 2 2 2 1 3 
0.0000316875 1 0 0 2 2 2 2 3 
0.0001919375 1 0 0 2 2 2 3 3 
0.0000102500 1 0 0 2 2 3 0 3 
0.0001705000 1 0 0 2 2 3 1 1 
0.0002313750 1 0 0 2 2 3 1 3 
0.0001678750 1 0 0 2 2 3 2 3 
0.0000257500 1 0 0 2 2 3 3 3 
0.0001496875 1 0 0 2 3 0 0 1 
0.0001568750 1 0 0 2 3 0 1 1 
0.0000801875 1 0 0 2 3 0 1 3 
0.0002394375 1 0 0 2 3 0 3 1 
0.0002176250 1 0 0 2 3 0 3 3 
0.0002422500 1 0 0 2 3 1 0 1 
0.0000443125 1 0 0 2 3 1 0 3 
0.0000235625 1 0 0 2 3 1 1 1 
0.0002308750 1 0 0 2 3 1 1 3 
0.0001729375 1 0 0 2 3 1 2 1 
0.0000089375 1 0 0 2 3 1 2 3 
0.0000656250 1 0 0 2 3 1 3 1 
0.0001423750 1 0 0 2 3 1 3 3 
0.0000525000 1 0 0 2 3 2 1 1 
0.0002200000 1 0 0 2 3 2 1 3 
0.0002360625 1 0 0 2 3 2 2 3 
0.0002154375 1 0 0 2 3 2 3 1 
0.0002295625 1 0 0 2 3 3 0 3 
0.0002287500 1 0 0 2 3 3 2 1 
0.0000268125 1 0 0 3 0 0 0 3 
0.0001093125 1 0 0 3 0 0 1 0 
0.0001088125 1 0 0 3 0 0 1 3 
0.0001650625 1 0 0 3 0 0 2 0 
0.0000835000 1 0 0 3 0 0 2 3 
0.0000026250 1 0 0 3 0 0 3 3 
0.0000566250 1 0 0 3 0 1 1 0 
0.0000704375 1 0 0 3 0 1 1 3 
0.0001235000 1 0 0 3 0 1 2 0 
0.0001753750 1 0 0 3 0 1 3 0 
0.0000105625 1 0 0 3 0 2 0 0 
0.0002182500 1 0 0 3 0 2 1 3 
0.0001998750 1 0 0 3 0 2 3 3 
0.0000426250 1 0 0 3 0 3 0 3 
0.0002290625 1 0 0 3 0 3 1 0 
0.0001655625 1 0 0 3 0 3 1 3 
0.0001346875 1 0 0 3 0 3 3 0 
0.0001822500 1 0 0 3 1 0 0 3 
0.0001302500 1 0 0 3 1 0 2 0 
0.0001491250 1 0 0 3 1 0 2 3 
0.0000801250 1 0 0 3 1 0 3 0 
0.0000354375 1 0 0 3 1 0 3 3 
0.0002170625 1 0 0 3 1 1 0 0 
0.0001326250 1 0 0 3 1 1 1 3 
0.0002124375 1 0 0 3 1 1 2 0 
0.0001756250 1 0 0 3 1 1 2 3 
0.0001433750 1 0 0 3 1 1 3 3 
0.0000752500 1 0 0 3 1 2 0 0 
0.0000470000 1 0 0 3 1 2 0 3 
0.0002292500 1 0 0 3 1 2 1 3 
0.0000641250 1 0 0 3 1 2 2 0 
0.0002395000 1 0 0 3 1 2 2 3 
0.0000941875 1 0 0 3 1 2 3 3 
0.0001237500 1 0 0 3 1 3 0 0 
0.0000666250 1 0 0 3 1 3 1 0 
0.0001455000 1 0 0 3 1 3 1 3 
0.0000170000 1 0 0 3 1 3 2 0 
0.0000436250 1 0 0 3 1 3 3 3 
0.0000071875 1 0 0 3 2 0 0 1 
0.0002014375 1 0 0 3 2 0 0 2 
0.0000728125 1 0 0 3 2 0 1 1 
0.0000151875 1 0 0 3 2 1 0 2 
0.0002338750 1 0 0 3 2 1 1 1 
0.0001128125 1 0 0 3 2 1 3 2 
0.0001093750 1 0 0 3 2 2 1 1 
0.0001877500 1 0 0 3 2 2 2 1 
0.0001116250 1 0 0 3 2 3 0 1 
0.0000190625 1 0 0 3 2 3 1 1 
0.0001616250 1 0 0 3 3 0 0 2 
0.0002233750 1 0 0 3 3 0 1 1 
0.0000035000 1 0 0 3 3 0 2 2 
0.0000210625 1 0 0 3 3 0 3 1 
0.0001531875 1 0 0 3 3 1 1 1 
0.0000806250 1 0 0 3 3 1 2 1 
0.0001385000 1 0 0 3 3 1 3 1 
0.0001603750 1 0 0 3 3 2 0 2 
0.0001890000 1 0 0 3 3 2 1 1 
0.0000014375 1 0 0 3 3 2 3 2 
0.0001250000 1 0 0 3 3 3 0 1 
0.0002289375 1 0 0 3 3 3 1 2 
0.0001405625 1 0 0 3 3 3 2 2 
0.0000548750 1 0 0 3 3 3 3 1 
0.0001363125 1 0 0 3 3 3 3 2 
0.0001088125 1 0 1 0 0 0 0 0 
0.0002010625 1 0 1 0 0 0 0 1 
0.0002342500 1 0 1 0 0 0 0 2 
0.0001093125 1 0 1 0 0 0 0 3 
0.0000268125 1 0 1 0 0 0 1 0 
0.0002136875 1 0 1 0 0 0 1 2 
0.0000704375 1 0 1 0 0 1 0 0 
0.0000566250 1 0 1 0 0 1 0 3 
0.0000513125 1 0 1 0 0 1 1 1 
0.0002182500 1 0 1 0 0 2 0 0 
0.0000661250 1 0 1 0 0 2 1 1 
0.0000105625 1 0 1 0 0 2 1 3 
0.0001655625 1 0 1 0 0 3 0 0 
0.0000475625 1 0 1 0 0 3 0 2 
0.0002290625 1 0 1 0 0 3 0 3 
0.0000426250 1 0 1 0 0 3 1 0 
0.0001494375 1 0 1 0 0 3 1 2 
0.0001372500 1 0 1 0 1 0 0 1 
0.0001366250 1 0 1 0 1 0 0 2 
0.0001822500 1 0 1 0 1 0 1 0 
0.0000637500 1 0 1 0 1 0 1 2 
0.0001326250 1 0 1 0 1 1 0 0 
0.0002392500 1 0 1 0 1 1 1 1 
0.0002170625 1 0 1 0 1 1 1 3 
0.0002292500 1 0 1 0 1 2 0 0 
0.0002325000 1 0 1 0 1 2 0 1 
0.0000470000 1 0 1 0 1 2 1 0 
0.0001530000 1 0 1 0 1 2 1 1 
0.0000752500 1 0 1 0 1 2 1 3 
0.0001455000 1 0 1 0 1 3 0 0 
0.0001278750 1 0 1 0 1 3 0 1 
0.0000193750 1 0 1 0 1 3 0 2 
0.0000666250 1 0 1 0 1 3 0 3 
0.0001998125 1 0 1 0 1 3 1 2 
0.0001237500 1 0 1 0 1 3 1 3 
0.0000842500 1 0 1 0 2 0 2 0 
0.0002147500 1 0 1 0 2 0 2 1 
0.0000634375 1 0 1 0 2 0 3 2 
0.0001466875 1 0 1 0 2 1 3 0 
0.0000059375 1 0 1 0 2 1 3 2 
0.0002018125 1 0 1 0 2 1 3 3 
0.0000738125 1 0 1 0 2 2 2 0 
0.0001919375 1 0 1 0 2 2 2 1 
0.0001209375 1 0 1 0 2 2 2 3 
0.0000756250 1 0 1 0 2 2 3 0 
0.0000885625 1 0 1 0 2 3 2 0 
0.0000257500 1 0 1 0 2 3 2 1 
0.0000728125 1 0 1 0 2 3 2 3 
0.0000650625 1 0 1 0 2 3 3 2 
0.0000321875 1 0 1 0 3 0 2 0 
0.0002176250 1 0 1 0 3 0 2 1 
0.0000210625 1 0 1 0 3 0 2 2 
0.0000193125 1 0 1 0 3 0 3 0 
0.0000035000 1 0 1 0 3 0 3 1 
0.0001772500 1 0 1 0 3 0 3 2 
0.0001423750 1 0 1 0 3 1 2 1 
0.0001385000 1 0 1 0 3 1 2 2 
0.0001729375 1 0 1 0 3 1 3 3 
0.0000538125 1 0 1 0 3 2 3 2 
0.0000548750 1 0 1 0 3 3 2 2 
0.0001999375 1 0 1 0 3 3 2 3 
0.0000232500 1 0 1 0 3 3 3 0 
0.0001405625 1 0 1 0 3 3 3 1 
0.0001271875 1 0 1 0 3 3 3 2 
0.0002287500 1 0 1 0 3 3 3 3 
0.0002010625 1 0 1 1 0 0 0 0 
0.0001088125 1 0 1 1 0 0 0 1 
0.0000268125 1 0 1 1 0 0 1 1 
0.0000718750 1 0 1 1 0 0 2 2 
0.0001411875 1 0 1 1 0 0 2 3 
0.0001650625 1 0 1 1 0 0 3 2 
0.0001898750 1 0 1 1 0 0 3 3 
0.0000704375 1 0 1 1 0 1 0 1 
0.0000513125 1 0 1 1 0 1 1 0 
0.0001235000 1 0 1 1 0 1 3 2 
0.0002182500 1 0 1 1 0 2 0 1 
0.0000661250 1 0 1 1 0 2 1 0 
0.0001855000 1 0 1 1 0 2 2 2 
0.0000688750 1 0 1 1 0 2 2 3 
0.0001655625 1 0 1 1 0 3 0 1 
0.0000426250 1 0 1 1 0 3 1 1 
0.0001372500 1 0 1 1 1 0 0 0 
0.0001822500 1 0 1 1 1 0 1 1 
0.0001302500 1 0 1 1 1 0 3 2 
0.0000955000 1 0 1 1 1 0 3 3 
0.0001326250 1 0 1 1 1 1 0 1 
0.0002392500 1 0 1 1 1 1 1 0 
0.0000308125 1 0 1 1 1 1 2 2 
0.0002124375 1 0 1 1 1 1 3 2 
0.0002325000 1 0 1 1 1 2 0 0 
0.0002292500 1 0 1 1 1 2 0 1 
0.0001530000 1 0 1 1 1 2 1 0 
0.0000470000 1 0 1 1 1 2 1 1 
0.0000911250 1 0 1 1 1 2 2 2 
0.0002126875 1 0 1 1 1 2 2 3 
0.0000641250 1 0 1 1 1 2 3 2 
0.0001278750 1 0 1 1 1 3 0 0 
0.0001455000 1 0 1 1 1 3 0 1 
0.0000733750 1 0 1 1 1 3 2 2 
0.0001675000 1 0 1 1 1 3 2 3 
0.0000170000 1 0 1 1 1 3 3 2 
0.0001168125 1 0 1 1 1 3 3 3 
0.0002091250 1 0 1 1 2 0 0 2 
0.0002147500 1 0 1 1 2 0 2 0 
0.0000842500 1 0 1 1 2 0 2 1 
0.0000768750 1 0 1 1 2 1 1 2 
0.0000730000 1 0 1 1 2 1 1 3 
0.0001466875 1 0 1 1 2 1 3 1 
0.0001008750 1 0 1 1 2 2 1 3 
0.0001919375 1 0 1 1 2 2 2 0 
0.0000738125 1 0 1 1 2 2 2 1 
0.0000756250 1 0 1 1 2 2 3 1 
0.0000758125 1 0 1 1 2 3 1 2 
0.0000257500 1 0 1 1 2 3 2 0 
0.0000885625 1 0 1 1 2 3 2 1 
0.0001218750 1 0 1 1 3 0 1 3 
0.0002176250 1 0 1 1 3 0 2 0 
0.0000321875 1 0 1 1 3 0 2 1 
0.0000035000 1 0 1 1 3 0 3 0 
0.0000193125 1 0 1 1 3 0 3 1 
0.0000168125 1 0 1 1 3 1 1 3 
0.0001423750 1 0 1 1 3 1 2 0 
0.0001401875 1 0 1 1 3 2 1 2 
0.0001669375 1 0 1 1 3 2 1 3 
0.0002042500 1 0 1 1 3 3 0 2 
0.0001875625 1 0 1 1 3 3 0 3 
0.0001830000 1 0 1 1 3 3 1 2 
0.0001405625 1 0 1 1 3 3 3 0 
0.0000232500 1 0 1 1 3 3 3 1 
0.0002342500 1 0 1 2 0 0 0 0 
0.0001088125 1 0 1 2 0 0 0 2 
0.0002136875 1 0 1 2 0 0 1 0 
0.0000268125 1 0 1 2 0 0 1 2 
0.0000171250 1 0 1 2 0 0 2 3 
0.0000704375 1 0 1 2 0 1 0 2 
0.0001753750 1 0 1 2 0 1 2 1 
0.0001141250 1 0 1 2 0 1 3 3 
0.0002182500 1 0 1 2 0 2 0 2 
0.0002188750 1 0 1 2 0 2 3 1 
0.0000475625 1 0 1 2 0 3 0 0 
0.0001655625 1 0 1 2 0 3 0 2 
0.0001494375 1 0 1 2 0 3 1 0 
0.0000426250 1 0 1 2 0 3 1 2 
0.0001346875 1 0 1 2 0 3 2 1 
0.0000020000 1 0 1 2 0 3 2 3 
0.0002105000 1 0 1 2 0 3 3 1 
0.0001366250 1 0 1 2 1 0 0 0 
0.0000637500 1 0 1 2 1 0 1 0 
0.0001822500 1 0 1 2 1 0 1 2 
0.0000801250 1 0 1 2 1 0 2 1 
0.0000194375 1 0 1 2 1 0 2 3 
0.0000124375 1 0 1 2 1 0 3 3 
0.0001326250 1 0 1 2 1 1 0 2 
0.0002292500 1 0 1 2 1 2 0 2 
0.0000470000 1 0 1 2 1 2 1 2 
0.0000193750 1 0 1 2 1 3 0 0 
0.0001455000 1 0 1 2 1 3 0 2 
0.0001998125 1 0 1 2 1 3 1 0 
0.0001052500 1 0 1 2 2 0 0 3 
0.0000135000 1 0 1 2 2 0 1 1 
0.0000842500 1 0 1 2 2 0 2 2 
0.0000634375 1 0 1 2 2 0 3 0 
0.0000358750 1 0 1 2 2 1 0 1 
0.0000641250 1 0 1 2 2 1 0 3 
0.0000059375 1 0 1 2 2 1 3 0 
0.0001466875 1 0 1 2 2 1 3 2 
0.0001899375 1 0 1 2 2 2 0 1 
0.0000923750 1 0 1 2 2 2 0 3 
0.0001768750 1 0 1 2 2 2 1 1 
0.0000568750 1 0 1 2 2 2 1 3 
0.0000738125 1 0 1 2 2 2 2 2 
0.0000756250 1 0 1 2 2 2 3 2 
0.0001705000 1 0 1 2 2 3 0 1 
0.0002313750 1 0 1 2 2 3 0 3 
0.0000102500 1 0 1 2 2 3 1 3 
0.0000885625 1 0 1 2 2 3 2 2 
0.0000650625 1 0 1 2 2 3 3 0 
0.0001568750 1 0 1 2 3 0 0 1 
0.0000801875 1 0 1 2 3 0 0 3 
0.0001496875 1 0 1 2 3 0 1 1 
0.0000210625 1 0 1 2 3 0 2 0 
0.0000321875 1 0 1 2 3 0 2 2 
0.0001772500 1 0 1 2 3 0 3 0 
0.0000193125 1 0 1 2 3 0 3 2 
0.0000235625 1 0 1 2 3 1 0 1 
0.0002308750 1 0 1 2 3 1 0 3 
0.0002422500 1 0 1 2 3 1 1 1 
0.0000443125 1 0 1 2 3 1 1 3 
0.0001385000 1 0 1 2 3 1 2 0 
0.0000525000 1 0 1 2 3 2 0 1 
0.0002200000 1 0 1 2 3 2 0 3 
0.0000538125 1 0 1 2 3 2 3 0 
0.0002295625 1 0 1 2 3 3 1 3 
0.0000548750 1 0 1 2 3 3 2 0 
0.0001271875 1 0 1 2 3 3 3 0 
0.0000232500 1 0 1 2 3 3 3 2 
0.0001093125 1 0 1 3 0 0 0 0 
0.0001088125 1 0 1 3 0 0 0 3 
0.0000268125 1 0 1 3 0 0 1 3 
0.0002349375 1 0 1 3 0 0 3 2 
0.0000566250 1 0 1 3 0 1 0 0 
0.0000704375 1 0 1 3 0 1 0 3 
0.0000420000 1 0 1 3 0 1 2 1 
0.0002101250 1 0 1 3 0 1 2 2 
0.0000338125 1 0 1 3 0 1 3 1 
0.0002182500 1 0 1 3 0 2 0 3 
0.0000105625 1 0 1 3 0 2 1 0 
0.0001639375 1 0 1 3 0 2 2 2 
0.0000841250 1 0 1 3 0 2 3 1 
0.0001109375 1 0 1 3 0 2 3 2 
0.0002290625 1 0 1 3 0 3 0 0 
0.0001655625 1 0 1 3 0 3 0 3 
0.0000426250 1 0 1 3 0 3 1 3 
0.0000415000 1 0 1 3 0 3 2 1 
0.0000754375 1 0 1 3 0 3 3 1 
0.0001510625 1 0 1 3 0 3 3 2 
0.0001822500 1 0 1 3 1 0 1 3 
0.0001520625 1 0 1 3 1 0 2 1 
0.0001326250 1 0 1 3 1 1 0 3 
0.0002170625 1 0 1 3 1 1 1 0 
0.0000563125 1 0 1 3 1 1 2 1 
0.0002411875 1 0 1 3 1 1 2 2 
0.0001551875 1 0 1 3 1 1 3 1 
0.0000828125 1 0 1 3 1 1 3 2 
0.0002292500 1 0 1 3 1 2 0 3 
0.0000752500 1 0 1 3 1 2 1 0 
0.0000470000 1 0 1 3 1 2 1 3 
0.0000240000 1 0 1 3 1 2 2 2 
0.0002218750 1 0 1 3 1 2 3 1 
0.0000193750 1 0 1 3 1 2 3 2 
0.0000666250 1 0 1 3 1 3 0 0 
0.0001455000 1 0 1 3 1 3 0 3 
0.0001237500 1 0 1 3 1 3 1 0 
0.0000299375 1 0 1 3 1 3 2 2 
0.0001177500 1 0 1 3 1 3 3 2 
0.0000728125 1 0 1 3 2 0 0 1 
0.0000071875 1 0 1 3 2 0 1 1 
0.0002014375 1 0 1 3 2 0 1 2 
0.0000842500 1 0 1 3 2 0 2 3 
0.0002338750 1 0 1 3 2 1 0 1 
0.0000151875 1 0 1 3 2 1 1 2 
0.0002018125 1 0 1 3 2 1 3 0 
0.0001466875 1 0 1 3 2 1 3 3 
0.0001093750 1 0 1 3 2 2 0 1 
0.0001209375 1 0 1 3 2 2 2 0 
0.0000738125 1 0 1 3 2 2 2 3 
0.0000756250 1 0 1 3 2 2 3 3 
0.0000190625 1 0 1 3 2 3 0 1 
0.0001116250 1 0 1 3 2 3 1 1 
0.0000728125 1 0 1 3 2 3 2 0 
0.0000885625 1 0 1 3 2 3 2 3 
0.0002233750 1 0 1 3 3 0 0 1 
0.0001616250 1 0 1 3 3 0 1 2 
0.0000321875 1 0 1 3 3 0 2 3 
0.0000193125 1 0 1 3 3 0 3 3 
0.0001531875 1 0 1 3 3 1 0 1 
0.0001729375 1 0 1 3 3 1 3 0 
0.0001890000 1 0 1 3 3 2 0 1 
0.0001603750 1 0 1 3 3 2 1 2 
0.0002289375 1 0 1 3 3 3 0 2 
0.0001250000 1 0 1 3 3 3 1 1 
0.0001999375 1 0 1 3 3 3 2 0 
0.0002287500 1 0 1 3 3 3 3 0 
0.0000232500 1 0 1 3 3 3 3 3 
0.0000835000 1 0 2 0 0 0 0 0 
0.0001650625 1 0 2 0 0 0 0 3 
0.0000268125 1 0 2 0 0 0 2 0 
0.0002136875 1 0 2 0 0 0 2 2 
0.0001141250 1 0 2 0 0 1 0 1 
0.0000338125 1 0 2 0 0 1 0 2 
0.0001235000 1 0 2 0 0 1 0 3 
0.0000513125 1 0 2 0 0 1 2 1 
0.0000841250 1 0 2 0 0 2 0 2 
0.0000661250 1 0 2 0 0 2 2 1 
0.0000105625 1 0 2 0 0 2 2 3 
0.0000754375 1 0 2 0 0 3 0 2 
0.0000426250 1 0 2 0 0 3 2 0 
0.0001494375 1 0 2 0 0 3 2 2 
0.0001491250 1 0 2 0 1 0 0 0 
0.0000124375 1 0 2 0 1 0 0 1 
0.0001302500 1 0 2 0 1 0 0 3 
0.0001822500 1 0 2 0 1 0 2 0 
0.0000637500 1 0 2 0 1 0 2 2 
0.0001756250 1 0 2 0 1 1 0 0 
0.0001551875 1 0 2 0 1 1 0 2 
0.0002124375 1 0 2 0 1 1 0 3 
0.0002392500 1 0 2 0 1 1 2 1 
0.0002170625 1 0 2 0 1 1 2 3 
0.0002395000 1 0 2 0 1 2 0 0 
0.0002218750 1 0 2 0 1 2 0 2 
0.0000641250 1 0 2 0 1 2 0 3 
0.0000470000 1 0 2 0 1 2 2 0 
0.0001530000 1 0 2 0 1 2 2 1 
0.0000752500 1 0 2 0 1 2 2 3 
0.0000170000 1 0 2 0 1 3 0 3 
0.0001998125 1 0 2 0 1 3 2 2 
0.0001237500 1 0 2 0 1 3 2 3 
0.0001862500 1 0 2 0 2 0 1 2 
0.0001574375 1 0 2 0 2 0 1 3 
0.0000041250 1 0 2 0 2 0 3 0 
0.0001052500 1 0 2 0 2 0 3 1 
0.0000728125 1 0 2 0 2 0 3 2 
0.0002091250 1 0 2 0 2 0 3 3 
0.0000438125 1 0 2 0 2 1 1 0 
0.0001128125 1 0 2 0 2 1 1 1 
0.0000781875 1 0 2 0 2 1 1 2 
0.0002048750 1 0 2 0 2 1 1 3 
0.0000780000 1 0 2 0 2 1 3 0 
0.0000641250 1 0 2 0 2 1 3 1 
0.0002338750 1 0 2 0 2 1 3 2 
0.0001676875 1 0 2 0 2 2 1 2 
0.0000923750 1 0 2 0 2 2 3 1 
0.0001093750 1 0 2 0 2 2 3 2 
0.0001128750 1 0 2 0 2 3 1 2 
0.0000059375 1 0 2 0 2 3 3 0 
0.0002313750 1 0 2 0 2 3 3 1 
0.0000190625 1 0 2 0 2 3 3 2 
0.0002394375 1 0 2 0 3 0 1 3 
0.0001794375 1 0 2 0 3 0 3 0 
0.0000801875 1 0 2 0 3 0 3 1 
0.0002233750 1 0 2 0 3 0 3 2 
0.0000499375 1 0 2 0 3 1 1 0 
0.0000656250 1 0 2 0 3 1 1 3 
0.0002308750 1 0 2 0 3 1 3 1 
0.0001531875 1 0 2 0 3 1 3 2 
0.0001456875 1 0 2 0 3 2 1 0 
0.0000014375 1 0 2 0 3 2 1 1 
0.0001878125 1 0 2 0 3 2 1 2 
0.0002154375 1 0 2 0 3 2 1 3 
0.0002200000 1 0 2 0 3 2 3 1 
0.0001890000 1 0 2 0 3 2 3 2 
0.0001465000 1 0 2 0 3 3 1 0 
0.0001363125 1 0 2 0 3 3 1 1 
0.0002042500 1 0 2 0 3 3 3 3 
0.0000835000 1 0 2 1 0 0 0 1 
0.0000268125 1 0 2 1 0 0 2 1 
0.0002342500 1 0 2 1 0 0 3 3 
0.0001141250 1 0 2 1 0 1 0 0 
0.0001753750 1 0 2 1 0 1 1 2 
0.0000420000 1 0 2 1 0 1 1 3 
0.0000513125 1 0 2 1 0 1 2 0 
0.0000661250 1 0 2 1 0 2 2 0 
0.0000527500 1 0 2 1 0 2 3 2 
0.0001346875 1 0 2 1 0 3 1 2 
0.0000415000 1 0 2 1 0 3 1 3 
0.0000426250 1 0 2 1 0 3 2 1 
0.0000475625 1 0 2 1 0 3 3 3 
0.0000124375 1 0 2 1 1 0 0 0 
0.0001491250 1 0 2 1 1 0 0 1 
0.0000801250 1 0 2 1 1 0 1 2 
0.0001520625 1 0 2 1 1 0 1 3 
0.0001822500 1 0 2 1 1 0 2 1 
0.0001043125 1 0 2 1 1 0 3 2 
0.0001366250 1 0 2 1 1 0 3 3 
0.0001756250 1 0 2 1 1 1 0 1 
0.0000563125 1 0 2 1 1 1 1 3 
0.0002392500 1 0 2 1 1 1 2 0 
0.0000081250 1 0 2 1 1 1 3 2 
0.0002395000 1 0 2 1 1 2 0 1 
0.0001530000 1 0 2 1 1 2 2 0 
0.0000470000 1 0 2 1 1 2 2 1 
0.0001319375 1 0 2 1 1 2 3 2 
0.0000193750 1 0 2 1 1 3 3 3 
0.0000458750 1 0 2 1 2 0 0 2 
0.0000634375 1 0 2 1 2 0 0 3 
0.0001052500 1 0 2 1 2 0 3 0 
0.0000041250 1 0 2 1 2 0 3 1 
0.0000059375 1 0 2 1 2 1 0 3 
0.0001128125 1 0 2 1 2 1 1 0 
0.0000438125 1 0 2 1 2 1 1 1 
0.0000768750 1 0 2 1 2 1 2 2 
0.0000730000 1 0 2 1 2 1 2 3 
0.0000641250 1 0 2 1 2 1 3 0 
0.0000780000 1 0 2 1 2 1 3 1 
0.0001208750 1 0 2 1 2 2 0 2 
0.0001008750 1 0 2 1 2 2 2 3 
0.0000923750 1 0 2 1 2 2 3 0 
0.0001140000 1 0 2 1 2 3 0 2 
0.0000650625 1 0 2 1 2 3 0 3 
0.0000758125 1 0 2 1 2 3 2 2 
0.0002313750 1 0 2 1 2 3 3 0 
0.0000059375 1 0 2 1 2 3 3 1 
0.0000976250 1 0 2 1 3 0 0 2 
0.0001772500 1 0 2 1 3 0 0 3 
0.0001218750 1 0 2 1 3 0 2 3 
0.0000801875 1 0 2 1 3 0 3 0 
0.0001794375 1 0 2 1 3 0 3 1 
0.0000499375 1 0 2 1 3 1 1 1 
0.0000168125 1 0 2 1 3 1 2 3 
0.0002308750 1 0 2 1 3 1 3 0 
0.0001423125 1 0 2 1 3 2 0 2 
0.0000538125 1 0 2 1 3 2 0 3 
0.0000014375 1 0 2 1 3 2 1 0 
0.0001456875 1 0 2 1 3 2 1 1 
0.0001401875 1 0 2 1 3 2 2 2 
0.0001669375 1 0 2 1 3 2 2 3 
0.0002200000 1 0 2 1 3 2 3 0 
0.0001271875 1 0 2 1 3 3 0 3 
0.0001363125 1 0 2 1 3 3 1 0 
0.0001465000 1 0 2 1 3 3 1 1 
0.0001830000 1 0 2 1 3 3 2 2 
0.0000835000 1 0 2 2 0 0 0 2 
0.0000718750 1 0 2 2 0 0 1 1 
0.0002136875 1 0 2 2 0 0 2 0 
0.0000268125 1 0 2 2 0 0 2 2 
0.0001093125 1 0 2 2 0 0 3 1 
0.0000338125 1 0 2 2 0 1 0 0 
0.0002101250 1 0 2 2 0 1 1 3 
0.0000566250 1 0 2 2 0 1 3 1 
0.0000081875 1 0 2 2 0 1 3 3 
0.0000841250 1 0 2 2 0 2 0 0 
0.0001855000 1 0 2 2 0 2 1 1 
0.0001639375 1 0 2 2 0 2 1 3 
0.0001936875 1 0 2 2 0 2 3 3 
0.0000754375 1 0 2 2 0 3 0 0 
0.0001494375 1 0 2 2 0 3 2 0 
0.0000426250 1 0 2 2 0 3 2 2 
0.0002290625 1 0 2 2 0 3 3 1 
0.0002013125 1 0 2 2 0 3 3 3 
0.0001491250 1 0 2 2 1 0 0 2 
0.0000637500 1 0 2 2 1 0 2 0 
0.0001822500 1 0 2 2 1 0 2 2 
0.0001551875 1 0 2 2 1 1 0 0 
0.0001756250 1 0 2 2 1 1 0 2 
0.0000308125 1 0 2 2 1 1 1 1 
0.0002411875 1 0 2 2 1 1 1 3 
0.0000938750 1 0 2 2 1 1 3 3 
0.0002218750 1 0 2 2 1 2 0 0 
0.0002395000 1 0 2 2 1 2 0 2 
0.0000911250 1 0 2 2 1 2 1 1 
0.0000240000 1 0 2 2 1 2 1 3 
0.0000470000 1 0 2 2 1 2 2 2 
0.0000733750 1 0 2 2 1 3 1 1 
0.0000299375 1 0 2 2 1 3 1 3 
0.0001998125 1 0 2 2 1 3 2 0 
0.0000666250 1 0 2 2 1 3 3 1 
0.0002384375 1 0 2 2 2 0 0 3 
0.0001862500 1 0 2 2 2 0 1 0 
0.0000135000 1 0 2 2 2 0 2 1 
0.0000728125 1 0 2 2 2 0 3 0 
0.0000041250 1 0 2 2 2 0 3 2 
0.0002018125 1 0 2 2 2 1 0 1 
0.0001956250 1 0 2 2 2 1 0 3 
0.0000781875 1 0 2 2 2 1 1 0 
0.0000438125 1 0 2 2 2 1 1 2 
0.0002338750 1 0 2 2 2 1 3 0 
0.0000780000 1 0 2 2 2 1 3 2 
0.0000316875 1 0 2 2 2 2 0 3 
0.0001676875 1 0 2 2 2 2 1 0 
0.0001768750 1 0 2 2 2 2 2 1 
0.0000568750 1 0 2 2 2 2 2 3 
0.0001093750 1 0 2 2 2 2 3 0 
0.0001678750 1 0 2 2 2 3 0 3 
0.0001128750 1 0 2 2 2 3 1 0 
0.0000102500 1 0 2 2 2 3 2 3 
0.0000190625 1 0 2 2 2 3 3 0 
0.0000059375 1 0 2 2 2 3 3 2 
0.0001496875 1 0 2 2 3 0 2 1 
0.0002233750 1 0 2 2 3 0 3 0 
0.0001794375 1 0 2 2 3 0 3 2 
0.0001729375 1 0 2 2 3 1 0 1 
0.0000089375 1 0 2 2 3 1 0 3 
0.0000499375 1 0 2 2 3 1 1 2 
0.0002422500 1 0 2 2 3 1 2 1 
0.0000443125 1 0 2 2 3 1 2 3 
0.0001531875 1 0 2 2 3 1 3 0 
0.0002360625 1 0 2 2 3 2 0 3 
0.0001878125 1 0 2 2 3 2 1 0 
0.0001456875 1 0 2 2 3 2 1 2 
0.0001890000 1 0 2 2 3 2 3 0 
0.0002287500 1 0 2 2 3 3 0 1 
0.0001465000 1 0 2 2 3 3 1 2 
0.0002295625 1 0 2 2 3 3 2 3 
0.0001650625 1 0 2 3 0 0 0 0 
0.0000835000 1 0 2 3 0 0 0 3 
0.0001411875 1 0 2 3 0 0 1 1 
0.0000171250 1 0 2 3 0 0 1 2 
0.0000268125 1 0 2 3 0 0 2 3 
0.0002010625 1 0 2 3 0 0 3 2 
0.0001235000 1 0 2 3 0 1 0 0 
0.0000356875 1 0 2 3 0 1 3 1 
0.0000688750 1 0 2 3 0 2 1 1 
0.0000105625 1 0 2 3 0 2 2 0 
0.0002415625 1 0 2 3 0 2 3 1 
0.0000020000 1 0 2 3 0 3 1 2 
0.0000426250 1 0 2 3 0 3 2 3 
0.0001302500 1 0 2 3 1 0 0 0 
0.0001491250 1 0 2 3 1 0 0 3 
0.0000194375 1 0 2 3 1 0 1 2 
0.0001822500 1 0 2 3 1 0 2 3 
0.0001372500 1 0 2 3 1 0 3 2 
0.0002124375 1 0 2 3 1 1 0 0 
0.0001756250 1 0 2 3 1 1 0 3 
0.0002170625 1 0 2 3 1 1 2 0 
0.0000870625 1 0 2 3 1 1 3 1 
0.0000641250 1 0 2 3 1 2 0 0 
0.0002395000 1 0 2 3 1 2 0 3 
0.0002126875 1 0 2 3 1 2 1 1 
0.0000752500 1 0 2 3 1 2 2 0 
0.0000470000 1 0 2 3 1 2 2 3 
0.0001465625 1 0 2 3 1 2 3 1 
0.0002325000 1 0 2 3 1 2 3 2 
0.0000170000 1 0 2 3 1 3 0 0 
0.0001675000 1 0 2 3 1 3 1 1 
0.0001237500 1 0 2 3 1 3 2 0 
0.0001278750 1 0 2 3 1 3 3 2 
0.0001574375 1 0 2 3 2 0 1 0 
0.0000071875 1 0 2 3 2 0 2 1 
0.0002014375 1 0 2 3 2 0 2 2 
0.0002091250 1 0 2 3 2 0 3 0 
0.0000041250 1 0 2 3 2 0 3 3 
0.0002048750 1 0 2 3 2 1 1 0 
0.0000438125 1 0 2 3 2 1 1 3 
0.0000151875 1 0 2 3 2 1 2 2 
0.0000780000 1 0 2 3 2 1 3 3 
0.0001877500 1 0 2 3 2 2 0 1 
0.0001116250 1 0 2 3 2 3 2 1 
0.0000059375 1 0 2 3 2 3 3 3 
0.0000035000 1 0 2 3 3 0 0 2 
0.0002394375 1 0 2 3 3 0 1 0 
0.0001616250 1 0 2 3 3 0 2 2 
0.0001794375 1 0 2 3 3 0 3 3 
0.0000806250 1 0 2 3 3 1 0 1 
0.0000656250 1 0 2 3 3 1 1 0 
0.0000499375 1 0 2 3 3 1 1 3 
0.0002154375 1 0 2 3 3 2 1 0 
0.0001456875 1 0 2 3 3 2 1 3 
0.0001603750 1 0 2 3 3 2 2 2 
0.0001405625 1 0 2 3 3 3 0 2 
0.0001465000 1 0 2 3 3 3 1 3 
0.0001250000 1 0 2 3 3 3 2 1 
0.0002042500 1 0 2 3 3 3 3 0 
0.0000026250 1 0 3 0 0 0 0 0 
0.0001411875 1 0 3 0 0 0 0 2 
0.0000268125 1 0 3 0 0 0 3 0 
0.0002136875 1 0 3 0 0 0 3 2 
0.0002101250 1 0 3 0 0 1 0 1 
0.0001753750 1 0 3 0 0 1 0 3 
0.0000513125 1 0 3 0 0 1 3 1 
0.0001998750 1 0 3 0 0 2 0 0 
0.0001639375 1 0 3 0 0 2 0 1 
0.0000688750 1 0 3 0 0 2 0 2 
0.0000661250 1 0 3 0 0 2 3 1 
0.0000105625 1 0 3 0 0 2 3 3 
0.0001346875 1 0 3 0 0 3 0 3 
0.0000426250 1 0 3 0 0 3 3 0 
0.0001494375 1 0 3 0 0 3 3 2 
0.0000354375 1 0 3 0 1 0 0 0 
0.0000801250 1 0 3 0 1 0 0 3 
0.0001822500 1 0 3 0 1 0 3 0 
0.0000637500 1 0 3 0 1 0 3 2 
0.0001433750 1 0 3 0 1 1 0 0 
0.0002411875 1 0 3 0 1 1 0 1 
0.0002392500 1 0 3 0 1 1 3 1 
0.0002170625 1 0 3 0 1 1 3 3 
0.0000941875 1 0 3 0 1 2 0 0 
0.0000240000 1 0 3 0 1 2 0 1 
0.0002126875 1 0 3 0 1 2 0 2 
0.0000470000 1 0 3 0 1 2 3 0 
0.0001530000 1 0 3 0 1 2 3 1 
0.0000752500 1 0 3 0 1 2 3 3 
0.0000436250 1 0 3 0 1 3 0 0 
0.0000299375 1 0 3 0 1 3 0 1 
0.0001675000 1 0 3 0 1 3 0 2 
0.0001998125 1 0 3 0 1 3 3 2 
0.0001237500 1 0 3 0 1 3 3 3 
0.0001311250 1 0 3 0 2 0 1 0 
0.0002384375 1 0 3 0 2 0 1 1 
0.0000458750 1 0 3 0 2 0 1 3 
0.0001956250 1 0 3 0 2 1 1 1 
0.0000358750 1 0 3 0 2 1 2 3 
0.0000316875 1 0 3 0 2 2 1 1 
0.0001877500 1 0 3 0 2 2 1 2 
0.0001208750 1 0 3 0 2 2 1 3 
0.0001111875 1 0 3 0 2 2 2 0 
0.0001899375 1 0 3 0 2 2 2 3 
0.0000588125 1 0 3 0 2 3 1 0 
0.0001678750 1 0 3 0 2 3 1 1 
0.0001140000 1 0 3 0 2 3 1 3 
0.0001705000 1 0 3 0 2 3 2 3 
0.0000976250 1 0 3 0 3 0 1 3 
0.0001568750 1 0 3 0 3 0 2 3 
0.0001933750 1 0 3 0 3 1 1 0 
0.0000089375 1 0 3 0 3 1 1 1 
0.0000806250 1 0 3 0 3 1 1 2 
0.0001227500 1 0 3 0 3 1 2 0 
0.0000235625 1 0 3 0 3 1 2 3 
0.0001483750 1 0 3 0 3 2 1 0 
0.0002360625 1 0 3 0 3 2 1 1 
0.0001423125 1 0 3 0 3 2 1 3 
0.0001988125 1 0 3 0 3 2 2 0 
0.0000525000 1 0 3 0 3 2 2 3 
0.0002018125 1 0 3 0 3 3 2 0 
0.0002289375 1 0 3 0 3 3 2 1 
0.0001875625 1 0 3 0 3 3 2 2 
0.0000026250 1 0 3 1 0 0 0 1 
0.0001093125 1 0 3 1 0 0 2 2 
0.0000268125 1 0 3 1 0 0 3 1 
0.0002101250 1 0 3 1 0 1 0 0 
0.0000338125 1 0 3 1 0 1 1 3 
0.0000566250 1 0 3 1 0 1 2 2 
0.0000356875 1 0 3 1 0 1 2 3 
0.0000513125 1 0 3 1 0 1 3 0 
0.0001639375 1 0 3 1 0 2 0 0 
0.0001998750 1 0 3 1 0 2 0 1 
0.0002188750 1 0 3 1 0 2 1 2 
0.0000841250 1 0 3 1 0 2 1 3 
0.0002415625 1 0 3 1 0 2 2 3 
0.0000661250 1 0 3 1 0 2 3 0 
0.0002105000 1 0 3 1 0 3 1 2 
0.0000754375 1 0 3 1 0 3 1 3 
0.0002290625 1 0 3 1 0 3 2 2 
0.0000426250 1 0 3 1 0 3 3 1 
0.0000354375 1 0 3 1 1 0 0 1 
0.0001822500 1 0 3 1 1 0 3 1 
0.0002411875 1 0 3 1 1 1 0 0 
0.0001433750 1 0 3 1 1 1 0 1 
0.0001551875 1 0 3 1 1 1 1 3 
0.0000870625 1 0 3 1 1 1 2 3 
0.0002392500 1 0 3 1 1 1 3 0 
0.0000240000 1 0 3 1 1 2 0 0 
0.0000941875 1 0 3 1 1 2 0 1 
0.0002218750 1 0 3 1 1 2 1 3 
0.0001465625 1 0 3 1 1 2 2 3 
0.0001530000 1 0 3 1 1 2 3 0 
0.0000470000 1 0 3 1 1 2 3 1 
0.0000299375 1 0 3 1 1 3 0 0 
0.0000436250 1 0 3 1 1 3 0 1 
0.0000666250 1 0 3 1 1 3 2 2 
0.0001862500 1 0 3 1 2 0 0 3 
0.0002384375 1 0 3 1 2 0 1 0 
0.0001311250 1 0 3 1 2 0 1 1 
0.0000781875 1 0 3 1 2 1 0 3 
0.0001956250 1 0 3 1 2 1 1 0 
0.0000768750 1 0 3 1 2 1 3 2 
0.0000730000 1 0 3 1 2 1 3 3 
0.0001209375 1 0 3 1 2 2 0 2 
0.0001676875 1 0 3 1 2 2 0 3 
0.0000316875 1 0 3 1 2 2 1 0 
0.0001111875 1 0 3 1 2 2 2 1 
0.0001008750 1 0 3 1 2 2 3 3 
0.0000728125 1 0 3 1 2 3 0 2 
0.0001128750 1 0 3 1 2 3 0 3 
0.0001678750 1 0 3 1 2 3 1 0 
0.0000588125 1 0 3 1 2 3 1 1 
0.0000758125 1 0 3 1 2 3 3 2 
0.0001218750 1 0 3 1 3 0 3 3 
0.0000089375 1 0 3 1 3 1 1 0 
0.0001933750 1 0 3 1 3 1 1 1 
0.0001227500 1 0 3 1 3 1 2 1 
0.0000168125 1 0 3 1 3 1 3 3 
0.0001878125 1 0 3 1 3 2 0 3 
0.0002360625 1 0 3 1 3 2 1 0 
0.0001483750 1 0 3 1 3 2 1 1 
0.0001988125 1 0 3 1 3 2 2 1 
0.0001401875 1 0 3 1 3 2 3 2 
0.0001669375 1 0 3 1 3 2 3 3 
0.0001999375 1 0 3 1 3 3 0 2 
0.0002289375 1 0 3 1 3 3 2 0 
0.0002018125 1 0 3 1 3 3 2 1 
0.0001830000 1 0 3 1 3 3 3 2 
0.0001411875 1 0 3 2 0 0 0 0 
0.0000026250 1 0 3 2 0 0 0 2 
0.0001650625 1 0 3 2 0 0 1 1 
0.0002349375 1 0 3 2 0 0 1 3 
0.0002010625 1 0 3 2 0 0 2 3 
0.0002136875 1 0 3 2 0 0 3 0 
0.0000268125 1 0 3 2 0 0 3 2 
0.0001235000 1 0 3 2 0 1 1 1 
0.0000688750 1 0 3 2 0 2 0 0 
0.0001998750 1 0 3 2 0 2 0 2 
0.0001109375 1 0 3 2 0 2 1 3 
0.0000527500 1 0 3 2 0 2 2 1 
0.0001510625 1 0 3 2 0 3 1 3 
0.0001494375 1 0 3 2 0 3 3 0 
0.0000426250 1 0 3 2 0 3 3 2 
0.0000354375 1 0 3 2 1 0 0 2 
0.0001302500 1 0 3 2 1 0 1 1 
0.0001043125 1 0 3 2 1 0 2 1 
0.0001372500 1 0 3 2 1 0 2 3 
0.0000637500 1 0 3 2 1 0 3 0 
0.0001822500 1 0 3 2 1 0 3 2 
0.0001433750 1 0 3 2 1 1 0 2 
0.0002124375 1 0 3 2 1 1 1 1 
0.0000828125 1 0 3 2 1 1 1 3 
0.0000081250 1 0 3 2 1 1 2 1 
0.0002126875 1 0 3 2 1 2 0 0 
0.0000941875 1 0 3 2 1 2 0 2 
0.0000641250 1 0 3 2 1 2 1 1 
0.0000193750 1 0 3 2 1 2 1 3 
0.0001319375 1 0 3 2 1 2 2 1 
0.0002325000 1 0 3 2 1 2 2 3 
0.0000470000 1 0 3 2 1 2 3 2 
0.0001675000 1 0 3 2 1 3 0 0 
0.0000436250 1 0 3 2 1 3 0 2 
0.0000170000 1 0 3 2 1 3 1 1 
0.0001177500 1 0 3 2 1 3 1 3 
0.0001278750 1 0 3 2 1 3 2 3 
0.0001998125 1 0 3 2 1 3 3 0 
0.0001574375 1 0 3 2 2 0 0 1 
0.0002147500 1 0 3 2 2 0 0 3 
0.0001311250 1 0 3 2 2 0 1 2 
0.0000135000 1 0 3 2 2 0 3 1 
0.0002048750 1 0 3 2 2 1 0 1 
0.0001919375 1 0 3 2 2 2 0 3 
0.0001877500 1 0 3 2 2 2 1 0 
0.0001111875 1 0 3 2 2 2 2 2 
0.0001768750 1 0 3 2 2 2 3 1 
0.0000568750 1 0 3 2 2 2 3 3 
0.0000257500 1 0 3 2 2 3 0 3 
0.0000588125 1 0 3 2 2 3 1 2 
0.0000102500 1 0 3 2 2 3 3 3 
0.0002394375 1 0 3 2 3 0 0 1 
0.0002176250 1 0 3 2 3 0 0 3 
0.0001496875 1 0 3 2 3 0 3 1 
0.0000656250 1 0 3 2 3 1 0 1 
0.0001423750 1 0 3 2 3 1 0 3 
0.0000806250 1 0 3 2 3 1 1 0 
0.0001933750 1 0 3 2 3 1 1 2 
0.0001227500 1 0 3 2 3 1 2 2 
0.0002422500 1 0 3 2 3 1 3 1 
0.0000443125 1 0 3 2 3 1 3 3 
0.0002154375 1 0 3 2 3 2 0 1 
0.0001483750 1 0 3 2 3 2 1 2 
0.0001988125 1 0 3 2 3 2 2 2 
0.0001875625 1 0 3 2 3 3 2 0 
0.0002018125 1 0 3 2 3 3 2 2 
0.0002295625 1 0 3 2 3 3 3 3 
0.0000026250 1 0 3 3 0 0 0 3 
0.0001898750 1 0 3 3 0 0 1 1 
0.0002342500 1 0 3 3 0 0 2 1 
0.0000268125 1 0 3 3 0 0 3 3 
0.0001753750 1 0 3 3 0 1 0 0 
0.0001141250 1 0 3 3 0 1 1 2 
0.0000081875 1 0 3 3 0 1 2 2 
0.0001998750 1 0 3 3 0 2 0 3 
0.0001936875 1 0 3 3 0 2 2 2 
0.0000105625 1 0 3 3 0 2 3 0 
0.0001346875 1 0 3 3 0 3 0 0 
0.0000475625 1 0 3 3 0 3 2 1 
0.0002013125 1 0 3 3 0 3 2 2 
0.0000426250 1 0 3 3 0 3 3 3 
0.0000801250 1 0 3 3 1 0 0 0 
0.0000354375 1 0 3 3 1 0 0 3 
0.0000955000 1 0 3 3 1 0 1 1 
0.0000124375 1 0 3 3 1 0 1 2 
0.0001366250 1 0 3 3 1 0 2 1 
0.0001822500 1 0 3 3 1 0 3 3 
0.0001433750 1 0 3 3 1 1 0 3 
0.0000938750 1 0 3 3 1 1 2 2 
0.0002170625 1 0 3 3 1 1 3 0 
0.0000941875 1 0 3 3 1 2 0 3 
0.0000752500 1 0 3 3 1 2 3 0 
0.0000470000 1 0 3 3 1 2 3 3 
0.0000436250 1 0 3 3 1 3 0 3 
0.0001168125 1 0 3 3 1 3 1 1 
0.0000193750 1 0 3 3 1 3 2 1 
0.0001237500 1 0 3 3 1 3 3 0 
0.0000458750 1 0 3 3 2 0 1 0 
0.0001311250 1 0 3 3 2 0 1 3 
0.0000071875 1 0 3 3 2 0 3 1 
0.0002014375 1 0 3 3 2 0 3 2 
0.0001128125 1 0 3 3 2 1 0 2 
0.0000358750 1 0 3 3 2 1 2 0 
0.0000151875 1 0 3 3 2 1 3 2 
0.0001208750 1 0 3 3 2 2 1 0 
0.0001899375 1 0 3 3 2 2 2 0 
0.0001111875 1 0 3 3 2 2 2 3 
0.0001140000 1 0 3 3 2 3 1 0 
0.0000588125 1 0 3 3 2 3 1 3 
0.0001705000 1 0 3 3 2 3 2 0 
0.0001116250 1 0 3 3 2 3 3 1 
0.0000210625 1 0 3 3 3 0 0 1 
0.0000976250 1 0 3 3 3 0 1 0 
0.0001568750 1 0 3 3 3 0 2 0 
0.0001616250 1 0 3 3 3 0 3 2 
0.0001385000 1 0 3 3 3 1 0 1 
0.0001933750 1 0 3 3 3 1 1 3 
0.0000235625 1 0 3 3 3 1 2 0 
0.0001227500 1 0 3 3 3 1 2 3 
0.0000014375 1 0 3 3 3 2 0 2 
0.0001423125 1 0 3 3 3 2 1 0 
0.0001483750 1 0 3 3 3 2 1 3 
0.0000525000 1 0 3 3 3 2 2 0 
0.0001988125 1 0 3 3 3 2 2 3 
0.0001603750 1 0 3 3 3 2 3 2 
0.0000548750 1 0 3 3 3 3 0 1 
0.0001363125 1 0 3 3 3 3 0 2 
0.0002018125 1 0 3 3 3 3 2 3 
0.0001250000 1 0 3 3 3 3 3 1 
0.0000513125 1 1 0 0 0 0 0 1 
0.0000704375 1 1 0 0 0 0 1 0 
0.0000566250 1 1 0 0 0 0 1 3 
0.0001141250 1 1 0 0 0 0 2 1 
0.0000338125 1 1 0 0 0 0 2 2 
0.0001235000 1 1 0 0 0 0 2 3 
0.0002101250 1 1 0 0 0 0 3 1 
0.0001753750 1 1 0 0 0 0 3 3 
0.0000268125 1 1 0 0 0 1 0 0 
0.0002136875 1 1 0 0 0 1 0 2 
0.0001088125 1 1 0 0 0 1 1 0 
0.0002010625 1 1 0 0 0 1 1 1 
0.0002342500 1 1 0 0 0 1 1 2 
0.0001093125 1 1 0 0 0 1 1 3 
0.0000835000 1 1 0 0 0 1 2 0 
0.0001650625 1 1 0 0 0 1 2 3 
0.0000026250 1 1 0 0 0 1 3 0 
0.0001411875 1 1 0 0 0 1 3 2 
0.0002392500 1 1 0 0 1 0 0 1 
0.0002170625 1 1 0 0 1 0 0 3 
0.0001326250 1 1 0 0 1 0 1 0 
0.0001756250 1 1 0 0 1 0 2 0 
0.0001551875 1 1 0 0 1 0 2 2 
0.0002124375 1 1 0 0 1 0 2 3 
0.0001433750 1 1 0 0 1 0 3 0 
0.0002411875 1 1 0 0 1 0 3 1 
0.0001822500 1 1 0 0 1 1 0 0 
0.0000637500 1 1 0 0 1 1 0 2 
0.0001372500 1 1 0 0 1 1 1 1 
0.0001366250 1 1 0 0 1 1 1 2 
0.0001491250 1 1 0 0 1 1 2 0 
0.0000124375 1 1 0 0 1 1 2 1 
0.0001302500 1 1 0 0 1 1 2 3 
0.0000354375 1 1 0 0 1 1 3 0 
0.0000801250 1 1 0 0 1 1 3 3 
0.0001130000 1 1 0 0 2 2 0 0 
0.0000102500 1 1 0 0 2 2 0 1 
0.0001116250 1 1 0 0 2 2 0 2 
0.0000758125 1 1 0 0 2 2 0 3 
0.0000059375 1 1 0 0 2 2 1 0 
0.0002313750 1 1 0 0 2 2 1 1 
0.0000190625 1 1 0 0 2 2 1 2 
0.0000588125 1 1 0 0 2 2 2 0 
0.0001678750 1 1 0 0 2 2 2 1 
0.0001140000 1 1 0 0 2 2 2 3 
0.0000885625 1 1 0 0 2 2 3 0 
0.0000257500 1 1 0 0 2 2 3 1 
0.0000728125 1 1 0 0 2 2 3 3 
0.0001008750 1 1 0 0 2 3 0 2 
0.0001768750 1 1 0 0 2 3 0 3 
0.0001111875 1 1 0 0 2 3 1 0 
0.0001899375 1 1 0 0 2 3 1 3 
0.0000756250 1 1 0 0 2 3 2 0 
0.0001676875 1 1 0 0 2 3 3 2 
0.0002295625 1 1 0 0 3 2 0 1 
0.0001250000 1 1 0 0 3 2 0 2 
0.0001830000 1 1 0 0 3 2 0 3 
0.0002042500 1 1 0 0 3 2 1 3 
0.0000548750 1 1 0 0 3 2 3 2 
0.0001999375 1 1 0 0 3 2 3 3 
0.0002021250 1 1 0 0 3 3 0 0 
0.0001603750 1 1 0 0 3 3 0 1 
0.0001669375 1 1 0 0 3 3 0 2 
0.0001988125 1 1 0 0 3 3 1 0 
0.0000525000 1 1 0 0 3 3 1 3 
0.0000538125 1 1 0 0 3 3 2 2 
0.0001456875 1 1 0 0 3 3 3 0 
0.0000014375 1 1 0 0 3 3 3 1 
0.0001878125 1 1 0 0 3 3 3 2 
0.0002154375 1 1 0 0 3 3 3 3 
0.0000513125 1 1 0 1 0 0 0 0 
0.0000704375 1 1 0 1 0 0 1 1 
0.0001141250 1 1 0 1 0 0 2 0 
0.0002101250 1 1 0 1 0 0 3 0 
0.0000268125 1 1 0 1 0 1 0 1 
0.0002010625 1 1 0 1 0 1 1 0 
0.0001088125 1 1 0 1 0 1 1 1 
0.0000835000 1 1 0 1 0 1 2 1 
0.0000026250 1 1 0 1 0 1 3 1 
0.0002187500 1 1 0 1 0 2 0 2 
0.0001494375 1 1 0 1 0 2 0 3 
0.0000475625 1 1 0 1 0 2 1 3 
0.0002105000 1 1 0 1 0 2 2 2 
0.0000754375 1 1 0 1 0 2 2 3 
0.0000105625 1 1 0 1 0 3 0 2 
0.0000900000 1 1 0 1 0 3 0 3 
0.0002415625 1 1 0 1 0 3 1 3 
0.0002392500 1 1 0 1 1 0 0 0 
0.0001326250 1 1 0 1 1 0 1 1 
0.0001756250 1 1 0 1 1 0 2 1 
0.0002411875 1 1 0 1 1 0 3 0 
0.0001433750 1 1 0 1 1 0 3 1 
0.0001822500 1 1 0 1 1 1 0 1 
0.0001372500 1 1 0 1 1 1 1 0 
0.0000124375 1 1 0 1 1 1 2 0 
0.0001491250 1 1 0 1 1 1 2 1 
0.0000354375 1 1 0 1 1 1 3 1 
0.0001998125 1 1 0 1 1 2 0 3 
0.0000193750 1 1 0 1 1 2 1 3 
0.0000733750 1 1 0 1 1 2 3 2 
0.0001675000 1 1 0 1 1 2 3 3 
0.0000752500 1 1 0 1 1 3 0 2 
0.0000395625 1 1 0 1 1 3 0 3 
0.0001465625 1 1 0 1 1 3 1 3 
0.0000641250 1 1 0 1 1 3 2 2 
0.0000768750 1 1 0 1 2 0 0 2 
0.0000730000 1 1 0 1 2 0 0 3 
0.0000059375 1 1 0 1 2 0 2 3 
0.0000781875 1 1 0 1 2 0 3 3 
0.0002091250 1 1 0 1 2 1 1 2 
0.0000458750 1 1 0 1 2 1 2 2 
0.0000634375 1 1 0 1 2 1 2 3 
0.0001862500 1 1 0 1 2 1 3 3 
0.0000102500 1 1 0 1 2 2 0 0 
0.0001130000 1 1 0 1 2 2 0 1 
0.0002313750 1 1 0 1 2 2 1 0 
0.0000059375 1 1 0 1 2 2 1 1 
0.0001678750 1 1 0 1 2 2 2 0 
0.0000588125 1 1 0 1 2 2 2 1 
0.0000257500 1 1 0 1 2 2 3 0 
0.0000885625 1 1 0 1 2 2 3 1 
0.0001111875 1 1 0 1 2 3 1 1 
0.0000756250 1 1 0 1 2 3 2 1 
0.0000168125 1 1 0 1 3 0 0 3 
0.0001218750 1 1 0 1 3 1 0 3 
0.0000976250 1 1 0 1 3 1 2 2 
0.0001772500 1 1 0 1 3 1 2 3 
0.0002295625 1 1 0 1 3 2 0 0 
0.0001603750 1 1 0 1 3 3 0 0 
0.0002021250 1 1 0 1 3 3 0 1 
0.0001988125 1 1 0 1 3 3 1 1 
0.0000014375 1 1 0 1 3 3 3 0 
0.0001456875 1 1 0 1 3 3 3 1 
0.0000704375 1 1 0 2 0 0 1 2 
0.0000338125 1 1 0 2 0 0 2 0 
0.0002136875 1 1 0 2 0 1 0 0 
0.0000268125 1 1 0 2 0 1 0 2 
0.0002342500 1 1 0 2 0 1 1 0 
0.0001088125 1 1 0 2 0 1 1 2 
0.0000835000 1 1 0 2 0 1 2 2 
0.0001411875 1 1 0 2 0 1 3 0 
0.0000026250 1 1 0 2 0 1 3 2 
0.0000863125 1 1 0 2 0 2 0 3 
0.0002290625 1 1 0 2 0 2 1 1 
0.0002013125 1 1 0 2 0 2 1 3 
0.0001510625 1 1 0 2 0 2 2 3 
0.0001346875 1 1 0 2 0 2 3 1 
0.0000020000 1 1 0 2 0 2 3 3 
0.0000661250 1 1 0 2 0 3 0 3 
0.0000527500 1 1 0 2 0 3 1 1 
0.0002188750 1 1 0 2 0 3 2 1 
0.0001855000 1 1 0 2 0 3 3 1 
0.0001639375 1 1 0 2 0 3 3 3 
0.0001326250 1 1 0 2 1 0 1 2 
0.0001551875 1 1 0 2 1 0 2 0 
0.0001756250 1 1 0 2 1 0 2 2 
0.0001433750 1 1 0 2 1 0 3 2 
0.0000637500 1 1 0 2 1 1 0 0 
0.0001822500 1 1 0 2 1 1 0 2 
0.0001366250 1 1 0 2 1 1 1 0 
0.0001491250 1 1 0 2 1 1 2 2 
0.0000354375 1 1 0 2 1 1 3 2 
0.0001237500 1 1 0 2 1 2 0 1 
0.0002296250 1 1 0 2 1 2 0 3 
0.0000666250 1 1 0 2 1 2 1 1 
0.0000170000 1 1 0 2 1 2 2 1 
0.0001177500 1 1 0 2 1 2 2 3 
0.0001530000 1 1 0 2 1 3 0 3 
0.0001319375 1 1 0 2 1 3 1 1 
0.0002325000 1 1 0 2 1 3 1 3 
0.0000911250 1 1 0 2 1 3 3 1 
0.0000240000 1 1 0 2 1 3 3 3 
0.0000358750 1 1 0 2 2 0 1 1 
0.0000641250 1 1 0 2 2 0 1 3 
0.0002018125 1 1 0 2 2 0 2 1 
0.0001956250 1 1 0 2 2 0 2 3 
0.0002048750 1 1 0 2 2 0 3 1 
0.0000135000 1 1 0 2 2 1 0 1 
0.0001052500 1 1 0 2 2 1 1 3 
0.0002384375 1 1 0 2 2 1 2 3 
0.0001574375 1 1 0 2 2 1 3 1 
0.0002147500 1 1 0 2 2 1 3 3 
0.0001116250 1 1 0 2 2 2 0 0 
0.0001130000 1 1 0 2 2 2 0 2 
0.0000190625 1 1 0 2 2 2 1 0 
0.0000059375 1 1 0 2 2 2 1 2 
0.0000588125 1 1 0 2 2 2 2 2 
0.0000885625 1 1 0 2 2 2 3 2 
0.0001008750 1 1 0 2 2 3 0 0 
0.0001111875 1 1 0 2 2 3 1 2 
0.0000756250 1 1 0 2 2 3 2 2 
0.0001676875 1 1 0 2 2 3 3 0 
0.0002422500 1 1 0 2 3 0 0 1 
0.0000443125 1 1 0 2 3 0 0 3 
0.0000235625 1 1 0 2 3 0 1 1 
0.0002308750 1 1 0 2 3 0 1 3 
0.0001729375 1 1 0 2 3 0 2 1 
0.0000089375 1 1 0 2 3 0 2 3 
0.0000656250 1 1 0 2 3 0 3 1 
0.0001423750 1 1 0 2 3 0 3 3 
0.0001496875 1 1 0 2 3 1 0 1 
0.0001568750 1 1 0 2 3 1 1 1 
0.0000801875 1 1 0 2 3 1 1 3 
0.0002394375 1 1 0 2 3 1 3 1 
0.0002176250 1 1 0 2 3 1 3 3 
0.0001250000 1 1 0 2 3 2 0 0 
0.0000548750 1 1 0 2 3 2 3 0 
0.0001669375 1 1 0 2 3 3 0 0 
0.0002021250 1 1 0 2 3 3 0 2 
0.0001988125 1 1 0 2 3 3 1 2 
0.0000538125 1 1 0 2 3 3 2 0 
0.0001878125 1 1 0 2 3 3 3 0 
0.0001456875 1 1 0 2 3 3 3 2 
0.0000566250 1 1 0 3 0 0 1 0 
0.0000704375 1 1 0 3 0 0 1 3 
0.0001235000 1 1 0 3 0 0 2 0 
0.0001753750 1 1 0 3 0 0 3 0 
0.0000268125 1 1 0 3 0 1 0 3 
0.0001093125 1 1 0 3 0 1 1 0 
0.0001088125 1 1 0 3 0 1 1 3 
0.0001650625 1 1 0 3 0 1 2 0 
0.0000835000 1 1 0 3 0 1 2 3 
0.0000026250 1 1 0 3 0 1 3 3 
0.0000415000 1 1 0 3 0 2 3 1 
0.0001936875 1 1 0 3 0 3 1 2 
0.0000841250 1 1 0 3 0 3 2 1 
0.0001109375 1 1 0 3 0 3 2 2 
0.0000688750 1 1 0 3 0 3 3 1 
0.0002170625 1 1 0 3 1 0 0 0 
0.0001326250 1 1 0 3 1 0 1 3 
0.0002124375 1 1 0 3 1 0 2 0 
0.0001756250 1 1 0 3 1 0 2 3 
0.0001433750 1 1 0 3 1 0 3 3 
0.0001822500 1 1 0 3 1 1 0 3 
0.0001302500 1 1 0 3 1 1 2 0 
0.0001491250 1 1 0 3 1 1 2 3 
0.0000801250 1 1 0 3 1 1 3 0 
0.0000354375 1 1 0 3 1 1 3 3 
0.0001278750 1 1 0 3 1 2 1 2 
0.0001168125 1 1 0 3 1 2 2 1 
0.0000299375 1 1 0 3 1 2 3 2 
0.0002218750 1 1 0 3 1 3 2 1 
0.0000193750 1 1 0 3 1 3 2 2 
0.0002126875 1 1 0 3 1 3 3 1 
0.0000151875 1 1 0 3 2 0 0 2 
0.0002338750 1 1 0 3 2 0 1 1 
0.0001128125 1 1 0 3 2 0 3 2 
0.0000071875 1 1 0 3 2 1 0 1 
0.0002014375 1 1 0 3 2 1 0 2 
0.0000728125 1 1 0 3 2 1 1 1 
0.0000758125 1 1 0 3 2 2 0 0 
0.0001130000 1 1 0 3 2 2 0 3 
0.0000059375 1 1 0 3 2 2 1 3 
0.0001140000 1 1 0 3 2 2 2 0 
0.0000588125 1 1 0 3 2 2 2 3 
0.0000728125 1 1 0 3 2 2 3 0 
0.0000885625 1 1 0 3 2 2 3 3 
0.0001768750 1 1 0 3 2 3 0 0 
0.0001899375 1 1 0 3 2 3 1 0 
0.0001111875 1 1 0 3 2 3 1 3 
0.0000756250 1 1 0 3 2 3 2 3 
0.0001531875 1 1 0 3 3 0 1 1 
0.0000806250 1 1 0 3 3 0 2 1 
0.0001385000 1 1 0 3 3 0 3 1 
0.0001616250 1 1 0 3 3 1 0 2 
0.0002233750 1 1 0 3 3 1 1 1 
0.0000035000 1 1 0 3 3 1 2 2 
0.0000210625 1 1 0 3 3 1 3 1 
0.0001830000 1 1 0 3 3 2 0 0 
0.0002042500 1 1 0 3 3 2 1 0 
0.0001999375 1 1 0 3 3 2 3 0 
0.0002021250 1 1 0 3 3 3 0 3 
0.0000525000 1 1 0 3 3 3 1 0 
0.0001988125 1 1 0 3 3 3 1 3 
0.0002154375 1 1 0 3 3 3 3 0 
0.0001456875 1 1 0 3 3 3 3 3 
0.0000704375 1 1 1 0 0 0 0 0 
0.0000566250 1 1 1 0 0 0 0 3 
0.0000513125 1 1 1 0 0 0 1 1 
0.0001088125 1 1 1 0 0 1 0 0 
0.0002010625 1 1 1 0 0 1 0 1 
0.0002342500 1 1 1 0 0 1 0 2 
0.0001093125 1 1 1 0 0 1 0 3 
0.0000268125 1 1 1 0 0 1 1 0 
0.0002136875 1 1 1 0 0 1 1 2 
0.0002388125 1 1 1 0 0 2 2 0 
0.0000020000 1 1 1 0 0 2 2 1 
0.0000415000 1 1 1 0 0 2 2 2 
0.0000754375 1 1 1 0 0 2 3 2 
0.0001998750 1 1 1 0 0 3 2 0 
0.0001639375 1 1 1 0 0 3 2 1 
0.0000688750 1 1 1 0 0 3 2 2 
0.0000908750 1 1 1 0 0 3 3 0 
0.0001109375 1 1 1 0 0 3 3 1 
0.0002188750 1 1 1 0 0 3 3 3 
0.0001326250 1 1 1 0 1 0 0 0 
0.0002392500 1 1 1 0 1 0 1 1 
0.0002170625 1 1 1 0 1 0 1 3 
0.0001372500 1 1 1 0 1 1 0 1 
0.0001366250 1 1 1 0 1 1 0 2 
0.0001822500 1 1 1 0 1 1 1 0 
0.0000637500 1 1 1 0 1 1 1 2 
0.0000733750 1 1 1 0 1 2 2 3 
0.0000170000 1 1 1 0 1 2 3 3 
0.0000941875 1 1 1 0 1 3 2 0 
0.0000240000 1 1 1 0 1 3 2 1 
0.0002126875 1 1 1 0 1 3 2 2 
0.0000193750 1 1 1 0 1 3 3 1 
0.0001466875 1 1 1 0 2 0 3 0 
0.0000059375 1 1 1 0 2 0 3 2 
0.0002018125 1 1 1 0 2 0 3 3 
0.0000842500 1 1 1 0 2 1 2 0 
0.0002147500 1 1 1 0 2 1 2 1 
0.0000634375 1 1 1 0 2 1 3 2 
0.0000059375 1 1 1 0 2 2 0 0 
0.0002313750 1 1 1 0 2 2 0 1 
0.0000190625 1 1 1 0 2 2 0 2 
0.0001130000 1 1 1 0 2 2 1 0 
0.0000102500 1 1 1 0 2 2 1 1 
0.0001116250 1 1 1 0 2 2 1 2 
0.0000758125 1 1 1 0 2 2 1 3 
0.0001111875 1 1 1 0 2 3 0 0 
0.0001899375 1 1 1 0 2 3 0 3 
0.0001008750 1 1 1 0 2 3 1 2 
0.0001768750 1 1 1 0 2 3 1 3 
0.0001423750 1 1 1 0 3 0 2 1 
0.0001385000 1 1 1 0 3 0 2 2 
0.0001729375 1 1 1 0 3 0 3 3 
0.0000321875 1 1 1 0 3 1 2 0 
0.0002176250 1 1 1 0 3 1 2 1 
0.0000210625 1 1 1 0 3 1 2 2 
0.0000193125 1 1 1 0 3 1 3 0 
0.0000035000 1 1 1 0 3 1 3 1 
0.0001772500 1 1 1 0 3 1 3 2 
0.0002042500 1 1 1 0 3 2 0 3 
0.0002295625 1 1 1 0 3 2 1 1 
0.0001250000 1 1 1 0 3 2 1 2 
0.0001830000 1 1 1 0 3 2 1 3 
0.0001988125 1 1 1 0 3 3 0 0 
0.0000525000 1 1 1 0 3 3 0 3 
0.0002021250 1 1 1 0 3 3 1 0 
0.0001603750 1 1 1 0 3 3 1 1 
0.0001669375 1 1 1 0 3 3 1 2 
0.0000704375 1 1 1 1 0 0 0 1 
0.0000513125 1 1 1 1 0 0 1 0 
0.0001235000 1 1 1 1 0 0 3 2 
0.0002010625 1 1 1 1 0 1 0 0 
0.0001088125 1 1 1 1 0 1 0 1 
0.0000268125 1 1 1 1 0 1 1 1 
0.0000718750 1 1 1 1 0 1 2 2 
0.0001411875 1 1 1 1 0 1 2 3 
0.0001650625 1 1 1 1 0 1 3 2 
0.0001898750 1 1 1 1 0 1 3 3 
0.0000475625 1 1 1 1 0 2 0 3 
0.0002187500 1 1 1 1 0 2 1 2 
0.0001494375 1 1 1 1 0 2 1 3 
0.0000020000 1 1 1 1 0 2 2 0 
0.0002388125 1 1 1 1 0 2 2 1 
0.0002415625 1 1 1 1 0 3 0 3 
0.0000105625 1 1 1 1 0 3 1 2 
0.0000900000 1 1 1 1 0 3 1 3 
0.0001639375 1 1 1 1 0 3 2 0 
0.0001998750 1 1 1 1 0 3 2 1 
0.0001109375 1 1 1 1 0 3 3 0 
0.0000908750 1 1 1 1 0 3 3 1 
0.0001326250 1 1 1 1 1 0 0 1 
0.0002392500 1 1 1 1 1 0 1 0 
0.0000308125 1 1 1 1 1 0 2 2 
0.0002124375 1 1 1 1 1 0 3 2 
0.0001372500 1 1 1 1 1 1 0 0 
0.0001822500 1 1 1 1 1 1 1 1 
0.0001302500 1 1 1 1 1 1 3 2 
0.0000955000 1 1 1 1 1 1 3 3 
0.0000193750 1 1 1 1 1 2 0 3 
0.0001998125 1 1 1 1 1 2 1 3 
0.0001465625 1 1 1 1 1 3 0 3 
0.0000752500 1 1 1 1 1 3 1 2 
0.0000395625 1 1 1 1 1 3 1 3 
0.0000240000 1 1 1 1 1 3 2 0 
0.0000941875 1 1 1 1 1 3 2 1 
0.0000193750 1 1 1 1 1 3 3 0 
0.0000768750 1 1 1 1 2 0 1 2 
0.0000730000 1 1 1 1 2 0 1 3 
0.0001466875 1 1 1 1 2 0 3 1 
0.0002091250 1 1 1 1 2 1 0 2 
0.0002147500 1 1 1 1 2 1 2 0 
0.0000842500 1 1 1 1 2 1 2 1 
0.0002313750 1 1 1 1 2 2 0 0 
0.0000059375 1 1 1 1 2 2 0 1 
0.0000102500 1 1 1 1 2 2 1 0 
0.0001130000 1 1 1 1 2 2 1 1 
0.0001140000 1 1 1 1 2 2 3 2 
0.0000650625 1 1 1 1 2 2 3 3 
0.0001111875 1 1 1 1 2 3 0 1 
0.0001209375 1 1 1 1 2 3 2 2 
0.0001676875 1 1 1 1 2 3 2 3 
0.0001877500 1 1 1 1 2 3 3 3 
0.0000168125 1 1 1 1 3 0 1 3 
0.0001423750 1 1 1 1 3 0 2 0 
0.0001218750 1 1 1 1 3 1 1 3 
0.0002176250 1 1 1 1 3 1 2 0 
0.0000321875 1 1 1 1 3 1 2 1 
0.0000035000 1 1 1 1 3 1 3 0 
0.0000193125 1 1 1 1 3 1 3 1 
0.0002295625 1 1 1 1 3 2 1 0 
0.0000548750 1 1 1 1 3 2 2 3 
0.0001271875 1 1 1 1 3 2 3 3 
0.0001988125 1 1 1 1 3 3 0 1 
0.0001603750 1 1 1 1 3 3 1 0 
0.0002021250 1 1 1 1 3 3 1 1 
0.0001878125 1 1 1 1 3 3 2 3 
0.0000704375 1 1 1 2 0 0 0 2 
0.0001753750 1 1 1 2 0 0 2 1 
0.0001141250 1 1 1 2 0 0 3 3 
0.0002342500 1 1 1 2 0 1 0 0 
0.0001088125 1 1 1 2 0 1 0 2 
0.0002136875 1 1 1 2 0 1 1 0 
0.0000268125 1 1 1 2 0 1 1 2 
0.0000171250 1 1 1 2 0 1 2 3 
0.0002290625 1 1 1 2 0 2 0 1 
0.0002013125 1 1 1 2 0 2 0 3 
0.0000863125 1 1 1 2 0 2 1 3 
0.0000415000 1 1 1 2 0 2 2 0 
0.0002388125 1 1 1 2 0 2 2 2 
0.0000754375 1 1 1 2 0 2 3 0 
0.0000527500 1 1 1 2 0 3 0 1 
0.0000661250 1 1 1 2 0 3 1 3 
0.0000688750 1 1 1 2 0 3 2 0 
0.0001998750 1 1 1 2 0 3 2 2 
0.0000908750 1 1 1 2 0 3 3 2 
0.0001326250 1 1 1 2 1 0 0 2 
0.0001366250 1 1 1 2 1 1 0 0 
0.0000637500 1 1 1 2 1 1 1 0 
0.0001822500 1 1 1 2 1 1 1 2 
0.0000801250 1 1 1 2 1 1 2 1 
0.0000194375 1 1 1 2 1 1 2 3 
0.0000124375 1 1 1 2 1 1 3 3 
0.0000666250 1 1 1 2 1 2 0 1 
0.0001237500 1 1 1 2 1 2 1 1 
0.0002296250 1 1 1 2 1 2 1 3 
0.0001319375 1 1 1 2 1 3 0 1 
0.0002325000 1 1 1 2 1 3 0 3 
0.0001530000 1 1 1 2 1 3 1 3 
0.0002126875 1 1 1 2 1 3 2 0 
0.0000941875 1 1 1 2 1 3 2 2 
0.0000358750 1 1 1 2 2 0 0 1 
0.0000641250 1 1 1 2 2 0 0 3 
0.0000059375 1 1 1 2 2 0 3 0 
0.0001466875 1 1 1 2 2 0 3 2 
0.0001052500 1 1 1 2 2 1 0 3 
0.0000135000 1 1 1 2 2 1 1 1 
0.0000842500 1 1 1 2 2 1 2 2 
0.0000634375 1 1 1 2 2 1 3 0 
0.0000190625 1 1 1 2 2 2 0 0 
0.0000059375 1 1 1 2 2 2 0 2 
0.0001116250 1 1 1 2 2 2 1 0 
0.0001130000 1 1 1 2 2 2 1 2 
0.0000728125 1 1 1 2 2 2 2 1 
0.0001678750 1 1 1 2 2 2 3 3 
0.0001111875 1 1 1 2 2 3 0 2 
0.0001008750 1 1 1 2 2 3 1 0 
0.0001919375 1 1 1 2 2 3 2 3 
0.0001208750 1 1 1 2 2 3 3 1 
0.0000235625 1 1 1 2 3 0 0 1 
0.0002308750 1 1 1 2 3 0 0 3 
0.0002422500 1 1 1 2 3 0 1 1 
0.0000443125 1 1 1 2 3 0 1 3 
0.0001385000 1 1 1 2 3 0 2 0 
0.0001568750 1 1 1 2 3 1 0 1 
0.0000801875 1 1 1 2 3 1 0 3 
0.0001496875 1 1 1 2 3 1 1 1 
0.0000210625 1 1 1 2 3 1 2 0 
0.0000321875 1 1 1 2 3 1 2 2 
0.0001772500 1 1 1 2 3 1 3 0 
0.0000193125 1 1 1 2 3 1 3 2 
0.0001250000 1 1 1 2 3 2 1 0 
0.0001999375 1 1 1 2 3 2 2 1 
0.0001363125 1 1 1 2 3 2 2 3 
0.0002287500 1 1 1 2 3 2 3 1 
0.0001988125 1 1 1 2 3 3 0 2 
0.0001669375 1 1 1 2 3 3 1 0 
0.0002021250 1 1 1 2 3 3 1 2 
0.0002154375 1 1 1 2 3 3 2 1 
0.0001423125 1 1 1 2 3 3 3 1 
0.0000566250 1 1 1 3 0 0 0 0 
0.0000704375 1 1 1 3 0 0 0 3 
0.0000420000 1 1 1 3 0 0 2 1 
0.0002101250 1 1 1 3 0 0 2 2 
0.0000338125 1 1 1 3 0 0 3 1 
0.0001093125 1 1 1 3 0 1 0 0 
0.0001088125 1 1 1 3 0 1 0 3 
0.0000268125 1 1 1 3 0 1 1 3 
0.0002349375 1 1 1 3 0 1 3 2 
0.0002388125 1 1 1 3 0 2 2 3 
0.0001936875 1 1 1 3 0 3 0 2 
0.0001998750 1 1 1 3 0 3 2 3 
0.0002188750 1 1 1 3 0 3 3 0 
0.0000908750 1 1 1 3 0 3 3 3 
0.0001326250 1 1 1 3 1 0 0 3 
0.0002170625 1 1 1 3 1 0 1 0 
0.0000563125 1 1 1 3 1 0 2 1 
0.0002411875 1 1 1 3 1 0 2 2 
0.0001551875 1 1 1 3 1 0 3 1 
0.0000828125 1 1 1 3 1 0 3 2 
0.0001822500 1 1 1 3 1 1 1 3 
0.0001520625 1 1 1 3 1 1 2 1 
0.0001278750 1 1 1 3 1 2 0 2 
0.0000733750 1 1 1 3 1 2 2 0 
0.0000170000 1 1 1 3 1 2 3 0 
0.0000941875 1 1 1 3 1 3 2 3 
0.0002338750 1 1 1 3 2 0 0 1 
0.0000151875 1 1 1 3 2 0 1 2 
0.0002018125 1 1 1 3 2 0 3 0 
0.0001466875 1 1 1 3 2 0 3 3 
0.0000728125 1 1 1 3 2 1 0 1 
0.0000071875 1 1 1 3 2 1 1 1 
0.0002014375 1 1 1 3 2 1 1 2 
0.0000842500 1 1 1 3 2 1 2 3 
0.0000059375 1 1 1 3 2 2 0 3 
0.0000758125 1 1 1 3 2 2 1 0 
0.0001130000 1 1 1 3 2 2 1 3 
0.0001128750 1 1 1 3 2 2 2 1 
0.0000257500 1 1 1 3 2 2 2 2 
0.0001899375 1 1 1 3 2 3 0 0 
0.0001111875 1 1 1 3 2 3 0 3 
0.0001768750 1 1 1 3 2 3 1 0 
0.0000316875 1 1 1 3 2 3 3 2 
0.0001531875 1 1 1 3 3 0 0 1 
0.0001729375 1 1 1 3 3 0 3 0 
0.0002233750 1 1 1 3 3 1 0 1 
0.0001616250 1 1 1 3 3 1 1 2 
0.0000321875 1 1 1 3 3 1 2 3 
0.0000193125 1 1 1 3 3 1 3 3 
0.0002042500 1 1 1 3 3 2 0 0 
0.0001830000 1 1 1 3 3 2 1 0 
0.0001405625 1 1 1 3 3 2 3 2 
0.0000525000 1 1 1 3 3 3 0 0 
0.0001988125 1 1 1 3 3 3 0 3 
0.0002021250 1 1 1 3 3 3 1 3 
0.0000014375 1 1 1 3 3 3 2 2 
0.0000538125 1 1 1 3 3 3 3 1 
0.0002360625 1 1 1 3 3 3 3 2 
0.0001141250 1 1 2 0 0 0 0 1 
0.0000338125 1 1 2 0 0 0 0 2 
0.0001235000 1 1 2 0 0 0 0 3 
0.0000513125 1 1 2 0 0 0 2 1 
0.0000835000 1 1 2 0 0 1 0 0 
0.0001650625 1 1 2 0 0 1 0 3 
0.0000268125 1 1 2 0 0 1 2 0 
0.0002136875 1 1 2 0 0 1 2 2 
0.0001346875 1 1 2 0 0 2 1 3 
0.0002013125 1 1 2 0 0 2 3 1 
0.0001855000 1 1 2 0 0 3 1 3 
0.0002182500 1 1 2 0 0 3 3 0 
0.0001756250 1 1 2 0 1 0 0 0 
0.0001551875 1 1 2 0 1 0 0 2 
0.0002124375 1 1 2 0 1 0 0 3 
0.0002392500 1 1 2 0 1 0 2 1 
0.0002170625 1 1 2 0 1 0 2 3 
0.0001491250 1 1 2 0 1 1 0 0 
0.0000124375 1 1 2 0 1 1 0 1 
0.0001302500 1 1 2 0 1 1 0 3 
0.0001822500 1 1 2 0 1 1 2 0 
0.0000637500 1 1 2 0 1 1 2 2 
0.0000436250 1 1 2 0 1 2 1 0 
0.0000299375 1 1 2 0 1 2 1 1 
0.0001675000 1 1 2 0 1 2 1 2 
0.0000911250 1 1 2 0 1 3 1 3 
0.0002292500 1 1 2 0 1 3 3 0 
0.0002325000 1 1 2 0 1 3 3 1 
0.0000438125 1 1 2 0 2 0 1 0 
0.0001128125 1 1 2 0 2 0 1 1 
0.0000781875 1 1 2 0 2 0 1 2 
0.0002048750 1 1 2 0 2 0 1 3 
0.0000780000 1 1 2 0 2 0 3 0 
0.0000641250 1 1 2 0 2 0 3 1 
0.0002338750 1 1 2 0 2 0 3 2 
0.0001862500 1 1 2 0 2 1 1 2 
0.0001574375 1 1 2 0 2 1 1 3 
0.0000041250 1 1 2 0 2 1 3 0 
0.0001052500 1 1 2 0 2 1 3 1 
0.0000728125 1 1 2 0 2 1 3 2 
0.0002091250 1 1 2 0 2 1 3 3 
0.0000588125 1 1 2 0 2 2 0 0 
0.0001678750 1 1 2 0 2 2 0 1 
0.0001140000 1 1 2 0 2 2 0 3 
0.0001130000 1 1 2 0 2 2 2 0 
0.0000102500 1 1 2 0 2 2 2 1 
0.0001116250 1 1 2 0 2 2 2 2 
0.0000758125 1 1 2 0 2 2 2 3 
0.0000756250 1 1 2 0 2 3 0 0 
0.0001008750 1 1 2 0 2 3 2 2 
0.0001768750 1 1 2 0 2 3 2 3 
0.0000499375 1 1 2 0 3 0 1 0 
0.0000656250 1 1 2 0 3 0 1 3 
0.0002308750 1 1 2 0 3 0 3 1 
0.0001531875 1 1 2 0 3 0 3 2 
0.0002394375 1 1 2 0 3 1 1 3 
0.0001794375 1 1 2 0 3 1 3 0 
0.0000801875 1 1 2 0 3 1 3 1 
0.0002233750 1 1 2 0 3 1 3 2 
0.0002295625 1 1 2 0 3 2 2 1 
0.0001250000 1 1 2 0 3 2 2 2 
0.0001830000 1 1 2 0 3 2 2 3 
0.0000538125 1 1 2 0 3 3 0 2 
0.0002021250 1 1 2 0 3 3 2 0 
0.0001603750 1 1 2 0 3 3 2 1 
0.0001669375 1 1 2 0 3 3 2 2 
0.0001141250 1 1 2 1 0 0 0 0 
0.0001753750 1 1 2 1 0 0 1 2 
0.0000420000 1 1 2 1 0 0 1 3 
0.0000513125 1 1 2 1 0 0 2 0 
0.0000835000 1 1 2 1 0 1 0 1 
0.0000268125 1 1 2 1 0 1 2 1 
0.0002342500 1 1 2 1 0 1 3 3 
0.0002105000 1 1 2 1 0 2 0 2 
0.0000754375 1 1 2 1 0 2 0 3 
0.0002187500 1 1 2 1 0 2 2 2 
0.0001494375 1 1 2 1 0 2 2 3 
0.0002013125 1 1 2 1 0 2 3 0 
0.0000105625 1 1 2 1 0 3 2 2 
0.0000900000 1 1 2 1 0 3 2 3 
0.0002182500 1 1 2 1 0 3 3 1 
0.0001756250 1 1 2 1 1 0 0 1 
0.0000563125 1 1 2 1 1 0 1 3 
0.0002392500 1 1 2 1 1 0 2 0 
0.0000081250 1 1 2 1 1 0 3 2 
0.0000124375 1 1 2 1 1 1 0 0 
0.0001491250 1 1 2 1 1 1 0 1 
0.0000801250 1 1 2 1 1 1 1 2 
0.0001520625 1 1 2 1 1 1 1 3 
0.0001822500 1 1 2 1 1 1 2 1 
0.0001043125 1 1 2 1 1 1 3 2 
0.0001366250 1 1 2 1 1 1 3 3 
0.0000299375 1 1 2 1 1 2 1 0 
0.0000436250 1 1 2 1 1 2 1 1 
0.0001998125 1 1 2 1 1 2 2 3 
0.0000641250 1 1 2 1 1 3 0 2 
0.0000752500 1 1 2 1 1 3 2 2 
0.0000395625 1 1 2 1 1 3 2 3 
0.0002325000 1 1 2 1 1 3 3 0 
0.0002292500 1 1 2 1 1 3 3 1 
0.0000059375 1 1 2 1 2 0 0 3 
0.0001128125 1 1 2 1 2 0 1 0 
0.0000438125 1 1 2 1 2 0 1 1 
0.0000768750 1 1 2 1 2 0 2 2 
0.0000730000 1 1 2 1 2 0 2 3 
0.0000641250 1 1 2 1 2 0 3 0 
0.0000780000 1 1 2 1 2 0 3 1 
0.0000458750 1 1 2 1 2 1 0 2 
0.0000634375 1 1 2 1 2 1 0 3 
0.0001052500 1 1 2 1 2 1 3 0 
0.0000041250 1 1 2 1 2 1 3 1 
0.0001678750 1 1 2 1 2 2 0 0 
0.0000588125 1 1 2 1 2 2 0 1 
0.0000728125 1 1 2 1 2 2 1 2 
0.0001128750 1 1 2 1 2 2 1 3 
0.0000102500 1 1 2 1 2 2 2 0 
0.0001130000 1 1 2 1 2 2 2 1 
0.0001705000 1 1 2 1 2 2 3 2 
0.0000190625 1 1 2 1 2 2 3 3 
0.0000756250 1 1 2 1 2 3 0 1 
0.0000499375 1 1 2 1 3 0 1 1 
0.0000168125 1 1 2 1 3 0 2 3 
0.0002308750 1 1 2 1 3 0 3 0 
0.0000976250 1 1 2 1 3 1 0 2 
0.0001772500 1 1 2 1 3 1 0 3 
0.0001218750 1 1 2 1 3 1 2 3 
0.0000801875 1 1 2 1 3 1 3 0 
0.0001794375 1 1 2 1 3 1 3 1 
0.0001999375 1 1 2 1 3 2 1 2 
0.0002295625 1 1 2 1 3 2 2 0 
0.0002154375 1 1 2 1 3 3 1 2 
0.0001603750 1 1 2 1 3 3 2 0 
0.0002021250 1 1 2 1 3 3 2 1 
0.0000338125 1 1 2 2 0 0 0 0 
0.0002101250 1 1 2 2 0 0 1 3 
0.0000566250 1 1 2 2 0 0 3 1 
0.0000081875 1 1 2 2 0 0 3 3 
0.0000835000 1 1 2 2 0 1 0 2 
0.0000718750 1 1 2 2 0 1 1 1 
0.0002136875 1 1 2 2 0 1 2 0 
0.0000268125 1 1 2 2 0 1 2 2 
0.0001093125 1 1 2 2 0 1 3 1 
0.0001510625 1 1 2 2 0 2 0 3 
0.0000863125 1 1 2 2 0 2 2 3 
0.0002188750 1 1 2 2 0 3 0 1 
0.0000661250 1 1 2 2 0 3 2 3 
0.0002182500 1 1 2 2 0 3 3 2 
0.0001551875 1 1 2 2 1 0 0 0 
0.0001756250 1 1 2 2 1 0 0 2 
0.0000308125 1 1 2 2 1 0 1 1 
0.0002411875 1 1 2 2 1 0 1 3 
0.0000938750 1 1 2 2 1 0 3 3 
0.0001491250 1 1 2 2 1 1 0 2 
0.0000637500 1 1 2 2 1 1 2 0 
0.0001822500 1 1 2 2 1 1 2 2 
0.0000170000 1 1 2 2 1 2 0 1 
0.0001177500 1 1 2 2 1 2 0 3 
0.0001675000 1 1 2 2 1 2 1 0 
0.0000436250 1 1 2 2 1 2 1 2 
0.0001237500 1 1 2 2 1 2 2 1 
0.0002296250 1 1 2 2 1 2 2 3 
0.0001530000 1 1 2 2 1 3 2 3 
0.0002292500 1 1 2 2 1 3 3 2 
0.0002018125 1 1 2 2 2 0 0 1 
0.0001956250 1 1 2 2 2 0 0 3 
0.0000781875 1 1 2 2 2 0 1 0 
0.0000438125 1 1 2 2 2 0 1 2 
0.0002338750 1 1 2 2 2 0 3 0 
0.0000780000 1 1 2 2 2 0 3 2 
0.0002384375 1 1 2 2 2 1 0 3 
0.0001862500 1 1 2 2 2 1 1 0 
0.0000135000 1 1 2 2 2 1 2 1 
0.0000728125 1 1 2 2 2 1 3 0 
0.0000041250 1 1 2 2 2 1 3 2 
0.0000588125 1 1 2 2 2 2 0 2 
0.0000257500 1 1 2 2 2 2 1 3 
0.0001116250 1 1 2 2 2 2 2 0 
0.0001130000 1 1 2 2 2 2 2 2 
0.0000756250 1 1 2 2 2 3 0 2 
0.0001209375 1 1 2 2 2 3 1 1 
0.0001008750 1 1 2 2 2 3 2 0 
0.0001899375 1 1 2 2 2 3 3 1 
0.0000923750 1 1 2 2 2 3 3 3 
0.0001729375 1 1 2 2 3 0 0 1 
0.0000089375 1 1 2 2 3 0 0 3 
0.0000499375 1 1 2 2 3 0 1 2 
0.0002422500 1 1 2 2 3 0 2 1 
0.0000443125 1 1 2 2 3 0 2 3 
0.0001531875 1 1 2 2 3 0 3 0 
0.0001496875 1 1 2 2 3 1 2 1 
0.0002233750 1 1 2 2 3 1 3 0 
0.0001794375 1 1 2 2 3 1 3 2 
0.0001250000 1 1 2 2 3 2 2 0 
0.0002042500 1 1 2 2 3 2 3 1 
0.0002289375 1 1 2 2 3 2 3 3 
0.0000538125 1 1 2 2 3 3 0 0 
0.0000014375 1 1 2 2 3 3 1 3 
0.0001669375 1 1 2 2 3 3 2 0 
0.0002021250 1 1 2 2 3 3 2 2 
0.0000525000 1 1 2 2 3 3 3 1 
0.0002200000 1 1 2 2 3 3 3 3 
0.0001235000 1 1 2 3 0 0 0 0 
0.0000356875 1 1 2 3 0 0 3 1 
0.0001650625 1 1 2 3 0 1 0 0 
0.0000835000 1 1 2 3 0 1 0 3 
0.0001411875 1 1 2 3 0 1 1 1 
0.0000171250 1 1 2 3 0 1 1 2 
0.0000268125 1 1 2 3 0 1 2 3 
0.0002010625 1 1 2 3 0 1 3 2 
0.0001346875 1 1 2 3 0 2 1 0 
0.0000841250 1 1 2 3 0 3 0 1 
0.0001109375 1 1 2 3 0 3 0 2 
0.0001855000 1 1 2 3 0 3 1 0 
0.0002182500 1 1 2 3 0 3 3 3 
0.0002124375 1 1 2 3 1 0 0 0 
0.0001756250 1 1 2 3 1 0 0 3 
0.0002170625 1 1 2 3 1 0 2 0 
0.0000870625 1 1 2 3 1 0 3 1 
0.0001302500 1 1 2 3 1 1 0 0 
0.0001491250 1 1 2 3 1 1 0 3 
0.0000194375 1 1 2 3 1 1 1 2 
0.0001822500 1 1 2 3 1 1 2 3 
0.0001372500 1 1 2 3 1 1 3 2 
0.0001168125 1 1 2 3 1 2 0 1 
0.0000436250 1 1 2 3 1 2 1 3 
0.0002218750 1 1 2 3 1 3 0 1 
0.0000193750 1 1 2 3 1 3 0 2 
0.0000911250 1 1 2 3 1 3 1 0 
0.0002292500 1 1 2 3 1 3 3 3 
0.0002048750 1 1 2 3 2 0 1 0 
0.0000438125 1 1 2 3 2 0 1 3 
0.0000151875 1 1 2 3 2 0 2 2 
0.0000780000 1 1 2 3 2 0 3 3 
0.0001574375 1 1 2 3 2 1 1 0 
0.0000071875 1 1 2 3 2 1 2 1 
0.0002014375 1 1 2 3 2 1 2 2 
0.0002091250 1 1 2 3 2 1 3 0 
0.0000041250 1 1 2 3 2 1 3 3 
0.0001140000 1 1 2 3 2 2 0 0 
0.0000588125 1 1 2 3 2 2 0 3 
0.0000758125 1 1 2 3 2 2 2 0 
0.0001130000 1 1 2 3 2 2 2 3 
0.0002313750 1 1 2 3 2 2 3 2 
0.0000756250 1 1 2 3 2 3 0 3 
0.0001676875 1 1 2 3 2 3 1 1 
0.0001919375 1 1 2 3 2 3 1 2 
0.0001768750 1 1 2 3 2 3 2 0 
0.0001093750 1 1 2 3 2 3 3 1 
0.0000806250 1 1 2 3 3 0 0 1 
0.0000656250 1 1 2 3 3 0 1 0 
0.0000499375 1 1 2 3 3 0 1 3 
0.0000035000 1 1 2 3 3 1 0 2 
0.0002394375 1 1 2 3 3 1 1 0 
0.0001616250 1 1 2 3 3 1 2 2 
0.0001794375 1 1 2 3 3 1 3 3 
0.0000548750 1 1 2 3 3 2 1 1 
0.0001363125 1 1 2 3 3 2 1 2 
0.0001830000 1 1 2 3 3 2 2 0 
0.0001875625 1 1 2 3 3 2 3 1 
0.0001878125 1 1 2 3 3 3 1 1 
0.0002021250 1 1 2 3 3 3 2 3 
0.0001890000 1 1 2 3 3 3 3 1 
0.0002101250 1 1 3 0 0 0 0 1 
0.0001753750 1 1 3 0 0 0 0 3 
0.0000513125 1 1 3 0 0 0 3 1 
0.0000026250 1 1 3 0 0 1 0 0 
0.0001411875 1 1 3 0 0 1 0 2 
0.0000268125 1 1 3 0 0 1 3 0 
0.0002136875 1 1 3 0 0 1 3 2 
0.0000746250 1 1 3 0 0 2 1 0 
0.0001510625 1 1 3 0 0 2 1 1 
0.0002105000 1 1 3 0 0 2 1 3 
0.0001655625 1 1 3 0 0 2 2 0 
0.0000475625 1 1 3 0 0 2 2 2 
0.0002290625 1 1 3 0 0 2 2 3 
0.0000841250 1 1 3 0 0 3 1 2 
0.0001936875 1 1 3 0 0 3 2 1 
0.0002415625 1 1 3 0 0 3 2 2 
0.0000527500 1 1 3 0 0 3 2 3 
0.0001433750 1 1 3 0 1 0 0 0 
0.0002411875 1 1 3 0 1 0 0 1 
0.0002392500 1 1 3 0 1 0 3 1 
0.0002170625 1 1 3 0 1 0 3 3 
0.0000354375 1 1 3 0 1 1 0 0 
0.0000801250 1 1 3 0 1 1 0 3 
0.0001822500 1 1 3 0 1 1 3 0 
0.0000637500 1 1 3 0 1 1 3 2 
0.0002157500 1 1 3 0 1 2 1 0 
0.0001177500 1 1 3 0 1 2 1 1 
0.0001168125 1 1 3 0 1 2 1 2 
0.0001455000 1 1 3 0 1 2 2 0 
0.0001278750 1 1 3 0 1 2 2 1 
0.0000193750 1 1 3 0 1 2 2 2 
0.0000666250 1 1 3 0 1 2 2 3 
0.0002395000 1 1 3 0 1 3 1 0 
0.0002218750 1 1 3 0 1 3 1 2 
0.0000641250 1 1 3 0 1 3 1 3 
0.0001465625 1 1 3 0 1 3 2 2 
0.0001319375 1 1 3 0 1 3 2 3 
0.0001956250 1 1 3 0 2 0 1 1 
0.0000358750 1 1 3 0 2 0 2 3 
0.0001311250 1 1 3 0 2 1 1 0 
0.0002384375 1 1 3 0 2 1 1 1 
0.0000458750 1 1 3 0 2 1 1 3 
0.0000885625 1 1 3 0 2 2 0 0 
0.0000257500 1 1 3 0 2 2 0 1 
0.0000728125 1 1 3 0 2 2 0 3 
0.0001130000 1 1 3 0 2 2 3 0 
0.0000102500 1 1 3 0 2 2 3 1 
0.0001116250 1 1 3 0 2 2 3 2 
0.0000758125 1 1 3 0 2 2 3 3 
0.0001676875 1 1 3 0 2 3 0 2 
0.0001008750 1 1 3 0 2 3 3 2 
0.0001768750 1 1 3 0 2 3 3 3 
0.0001933750 1 1 3 0 3 0 1 0 
0.0000089375 1 1 3 0 3 0 1 1 
0.0000806250 1 1 3 0 3 0 1 2 
0.0001227500 1 1 3 0 3 0 2 0 
0.0000235625 1 1 3 0 3 0 2 3 
0.0000976250 1 1 3 0 3 1 1 3 
0.0001568750 1 1 3 0 3 1 2 3 
0.0000548750 1 1 3 0 3 2 0 2 
0.0001999375 1 1 3 0 3 2 0 3 
0.0002295625 1 1 3 0 3 2 3 1 
0.0001250000 1 1 3 0 3 2 3 2 
0.0001830000 1 1 3 0 3 2 3 3 
0.0001456875 1 1 3 0 3 3 0 0 
0.0000014375 1 1 3 0 3 3 0 1 
0.0001878125 1 1 3 0 3 3 0 2 
0.0002154375 1 1 3 0 3 3 0 3 
0.0002021250 1 1 3 0 3 3 3 0 
0.0001603750 1 1 3 0 3 3 3 1 
0.0001669375 1 1 3 0 3 3 3 2 
0.0002101250 1 1 3 1 0 0 0 0 
0.0000338125 1 1 3 1 0 0 1 3 
0.0000566250 1 1 3 1 0 0 2 2 
0.0000356875 1 1 3 1 0 0 2 3 
0.0000513125 1 1 3 1 0 0 3 0 
0.0000026250 1 1 3 1 0 1 0 1 
0.0001093125 1 1 3 1 0 1 2 2 
0.0000268125 1 1 3 1 0 1 3 1 
0.0001510625 1 1 3 1 0 2 1 0 
0.0000746250 1 1 3 1 0 2 1 1 
0.0001655625 1 1 3 1 0 2 2 1 
0.0002187500 1 1 3 1 0 2 3 2 
0.0001494375 1 1 3 1 0 2 3 3 
0.0001936875 1 1 3 1 0 3 2 0 
0.0000105625 1 1 3 1 0 3 3 2 
0.0000900000 1 1 3 1 0 3 3 3 
0.0002411875 1 1 3 1 1 0 0 0 
0.0001433750 1 1 3 1 1 0 0 1 
0.0001551875 1 1 3 1 1 0 1 3 
0.0000870625 1 1 3 1 1 0 2 3 
0.0002392500 1 1 3 1 1 0 3 0 
0.0000354375 1 1 3 1 1 1 0 1 
0.0001822500 1 1 3 1 1 1 3 1 
0.0000733750 1 1 3 1 1 2 0 2 
0.0001675000 1 1 3 1 1 2 0 3 
0.0001177500 1 1 3 1 1 2 1 0 
0.0002157500 1 1 3 1 1 2 1 1 
0.0001278750 1 1 3 1 1 2 2 0 
0.0001455000 1 1 3 1 1 2 2 1 
0.0001998125 1 1 3 1 1 2 3 3 
0.0002395000 1 1 3 1 1 3 1 1 
0.0000752500 1 1 3 1 1 3 3 2 
0.0000395625 1 1 3 1 1 3 3 3 
0.0000781875 1 1 3 1 2 0 0 3 
0.0001956250 1 1 3 1 2 0 1 0 
0.0000768750 1 1 3 1 2 0 3 2 
0.0000730000 1 1 3 1 2 0 3 3 
0.0001862500 1 1 3 1 2 1 0 3 
0.0002384375 1 1 3 1 2 1 1 0 
0.0001311250 1 1 3 1 2 1 1 1 
0.0000257500 1 1 3 1 2 2 0 0 
0.0000885625 1 1 3 1 2 2 0 1 
0.0000102500 1 1 3 1 2 2 3 0 
0.0001130000 1 1 3 1 2 2 3 1 
0.0001208750 1 1 3 1 2 3 1 2 
0.0001899375 1 1 3 1 2 3 2 2 
0.0001093750 1 1 3 1 2 3 2 3 
0.0000089375 1 1 3 1 3 0 1 0 
0.0001933750 1 1 3 1 3 0 1 1 
0.0001227500 1 1 3 1 3 0 2 1 
0.0000168125 1 1 3 1 3 0 3 3 
0.0001218750 1 1 3 1 3 1 3 3 
0.0002287500 1 1 3 1 3 2 1 2 
0.0002042500 1 1 3 1 3 2 2 2 
0.0001875625 1 1 3 1 3 2 2 3 
0.0002295625 1 1 3 1 3 2 3 0 
0.0000014375 1 1 3 1 3 3 0 0 
0.0001456875 1 1 3 1 3 3 0 1 
0.0001423125 1 1 3 1 3 3 1 2 
0.0000538125 1 1 3 1 3 3 1 3 
0.0000525000 1 1 3 1 3 3 2 2 
0.0001890000 1 1 3 1 3 3 2 3 
0.0001603750 1 1 3 1 3 3 3 0 
0.0002021250 1 1 3 1 3 3 3 1 
0.0001235000 1 1 3 2 0 0 1 1 
0.0001411875 1 1 3 2 0 1 0 0 
0.0000026250 1 1 3 2 0 1 0 2 
0.0001650625 1 1 3 2 0 1 1 1 
0.0002349375 1 1 3 2 0 1 1 3 
0.0002010625 1 1 3 2 0 1 2 3 
0.0002136875 1 1 3 2 0 1 3 0 
0.0000268125 1 1 3 2 0 1 3 2 
0.0001346875 1 1 3 2 0 2 0 1 
0.0000020000 1 1 3 2 0 2 0 3 
0.0000746250 1 1 3 2 0 2 1 2 
0.0000475625 1 1 3 2 0 2 2 0 
0.0001655625 1 1 3 2 0 2 2 2 
0.0000863125 1 1 3 2 0 2 3 3 
0.0001855000 1 1 3 2 0 3 0 1 
0.0001639375 1 1 3 2 0 3 0 3 
0.0000841250 1 1 3 2 0 3 1 0 
0.0002415625 1 1 3 2 0 3 2 0 
0.0000661250 1 1 3 2 0 3 3 3 
0.0001433750 1 1 3 2 1 0 0 2 
0.0002124375 1 1 3 2 1 0 1 1 
0.0000828125 1 1 3 2 1 0 1 3 
0.0000081250 1 1 3 2 1 0 2 1 
0.0000354375 1 1 3 2 1 1 0 2 
0.0001302500 1 1 3 2 1 1 1 1 
0.0001043125 1 1 3 2 1 1 2 1 
0.0001372500 1 1 3 2 1 1 2 3 
0.0000637500 1 1 3 2 1 1 3 0 
0.0001822500 1 1 3 2 1 1 3 2 
0.0001168125 1 1 3 2 1 2 1 0 
0.0002157500 1 1 3 2 1 2 1 2 
0.0000193750 1 1 3 2 1 2 2 0 
0.0001455000 1 1 3 2 1 2 2 2 
0.0001237500 1 1 3 2 1 2 3 1 
0.0002296250 1 1 3 2 1 2 3 3 
0.0000911250 1 1 3 2 1 3 0 1 
0.0000240000 1 1 3 2 1 3 0 3 
0.0002218750 1 1 3 2 1 3 1 0 
0.0002395000 1 1 3 2 1 3 1 2 
0.0001465625 1 1 3 2 1 3 2 0 
0.0001530000 1 1 3 2 1 3 3 3 
0.0002048750 1 1 3 2 2 0 0 1 
0.0001574375 1 1 3 2 2 1 0 1 
0.0002147500 1 1 3 2 2 1 0 3 
0.0001311250 1 1 3 2 2 1 1 2 
0.0000135000 1 1 3 2 2 1 3 1 
0.0000885625 1 1 3 2 2 2 0 2 
0.0001140000 1 1 3 2 2 2 1 1 
0.0001705000 1 1 3 2 2 2 2 1 
0.0002313750 1 1 3 2 2 2 2 3 
0.0001116250 1 1 3 2 2 2 3 0 
0.0001130000 1 1 3 2 2 2 3 2 
0.0001676875 1 1 3 2 2 3 0 0 
0.0000316875 1 1 3 2 2 3 1 3 
0.0001008750 1 1 3 2 2 3 3 0 
0.0000656250 1 1 3 2 3 0 0 1 
0.0001423750 1 1 3 2 3 0 0 3 
0.0000806250 1 1 3 2 3 0 1 0 
0.0001933750 1 1 3 2 3 0 1 2 
0.0001227500 1 1 3 2 3 0 2 2 
0.0002422500 1 1 3 2 3 0 3 1 
0.0000443125 1 1 3 2 3 0 3 3 
0.0002394375 1 1 3 2 3 1 0 1 
0.0002176250 1 1 3 2 3 1 0 3 
0.0001496875 1 1 3 2 3 1 3 1 
0.0000548750 1 1 3 2 3 2 0 0 
0.0001405625 1 1 3 2 3 2 1 3 
0.0001250000 1 1 3 2 3 2 3 0 
0.0001878125 1 1 3 2 3 3 0 0 
0.0001456875 1 1 3 2 3 3 0 2 
0.0002360625 1 1 3 2 3 3 1 3 
0.0001669375 1 1 3 2 3 3 3 0 
0.0002021250 1 1 3 2 3 3 3 2 
0.0001753750 1 1 3 3 0 0 0 0 
0.0001141250 1 1 3 3 0 0 1 2 
0.0000081875 1 1 3 3 0 0 2 2 
0.0000026250 1 1 3 3 0 1 0 3 
0.0001898750 1 1 3 3 0 1 1 1 
0.0002342500 1 1 3 3 0 1 2 1 
0.0000268125 1 1 3 3 0 1 3 3 
0.0000415000 1 1 3 3 0 2 0 1 
0.0002105000 1 1 3 3 0 2 1 0 
0.0000746250 1 1 3 3 0 2 1 3 
0.0002290625 1 1 3 3 0 2 2 0 
0.0001655625 1 1 3 3 0 2 2 3 
0.0000688750 1 1 3 3 0 3 0 1 
0.0000527500 1 1 3 3 0 3 2 0 
0.0001433750 1 1 3 3 1 0 0 3 
0.0000938750 1 1 3 3 1 0 2 2 
0.0002170625 1 1 3 3 1 0 3 0 
0.0000801250 1 1 3 3 1 1 0 0 
0.0000354375 1 1 3 3 1 1 0 3 
0.0000955000 1 1 3 3 1 1 1 1 
0.0000124375 1 1 3 3 1 1 1 2 
0.0001366250 1 1 3 3 1 1 2 1 
0.0001822500 1 1 3 3 1 1 3 3 
0.0000299375 1 1 3 3 1 2 0 2 
0.0002157500 1 1 3 3 1 2 1 3 
0.0000666250 1 1 3 3 1 2 2 0 
0.0001455000 1 1 3 3 1 2 2 3 
0.0002126875 1 1 3 3 1 3 0 1 
0.0000641250 1 1 3 3 1 3 1 0 
0.0002395000 1 1 3 3 1 3 1 3 
0.0001319375 1 1 3 3 1 3 2 0 
0.0001128125 1 1 3 3 2 0 0 2 
0.0000358750 1 1 3 3 2 0 2 0 
0.0000151875 1 1 3 3 2 0 3 2 
0.0000458750 1 1 3 3 2 1 1 0 
0.0001311250 1 1 3 3 2 1 1 3 
0.0000071875 1 1 3 3 2 1 3 1 
0.0002014375 1 1 3 3 2 1 3 2 
0.0000728125 1 1 3 3 2 2 0 0 
0.0000885625 1 1 3 3 2 2 0 3 
0.0000650625 1 1 3 3 2 2 1 1 
0.0001678750 1 1 3 3 2 2 1 2 
0.0000190625 1 1 3 3 2 2 2 1 
0.0000758125 1 1 3 3 2 2 3 0 
0.0001130000 1 1 3 3 2 2 3 3 
0.0001877500 1 1 3 3 2 3 1 1 
0.0000923750 1 1 3 3 2 3 2 2 
0.0001768750 1 1 3 3 2 3 3 0 
0.0001385000 1 1 3 3 3 0 0 1 
0.0001933750 1 1 3 3 3 0 1 3 
0.0000235625 1 1 3 3 3 0 2 0 
0.0001227500 1 1 3 3 3 0 2 3 
0.0000210625 1 1 3 3 3 1 0 1 
0.0000976250 1 1 3 3 3 1 1 0 
0.0001568750 1 1 3 3 3 1 2 0 
0.0001616250 1 1 3 3 3 1 3 2 
0.0001999375 1 1 3 3 3 2 0 0 
0.0001271875 1 1 3 3 3 2 1 1 
0.0002289375 1 1 3 3 3 2 2 2 
0.0001830000 1 1 3 3 3 2 3 0 
0.0002154375 1 1 3 3 3 3 0 0 
0.0001456875 1 1 3 3 3 3 0 3 
0.0002200000 1 1 3 3 3 3 2 2 
0.0002021250 1 1 3 3 3 3 3 3 
0.0000661250 1 2 0 0 0 0 0 1 
0.0000105625 1 2 0 0 0 0 0 3 
0.0002182500 1 2 0 0 0 0 1 0 
0.0000841250 1 2 0 0 0 0 2 2 
0.0001998750 1 2 0 0 0 0 3 0 
0.0001639375 1 2 0 0 0 0 3 1 
0.0000688750 1 2 0 0 0 0 3 2 
0.0000268125 1 2 0 0 0 2 0 0 
0.0002136875 1 2 0 0 0 2 0 2 
0.0001088125 1 2 0 0 0 2 1 0 
0.0002010625 1 2 0 0 0 2 1 1 
0.0002342500 1 2 0 0 0 2 1 2 
0.0001093125 1 2 0 0 0 2 1 3 
0.0000835000 1 2 0 0 0 2 2 0 
0.0001650625 1 2 0 0 0 2 2 3 
0.0000026250 1 2 0 0 0 2 3 0 
0.0001411875 1 2 0 0 0 2 3 2 
0.0000470000 1 2 0 0 1 0 0 0 
0.0001530000 1 2 0 0 1 0 0 1 
0.0000752500 1 2 0 0 1 0 0 3 
0.0002292500 1 2 0 0 1 0 1 0 
0.0002325000 1 2 0 0 1 0 1 1 
0.0002395000 1 2 0 0 1 0 2 0 
0.0002218750 1 2 0 0 1 0 2 2 
0.0000641250 1 2 0 0 1 0 2 3 
0.0000941875 1 2 0 0 1 0 3 0 
0.0000240000 1 2 0 0 1 0 3 1 
0.0002126875 1 2 0 0 1 0 3 2 
0.0001822500 1 2 0 0 1 2 0 0 
0.0000637500 1 2 0 0 1 2 0 2 
0.0001372500 1 2 0 0 1 2 1 1 
0.0001366250 1 2 0 0 1 2 1 2 
0.0001491250 1 2 0 0 1 2 2 0 
0.0000124375 1 2 0 0 1 2 2 1 
0.0001302500 1 2 0 0 1 2 2 3 
0.0000354375 1 2 0 0 1 2 3 0 
0.0000801250 1 2 0 0 1 2 3 3 
0.0001705000 1 2 0 0 2 1 1 3 
0.0000650625 1 2 0 0 2 1 2 2 
0.0001128750 1 2 0 0 2 1 3 2 
0.0001818125 1 2 0 0 2 3 0 0 
0.0000768750 1 2 0 0 2 3 0 3 
0.0000780000 1 2 0 0 2 3 1 0 
0.0000641250 1 2 0 0 2 3 1 1 
0.0002338750 1 2 0 0 2 3 1 2 
0.0001956250 1 2 0 0 2 3 2 1 
0.0001260000 1 2 0 0 3 1 0 0 
0.0002018125 1 2 0 0 3 1 1 0 
0.0002289375 1 2 0 0 3 1 1 1 
0.0001875625 1 2 0 0 3 1 1 2 
0.0000232500 1 2 0 0 3 1 2 0 
0.0001405625 1 2 0 0 3 1 2 1 
0.0001271875 1 2 0 0 3 1 2 2 
0.0002287500 1 2 0 0 3 1 2 3 
0.0001465000 1 2 0 0 3 1 3 0 
0.0001363125 1 2 0 0 3 1 3 1 
0.0000443125 1 2 0 0 3 3 0 1 
0.0002308750 1 2 0 0 3 3 1 1 
0.0001531875 1 2 0 0 3 3 1 2 
0.0001933750 1 2 0 0 3 3 2 0 
0.0000089375 1 2 0 0 3 3 2 1 
0.0000806250 1 2 0 0 3 3 2 2 
0.0001423750 1 2 0 0 3 3 3 1 
0.0001385000 1 2 0 0 3 3 3 2 
0.0000661250 1 2 0 1 0 0 0 0 
0.0002182500 1 2 0 1 0 0 1 1 
0.0001639375 1 2 0 1 0 0 3 0 
0.0001998750 1 2 0 1 0 0 3 1 
0.0002290625 1 2 0 1 0 1 1 2 
0.0001346875 1 2 0 1 0 1 3 2 
0.0000415000 1 2 0 1 0 1 3 3 
0.0000268125 1 2 0 1 0 2 0 1 
0.0002010625 1 2 0 1 0 2 1 0 
0.0001088125 1 2 0 1 0 2 1 1 
0.0000835000 1 2 0 1 0 2 2 1 
0.0000026250 1 2 0 1 0 2 3 1 
0.0000464375 1 2 0 1 0 3 0 2 
0.0000338125 1 2 0 1 0 3 2 3 
0.0001530000 1 2 0 1 1 0 0 0 
0.0000470000 1 2 0 1 1 0 0 1 
0.0002325000 1 2 0 1 1 0 1 0 
0.0002292500 1 2 0 1 1 0 1 1 
0.0002395000 1 2 0 1 1 0 2 1 
0.0000240000 1 2 0 1 1 0 3 0 
0.0000941875 1 2 0 1 1 0 3 1 
0.0001237500 1 2 0 1 1 1 0 2 
0.0000666250 1 2 0 1 1 1 1 2 
0.0000170000 1 2 0 1 1 1 2 2 
0.0001168125 1 2 0 1 1 1 2 3 
0.0001822500 1 2 0 1 1 2 0 1 
0.0001372500 1 2 0 1 1 2 1 0 
0.0000124375 1 2 0 1 1 2 2 0 
0.0001491250 1 2 0 1 1 2 2 1 
0.0000354375 1 2 0 1 1 2 3 1 
0.0000081250 1 2 0 1 1 3 1 2 
0.0001551875 1 2 0 1 1 3 2 3 
0.0000308125 1 2 0 1 1 3 3 2 
0.0001008750 1 2 0 1 2 0 0 3 
0.0001208750 1 2 0 1 2 0 2 2 
0.0001209375 1 2 0 1 2 0 3 2 
0.0001676875 1 2 0 1 2 0 3 3 
0.0002091250 1 2 0 1 2 2 1 2 
0.0000458750 1 2 0 1 2 2 2 2 
0.0000634375 1 2 0 1 2 2 2 3 
0.0001862500 1 2 0 1 2 2 3 3 
0.0001818125 1 2 0 1 2 3 0 1 
0.0000641250 1 2 0 1 2 3 1 0 
0.0000780000 1 2 0 1 2 3 1 1 
0.0001956250 1 2 0 1 2 3 2 0 
0.0001401875 1 2 0 1 3 0 0 2 
0.0001669375 1 2 0 1 3 0 0 3 
0.0001423125 1 2 0 1 3 0 2 2 
0.0000538125 1 2 0 1 3 0 2 3 
0.0001878125 1 2 0 1 3 0 3 3 
0.0001260000 1 2 0 1 3 1 0 1 
0.0002289375 1 2 0 1 3 1 1 0 
0.0002018125 1 2 0 1 3 1 1 1 
0.0001405625 1 2 0 1 3 1 2 0 
0.0000232500 1 2 0 1 3 1 2 1 
0.0001363125 1 2 0 1 3 1 3 0 
0.0001465000 1 2 0 1 3 1 3 1 
0.0001218750 1 2 0 1 3 2 0 3 
0.0000976250 1 2 0 1 3 2 2 2 
0.0001772500 1 2 0 1 3 2 2 3 
0.0000443125 1 2 0 1 3 3 0 0 
0.0002308750 1 2 0 1 3 3 1 0 
0.0000089375 1 2 0 1 3 3 2 0 
0.0001933750 1 2 0 1 3 3 2 1 
0.0001423750 1 2 0 1 3 3 3 0 
0.0002182500 1 2 0 2 0 0 1 2 
0.0000841250 1 2 0 2 0 0 2 0 
0.0000688750 1 2 0 2 0 0 3 0 
0.0001998750 1 2 0 2 0 0 3 2 
0.0002187500 1 2 0 2 0 1 0 1 
0.0002105000 1 2 0 2 0 1 2 1 
0.0002136875 1 2 0 2 0 2 0 0 
0.0000268125 1 2 0 2 0 2 0 2 
0.0002342500 1 2 0 2 0 2 1 0 
0.0001088125 1 2 0 2 0 2 1 2 
0.0000835000 1 2 0 2 0 2 2 2 
0.0001411875 1 2 0 2 0 2 3 0 
0.0000026250 1 2 0 2 0 2 3 2 
0.0000566250 1 2 0 2 0 3 1 1 
0.0000081875 1 2 0 2 0 3 1 3 
0.0001235000 1 2 0 2 0 3 2 1 
0.0001753750 1 2 0 2 0 3 3 1 
0.0000470000 1 2 0 2 1 0 0 2 
0.0002292500 1 2 0 2 1 0 1 2 
0.0002218750 1 2 0 2 1 0 2 0 
0.0002395000 1 2 0 2 1 0 2 2 
0.0002126875 1 2 0 2 1 0 3 0 
0.0000941875 1 2 0 2 1 0 3 2 
0.0001278750 1 2 0 2 1 1 1 3 
0.0000733750 1 2 0 2 1 1 3 1 
0.0000299375 1 2 0 2 1 1 3 3 
0.0000637500 1 2 0 2 1 2 0 0 
0.0001822500 1 2 0 2 1 2 0 2 
0.0001366250 1 2 0 2 1 2 1 0 
0.0001491250 1 2 0 2 1 2 2 2 
0.0000354375 1 2 0 2 1 2 3 2 
0.0002170625 1 2 0 2 1 3 0 1 
0.0000938750 1 2 0 2 1 3 1 3 
0.0002124375 1 2 0 2 1 3 2 1 
0.0000828125 1 2 0 2 1 3 2 3 
0.0001768750 1 2 0 2 2 0 0 1 
0.0000568750 1 2 0 2 2 0 0 3 
0.0001899375 1 2 0 2 2 0 1 1 
0.0000923750 1 2 0 2 2 0 1 3 
0.0000316875 1 2 0 2 2 0 2 3 
0.0001919375 1 2 0 2 2 0 3 3 
0.0000650625 1 2 0 2 2 1 2 0 
0.0001128750 1 2 0 2 2 1 3 0 
0.0000135000 1 2 0 2 2 2 0 1 
0.0001052500 1 2 0 2 2 2 1 3 
0.0002384375 1 2 0 2 2 2 2 3 
0.0001574375 1 2 0 2 2 2 3 1 
0.0002147500 1 2 0 2 2 2 3 3 
0.0001818125 1 2 0 2 2 3 0 2 
0.0002338750 1 2 0 2 2 3 1 0 
0.0000780000 1 2 0 2 2 3 1 2 
0.0000525000 1 2 0 2 3 0 1 1 
0.0002200000 1 2 0 2 3 0 1 3 
0.0002360625 1 2 0 2 3 0 2 3 
0.0002154375 1 2 0 2 3 0 3 1 
0.0001260000 1 2 0 2 3 1 0 2 
0.0001875625 1 2 0 2 3 1 1 0 
0.0002018125 1 2 0 2 3 1 1 2 
0.0001271875 1 2 0 2 3 1 2 0 
0.0000232500 1 2 0 2 3 1 2 2 
0.0001465000 1 2 0 2 3 1 3 2 
0.0001496875 1 2 0 2 3 2 0 1 
0.0001568750 1 2 0 2 3 2 1 1 
0.0000801875 1 2 0 2 3 2 1 3 
0.0002394375 1 2 0 2 3 2 3 1 
0.0002176250 1 2 0 2 3 2 3 3 
0.0001531875 1 2 0 2 3 3 1 0 
0.0000806250 1 2 0 2 3 3 2 0 
0.0001933750 1 2 0 2 3 3 2 2 
0.0001385000 1 2 0 2 3 3 3 0 
0.0000105625 1 2 0 3 0 0 0 0 
0.0002182500 1 2 0 3 0 0 1 3 
0.0001998750 1 2 0 3 0 0 3 3 
0.0001494375 1 2 0 3 0 1 0 1 
0.0000863125 1 2 0 3 0 1 0 2 
0.0000475625 1 2 0 3 0 1 1 1 
0.0002013125 1 2 0 3 0 1 1 2 
0.0000754375 1 2 0 3 0 1 2 1 
0.0001510625 1 2 0 3 0 1 2 2 
0.0000020000 1 2 0 3 0 1 3 2 
0.0000268125 1 2 0 3 0 2 0 3 
0.0001093125 1 2 0 3 0 2 1 0 
0.0001088125 1 2 0 3 0 2 1 3 
0.0001650625 1 2 0 3 0 2 2 0 
0.0000835000 1 2 0 3 0 2 2 3 
0.0000026250 1 2 0 3 0 2 3 3 
0.0002239375 1 2 0 3 0 3 0 1 
0.0000513125 1 2 0 3 0 3 0 2 
0.0000356875 1 2 0 3 0 3 1 1 
0.0001141250 1 2 0 3 0 3 2 2 
0.0000420000 1 2 0 3 0 3 3 1 
0.0002101250 1 2 0 3 0 3 3 2 
0.0000752500 1 2 0 3 1 0 0 0 
0.0000470000 1 2 0 3 1 0 0 3 
0.0002292500 1 2 0 3 1 0 1 3 
0.0000641250 1 2 0 3 1 0 2 0 
0.0002395000 1 2 0 3 1 0 2 3 
0.0000941875 1 2 0 3 1 0 3 3 
0.0001998125 1 2 0 3 1 1 0 1 
0.0002296250 1 2 0 3 1 1 0 2 
0.0000193750 1 2 0 3 1 1 1 1 
0.0001177500 1 2 0 3 1 1 2 2 
0.0001675000 1 2 0 3 1 1 3 1 
0.0001822500 1 2 0 3 1 2 0 3 
0.0001302500 1 2 0 3 1 2 2 0 
0.0001491250 1 2 0 3 1 2 2 3 
0.0000801250 1 2 0 3 1 2 3 0 
0.0000354375 1 2 0 3 1 2 3 3 
0.0001568125 1 2 0 3 1 3 0 1 
0.0002392500 1 2 0 3 1 3 0 2 
0.0000870625 1 2 0 3 1 3 1 1 
0.0000563125 1 2 0 3 1 3 3 1 
0.0002411875 1 2 0 3 1 3 3 2 
0.0001093750 1 2 0 3 2 0 1 1 
0.0001877500 1 2 0 3 2 0 2 1 
0.0001705000 1 2 0 3 2 1 1 0 
0.0000071875 1 2 0 3 2 2 0 1 
0.0002014375 1 2 0 3 2 2 0 2 
0.0000728125 1 2 0 3 2 2 1 1 
0.0000768750 1 2 0 3 2 3 0 0 
0.0001818125 1 2 0 3 2 3 0 3 
0.0000780000 1 2 0 3 2 3 1 3 
0.0001603750 1 2 0 3 3 0 0 2 
0.0001890000 1 2 0 3 3 0 1 1 
0.0000014375 1 2 0 3 3 0 3 2 
0.0001260000 1 2 0 3 3 1 0 3 
0.0002018125 1 2 0 3 3 1 1 3 
0.0002287500 1 2 0 3 3 1 2 0 
0.0000232500 1 2 0 3 3 1 2 3 
0.0001465000 1 2 0 3 3 1 3 3 
0.0001616250 1 2 0 3 3 2 0 2 
0.0002233750 1 2 0 3 3 2 1 1 
0.0000035000 1 2 0 3 3 2 2 2 
0.0000210625 1 2 0 3 3 2 3 1 
0.0001933750 1 2 0 3 3 3 2 3 
0.0002182500 1 2 1 0 0 0 0 0 
0.0000661250 1 2 1 0 0 0 1 1 
0.0000105625 1 2 1 0 0 0 1 3 
0.0001346875 1 2 1 0 0 1 2 3 
0.0000746250 1 2 1 0 0 1 3 0 
0.0001510625 1 2 1 0 0 1 3 1 
0.0002105000 1 2 1 0 0 1 3 3 
0.0001088125 1 2 1 0 0 2 0 0 
0.0002010625 1 2 1 0 0 2 0 1 
0.0002342500 1 2 1 0 0 2 0 2 
0.0001093125 1 2 1 0 0 2 0 3 
0.0000268125 1 2 1 0 0 2 1 0 
0.0002136875 1 2 1 0 0 2 1 2 
0.0001456250 1 2 1 0 0 3 2 0 
0.0000420000 1 2 1 0 0 3 2 2 
0.0001141250 1 2 1 0 0 3 3 1 
0.0000338125 1 2 1 0 0 3 3 2 
0.0001235000 1 2 1 0 0 3 3 3 
0.0002292500 1 2 1 0 1 0 0 0 
0.0002325000 1 2 1 0 1 0 0 1 
0.0000470000 1 2 1 0 1 0 1 0 
0.0001530000 1 2 1 0 1 0 1 1 
0.0000752500 1 2 1 0 1 0 1 3 
0.0000436250 1 2 1 0 1 1 2 0 
0.0000299375 1 2 1 0 1 1 2 1 
0.0001675000 1 2 1 0 1 1 2 2 
0.0002157500 1 2 1 0 1 1 3 0 
0.0001177500 1 2 1 0 1 1 3 1 
0.0001168125 1 2 1 0 1 1 3 2 
0.0001372500 1 2 1 0 1 2 0 1 
0.0001366250 1 2 1 0 1 2 0 2 
0.0001822500 1 2 1 0 1 2 1 0 
0.0000637500 1 2 1 0 1 2 1 2 
0.0000563125 1 2 1 0 1 3 2 2 
0.0000308125 1 2 1 0 1 3 2 3 
0.0001756250 1 2 1 0 1 3 3 0 
0.0001551875 1 2 1 0 1 3 3 2 
0.0002124375 1 2 1 0 1 3 3 3 
0.0000738125 1 2 1 0 2 0 2 0 
0.0001919375 1 2 1 0 2 0 2 1 
0.0001209375 1 2 1 0 2 0 2 3 
0.0000756250 1 2 1 0 2 0 3 0 
0.0001705000 1 2 1 0 2 1 0 3 
0.0000842500 1 2 1 0 2 2 2 0 
0.0002147500 1 2 1 0 2 2 2 1 
0.0000634375 1 2 1 0 2 2 3 2 
0.0000780000 1 2 1 0 2 3 0 0 
0.0000641250 1 2 1 0 2 3 0 1 
0.0002338750 1 2 1 0 2 3 0 2 
0.0001818125 1 2 1 0 2 3 1 0 
0.0000768750 1 2 1 0 2 3 1 3 
0.0000538125 1 2 1 0 3 0 3 2 
0.0002018125 1 2 1 0 3 1 0 0 
0.0002289375 1 2 1 0 3 1 0 1 
0.0001875625 1 2 1 0 3 1 0 2 
0.0001260000 1 2 1 0 3 1 1 0 
0.0000321875 1 2 1 0 3 2 2 0 
0.0002176250 1 2 1 0 3 2 2 1 
0.0000210625 1 2 1 0 3 2 2 2 
0.0000193125 1 2 1 0 3 2 3 0 
0.0000035000 1 2 1 0 3 2 3 1 
0.0001772500 1 2 1 0 3 2 3 2 
0.0002308750 1 2 1 0 3 3 0 1 
0.0001531875 1 2 1 0 3 3 0 2 
0.0000443125 1 2 1 0 3 3 1 1 
0.0002182500 1 2 1 1 0 0 0 1 
0.0000661250 1 2 1 1 0 0 1 0 
0.0001855000 1 2 1 1 0 0 2 2 
0.0000688750 1 2 1 1 0 0 2 3 
0.0002290625 1 2 1 1 0 1 0 2 
0.0001510625 1 2 1 1 0 1 3 0 
0.0000746250 1 2 1 1 0 1 3 1 
0.0002010625 1 2 1 1 0 2 0 0 
0.0001088125 1 2 1 1 0 2 0 1 
0.0000268125 1 2 1 1 0 2 1 1 
0.0000718750 1 2 1 1 0 2 2 2 
0.0001411875 1 2 1 1 0 2 2 3 
0.0001650625 1 2 1 1 0 2 3 2 
0.0001898750 1 2 1 1 0 2 3 3 
0.0000464375 1 2 1 1 0 3 1 2 
0.0001456250 1 2 1 1 0 3 2 1 
0.0001141250 1 2 1 1 0 3 3 0 
0.0002325000 1 2 1 1 1 0 0 0 
0.0002292500 1 2 1 1 1 0 0 1 
0.0001530000 1 2 1 1 1 0 1 0 
0.0000470000 1 2 1 1 1 0 1 1 
0.0000911250 1 2 1 1 1 0 2 2 
0.0002126875 1 2 1 1 1 0 2 3 
0.0000641250 1 2 1 1 1 0 3 2 
0.0000666250 1 2 1 1 1 1 0 2 
0.0001237500 1 2 1 1 1 1 1 2 
0.0000299375 1 2 1 1 1 1 2 0 
0.0000436250 1 2 1 1 1 1 2 1 
0.0001177500 1 2 1 1 1 1 3 0 
0.0002157500 1 2 1 1 1 1 3 1 
0.0001372500 1 2 1 1 1 2 0 0 
0.0001822500 1 2 1 1 1 2 1 1 
0.0001302500 1 2 1 1 1 2 3 2 
0.0000955000 1 2 1 1 1 2 3 3 
0.0000081250 1 2 1 1 1 3 0 2 
0.0001756250 1 2 1 1 1 3 3 1 
0.0001008750 1 2 1 1 2 0 1 3 
0.0001919375 1 2 1 1 2 0 2 0 
0.0000738125 1 2 1 1 2 0 2 1 
0.0000756250 1 2 1 1 2 0 3 1 
0.0000728125 1 2 1 1 2 1 2 2 
0.0001128750 1 2 1 1 2 1 2 3 
0.0002091250 1 2 1 1 2 2 0 2 
0.0002147500 1 2 1 1 2 2 2 0 
0.0000842500 1 2 1 1 2 2 2 1 
0.0000641250 1 2 1 1 2 3 0 0 
0.0000780000 1 2 1 1 2 3 0 1 
0.0001818125 1 2 1 1 2 3 1 1 
0.0002048750 1 2 1 1 2 3 2 2 
0.0000059375 1 2 1 1 2 3 3 3 
0.0001401875 1 2 1 1 3 0 1 2 
0.0001669375 1 2 1 1 3 0 1 3 
0.0002289375 1 2 1 1 3 1 0 0 
0.0002018125 1 2 1 1 3 1 0 1 
0.0001260000 1 2 1 1 3 1 1 1 
0.0001999375 1 2 1 1 3 1 2 2 
0.0002287500 1 2 1 1 3 1 3 2 
0.0001218750 1 2 1 1 3 2 1 3 
0.0002176250 1 2 1 1 3 2 2 0 
0.0000321875 1 2 1 1 3 2 2 1 
0.0000035000 1 2 1 1 3 2 3 0 
0.0000193125 1 2 1 1 3 2 3 1 
0.0002308750 1 2 1 1 3 3 0 0 
0.0000443125 1 2 1 1 3 3 1 0 
0.0000656250 1 2 1 1 3 3 2 2 
0.0001385000 1 2 1 1 3 3 2 3 
0.0002182500 1 2 1 2 0 0 0 2 
0.0002188750 1 2 1 2 0 0 3 1 
0.0002187500 1 2 1 2 0 1 1 1 
0.0000746250 1 2 1 2 0 1 3 2 
0.0002342500 1 2 1 2 0 2 0 0 
0.0001088125 1 2 1 2 0 2 0 2 
0.0002136875 1 2 1 2 0 2 1 0 
0.0000268125 1 2 1 2 0 2 1 2 
0.0000171250 1 2 1 2 0 2 2 3 
0.0000566250 1 2 1 2 0 3 0 1 
0.0000081875 1 2 1 2 0 3 0 3 
0.0000420000 1 2 1 2 0 3 2 0 
0.0001456250 1 2 1 2 0 3 2 2 
0.0000338125 1 2 1 2 0 3 3 0 
0.0002292500 1 2 1 2 1 0 0 2 
0.0000470000 1 2 1 2 1 0 1 2 
0.0001278750 1 2 1 2 1 1 0 3 
0.0001675000 1 2 1 2 1 1 2 0 
0.0000436250 1 2 1 2 1 1 2 2 
0.0001168125 1 2 1 2 1 1 3 0 
0.0002157500 1 2 1 2 1 1 3 2 
0.0001366250 1 2 1 2 1 2 0 0 
0.0000637500 1 2 1 2 1 2 1 0 
0.0001822500 1 2 1 2 1 2 1 2 
0.0000801250 1 2 1 2 1 2 2 1 
0.0000194375 1 2 1 2 1 2 2 3 
0.0000124375 1 2 1 2 1 2 3 3 
0.0000938750 1 2 1 2 1 3 0 3 
0.0002170625 1 2 1 2 1 3 1 1 
0.0000563125 1 2 1 2 1 3 2 0 
0.0001551875 1 2 1 2 1 3 3 0 
0.0001756250 1 2 1 2 1 3 3 2 
0.0001899375 1 2 1 2 2 0 0 1 
0.0000923750 1 2 1 2 2 0 0 3 
0.0001768750 1 2 1 2 2 0 1 1 
0.0000568750 1 2 1 2 2 0 1 3 
0.0000738125 1 2 1 2 2 0 2 2 
0.0000756250 1 2 1 2 2 0 3 2 
0.0000257500 1 2 1 2 2 1 2 3 
0.0001140000 1 2 1 2 2 1 3 1 
0.0001052500 1 2 1 2 2 2 0 3 
0.0000135000 1 2 1 2 2 2 1 1 
0.0000842500 1 2 1 2 2 2 2 2 
0.0000634375 1 2 1 2 2 2 3 0 
0.0002338750 1 2 1 2 2 3 0 0 
0.0000780000 1 2 1 2 2 3 0 2 
0.0001818125 1 2 1 2 2 3 1 2 
0.0001128125 1 2 1 2 2 3 2 3 
0.0002018125 1 2 1 2 2 3 3 1 
0.0001956250 1 2 1 2 2 3 3 3 
0.0000525000 1 2 1 2 3 0 0 1 
0.0002200000 1 2 1 2 3 0 0 3 
0.0000538125 1 2 1 2 3 0 3 0 
0.0001875625 1 2 1 2 3 1 0 0 
0.0002018125 1 2 1 2 3 1 0 2 
0.0001260000 1 2 1 2 3 1 1 2 
0.0001405625 1 2 1 2 3 1 3 3 
0.0001568750 1 2 1 2 3 2 0 1 
0.0000801875 1 2 1 2 3 2 0 3 
0.0001496875 1 2 1 2 3 2 1 1 
0.0000210625 1 2 1 2 3 2 2 0 
0.0000321875 1 2 1 2 3 2 2 2 
0.0001772500 1 2 1 2 3 2 3 0 
0.0000193125 1 2 1 2 3 2 3 2 
0.0001531875 1 2 1 2 3 3 0 0 
0.0001729375 1 2 1 2 3 3 3 1 
0.0000089375 1 2 1 2 3 3 3 3 
0.0002182500 1 2 1 3 0 0 0 3 
0.0000105625 1 2 1 3 0 0 1 0 
0.0001639375 1 2 1 3 0 0 2 2 
0.0000841250 1 2 1 3 0 0 3 1 
0.0001109375 1 2 1 3 0 0 3 2 
0.0000475625 1 2 1 3 0 1 0 1 
0.0002013125 1 2 1 3 0 1 0 2 
0.0001494375 1 2 1 3 0 1 1 1 
0.0000863125 1 2 1 3 0 1 1 2 
0.0001346875 1 2 1 3 0 1 2 0 
0.0002105000 1 2 1 3 0 1 3 0 
0.0000746250 1 2 1 3 0 1 3 3 
0.0001093125 1 2 1 3 0 2 0 0 
0.0001088125 1 2 1 3 0 2 0 3 
0.0000268125 1 2 1 3 0 2 1 3 
0.0002349375 1 2 1 3 0 2 3 2 
0.0000356875 1 2 1 3 0 3 0 1 
0.0002239375 1 2 1 3 0 3 1 1 
0.0000513125 1 2 1 3 0 3 1 2 
0.0001456250 1 2 1 3 0 3 2 3 
0.0001235000 1 2 1 3 0 3 3 0 
0.0002292500 1 2 1 3 1 0 0 3 
0.0000752500 1 2 1 3 1 0 1 0 
0.0000470000 1 2 1 3 1 0 1 3 
0.0000240000 1 2 1 3 1 0 2 2 
0.0002218750 1 2 1 3 1 0 3 1 
0.0000193750 1 2 1 3 1 0 3 2 
0.0000193750 1 2 1 3 1 1 0 1 
0.0001998125 1 2 1 3 1 1 1 1 
0.0002296250 1 2 1 3 1 1 1 2 
0.0000436250 1 2 1 3 1 1 2 3 
0.0002157500 1 2 1 3 1 1 3 3 
0.0001822500 1 2 1 3 1 2 1 3 
0.0001520625 1 2 1 3 1 2 2 1 
0.0000870625 1 2 1 3 1 3 0 1 
0.0001568125 1 2 1 3 1 3 1 1 
0.0002392500 1 2 1 3 1 3 1 2 
0.0000308125 1 2 1 3 1 3 2 0 
0.0002124375 1 2 1 3 1 3 3 0 
0.0001756250 1 2 1 3 1 3 3 3 
0.0001093750 1 2 1 3 2 0 0 1 
0.0001209375 1 2 1 3 2 0 2 0 
0.0000738125 1 2 1 3 2 0 2 3 
0.0000756250 1 2 1 3 2 0 3 3 
0.0001705000 1 2 1 3 2 1 0 0 
0.0000650625 1 2 1 3 2 1 3 1 
0.0001678750 1 2 1 3 2 1 3 2 
0.0000728125 1 2 1 3 2 2 0 1 
0.0000071875 1 2 1 3 2 2 1 1 
0.0002014375 1 2 1 3 2 2 1 2 
0.0000842500 1 2 1 3 2 2 2 3 
0.0000780000 1 2 1 3 2 3 0 3 
0.0000768750 1 2 1 3 2 3 1 0 
0.0001818125 1 2 1 3 2 3 1 3 
0.0000781875 1 2 1 3 2 3 2 1 
0.0001890000 1 2 1 3 3 0 0 1 
0.0001603750 1 2 1 3 3 0 1 2 
0.0002018125 1 2 1 3 3 1 0 3 
0.0001260000 1 2 1 3 3 1 1 3 
0.0000548750 1 2 1 3 3 1 2 1 
0.0001363125 1 2 1 3 3 1 2 2 
0.0001271875 1 2 1 3 3 1 3 1 
0.0002233750 1 2 1 3 3 2 0 1 
0.0001616250 1 2 1 3 3 2 1 2 
0.0000321875 1 2 1 3 3 2 2 3 
0.0000193125 1 2 1 3 3 2 3 3 
0.0001423750 1 2 1 3 3 3 2 2 
0.0000806250 1 2 1 3 3 3 3 1 
0.0000841250 1 2 2 0 0 0 0 2 
0.0000661250 1 2 2 0 0 0 2 1 
0.0000105625 1 2 2 0 0 0 2 3 
0.0002388125 1 2 2 0 0 1 1 0 
0.0000020000 1 2 2 0 0 1 1 1 
0.0000415000 1 2 2 0 0 1 1 2 
0.0001655625 1 2 2 0 0 1 3 0 
0.0000475625 1 2 2 0 0 1 3 2 
0.0002290625 1 2 2 0 0 1 3 3 
0.0000835000 1 2 2 0 0 2 0 0 
0.0001650625 1 2 2 0 0 2 0 3 
0.0000268125 1 2 2 0 0 2 2 0 
0.0002136875 1 2 2 0 0 2 2 2 
0.0002101250 1 2 2 0 0 3 1 1 
0.0001753750 1 2 2 0 0 3 1 3 
0.0000081875 1 2 2 0 0 3 3 1 
0.0000356875 1 2 2 0 0 3 3 2 
0.0002395000 1 2 2 0 1 0 0 0 
0.0002218750 1 2 2 0 1 0 0 2 
0.0000641250 1 2 2 0 1 0 0 3 
0.0000470000 1 2 2 0 1 0 2 0 
0.0001530000 1 2 2 0 1 0 2 1 
0.0000752500 1 2 2 0 1 0 2 3 
0.0000733750 1 2 2 0 1 1 1 3 
0.0001455000 1 2 2 0 1 1 3 0 
0.0001278750 1 2 2 0 1 1 3 1 
0.0000193750 1 2 2 0 1 1 3 2 
0.0000666250 1 2 2 0 1 1 3 3 
0.0001491250 1 2 2 0 1 2 0 0 
0.0000124375 1 2 2 0 1 2 0 1 
0.0001302500 1 2 2 0 1 2 0 3 
0.0001822500 1 2 2 0 1 2 2 0 
0.0000637500 1 2 2 0 1 2 2 2 
0.0001433750 1 2 2 0 1 3 1 0 
0.0002411875 1 2 2 0 1 3 1 1 
0.0000938750 1 2 2 0 1 3 3 1 
0.0000870625 1 2 2 0 1 3 3 2 
0.0000081250 1 2 2 0 1 3 3 3 
0.0001676875 1 2 2 0 2 0 1 2 
0.0000923750 1 2 2 0 2 0 3 1 
0.0001093750 1 2 2 0 2 0 3 2 
0.0000650625 1 2 2 0 2 1 0 2 
0.0001862500 1 2 2 0 2 2 1 2 
0.0001574375 1 2 2 0 2 2 1 3 
0.0000041250 1 2 2 0 2 2 3 0 
0.0001052500 1 2 2 0 2 2 3 1 
0.0000728125 1 2 2 0 2 2 3 2 
0.0002091250 1 2 2 0 2 2 3 3 
0.0001956250 1 2 2 0 2 3 0 1 
0.0001818125 1 2 2 0 2 3 2 0 
0.0000768750 1 2 2 0 2 3 2 3 
0.0001456875 1 2 2 0 3 0 1 0 
0.0000014375 1 2 2 0 3 0 1 1 
0.0001878125 1 2 2 0 3 0 1 2 
0.0002154375 1 2 2 0 3 0 1 3 
0.0002200000 1 2 2 0 3 0 3 1 
0.0001890000 1 2 2 0 3 0 3 2 
0.0000232500 1 2 2 0 3 1 0 0 
0.0001405625 1 2 2 0 3 1 0 1 
0.0001271875 1 2 2 0 3 1 0 2 
0.0002287500 1 2 2 0 3 1 0 3 
0.0001260000 1 2 2 0 3 1 2 0 
0.0002394375 1 2 2 0 3 2 1 3 
0.0001794375 1 2 2 0 3 2 3 0 
0.0000801875 1 2 2 0 3 2 3 1 
0.0002233750 1 2 2 0 3 2 3 2 
0.0001933750 1 2 2 0 3 3 0 0 
0.0000089375 1 2 2 0 3 3 0 1 
0.0000806250 1 2 2 0 3 3 0 2 
0.0000443125 1 2 2 0 3 3 2 1 
0.0000661250 1 2 2 1 0 0 2 0 
0.0000527500 1 2 2 1 0 0 3 2 
0.0000020000 1 2 2 1 0 1 1 0 
0.0002388125 1 2 2 1 0 1 1 1 
0.0001655625 1 2 2 1 0 1 3 1 
0.0000835000 1 2 2 1 0 2 0 1 
0.0000268125 1 2 2 1 0 2 2 1 
0.0002342500 1 2 2 1 0 2 3 3 
0.0000338125 1 2 2 1 0 3 0 3 
0.0002101250 1 2 2 1 0 3 1 0 
0.0000464375 1 2 2 1 0 3 2 2 
0.0000081875 1 2 2 1 0 3 3 0 
0.0002395000 1 2 2 1 1 0 0 1 
0.0001530000 1 2 2 1 1 0 2 0 
0.0000470000 1 2 2 1 1 0 2 1 
0.0001319375 1 2 2 1 1 0 3 2 
0.0000170000 1 2 2 1 1 1 0 2 
0.0001168125 1 2 2 1 1 1 0 3 
0.0001237500 1 2 2 1 1 1 2 2 
0.0001278750 1 2 2 1 1 1 3 0 
0.0001455000 1 2 2 1 1 1 3 1 
0.0000124375 1 2 2 1 1 2 0 0 
0.0001491250 1 2 2 1 1 2 0 1 
0.0000801250 1 2 2 1 1 2 1 2 
0.0001520625 1 2 2 1 1 2 1 3 
0.0001822500 1 2 2 1 1 2 2 1 
0.0001043125 1 2 2 1 1 2 3 2 
0.0001366250 1 2 2 1 1 2 3 3 
0.0001551875 1 2 2 1 1 3 0 3 
0.0002411875 1 2 2 1 1 3 1 0 
0.0001433750 1 2 2 1 1 3 1 1 
0.0000938750 1 2 2 1 1 3 3 0 
0.0001208750 1 2 2 1 2 0 0 2 
0.0001008750 1 2 2 1 2 0 2 3 
0.0000923750 1 2 2 1 2 0 3 0 
0.0000458750 1 2 2 1 2 2 0 2 
0.0000634375 1 2 2 1 2 2 0 3 
0.0001052500 1 2 2 1 2 2 3 0 
0.0000041250 1 2 2 1 2 2 3 1 
0.0001956250 1 2 2 1 2 3 0 0 
0.0000781875 1 2 2 1 2 3 1 3 
0.0001818125 1 2 2 1 2 3 2 1 
0.0000358750 1 2 2 1 2 3 3 2 
0.0002338750 1 2 2 1 2 3 3 3 
0.0001423125 1 2 2 1 3 0 0 2 
0.0000538125 1 2 2 1 3 0 0 3 
0.0000014375 1 2 2 1 3 0 1 0 
0.0001456875 1 2 2 1 3 0 1 1 
0.0001401875 1 2 2 1 3 0 2 2 
0.0001669375 1 2 2 1 3 0 2 3 
0.0002200000 1 2 2 1 3 0 3 0 
0.0001405625 1 2 2 1 3 1 0 0 
0.0000232500 1 2 2 1 3 1 0 1 
0.0000548750 1 2 2 1 3 1 1 3 
0.0001260000 1 2 2 1 3 1 2 1 
0.0002042500 1 2 2 1 3 1 3 2 
0.0001875625 1 2 2 1 3 1 3 3 
0.0000976250 1 2 2 1 3 2 0 2 
0.0001772500 1 2 2 1 3 2 0 3 
0.0001218750 1 2 2 1 3 2 2 3 
0.0000801875 1 2 2 1 3 2 3 0 
0.0001794375 1 2 2 1 3 2 3 1 
0.0000089375 1 2 2 1 3 3 0 0 
0.0001933750 1 2 2 1 3 3 0 1 
0.0000443125 1 2 2 1 3 3 2 0 
0.0000235625 1 2 2 1 3 3 3 2 
0.0001531875 1 2 2 1 3 3 3 3 
0.0000841250 1 2 2 2 0 0 0 0 
0.0001855000 1 2 2 2 0 0 1 1 
0.0001639375 1 2 2 2 0 0 1 3 
0.0001936875 1 2 2 2 0 0 3 3 
0.0002105000 1 2 2 2 0 1 0 1 
0.0000415000 1 2 2 2 0 1 1 0 
0.0002388125 1 2 2 2 0 1 1 2 
0.0002187500 1 2 2 2 0 1 2 1 
0.0000475625 1 2 2 2 0 1 3 0 
0.0001655625 1 2 2 2 0 1 3 2 
0.0000835000 1 2 2 2 0 2 0 2 
0.0000718750 1 2 2 2 0 2 1 1 
0.0002136875 1 2 2 2 0 2 2 0 
0.0000268125 1 2 2 2 0 2 2 2 
0.0001093125 1 2 2 2 0 2 3 1 
0.0001235000 1 2 2 2 0 3 0 1 
0.0000356875 1 2 2 2 0 3 3 0 
0.0002218750 1 2 2 2 1 0 0 0 
0.0002395000 1 2 2 2 1 0 0 2 
0.0000911250 1 2 2 2 1 0 1 1 
0.0000240000 1 2 2 2 1 0 1 3 
0.0000470000 1 2 2 2 1 0 2 2 
0.0000193750 1 2 2 2 1 1 3 0 
0.0001455000 1 2 2 2 1 1 3 2 
0.0001491250 1 2 2 2 1 2 0 2 
0.0000637500 1 2 2 2 1 2 2 0 
0.0001822500 1 2 2 2 1 2 2 2 
0.0002124375 1 2 2 2 1 3 0 1 
0.0000828125 1 2 2 2 1 3 0 3 
0.0001433750 1 2 2 2 1 3 1 2 
0.0002170625 1 2 2 2 1 3 2 1 
0.0000870625 1 2 2 2 1 3 3 0 
0.0000316875 1 2 2 2 2 0 0 3 
0.0001676875 1 2 2 2 2 0 1 0 
0.0001768750 1 2 2 2 2 0 2 1 
0.0000568750 1 2 2 2 2 0 2 3 
0.0001093750 1 2 2 2 2 0 3 0 
0.0000650625 1 2 2 2 2 1 0 0 
0.0000728125 1 2 2 2 2 1 1 1 
0.0001705000 1 2 2 2 2 1 3 1 
0.0002313750 1 2 2 2 2 1 3 3 
0.0002384375 1 2 2 2 2 2 0 3 
0.0001862500 1 2 2 2 2 2 1 0 
0.0000135000 1 2 2 2 2 2 2 1 
0.0000728125 1 2 2 2 2 2 3 0 
0.0000041250 1 2 2 2 2 2 3 2 
0.0002048750 1 2 2 2 2 3 1 1 
0.0001818125 1 2 2 2 2 3 2 2 
0.0002360625 1 2 2 2 3 0 0 3 
0.0001878125 1 2 2 2 3 0 1 0 
0.0001456875 1 2 2 2 3 0 1 2 
0.0001890000 1 2 2 2 3 0 3 0 
0.0001271875 1 2 2 2 3 1 0 0 
0.0000232500 1 2 2 2 3 1 0 2 
0.0001999375 1 2 2 2 3 1 1 1 
0.0001363125 1 2 2 2 3 1 1 3 
0.0001260000 1 2 2 2 3 1 2 2 
0.0001496875 1 2 2 2 3 2 2 1 
0.0002233750 1 2 2 2 3 2 3 0 
0.0001794375 1 2 2 2 3 2 3 2 
0.0000806250 1 2 2 2 3 3 0 0 
0.0001933750 1 2 2 2 3 3 0 2 
0.0000656250 1 2 2 2 3 3 1 1 
0.0001423750 1 2 2 2 3 3 1 3 
0.0000688750 1 2 2 3 0 0 1 1 
0.0000105625 1 2 2 3 0 0 2 0 
0.0002415625 1 2 2 3 0 0 3 1 
0.0000754375 1 2 2 3 0 1 0 1 
0.0001510625 1 2 2 3 0 1 0 2 
0.0002388125 1 2 2 3 0 1 1 3 
0.0001494375 1 2 2 3 0 1 2 1 
0.0000863125 1 2 2 3 0 1 2 2 
0.0002290625 1 2 2 3 0 1 3 0 
0.0001655625 1 2 2 3 0 1 3 3 
0.0001650625 1 2 2 3 0 2 0 0 
0.0000835000 1 2 2 3 0 2 0 3 
0.0001411875 1 2 2 3 0 2 1 1 
0.0000171250 1 2 2 3 0 2 1 2 
0.0000268125 1 2 2 3 0 2 2 3 
0.0002010625 1 2 2 3 0 2 3 2 
0.0001141250 1 2 2 3 0 3 0 2 
0.0001753750 1 2 2 3 0 3 1 0 
0.0002239375 1 2 2 3 0 3 2 1 
0.0000513125 1 2 2 3 0 3 2 2 
0.0000641250 1 2 2 3 1 0 0 0 
0.0002395000 1 2 2 3 1 0 0 3 
0.0002126875 1 2 2 3 1 0 1 1 
0.0000752500 1 2 2 3 1 0 2 0 
0.0000470000 1 2 2 3 1 0 2 3 
0.0001465625 1 2 2 3 1 0 3 1 
0.0002325000 1 2 2 3 1 0 3 2 
0.0001177500 1 2 2 3 1 1 0 2 
0.0000733750 1 2 2 3 1 1 1 0 
0.0001998125 1 2 2 3 1 1 2 1 
0.0002296250 1 2 2 3 1 1 2 2 
0.0000666250 1 2 2 3 1 1 3 0 
0.0001455000 1 2 2 3 1 1 3 3 
0.0001302500 1 2 2 3 1 2 0 0 
0.0001491250 1 2 2 3 1 2 0 3 
0.0000194375 1 2 2 3 1 2 1 2 
0.0001822500 1 2 2 3 1 2 2 3 
0.0001372500 1 2 2 3 1 2 3 2 
0.0001433750 1 2 2 3 1 3 1 3 
0.0001568125 1 2 2 3 1 3 2 1 
0.0002392500 1 2 2 3 1 3 2 2 
0.0000081250 1 2 2 3 1 3 3 0 
0.0001877500 1 2 2 3 2 0 0 1 
0.0001128750 1 2 2 3 2 1 1 1 
0.0000257500 1 2 2 3 2 1 1 2 
0.0000190625 1 2 2 3 2 1 3 1 
0.0001574375 1 2 2 3 2 2 1 0 
0.0000071875 1 2 2 3 2 2 2 1 
0.0002014375 1 2 2 3 2 2 2 2 
0.0002091250 1 2 2 3 2 2 3 0 
0.0000041250 1 2 2 3 2 2 3 3 
0.0001128125 1 2 2 3 2 3 1 2 
0.0000768750 1 2 2 3 2 3 2 0 
0.0001818125 1 2 2 3 2 3 2 3 
0.0000641250 1 2 2 3 2 3 3 2 
0.0002154375 1 2 2 3 3 0 1 0 
0.0001456875 1 2 2 3 3 0 1 3 
0.0001603750 1 2 2 3 3 0 2 2 
0.0002287500 1 2 2 3 3 1 0 0 
0.0000232500 1 2 2 3 3 1 0 3 
0.0001260000 1 2 2 3 3 1 2 3 
0.0002289375 1 2 2 3 3 1 3 2 
0.0000035000 1 2 2 3 3 2 0 2 
0.0002394375 1 2 2 3 3 2 1 0 
0.0001616250 1 2 2 3 3 2 2 2 
0.0001794375 1 2 2 3 3 2 3 3 
0.0001933750 1 2 2 3 3 3 0 3 
0.0001385000 1 2 2 3 3 3 1 1 
0.0002308750 1 2 2 3 3 3 3 2 
0.0001998750 1 2 3 0 0 0 0 0 
0.0001639375 1 2 3 0 0 0 0 1 
0.0000688750 1 2 3 0 0 0 0 2 
0.0000661250 1 2 3 0 0 0 3 1 
0.0000105625 1 2 3 0 0 0 3 3 
0.0000754375 1 2 3 0 0 1 1 2 
0.0002013125 1 2 3 0 0 1 2 1 
0.0000026250 1 2 3 0 0 2 0 0 
0.0001411875 1 2 3 0 0 2 0 2 
0.0000268125 1 2 3 0 0 2 3 0 
0.0002136875 1 2 3 0 0 2 3 2 
0.0000303125 1 2 3 0 0 3 1 0 
0.0000704375 1 2 3 0 0 3 2 0 
0.0000566250 1 2 3 0 0 3 2 3 
0.0000941875 1 2 3 0 1 0 0 0 
0.0000240000 1 2 3 0 1 0 0 1 
0.0002126875 1 2 3 0 1 0 0 2 
0.0000470000 1 2 3 0 1 0 3 0 
0.0001530000 1 2 3 0 1 0 3 1 
0.0000752500 1 2 3 0 1 0 3 3 
0.0000170000 1 2 3 0 1 1 1 3 
0.0000354375 1 2 3 0 1 2 0 0 
0.0000801250 1 2 3 0 1 2 0 3 
0.0001822500 1 2 3 0 1 2 3 0 
0.0000637500 1 2 3 0 1 2 3 2 
0.0000828125 1 2 3 0 1 3 1 1 
0.0001326250 1 2 3 0 1 3 2 0 
0.0000316875 1 2 3 0 2 0 1 1 
0.0001877500 1 2 3 0 2 0 1 2 
0.0001208750 1 2 3 0 2 0 1 3 
0.0001111875 1 2 3 0 2 0 2 0 
0.0001899375 1 2 3 0 2 0 2 3 
0.0001128750 1 2 3 0 2 1 0 2 
0.0001311250 1 2 3 0 2 2 1 0 
0.0002384375 1 2 3 0 2 2 1 1 
0.0000458750 1 2 3 0 2 2 1 3 
0.0001818125 1 2 3 0 2 3 3 0 
0.0000768750 1 2 3 0 2 3 3 3 
0.0001483750 1 2 3 0 3 0 1 0 
0.0002360625 1 2 3 0 3 0 1 1 
0.0001423125 1 2 3 0 3 0 1 3 
0.0001988125 1 2 3 0 3 0 2 0 
0.0000525000 1 2 3 0 3 0 2 3 
0.0001465000 1 2 3 0 3 1 0 0 
0.0001363125 1 2 3 0 3 1 0 1 
0.0001260000 1 2 3 0 3 1 3 0 
0.0000976250 1 2 3 0 3 2 1 3 
0.0001568750 1 2 3 0 3 2 2 3 
0.0001423750 1 2 3 0 3 3 0 1 
0.0001385000 1 2 3 0 3 3 0 2 
0.0000443125 1 2 3 0 3 3 3 1 
0.0001639375 1 2 3 1 0 0 0 0 
0.0001998750 1 2 3 1 0 0 0 1 
0.0002188750 1 2 3 1 0 0 1 2 
0.0000841250 1 2 3 1 0 0 1 3 
0.0002415625 1 2 3 1 0 0 2 3 
0.0000661250 1 2 3 1 0 0 3 0 
0.0001346875 1 2 3 1 0 1 0 2 
0.0000415000 1 2 3 1 0 1 0 3 
0.0002013125 1 2 3 1 0 1 2 0 
0.0000026250 1 2 3 1 0 2 0 1 
0.0001093125 1 2 3 1 0 2 2 2 
0.0000268125 1 2 3 1 0 2 3 1 
0.0000303125 1 2 3 1 0 3 1 1 
0.0000704375 1 2 3 1 0 3 2 1 
0.0000464375 1 2 3 1 0 3 3 2 
0.0000240000 1 2 3 1 1 0 0 0 
0.0000941875 1 2 3 1 1 0 0 1 
0.0002218750 1 2 3 1 1 0 1 3 
0.0001465625 1 2 3 1 1 0 2 3 
0.0001530000 1 2 3 1 1 0 3 0 
0.0000470000 1 2 3 1 1 0 3 1 
0.0001237500 1 2 3 1 1 1 3 2 
0.0000354375 1 2 3 1 1 2 0 1 
0.0001822500 1 2 3 1 1 2 3 1 
0.0000308125 1 2 3 1 1 3 0 2 
0.0000828125 1 2 3 1 1 3 1 0 
0.0001326250 1 2 3 1 1 3 2 1 
0.0001209375 1 2 3 1 2 0 0 2 
0.0001676875 1 2 3 1 2 0 0 3 
0.0000316875 1 2 3 1 2 0 1 0 
0.0001111875 1 2 3 1 2 0 2 1 
0.0001008750 1 2 3 1 2 0 3 3 
0.0001140000 1 2 3 1 2 1 1 2 
0.0000650625 1 2 3 1 2 1 1 3 
0.0001705000 1 2 3 1 2 1 2 2 
0.0000190625 1 2 3 1 2 1 2 3 
0.0001862500 1 2 3 1 2 2 0 3 
0.0002384375 1 2 3 1 2 2 1 0 
0.0001311250 1 2 3 1 2 2 1 1 
0.0002018125 1 2 3 1 2 3 1 2 
0.0001818125 1 2 3 1 2 3 3 1 
0.0001878125 1 2 3 1 3 0 0 3 
0.0002360625 1 2 3 1 3 0 1 0 
0.0001483750 1 2 3 1 3 0 1 1 
0.0001988125 1 2 3 1 3 0 2 1 
0.0001401875 1 2 3 1 3 0 3 2 
0.0001669375 1 2 3 1 3 0 3 3 
0.0001363125 1 2 3 1 3 1 0 0 
0.0001465000 1 2 3 1 3 1 0 1 
0.0001271875 1 2 3 1 3 1 1 3 
0.0001260000 1 2 3 1 3 1 3 1 
0.0001218750 1 2 3 1 3 2 3 3 
0.0001423750 1 2 3 1 3 3 0 0 
0.0001729375 1 2 3 1 3 3 1 2 
0.0000806250 1 2 3 1 3 3 1 3 
0.0000443125 1 2 3 1 3 3 3 0 
0.0000688750 1 2 3 2 0 0 0 0 
0.0001998750 1 2 3 2 0 0 0 2 
0.0001109375 1 2 3 2 0 0 1 3 
0.0000527500 1 2 3 2 0 0 2 1 
0.0000754375 1 2 3 2 0 1 1 0 
0.0002187500 1 2 3 2 0 1 3 1 
0.0001411875 1 2 3 2 0 2 0 0 
0.0000026250 1 2 3 2 0 2 0 2 
0.0001650625 1 2 3 2 0 2 1 1 
0.0002349375 1 2 3 2 0 2 1 3 
0.0002010625 1 2 3 2 0 2 2 3 
0.0002136875 1 2 3 2 0 2 3 0 
0.0000268125 1 2 3 2 0 2 3 2 
0.0001753750 1 2 3 2 0 3 0 1 
0.0000303125 1 2 3 2 0 3 1 2 
0.0000704375 1 2 3 2 0 3 2 2 
0.0002126875 1 2 3 2 1 0 0 0 
0.0000941875 1 2 3 2 1 0 0 2 
0.0000641250 1 2 3 2 1 0 1 1 
0.0000193750 1 2 3 2 1 0 1 3 
0.0001319375 1 2 3 2 1 0 2 1 
0.0002325000 1 2 3 2 1 0 2 3 
0.0000470000 1 2 3 2 1 0 3 2 
0.0000733750 1 2 3 2 1 1 0 1 
0.0000299375 1 2 3 2 1 1 0 3 
0.0000354375 1 2 3 2 1 2 0 2 
0.0001302500 1 2 3 2 1 2 1 1 
0.0001043125 1 2 3 2 1 2 2 1 
0.0001372500 1 2 3 2 1 2 2 3 
0.0000637500 1 2 3 2 1 2 3 0 
0.0001822500 1 2 3 2 1 2 3 2 
0.0001326250 1 2 3 2 1 3 2 2 
0.0002170625 1 2 3 2 1 3 3 1 
0.0001919375 1 2 3 2 2 0 0 3 
0.0001877500 1 2 3 2 2 0 1 0 
0.0001111875 1 2 3 2 2 0 2 2 
0.0001768750 1 2 3 2 2 0 3 1 
0.0000568750 1 2 3 2 2 0 3 3 
0.0001128750 1 2 3 2 2 1 0 0 
0.0001678750 1 2 3 2 2 1 1 3 
0.0001574375 1 2 3 2 2 2 0 1 
0.0002147500 1 2 3 2 2 2 0 3 
0.0001311250 1 2 3 2 2 2 1 2 
0.0000135000 1 2 3 2 2 2 3 1 
0.0000358750 1 2 3 2 2 3 2 1 
0.0000641250 1 2 3 2 2 3 2 3 
0.0001818125 1 2 3 2 2 3 3 2 
0.0002154375 1 2 3 2 3 0 0 1 
0.0001483750 1 2 3 2 3 0 1 2 
0.0001988125 1 2 3 2 3 0 2 2 
0.0001465000 1 2 3 2 3 1 0 2 
0.0002287500 1 2 3 2 3 1 1 1 
0.0002042500 1 2 3 2 3 1 2 1 
0.0002289375 1 2 3 2 3 1 2 3 
0.0001260000 1 2 3 2 3 1 3 2 
0.0002394375 1 2 3 2 3 2 0 1 
0.0002176250 1 2 3 2 3 2 0 3 
0.0001496875 1 2 3 2 3 2 3 1 
0.0001385000 1 2 3 2 3 3 0 0 
0.0000235625 1 2 3 2 3 3 2 1 
0.0002308750 1 2 3 2 3 3 2 3 
0.0001998750 1 2 3 3 0 0 0 3 
0.0001936875 1 2 3 3 0 0 2 2 
0.0000105625 1 2 3 3 0 0 3 0 
0.0000020000 1 2 3 3 0 1 0 2 
0.0001494375 1 2 3 3 0 1 3 1 
0.0000863125 1 2 3 3 0 1 3 2 
0.0000026250 1 2 3 3 0 2 0 3 
0.0001898750 1 2 3 3 0 2 1 1 
0.0002342500 1 2 3 3 0 2 2 1 
0.0000268125 1 2 3 3 0 2 3 3 
0.0000420000 1 2 3 3 0 3 0 1 
0.0002101250 1 2 3 3 0 3 0 2 
0.0000303125 1 2 3 3 0 3 1 3 
0.0000566250 1 2 3 3 0 3 2 0 
0.0000704375 1 2 3 3 0 3 2 3 
0.0002239375 1 2 3 3 0 3 3 1 
0.0000513125 1 2 3 3 0 3 3 2 
0.0000941875 1 2 3 3 1 0 0 3 
0.0000752500 1 2 3 3 1 0 3 0 
0.0000470000 1 2 3 3 1 0 3 3 
0.0001675000 1 2 3 3 1 1 0 1 
0.0000170000 1 2 3 3 1 1 1 0 
0.0001998125 1 2 3 3 1 1 3 1 
0.0002296250 1 2 3 3 1 1 3 2 
0.0000801250 1 2 3 3 1 2 0 0 
0.0000354375 1 2 3 3 1 2 0 3 
0.0000955000 1 2 3 3 1 2 1 1 
0.0000124375 1 2 3 3 1 2 1 2 
0.0001366250 1 2 3 3 1 2 2 1 
0.0001822500 1 2 3 3 1 2 3 3 
0.0000563125 1 2 3 3 1 3 0 1 
0.0002411875 1 2 3 3 1 3 0 2 
0.0001326250 1 2 3 3 1 3 2 3 
0.0001568125 1 2 3 3 1 3 3 1 
0.0002392500 1 2 3 3 1 3 3 2 
0.0001208750 1 2 3 3 2 0 1 0 
0.0001899375 1 2 3 3 2 0 2 0 
0.0001111875 1 2 3 3 2 0 2 3 
0.0002313750 1 2 3 3 2 1 2 2 
0.0000458750 1 2 3 3 2 2 1 0 
0.0001311250 1 2 3 3 2 2 1 3 
0.0000071875 1 2 3 3 2 2 3 1 
0.0002014375 1 2 3 3 2 2 3 2 
0.0000059375 1 2 3 3 2 3 1 1 
0.0001956250 1 2 3 3 2 3 1 2 
0.0002338750 1 2 3 3 2 3 2 1 
0.0000768750 1 2 3 3 2 3 3 0 
0.0001818125 1 2 3 3 2 3 3 3 
0.0000014375 1 2 3 3 3 0 0 2 
0.0001423125 1 2 3 3 3 0 1 0 
0.0001483750 1 2 3 3 3 0 1 3 
0.0000525000 1 2 3 3 3 0 2 0 
0.0001988125 1 2 3 3 3 0 2 3 
0.0001603750 1 2 3 3 3 0 3 2 
0.0001465000 1 2 3 3 3 1 0 3 
0.0001405625 1 2 3 3 3 1 1 2 
0.0001875625 1 2 3 3 3 1 2 1 
0.0001260000 1 2 3 3 3 1 3 3 
0.0000210625 1 2 3 3 3 2 0 1 
0.0000976250 1 2 3 3 3 2 1 0 
0.0001568750 1 2 3 3 3 2 2 0 
0.0001616250 1 2 3 3 3 2 3 2 
0.0000089375 1 2 3 3 3 3 1 2 
0.0001531875 1 2 3 3 3 3 2 1 
0.0000426250 1 3 0 0 0 0 0 0 
0.0001494375 1 3 0 0 0 0 0 2 
0.0001655625 1 3 0 0 0 0 1 0 
0.0000475625 1 3 0 0 0 0 1 2 
0.0002290625 1 3 0 0 0 0 1 3 
0.0000754375 1 3 0 0 0 0 2 2 
0.0001346875 1 3 0 0 0 0 3 3 
0.0000268125 1 3 0 0 0 3 0 0 
0.0002136875 1 3 0 0 0 3 0 2 
0.0001088125 1 3 0 0 0 3 1 0 
0.0002010625 1 3 0 0 0 3 1 1 
0.0002342500 1 3 0 0 0 3 1 2 
0.0001093125 1 3 0 0 0 3 1 3 
0.0000835000 1 3 0 0 0 3 2 0 
0.0001650625 1 3 0 0 0 3 2 3 
0.0000026250 1 3 0 0 0 3 3 0 
0.0001411875 1 3 0 0 0 3 3 2 
0.0001998125 1 3 0 0 1 0 0 2 
0.0001237500 1 3 0 0 1 0 0 3 
0.0001455000 1 3 0 0 1 0 1 0 
0.0001278750 1 3 0 0 1 0 1 1 
0.0000193750 1 3 0 0 1 0 1 2 
0.0000666250 1 3 0 0 1 0 1 3 
0.0000170000 1 3 0 0 1 0 2 3 
0.0000436250 1 3 0 0 1 0 3 0 
0.0000299375 1 3 0 0 1 0 3 1 
0.0001675000 1 3 0 0 1 0 3 2 
0.0001822500 1 3 0 0 1 3 0 0 
0.0000637500 1 3 0 0 1 3 0 2 
0.0001372500 1 3 0 0 1 3 1 1 
0.0001366250 1 3 0 0 1 3 1 2 
0.0001491250 1 3 0 0 1 3 2 0 
0.0000124375 1 3 0 0 1 3 2 1 
0.0001302500 1 3 0 0 1 3 2 3 
0.0000354375 1 3 0 0 1 3 3 0 
0.0000801250 1 3 0 0 1 3 3 3 
0.0000151250 1 3 0 0 2 1 0 0 
0.0000568750 1 3 0 0 2 1 0 1 
0.0000923750 1 3 0 0 2 1 1 1 
0.0001093750 1 3 0 0 2 1 1 2 
0.0000316875 1 3 0 0 2 1 2 1 
0.0001877500 1 3 0 0 2 1 2 2 
0.0001208750 1 3 0 0 2 1 2 3 
0.0000738125 1 3 0 0 2 1 3 0 
0.0001919375 1 3 0 0 2 1 3 1 
0.0001209375 1 3 0 0 2 1 3 3 
0.0000151875 1 3 0 0 2 2 0 1 
0.0000730000 1 3 0 0 2 2 0 2 
0.0000358750 1 3 0 0 2 2 1 3 
0.0001466875 1 3 0 0 2 2 2 0 
0.0000059375 1 3 0 0 2 2 2 2 
0.0002018125 1 3 0 0 2 2 2 3 
0.0000438125 1 3 0 0 2 2 3 0 
0.0001128125 1 3 0 0 2 2 3 1 
0.0000781875 1 3 0 0 2 2 3 2 
0.0002048750 1 3 0 0 2 2 3 3 
0.0001401875 1 3 0 0 3 1 0 3 
0.0002200000 1 3 0 0 3 1 1 1 
0.0001890000 1 3 0 0 3 1 1 2 
0.0001483750 1 3 0 0 3 1 2 0 
0.0002360625 1 3 0 0 3 1 2 1 
0.0001423125 1 3 0 0 3 1 2 3 
0.0000923125 1 3 0 0 3 2 0 0 
0.0000168125 1 3 0 0 3 2 0 2 
0.0002422500 1 3 0 0 3 2 0 3 
0.0001227500 1 3 0 0 3 2 1 0 
0.0000235625 1 3 0 0 3 2 1 3 
0.0001729375 1 3 0 0 3 2 2 3 
0.0000499375 1 3 0 0 3 2 3 0 
0.0000656250 1 3 0 0 3 2 3 3 
0.0000426250 1 3 0 1 0 0 0 1 
0.0001655625 1 3 0 1 0 0 1 1 
0.0000527500 1 3 0 1 0 1 1 2 
0.0002188750 1 3 0 1 0 1 2 2 
0.0000841250 1 3 0 1 0 1 2 3 
0.0001855000 1 3 0 1 0 1 3 2 
0.0000688750 1 3 0 1 0 1 3 3 
0.0002239375 1 3 0 1 0 2 0 3 
0.0000566250 1 3 0 1 0 2 1 2 
0.0000356875 1 3 0 1 0 2 1 3 
0.0001235000 1 3 0 1 0 2 2 2 
0.0001753750 1 3 0 1 0 2 3 2 
0.0000420000 1 3 0 1 0 2 3 3 
0.0000268125 1 3 0 1 0 3 0 1 
0.0002010625 1 3 0 1 0 3 1 0 
0.0001088125 1 3 0 1 0 3 1 1 
0.0000835000 1 3 0 1 0 3 2 1 
0.0000026250 1 3 0 1 0 3 3 1 
0.0001278750 1 3 0 1 1 0 1 0 
0.0001455000 1 3 0 1 1 0 1 1 
0.0000299375 1 3 0 1 1 0 3 0 
0.0000436250 1 3 0 1 1 0 3 1 
0.0001319375 1 3 0 1 1 1 1 2 
0.0002218750 1 3 0 1 1 1 2 3 
0.0000911250 1 3 0 1 1 1 3 2 
0.0002126875 1 3 0 1 1 1 3 3 
0.0002170625 1 3 0 1 1 2 0 2 
0.0001568125 1 3 0 1 1 2 0 3 
0.0000870625 1 3 0 1 1 2 1 3 
0.0002124375 1 3 0 1 1 2 2 2 
0.0000563125 1 3 0 1 1 2 3 3 
0.0001822500 1 3 0 1 1 3 0 1 
0.0001372500 1 3 0 1 1 3 1 0 
0.0000124375 1 3 0 1 1 3 2 0 
0.0001491250 1 3 0 1 1 3 2 1 
0.0000354375 1 3 0 1 1 3 3 1 
0.0000758125 1 3 0 1 2 0 0 2 
0.0001140000 1 3 0 1 2 0 2 2 
0.0000650625 1 3 0 1 2 0 2 3 
0.0000728125 1 3 0 1 2 0 3 2 
0.0001128750 1 3 0 1 2 0 3 3 
0.0000568750 1 3 0 1 2 1 0 0 
0.0000151250 1 3 0 1 2 1 0 1 
0.0000923750 1 3 0 1 2 1 1 0 
0.0000316875 1 3 0 1 2 1 2 0 
0.0001919375 1 3 0 1 2 1 3 0 
0.0000738125 1 3 0 1 2 1 3 1 
0.0000151875 1 3 0 1 2 2 0 0 
0.0001466875 1 3 0 1 2 2 2 1 
0.0001128125 1 3 0 1 2 2 3 0 
0.0000438125 1 3 0 1 2 2 3 1 
0.0002091250 1 3 0 1 2 3 1 2 
0.0000458750 1 3 0 1 2 3 2 2 
0.0000634375 1 3 0 1 2 3 2 3 
0.0001862500 1 3 0 1 2 3 3 3 
0.0001830000 1 3 0 1 3 0 0 2 
0.0002042500 1 3 0 1 3 0 1 2 
0.0001875625 1 3 0 1 3 0 1 3 
0.0001271875 1 3 0 1 3 0 2 3 
0.0001999375 1 3 0 1 3 0 3 2 
0.0002200000 1 3 0 1 3 1 1 0 
0.0002360625 1 3 0 1 3 1 2 0 
0.0001483750 1 3 0 1 3 1 2 1 
0.0000923125 1 3 0 1 3 2 0 1 
0.0001227500 1 3 0 1 3 2 1 1 
0.0000499375 1 3 0 1 3 2 3 1 
0.0001218750 1 3 0 1 3 3 0 3 
0.0000976250 1 3 0 1 3 3 2 2 
0.0001772500 1 3 0 1 3 3 2 3 
0.0001494375 1 3 0 2 0 0 0 0 
0.0000426250 1 3 0 2 0 0 0 2 
0.0000475625 1 3 0 2 0 0 1 0 
0.0001655625 1 3 0 2 0 0 1 2 
0.0000754375 1 3 0 2 0 0 2 0 
0.0000105625 1 3 0 2 0 1 0 1 
0.0001936875 1 3 0 2 0 1 1 3 
0.0001109375 1 3 0 2 0 1 2 3 
0.0000464375 1 3 0 2 0 2 0 1 
0.0000513125 1 3 0 2 0 2 0 3 
0.0001141250 1 3 0 2 0 2 2 3 
0.0002101250 1 3 0 2 0 2 3 3 
0.0002136875 1 3 0 2 0 3 0 0 
0.0000268125 1 3 0 2 0 3 0 2 
0.0002342500 1 3 0 2 0 3 1 0 
0.0001088125 1 3 0 2 0 3 1 2 
0.0000835000 1 3 0 2 0 3 2 2 
0.0001411875 1 3 0 2 0 3 3 0 
0.0000026250 1 3 0 2 0 3 3 2 
0.0001998125 1 3 0 2 1 0 0 0 
0.0000193750 1 3 0 2 1 0 1 0 
0.0001455000 1 3 0 2 1 0 1 2 
0.0001675000 1 3 0 2 1 0 3 0 
0.0000436250 1 3 0 2 1 0 3 2 
0.0000752500 1 3 0 2 1 1 0 1 
0.0000641250 1 3 0 2 1 1 2 1 
0.0000193750 1 3 0 2 1 1 2 3 
0.0002392500 1 3 0 2 1 2 0 3 
0.0000081250 1 3 0 2 1 2 1 1 
0.0000308125 1 3 0 2 1 2 3 1 
0.0002411875 1 3 0 2 1 2 3 3 
0.0000637500 1 3 0 2 1 3 0 0 
0.0001822500 1 3 0 2 1 3 0 2 
0.0001366250 1 3 0 2 1 3 1 0 
0.0001491250 1 3 0 2 1 3 2 2 
0.0000354375 1 3 0 2 1 3 3 2 
0.0000102500 1 3 0 2 2 0 0 3 
0.0001705000 1 3 0 2 2 0 1 1 
0.0002313750 1 3 0 2 2 0 1 3 
0.0001678750 1 3 0 2 2 0 2 3 
0.0000257500 1 3 0 2 2 0 3 3 
0.0000151250 1 3 0 2 2 1 0 2 
0.0001093750 1 3 0 2 2 1 1 0 
0.0001877500 1 3 0 2 2 1 2 0 
0.0000738125 1 3 0 2 2 1 3 2 
0.0000730000 1 3 0 2 2 2 0 0 
0.0000059375 1 3 0 2 2 2 2 0 
0.0001466875 1 3 0 2 2 2 2 2 
0.0000781875 1 3 0 2 2 2 3 0 
0.0000438125 1 3 0 2 2 2 3 2 
0.0000135000 1 3 0 2 2 3 0 1 
0.0001052500 1 3 0 2 2 3 1 3 
0.0002384375 1 3 0 2 2 3 2 3 
0.0001574375 1 3 0 2 2 3 3 1 
0.0002147500 1 3 0 2 2 3 3 3 
0.0002295625 1 3 0 2 3 0 0 3 
0.0002287500 1 3 0 2 3 0 2 1 
0.0001890000 1 3 0 2 3 1 1 0 
0.0001483750 1 3 0 2 3 1 2 2 
0.0000168125 1 3 0 2 3 2 0 0 
0.0000923125 1 3 0 2 3 2 0 2 
0.0001227500 1 3 0 2 3 2 1 2 
0.0000499375 1 3 0 2 3 2 3 2 
0.0001496875 1 3 0 2 3 3 0 1 
0.0001568750 1 3 0 2 3 3 1 1 
0.0000801875 1 3 0 2 3 3 1 3 
0.0002394375 1 3 0 2 3 3 3 1 
0.0002176250 1 3 0 2 3 3 3 3 
0.0000426250 1 3 0 3 0 0 0 3 
0.0002290625 1 3 0 3 0 0 1 0 
0.0001655625 1 3 0 3 0 0 1 3 
0.0001346875 1 3 0 3 0 0 3 0 
0.0000900000 1 3 0 3 0 1 0 1 
0.0000661250 1 3 0 3 0 1 0 2 
0.0002415625 1 3 0 3 0 1 1 1 
0.0001639375 1 3 0 3 0 1 3 2 
0.0000081875 1 3 0 3 0 2 1 2 
0.0000338125 1 3 0 3 0 2 2 1 
0.0000268125 1 3 0 3 0 3 0 3 
0.0001093125 1 3 0 3 0 3 1 0 
0.0001088125 1 3 0 3 0 3 1 3 
0.0001650625 1 3 0 3 0 3 2 0 
0.0000835000 1 3 0 3 0 3 2 3 
0.0000026250 1 3 0 3 0 3 3 3 
0.0001237500 1 3 0 3 1 0 0 0 
0.0000666250 1 3 0 3 1 0 1 0 
0.0001455000 1 3 0 3 1 0 1 3 
0.0000170000 1 3 0 3 1 0 2 0 
0.0000436250 1 3 0 3 1 0 3 3 
0.0000395625 1 3 0 3 1 1 0 1 
0.0001530000 1 3 0 3 1 1 0 2 
0.0001465625 1 3 0 3 1 1 1 1 
0.0002325000 1 3 0 3 1 1 1 2 
0.0000240000 1 3 0 3 1 1 3 2 
0.0000938750 1 3 0 3 1 2 1 2 
0.0001551875 1 3 0 3 1 2 2 1 
0.0000828125 1 3 0 3 1 2 2 2 
0.0001822500 1 3 0 3 1 3 0 3 
0.0001302500 1 3 0 3 1 3 2 0 
0.0001491250 1 3 0 3 1 3 2 3 
0.0000801250 1 3 0 3 1 3 3 0 
0.0000354375 1 3 0 3 1 3 3 3 
0.0001116250 1 3 0 3 2 0 0 1 
0.0000190625 1 3 0 3 2 0 1 1 
0.0000151250 1 3 0 3 2 1 0 3 
0.0001208750 1 3 0 3 2 1 2 0 
0.0001209375 1 3 0 3 2 1 3 0 
0.0000738125 1 3 0 3 2 1 3 3 
0.0000358750 1 3 0 3 2 2 1 0 
0.0002018125 1 3 0 3 2 2 2 0 
0.0001466875 1 3 0 3 2 2 2 3 
0.0002048750 1 3 0 3 2 2 3 0 
0.0000438125 1 3 0 3 2 2 3 3 
0.0000071875 1 3 0 3 2 3 0 1 
0.0002014375 1 3 0 3 2 3 0 2 
0.0000728125 1 3 0 3 2 3 1 1 
0.0001250000 1 3 0 3 3 0 0 1 
0.0002289375 1 3 0 3 3 0 1 2 
0.0001405625 1 3 0 3 3 0 2 2 
0.0000548750 1 3 0 3 3 0 3 1 
0.0001363125 1 3 0 3 3 0 3 2 
0.0001401875 1 3 0 3 3 1 0 0 
0.0001423125 1 3 0 3 3 1 2 0 
0.0001483750 1 3 0 3 3 1 2 3 
0.0002422500 1 3 0 3 3 2 0 0 
0.0000923125 1 3 0 3 3 2 0 3 
0.0000235625 1 3 0 3 3 2 1 0 
0.0001227500 1 3 0 3 3 2 1 3 
0.0001729375 1 3 0 3 3 2 2 0 
0.0000656250 1 3 0 3 3 2 3 0 
0.0000499375 1 3 0 3 3 2 3 3 
0.0001616250 1 3 0 3 3 3 0 2 
0.0002233750 1 3 0 3 3 3 1 1 
0.0000035000 1 3 0 3 3 3 2 2 
0.0000210625 1 3 0 3 3 3 3 1 
0.0001655625 1 3 1 0 0 0 0 0 
0.0000475625 1 3 1 0 0 0 0 2 
0.0002290625 1 3 1 0 0 0 0 3 
0.0000426250 1 3 1 0 0 0 1 0 
0.0001494375 1 3 1 0 0 0 1 2 
0.0001855000 1 3 1 0 0 1 2 3 
0.0000841250 1 3 1 0 0 1 3 2 
0.0002101250 1 3 1 0 0 2 2 1 
0.0001753750 1 3 1 0 0 2 2 3 
0.0000303125 1 3 1 0 0 2 3 0 
0.0001088125 1 3 1 0 0 3 0 0 
0.0002010625 1 3 1 0 0 3 0 1 
0.0002342500 1 3 1 0 0 3 0 2 
0.0001093125 1 3 1 0 0 3 0 3 
0.0000268125 1 3 1 0 0 3 1 0 
0.0002136875 1 3 1 0 0 3 1 2 
0.0001455000 1 3 1 0 1 0 0 0 
0.0001278750 1 3 1 0 1 0 0 1 
0.0000193750 1 3 1 0 1 0 0 2 
0.0000666250 1 3 1 0 1 0 0 3 
0.0001998125 1 3 1 0 1 0 1 2 
0.0001237500 1 3 1 0 1 0 1 3 
0.0000911250 1 3 1 0 1 1 2 3 
0.0002395000 1 3 1 0 1 1 3 0 
0.0002218750 1 3 1 0 1 1 3 2 
0.0000641250 1 3 1 0 1 1 3 3 
0.0001433750 1 3 1 0 1 2 2 0 
0.0002411875 1 3 1 0 1 2 2 1 
0.0000828125 1 3 1 0 1 2 3 1 
0.0001372500 1 3 1 0 1 3 0 1 
0.0001366250 1 3 1 0 1 3 0 2 
0.0001822500 1 3 1 0 1 3 1 0 
0.0000637500 1 3 1 0 1 3 1 2 
0.0000885625 1 3 1 0 2 0 2 0 
0.0000257500 1 3 1 0 2 0 2 1 
0.0000728125 1 3 1 0 2 0 2 3 
0.0000650625 1 3 1 0 2 0 3 2 
0.0000923750 1 3 1 0 2 1 0 1 
0.0001093750 1 3 1 0 2 1 0 2 
0.0000151250 1 3 1 0 2 1 1 0 
0.0000568750 1 3 1 0 2 1 1 1 
0.0000358750 1 3 1 0 2 2 0 3 
0.0000151875 1 3 1 0 2 2 1 1 
0.0000730000 1 3 1 0 2 2 1 2 
0.0000842500 1 3 1 0 2 3 2 0 
0.0002147500 1 3 1 0 2 3 2 1 
0.0000634375 1 3 1 0 2 3 3 2 
0.0000548750 1 3 1 0 3 0 2 2 
0.0001999375 1 3 1 0 3 0 2 3 
0.0000232500 1 3 1 0 3 0 3 0 
0.0001405625 1 3 1 0 3 0 3 1 
0.0001271875 1 3 1 0 3 0 3 2 
0.0002287500 1 3 1 0 3 0 3 3 
0.0002200000 1 3 1 0 3 1 0 1 
0.0001890000 1 3 1 0 3 1 0 2 
0.0001401875 1 3 1 0 3 1 1 3 
0.0001227500 1 3 1 0 3 2 0 0 
0.0000235625 1 3 1 0 3 2 0 3 
0.0000923125 1 3 1 0 3 2 1 0 
0.0000168125 1 3 1 0 3 2 1 2 
0.0002422500 1 3 1 0 3 2 1 3 
0.0000321875 1 3 1 0 3 3 2 0 
0.0002176250 1 3 1 0 3 3 2 1 
0.0000210625 1 3 1 0 3 3 2 2 
0.0000193125 1 3 1 0 3 3 3 0 
0.0000035000 1 3 1 0 3 3 3 1 
0.0001772500 1 3 1 0 3 3 3 2 
0.0001655625 1 3 1 1 0 0 0 1 
0.0000426250 1 3 1 1 0 0 1 1 
0.0000527500 1 3 1 1 0 1 0 2 
0.0000566250 1 3 1 1 0 2 0 2 
0.0000356875 1 3 1 1 0 2 0 3 
0.0002239375 1 3 1 1 0 2 1 3 
0.0002101250 1 3 1 1 0 2 2 0 
0.0000303125 1 3 1 1 0 2 3 1 
0.0002010625 1 3 1 1 0 3 0 0 
0.0001088125 1 3 1 1 0 3 0 1 
0.0000268125 1 3 1 1 0 3 1 1 
0.0000718750 1 3 1 1 0 3 2 2 
0.0001411875 1 3 1 1 0 3 2 3 
0.0001650625 1 3 1 1 0 3 3 2 
0.0001898750 1 3 1 1 0 3 3 3 
0.0001278750 1 3 1 1 1 0 0 0 
0.0001455000 1 3 1 1 1 0 0 1 
0.0000733750 1 3 1 1 1 0 2 2 
0.0001675000 1 3 1 1 1 0 2 3 
0.0000170000 1 3 1 1 1 0 3 2 
0.0001168125 1 3 1 1 1 0 3 3 
0.0001319375 1 3 1 1 1 1 0 2 
0.0002395000 1 3 1 1 1 1 3 1 
0.0000870625 1 3 1 1 1 2 0 3 
0.0002170625 1 3 1 1 1 2 1 2 
0.0001568125 1 3 1 1 1 2 1 3 
0.0002411875 1 3 1 1 1 2 2 0 
0.0001433750 1 3 1 1 1 2 2 1 
0.0000828125 1 3 1 1 1 2 3 0 
0.0001372500 1 3 1 1 1 3 0 0 
0.0001822500 1 3 1 1 1 3 1 1 
0.0001302500 1 3 1 1 1 3 3 2 
0.0000955000 1 3 1 1 1 3 3 3 
0.0000758125 1 3 1 1 2 0 1 2 
0.0000257500 1 3 1 1 2 0 2 0 
0.0000885625 1 3 1 1 2 0 2 1 
0.0000923750 1 3 1 1 2 1 0 0 
0.0000568750 1 3 1 1 2 1 1 0 
0.0000151250 1 3 1 1 2 1 1 1 
0.0001208750 1 3 1 1 2 1 3 2 
0.0000151875 1 3 1 1 2 2 1 0 
0.0000781875 1 3 1 1 2 2 2 3 
0.0002018125 1 3 1 1 2 2 3 2 
0.0002091250 1 3 1 1 2 3 0 2 
0.0002147500 1 3 1 1 2 3 2 0 
0.0000842500 1 3 1 1 2 3 2 1 
0.0002042500 1 3 1 1 3 0 0 2 
0.0001875625 1 3 1 1 3 0 0 3 
0.0001830000 1 3 1 1 3 0 1 2 
0.0001405625 1 3 1 1 3 0 3 0 
0.0000232500 1 3 1 1 3 0 3 1 
0.0002200000 1 3 1 1 3 1 0 0 
0.0002154375 1 3 1 1 3 1 2 2 
0.0001423125 1 3 1 1 3 1 3 2 
0.0000538125 1 3 1 1 3 1 3 3 
0.0001227500 1 3 1 1 3 2 0 1 
0.0000923125 1 3 1 1 3 2 1 1 
0.0001729375 1 3 1 1 3 2 3 2 
0.0000806250 1 3 1 1 3 2 3 3 
0.0001218750 1 3 1 1 3 3 1 3 
0.0002176250 1 3 1 1 3 3 2 0 
0.0000321875 1 3 1 1 3 3 2 1 
0.0000035000 1 3 1 1 3 3 3 0 
0.0000193125 1 3 1 1 3 3 3 1 
0.0000475625 1 3 1 2 0 0 0 0 
0.0001655625 1 3 1 2 0 0 0 2 
0.0001494375 1 3 1 2 0 0 1 0 
0.0000426250 1 3 1 2 0 0 1 2 
0.0001346875 1 3 1 2 0 0 2 1 
0.0000020000 1 3 1 2 0 0 2 3 
0.0002105000 1 3 1 2 0 0 3 1 
0.0001936875 1 3 1 2 0 1 0 3 
0.0000105625 1 3 1 2 0 1 1 1 
0.0000841250 1 3 1 2 0 1 3 0 
0.0000464375 1 3 1 2 0 2 1 1 
0.0000513125 1 3 1 2 0 2 1 3 
0.0000303125 1 3 1 2 0 2 3 2 
0.0002342500 1 3 1 2 0 3 0 0 
0.0001088125 1 3 1 2 0 3 0 2 
0.0002136875 1 3 1 2 0 3 1 0 
0.0000268125 1 3 1 2 0 3 1 2 
0.0000171250 1 3 1 2 0 3 2 3 
0.0000193750 1 3 1 2 1 0 0 0 
0.0001455000 1 3 1 2 1 0 0 2 
0.0001998125 1 3 1 2 1 0 1 0 
0.0000752500 1 3 1 2 1 1 1 1 
0.0002218750 1 3 1 2 1 1 3 0 
0.0002395000 1 3 1 2 1 1 3 2 
0.0000081250 1 3 1 2 1 2 0 1 
0.0002392500 1 3 1 2 1 2 1 3 
0.0001433750 1 3 1 2 1 2 2 2 
0.0001366250 1 3 1 2 1 3 0 0 
0.0000637500 1 3 1 2 1 3 1 0 
0.0001822500 1 3 1 2 1 3 1 2 
0.0000801250 1 3 1 2 1 3 2 1 
0.0000194375 1 3 1 2 1 3 2 3 
0.0000124375 1 3 1 2 1 3 3 3 
0.0001705000 1 3 1 2 2 0 0 1 
0.0002313750 1 3 1 2 2 0 0 3 
0.0000102500 1 3 1 2 2 0 1 3 
0.0000885625 1 3 1 2 2 0 2 2 
0.0000650625 1 3 1 2 2 0 3 0 
0.0001093750 1 3 1 2 2 1 0 0 
0.0000151250 1 3 1 2 2 1 1 2 
0.0001209375 1 3 1 2 2 1 2 1 
0.0000316875 1 3 1 2 2 1 3 3 
0.0000730000 1 3 1 2 2 2 1 0 
0.0002048750 1 3 1 2 2 2 2 1 
0.0001052500 1 3 1 2 2 3 0 3 
0.0000135000 1 3 1 2 2 3 1 1 
0.0000842500 1 3 1 2 2 3 2 2 
0.0000634375 1 3 1 2 2 3 3 0 
0.0002295625 1 3 1 2 3 0 1 3 
0.0000548750 1 3 1 2 3 0 2 0 
0.0001271875 1 3 1 2 3 0 3 0 
0.0000232500 1 3 1 2 3 0 3 2 
0.0001890000 1 3 1 2 3 1 0 0 
0.0000014375 1 3 1 2 3 1 2 3 
0.0002360625 1 3 1 2 3 1 3 3 
0.0001227500 1 3 1 2 3 2 0 2 
0.0000168125 1 3 1 2 3 2 1 0 
0.0000923125 1 3 1 2 3 2 1 2 
0.0000656250 1 3 1 2 3 2 2 1 
0.0001423750 1 3 1 2 3 2 2 3 
0.0001568750 1 3 1 2 3 3 0 1 
0.0000801875 1 3 1 2 3 3 0 3 
0.0001496875 1 3 1 2 3 3 1 1 
0.0000210625 1 3 1 2 3 3 2 0 
0.0000321875 1 3 1 2 3 3 2 2 
0.0001772500 1 3 1 2 3 3 3 0 
0.0000193125 1 3 1 2 3 3 3 2 
0.0002290625 1 3 1 3 0 0 0 0 
0.0001655625 1 3 1 3 0 0 0 3 
0.0000426250 1 3 1 3 0 0 1 3 
0.0000415000 1 3 1 3 0 0 2 1 
0.0000754375 1 3 1 3 0 0 3 1 
0.0001510625 1 3 1 3 0 0 3 2 
0.0002415625 1 3 1 3 0 1 0 1 
0.0000900000 1 3 1 3 0 1 1 1 
0.0000661250 1 3 1 3 0 1 1 2 
0.0001855000 1 3 1 3 0 1 2 0 
0.0000081875 1 3 1 3 0 2 0 2 
0.0001753750 1 3 1 3 0 2 2 0 
0.0000303125 1 3 1 3 0 2 3 3 
0.0001093125 1 3 1 3 0 3 0 0 
0.0001088125 1 3 1 3 0 3 0 3 
0.0000268125 1 3 1 3 0 3 1 3 
0.0002349375 1 3 1 3 0 3 3 2 
0.0000666250 1 3 1 3 1 0 0 0 
0.0001455000 1 3 1 3 1 0 0 3 
0.0001237500 1 3 1 3 1 0 1 0 
0.0000299375 1 3 1 3 1 0 2 2 
0.0001177500 1 3 1 3 1 0 3 2 
0.0001465625 1 3 1 3 1 1 0 1 
0.0002325000 1 3 1 3 1 1 0 2 
0.0000395625 1 3 1 3 1 1 1 1 
0.0001530000 1 3 1 3 1 1 1 2 
0.0000911250 1 3 1 3 1 1 2 0 
0.0000641250 1 3 1 3 1 1 3 0 
0.0002395000 1 3 1 3 1 1 3 3 
0.0000938750 1 3 1 3 1 2 0 2 
0.0001433750 1 3 1 3 1 2 2 3 
0.0001822500 1 3 1 3 1 3 1 3 
0.0001520625 1 3 1 3 1 3 2 1 
0.0000190625 1 3 1 3 2 0 0 1 
0.0001116250 1 3 1 3 2 0 1 1 
0.0000728125 1 3 1 3 2 0 2 0 
0.0000885625 1 3 1 3 2 0 2 3 
0.0000151250 1 3 1 3 2 1 1 3 
0.0001676875 1 3 1 3 2 1 2 1 
0.0001919375 1 3 1 3 2 1 2 2 
0.0001877500 1 3 1 3 2 1 3 1 
0.0000358750 1 3 1 3 2 2 0 0 
0.0001128125 1 3 1 3 2 2 2 2 
0.0000059375 1 3 1 3 2 2 3 1 
0.0001956250 1 3 1 3 2 2 3 2 
0.0000728125 1 3 1 3 2 3 0 1 
0.0000071875 1 3 1 3 2 3 1 1 
0.0002014375 1 3 1 3 2 3 1 2 
0.0000842500 1 3 1 3 2 3 2 3 
0.0002289375 1 3 1 3 3 0 0 2 
0.0001250000 1 3 1 3 3 0 1 1 
0.0001999375 1 3 1 3 3 0 2 0 
0.0002287500 1 3 1 3 3 0 3 0 
0.0000232500 1 3 1 3 3 0 3 3 
0.0001401875 1 3 1 3 3 1 1 0 
0.0001878125 1 3 1 3 3 1 2 1 
0.0000235625 1 3 1 3 3 2 0 0 
0.0001227500 1 3 1 3 3 2 0 3 
0.0002422500 1 3 1 3 3 2 1 0 
0.0000923125 1 3 1 3 3 2 1 3 
0.0001385000 1 3 1 3 3 2 2 1 
0.0000089375 1 3 1 3 3 2 3 2 
0.0002233750 1 3 1 3 3 3 0 1 
0.0001616250 1 3 1 3 3 3 1 2 
0.0000321875 1 3 1 3 3 3 2 3 
0.0000193125 1 3 1 3 3 3 3 3 
0.0000754375 1 3 2 0 0 0 0 2 
0.0000426250 1 3 2 0 0 0 2 0 
0.0001494375 1 3 2 0 0 0 2 2 
0.0001998750 1 3 2 0 0 1 1 0 
0.0001639375 1 3 2 0 0 1 1 1 
0.0000688750 1 3 2 0 0 1 1 2 
0.0001936875 1 3 2 0 0 1 3 1 
0.0002415625 1 3 2 0 0 1 3 2 
0.0000527500 1 3 2 0 0 1 3 3 
0.0001456250 1 3 2 0 0 2 1 0 
0.0000420000 1 3 2 0 0 2 1 2 
0.0000704375 1 3 2 0 0 2 3 0 
0.0000566250 1 3 2 0 0 2 3 3 
0.0000835000 1 3 2 0 0 3 0 0 
0.0001650625 1 3 2 0 0 3 0 3 
0.0000268125 1 3 2 0 0 3 2 0 
0.0002136875 1 3 2 0 0 3 2 2 
0.0000170000 1 3 2 0 1 0 0 3 
0.0001998125 1 3 2 0 1 0 2 2 
0.0001237500 1 3 2 0 1 0 2 3 
0.0000941875 1 3 2 0 1 1 1 0 
0.0000240000 1 3 2 0 1 1 1 1 
0.0002126875 1 3 2 0 1 1 1 2 
0.0001465625 1 3 2 0 1 1 3 2 
0.0001319375 1 3 2 0 1 1 3 3 
0.0000563125 1 3 2 0 1 2 1 2 
0.0000308125 1 3 2 0 1 2 1 3 
0.0001326250 1 3 2 0 1 2 3 0 
0.0001491250 1 3 2 0 1 3 0 0 
0.0000124375 1 3 2 0 1 3 0 1 
0.0001302500 1 3 2 0 1 3 0 3 
0.0001822500 1 3 2 0 1 3 2 0 
0.0000637500 1 3 2 0 1 3 2 2 
0.0001128750 1 3 2 0 2 0 1 2 
0.0000059375 1 3 2 0 2 0 3 0 
0.0002313750 1 3 2 0 2 0 3 1 
0.0000190625 1 3 2 0 2 0 3 2 
0.0000316875 1 3 2 0 2 1 0 1 
0.0001877500 1 3 2 0 2 1 0 2 
0.0001208750 1 3 2 0 2 1 0 3 
0.0000151250 1 3 2 0 2 1 2 0 
0.0000568750 1 3 2 0 2 1 2 1 
0.0001466875 1 3 2 0 2 2 0 0 
0.0000059375 1 3 2 0 2 2 0 2 
0.0002018125 1 3 2 0 2 2 0 3 
0.0000151875 1 3 2 0 2 2 2 1 
0.0000730000 1 3 2 0 2 2 2 2 
0.0001862500 1 3 2 0 2 3 1 2 
0.0001574375 1 3 2 0 2 3 1 3 
0.0000041250 1 3 2 0 2 3 3 0 
0.0001052500 1 3 2 0 2 3 3 1 
0.0000728125 1 3 2 0 2 3 3 2 
0.0002091250 1 3 2 0 2 3 3 3 
0.0001465000 1 3 2 0 3 0 1 0 
0.0001363125 1 3 2 0 3 0 1 1 
0.0002042500 1 3 2 0 3 0 3 3 
0.0001483750 1 3 2 0 3 1 0 0 
0.0002360625 1 3 2 0 3 1 0 1 
0.0001423125 1 3 2 0 3 1 0 3 
0.0001401875 1 3 2 0 3 1 2 3 
0.0001729375 1 3 2 0 3 2 0 3 
0.0000923125 1 3 2 0 3 2 2 0 
0.0000168125 1 3 2 0 3 2 2 2 
0.0002422500 1 3 2 0 3 2 2 3 
0.0002394375 1 3 2 0 3 3 1 3 
0.0001794375 1 3 2 0 3 3 3 0 
0.0000801875 1 3 2 0 3 3 3 1 
0.0002233750 1 3 2 0 3 3 3 2 
0.0001346875 1 3 2 1 0 0 1 2 
0.0000415000 1 3 2 1 0 0 1 3 
0.0000426250 1 3 2 1 0 0 2 1 
0.0000475625 1 3 2 1 0 0 3 3 
0.0002188750 1 3 2 1 0 1 0 2 
0.0000841250 1 3 2 1 0 1 0 3 
0.0001639375 1 3 2 1 0 1 1 0 
0.0001998750 1 3 2 1 0 1 1 1 
0.0001936875 1 3 2 1 0 1 3 0 
0.0001235000 1 3 2 1 0 2 0 2 
0.0001456250 1 3 2 1 0 2 1 1 
0.0002239375 1 3 2 1 0 2 2 3 
0.0000704375 1 3 2 1 0 2 3 1 
0.0000835000 1 3 2 1 0 3 0 1 
0.0000268125 1 3 2 1 0 3 2 1 
0.0002342500 1 3 2 1 0 3 3 3 
0.0000193750 1 3 2 1 1 0 3 3 
0.0002218750 1 3 2 1 1 1 0 3 
0.0000240000 1 3 2 1 1 1 1 0 
0.0000941875 1 3 2 1 1 1 1 1 
0.0002124375 1 3 2 1 1 2 0 2 
0.0002170625 1 3 2 1 1 2 2 2 
0.0001568125 1 3 2 1 1 2 2 3 
0.0001326250 1 3 2 1 1 2 3 1 
0.0000124375 1 3 2 1 1 3 0 0 
0.0001491250 1 3 2 1 1 3 0 1 
0.0000801250 1 3 2 1 1 3 1 2 
0.0001520625 1 3 2 1 1 3 1 3 
0.0001822500 1 3 2 1 1 3 2 1 
0.0001043125 1 3 2 1 1 3 3 2 
0.0001366250 1 3 2 1 1 3 3 3 
0.0001140000 1 3 2 1 2 0 0 2 
0.0000650625 1 3 2 1 2 0 0 3 
0.0000758125 1 3 2 1 2 0 2 2 
0.0002313750 1 3 2 1 2 0 3 0 
0.0000059375 1 3 2 1 2 0 3 1 
0.0000316875 1 3 2 1 2 1 0 0 
0.0001209375 1 3 2 1 2 1 1 2 
0.0001676875 1 3 2 1 2 1 1 3 
0.0000568750 1 3 2 1 2 1 2 0 
0.0000151250 1 3 2 1 2 1 2 1 
0.0001899375 1 3 2 1 2 1 3 2 
0.0001093750 1 3 2 1 2 1 3 3 
0.0001466875 1 3 2 1 2 2 0 1 
0.0002048750 1 3 2 1 2 2 1 2 
0.0000151875 1 3 2 1 2 2 2 0 
0.0000458750 1 3 2 1 2 3 0 2 
0.0000634375 1 3 2 1 2 3 0 3 
0.0001052500 1 3 2 1 2 3 3 0 
0.0000041250 1 3 2 1 2 3 3 1 
0.0001271875 1 3 2 1 3 0 0 3 
0.0001363125 1 3 2 1 3 0 1 0 
0.0001465000 1 3 2 1 3 0 1 1 
0.0001830000 1 3 2 1 3 0 2 2 
0.0002360625 1 3 2 1 3 1 0 0 
0.0001483750 1 3 2 1 3 1 0 1 
0.0001878125 1 3 2 1 3 1 1 3 
0.0000525000 1 3 2 1 3 1 3 2 
0.0001890000 1 3 2 1 3 1 3 3 
0.0000656250 1 3 2 1 3 2 1 2 
0.0001385000 1 3 2 1 3 2 1 3 
0.0000923125 1 3 2 1 3 2 2 1 
0.0000976250 1 3 2 1 3 3 0 2 
0.0001772500 1 3 2 1 3 3 0 3 
0.0001218750 1 3 2 1 3 3 2 3 
0.0000801875 1 3 2 1 3 3 3 0 
0.0001794375 1 3 2 1 3 3 3 1 
0.0000754375 1 3 2 2 0 0 0 0 
0.0001494375 1 3 2 2 0 0 2 0 
0.0000426250 1 3 2 2 0 0 2 2 
0.0002290625 1 3 2 2 0 0 3 1 
0.0002013125 1 3 2 2 0 0 3 3 
0.0001109375 1 3 2 2 0 1 0 3 
0.0000688750 1 3 2 2 0 1 1 0 
0.0001998750 1 3 2 2 0 1 1 2 
0.0000105625 1 3 2 2 0 1 2 1 
0.0002415625 1 3 2 2 0 1 3 0 
0.0001141250 1 3 2 2 0 2 0 3 
0.0000420000 1 3 2 2 0 2 1 0 
0.0001456250 1 3 2 2 0 2 1 2 
0.0000464375 1 3 2 2 0 2 2 1 
0.0000513125 1 3 2 2 0 2 2 3 
0.0000704375 1 3 2 2 0 2 3 2 
0.0000835000 1 3 2 2 0 3 0 2 
0.0000718750 1 3 2 2 0 3 1 1 
0.0002136875 1 3 2 2 0 3 2 0 
0.0000268125 1 3 2 2 0 3 2 2 
0.0001093125 1 3 2 2 0 3 3 1 
0.0000733750 1 3 2 2 1 0 1 1 
0.0000299375 1 3 2 2 1 0 1 3 
0.0001998125 1 3 2 2 1 0 2 0 
0.0000666250 1 3 2 2 1 0 3 1 
0.0000641250 1 3 2 2 1 1 0 1 
0.0000193750 1 3 2 2 1 1 0 3 
0.0002126875 1 3 2 2 1 1 1 0 
0.0000941875 1 3 2 2 1 1 1 2 
0.0000752500 1 3 2 2 1 1 2 1 
0.0001465625 1 3 2 2 1 1 3 0 
0.0000563125 1 3 2 2 1 2 1 0 
0.0002392500 1 3 2 2 1 2 2 3 
0.0001326250 1 3 2 2 1 2 3 2 
0.0001491250 1 3 2 2 1 3 0 2 
0.0000637500 1 3 2 2 1 3 2 0 
0.0001822500 1 3 2 2 1 3 2 2 
0.0001678750 1 3 2 2 2 0 0 3 
0.0001128750 1 3 2 2 2 0 1 0 
0.0000102500 1 3 2 2 2 0 2 3 
0.0000190625 1 3 2 2 2 0 3 0 
0.0000059375 1 3 2 2 2 0 3 2 
0.0001877500 1 3 2 2 2 1 0 0 
0.0001919375 1 3 2 2 2 1 1 3 
0.0000151250 1 3 2 2 2 1 2 2 
0.0000059375 1 3 2 2 2 2 0 0 
0.0001466875 1 3 2 2 2 2 0 2 
0.0001128125 1 3 2 2 2 2 1 3 
0.0000730000 1 3 2 2 2 2 2 0 
0.0000358750 1 3 2 2 2 2 3 1 
0.0000641250 1 3 2 2 2 2 3 3 
0.0002384375 1 3 2 2 2 3 0 3 
0.0001862500 1 3 2 2 2 3 1 0 
0.0000135000 1 3 2 2 2 3 2 1 
0.0000728125 1 3 2 2 2 3 3 0 
0.0000041250 1 3 2 2 2 3 3 2 
0.0002287500 1 3 2 2 3 0 0 1 
0.0001465000 1 3 2 2 3 0 1 2 
0.0002295625 1 3 2 2 3 0 2 3 
0.0001483750 1 3 2 2 3 1 0 2 
0.0002154375 1 3 2 2 3 1 1 1 
0.0000168125 1 3 2 2 3 2 2 0 
0.0000923125 1 3 2 2 3 2 2 2 
0.0000235625 1 3 2 2 3 2 3 1 
0.0002308750 1 3 2 2 3 2 3 3 
0.0001496875 1 3 2 2 3 3 2 1 
0.0002233750 1 3 2 2 3 3 3 0 
0.0001794375 1 3 2 2 3 3 3 2 
0.0000020000 1 3 2 3 0 0 1 2 
0.0000426250 1 3 2 3 0 0 2 3 
0.0001998750 1 3 2 3 0 1 1 3 
0.0000900000 1 3 2 3 0 1 2 1 
0.0000661250 1 3 2 3 0 1 2 2 
0.0000527500 1 3 2 3 0 1 3 0 
0.0000338125 1 3 2 3 0 2 0 1 
0.0001456250 1 3 2 3 0 2 1 3 
0.0000566250 1 3 2 3 0 2 3 0 
0.0000704375 1 3 2 3 0 2 3 3 
0.0001650625 1 3 2 3 0 3 0 0 
0.0000835000 1 3 2 3 0 3 0 3 
0.0001411875 1 3 2 3 0 3 1 1 
0.0000171250 1 3 2 3 0 3 1 2 
0.0000268125 1 3 2 3 0 3 2 3 
0.0002010625 1 3 2 3 0 3 3 2 
0.0000170000 1 3 2 3 1 0 0 0 
0.0001675000 1 3 2 3 1 0 1 1 
0.0001237500 1 3 2 3 1 0 2 0 
0.0001278750 1 3 2 3 1 0 3 2 
0.0000941875 1 3 2 3 1 1 1 3 
0.0000395625 1 3 2 3 1 1 2 1 
0.0001530000 1 3 2 3 1 1 2 2 
0.0001319375 1 3 2 3 1 1 3 0 
0.0001551875 1 3 2 3 1 2 0 1 
0.0000828125 1 3 2 3 1 2 0 2 
0.0000308125 1 3 2 3 1 2 1 0 
0.0001326250 1 3 2 3 1 2 3 3 
0.0001302500 1 3 2 3 1 3 0 0 
0.0001491250 1 3 2 3 1 3 0 3 
0.0000194375 1 3 2 3 1 3 1 2 
0.0001822500 1 3 2 3 1 3 2 3 
0.0001372500 1 3 2 3 1 3 3 2 
0.0001116250 1 3 2 3 2 0 2 1 
0.0000059375 1 3 2 3 2 0 3 3 
0.0001208750 1 3 2 3 2 1 0 0 
0.0000151250 1 3 2 3 2 1 2 3 
0.0000923750 1 3 2 3 2 1 3 2 
0.0002018125 1 3 2 3 2 2 0 0 
0.0001466875 1 3 2 3 2 2 0 3 
0.0000781875 1 3 2 3 2 2 1 1 
0.0002338750 1 3 2 3 2 2 3 1 
0.0001574375 1 3 2 3 2 3 1 0 
0.0000071875 1 3 2 3 2 3 2 1 
0.0002014375 1 3 2 3 2 3 2 2 
0.0002091250 1 3 2 3 2 3 3 0 
0.0000041250 1 3 2 3 2 3 3 3 
0.0001405625 1 3 2 3 3 0 0 2 
0.0001465000 1 3 2 3 3 0 1 3 
0.0001250000 1 3 2 3 3 0 2 1 
0.0002042500 1 3 2 3 3 0 3 0 
0.0001423125 1 3 2 3 3 1 0 0 
0.0001483750 1 3 2 3 3 1 0 3 
0.0000014375 1 3 2 3 3 1 1 2 
0.0001401875 1 3 2 3 3 1 2 0 
0.0002200000 1 3 2 3 3 1 3 2 
0.0001729375 1 3 2 3 3 2 0 0 
0.0001423750 1 3 2 3 3 2 1 2 
0.0002422500 1 3 2 3 3 2 2 0 
0.0000923125 1 3 2 3 3 2 2 3 
0.0001531875 1 3 2 3 3 2 3 1 
0.0000035000 1 3 2 3 3 3 0 2 
0.0002394375 1 3 2 3 3 3 1 0 
0.0001616250 1 3 2 3 3 3 2 2 
0.0001794375 1 3 2 3 3 3 3 3 
0.0001346875 1 3 3 0 0 0 0 3 
0.0000426250 1 3 3 0 0 0 3 0 
0.0001494375 1 3 3 0 0 0 3 2 
0.0000908750 1 3 3 0 0 1 1 0 
0.0001109375 1 3 3 0 0 1 1 1 
0.0002188750 1 3 3 0 0 1 1 3 
0.0002182500 1 3 3 0 0 1 2 0 
0.0001141250 1 3 3 0 0 2 1 1 
0.0000338125 1 3 3 0 0 2 1 2 
0.0001235000 1 3 3 0 0 2 1 3 
0.0000081875 1 3 3 0 0 2 2 1 
0.0000356875 1 3 3 0 0 2 2 2 
0.0000026250 1 3 3 0 0 3 0 0 
0.0001411875 1 3 3 0 0 3 0 2 
0.0000268125 1 3 3 0 0 3 3 0 
0.0002136875 1 3 3 0 0 3 3 2 
0.0000436250 1 3 3 0 1 0 0 0 
0.0000299375 1 3 3 0 1 0 0 1 
0.0001675000 1 3 3 0 1 0 0 2 
0.0001998125 1 3 3 0 1 0 3 2 
0.0001237500 1 3 3 0 1 0 3 3 
0.0000193750 1 3 3 0 1 1 1 1 
0.0002292500 1 3 3 0 1 1 2 0 
0.0002325000 1 3 3 0 1 1 2 1 
0.0001756250 1 3 3 0 1 2 1 0 
0.0001551875 1 3 3 0 1 2 1 2 
0.0002124375 1 3 3 0 1 2 1 3 
0.0000938750 1 3 3 0 1 2 2 1 
0.0000870625 1 3 3 0 1 2 2 2 
0.0000081250 1 3 3 0 1 2 2 3 
0.0000354375 1 3 3 0 1 3 0 0 
0.0000801250 1 3 3 0 1 3 0 3 
0.0001822500 1 3 3 0 1 3 3 0 
0.0000637500 1 3 3 0 1 3 3 2 
0.0000588125 1 3 3 0 2 0 1 0 
0.0001678750 1 3 3 0 2 0 1 1 
0.0001140000 1 3 3 0 2 0 1 3 
0.0001705000 1 3 3 0 2 0 2 3 
0.0000738125 1 3 3 0 2 1 0 0 
0.0001919375 1 3 3 0 2 1 0 1 
0.0001209375 1 3 3 0 2 1 0 3 
0.0000151250 1 3 3 0 2 1 3 0 
0.0000568750 1 3 3 0 2 1 3 1 
0.0000438125 1 3 3 0 2 2 0 0 
0.0001128125 1 3 3 0 2 2 0 1 
0.0000781875 1 3 3 0 2 2 0 2 
0.0002048750 1 3 3 0 2 2 0 3 
0.0000151875 1 3 3 0 2 2 3 1 
0.0000730000 1 3 3 0 2 2 3 2 
0.0001311250 1 3 3 0 2 3 1 0 
0.0002384375 1 3 3 0 2 3 1 1 
0.0000458750 1 3 3 0 2 3 1 3 
0.0002018125 1 3 3 0 3 0 2 0 
0.0002289375 1 3 3 0 3 0 2 1 
0.0001875625 1 3 3 0 3 0 2 2 
0.0001401875 1 3 3 0 3 1 3 3 
0.0000499375 1 3 3 0 3 2 0 0 
0.0000656250 1 3 3 0 3 2 0 3 
0.0000923125 1 3 3 0 3 2 3 0 
0.0000168125 1 3 3 0 3 2 3 2 
0.0002422500 1 3 3 0 3 2 3 3 
0.0000976250 1 3 3 0 3 3 1 3 
0.0001568750 1 3 3 0 3 3 2 3 
0.0002105000 1 3 3 1 0 0 1 2 
0.0000754375 1 3 3 1 0 0 1 3 
0.0002290625 1 3 3 1 0 0 2 2 
0.0000426250 1 3 3 1 0 0 3 1 
0.0001855000 1 3 3 1 0 1 0 2 
0.0000688750 1 3 3 1 0 1 0 3 
0.0001109375 1 3 3 1 0 1 1 0 
0.0000908750 1 3 3 1 0 1 1 1 
0.0002182500 1 3 3 1 0 1 2 1 
0.0001753750 1 3 3 1 0 2 0 2 
0.0000420000 1 3 3 1 0 2 0 3 
0.0001141250 1 3 3 1 0 2 1 0 
0.0000081875 1 3 3 1 0 2 2 0 
0.0002239375 1 3 3 1 0 2 3 3 
0.0000026250 1 3 3 1 0 3 0 1 
0.0001093125 1 3 3 1 0 3 2 2 
0.0000268125 1 3 3 1 0 3 3 1 
0.0000299375 1 3 3 1 1 0 0 0 
0.0000436250 1 3 3 1 1 0 0 1 
0.0000666250 1 3 3 1 1 0 2 2 
0.0000911250 1 3 3 1 1 1 0 2 
0.0002126875 1 3 3 1 1 1 0 3 
0.0000193750 1 3 3 1 1 1 1 0 
0.0002325000 1 3 3 1 1 1 2 0 
0.0002292500 1 3 3 1 1 1 2 1 
0.0000563125 1 3 3 1 1 2 0 3 
0.0001756250 1 3 3 1 1 2 1 1 
0.0000938750 1 3 3 1 1 2 2 0 
0.0002170625 1 3 3 1 1 2 3 2 
0.0001568125 1 3 3 1 1 2 3 3 
0.0000354375 1 3 3 1 1 3 0 1 
0.0001822500 1 3 3 1 1 3 3 1 
0.0000728125 1 3 3 1 2 0 0 2 
0.0001128750 1 3 3 1 2 0 0 3 
0.0001678750 1 3 3 1 2 0 1 0 
0.0000588125 1 3 3 1 2 0 1 1 
0.0000758125 1 3 3 1 2 0 3 2 
0.0001919375 1 3 3 1 2 1 0 0 
0.0000738125 1 3 3 1 2 1 0 1 
0.0001877500 1 3 3 1 2 1 1 3 
0.0000568750 1 3 3 1 2 1 3 0 
0.0000151250 1 3 3 1 2 1 3 1 
0.0001128125 1 3 3 1 2 2 0 0 
0.0000438125 1 3 3 1 2 2 0 1 
0.0000059375 1 3 3 1 2 2 1 3 
0.0000358750 1 3 3 1 2 2 2 2 
0.0002338750 1 3 3 1 2 2 2 3 
0.0000151875 1 3 3 1 2 2 3 0 
0.0001862500 1 3 3 1 2 3 0 3 
0.0002384375 1 3 3 1 2 3 1 0 
0.0001311250 1 3 3 1 2 3 1 1 
0.0001999375 1 3 3 1 3 0 0 2 
0.0002289375 1 3 3 1 3 0 2 0 
0.0002018125 1 3 3 1 3 0 2 1 
0.0001830000 1 3 3 1 3 0 3 2 
0.0000499375 1 3 3 1 3 2 0 1 
0.0000235625 1 3 3 1 3 2 2 2 
0.0001531875 1 3 3 1 3 2 2 3 
0.0000923125 1 3 3 1 3 2 3 1 
0.0001218750 1 3 3 1 3 3 3 3 
0.0001510625 1 3 3 2 0 0 1 3 
0.0001494375 1 3 3 2 0 0 3 0 
0.0000426250 1 3 3 2 0 0 3 2 
0.0000908750 1 3 3 2 0 1 1 2 
0.0002182500 1 3 3 2 0 1 2 2 
0.0000105625 1 3 3 2 0 1 3 1 
0.0002101250 1 3 3 2 0 2 0 3 
0.0000338125 1 3 3 2 0 2 1 0 
0.0000356875 1 3 3 2 0 2 2 0 
0.0000464375 1 3 3 2 0 2 3 1 
0.0000513125 1 3 3 2 0 2 3 3 
0.0001411875 1 3 3 2 0 3 0 0 
0.0000026250 1 3 3 2 0 3 0 2 
0.0001650625 1 3 3 2 0 3 1 1 
0.0002349375 1 3 3 2 0 3 1 3 
0.0002010625 1 3 3 2 0 3 2 3 
0.0002136875 1 3 3 2 0 3 3 0 
0.0000268125 1 3 3 2 0 3 3 2 
0.0001675000 1 3 3 2 1 0 0 0 
0.0000436250 1 3 3 2 1 0 0 2 
0.0000170000 1 3 3 2 1 0 1 1 
0.0001177500 1 3 3 2 1 0 1 3 
0.0001278750 1 3 3 2 1 0 2 3 
0.0001998125 1 3 3 2 1 0 3 0 
0.0002292500 1 3 3 2 1 1 2 2 
0.0000752500 1 3 3 2 1 1 3 1 
0.0000308125 1 3 3 2 1 2 0 1 
0.0002411875 1 3 3 2 1 2 0 3 
0.0001551875 1 3 3 2 1 2 1 0 
0.0001756250 1 3 3 2 1 2 1 2 
0.0000870625 1 3 3 2 1 2 2 0 
0.0002392500 1 3 3 2 1 2 3 3 
0.0000354375 1 3 3 2 1 3 0 2 
0.0001302500 1 3 3 2 1 3 1 1 
0.0001043125 1 3 3 2 1 3 2 1 
0.0001372500 1 3 3 2 1 3 2 3 
0.0000637500 1 3 3 2 1 3 3 0 
0.0001822500 1 3 3 2 1 3 3 2 
0.0000257500 1 3 3 2 2 0 0 3 
0.0000588125 1 3 3 2 2 0 1 2 
0.0000102500 1 3 3 2 2 0 3 3 
0.0000738125 1 3 3 2 2 1 0 2 
0.0001208750 1 3 3 2 2 1 1 1 
0.0001899375 1 3 3 2 2 1 2 1 
0.0000923750 1 3 3 2 2 1 2 3 
0.0000151250 1 3 3 2 2 1 3 2 
0.0000781875 1 3 3 2 2 2 0 0 
0.0000438125 1 3 3 2 2 2 0 2 
0.0002018125 1 3 3 2 2 2 1 1 
0.0001956250 1 3 3 2 2 2 1 3 
0.0000730000 1 3 3 2 2 2 3 0 
0.0001574375 1 3 3 2 2 3 0 1 
0.0002147500 1 3 3 2 2 3 0 3 
0.0001311250 1 3 3 2 2 3 1 2 
0.0000135000 1 3 3 2 2 3 3 1 
0.0001875625 1 3 3 2 3 0 2 0 
0.0002018125 1 3 3 2 3 0 2 2 
0.0002295625 1 3 3 2 3 0 3 3 
0.0001423125 1 3 3 2 3 1 1 1 
0.0000525000 1 3 3 2 3 1 2 1 
0.0002200000 1 3 3 2 3 1 2 3 
0.0000499375 1 3 3 2 3 2 0 2 
0.0001729375 1 3 3 2 3 2 1 1 
0.0000089375 1 3 3 2 3 2 1 3 
0.0000168125 1 3 3 2 3 2 3 0 
0.0000923125 1 3 3 2 3 2 3 2 
0.0002394375 1 3 3 2 3 3 0 1 
0.0002176250 1 3 3 2 3 3 0 3 
0.0001496875 1 3 3 2 3 3 3 1 
0.0001346875 1 3 3 3 0 0 0 0 
0.0000475625 1 3 3 3 0 0 2 1 
0.0002013125 1 3 3 3 0 0 2 2 
0.0000426250 1 3 3 3 0 0 3 3 
0.0001639375 1 3 3 3 0 1 0 2 
0.0002188750 1 3 3 3 0 1 1 0 
0.0000908750 1 3 3 3 0 1 1 3 
0.0002182500 1 3 3 3 0 1 2 3 
0.0000900000 1 3 3 3 0 1 3 1 
0.0000661250 1 3 3 3 0 1 3 2 
0.0001235000 1 3 3 3 0 2 1 0 
0.0000026250 1 3 3 3 0 3 0 3 
0.0001898750 1 3 3 3 0 3 1 1 
0.0002342500 1 3 3 3 0 3 2 1 
0.0000268125 1 3 3 3 0 3 3 3 
0.0000436250 1 3 3 3 1 0 0 3 
0.0001168125 1 3 3 3 1 0 1 1 
0.0000193750 1 3 3 3 1 0 2 1 
0.0001237500 1 3 3 3 1 0 3 0 
0.0000240000 1 3 3 3 1 1 0 2 
0.0002292500 1 3 3 3 1 1 2 3 
0.0000395625 1 3 3 3 1 1 3 1 
0.0001530000 1 3 3 3 1 1 3 2 
0.0002124375 1 3 3 3 1 2 1 0 
0.0001756250 1 3 3 3 1 2 1 3 
0.0000081250 1 3 3 3 1 2 2 0 
0.0000801250 1 3 3 3 1 3 0 0 
0.0000354375 1 3 3 3 1 3 0 3 
0.0000955000 1 3 3 3 1 3 1 1 
0.0000124375 1 3 3 3 1 3 1 2 
0.0001366250 1 3 3 3 1 3 2 1 
0.0001822500 1 3 3 3 1 3 3 3 
0.0001140000 1 3 3 3 2 0 1 0 
0.0000588125 1 3 3 3 2 0 1 3 
0.0001705000 1 3 3 3 2 0 2 0 
0.0001116250 1 3 3 3 2 0 3 1 
0.0001209375 1 3 3 3 2 1 0 0 
0.0000738125 1 3 3 3 2 1 0 3 
0.0000316875 1 3 3 3 2 1 1 2 
0.0001093750 1 3 3 3 2 1 2 1 
0.0000151250 1 3 3 3 2 1 3 3 
0.0002048750 1 3 3 3 2 2 0 0 
0.0000438125 1 3 3 3 2 2 0 3 
0.0000641250 1 3 3 3 2 2 2 2 
0.0000458750 1 3 3 3 2 3 1 0 
0.0001311250 1 3 3 3 2 3 1 3 
0.0000071875 1 3 3 3 2 3 3 1 
0.0002014375 1 3 3 3 2 3 3 2 
0.0000548750 1 3 3 3 3 0 0 1 
0.0001363125 1 3 3 3 3 0 0 2 
0.0002018125 1 3 3 3 3 0 2 3 
0.0001250000 1 3 3 3 3 0 3 1 
0.0000538125 1 3 3 3 3 1 1 1 
0.0002360625 1 3 3 3 3 1 1 2 
0.0001890000 1 3 3 3 3 1 2 1 
0.0001401875 1 3 3 3 3 1 3 0 
0.0000656250 1 3 3 3 3 2 0 0 
0.0000499375 1 3 3 3 3 2 0 3 
0.0000806250 1 3 3 3 3 2 1 1 
0.0002308750 1 3 3 3 3 2 2 2 
0.0002422500 1 3 3 3 3 2 3 0 
0.0000923125 1 3 3 3 3 2 3 3 
0.0000210625 1 3 3 3 3 3 0 1 
0.0000976250 1 3 3 3 3 3 1 0 
0.0001568750 1 3 3 3 3 3 2 0 
0.0001616250 1 3 3 3 3 3 3 2 
0.0001794375 2 0 0 0 0 0 1 0 
0.0000801875 2 0 0 0 0 0 1 1 
0.0002233750 2 0 0 0 0 0 1 2 
0.0000976250 2 0 0 0 0 0 2 3 
0.0000321875 2 0 0 0 0 0 3 0 
0.0002176250 2 0 0 0 0 0 3 1 
0.0000210625 2 0 0 0 0 0 3 2 
0.0000443125 2 0 0 0 0 1 0 1 
0.0002308750 2 0 0 0 0 1 1 1 
0.0001531875 2 0 0 0 0 1 1 2 
0.0001933750 2 0 0 0 0 1 2 0 
0.0000089375 2 0 0 0 0 1 2 1 
0.0000806250 2 0 0 0 0 1 2 2 
0.0001423750 2 0 0 0 0 1 3 1 
0.0001385000 2 0 0 0 0 1 3 2 
0.0001401875 2 0 0 0 0 2 0 3 
0.0002200000 2 0 0 0 0 2 1 1 
0.0001890000 2 0 0 0 0 2 1 2 
0.0001483750 2 0 0 0 0 2 2 0 
0.0002360625 2 0 0 0 0 2 2 1 
0.0001423125 2 0 0 0 0 2 2 3 
0.0002295625 2 0 0 0 0 3 0 1 
0.0001250000 2 0 0 0 0 3 0 2 
0.0001830000 2 0 0 0 0 3 0 3 
0.0002042500 2 0 0 0 0 3 1 3 
0.0000548750 2 0 0 0 0 3 3 2 
0.0001999375 2 0 0 0 0 3 3 3 
0.0001822500 2 0 0 0 2 0 0 0 
0.0000637500 2 0 0 0 2 0 0 2 
0.0001372500 2 0 0 0 2 0 1 1 
0.0001366250 2 0 0 0 2 0 1 2 
0.0001491250 2 0 0 0 2 0 2 0 
0.0000124375 2 0 0 0 2 0 2 1 
0.0001302500 2 0 0 0 2 0 2 3 
0.0000354375 2 0 0 0 2 0 3 0 
0.0000801250 2 0 0 0 2 0 3 3 
0.0002392500 2 0 0 0 2 1 0 1 
0.0002170625 2 0 0 0 2 1 0 3 
0.0001326250 2 0 0 0 2 1 1 0 
0.0001756250 2 0 0 0 2 1 2 0 
0.0001551875 2 0 0 0 2 1 2 2 
0.0002124375 2 0 0 0 2 1 2 3 
0.0001433750 2 0 0 0 2 1 3 0 
0.0002411875 2 0 0 0 2 1 3 1 
0.0000470000 2 0 0 0 2 2 0 0 
0.0001530000 2 0 0 0 2 2 0 1 
0.0000752500 2 0 0 0 2 2 0 3 
0.0002292500 2 0 0 0 2 2 1 0 
0.0002325000 2 0 0 0 2 2 1 1 
0.0002395000 2 0 0 0 2 2 2 0 
0.0002218750 2 0 0 0 2 2 2 2 
0.0000641250 2 0 0 0 2 2 2 3 
0.0000941875 2 0 0 0 2 2 3 0 
0.0000240000 2 0 0 0 2 2 3 1 
0.0002126875 2 0 0 0 2 2 3 2 
0.0001998125 2 0 0 0 2 3 0 2 
0.0001237500 2 0 0 0 2 3 0 3 
0.0001455000 2 0 0 0 2 3 1 0 
0.0001278750 2 0 0 0 2 3 1 1 
0.0000193750 2 0 0 0 2 3 1 2 
0.0000666250 2 0 0 0 2 3 1 3 
0.0000170000 2 0 0 0 2 3 2 3 
0.0000436250 2 0 0 0 2 3 3 0 
0.0000299375 2 0 0 0 2 3 3 1 
0.0001675000 2 0 0 0 2 3 3 2 
0.0000801875 2 0 0 1 0 0 1 0 
0.0001794375 2 0 0 1 0 0 1 1 
0.0002176250 2 0 0 1 0 0 3 0 
0.0000321875 2 0 0 1 0 0 3 1 
0.0000443125 2 0 0 1 0 1 0 0 
0.0002308750 2 0 0 1 0 1 1 0 
0.0000089375 2 0 0 1 0 1 2 0 
0.0001933750 2 0 0 1 0 1 2 1 
0.0001423750 2 0 0 1 0 1 3 0 
0.0002200000 2 0 0 1 0 2 1 0 
0.0002360625 2 0 0 1 0 2 2 0 
0.0001483750 2 0 0 1 0 2 2 1 
0.0002295625 2 0 0 1 0 3 0 0 
0.0000135000 2 0 0 1 1 0 0 2 
0.0000071875 2 0 0 1 1 0 0 3 
0.0000728125 2 0 0 1 1 0 1 3 
0.0001574375 2 0 0 1 1 0 3 2 
0.0000358750 2 0 0 1 1 1 1 2 
0.0002338750 2 0 0 1 1 1 1 3 
0.0002018125 2 0 0 1 1 1 2 2 
0.0002048750 2 0 0 1 1 1 3 2 
0.0001768750 2 0 0 1 1 2 0 2 
0.0001899375 2 0 0 1 1 2 1 2 
0.0001093750 2 0 0 1 1 2 1 3 
0.0001877500 2 0 0 1 1 2 2 3 
0.0001116250 2 0 0 1 1 3 0 3 
0.0001705000 2 0 0 1 1 3 1 2 
0.0000190625 2 0 0 1 1 3 1 3 
0.0001822500 2 0 0 1 2 0 0 1 
0.0001372500 2 0 0 1 2 0 1 0 
0.0000124375 2 0 0 1 2 0 2 0 
0.0001491250 2 0 0 1 2 0 2 1 
0.0000354375 2 0 0 1 2 0 3 1 
0.0002392500 2 0 0 1 2 1 0 0 
0.0001326250 2 0 0 1 2 1 1 1 
0.0001756250 2 0 0 1 2 1 2 1 
0.0002411875 2 0 0 1 2 1 3 0 
0.0001433750 2 0 0 1 2 1 3 1 
0.0001530000 2 0 0 1 2 2 0 0 
0.0000470000 2 0 0 1 2 2 0 1 
0.0002325000 2 0 0 1 2 2 1 0 
0.0002292500 2 0 0 1 2 2 1 1 
0.0002395000 2 0 0 1 2 2 2 1 
0.0000240000 2 0 0 1 2 2 3 0 
0.0000941875 2 0 0 1 2 2 3 1 
0.0001278750 2 0 0 1 2 3 1 0 
0.0001455000 2 0 0 1 2 3 1 1 
0.0000299375 2 0 0 1 2 3 3 0 
0.0000436250 2 0 0 1 2 3 3 1 
0.0000362500 2 0 0 1 3 0 0 2 
0.0002136875 2 0 0 1 3 0 0 3 
0.0002342500 2 0 0 1 3 0 1 3 
0.0000718750 2 0 0 1 3 0 3 2 
0.0001411875 2 0 0 1 3 0 3 3 
0.0000464375 2 0 0 1 3 1 0 2 
0.0000338125 2 0 0 1 3 1 2 3 
0.0000527500 2 0 0 1 3 2 1 2 
0.0002188750 2 0 0 1 3 2 2 2 
0.0000841250 2 0 0 1 3 2 2 3 
0.0001855000 2 0 0 1 3 2 3 2 
0.0000688750 2 0 0 1 3 2 3 3 
0.0002187500 2 0 0 1 3 3 0 2 
0.0001494375 2 0 0 1 3 3 0 3 
0.0000475625 2 0 0 1 3 3 1 3 
0.0002105000 2 0 0 1 3 3 2 2 
0.0000754375 2 0 0 1 3 3 2 3 
0.0002233750 2 0 0 2 0 0 1 0 
0.0001794375 2 0 0 2 0 0 1 2 
0.0000210625 2 0 0 2 0 0 3 0 
0.0000321875 2 0 0 2 0 0 3 2 
0.0001531875 2 0 0 2 0 1 1 0 
0.0000806250 2 0 0 2 0 1 2 0 
0.0001933750 2 0 0 2 0 1 2 2 
0.0001385000 2 0 0 2 0 1 3 0 
0.0001890000 2 0 0 2 0 2 1 0 
0.0001483750 2 0 0 2 0 2 2 2 
0.0001250000 2 0 0 2 0 3 0 0 
0.0000548750 2 0 0 2 0 3 3 0 
0.0002014375 2 0 0 2 1 0 0 3 
0.0002091250 2 0 0 2 1 0 1 1 
0.0000458750 2 0 0 2 1 0 2 1 
0.0000768750 2 0 0 2 1 1 0 1 
0.0000151875 2 0 0 2 1 1 0 3 
0.0001128125 2 0 0 2 1 1 3 3 
0.0001208750 2 0 0 2 1 2 2 1 
0.0001209375 2 0 0 2 1 2 3 1 
0.0000758125 2 0 0 2 1 3 0 1 
0.0001140000 2 0 0 2 1 3 2 1 
0.0000728125 2 0 0 2 1 3 3 1 
0.0000637500 2 0 0 2 2 0 0 0 
0.0001822500 2 0 0 2 2 0 0 2 
0.0001366250 2 0 0 2 2 0 1 0 
0.0001491250 2 0 0 2 2 0 2 2 
0.0000354375 2 0 0 2 2 0 3 2 
0.0001326250 2 0 0 2 2 1 1 2 
0.0001551875 2 0 0 2 2 1 2 0 
0.0001756250 2 0 0 2 2 1 2 2 
0.0001433750 2 0 0 2 2 1 3 2 
0.0000470000 2 0 0 2 2 2 0 2 
0.0002292500 2 0 0 2 2 2 1 2 
0.0002218750 2 0 0 2 2 2 2 0 
0.0002395000 2 0 0 2 2 2 2 2 
0.0002126875 2 0 0 2 2 2 3 0 
0.0000941875 2 0 0 2 2 2 3 2 
0.0001998125 2 0 0 2 2 3 0 0 
0.0000193750 2 0 0 2 2 3 1 0 
0.0001455000 2 0 0 2 2 3 1 2 
0.0001675000 2 0 0 2 2 3 3 0 
0.0000436250 2 0 0 2 2 3 3 2 
0.0000854375 2 0 0 2 3 0 0 3 
0.0001093125 2 0 0 2 3 0 1 1 
0.0001650625 2 0 0 2 3 0 2 1 
0.0002349375 2 0 0 2 3 0 2 3 
0.0000171250 2 0 0 2 3 0 3 3 
0.0000566250 2 0 0 2 3 1 1 1 
0.0000081875 2 0 0 2 3 1 1 3 
0.0001235000 2 0 0 2 3 1 2 1 
0.0001753750 2 0 0 2 3 1 3 1 
0.0000105625 2 0 0 2 3 2 0 1 
0.0001936875 2 0 0 2 3 2 1 3 
0.0001109375 2 0 0 2 3 2 2 3 
0.0000863125 2 0 0 2 3 3 0 3 
0.0002290625 2 0 0 2 3 3 1 1 
0.0002013125 2 0 0 2 3 3 1 3 
0.0001510625 2 0 0 2 3 3 2 3 
0.0001346875 2 0 0 2 3 3 3 1 
0.0000020000 2 0 0 2 3 3 3 3 
0.0001794375 2 0 0 3 0 0 1 3 
0.0000976250 2 0 0 3 0 0 2 0 
0.0000321875 2 0 0 3 0 0 3 3 
0.0001933750 2 0 0 3 0 1 2 3 
0.0001401875 2 0 0 3 0 2 0 0 
0.0001423125 2 0 0 3 0 2 2 0 
0.0001483750 2 0 0 3 0 2 2 3 
0.0001830000 2 0 0 3 0 3 0 0 
0.0002042500 2 0 0 3 0 3 1 0 
0.0001999375 2 0 0 3 0 3 3 0 
0.0001052500 2 0 0 3 1 0 1 2 
0.0000634375 2 0 0 3 1 0 2 1 
0.0002384375 2 0 0 3 1 0 2 2 
0.0001862500 2 0 0 3 1 0 3 1 
0.0002147500 2 0 0 3 1 0 3 2 
0.0000730000 2 0 0 3 1 1 0 1 
0.0000641250 2 0 0 3 1 1 1 2 
0.0000059375 2 0 0 3 1 1 2 1 
0.0001956250 2 0 0 3 1 1 2 2 
0.0000781875 2 0 0 3 1 1 3 1 
0.0001008750 2 0 0 3 1 2 0 1 
0.0000568750 2 0 0 3 1 2 0 2 
0.0000923750 2 0 0 3 1 2 1 2 
0.0000316875 2 0 0 3 1 2 2 2 
0.0001676875 2 0 0 3 1 2 3 1 
0.0001919375 2 0 0 3 1 2 3 2 
0.0000102500 2 0 0 3 1 3 0 2 
0.0002313750 2 0 0 3 1 3 1 2 
0.0000650625 2 0 0 3 1 3 2 1 
0.0001678750 2 0 0 3 1 3 2 2 
0.0001128750 2 0 0 3 1 3 3 1 
0.0000257500 2 0 0 3 1 3 3 2 
0.0001822500 2 0 0 3 2 0 0 3 
0.0001302500 2 0 0 3 2 0 2 0 
0.0001491250 2 0 0 3 2 0 2 3 
0.0000801250 2 0 0 3 2 0 3 0 
0.0000354375 2 0 0 3 2 0 3 3 
0.0002170625 2 0 0 3 2 1 0 0 
0.0001326250 2 0 0 3 2 1 1 3 
0.0002124375 2 0 0 3 2 1 2 0 
0.0001756250 2 0 0 3 2 1 2 3 
0.0001433750 2 0 0 3 2 1 3 3 
0.0000752500 2 0 0 3 2 2 0 0 
0.0000470000 2 0 0 3 2 2 0 3 
0.0002292500 2 0 0 3 2 2 1 3 
0.0000641250 2 0 0 3 2 2 2 0 
0.0002395000 2 0 0 3 2 2 2 3 
0.0000941875 2 0 0 3 2 2 3 3 
0.0001237500 2 0 0 3 2 3 0 0 
0.0000666250 2 0 0 3 2 3 1 0 
0.0001455000 2 0 0 3 2 3 1 3 
0.0000170000 2 0 0 3 2 3 2 0 
0.0000436250 2 0 0 3 2 3 3 3 
0.0002010625 2 0 0 3 3 0 1 2 
0.0001898750 2 0 0 3 3 0 2 1 
0.0002239375 2 0 0 3 3 1 0 1 
0.0000513125 2 0 0 3 3 1 0 2 
0.0000356875 2 0 0 3 3 1 1 1 
0.0001141250 2 0 0 3 3 1 2 2 
0.0000420000 2 0 0 3 3 1 3 1 
0.0002101250 2 0 0 3 3 1 3 2 
0.0000900000 2 0 0 3 3 2 0 1 
0.0000661250 2 0 0 3 3 2 0 2 
0.0002415625 2 0 0 3 3 2 1 1 
0.0001639375 2 0 0 3 3 2 3 2 
0.0000415000 2 0 0 3 3 3 3 1 
0.0001794375 2 0 1 0 0 0 0 0 
0.0000801875 2 0 1 0 0 0 0 1 
0.0002233750 2 0 1 0 0 0 0 2 
0.0002308750 2 0 1 0 0 1 0 1 
0.0001531875 2 0 1 0 0 1 0 2 
0.0000443125 2 0 1 0 0 1 1 1 
0.0002200000 2 0 1 0 0 2 0 1 
0.0001890000 2 0 1 0 0 2 0 2 
0.0001401875 2 0 1 0 0 2 1 3 
0.0002042500 2 0 1 0 0 3 0 3 
0.0002295625 2 0 1 0 0 3 1 1 
0.0001250000 2 0 1 0 0 3 1 2 
0.0001830000 2 0 1 0 0 3 1 3 
0.0001862500 2 0 1 0 1 0 2 2 
0.0001574375 2 0 1 0 1 0 2 3 
0.0001311250 2 0 1 0 1 0 3 0 
0.0002384375 2 0 1 0 1 0 3 1 
0.0000458750 2 0 1 0 1 0 3 3 
0.0000438125 2 0 1 0 1 1 2 0 
0.0001128125 2 0 1 0 1 1 2 1 
0.0000781875 2 0 1 0 1 1 2 2 
0.0002048750 2 0 1 0 1 1 2 3 
0.0001956250 2 0 1 0 1 1 3 1 
0.0001676875 2 0 1 0 1 2 2 2 
0.0000316875 2 0 1 0 1 2 3 1 
0.0001877500 2 0 1 0 1 2 3 2 
0.0001208750 2 0 1 0 1 2 3 3 
0.0001128750 2 0 1 0 1 3 2 2 
0.0000588125 2 0 1 0 1 3 3 0 
0.0001678750 2 0 1 0 1 3 3 1 
0.0001140000 2 0 1 0 1 3 3 3 
0.0001372500 2 0 1 0 2 0 0 1 
0.0001366250 2 0 1 0 2 0 0 2 
0.0001822500 2 0 1 0 2 0 1 0 
0.0000637500 2 0 1 0 2 0 1 2 
0.0001326250 2 0 1 0 2 1 0 0 
0.0002392500 2 0 1 0 2 1 1 1 
0.0002170625 2 0 1 0 2 1 1 3 
0.0002292500 2 0 1 0 2 2 0 0 
0.0002325000 2 0 1 0 2 2 0 1 
0.0000470000 2 0 1 0 2 2 1 0 
0.0001530000 2 0 1 0 2 2 1 1 
0.0000752500 2 0 1 0 2 2 1 3 
0.0001455000 2 0 1 0 2 3 0 0 
0.0001278750 2 0 1 0 2 3 0 1 
0.0000193750 2 0 1 0 2 3 0 2 
0.0000666250 2 0 1 0 2 3 0 3 
0.0001998125 2 0 1 0 2 3 1 2 
0.0001237500 2 0 1 0 2 3 1 3 
0.0000171250 2 0 1 0 3 0 2 1 
0.0000718750 2 0 1 0 3 0 2 3 
0.0000835000 2 0 1 0 3 0 3 0 
0.0001650625 2 0 1 0 3 0 3 3 
0.0001456250 2 0 1 0 3 1 2 0 
0.0000420000 2 0 1 0 3 1 2 2 
0.0001141250 2 0 1 0 3 1 3 1 
0.0000338125 2 0 1 0 3 1 3 2 
0.0001235000 2 0 1 0 3 1 3 3 
0.0001855000 2 0 1 0 3 2 2 3 
0.0000841250 2 0 1 0 3 2 3 2 
0.0002388125 2 0 1 0 3 3 2 0 
0.0000020000 2 0 1 0 3 3 2 1 
0.0000415000 2 0 1 0 3 3 2 2 
0.0000754375 2 0 1 0 3 3 3 2 
0.0000801875 2 0 1 1 0 0 0 0 
0.0001794375 2 0 1 1 0 0 0 1 
0.0002394375 2 0 1 1 0 0 2 2 
0.0000210625 2 0 1 1 0 0 2 3 
0.0000976250 2 0 1 1 0 0 3 2 
0.0001772500 2 0 1 1 0 0 3 3 
0.0002308750 2 0 1 1 0 1 0 0 
0.0000443125 2 0 1 1 0 1 1 0 
0.0000656250 2 0 1 1 0 1 2 2 
0.0001385000 2 0 1 1 0 1 2 3 
0.0002200000 2 0 1 1 0 2 0 0 
0.0002154375 2 0 1 1 0 2 2 2 
0.0001423125 2 0 1 1 0 2 3 2 
0.0000538125 2 0 1 1 0 2 3 3 
0.0002295625 2 0 1 1 0 3 1 0 
0.0000548750 2 0 1 1 0 3 2 3 
0.0001271875 2 0 1 1 0 3 3 3 
0.0000728125 2 0 1 1 1 0 0 3 
0.0000135000 2 0 1 1 1 0 1 2 
0.0000071875 2 0 1 1 1 0 1 3 
0.0002384375 2 0 1 1 1 0 3 0 
0.0001311250 2 0 1 1 1 0 3 1 
0.0000358750 2 0 1 1 1 1 0 2 
0.0002338750 2 0 1 1 1 1 0 3 
0.0001128125 2 0 1 1 1 1 2 0 
0.0000438125 2 0 1 1 1 1 2 1 
0.0001956250 2 0 1 1 1 1 3 0 
0.0001899375 2 0 1 1 1 2 0 2 
0.0001093750 2 0 1 1 1 2 0 3 
0.0001768750 2 0 1 1 1 2 1 2 
0.0000316875 2 0 1 1 1 2 3 0 
0.0001705000 2 0 1 1 1 3 0 2 
0.0000190625 2 0 1 1 1 3 0 3 
0.0001116250 2 0 1 1 1 3 1 3 
0.0001678750 2 0 1 1 1 3 3 0 
0.0000588125 2 0 1 1 1 3 3 1 
0.0001372500 2 0 1 1 2 0 0 0 
0.0001822500 2 0 1 1 2 0 1 1 
0.0001302500 2 0 1 1 2 0 3 2 
0.0000955000 2 0 1 1 2 0 3 3 
0.0001326250 2 0 1 1 2 1 0 1 
0.0002392500 2 0 1 1 2 1 1 0 
0.0000308125 2 0 1 1 2 1 2 2 
0.0002124375 2 0 1 1 2 1 3 2 
0.0002325000 2 0 1 1 2 2 0 0 
0.0002292500 2 0 1 1 2 2 0 1 
0.0001530000 2 0 1 1 2 2 1 0 
0.0000470000 2 0 1 1 2 2 1 1 
0.0000911250 2 0 1 1 2 2 2 2 
0.0002126875 2 0 1 1 2 2 2 3 
0.0000641250 2 0 1 1 2 2 3 2 
0.0001278750 2 0 1 1 2 3 0 0 
0.0001455000 2 0 1 1 2 3 0 1 
0.0000733750 2 0 1 1 2 3 2 2 
0.0001675000 2 0 1 1 2 3 2 3 
0.0000170000 2 0 1 1 2 3 3 2 
0.0001168125 2 0 1 1 2 3 3 3 
0.0002342500 2 0 1 1 3 0 0 3 
0.0000362500 2 0 1 1 3 0 1 2 
0.0002136875 2 0 1 1 3 0 1 3 
0.0000171250 2 0 1 1 3 0 2 0 
0.0000835000 2 0 1 1 3 0 3 1 
0.0000464375 2 0 1 1 3 1 1 2 
0.0001456250 2 0 1 1 3 1 2 1 
0.0001141250 2 0 1 1 3 1 3 0 
0.0000527500 2 0 1 1 3 2 0 2 
0.0000475625 2 0 1 1 3 3 0 3 
0.0002187500 2 0 1 1 3 3 1 2 
0.0001494375 2 0 1 1 3 3 1 3 
0.0000020000 2 0 1 1 3 3 2 0 
0.0002388125 2 0 1 1 3 3 2 1 
0.0002233750 2 0 1 2 0 0 0 0 
0.0001794375 2 0 1 2 0 0 0 2 
0.0001531875 2 0 1 2 0 1 0 0 
0.0001729375 2 0 1 2 0 1 3 1 
0.0000089375 2 0 1 2 0 1 3 3 
0.0001890000 2 0 1 2 0 2 0 0 
0.0000014375 2 0 1 2 0 2 2 3 
0.0002360625 2 0 1 2 0 2 3 3 
0.0001250000 2 0 1 2 0 3 1 0 
0.0001999375 2 0 1 2 0 3 2 1 
0.0001363125 2 0 1 2 0 3 2 3 
0.0002287500 2 0 1 2 0 3 3 1 
0.0002091250 2 0 1 2 1 0 0 1 
0.0002014375 2 0 1 2 1 0 1 3 
0.0001862500 2 0 1 2 1 0 2 0 
0.0001311250 2 0 1 2 1 0 3 2 
0.0000768750 2 0 1 2 1 1 1 1 
0.0000151875 2 0 1 2 1 1 1 3 
0.0000781875 2 0 1 2 1 1 2 0 
0.0000438125 2 0 1 2 1 1 2 2 
0.0001676875 2 0 1 2 1 2 2 0 
0.0001877500 2 0 1 2 1 2 3 0 
0.0000758125 2 0 1 2 1 3 1 1 
0.0001128750 2 0 1 2 1 3 2 0 
0.0000588125 2 0 1 2 1 3 3 2 
0.0001366250 2 0 1 2 2 0 0 0 
0.0000637500 2 0 1 2 2 0 1 0 
0.0001822500 2 0 1 2 2 0 1 2 
0.0000801250 2 0 1 2 2 0 2 1 
0.0000194375 2 0 1 2 2 0 2 3 
0.0000124375 2 0 1 2 2 0 3 3 
0.0001326250 2 0 1 2 2 1 0 2 
0.0002292500 2 0 1 2 2 2 0 2 
0.0000470000 2 0 1 2 2 2 1 2 
0.0000193750 2 0 1 2 2 3 0 0 
0.0001455000 2 0 1 2 2 3 0 2 
0.0001998125 2 0 1 2 2 3 1 0 
0.0001093125 2 0 1 2 3 0 0 1 
0.0000854375 2 0 1 2 3 0 1 3 
0.0000835000 2 0 1 2 3 0 3 2 
0.0000566250 2 0 1 2 3 1 0 1 
0.0000081875 2 0 1 2 3 1 0 3 
0.0000420000 2 0 1 2 3 1 2 0 
0.0001456250 2 0 1 2 3 1 2 2 
0.0000338125 2 0 1 2 3 1 3 0 
0.0001936875 2 0 1 2 3 2 0 3 
0.0000105625 2 0 1 2 3 2 1 1 
0.0000841250 2 0 1 2 3 2 3 0 
0.0002290625 2 0 1 2 3 3 0 1 
0.0002013125 2 0 1 2 3 3 0 3 
0.0000863125 2 0 1 2 3 3 1 3 
0.0000415000 2 0 1 2 3 3 2 0 
0.0002388125 2 0 1 2 3 3 2 2 
0.0000754375 2 0 1 2 3 3 3 0 
0.0001794375 2 0 1 3 0 0 0 3 
0.0002176250 2 0 1 3 0 0 2 2 
0.0000035000 2 0 1 3 0 0 3 2 
0.0001423750 2 0 1 3 0 1 2 2 
0.0000806250 2 0 1 3 0 1 3 1 
0.0001401875 2 0 1 3 0 2 1 0 
0.0001878125 2 0 1 3 0 2 2 1 
0.0002042500 2 0 1 3 0 3 0 0 
0.0001830000 2 0 1 3 0 3 1 0 
0.0001405625 2 0 1 3 0 3 3 2 
0.0001052500 2 0 1 3 1 0 0 2 
0.0001574375 2 0 1 3 1 0 2 0 
0.0000458750 2 0 1 3 1 0 3 0 
0.0001311250 2 0 1 3 1 0 3 3 
0.0000641250 2 0 1 3 1 1 0 2 
0.0000730000 2 0 1 3 1 1 1 1 
0.0002048750 2 0 1 3 1 1 2 0 
0.0000438125 2 0 1 3 1 1 2 3 
0.0000923750 2 0 1 3 1 2 0 2 
0.0001008750 2 0 1 3 1 2 1 1 
0.0000568750 2 0 1 3 1 2 1 2 
0.0001208750 2 0 1 3 1 2 3 0 
0.0002313750 2 0 1 3 1 3 0 2 
0.0000102500 2 0 1 3 1 3 1 2 
0.0001140000 2 0 1 3 1 3 3 0 
0.0000588125 2 0 1 3 1 3 3 3 
0.0001822500 2 0 1 3 2 0 1 3 
0.0001520625 2 0 1 3 2 0 2 1 
0.0001326250 2 0 1 3 2 1 0 3 
0.0002170625 2 0 1 3 2 1 1 0 
0.0000563125 2 0 1 3 2 1 2 1 
0.0002411875 2 0 1 3 2 1 2 2 
0.0001551875 2 0 1 3 2 1 3 1 
0.0000828125 2 0 1 3 2 1 3 2 
0.0002292500 2 0 1 3 2 2 0 3 
0.0000752500 2 0 1 3 2 2 1 0 
0.0000470000 2 0 1 3 2 2 1 3 
0.0000240000 2 0 1 3 2 2 2 2 
0.0002218750 2 0 1 3 2 2 3 1 
0.0000193750 2 0 1 3 2 2 3 2 
0.0000666250 2 0 1 3 2 3 0 0 
0.0001455000 2 0 1 3 2 3 0 3 
0.0001237500 2 0 1 3 2 3 1 0 
0.0000299375 2 0 1 3 2 3 2 2 
0.0001177500 2 0 1 3 2 3 3 2 
0.0002010625 2 0 1 3 3 0 0 2 
0.0000718750 2 0 1 3 3 0 2 0 
0.0001650625 2 0 1 3 3 0 3 0 
0.0000835000 2 0 1 3 3 0 3 3 
0.0000356875 2 0 1 3 3 1 0 1 
0.0002239375 2 0 1 3 3 1 1 1 
0.0000513125 2 0 1 3 3 1 1 2 
0.0001456250 2 0 1 3 3 1 2 3 
0.0001235000 2 0 1 3 3 1 3 0 
0.0002415625 2 0 1 3 3 2 0 1 
0.0000900000 2 0 1 3 3 2 1 1 
0.0000661250 2 0 1 3 3 2 1 2 
0.0001855000 2 0 1 3 3 2 2 0 
0.0002388125 2 0 1 3 3 3 2 3 
0.0000976250 2 0 2 0 0 0 0 3 
0.0001933750 2 0 2 0 0 1 0 0 
0.0000089375 2 0 2 0 0 1 0 1 
0.0000806250 2 0 2 0 0 1 0 2 
0.0000443125 2 0 2 0 0 1 2 1 
0.0001483750 2 0 2 0 0 2 0 0 
0.0002360625 2 0 2 0 0 2 0 1 
0.0001423125 2 0 2 0 0 2 0 3 
0.0001401875 2 0 2 0 0 2 2 3 
0.0002295625 2 0 2 0 0 3 2 1 
0.0001250000 2 0 2 0 0 3 2 2 
0.0001830000 2 0 2 0 0 3 2 3 
0.0000842500 2 0 2 0 1 0 1 0 
0.0002147500 2 0 2 0 1 0 1 1 
0.0000358750 2 0 2 0 1 1 3 3 
0.0000738125 2 0 2 0 1 2 1 0 
0.0001919375 2 0 2 0 1 2 1 1 
0.0001209375 2 0 2 0 1 2 1 3 
0.0001111875 2 0 2 0 1 2 3 0 
0.0001899375 2 0 2 0 1 2 3 3 
0.0000885625 2 0 2 0 1 3 1 0 
0.0000257500 2 0 2 0 1 3 1 1 
0.0000728125 2 0 2 0 1 3 1 3 
0.0001705000 2 0 2 0 1 3 3 3 
0.0001491250 2 0 2 0 2 0 0 0 
0.0000124375 2 0 2 0 2 0 0 1 
0.0001302500 2 0 2 0 2 0 0 3 
0.0001822500 2 0 2 0 2 0 2 0 
0.0000637500 2 0 2 0 2 0 2 2 
0.0001756250 2 0 2 0 2 1 0 0 
0.0001551875 2 0 2 0 2 1 0 2 
0.0002124375 2 0 2 0 2 1 0 3 
0.0002392500 2 0 2 0 2 1 2 1 
0.0002170625 2 0 2 0 2 1 2 3 
0.0002395000 2 0 2 0 2 2 0 0 
0.0002218750 2 0 2 0 2 2 0 2 
0.0000641250 2 0 2 0 2 2 0 3 
0.0000470000 2 0 2 0 2 2 2 0 
0.0001530000 2 0 2 0 2 2 2 1 
0.0000752500 2 0 2 0 2 2 2 3 
0.0000170000 2 0 2 0 2 3 0 3 
0.0001998125 2 0 2 0 2 3 2 2 
0.0001237500 2 0 2 0 2 3 2 3 
0.0000026250 2 0 2 0 3 0 1 0 
0.0001411875 2 0 2 0 3 0 1 2 
0.0002101250 2 0 2 0 3 1 1 1 
0.0001753750 2 0 2 0 3 1 1 3 
0.0000081875 2 0 2 0 3 1 3 1 
0.0000356875 2 0 2 0 3 1 3 2 
0.0001998750 2 0 2 0 3 2 1 0 
0.0001639375 2 0 2 0 3 2 1 1 
0.0000688750 2 0 2 0 3 2 1 2 
0.0001936875 2 0 2 0 3 2 3 1 
0.0002415625 2 0 2 0 3 2 3 2 
0.0000527500 2 0 2 0 3 2 3 3 
0.0001346875 2 0 2 0 3 3 1 3 
0.0002013125 2 0 2 0 3 3 3 1 
0.0001568750 2 0 2 1 0 0 3 2 
0.0002233750 2 0 2 1 0 0 3 3 
0.0000089375 2 0 2 1 0 1 0 0 
0.0001933750 2 0 2 1 0 1 0 1 
0.0000443125 2 0 2 1 0 1 2 0 
0.0000235625 2 0 2 1 0 1 3 2 
0.0001531875 2 0 2 1 0 1 3 3 
0.0002360625 2 0 2 1 0 2 0 0 
0.0001483750 2 0 2 1 0 2 0 1 
0.0001878125 2 0 2 1 0 2 1 3 
0.0000525000 2 0 2 1 0 2 3 2 
0.0001890000 2 0 2 1 0 2 3 3 
0.0001999375 2 0 2 1 0 3 1 2 
0.0002295625 2 0 2 1 0 3 2 0 
0.0002147500 2 0 2 1 1 0 1 0 
0.0000842500 2 0 2 1 1 0 1 1 
0.0000135000 2 0 2 1 1 0 2 2 
0.0000071875 2 0 2 1 1 0 2 3 
0.0002018125 2 0 2 1 1 1 0 2 
0.0001877500 2 0 2 1 1 2 0 3 
0.0001919375 2 0 2 1 1 2 1 0 
0.0000738125 2 0 2 1 1 2 1 1 
0.0001768750 2 0 2 1 1 2 2 2 
0.0001111875 2 0 2 1 1 2 3 1 
0.0000257500 2 0 2 1 1 3 1 0 
0.0000885625 2 0 2 1 1 3 1 1 
0.0001116250 2 0 2 1 1 3 2 3 
0.0000124375 2 0 2 1 2 0 0 0 
0.0001491250 2 0 2 1 2 0 0 1 
0.0000801250 2 0 2 1 2 0 1 2 
0.0001520625 2 0 2 1 2 0 1 3 
0.0001822500 2 0 2 1 2 0 2 1 
0.0001043125 2 0 2 1 2 0 3 2 
0.0001366250 2 0 2 1 2 0 3 3 
0.0001756250 2 0 2 1 2 1 0 1 
0.0000563125 2 0 2 1 2 1 1 3 
0.0002392500 2 0 2 1 2 1 2 0 
0.0000081250 2 0 2 1 2 1 3 2 
0.0002395000 2 0 2 1 2 2 0 1 
0.0001530000 2 0 2 1 2 2 2 0 
0.0000470000 2 0 2 1 2 2 2 1 
0.0001319375 2 0 2 1 2 2 3 2 
0.0000193750 2 0 2 1 2 3 3 3 
0.0000026250 2 0 2 1 3 0 1 1 
0.0000362500 2 0 2 1 3 0 2 2 
0.0002136875 2 0 2 1 3 0 2 3 
0.0000338125 2 0 2 1 3 1 0 3 
0.0002101250 2 0 2 1 3 1 1 0 
0.0000464375 2 0 2 1 3 1 2 2 
0.0000081875 2 0 2 1 3 1 3 0 
0.0002188750 2 0 2 1 3 2 0 2 
0.0000841250 2 0 2 1 3 2 0 3 
0.0001639375 2 0 2 1 3 2 1 0 
0.0001998750 2 0 2 1 3 2 1 1 
0.0001936875 2 0 2 1 3 2 3 0 
0.0002105000 2 0 2 1 3 3 0 2 
0.0000754375 2 0 2 1 3 3 0 3 
0.0002187500 2 0 2 1 3 3 2 2 
0.0001494375 2 0 2 1 3 3 2 3 
0.0002013125 2 0 2 1 3 3 3 0 
0.0002394375 2 0 2 2 0 0 1 1 
0.0002176250 2 0 2 2 0 0 1 3 
0.0000806250 2 0 2 2 0 1 0 0 
0.0001933750 2 0 2 2 0 1 0 2 
0.0000656250 2 0 2 2 0 1 1 1 
0.0001423750 2 0 2 2 0 1 1 3 
0.0001483750 2 0 2 2 0 2 0 2 
0.0002154375 2 0 2 2 0 2 1 1 
0.0001250000 2 0 2 2 0 3 2 0 
0.0002042500 2 0 2 2 0 3 3 1 
0.0002289375 2 0 2 2 0 3 3 3 
0.0000458750 2 0 2 2 1 0 0 1 
0.0000842500 2 0 2 2 1 0 1 2 
0.0002014375 2 0 2 2 1 0 2 3 
0.0000768750 2 0 2 2 1 1 2 1 
0.0000151875 2 0 2 2 1 1 2 3 
0.0001208750 2 0 2 2 1 2 0 1 
0.0000738125 2 0 2 2 1 2 1 2 
0.0001111875 2 0 2 2 1 2 3 2 
0.0001140000 2 0 2 2 1 3 0 1 
0.0000885625 2 0 2 2 1 3 1 2 
0.0000758125 2 0 2 2 1 3 2 1 
0.0001491250 2 0 2 2 2 0 0 2 
0.0000637500 2 0 2 2 2 0 2 0 
0.0001822500 2 0 2 2 2 0 2 2 
0.0001551875 2 0 2 2 2 1 0 0 
0.0001756250 2 0 2 2 2 1 0 2 
0.0000308125 2 0 2 2 2 1 1 1 
0.0002411875 2 0 2 2 2 1 1 3 
0.0000938750 2 0 2 2 2 1 3 3 
0.0002218750 2 0 2 2 2 2 0 0 
0.0002395000 2 0 2 2 2 2 0 2 
0.0000911250 2 0 2 2 2 2 1 1 
0.0000240000 2 0 2 2 2 2 1 3 
0.0000470000 2 0 2 2 2 2 2 2 
0.0000733750 2 0 2 2 2 3 1 1 
0.0000299375 2 0 2 2 2 3 1 3 
0.0001998125 2 0 2 2 2 3 2 0 
0.0000666250 2 0 2 2 2 3 3 1 
0.0001650625 2 0 2 2 3 0 0 1 
0.0002349375 2 0 2 2 3 0 0 3 
0.0001411875 2 0 2 2 3 0 1 0 
0.0000026250 2 0 2 2 3 0 1 2 
0.0000854375 2 0 2 2 3 0 2 3 
0.0001235000 2 0 2 2 3 1 0 1 
0.0000356875 2 0 2 2 3 1 3 0 
0.0001109375 2 0 2 2 3 2 0 3 
0.0000688750 2 0 2 2 3 2 1 0 
0.0001998750 2 0 2 2 3 2 1 2 
0.0000105625 2 0 2 2 3 2 2 1 
0.0002415625 2 0 2 2 3 2 3 0 
0.0001510625 2 0 2 2 3 3 0 3 
0.0000863125 2 0 2 2 3 3 2 3 
0.0000976250 2 0 2 3 0 0 0 0 
0.0000210625 2 0 2 3 0 0 1 1 
0.0000801875 2 0 2 3 0 0 3 2 
0.0001933750 2 0 2 3 0 1 0 3 
0.0001385000 2 0 2 3 0 1 1 1 
0.0002308750 2 0 2 3 0 1 3 2 
0.0001423125 2 0 2 3 0 2 0 0 
0.0001483750 2 0 2 3 0 2 0 3 
0.0000014375 2 0 2 3 0 2 1 2 
0.0001401875 2 0 2 3 0 2 2 0 
0.0002200000 2 0 2 3 0 2 3 2 
0.0000548750 2 0 2 3 0 3 1 1 
0.0001363125 2 0 2 3 0 3 1 2 
0.0001830000 2 0 2 3 0 3 2 0 
0.0001875625 2 0 2 3 0 3 3 1 
0.0000634375 2 0 2 3 1 0 0 1 
0.0002384375 2 0 2 3 1 0 0 2 
0.0000842500 2 0 2 3 1 0 1 3 
0.0000059375 2 0 2 3 1 1 0 1 
0.0001956250 2 0 2 3 1 1 0 2 
0.0000730000 2 0 2 3 1 1 2 1 
0.0000358750 2 0 2 3 1 1 3 0 
0.0000316875 2 0 2 3 1 2 0 2 
0.0001209375 2 0 2 3 1 2 1 0 
0.0000738125 2 0 2 3 1 2 1 3 
0.0001008750 2 0 2 3 1 2 2 1 
0.0000568750 2 0 2 3 1 2 2 2 
0.0001899375 2 0 2 3 1 2 3 0 
0.0001111875 2 0 2 3 1 2 3 3 
0.0000650625 2 0 2 3 1 3 0 1 
0.0001678750 2 0 2 3 1 3 0 2 
0.0000728125 2 0 2 3 1 3 1 0 
0.0000885625 2 0 2 3 1 3 1 3 
0.0000102500 2 0 2 3 1 3 2 2 
0.0001705000 2 0 2 3 1 3 3 0 
0.0001302500 2 0 2 3 2 0 0 0 
0.0001491250 2 0 2 3 2 0 0 3 
0.0000194375 2 0 2 3 2 0 1 2 
0.0001822500 2 0 2 3 2 0 2 3 
0.0001372500 2 0 2 3 2 0 3 2 
0.0002124375 2 0 2 3 2 1 0 0 
0.0001756250 2 0 2 3 2 1 0 3 
0.0002170625 2 0 2 3 2 1 2 0 
0.0000870625 2 0 2 3 2 1 3 1 
0.0000641250 2 0 2 3 2 2 0 0 
0.0002395000 2 0 2 3 2 2 0 3 
0.0002126875 2 0 2 3 2 2 1 1 
0.0000752500 2 0 2 3 2 2 2 0 
0.0000470000 2 0 2 3 2 2 2 3 
0.0001465625 2 0 2 3 2 2 3 1 
0.0002325000 2 0 2 3 2 2 3 2 
0.0000170000 2 0 2 3 2 3 0 0 
0.0001675000 2 0 2 3 2 3 1 1 
0.0001237500 2 0 2 3 2 3 2 0 
0.0001278750 2 0 2 3 2 3 3 2 
0.0001898750 2 0 2 3 3 0 0 1 
0.0000026250 2 0 2 3 3 0 1 3 
0.0001141250 2 0 2 3 3 1 0 2 
0.0001753750 2 0 2 3 3 1 1 0 
0.0002239375 2 0 2 3 3 1 2 1 
0.0000513125 2 0 2 3 3 1 2 2 
0.0001998750 2 0 2 3 3 2 1 3 
0.0000900000 2 0 2 3 3 2 2 1 
0.0000661250 2 0 2 3 3 2 2 2 
0.0000527500 2 0 2 3 3 2 3 0 
0.0001346875 2 0 2 3 3 3 1 0 
0.0000321875 2 0 3 0 0 0 0 0 
0.0002176250 2 0 3 0 0 0 0 1 
0.0000210625 2 0 3 0 0 0 0 2 
0.0001423750 2 0 3 0 0 1 0 1 
0.0001385000 2 0 3 0 0 1 0 2 
0.0000443125 2 0 3 0 0 1 3 1 
0.0001401875 2 0 3 0 0 2 3 3 
0.0000548750 2 0 3 0 0 3 0 2 
0.0001999375 2 0 3 0 0 3 0 3 
0.0002295625 2 0 3 0 0 3 3 1 
0.0001250000 2 0 3 0 0 3 3 2 
0.0001830000 2 0 3 0 0 3 3 3 
0.0000634375 2 0 3 0 1 0 1 2 
0.0000041250 2 0 3 0 1 0 2 0 
0.0001052500 2 0 3 0 1 0 2 1 
0.0000728125 2 0 3 0 1 0 2 2 
0.0002091250 2 0 3 0 1 0 2 3 
0.0001466875 2 0 3 0 1 1 1 0 
0.0000059375 2 0 3 0 1 1 1 2 
0.0002018125 2 0 3 0 1 1 1 3 
0.0000780000 2 0 3 0 1 1 2 0 
0.0000641250 2 0 3 0 1 1 2 1 
0.0002338750 2 0 3 0 1 1 2 2 
0.0000756250 2 0 3 0 1 2 1 0 
0.0000923750 2 0 3 0 1 2 2 1 
0.0001093750 2 0 3 0 1 2 2 2 
0.0000650625 2 0 3 0 1 3 1 2 
0.0000059375 2 0 3 0 1 3 2 0 
0.0002313750 2 0 3 0 1 3 2 1 
0.0000190625 2 0 3 0 1 3 2 2 
0.0000354375 2 0 3 0 2 0 0 0 
0.0000801250 2 0 3 0 2 0 0 3 
0.0001822500 2 0 3 0 2 0 3 0 
0.0000637500 2 0 3 0 2 0 3 2 
0.0001433750 2 0 3 0 2 1 0 0 
0.0002411875 2 0 3 0 2 1 0 1 
0.0002392500 2 0 3 0 2 1 3 1 
0.0002170625 2 0 3 0 2 1 3 3 
0.0000941875 2 0 3 0 2 2 0 0 
0.0000240000 2 0 3 0 2 2 0 1 
0.0002126875 2 0 3 0 2 2 0 2 
0.0000470000 2 0 3 0 2 2 3 0 
0.0001530000 2 0 3 0 2 2 3 1 
0.0000752500 2 0 3 0 2 2 3 3 
0.0000436250 2 0 3 0 2 3 0 0 
0.0000299375 2 0 3 0 2 3 0 1 
0.0001675000 2 0 3 0 2 3 0 2 
0.0001998125 2 0 3 0 2 3 3 2 
0.0001237500 2 0 3 0 2 3 3 3 
0.0002349375 2 0 3 0 3 0 1 1 
0.0001898750 2 0 3 0 3 0 1 2 
0.0001088125 2 0 3 0 3 0 2 0 
0.0002010625 2 0 3 0 3 0 2 1 
0.0002342500 2 0 3 0 3 0 2 2 
0.0001093125 2 0 3 0 3 0 2 3 
0.0000303125 2 0 3 0 3 1 1 0 
0.0000704375 2 0 3 0 3 1 2 0 
0.0000566250 2 0 3 0 3 1 2 3 
0.0000908750 2 0 3 0 3 2 1 0 
0.0001109375 2 0 3 0 3 2 1 1 
0.0002188750 2 0 3 0 3 2 1 3 
0.0002182500 2 0 3 0 3 2 2 0 
0.0000746250 2 0 3 0 3 3 1 0 
0.0001510625 2 0 3 0 3 3 1 1 
0.0002105000 2 0 3 0 3 3 1 3 
0.0001655625 2 0 3 0 3 3 2 0 
0.0000475625 2 0 3 0 3 3 2 2 
0.0002290625 2 0 3 0 3 3 2 3 
0.0002176250 2 0 3 1 0 0 0 0 
0.0000321875 2 0 3 1 0 0 0 1 
0.0001423750 2 0 3 1 0 1 0 0 
0.0001729375 2 0 3 1 0 1 1 2 
0.0000806250 2 0 3 1 0 1 1 3 
0.0000443125 2 0 3 1 0 1 3 0 
0.0002287500 2 0 3 1 0 3 1 2 
0.0002042500 2 0 3 1 0 3 2 2 
0.0001875625 2 0 3 1 0 3 2 3 
0.0002295625 2 0 3 1 0 3 3 0 
0.0001574375 2 0 3 1 1 0 0 2 
0.0001052500 2 0 3 1 1 0 2 0 
0.0000041250 2 0 3 1 1 0 2 1 
0.0000135000 2 0 3 1 1 0 3 2 
0.0000071875 2 0 3 1 1 0 3 3 
0.0002048750 2 0 3 1 1 1 0 2 
0.0001466875 2 0 3 1 1 1 1 1 
0.0000641250 2 0 3 1 1 1 2 0 
0.0000780000 2 0 3 1 1 1 2 1 
0.0000756250 2 0 3 1 1 2 1 1 
0.0000923750 2 0 3 1 1 2 2 0 
0.0001768750 2 0 3 1 1 2 3 2 
0.0002313750 2 0 3 1 1 3 2 0 
0.0000059375 2 0 3 1 1 3 2 1 
0.0001116250 2 0 3 1 1 3 3 3 
0.0000354375 2 0 3 1 2 0 0 1 
0.0001822500 2 0 3 1 2 0 3 1 
0.0002411875 2 0 3 1 2 1 0 0 
0.0001433750 2 0 3 1 2 1 0 1 
0.0001551875 2 0 3 1 2 1 1 3 
0.0000870625 2 0 3 1 2 1 2 3 
0.0002392500 2 0 3 1 2 1 3 0 
0.0000240000 2 0 3 1 2 2 0 0 
0.0000941875 2 0 3 1 2 2 0 1 
0.0002218750 2 0 3 1 2 2 1 3 
0.0001465625 2 0 3 1 2 2 2 3 
0.0001530000 2 0 3 1 2 2 3 0 
0.0000470000 2 0 3 1 2 2 3 1 
0.0000299375 2 0 3 1 2 3 0 0 
0.0000436250 2 0 3 1 2 3 0 1 
0.0000666250 2 0 3 1 2 3 2 2 
0.0000718750 2 0 3 1 3 0 0 2 
0.0001411875 2 0 3 1 3 0 0 3 
0.0002349375 2 0 3 1 3 0 1 0 
0.0002010625 2 0 3 1 3 0 2 0 
0.0001088125 2 0 3 1 3 0 2 1 
0.0000362500 2 0 3 1 3 0 3 2 
0.0002136875 2 0 3 1 3 0 3 3 
0.0000303125 2 0 3 1 3 1 1 1 
0.0000704375 2 0 3 1 3 1 2 1 
0.0000464375 2 0 3 1 3 1 3 2 
0.0001855000 2 0 3 1 3 2 0 2 
0.0000688750 2 0 3 1 3 2 0 3 
0.0001109375 2 0 3 1 3 2 1 0 
0.0000908750 2 0 3 1 3 2 1 1 
0.0002182500 2 0 3 1 3 2 2 1 
0.0001510625 2 0 3 1 3 3 1 0 
0.0000746250 2 0 3 1 3 3 1 1 
0.0001655625 2 0 3 1 3 3 2 1 
0.0002187500 2 0 3 1 3 3 3 2 
0.0001494375 2 0 3 1 3 3 3 3 
0.0000210625 2 0 3 2 0 0 0 0 
0.0000321875 2 0 3 2 0 0 0 2 
0.0000976250 2 0 3 2 0 0 1 1 
0.0000035000 2 0 3 2 0 0 1 3 
0.0001568750 2 0 3 2 0 0 2 1 
0.0000801875 2 0 3 2 0 0 2 3 
0.0001385000 2 0 3 2 0 1 0 0 
0.0000235625 2 0 3 2 0 1 2 1 
0.0002308750 2 0 3 2 0 1 2 3 
0.0001423125 2 0 3 2 0 2 1 1 
0.0000525000 2 0 3 2 0 2 2 1 
0.0002200000 2 0 3 2 0 2 2 3 
0.0000548750 2 0 3 2 0 3 0 0 
0.0001405625 2 0 3 2 0 3 1 3 
0.0001250000 2 0 3 2 0 3 3 0 
0.0000634375 2 0 3 2 1 0 1 0 
0.0000728125 2 0 3 2 1 0 2 0 
0.0000041250 2 0 3 2 1 0 2 2 
0.0002014375 2 0 3 2 1 0 3 3 
0.0001128125 2 0 3 2 1 1 0 3 
0.0000059375 2 0 3 2 1 1 1 0 
0.0001466875 2 0 3 2 1 1 1 2 
0.0002338750 2 0 3 2 1 1 2 0 
0.0000780000 2 0 3 2 1 1 2 2 
0.0000768750 2 0 3 2 1 1 3 1 
0.0000151875 2 0 3 2 1 1 3 3 
0.0001209375 2 0 3 2 1 2 0 1 
0.0000756250 2 0 3 2 1 2 1 2 
0.0001093750 2 0 3 2 1 2 2 0 
0.0000728125 2 0 3 2 1 3 0 1 
0.0000650625 2 0 3 2 1 3 1 0 
0.0000190625 2 0 3 2 1 3 2 0 
0.0000059375 2 0 3 2 1 3 2 2 
0.0000758125 2 0 3 2 1 3 3 1 
0.0000354375 2 0 3 2 2 0 0 2 
0.0001302500 2 0 3 2 2 0 1 1 
0.0001043125 2 0 3 2 2 0 2 1 
0.0001372500 2 0 3 2 2 0 2 3 
0.0000637500 2 0 3 2 2 0 3 0 
0.0001822500 2 0 3 2 2 0 3 2 
0.0001433750 2 0 3 2 2 1 0 2 
0.0002124375 2 0 3 2 2 1 1 1 
0.0000828125 2 0 3 2 2 1 1 3 
0.0000081250 2 0 3 2 2 1 2 1 
0.0002126875 2 0 3 2 2 2 0 0 
0.0000941875 2 0 3 2 2 2 0 2 
0.0000641250 2 0 3 2 2 2 1 1 
0.0000193750 2 0 3 2 2 2 1 3 
0.0001319375 2 0 3 2 2 2 2 1 
0.0002325000 2 0 3 2 2 2 2 3 
0.0000470000 2 0 3 2 2 2 3 2 
0.0001675000 2 0 3 2 2 3 0 0 
0.0000436250 2 0 3 2 2 3 0 2 
0.0000170000 2 0 3 2 2 3 1 1 
0.0001177500 2 0 3 2 2 3 1 3 
0.0001278750 2 0 3 2 2 3 2 3 
0.0001998125 2 0 3 2 2 3 3 0 
0.0000171250 2 0 3 2 3 0 0 3 
0.0001898750 2 0 3 2 3 0 1 0 
0.0002342500 2 0 3 2 3 0 2 0 
0.0001088125 2 0 3 2 3 0 2 2 
0.0000854375 2 0 3 2 3 0 3 3 
0.0001753750 2 0 3 2 3 1 0 1 
0.0000303125 2 0 3 2 3 1 1 2 
0.0000704375 2 0 3 2 3 1 2 2 
0.0000908750 2 0 3 2 3 2 1 2 
0.0002182500 2 0 3 2 3 2 2 2 
0.0000105625 2 0 3 2 3 2 3 1 
0.0001346875 2 0 3 2 3 3 0 1 
0.0000020000 2 0 3 2 3 3 0 3 
0.0000746250 2 0 3 2 3 3 1 2 
0.0000475625 2 0 3 2 3 3 2 0 
0.0001655625 2 0 3 2 3 3 2 2 
0.0000863125 2 0 3 2 3 3 3 3 
0.0000321875 2 0 3 3 0 0 0 3 
0.0001772500 2 0 3 3 0 0 1 1 
0.0002233750 2 0 3 3 0 0 2 1 
0.0000089375 2 0 3 3 0 1 1 2 
0.0001531875 2 0 3 3 0 1 2 1 
0.0000538125 2 0 3 3 0 2 1 1 
0.0002360625 2 0 3 3 0 2 1 2 
0.0001890000 2 0 3 3 0 2 2 1 
0.0001401875 2 0 3 3 0 2 3 0 
0.0001999375 2 0 3 3 0 3 0 0 
0.0001271875 2 0 3 3 0 3 1 1 
0.0002289375 2 0 3 3 0 3 2 2 
0.0001830000 2 0 3 3 0 3 3 0 
0.0001862500 2 0 3 3 1 0 0 1 
0.0002147500 2 0 3 3 1 0 0 2 
0.0002091250 2 0 3 3 1 0 2 0 
0.0000041250 2 0 3 3 1 0 2 3 
0.0000781875 2 0 3 3 1 1 0 1 
0.0002018125 2 0 3 3 1 1 1 0 
0.0001466875 2 0 3 3 1 1 1 3 
0.0000780000 2 0 3 3 1 1 2 3 
0.0000730000 2 0 3 3 1 1 3 1 
0.0001676875 2 0 3 3 1 2 0 1 
0.0001919375 2 0 3 3 1 2 0 2 
0.0000756250 2 0 3 3 1 2 1 3 
0.0001008750 2 0 3 3 1 2 3 1 
0.0000568750 2 0 3 3 1 2 3 2 
0.0001128750 2 0 3 3 1 3 0 1 
0.0000257500 2 0 3 3 1 3 0 2 
0.0000059375 2 0 3 3 1 3 2 3 
0.0000102500 2 0 3 3 1 3 3 2 
0.0000801250 2 0 3 3 2 0 0 0 
0.0000354375 2 0 3 3 2 0 0 3 
0.0000955000 2 0 3 3 2 0 1 1 
0.0000124375 2 0 3 3 2 0 1 2 
0.0001366250 2 0 3 3 2 0 2 1 
0.0001822500 2 0 3 3 2 0 3 3 
0.0001433750 2 0 3 3 2 1 0 3 
0.0000938750 2 0 3 3 2 1 2 2 
0.0002170625 2 0 3 3 2 1 3 0 
0.0000941875 2 0 3 3 2 2 0 3 
0.0000752500 2 0 3 3 2 2 3 0 
0.0000470000 2 0 3 3 2 2 3 3 
0.0000436250 2 0 3 3 2 3 0 3 
0.0001168125 2 0 3 3 2 3 1 1 
0.0000193750 2 0 3 3 2 3 2 1 
0.0001237500 2 0 3 3 2 3 3 0 
0.0001093125 2 0 3 3 3 0 2 0 
0.0001088125 2 0 3 3 3 0 2 3 
0.0000420000 2 0 3 3 3 1 0 1 
0.0002101250 2 0 3 3 3 1 0 2 
0.0000303125 2 0 3 3 3 1 1 3 
0.0000566250 2 0 3 3 3 1 2 0 
0.0000704375 2 0 3 3 3 1 2 3 
0.0002239375 2 0 3 3 3 1 3 1 
0.0000513125 2 0 3 3 3 1 3 2 
0.0001639375 2 0 3 3 3 2 0 2 
0.0002188750 2 0 3 3 3 2 1 0 
0.0000908750 2 0 3 3 3 2 1 3 
0.0002182500 2 0 3 3 3 2 2 3 
0.0000900000 2 0 3 3 3 2 3 1 
0.0000661250 2 0 3 3 3 2 3 2 
0.0000415000 2 0 3 3 3 3 0 1 
0.0002105000 2 0 3 3 3 3 1 0 
0.0000746250 2 0 3 3 3 3 1 3 
0.0002290625 2 0 3 3 3 3 2 0 
0.0001655625 2 0 3 3 3 3 2 3 
0.0000443125 2 1 0 0 0 0 0 1 
0.0002308750 2 1 0 0 0 0 1 1 
0.0001531875 2 1 0 0 0 0 1 2 
0.0001933750 2 1 0 0 0 0 2 0 
0.0000089375 2 1 0 0 0 0 2 1 
0.0000806250 2 1 0 0 0 0 2 2 
0.0001423750 2 1 0 0 0 0 3 1 
0.0001385000 2 1 0 0 0 0 3 2 
0.0001794375 2 1 0 0 0 1 1 0 
0.0000801875 2 1 0 0 0 1 1 1 
0.0002233750 2 1 0 0 0 1 1 2 
0.0000976250 2 1 0 0 0 1 2 3 
0.0000321875 2 1 0 0 0 1 3 0 
0.0002176250 2 1 0 0 0 1 3 1 
0.0000210625 2 1 0 0 0 1 3 2 
0.0001705000 2 1 0 0 1 2 1 3 
0.0000650625 2 1 0 0 1 2 2 2 
0.0001128750 2 1 0 0 1 2 3 2 
0.0000151250 2 1 0 0 1 3 0 0 
0.0000568750 2 1 0 0 1 3 0 1 
0.0000923750 2 1 0 0 1 3 1 1 
0.0001093750 2 1 0 0 1 3 1 2 
0.0000316875 2 1 0 0 1 3 2 1 
0.0001877500 2 1 0 0 1 3 2 2 
0.0001208750 2 1 0 0 1 3 2 3 
0.0000738125 2 1 0 0 1 3 3 0 
0.0001919375 2 1 0 0 1 3 3 1 
0.0001209375 2 1 0 0 1 3 3 3 
0.0002392500 2 1 0 0 2 0 0 1 
0.0002170625 2 1 0 0 2 0 0 3 
0.0001326250 2 1 0 0 2 0 1 0 
0.0001756250 2 1 0 0 2 0 2 0 
0.0001551875 2 1 0 0 2 0 2 2 
0.0002124375 2 1 0 0 2 0 2 3 
0.0001433750 2 1 0 0 2 0 3 0 
0.0002411875 2 1 0 0 2 0 3 1 
0.0001822500 2 1 0 0 2 1 0 0 
0.0000637500 2 1 0 0 2 1 0 2 
0.0001372500 2 1 0 0 2 1 1 1 
0.0001366250 2 1 0 0 2 1 1 2 
0.0001491250 2 1 0 0 2 1 2 0 
0.0000124375 2 1 0 0 2 1 2 1 
0.0001302500 2 1 0 0 2 1 2 3 
0.0000354375 2 1 0 0 2 1 3 0 
0.0000801250 2 1 0 0 2 1 3 3 
0.0000863125 2 1 0 0 3 2 0 1 
0.0002187500 2 1 0 0 3 2 0 3 
0.0002013125 2 1 0 0 3 2 1 1 
0.0000746250 2 1 0 0 3 2 2 0 
0.0001510625 2 1 0 0 3 2 2 1 
0.0002105000 2 1 0 0 3 2 2 3 
0.0002388125 2 1 0 0 3 2 3 0 
0.0000020000 2 1 0 0 3 2 3 1 
0.0000415000 2 1 0 0 3 2 3 2 
0.0000661250 2 1 0 0 3 3 0 1 
0.0000105625 2 1 0 0 3 3 0 3 
0.0002182500 2 1 0 0 3 3 1 0 
0.0000841250 2 1 0 0 3 3 2 2 
0.0001998750 2 1 0 0 3 3 3 0 
0.0001639375 2 1 0 0 3 3 3 1 
0.0000688750 2 1 0 0 3 3 3 2 
0.0000443125 2 1 0 1 0 0 0 0 
0.0002308750 2 1 0 1 0 0 1 0 
0.0000089375 2 1 0 1 0 0 2 0 
0.0001933750 2 1 0 1 0 0 2 1 
0.0001423750 2 1 0 1 0 0 3 0 
0.0000801875 2 1 0 1 0 1 1 0 
0.0001794375 2 1 0 1 0 1 1 1 
0.0002176250 2 1 0 1 0 1 3 0 
0.0000321875 2 1 0 1 0 1 3 1 
0.0001250000 2 1 0 1 0 2 0 3 
0.0002287500 2 1 0 1 0 2 2 2 
0.0000548750 2 1 0 1 0 2 3 3 
0.0001401875 2 1 0 1 0 3 0 2 
0.0001669375 2 1 0 1 0 3 0 3 
0.0001423125 2 1 0 1 0 3 2 2 
0.0000538125 2 1 0 1 0 3 2 3 
0.0001878125 2 1 0 1 0 3 3 3 
0.0000358750 2 1 0 1 1 0 1 2 
0.0002338750 2 1 0 1 1 0 1 3 
0.0002018125 2 1 0 1 1 0 2 2 
0.0002048750 2 1 0 1 1 0 3 2 
0.0000135000 2 1 0 1 1 1 0 2 
0.0000071875 2 1 0 1 1 1 0 3 
0.0000728125 2 1 0 1 1 1 1 3 
0.0001574375 2 1 0 1 1 1 3 2 
0.0000568750 2 1 0 1 1 3 0 0 
0.0000151250 2 1 0 1 1 3 0 1 
0.0000923750 2 1 0 1 1 3 1 0 
0.0000316875 2 1 0 1 1 3 2 0 
0.0001919375 2 1 0 1 1 3 3 0 
0.0000738125 2 1 0 1 1 3 3 1 
0.0002392500 2 1 0 1 2 0 0 0 
0.0001326250 2 1 0 1 2 0 1 1 
0.0001756250 2 1 0 1 2 0 2 1 
0.0002411875 2 1 0 1 2 0 3 0 
0.0001433750 2 1 0 1 2 0 3 1 
0.0001822500 2 1 0 1 2 1 0 1 
0.0001372500 2 1 0 1 2 1 1 0 
0.0000124375 2 1 0 1 2 1 2 0 
0.0001491250 2 1 0 1 2 1 2 1 
0.0000354375 2 1 0 1 2 1 3 1 
0.0001998125 2 1 0 1 2 2 0 3 
0.0000193750 2 1 0 1 2 2 1 3 
0.0000733750 2 1 0 1 2 2 3 2 
0.0001675000 2 1 0 1 2 2 3 3 
0.0000752500 2 1 0 1 2 3 0 2 
0.0000395625 2 1 0 1 2 3 0 3 
0.0001465625 2 1 0 1 2 3 1 3 
0.0000641250 2 1 0 1 2 3 2 2 
0.0000464375 2 1 0 1 3 0 0 2 
0.0000338125 2 1 0 1 3 0 2 3 
0.0000362500 2 1 0 1 3 1 0 2 
0.0002136875 2 1 0 1 3 1 0 3 
0.0002342500 2 1 0 1 3 1 1 3 
0.0000718750 2 1 0 1 3 1 3 2 
0.0001411875 2 1 0 1 3 1 3 3 
0.0000863125 2 1 0 1 3 2 0 0 
0.0002013125 2 1 0 1 3 2 1 0 
0.0001510625 2 1 0 1 3 2 2 0 
0.0000746250 2 1 0 1 3 2 2 1 
0.0000020000 2 1 0 1 3 2 3 0 
0.0002388125 2 1 0 1 3 2 3 1 
0.0000661250 2 1 0 1 3 3 0 0 
0.0002182500 2 1 0 1 3 3 1 1 
0.0001639375 2 1 0 1 3 3 3 0 
0.0001998750 2 1 0 1 3 3 3 1 
0.0001531875 2 1 0 2 0 0 1 0 
0.0000806250 2 1 0 2 0 0 2 0 
0.0001933750 2 1 0 2 0 0 2 2 
0.0001385000 2 1 0 2 0 0 3 0 
0.0002233750 2 1 0 2 0 1 1 0 
0.0001794375 2 1 0 2 0 1 1 2 
0.0000210625 2 1 0 2 0 1 3 0 
0.0000321875 2 1 0 2 0 1 3 2 
0.0001830000 2 1 0 2 0 2 0 1 
0.0002042500 2 1 0 2 0 2 1 1 
0.0002289375 2 1 0 2 0 2 1 3 
0.0001405625 2 1 0 2 0 2 2 3 
0.0001999375 2 1 0 2 0 2 3 1 
0.0001363125 2 1 0 2 0 2 3 3 
0.0000525000 2 1 0 2 0 3 1 1 
0.0002200000 2 1 0 2 0 3 1 3 
0.0002360625 2 1 0 2 0 3 2 3 
0.0002154375 2 1 0 2 0 3 3 1 
0.0000768750 2 1 0 2 1 0 0 1 
0.0000151875 2 1 0 2 1 0 0 3 
0.0001128125 2 1 0 2 1 0 3 3 
0.0002014375 2 1 0 2 1 1 0 3 
0.0002091250 2 1 0 2 1 1 1 1 
0.0000458750 2 1 0 2 1 1 2 1 
0.0000650625 2 1 0 2 1 2 2 0 
0.0001128750 2 1 0 2 1 2 3 0 
0.0000151250 2 1 0 2 1 3 0 2 
0.0001093750 2 1 0 2 1 3 1 0 
0.0001877500 2 1 0 2 1 3 2 0 
0.0000738125 2 1 0 2 1 3 3 2 
0.0001326250 2 1 0 2 2 0 1 2 
0.0001551875 2 1 0 2 2 0 2 0 
0.0001756250 2 1 0 2 2 0 2 2 
0.0001433750 2 1 0 2 2 0 3 2 
0.0000637500 2 1 0 2 2 1 0 0 
0.0001822500 2 1 0 2 2 1 0 2 
0.0001366250 2 1 0 2 2 1 1 0 
0.0001491250 2 1 0 2 2 1 2 2 
0.0000354375 2 1 0 2 2 1 3 2 
0.0001237500 2 1 0 2 2 2 0 1 
0.0002296250 2 1 0 2 2 2 0 3 
0.0000666250 2 1 0 2 2 2 1 1 
0.0000170000 2 1 0 2 2 2 2 1 
0.0001177500 2 1 0 2 2 2 2 3 
0.0001530000 2 1 0 2 2 3 0 3 
0.0001319375 2 1 0 2 2 3 1 1 
0.0002325000 2 1 0 2 2 3 1 3 
0.0000911250 2 1 0 2 2 3 3 1 
0.0000240000 2 1 0 2 2 3 3 3 
0.0000566250 2 1 0 2 3 0 1 1 
0.0000081875 2 1 0 2 3 0 1 3 
0.0001235000 2 1 0 2 3 0 2 1 
0.0001753750 2 1 0 2 3 0 3 1 
0.0000854375 2 1 0 2 3 1 0 3 
0.0001093125 2 1 0 2 3 1 1 1 
0.0001650625 2 1 0 2 3 1 2 1 
0.0002349375 2 1 0 2 3 1 2 3 
0.0000171250 2 1 0 2 3 1 3 3 
0.0000746250 2 1 0 2 3 2 2 2 
0.0000415000 2 1 0 2 3 2 3 0 
0.0002388125 2 1 0 2 3 2 3 2 
0.0002182500 2 1 0 2 3 3 1 2 
0.0000841250 2 1 0 2 3 3 2 0 
0.0000688750 2 1 0 2 3 3 3 0 
0.0001998750 2 1 0 2 3 3 3 2 
0.0001933750 2 1 0 3 0 0 2 3 
0.0001794375 2 1 0 3 0 1 1 3 
0.0000976250 2 1 0 3 0 1 2 0 
0.0000321875 2 1 0 3 0 1 3 3 
0.0002295625 2 1 0 3 0 2 0 2 
0.0001875625 2 1 0 3 0 2 1 1 
0.0001271875 2 1 0 3 0 2 2 1 
0.0001603750 2 1 0 3 0 3 0 2 
0.0001890000 2 1 0 3 0 3 1 1 
0.0000014375 2 1 0 3 0 3 3 2 
0.0000730000 2 1 0 3 1 0 0 1 
0.0000641250 2 1 0 3 1 0 1 2 
0.0000059375 2 1 0 3 1 0 2 1 
0.0001956250 2 1 0 3 1 0 2 2 
0.0000781875 2 1 0 3 1 0 3 1 
0.0001052500 2 1 0 3 1 1 1 2 
0.0000634375 2 1 0 3 1 1 2 1 
0.0002384375 2 1 0 3 1 1 2 2 
0.0001862500 2 1 0 3 1 1 3 1 
0.0002147500 2 1 0 3 1 1 3 2 
0.0001705000 2 1 0 3 1 2 1 0 
0.0000151250 2 1 0 3 1 3 0 3 
0.0001208750 2 1 0 3 1 3 2 0 
0.0001209375 2 1 0 3 1 3 3 0 
0.0000738125 2 1 0 3 1 3 3 3 
0.0002170625 2 1 0 3 2 0 0 0 
0.0001326250 2 1 0 3 2 0 1 3 
0.0002124375 2 1 0 3 2 0 2 0 
0.0001756250 2 1 0 3 2 0 2 3 
0.0001433750 2 1 0 3 2 0 3 3 
0.0001822500 2 1 0 3 2 1 0 3 
0.0001302500 2 1 0 3 2 1 2 0 
0.0001491250 2 1 0 3 2 1 2 3 
0.0000801250 2 1 0 3 2 1 3 0 
0.0000354375 2 1 0 3 2 1 3 3 
0.0001278750 2 1 0 3 2 2 1 2 
0.0001168125 2 1 0 3 2 2 2 1 
0.0000299375 2 1 0 3 2 2 3 2 
0.0002218750 2 1 0 3 2 3 2 1 
0.0000193750 2 1 0 3 2 3 2 2 
0.0002126875 2 1 0 3 2 3 3 1 
0.0002239375 2 1 0 3 3 0 0 1 
0.0000513125 2 1 0 3 3 0 0 2 
0.0000356875 2 1 0 3 3 0 1 1 
0.0001141250 2 1 0 3 3 0 2 2 
0.0000420000 2 1 0 3 3 0 3 1 
0.0002101250 2 1 0 3 3 0 3 2 
0.0002010625 2 1 0 3 3 1 1 2 
0.0001898750 2 1 0 3 3 1 2 1 
0.0002187500 2 1 0 3 3 2 0 0 
0.0002105000 2 1 0 3 3 2 2 0 
0.0000746250 2 1 0 3 3 2 2 3 
0.0002388125 2 1 0 3 3 2 3 3 
0.0000105625 2 1 0 3 3 3 0 0 
0.0002182500 2 1 0 3 3 3 1 3 
0.0001998750 2 1 0 3 3 3 3 3 
0.0002308750 2 1 1 0 0 0 0 1 
0.0001531875 2 1 1 0 0 0 0 2 
0.0000443125 2 1 1 0 0 0 1 1 
0.0001794375 2 1 1 0 0 1 0 0 
0.0000801875 2 1 1 0 0 1 0 1 
0.0002233750 2 1 1 0 0 1 0 2 
0.0001465000 2 1 1 0 0 2 2 0 
0.0001363125 2 1 1 0 0 2 2 1 
0.0000538125 2 1 1 0 0 3 3 2 
0.0000438125 2 1 1 0 1 0 2 0 
0.0001128125 2 1 1 0 1 0 2 1 
0.0000781875 2 1 1 0 1 0 2 2 
0.0002048750 2 1 1 0 1 0 2 3 
0.0001956250 2 1 1 0 1 0 3 1 
0.0001862500 2 1 1 0 1 1 2 2 
0.0001574375 2 1 1 0 1 1 2 3 
0.0001311250 2 1 1 0 1 1 3 0 
0.0002384375 2 1 1 0 1 1 3 1 
0.0000458750 2 1 1 0 1 1 3 3 
0.0001705000 2 1 1 0 1 2 0 3 
0.0000923750 2 1 1 0 1 3 0 1 
0.0001093750 2 1 1 0 1 3 0 2 
0.0000151250 2 1 1 0 1 3 1 0 
0.0000568750 2 1 1 0 1 3 1 1 
0.0001326250 2 1 1 0 2 0 0 0 
0.0002392500 2 1 1 0 2 0 1 1 
0.0002170625 2 1 1 0 2 0 1 3 
0.0001372500 2 1 1 0 2 1 0 1 
0.0001366250 2 1 1 0 2 1 0 2 
0.0001822500 2 1 1 0 2 1 1 0 
0.0000637500 2 1 1 0 2 1 1 2 
0.0000733750 2 1 1 0 2 2 2 3 
0.0000170000 2 1 1 0 2 2 3 3 
0.0000941875 2 1 1 0 2 3 2 0 
0.0000240000 2 1 1 0 2 3 2 1 
0.0002126875 2 1 1 0 2 3 2 2 
0.0000193750 2 1 1 0 2 3 3 1 
0.0001456250 2 1 1 0 3 0 2 0 
0.0000420000 2 1 1 0 3 0 2 2 
0.0001141250 2 1 1 0 3 0 3 1 
0.0000338125 2 1 1 0 3 0 3 2 
0.0001235000 2 1 1 0 3 0 3 3 
0.0000171250 2 1 1 0 3 1 2 1 
0.0000718750 2 1 1 0 3 1 2 3 
0.0000835000 2 1 1 0 3 1 3 0 
0.0001650625 2 1 1 0 3 1 3 3 
0.0002013125 2 1 1 0 3 2 0 1 
0.0000863125 2 1 1 0 3 2 1 1 
0.0002187500 2 1 1 0 3 2 1 3 
0.0002182500 2 1 1 0 3 3 0 0 
0.0000661250 2 1 1 0 3 3 1 1 
0.0000105625 2 1 1 0 3 3 1 3 
0.0002308750 2 1 1 1 0 0 0 0 
0.0000443125 2 1 1 1 0 0 1 0 
0.0000656250 2 1 1 1 0 0 2 2 
0.0001385000 2 1 1 1 0 0 2 3 
0.0000801875 2 1 1 1 0 1 0 0 
0.0001794375 2 1 1 1 0 1 0 1 
0.0002394375 2 1 1 1 0 1 2 2 
0.0000210625 2 1 1 1 0 1 2 3 
0.0000976250 2 1 1 1 0 1 3 2 
0.0001772500 2 1 1 1 0 1 3 3 
0.0001250000 2 1 1 1 0 2 1 3 
0.0001363125 2 1 1 1 0 2 2 0 
0.0001465000 2 1 1 1 0 2 2 1 
0.0001401875 2 1 1 1 0 3 1 2 
0.0001669375 2 1 1 1 0 3 1 3 
0.0000358750 2 1 1 1 1 0 0 2 
0.0002338750 2 1 1 1 1 0 0 3 
0.0001128125 2 1 1 1 1 0 2 0 
0.0000438125 2 1 1 1 1 0 2 1 
0.0001956250 2 1 1 1 1 0 3 0 
0.0000728125 2 1 1 1 1 1 0 3 
0.0000135000 2 1 1 1 1 1 1 2 
0.0000071875 2 1 1 1 1 1 1 3 
0.0002384375 2 1 1 1 1 1 3 0 
0.0001311250 2 1 1 1 1 1 3 1 
0.0000728125 2 1 1 1 1 2 2 2 
0.0001128750 2 1 1 1 1 2 2 3 
0.0000923750 2 1 1 1 1 3 0 0 
0.0000568750 2 1 1 1 1 3 1 0 
0.0000151250 2 1 1 1 1 3 1 1 
0.0001208750 2 1 1 1 1 3 3 2 
0.0001326250 2 1 1 1 2 0 0 1 
0.0002392500 2 1 1 1 2 0 1 0 
0.0000308125 2 1 1 1 2 0 2 2 
0.0002124375 2 1 1 1 2 0 3 2 
0.0001372500 2 1 1 1 2 1 0 0 
0.0001822500 2 1 1 1 2 1 1 1 
0.0001302500 2 1 1 1 2 1 3 2 
0.0000955000 2 1 1 1 2 1 3 3 
0.0000193750 2 1 1 1 2 2 0 3 
0.0001998125 2 1 1 1 2 2 1 3 
0.0001465625 2 1 1 1 2 3 0 3 
0.0000752500 2 1 1 1 2 3 1 2 
0.0000395625 2 1 1 1 2 3 1 3 
0.0000240000 2 1 1 1 2 3 2 0 
0.0000941875 2 1 1 1 2 3 2 1 
0.0000193750 2 1 1 1 2 3 3 0 
0.0000464375 2 1 1 1 3 0 1 2 
0.0001456250 2 1 1 1 3 0 2 1 
0.0001141250 2 1 1 1 3 0 3 0 
0.0002342500 2 1 1 1 3 1 0 3 
0.0000362500 2 1 1 1 3 1 1 2 
0.0002136875 2 1 1 1 3 1 1 3 
0.0000171250 2 1 1 1 3 1 2 0 
0.0000835000 2 1 1 1 3 1 3 1 
0.0002013125 2 1 1 1 3 2 0 0 
0.0000863125 2 1 1 1 3 2 1 0 
0.0001346875 2 1 1 1 3 2 2 2 
0.0000415000 2 1 1 1 3 2 2 3 
0.0002105000 2 1 1 1 3 2 3 2 
0.0000754375 2 1 1 1 3 2 3 3 
0.0002182500 2 1 1 1 3 3 0 1 
0.0000661250 2 1 1 1 3 3 1 0 
0.0001855000 2 1 1 1 3 3 2 2 
0.0000688750 2 1 1 1 3 3 2 3 
0.0001531875 2 1 1 2 0 0 0 0 
0.0001729375 2 1 1 2 0 0 3 1 
0.0000089375 2 1 1 2 0 0 3 3 
0.0002233750 2 1 1 2 0 1 0 0 
0.0001794375 2 1 1 2 0 1 0 2 
0.0002042500 2 1 1 2 0 2 0 1 
0.0002289375 2 1 1 2 0 2 0 3 
0.0001830000 2 1 1 2 0 2 1 1 
0.0001465000 2 1 1 2 0 2 2 2 
0.0000525000 2 1 1 2 0 3 0 1 
0.0002200000 2 1 1 2 0 3 0 3 
0.0000538125 2 1 1 2 0 3 3 0 
0.0000768750 2 1 1 2 1 0 1 1 
0.0000151875 2 1 1 2 1 0 1 3 
0.0000781875 2 1 1 2 1 0 2 0 
0.0000438125 2 1 1 2 1 0 2 2 
0.0002091250 2 1 1 2 1 1 0 1 
0.0002014375 2 1 1 2 1 1 1 3 
0.0001862500 2 1 1 2 1 1 2 0 
0.0001311250 2 1 1 2 1 1 3 2 
0.0000257500 2 1 1 2 1 2 2 3 
0.0001140000 2 1 1 2 1 2 3 1 
0.0001093750 2 1 1 2 1 3 0 0 
0.0000151250 2 1 1 2 1 3 1 2 
0.0001209375 2 1 1 2 1 3 2 1 
0.0000316875 2 1 1 2 1 3 3 3 
0.0001326250 2 1 1 2 2 0 0 2 
0.0001366250 2 1 1 2 2 1 0 0 
0.0000637500 2 1 1 2 2 1 1 0 
0.0001822500 2 1 1 2 2 1 1 2 
0.0000801250 2 1 1 2 2 1 2 1 
0.0000194375 2 1 1 2 2 1 2 3 
0.0000124375 2 1 1 2 2 1 3 3 
0.0000666250 2 1 1 2 2 2 0 1 
0.0001237500 2 1 1 2 2 2 1 1 
0.0002296250 2 1 1 2 2 2 1 3 
0.0001319375 2 1 1 2 2 3 0 1 
0.0002325000 2 1 1 2 2 3 0 3 
0.0001530000 2 1 1 2 2 3 1 3 
0.0002126875 2 1 1 2 2 3 2 0 
0.0000941875 2 1 1 2 2 3 2 2 
0.0000566250 2 1 1 2 3 0 0 1 
0.0000081875 2 1 1 2 3 0 0 3 
0.0000420000 2 1 1 2 3 0 2 0 
0.0001456250 2 1 1 2 3 0 2 2 
0.0000338125 2 1 1 2 3 0 3 0 
0.0001093125 2 1 1 2 3 1 0 1 
0.0000854375 2 1 1 2 3 1 1 3 
0.0000835000 2 1 1 2 3 1 3 2 
0.0001510625 2 1 1 2 3 2 3 3 
0.0002182500 2 1 1 2 3 3 0 2 
0.0002188750 2 1 1 2 3 3 3 1 
0.0001423750 2 1 1 3 0 0 2 2 
0.0000806250 2 1 1 3 0 0 3 1 
0.0001794375 2 1 1 3 0 1 0 3 
0.0002176250 2 1 1 3 0 1 2 2 
0.0000035000 2 1 1 3 0 1 3 2 
0.0001875625 2 1 1 3 0 2 0 1 
0.0002295625 2 1 1 3 0 2 1 2 
0.0001465000 2 1 1 3 0 2 2 3 
0.0001890000 2 1 1 3 0 3 0 1 
0.0001603750 2 1 1 3 0 3 1 2 
0.0000641250 2 1 1 3 1 0 0 2 
0.0000730000 2 1 1 3 1 0 1 1 
0.0002048750 2 1 1 3 1 0 2 0 
0.0000438125 2 1 1 3 1 0 2 3 
0.0001052500 2 1 1 3 1 1 0 2 
0.0001574375 2 1 1 3 1 1 2 0 
0.0000458750 2 1 1 3 1 1 3 0 
0.0001311250 2 1 1 3 1 1 3 3 
0.0001705000 2 1 1 3 1 2 0 0 
0.0000650625 2 1 1 3 1 2 3 1 
0.0001678750 2 1 1 3 1 2 3 2 
0.0000151250 2 1 1 3 1 3 1 3 
0.0001676875 2 1 1 3 1 3 2 1 
0.0001919375 2 1 1 3 1 3 2 2 
0.0001877500 2 1 1 3 1 3 3 1 
0.0001326250 2 1 1 3 2 0 0 3 
0.0002170625 2 1 1 3 2 0 1 0 
0.0000563125 2 1 1 3 2 0 2 1 
0.0002411875 2 1 1 3 2 0 2 2 
0.0001551875 2 1 1 3 2 0 3 1 
0.0000828125 2 1 1 3 2 0 3 2 
0.0001822500 2 1 1 3 2 1 1 3 
0.0001520625 2 1 1 3 2 1 2 1 
0.0001278750 2 1 1 3 2 2 0 2 
0.0000733750 2 1 1 3 2 2 2 0 
0.0000170000 2 1 1 3 2 2 3 0 
0.0000941875 2 1 1 3 2 3 2 3 
0.0000356875 2 1 1 3 3 0 0 1 
0.0002239375 2 1 1 3 3 0 1 1 
0.0000513125 2 1 1 3 3 0 1 2 
0.0001456250 2 1 1 3 3 0 2 3 
0.0001235000 2 1 1 3 3 0 3 0 
0.0002010625 2 1 1 3 3 1 0 2 
0.0000718750 2 1 1 3 3 1 2 0 
0.0001650625 2 1 1 3 3 1 3 0 
0.0000835000 2 1 1 3 3 1 3 3 
0.0002187500 2 1 1 3 3 2 1 0 
0.0000020000 2 1 1 3 3 2 2 2 
0.0002182500 2 1 1 3 3 3 0 3 
0.0000105625 2 1 1 3 3 3 1 0 
0.0001639375 2 1 1 3 3 3 2 2 
0.0000841250 2 1 1 3 3 3 3 1 
0.0001109375 2 1 1 3 3 3 3 2 
0.0001933750 2 1 2 0 0 0 0 0 
0.0000089375 2 1 2 0 0 0 0 1 
0.0000806250 2 1 2 0 0 0 0 2 
0.0000443125 2 1 2 0 0 0 2 1 
0.0000976250 2 1 2 0 0 1 0 3 
0.0000548750 2 1 2 0 0 2 1 2 
0.0001999375 2 1 2 0 0 2 1 3 
0.0002018125 2 1 2 0 0 2 3 0 
0.0002289375 2 1 2 0 0 2 3 1 
0.0001875625 2 1 2 0 0 2 3 2 
0.0001456875 2 1 2 0 0 3 1 0 
0.0000014375 2 1 2 0 0 3 1 1 
0.0001878125 2 1 2 0 0 3 1 2 
0.0002154375 2 1 2 0 0 3 1 3 
0.0002200000 2 1 2 0 0 3 3 1 
0.0001890000 2 1 2 0 0 3 3 2 
0.0000358750 2 1 2 0 1 0 3 3 
0.0000842500 2 1 2 0 1 1 1 0 
0.0002147500 2 1 2 0 1 1 1 1 
0.0000650625 2 1 2 0 1 2 0 2 
0.0000316875 2 1 2 0 1 3 0 1 
0.0001877500 2 1 2 0 1 3 0 2 
0.0001208750 2 1 2 0 1 3 0 3 
0.0000151250 2 1 2 0 1 3 2 0 
0.0000568750 2 1 2 0 1 3 2 1 
0.0001756250 2 1 2 0 2 0 0 0 
0.0001551875 2 1 2 0 2 0 0 2 
0.0002124375 2 1 2 0 2 0 0 3 
0.0002392500 2 1 2 0 2 0 2 1 
0.0002170625 2 1 2 0 2 0 2 3 
0.0001491250 2 1 2 0 2 1 0 0 
0.0000124375 2 1 2 0 2 1 0 1 
0.0001302500 2 1 2 0 2 1 0 3 
0.0001822500 2 1 2 0 2 1 2 0 
0.0000637500 2 1 2 0 2 1 2 2 
0.0000436250 2 1 2 0 2 2 1 0 
0.0000299375 2 1 2 0 2 2 1 1 
0.0001675000 2 1 2 0 2 2 1 2 
0.0000911250 2 1 2 0 2 3 1 3 
0.0002292500 2 1 2 0 2 3 3 0 
0.0002325000 2 1 2 0 2 3 3 1 
0.0002101250 2 1 2 0 3 0 1 1 
0.0001753750 2 1 2 0 3 0 1 3 
0.0000081875 2 1 2 0 3 0 3 1 
0.0000356875 2 1 2 0 3 0 3 2 
0.0000026250 2 1 2 0 3 1 1 0 
0.0001411875 2 1 2 0 3 1 1 2 
0.0000746250 2 1 2 0 3 2 0 0 
0.0001510625 2 1 2 0 3 2 0 1 
0.0002105000 2 1 2 0 3 2 0 3 
0.0000863125 2 1 2 0 3 2 2 1 
0.0002187500 2 1 2 0 3 2 2 3 
0.0000841250 2 1 2 0 3 3 0 2 
0.0000661250 2 1 2 0 3 3 2 1 
0.0000105625 2 1 2 0 3 3 2 3 
0.0000089375 2 1 2 1 0 0 0 0 
0.0001933750 2 1 2 1 0 0 0 1 
0.0000443125 2 1 2 1 0 0 2 0 
0.0000235625 2 1 2 1 0 0 3 2 
0.0001531875 2 1 2 1 0 0 3 3 
0.0001568750 2 1 2 1 0 1 3 2 
0.0002233750 2 1 2 1 0 1 3 3 
0.0002287500 2 1 2 1 0 2 0 2 
0.0001250000 2 1 2 1 0 2 2 3 
0.0002289375 2 1 2 1 0 2 3 0 
0.0002018125 2 1 2 1 0 2 3 1 
0.0001423125 2 1 2 1 0 3 0 2 
0.0000538125 2 1 2 1 0 3 0 3 
0.0000014375 2 1 2 1 0 3 1 0 
0.0001456875 2 1 2 1 0 3 1 1 
0.0001401875 2 1 2 1 0 3 2 2 
0.0001669375 2 1 2 1 0 3 2 3 
0.0002200000 2 1 2 1 0 3 3 0 
0.0002018125 2 1 2 1 1 0 0 2 
0.0002147500 2 1 2 1 1 1 1 0 
0.0000842500 2 1 2 1 1 1 1 1 
0.0000135000 2 1 2 1 1 1 2 2 
0.0000071875 2 1 2 1 1 1 2 3 
0.0000316875 2 1 2 1 1 3 0 0 
0.0001209375 2 1 2 1 1 3 1 2 
0.0001676875 2 1 2 1 1 3 1 3 
0.0000568750 2 1 2 1 1 3 2 0 
0.0000151250 2 1 2 1 1 3 2 1 
0.0001899375 2 1 2 1 1 3 3 2 
0.0001093750 2 1 2 1 1 3 3 3 
0.0001756250 2 1 2 1 2 0 0 1 
0.0000563125 2 1 2 1 2 0 1 3 
0.0002392500 2 1 2 1 2 0 2 0 
0.0000081250 2 1 2 1 2 0 3 2 
0.0000124375 2 1 2 1 2 1 0 0 
0.0001491250 2 1 2 1 2 1 0 1 
0.0000801250 2 1 2 1 2 1 1 2 
0.0001520625 2 1 2 1 2 1 1 3 
0.0001822500 2 1 2 1 2 1 2 1 
0.0001043125 2 1 2 1 2 1 3 2 
0.0001366250 2 1 2 1 2 1 3 3 
0.0000299375 2 1 2 1 2 2 1 0 
0.0000436250 2 1 2 1 2 2 1 1 
0.0001998125 2 1 2 1 2 2 2 3 
0.0000641250 2 1 2 1 2 3 0 2 
0.0000752500 2 1 2 1 2 3 2 2 
0.0000395625 2 1 2 1 2 3 2 3 
0.0002325000 2 1 2 1 2 3 3 0 
0.0002292500 2 1 2 1 2 3 3 1 
0.0000338125 2 1 2 1 3 0 0 3 
0.0002101250 2 1 2 1 3 0 1 0 
0.0000464375 2 1 2 1 3 0 2 2 
0.0000081875 2 1 2 1 3 0 3 0 
0.0000026250 2 1 2 1 3 1 1 1 
0.0000362500 2 1 2 1 3 1 2 2 
0.0002136875 2 1 2 1 3 1 2 3 
0.0001510625 2 1 2 1 3 2 0 0 
0.0000746250 2 1 2 1 3 2 0 1 
0.0000863125 2 1 2 1 3 2 2 0 
0.0002290625 2 1 2 1 3 2 3 2 
0.0000661250 2 1 2 1 3 3 2 0 
0.0000527500 2 1 2 1 3 3 3 2 
0.0000806250 2 1 2 2 0 0 0 0 
0.0001933750 2 1 2 2 0 0 0 2 
0.0000656250 2 1 2 2 0 0 1 1 
0.0001423750 2 1 2 2 0 0 1 3 
0.0002394375 2 1 2 2 0 1 1 1 
0.0002176250 2 1 2 2 0 1 1 3 
0.0001405625 2 1 2 2 0 2 0 3 
0.0000548750 2 1 2 2 0 2 1 0 
0.0001830000 2 1 2 2 0 2 2 1 
0.0001875625 2 1 2 2 0 2 3 0 
0.0002018125 2 1 2 2 0 2 3 2 
0.0002360625 2 1 2 2 0 3 0 3 
0.0001878125 2 1 2 2 0 3 1 0 
0.0001456875 2 1 2 2 0 3 1 2 
0.0001890000 2 1 2 2 0 3 3 0 
0.0000768750 2 1 2 2 1 0 2 1 
0.0000151875 2 1 2 2 1 0 2 3 
0.0000458750 2 1 2 2 1 1 0 1 
0.0000842500 2 1 2 2 1 1 1 2 
0.0002014375 2 1 2 2 1 1 2 3 
0.0000650625 2 1 2 2 1 2 0 0 
0.0000728125 2 1 2 2 1 2 1 1 
0.0001705000 2 1 2 2 1 2 3 1 
0.0002313750 2 1 2 2 1 2 3 3 
0.0001877500 2 1 2 2 1 3 0 0 
0.0001919375 2 1 2 2 1 3 1 3 
0.0000151250 2 1 2 2 1 3 2 2 
0.0001551875 2 1 2 2 2 0 0 0 
0.0001756250 2 1 2 2 2 0 0 2 
0.0000308125 2 1 2 2 2 0 1 1 
0.0002411875 2 1 2 2 2 0 1 3 
0.0000938750 2 1 2 2 2 0 3 3 
0.0001491250 2 1 2 2 2 1 0 2 
0.0000637500 2 1 2 2 2 1 2 0 
0.0001822500 2 1 2 2 2 1 2 2 
0.0000170000 2 1 2 2 2 2 0 1 
0.0001177500 2 1 2 2 2 2 0 3 
0.0001675000 2 1 2 2 2 2 1 0 
0.0000436250 2 1 2 2 2 2 1 2 
0.0001237500 2 1 2 2 2 2 2 1 
0.0002296250 2 1 2 2 2 2 2 3 
0.0001530000 2 1 2 2 2 3 2 3 
0.0002292500 2 1 2 2 2 3 3 2 
0.0001235000 2 1 2 2 3 0 0 1 
0.0000356875 2 1 2 2 3 0 3 0 
0.0001650625 2 1 2 2 3 1 0 1 
0.0002349375 2 1 2 2 3 1 0 3 
0.0001411875 2 1 2 2 3 1 1 0 
0.0000026250 2 1 2 2 3 1 1 2 
0.0000854375 2 1 2 2 3 1 2 3 
0.0000746250 2 1 2 2 3 2 0 2 
0.0001346875 2 1 2 2 3 2 1 1 
0.0000020000 2 1 2 2 3 2 1 3 
0.0000841250 2 1 2 2 3 3 0 0 
0.0001855000 2 1 2 2 3 3 1 1 
0.0001639375 2 1 2 2 3 3 1 3 
0.0001936875 2 1 2 2 3 3 3 3 
0.0001933750 2 1 2 3 0 0 0 3 
0.0001385000 2 1 2 3 0 0 1 1 
0.0002308750 2 1 2 3 0 0 3 2 
0.0000976250 2 1 2 3 0 1 0 0 
0.0000210625 2 1 2 3 0 1 1 1 
0.0000801875 2 1 2 3 0 1 3 2 
0.0001271875 2 1 2 3 0 2 0 1 
0.0001999375 2 1 2 3 0 2 1 0 
0.0002295625 2 1 2 3 0 2 2 2 
0.0002018125 2 1 2 3 0 2 3 3 
0.0002154375 2 1 2 3 0 3 1 0 
0.0001456875 2 1 2 3 0 3 1 3 
0.0001603750 2 1 2 3 0 3 2 2 
0.0000059375 2 1 2 3 1 0 0 1 
0.0001956250 2 1 2 3 1 0 0 2 
0.0000730000 2 1 2 3 1 0 2 1 
0.0000358750 2 1 2 3 1 0 3 0 
0.0000634375 2 1 2 3 1 1 0 1 
0.0002384375 2 1 2 3 1 1 0 2 
0.0000842500 2 1 2 3 1 1 1 3 
0.0001128750 2 1 2 3 1 2 1 1 
0.0000257500 2 1 2 3 1 2 1 2 
0.0000190625 2 1 2 3 1 2 3 1 
0.0001208750 2 1 2 3 1 3 0 0 
0.0000151250 2 1 2 3 1 3 2 3 
0.0000923750 2 1 2 3 1 3 3 2 
0.0002124375 2 1 2 3 2 0 0 0 
0.0001756250 2 1 2 3 2 0 0 3 
0.0002170625 2 1 2 3 2 0 2 0 
0.0000870625 2 1 2 3 2 0 3 1 
0.0001302500 2 1 2 3 2 1 0 0 
0.0001491250 2 1 2 3 2 1 0 3 
0.0000194375 2 1 2 3 2 1 1 2 
0.0001822500 2 1 2 3 2 1 2 3 
0.0001372500 2 1 2 3 2 1 3 2 
0.0001168125 2 1 2 3 2 2 0 1 
0.0000436250 2 1 2 3 2 2 1 3 
0.0002218750 2 1 2 3 2 3 0 1 
0.0000193750 2 1 2 3 2 3 0 2 
0.0000911250 2 1 2 3 2 3 1 0 
0.0002292500 2 1 2 3 2 3 3 3 
0.0001141250 2 1 2 3 3 0 0 2 
0.0001753750 2 1 2 3 3 0 1 0 
0.0002239375 2 1 2 3 3 0 2 1 
0.0000513125 2 1 2 3 3 0 2 2 
0.0001898750 2 1 2 3 3 1 0 1 
0.0000026250 2 1 2 3 3 1 1 3 
0.0002105000 2 1 2 3 3 2 0 0 
0.0000746250 2 1 2 3 3 2 0 3 
0.0000415000 2 1 2 3 3 2 1 1 
0.0002187500 2 1 2 3 3 2 2 0 
0.0000475625 2 1 2 3 3 2 3 1 
0.0002013125 2 1 2 3 3 2 3 2 
0.0000688750 2 1 2 3 3 3 1 1 
0.0000105625 2 1 2 3 3 3 2 0 
0.0002415625 2 1 2 3 3 3 3 1 
0.0001423750 2 1 3 0 0 0 0 1 
0.0001385000 2 1 3 0 0 0 0 2 
0.0000443125 2 1 3 0 0 0 3 1 
0.0000321875 2 1 3 0 0 1 0 0 
0.0002176250 2 1 3 0 0 1 0 1 
0.0000210625 2 1 3 0 0 1 0 2 
0.0000232500 2 1 3 0 0 2 1 0 
0.0001405625 2 1 3 0 0 2 1 1 
0.0001271875 2 1 3 0 0 2 1 2 
0.0002287500 2 1 3 0 0 2 1 3 
0.0002042500 2 1 3 0 0 2 2 3 
0.0001483750 2 1 3 0 0 3 1 0 
0.0002360625 2 1 3 0 0 3 1 1 
0.0001423125 2 1 3 0 0 3 1 3 
0.0001988125 2 1 3 0 0 3 2 0 
0.0000525000 2 1 3 0 0 3 2 3 
0.0001466875 2 1 3 0 1 0 1 0 
0.0000059375 2 1 3 0 1 0 1 2 
0.0002018125 2 1 3 0 1 0 1 3 
0.0000780000 2 1 3 0 1 0 2 0 
0.0000641250 2 1 3 0 1 0 2 1 
0.0002338750 2 1 3 0 1 0 2 2 
0.0000634375 2 1 3 0 1 1 1 2 
0.0000041250 2 1 3 0 1 1 2 0 
0.0001052500 2 1 3 0 1 1 2 1 
0.0000728125 2 1 3 0 1 1 2 2 
0.0002091250 2 1 3 0 1 1 2 3 
0.0001128750 2 1 3 0 1 2 0 2 
0.0000738125 2 1 3 0 1 3 0 0 
0.0001919375 2 1 3 0 1 3 0 1 
0.0001209375 2 1 3 0 1 3 0 3 
0.0000151250 2 1 3 0 1 3 3 0 
0.0000568750 2 1 3 0 1 3 3 1 
0.0001433750 2 1 3 0 2 0 0 0 
0.0002411875 2 1 3 0 2 0 0 1 
0.0002392500 2 1 3 0 2 0 3 1 
0.0002170625 2 1 3 0 2 0 3 3 
0.0000354375 2 1 3 0 2 1 0 0 
0.0000801250 2 1 3 0 2 1 0 3 
0.0001822500 2 1 3 0 2 1 3 0 
0.0000637500 2 1 3 0 2 1 3 2 
0.0002157500 2 1 3 0 2 2 1 0 
0.0001177500 2 1 3 0 2 2 1 1 
0.0001168125 2 1 3 0 2 2 1 2 
0.0001455000 2 1 3 0 2 2 2 0 
0.0001278750 2 1 3 0 2 2 2 1 
0.0000193750 2 1 3 0 2 2 2 2 
0.0000666250 2 1 3 0 2 2 2 3 
0.0002395000 2 1 3 0 2 3 1 0 
0.0002218750 2 1 3 0 2 3 1 2 
0.0000641250 2 1 3 0 2 3 1 3 
0.0001465625 2 1 3 0 2 3 2 2 
0.0001319375 2 1 3 0 2 3 2 3 
0.0000303125 2 1 3 0 3 0 1 0 
0.0000704375 2 1 3 0 3 0 2 0 
0.0000566250 2 1 3 0 3 0 2 3 
0.0002349375 2 1 3 0 3 1 1 1 
0.0001898750 2 1 3 0 3 1 1 2 
0.0001088125 2 1 3 0 3 1 2 0 
0.0002010625 2 1 3 0 3 1 2 1 
0.0002342500 2 1 3 0 3 1 2 2 
0.0001093125 2 1 3 0 3 1 2 3 
0.0002388125 2 1 3 0 3 2 0 0 
0.0000020000 2 1 3 0 3 2 0 1 
0.0000415000 2 1 3 0 3 2 0 2 
0.0000863125 2 1 3 0 3 2 3 1 
0.0002187500 2 1 3 0 3 2 3 3 
0.0001998750 2 1 3 0 3 3 0 0 
0.0001639375 2 1 3 0 3 3 0 1 
0.0000688750 2 1 3 0 3 3 0 2 
0.0000661250 2 1 3 0 3 3 3 1 
0.0000105625 2 1 3 0 3 3 3 3 
0.0001423750 2 1 3 1 0 0 0 0 
0.0001729375 2 1 3 1 0 0 1 2 
0.0000806250 2 1 3 1 0 0 1 3 
0.0000443125 2 1 3 1 0 0 3 0 
0.0002176250 2 1 3 1 0 1 0 0 
0.0000321875 2 1 3 1 0 1 0 1 
0.0000548750 2 1 3 1 0 2 0 3 
0.0001405625 2 1 3 1 0 2 1 0 
0.0000232500 2 1 3 1 0 2 1 1 
0.0001250000 2 1 3 1 0 2 3 3 
0.0001878125 2 1 3 1 0 3 0 3 
0.0002360625 2 1 3 1 0 3 1 0 
0.0001483750 2 1 3 1 0 3 1 1 
0.0001988125 2 1 3 1 0 3 2 1 
0.0001401875 2 1 3 1 0 3 3 2 
0.0001669375 2 1 3 1 0 3 3 3 
0.0002048750 2 1 3 1 1 0 0 2 
0.0001466875 2 1 3 1 1 0 1 1 
0.0000641250 2 1 3 1 1 0 2 0 
0.0000780000 2 1 3 1 1 0 2 1 
0.0001574375 2 1 3 1 1 1 0 2 
0.0001052500 2 1 3 1 1 1 2 0 
0.0000041250 2 1 3 1 1 1 2 1 
0.0000135000 2 1 3 1 1 1 3 2 
0.0000071875 2 1 3 1 1 1 3 3 
0.0001140000 2 1 3 1 1 2 1 2 
0.0000650625 2 1 3 1 1 2 1 3 
0.0001705000 2 1 3 1 1 2 2 2 
0.0000190625 2 1 3 1 1 2 2 3 
0.0001919375 2 1 3 1 1 3 0 0 
0.0000738125 2 1 3 1 1 3 0 1 
0.0001877500 2 1 3 1 1 3 1 3 
0.0000568750 2 1 3 1 1 3 3 0 
0.0000151250 2 1 3 1 1 3 3 1 
0.0002411875 2 1 3 1 2 0 0 0 
0.0001433750 2 1 3 1 2 0 0 1 
0.0001551875 2 1 3 1 2 0 1 3 
0.0000870625 2 1 3 1 2 0 2 3 
0.0002392500 2 1 3 1 2 0 3 0 
0.0000354375 2 1 3 1 2 1 0 1 
0.0001822500 2 1 3 1 2 1 3 1 
0.0000733750 2 1 3 1 2 2 0 2 
0.0001675000 2 1 3 1 2 2 0 3 
0.0001177500 2 1 3 1 2 2 1 0 
0.0002157500 2 1 3 1 2 2 1 1 
0.0001278750 2 1 3 1 2 2 2 0 
0.0001455000 2 1 3 1 2 2 2 1 
0.0001998125 2 1 3 1 2 2 3 3 
0.0002395000 2 1 3 1 2 3 1 1 
0.0000752500 2 1 3 1 2 3 3 2 
0.0000395625 2 1 3 1 2 3 3 3 
0.0000303125 2 1 3 1 3 0 1 1 
0.0000704375 2 1 3 1 3 0 2 1 
0.0000464375 2 1 3 1 3 0 3 2 
0.0000718750 2 1 3 1 3 1 0 2 
0.0001411875 2 1 3 1 3 1 0 3 
0.0002349375 2 1 3 1 3 1 1 0 
0.0002010625 2 1 3 1 3 1 2 0 
0.0001088125 2 1 3 1 3 1 2 1 
0.0000362500 2 1 3 1 3 1 3 2 
0.0002136875 2 1 3 1 3 1 3 3 
0.0000020000 2 1 3 1 3 2 0 0 
0.0002388125 2 1 3 1 3 2 0 1 
0.0000475625 2 1 3 1 3 2 2 3 
0.0000863125 2 1 3 1 3 2 3 0 
0.0001639375 2 1 3 1 3 3 0 0 
0.0001998750 2 1 3 1 3 3 0 1 
0.0002188750 2 1 3 1 3 3 1 2 
0.0000841250 2 1 3 1 3 3 1 3 
0.0002415625 2 1 3 1 3 3 2 3 
0.0000661250 2 1 3 1 3 3 3 0 
0.0001385000 2 1 3 2 0 0 0 0 
0.0000235625 2 1 3 2 0 0 2 1 
0.0002308750 2 1 3 2 0 0 2 3 
0.0000210625 2 1 3 2 0 1 0 0 
0.0000321875 2 1 3 2 0 1 0 2 
0.0000976250 2 1 3 2 0 1 1 1 
0.0000035000 2 1 3 2 0 1 1 3 
0.0001568750 2 1 3 2 0 1 2 1 
0.0000801875 2 1 3 2 0 1 2 3 
0.0001999375 2 1 3 2 0 2 0 1 
0.0001363125 2 1 3 2 0 2 0 3 
0.0001271875 2 1 3 2 0 2 1 0 
0.0000232500 2 1 3 2 0 2 1 2 
0.0001830000 2 1 3 2 0 2 3 1 
0.0002154375 2 1 3 2 0 3 0 1 
0.0001483750 2 1 3 2 0 3 1 2 
0.0001988125 2 1 3 2 0 3 2 2 
0.0001128125 2 1 3 2 1 0 0 3 
0.0000059375 2 1 3 2 1 0 1 0 
0.0001466875 2 1 3 2 1 0 1 2 
0.0002338750 2 1 3 2 1 0 2 0 
0.0000780000 2 1 3 2 1 0 2 2 
0.0000768750 2 1 3 2 1 0 3 1 
0.0000151875 2 1 3 2 1 0 3 3 
0.0000634375 2 1 3 2 1 1 1 0 
0.0000728125 2 1 3 2 1 1 2 0 
0.0000041250 2 1 3 2 1 1 2 2 
0.0002014375 2 1 3 2 1 1 3 3 
0.0001128750 2 1 3 2 1 2 0 0 
0.0001678750 2 1 3 2 1 2 1 3 
0.0000738125 2 1 3 2 1 3 0 2 
0.0001208750 2 1 3 2 1 3 1 1 
0.0001899375 2 1 3 2 1 3 2 1 
0.0000923750 2 1 3 2 1 3 2 3 
0.0000151250 2 1 3 2 1 3 3 2 
0.0001433750 2 1 3 2 2 0 0 2 
0.0002124375 2 1 3 2 2 0 1 1 
0.0000828125 2 1 3 2 2 0 1 3 
0.0000081250 2 1 3 2 2 0 2 1 
0.0000354375 2 1 3 2 2 1 0 2 
0.0001302500 2 1 3 2 2 1 1 1 
0.0001043125 2 1 3 2 2 1 2 1 
0.0001372500 2 1 3 2 2 1 2 3 
0.0000637500 2 1 3 2 2 1 3 0 
0.0001822500 2 1 3 2 2 1 3 2 
0.0001168125 2 1 3 2 2 2 1 0 
0.0002157500 2 1 3 2 2 2 1 2 
0.0000193750 2 1 3 2 2 2 2 0 
0.0001455000 2 1 3 2 2 2 2 2 
0.0001237500 2 1 3 2 2 2 3 1 
0.0002296250 2 1 3 2 2 2 3 3 
0.0000911250 2 1 3 2 2 3 0 1 
0.0000240000 2 1 3 2 2 3 0 3 
0.0002218750 2 1 3 2 2 3 1 0 
0.0002395000 2 1 3 2 2 3 1 2 
0.0001465625 2 1 3 2 2 3 2 0 
0.0001530000 2 1 3 2 2 3 3 3 
0.0001753750 2 1 3 2 3 0 0 1 
0.0000303125 2 1 3 2 3 0 1 2 
0.0000704375 2 1 3 2 3 0 2 2 
0.0000171250 2 1 3 2 3 1 0 3 
0.0001898750 2 1 3 2 3 1 1 0 
0.0002342500 2 1 3 2 3 1 2 0 
0.0001088125 2 1 3 2 3 1 2 2 
0.0000854375 2 1 3 2 3 1 3 3 
0.0000415000 2 1 3 2 3 2 0 0 
0.0002388125 2 1 3 2 3 2 0 2 
0.0002105000 2 1 3 2 3 2 1 1 
0.0002290625 2 1 3 2 3 2 2 1 
0.0002013125 2 1 3 2 3 2 2 3 
0.0000688750 2 1 3 2 3 3 0 0 
0.0001998750 2 1 3 2 3 3 0 2 
0.0001109375 2 1 3 2 3 3 1 3 
0.0000527500 2 1 3 2 3 3 2 1 
0.0000089375 2 1 3 3 0 0 1 2 
0.0001531875 2 1 3 3 0 0 2 1 
0.0000321875 2 1 3 3 0 1 0 3 
0.0001772500 2 1 3 3 0 1 1 1 
0.0002233750 2 1 3 3 0 1 2 1 
0.0002287500 2 1 3 3 0 2 1 0 
0.0000232500 2 1 3 3 0 2 1 3 
0.0002042500 2 1 3 3 0 2 2 0 
0.0002295625 2 1 3 3 0 2 3 2 
0.0000014375 2 1 3 3 0 3 0 2 
0.0001423125 2 1 3 3 0 3 1 0 
0.0001483750 2 1 3 3 0 3 1 3 
0.0000525000 2 1 3 3 0 3 2 0 
0.0001988125 2 1 3 3 0 3 2 3 
0.0001603750 2 1 3 3 0 3 3 2 
0.0000781875 2 1 3 3 1 0 0 1 
0.0002018125 2 1 3 3 1 0 1 0 
0.0001466875 2 1 3 3 1 0 1 3 
0.0000780000 2 1 3 3 1 0 2 3 
0.0000730000 2 1 3 3 1 0 3 1 
0.0001862500 2 1 3 3 1 1 0 1 
0.0002147500 2 1 3 3 1 1 0 2 
0.0002091250 2 1 3 3 1 1 2 0 
0.0000041250 2 1 3 3 1 1 2 3 
0.0002313750 2 1 3 3 1 2 2 2 
0.0001209375 2 1 3 3 1 3 0 0 
0.0000738125 2 1 3 3 1 3 0 3 
0.0000316875 2 1 3 3 1 3 1 2 
0.0001093750 2 1 3 3 1 3 2 1 
0.0000151250 2 1 3 3 1 3 3 3 
0.0001433750 2 1 3 3 2 0 0 3 
0.0000938750 2 1 3 3 2 0 2 2 
0.0002170625 2 1 3 3 2 0 3 0 
0.0000801250 2 1 3 3 2 1 0 0 
0.0000354375 2 1 3 3 2 1 0 3 
0.0000955000 2 1 3 3 2 1 1 1 
0.0000124375 2 1 3 3 2 1 1 2 
0.0001366250 2 1 3 3 2 1 2 1 
0.0001822500 2 1 3 3 2 1 3 3 
0.0000299375 2 1 3 3 2 2 0 2 
0.0002157500 2 1 3 3 2 2 1 3 
0.0000666250 2 1 3 3 2 2 2 0 
0.0001455000 2 1 3 3 2 2 2 3 
0.0002126875 2 1 3 3 2 3 0 1 
0.0000641250 2 1 3 3 2 3 1 0 
0.0002395000 2 1 3 3 2 3 1 3 
0.0001319375 2 1 3 3 2 3 2 0 
0.0000420000 2 1 3 3 3 0 0 1 
0.0002101250 2 1 3 3 3 0 0 2 
0.0000303125 2 1 3 3 3 0 1 3 
0.0000566250 2 1 3 3 3 0 2 0 
0.0000704375 2 1 3 3 3 0 2 3 
0.0002239375 2 1 3 3 3 0 3 1 
0.0000513125 2 1 3 3 3 0 3 2 
0.0001093125 2 1 3 3 3 1 2 0 
0.0001088125 2 1 3 3 3 1 2 3 
0.0002388125 2 1 3 3 3 2 0 3 
0.0000754375 2 1 3 3 3 2 1 1 
0.0001510625 2 1 3 3 3 2 1 2 
0.0002187500 2 1 3 3 3 2 3 0 
0.0001998750 2 1 3 3 3 3 0 3 
0.0001936875 2 1 3 3 3 3 2 2 
0.0000105625 2 1 3 3 3 3 3 0 
0.0001401875 2 2 0 0 0 0 0 3 
0.0002200000 2 2 0 0 0 0 1 1 
0.0001890000 2 2 0 0 0 0 1 2 
0.0001483750 2 2 0 0 0 0 2 0 
0.0002360625 2 2 0 0 0 0 2 1 
0.0001423125 2 2 0 0 0 0 2 3 
0.0001794375 2 2 0 0 0 2 1 0 
0.0000801875 2 2 0 0 0 2 1 1 
0.0002233750 2 2 0 0 0 2 1 2 
0.0000976250 2 2 0 0 0 2 2 3 
0.0000321875 2 2 0 0 0 2 3 0 
0.0002176250 2 2 0 0 0 2 3 1 
0.0000210625 2 2 0 0 0 2 3 2 
0.0001130000 2 2 0 0 1 1 0 0 
0.0000102500 2 2 0 0 1 1 0 1 
0.0001116250 2 2 0 0 1 1 0 2 
0.0000758125 2 2 0 0 1 1 0 3 
0.0000059375 2 2 0 0 1 1 1 0 
0.0002313750 2 2 0 0 1 1 1 1 
0.0000190625 2 2 0 0 1 1 1 2 
0.0000588125 2 2 0 0 1 1 2 0 
0.0001678750 2 2 0 0 1 1 2 1 
0.0001140000 2 2 0 0 1 1 2 3 
0.0000885625 2 2 0 0 1 1 3 0 
0.0000257500 2 2 0 0 1 1 3 1 
0.0000728125 2 2 0 0 1 1 3 3 
0.0000151875 2 2 0 0 1 3 0 1 
0.0000730000 2 2 0 0 1 3 0 2 
0.0000358750 2 2 0 0 1 3 1 3 
0.0001466875 2 2 0 0 1 3 2 0 
0.0000059375 2 2 0 0 1 3 2 2 
0.0002018125 2 2 0 0 1 3 2 3 
0.0000438125 2 2 0 0 1 3 3 0 
0.0001128125 2 2 0 0 1 3 3 1 
0.0000781875 2 2 0 0 1 3 3 2 
0.0002048750 2 2 0 0 1 3 3 3 
0.0000470000 2 2 0 0 2 0 0 0 
0.0001530000 2 2 0 0 2 0 0 1 
0.0000752500 2 2 0 0 2 0 0 3 
0.0002292500 2 2 0 0 2 0 1 0 
0.0002325000 2 2 0 0 2 0 1 1 
0.0002395000 2 2 0 0 2 0 2 0 
0.0002218750 2 2 0 0 2 0 2 2 
0.0000641250 2 2 0 0 2 0 2 3 
0.0000941875 2 2 0 0 2 0 3 0 
0.0000240000 2 2 0 0 2 0 3 1 
0.0002126875 2 2 0 0 2 0 3 2 
0.0001822500 2 2 0 0 2 2 0 0 
0.0000637500 2 2 0 0 2 2 0 2 
0.0001372500 2 2 0 0 2 2 1 1 
0.0001366250 2 2 0 0 2 2 1 2 
0.0001491250 2 2 0 0 2 2 2 0 
0.0000124375 2 2 0 0 2 2 2 1 
0.0001302500 2 2 0 0 2 2 2 3 
0.0000354375 2 2 0 0 2 2 3 0 
0.0000801250 2 2 0 0 2 2 3 3 
0.0000426250 2 2 0 0 3 1 0 0 
0.0001494375 2 2 0 0 3 1 0 2 
0.0001655625 2 2 0 0 3 1 1 0 
0.0000475625 2 2 0 0 3 1 1 2 
0.0002290625 2 2 0 0 3 1 1 3 
0.0000754375 2 2 0 0 3 1 2 2 
0.0001346875 2 2 0 0 3 1 3 3 
0.0000200625 2 2 0 0 3 3 0 0 
0.0002239375 2 2 0 0 3 3 0 2 
0.0000464375 2 2 0 0 3 3 0 3 
0.0000081875 2 2 0 0 3 3 1 1 
0.0000356875 2 2 0 0 3 3 1 2 
0.0000303125 2 2 0 0 3 3 2 0 
0.0001456250 2 2 0 0 3 3 3 0 
0.0000420000 2 2 0 0 3 3 3 2 
0.0002200000 2 2 0 1 0 0 1 0 
0.0002360625 2 2 0 1 0 0 2 0 
0.0001483750 2 2 0 1 0 0 2 1 
0.0001830000 2 2 0 1 0 1 0 2 
0.0002042500 2 2 0 1 0 1 1 2 
0.0001875625 2 2 0 1 0 1 1 3 
0.0001271875 2 2 0 1 0 1 2 3 
0.0001999375 2 2 0 1 0 1 3 2 
0.0000801875 2 2 0 1 0 2 1 0 
0.0001794375 2 2 0 1 0 2 1 1 
0.0002176250 2 2 0 1 0 2 3 0 
0.0000321875 2 2 0 1 0 2 3 1 
0.0002422500 2 2 0 1 0 3 0 2 
0.0000235625 2 2 0 1 0 3 1 2 
0.0001531875 2 2 0 1 0 3 1 3 
0.0001729375 2 2 0 1 0 3 2 2 
0.0000806250 2 2 0 1 0 3 2 3 
0.0000656250 2 2 0 1 0 3 3 2 
0.0001385000 2 2 0 1 0 3 3 3 
0.0001768750 2 2 0 1 1 0 0 2 
0.0001899375 2 2 0 1 1 0 1 2 
0.0001093750 2 2 0 1 1 0 1 3 
0.0001877500 2 2 0 1 1 0 2 3 
0.0000102500 2 2 0 1 1 1 0 0 
0.0001130000 2 2 0 1 1 1 0 1 
0.0002313750 2 2 0 1 1 1 1 0 
0.0000059375 2 2 0 1 1 1 1 1 
0.0001678750 2 2 0 1 1 1 2 0 
0.0000588125 2 2 0 1 1 1 2 1 
0.0000257500 2 2 0 1 1 1 3 0 
0.0000885625 2 2 0 1 1 1 3 1 
0.0000135000 2 2 0 1 1 2 0 2 
0.0000071875 2 2 0 1 1 2 0 3 
0.0000728125 2 2 0 1 1 2 1 3 
0.0001574375 2 2 0 1 1 2 3 2 
0.0000151875 2 2 0 1 1 3 0 0 
0.0001466875 2 2 0 1 1 3 2 1 
0.0001128125 2 2 0 1 1 3 3 0 
0.0000438125 2 2 0 1 1 3 3 1 
0.0001530000 2 2 0 1 2 0 0 0 
0.0000470000 2 2 0 1 2 0 0 1 
0.0002325000 2 2 0 1 2 0 1 0 
0.0002292500 2 2 0 1 2 0 1 1 
0.0002395000 2 2 0 1 2 0 2 1 
0.0000240000 2 2 0 1 2 0 3 0 
0.0000941875 2 2 0 1 2 0 3 1 
0.0001237500 2 2 0 1 2 1 0 2 
0.0000666250 2 2 0 1 2 1 1 2 
0.0000170000 2 2 0 1 2 1 2 2 
0.0001168125 2 2 0 1 2 1 2 3 
0.0001822500 2 2 0 1 2 2 0 1 
0.0001372500 2 2 0 1 2 2 1 0 
0.0000124375 2 2 0 1 2 2 2 0 
0.0001491250 2 2 0 1 2 2 2 1 
0.0000354375 2 2 0 1 2 2 3 1 
0.0000081250 2 2 0 1 2 3 1 2 
0.0001551875 2 2 0 1 2 3 2 3 
0.0000308125 2 2 0 1 2 3 3 2 
0.0000527500 2 2 0 1 3 0 1 2 
0.0002188750 2 2 0 1 3 0 2 2 
0.0000841250 2 2 0 1 3 0 2 3 
0.0001855000 2 2 0 1 3 0 3 2 
0.0000688750 2 2 0 1 3 0 3 3 
0.0000426250 2 2 0 1 3 1 0 1 
0.0001655625 2 2 0 1 3 1 1 1 
0.0000362500 2 2 0 1 3 2 0 2 
0.0002136875 2 2 0 1 3 2 0 3 
0.0002342500 2 2 0 1 3 2 1 3 
0.0000718750 2 2 0 1 3 2 3 2 
0.0001411875 2 2 0 1 3 2 3 3 
0.0000200625 2 2 0 1 3 3 0 1 
0.0000081875 2 2 0 1 3 3 1 0 
0.0000303125 2 2 0 1 3 3 2 1 
0.0001456250 2 2 0 1 3 3 3 1 
0.0001890000 2 2 0 2 0 0 1 0 
0.0001483750 2 2 0 2 0 0 2 2 
0.0002295625 2 2 0 2 0 1 0 3 
0.0002287500 2 2 0 2 0 1 2 1 
0.0002233750 2 2 0 2 0 2 1 0 
0.0001794375 2 2 0 2 0 2 1 2 
0.0000210625 2 2 0 2 0 2 3 0 
0.0000321875 2 2 0 2 0 2 3 2 
0.0001208750 2 2 0 2 1 0 2 1 
0.0001209375 2 2 0 2 1 0 3 1 
0.0001116250 2 2 0 2 1 1 0 0 
0.0001130000 2 2 0 2 1 1 0 2 
0.0000190625 2 2 0 2 1 1 1 0 
0.0000059375 2 2 0 2 1 1 1 2 
0.0000588125 2 2 0 2 1 1 2 2 
0.0000885625 2 2 0 2 1 1 3 2 
0.0002014375 2 2 0 2 1 2 0 3 
0.0002091250 2 2 0 2 1 2 1 1 
0.0000458750 2 2 0 2 1 2 2 1 
0.0000730000 2 2 0 2 1 3 0 0 
0.0000059375 2 2 0 2 1 3 2 0 
0.0001466875 2 2 0 2 1 3 2 2 
0.0000781875 2 2 0 2 1 3 3 0 
0.0000438125 2 2 0 2 1 3 3 2 
0.0000470000 2 2 0 2 2 0 0 2 
0.0002292500 2 2 0 2 2 0 1 2 
0.0002218750 2 2 0 2 2 0 2 0 
0.0002395000 2 2 0 2 2 0 2 2 
0.0002126875 2 2 0 2 2 0 3 0 
0.0000941875 2 2 0 2 2 0 3 2 
0.0001278750 2 2 0 2 2 1 1 3 
0.0000733750 2 2 0 2 2 1 3 1 
0.0000299375 2 2 0 2 2 1 3 3 
0.0000637500 2 2 0 2 2 2 0 0 
0.0001822500 2 2 0 2 2 2 0 2 
0.0001366250 2 2 0 2 2 2 1 0 
0.0001491250 2 2 0 2 2 2 2 2 
0.0000354375 2 2 0 2 2 2 3 2 
0.0002170625 2 2 0 2 2 3 0 1 
0.0000938750 2 2 0 2 2 3 1 3 
0.0002124375 2 2 0 2 2 3 2 1 
0.0000828125 2 2 0 2 2 3 2 3 
0.0000105625 2 2 0 2 3 0 0 1 
0.0001936875 2 2 0 2 3 0 1 3 
0.0001109375 2 2 0 2 3 0 2 3 
0.0001494375 2 2 0 2 3 1 0 0 
0.0000426250 2 2 0 2 3 1 0 2 
0.0000475625 2 2 0 2 3 1 1 0 
0.0001655625 2 2 0 2 3 1 1 2 
0.0000754375 2 2 0 2 3 1 2 0 
0.0000854375 2 2 0 2 3 2 0 3 
0.0001093125 2 2 0 2 3 2 1 1 
0.0001650625 2 2 0 2 3 2 2 1 
0.0002349375 2 2 0 2 3 2 2 3 
0.0000171250 2 2 0 2 3 2 3 3 
0.0002239375 2 2 0 2 3 3 0 0 
0.0000200625 2 2 0 2 3 3 0 2 
0.0000356875 2 2 0 2 3 3 1 0 
0.0000303125 2 2 0 2 3 3 2 2 
0.0000420000 2 2 0 2 3 3 3 0 
0.0001456250 2 2 0 2 3 3 3 2 
0.0001401875 2 2 0 3 0 0 0 0 
0.0001423125 2 2 0 3 0 0 2 0 
0.0001483750 2 2 0 3 0 0 2 3 
0.0001250000 2 2 0 3 0 1 0 1 
0.0002289375 2 2 0 3 0 1 1 2 
0.0001405625 2 2 0 3 0 1 2 2 
0.0000548750 2 2 0 3 0 1 3 1 
0.0001363125 2 2 0 3 0 1 3 2 
0.0001794375 2 2 0 3 0 2 1 3 
0.0000976250 2 2 0 3 0 2 2 0 
0.0000321875 2 2 0 3 0 2 3 3 
0.0000168125 2 2 0 3 0 3 0 1 
0.0000443125 2 2 0 3 0 3 0 2 
0.0002308750 2 2 0 3 0 3 1 2 
0.0000089375 2 2 0 3 0 3 2 2 
0.0001423750 2 2 0 3 0 3 3 2 
0.0001008750 2 2 0 3 1 0 0 1 
0.0000568750 2 2 0 3 1 0 0 2 
0.0000923750 2 2 0 3 1 0 1 2 
0.0000316875 2 2 0 3 1 0 2 2 
0.0001676875 2 2 0 3 1 0 3 1 
0.0001919375 2 2 0 3 1 0 3 2 
0.0000758125 2 2 0 3 1 1 0 0 
0.0001130000 2 2 0 3 1 1 0 3 
0.0000059375 2 2 0 3 1 1 1 3 
0.0001140000 2 2 0 3 1 1 2 0 
0.0000588125 2 2 0 3 1 1 2 3 
0.0000728125 2 2 0 3 1 1 3 0 
0.0000885625 2 2 0 3 1 1 3 3 
0.0001052500 2 2 0 3 1 2 1 2 
0.0000634375 2 2 0 3 1 2 2 1 
0.0002384375 2 2 0 3 1 2 2 2 
0.0001862500 2 2 0 3 1 2 3 1 
0.0002147500 2 2 0 3 1 2 3 2 
0.0000358750 2 2 0 3 1 3 1 0 
0.0002018125 2 2 0 3 1 3 2 0 
0.0001466875 2 2 0 3 1 3 2 3 
0.0002048750 2 2 0 3 1 3 3 0 
0.0000438125 2 2 0 3 1 3 3 3 
0.0000752500 2 2 0 3 2 0 0 0 
0.0000470000 2 2 0 3 2 0 0 3 
0.0002292500 2 2 0 3 2 0 1 3 
0.0000641250 2 2 0 3 2 0 2 0 
0.0002395000 2 2 0 3 2 0 2 3 
0.0000941875 2 2 0 3 2 0 3 3 
0.0001998125 2 2 0 3 2 1 0 1 
0.0002296250 2 2 0 3 2 1 0 2 
0.0000193750 2 2 0 3 2 1 1 1 
0.0001177500 2 2 0 3 2 1 2 2 
0.0001675000 2 2 0 3 2 1 3 1 
0.0001822500 2 2 0 3 2 2 0 3 
0.0001302500 2 2 0 3 2 2 2 0 
0.0001491250 2 2 0 3 2 2 2 3 
0.0000801250 2 2 0 3 2 2 3 0 
0.0000354375 2 2 0 3 2 2 3 3 
0.0001568125 2 2 0 3 2 3 0 1 
0.0002392500 2 2 0 3 2 3 0 2 
0.0000870625 2 2 0 3 2 3 1 1 
0.0000563125 2 2 0 3 2 3 3 1 
0.0002411875 2 2 0 3 2 3 3 2 
0.0000900000 2 2 0 3 3 0 0 1 
0.0000661250 2 2 0 3 3 0 0 2 
0.0002415625 2 2 0 3 3 0 1 1 
0.0001639375 2 2 0 3 3 0 3 2 
0.0000426250 2 2 0 3 3 1 0 3 
0.0002290625 2 2 0 3 3 1 1 0 
0.0001655625 2 2 0 3 3 1 1 3 
0.0001346875 2 2 0 3 3 1 3 0 
0.0002010625 2 2 0 3 3 2 1 2 
0.0001898750 2 2 0 3 3 2 2 1 
0.0000464375 2 2 0 3 3 3 0 0 
0.0000200625 2 2 0 3 3 3 0 3 
0.0000303125 2 2 0 3 3 3 2 3 
0.0001456250 2 2 0 3 3 3 3 3 
0.0002200000 2 2 1 0 0 0 0 1 
0.0001890000 2 2 1 0 0 0 0 2 
0.0001401875 2 2 1 0 0 0 1 3 
0.0000548750 2 2 1 0 0 1 2 2 
0.0001999375 2 2 1 0 0 1 2 3 
0.0000232500 2 2 1 0 0 1 3 0 
0.0001405625 2 2 1 0 0 1 3 1 
0.0001271875 2 2 1 0 0 1 3 2 
0.0002287500 2 2 1 0 0 1 3 3 
0.0001794375 2 2 1 0 0 2 0 0 
0.0000801875 2 2 1 0 0 2 0 1 
0.0002233750 2 2 1 0 0 2 0 2 
0.0000499375 2 2 1 0 0 3 2 0 
0.0000656250 2 2 1 0 0 3 2 3 
0.0001933750 2 2 1 0 0 3 3 0 
0.0000089375 2 2 1 0 0 3 3 1 
0.0000806250 2 2 1 0 0 3 3 2 
0.0001676875 2 2 1 0 1 0 2 2 
0.0000316875 2 2 1 0 1 0 3 1 
0.0001877500 2 2 1 0 1 0 3 2 
0.0001208750 2 2 1 0 1 0 3 3 
0.0000059375 2 2 1 0 1 1 0 0 
0.0002313750 2 2 1 0 1 1 0 1 
0.0000190625 2 2 1 0 1 1 0 2 
0.0001130000 2 2 1 0 1 1 1 0 
0.0000102500 2 2 1 0 1 1 1 1 
0.0001116250 2 2 1 0 1 1 1 2 
0.0000758125 2 2 1 0 1 1 1 3 
0.0001862500 2 2 1 0 1 2 2 2 
0.0001574375 2 2 1 0 1 2 2 3 
0.0001311250 2 2 1 0 1 2 3 0 
0.0002384375 2 2 1 0 1 2 3 1 
0.0000458750 2 2 1 0 1 2 3 3 
0.0000358750 2 2 1 0 1 3 0 3 
0.0000151875 2 2 1 0 1 3 1 1 
0.0000730000 2 2 1 0 1 3 1 2 
0.0002292500 2 2 1 0 2 0 0 0 
0.0002325000 2 2 1 0 2 0 0 1 
0.0000470000 2 2 1 0 2 0 1 0 
0.0001530000 2 2 1 0 2 0 1 1 
0.0000752500 2 2 1 0 2 0 1 3 
0.0000436250 2 2 1 0 2 1 2 0 
0.0000299375 2 2 1 0 2 1 2 1 
0.0001675000 2 2 1 0 2 1 2 2 
0.0002157500 2 2 1 0 2 1 3 0 
0.0001177500 2 2 1 0 2 1 3 1 
0.0001168125 2 2 1 0 2 1 3 2 
0.0001372500 2 2 1 0 2 2 0 1 
0.0001366250 2 2 1 0 2 2 0 2 
0.0001822500 2 2 1 0 2 2 1 0 
0.0000637500 2 2 1 0 2 2 1 2 
0.0000563125 2 2 1 0 2 3 2 2 
0.0000308125 2 2 1 0 2 3 2 3 
0.0001756250 2 2 1 0 2 3 3 0 
0.0001551875 2 2 1 0 2 3 3 2 
0.0002124375 2 2 1 0 2 3 3 3 
0.0001855000 2 2 1 0 3 0 2 3 
0.0000841250 2 2 1 0 3 0 3 2 
0.0001655625 2 2 1 0 3 1 0 0 
0.0000475625 2 2 1 0 3 1 0 2 
0.0002290625 2 2 1 0 3 1 0 3 
0.0000426250 2 2 1 0 3 1 1 0 
0.0001494375 2 2 1 0 3 1 1 2 
0.0000171250 2 2 1 0 3 2 2 1 
0.0000718750 2 2 1 0 3 2 2 3 
0.0000835000 2 2 1 0 3 2 3 0 
0.0001650625 2 2 1 0 3 2 3 3 
0.0000081875 2 2 1 0 3 3 0 1 
0.0000356875 2 2 1 0 3 3 0 2 
0.0000200625 2 2 1 0 3 3 1 0 
0.0002239375 2 2 1 0 3 3 1 2 
0.0000464375 2 2 1 0 3 3 1 3 
0.0002200000 2 2 1 1 0 0 0 0 
0.0002154375 2 2 1 1 0 0 2 2 
0.0001423125 2 2 1 1 0 0 3 2 
0.0000538125 2 2 1 1 0 0 3 3 
0.0002042500 2 2 1 1 0 1 0 2 
0.0001875625 2 2 1 1 0 1 0 3 
0.0001830000 2 2 1 1 0 1 1 2 
0.0001405625 2 2 1 1 0 1 3 0 
0.0000232500 2 2 1 1 0 1 3 1 
0.0000801875 2 2 1 1 0 2 0 0 
0.0001794375 2 2 1 1 0 2 0 1 
0.0002394375 2 2 1 1 0 2 2 2 
0.0000210625 2 2 1 1 0 2 2 3 
0.0000976250 2 2 1 1 0 2 3 2 
0.0001772500 2 2 1 1 0 2 3 3 
0.0000235625 2 2 1 1 0 3 0 2 
0.0001531875 2 2 1 1 0 3 0 3 
0.0002422500 2 2 1 1 0 3 1 2 
0.0000499375 2 2 1 1 0 3 2 1 
0.0000089375 2 2 1 1 0 3 3 0 
0.0001933750 2 2 1 1 0 3 3 1 
0.0001899375 2 2 1 1 1 0 0 2 
0.0001093750 2 2 1 1 1 0 0 3 
0.0001768750 2 2 1 1 1 0 1 2 
0.0000316875 2 2 1 1 1 0 3 0 
0.0002313750 2 2 1 1 1 1 0 0 
0.0000059375 2 2 1 1 1 1 0 1 
0.0000102500 2 2 1 1 1 1 1 0 
0.0001130000 2 2 1 1 1 1 1 1 
0.0001140000 2 2 1 1 1 1 3 2 
0.0000650625 2 2 1 1 1 1 3 3 
0.0000728125 2 2 1 1 1 2 0 3 
0.0000135000 2 2 1 1 1 2 1 2 
0.0000071875 2 2 1 1 1 2 1 3 
0.0002384375 2 2 1 1 1 2 3 0 
0.0001311250 2 2 1 1 1 2 3 1 
0.0000151875 2 2 1 1 1 3 1 0 
0.0000781875 2 2 1 1 1 3 2 3 
0.0002018125 2 2 1 1 1 3 3 2 
0.0002325000 2 2 1 1 2 0 0 0 
0.0002292500 2 2 1 1 2 0 0 1 
0.0001530000 2 2 1 1 2 0 1 0 
0.0000470000 2 2 1 1 2 0 1 1 
0.0000911250 2 2 1 1 2 0 2 2 
0.0002126875 2 2 1 1 2 0 2 3 
0.0000641250 2 2 1 1 2 0 3 2 
0.0000666250 2 2 1 1 2 1 0 2 
0.0001237500 2 2 1 1 2 1 1 2 
0.0000299375 2 2 1 1 2 1 2 0 
0.0000436250 2 2 1 1 2 1 2 1 
0.0001177500 2 2 1 1 2 1 3 0 
0.0002157500 2 2 1 1 2 1 3 1 
0.0001372500 2 2 1 1 2 2 0 0 
0.0001822500 2 2 1 1 2 2 1 1 
0.0001302500 2 2 1 1 2 2 3 2 
0.0000955000 2 2 1 1 2 2 3 3 
0.0000081250 2 2 1 1 2 3 0 2 
0.0001756250 2 2 1 1 2 3 3 1 
0.0000527500 2 2 1 1 3 0 0 2 
0.0001655625 2 2 1 1 3 1 0 1 
0.0000426250 2 2 1 1 3 1 1 1 
0.0002342500 2 2 1 1 3 2 0 3 
0.0000362500 2 2 1 1 3 2 1 2 
0.0002136875 2 2 1 1 3 2 1 3 
0.0000171250 2 2 1 1 3 2 2 0 
0.0000835000 2 2 1 1 3 2 3 1 
0.0000081875 2 2 1 1 3 3 0 0 
0.0000200625 2 2 1 1 3 3 1 1 
0.0001753750 2 2 1 1 3 3 2 2 
0.0000420000 2 2 1 1 3 3 2 3 
0.0000338125 2 2 1 1 3 3 3 3 
0.0001890000 2 2 1 2 0 0 0 0 
0.0000014375 2 2 1 2 0 0 2 3 
0.0002360625 2 2 1 2 0 0 3 3 
0.0002295625 2 2 1 2 0 1 1 3 
0.0000548750 2 2 1 2 0 1 2 0 
0.0001271875 2 2 1 2 0 1 3 0 
0.0000232500 2 2 1 2 0 1 3 2 
0.0002233750 2 2 1 2 0 2 0 0 
0.0001794375 2 2 1 2 0 2 0 2 
0.0000499375 2 2 1 2 0 3 2 2 
0.0000806250 2 2 1 2 0 3 3 0 
0.0001933750 2 2 1 2 0 3 3 2 
0.0001676875 2 2 1 2 1 0 2 0 
0.0001877500 2 2 1 2 1 0 3 0 
0.0000190625 2 2 1 2 1 1 0 0 
0.0000059375 2 2 1 2 1 1 0 2 
0.0001116250 2 2 1 2 1 1 1 0 
0.0001130000 2 2 1 2 1 1 1 2 
0.0000728125 2 2 1 2 1 1 2 1 
0.0001678750 2 2 1 2 1 1 3 3 
0.0002091250 2 2 1 2 1 2 0 1 
0.0002014375 2 2 1 2 1 2 1 3 
0.0001862500 2 2 1 2 1 2 2 0 
0.0001311250 2 2 1 2 1 2 3 2 
0.0000730000 2 2 1 2 1 3 1 0 
0.0002048750 2 2 1 2 1 3 2 1 
0.0002292500 2 2 1 2 2 0 0 2 
0.0000470000 2 2 1 2 2 0 1 2 
0.0001278750 2 2 1 2 2 1 0 3 
0.0001675000 2 2 1 2 2 1 2 0 
0.0000436250 2 2 1 2 2 1 2 2 
0.0001168125 2 2 1 2 2 1 3 0 
0.0002157500 2 2 1 2 2 1 3 2 
0.0001366250 2 2 1 2 2 2 0 0 
0.0000637500 2 2 1 2 2 2 1 0 
0.0001822500 2 2 1 2 2 2 1 2 
0.0000801250 2 2 1 2 2 2 2 1 
0.0000194375 2 2 1 2 2 2 2 3 
0.0000124375 2 2 1 2 2 2 3 3 
0.0000938750 2 2 1 2 2 3 0 3 
0.0002170625 2 2 1 2 2 3 1 1 
0.0000563125 2 2 1 2 2 3 2 0 
0.0001551875 2 2 1 2 2 3 3 0 
0.0001756250 2 2 1 2 2 3 3 2 
0.0001936875 2 2 1 2 3 0 0 3 
0.0000105625 2 2 1 2 3 0 1 1 
0.0000841250 2 2 1 2 3 0 3 0 
0.0000475625 2 2 1 2 3 1 0 0 
0.0001655625 2 2 1 2 3 1 0 2 
0.0001494375 2 2 1 2 3 1 1 0 
0.0000426250 2 2 1 2 3 1 1 2 
0.0001346875 2 2 1 2 3 1 2 1 
0.0000020000 2 2 1 2 3 1 2 3 
0.0002105000 2 2 1 2 3 1 3 1 
0.0001093125 2 2 1 2 3 2 0 1 
0.0000854375 2 2 1 2 3 2 1 3 
0.0000835000 2 2 1 2 3 2 3 2 
0.0000356875 2 2 1 2 3 3 0 0 
0.0002239375 2 2 1 2 3 3 1 0 
0.0000200625 2 2 1 2 3 3 1 2 
0.0002101250 2 2 1 2 3 3 2 3 
0.0001235000 2 2 1 2 3 3 3 1 
0.0001401875 2 2 1 3 0 0 1 0 
0.0001878125 2 2 1 3 0 0 2 1 
0.0002289375 2 2 1 3 0 1 0 2 
0.0001250000 2 2 1 3 0 1 1 1 
0.0001999375 2 2 1 3 0 1 2 0 
0.0002287500 2 2 1 3 0 1 3 0 
0.0000232500 2 2 1 3 0 1 3 3 
0.0001794375 2 2 1 3 0 2 0 3 
0.0002176250 2 2 1 3 0 2 2 2 
0.0000035000 2 2 1 3 0 2 3 2 
0.0002308750 2 2 1 3 0 3 0 2 
0.0000168125 2 2 1 3 0 3 1 1 
0.0000443125 2 2 1 3 0 3 1 2 
0.0000656250 2 2 1 3 0 3 2 0 
0.0000499375 2 2 1 3 0 3 2 3 
0.0001933750 2 2 1 3 0 3 3 3 
0.0000923750 2 2 1 3 1 0 0 2 
0.0001008750 2 2 1 3 1 0 1 1 
0.0000568750 2 2 1 3 1 0 1 2 
0.0001208750 2 2 1 3 1 0 3 0 
0.0000059375 2 2 1 3 1 1 0 3 
0.0000758125 2 2 1 3 1 1 1 0 
0.0001130000 2 2 1 3 1 1 1 3 
0.0001128750 2 2 1 3 1 1 2 1 
0.0000257500 2 2 1 3 1 1 2 2 
0.0001052500 2 2 1 3 1 2 0 2 
0.0001574375 2 2 1 3 1 2 2 0 
0.0000458750 2 2 1 3 1 2 3 0 
0.0001311250 2 2 1 3 1 2 3 3 
0.0000358750 2 2 1 3 1 3 0 0 
0.0001128125 2 2 1 3 1 3 2 2 
0.0000059375 2 2 1 3 1 3 3 1 
0.0001956250 2 2 1 3 1 3 3 2 
0.0002292500 2 2 1 3 2 0 0 3 
0.0000752500 2 2 1 3 2 0 1 0 
0.0000470000 2 2 1 3 2 0 1 3 
0.0000240000 2 2 1 3 2 0 2 2 
0.0002218750 2 2 1 3 2 0 3 1 
0.0000193750 2 2 1 3 2 0 3 2 
0.0000193750 2 2 1 3 2 1 0 1 
0.0001998125 2 2 1 3 2 1 1 1 
0.0002296250 2 2 1 3 2 1 1 2 
0.0000436250 2 2 1 3 2 1 2 3 
0.0002157500 2 2 1 3 2 1 3 3 
0.0001822500 2 2 1 3 2 2 1 3 
0.0001520625 2 2 1 3 2 2 2 1 
0.0000870625 2 2 1 3 2 3 0 1 
0.0001568125 2 2 1 3 2 3 1 1 
0.0002392500 2 2 1 3 2 3 1 2 
0.0000308125 2 2 1 3 2 3 2 0 
0.0002124375 2 2 1 3 2 3 3 0 
0.0001756250 2 2 1 3 2 3 3 3 
0.0002415625 2 2 1 3 3 0 0 1 
0.0000900000 2 2 1 3 3 0 1 1 
0.0000661250 2 2 1 3 3 0 1 2 
0.0001855000 2 2 1 3 3 0 2 0 
0.0002290625 2 2 1 3 3 1 0 0 
0.0001655625 2 2 1 3 3 1 0 3 
0.0000426250 2 2 1 3 3 1 1 3 
0.0000415000 2 2 1 3 3 1 2 1 
0.0000754375 2 2 1 3 3 1 3 1 
0.0001510625 2 2 1 3 3 1 3 2 
0.0002010625 2 2 1 3 3 2 0 2 
0.0000718750 2 2 1 3 3 2 2 0 
0.0001650625 2 2 1 3 3 2 3 0 
0.0000835000 2 2 1 3 3 2 3 3 
0.0000464375 2 2 1 3 3 3 1 0 
0.0000200625 2 2 1 3 3 3 1 3 
0.0001141250 2 2 1 3 3 3 3 2 
0.0001483750 2 2 2 0 0 0 0 0 
0.0002360625 2 2 2 0 0 0 0 1 
0.0001423125 2 2 2 0 0 0 0 3 
0.0001401875 2 2 2 0 0 0 2 3 
0.0001465000 2 2 2 0 0 1 1 0 
0.0001363125 2 2 2 0 0 1 1 1 
0.0002042500 2 2 2 0 0 1 3 3 
0.0000976250 2 2 2 0 0 2 0 3 
0.0001423750 2 2 2 0 0 3 1 1 
0.0001385000 2 2 2 0 0 3 1 2 
0.0001227500 2 2 2 0 0 3 3 0 
0.0000235625 2 2 2 0 0 3 3 3 
0.0000738125 2 2 2 0 1 0 1 0 
0.0001919375 2 2 2 0 1 0 1 1 
0.0001209375 2 2 2 0 1 0 1 3 
0.0001111875 2 2 2 0 1 0 3 0 
0.0001899375 2 2 2 0 1 0 3 3 
0.0000588125 2 2 2 0 1 1 0 0 
0.0001678750 2 2 2 0 1 1 0 1 
0.0001140000 2 2 2 0 1 1 0 3 
0.0001130000 2 2 2 0 1 1 2 0 
0.0000102500 2 2 2 0 1 1 2 1 
0.0001116250 2 2 2 0 1 1 2 2 
0.0000758125 2 2 2 0 1 1 2 3 
0.0000842500 2 2 2 0 1 2 1 0 
0.0002147500 2 2 2 0 1 2 1 1 
0.0001466875 2 2 2 0 1 3 0 0 
0.0000059375 2 2 2 0 1 3 0 2 
0.0002018125 2 2 2 0 1 3 0 3 
0.0000151875 2 2 2 0 1 3 2 1 
0.0000730000 2 2 2 0 1 3 2 2 
0.0002395000 2 2 2 0 2 0 0 0 
0.0002218750 2 2 2 0 2 0 0 2 
0.0000641250 2 2 2 0 2 0 0 3 
0.0000470000 2 2 2 0 2 0 2 0 
0.0001530000 2 2 2 0 2 0 2 1 
0.0000752500 2 2 2 0 2 0 2 3 
0.0000733750 2 2 2 0 2 1 1 3 
0.0001455000 2 2 2 0 2 1 3 0 
0.0001278750 2 2 2 0 2 1 3 1 
0.0000193750 2 2 2 0 2 1 3 2 
0.0000666250 2 2 2 0 2 1 3 3 
0.0001491250 2 2 2 0 2 2 0 0 
0.0000124375 2 2 2 0 2 2 0 1 
0.0001302500 2 2 2 0 2 2 0 3 
0.0001822500 2 2 2 0 2 2 2 0 
0.0000637500 2 2 2 0 2 2 2 2 
0.0001433750 2 2 2 0 2 3 1 0 
0.0002411875 2 2 2 0 2 3 1 1 
0.0000938750 2 2 2 0 2 3 3 1 
0.0000870625 2 2 2 0 2 3 3 2 
0.0000081250 2 2 2 0 2 3 3 3 
0.0001998750 2 2 2 0 3 0 1 0 
0.0001639375 2 2 2 0 3 0 1 1 
0.0000688750 2 2 2 0 3 0 1 2 
0.0001936875 2 2 2 0 3 0 3 1 
0.0002415625 2 2 2 0 3 0 3 2 
0.0000527500 2 2 2 0 3 0 3 3 
0.0000754375 2 2 2 0 3 1 0 2 
0.0000426250 2 2 2 0 3 1 2 0 
0.0001494375 2 2 2 0 3 1 2 2 
0.0000026250 2 2 2 0 3 2 1 0 
0.0001411875 2 2 2 0 3 2 1 2 
0.0000303125 2 2 2 0 3 3 0 0 
0.0000200625 2 2 2 0 3 3 2 0 
0.0002239375 2 2 2 0 3 3 2 2 
0.0000464375 2 2 2 0 3 3 2 3 
0.0002360625 2 2 2 1 0 0 0 0 
0.0001483750 2 2 2 1 0 0 0 1 
0.0001878125 2 2 2 1 0 0 1 3 
0.0000525000 2 2 2 1 0 0 3 2 
0.0001890000 2 2 2 1 0 0 3 3 
0.0001271875 2 2 2 1 0 1 0 3 
0.0001363125 2 2 2 1 0 1 1 0 
0.0001465000 2 2 2 1 0 1 1 1 
0.0001830000 2 2 2 1 0 1 2 2 
0.0001568750 2 2 2 1 0 2 3 2 
0.0002233750 2 2 2 1 0 2 3 3 
0.0001729375 2 2 2 1 0 3 0 2 
0.0000806250 2 2 2 1 0 3 0 3 
0.0001423750 2 2 2 1 0 3 1 0 
0.0002422500 2 2 2 1 0 3 2 2 
0.0001227500 2 2 2 1 0 3 3 1 
0.0001877500 2 2 2 1 1 0 0 3 
0.0001919375 2 2 2 1 1 0 1 0 
0.0000738125 2 2 2 1 1 0 1 1 
0.0001768750 2 2 2 1 1 0 2 2 
0.0001111875 2 2 2 1 1 0 3 1 
0.0001678750 2 2 2 1 1 1 0 0 
0.0000588125 2 2 2 1 1 1 0 1 
0.0000728125 2 2 2 1 1 1 1 2 
0.0001128750 2 2 2 1 1 1 1 3 
0.0000102500 2 2 2 1 1 1 2 0 
0.0001130000 2 2 2 1 1 1 2 1 
0.0001705000 2 2 2 1 1 1 3 2 
0.0000190625 2 2 2 1 1 1 3 3 
0.0002147500 2 2 2 1 1 2 1 0 
0.0000842500 2 2 2 1 1 2 1 1 
0.0000135000 2 2 2 1 1 2 2 2 
0.0000071875 2 2 2 1 1 2 2 3 
0.0001466875 2 2 2 1 1 3 0 1 
0.0002048750 2 2 2 1 1 3 1 2 
0.0000151875 2 2 2 1 1 3 2 0 
0.0002395000 2 2 2 1 2 0 0 1 
0.0001530000 2 2 2 1 2 0 2 0 
0.0000470000 2 2 2 1 2 0 2 1 
0.0001319375 2 2 2 1 2 0 3 2 
0.0000170000 2 2 2 1 2 1 0 2 
0.0001168125 2 2 2 1 2 1 0 3 
0.0001237500 2 2 2 1 2 1 2 2 
0.0001278750 2 2 2 1 2 1 3 0 
0.0001455000 2 2 2 1 2 1 3 1 
0.0000124375 2 2 2 1 2 2 0 0 
0.0001491250 2 2 2 1 2 2 0 1 
0.0000801250 2 2 2 1 2 2 1 2 
0.0001520625 2 2 2 1 2 2 1 3 
0.0001822500 2 2 2 1 2 2 2 1 
0.0001043125 2 2 2 1 2 2 3 2 
0.0001366250 2 2 2 1 2 2 3 3 
0.0001551875 2 2 2 1 2 3 0 3 
0.0002411875 2 2 2 1 2 3 1 0 
0.0001433750 2 2 2 1 2 3 1 1 
0.0000938750 2 2 2 1 2 3 3 0 
0.0002188750 2 2 2 1 3 0 0 2 
0.0000841250 2 2 2 1 3 0 0 3 
0.0001639375 2 2 2 1 3 0 1 0 
0.0001998750 2 2 2 1 3 0 1 1 
0.0001936875 2 2 2 1 3 0 3 0 
0.0001346875 2 2 2 1 3 1 1 2 
0.0000415000 2 2 2 1 3 1 1 3 
0.0000426250 2 2 2 1 3 1 2 1 
0.0000475625 2 2 2 1 3 1 3 3 
0.0000026250 2 2 2 1 3 2 1 1 
0.0000362500 2 2 2 1 3 2 2 2 
0.0002136875 2 2 2 1 3 2 2 3 
0.0000303125 2 2 2 1 3 3 0 1 
0.0000200625 2 2 2 1 3 3 2 1 
0.0000566250 2 2 2 1 3 3 3 2 
0.0000356875 2 2 2 1 3 3 3 3 
0.0001483750 2 2 2 2 0 0 0 2 
0.0002154375 2 2 2 2 0 0 1 1 
0.0002287500 2 2 2 2 0 1 0 1 
0.0001465000 2 2 2 2 0 1 1 2 
0.0002295625 2 2 2 2 0 1 2 3 
0.0002394375 2 2 2 2 0 2 1 1 
0.0002176250 2 2 2 2 0 2 1 3 
0.0001385000 2 2 2 2 0 3 1 0 
0.0001227500 2 2 2 2 0 3 3 2 
0.0001208750 2 2 2 2 1 0 0 1 
0.0000738125 2 2 2 2 1 0 1 2 
0.0001111875 2 2 2 2 1 0 3 2 
0.0000588125 2 2 2 2 1 1 0 2 
0.0000257500 2 2 2 2 1 1 1 3 
0.0001116250 2 2 2 2 1 1 2 0 
0.0001130000 2 2 2 2 1 1 2 2 
0.0000458750 2 2 2 2 1 2 0 1 
0.0000842500 2 2 2 2 1 2 1 2 
0.0002014375 2 2 2 2 1 2 2 3 
0.0000059375 2 2 2 2 1 3 0 0 
0.0001466875 2 2 2 2 1 3 0 2 
0.0001128125 2 2 2 2 1 3 1 3 
0.0000730000 2 2 2 2 1 3 2 0 
0.0000358750 2 2 2 2 1 3 3 1 
0.0000641250 2 2 2 2 1 3 3 3 
0.0002218750 2 2 2 2 2 0 0 0 
0.0002395000 2 2 2 2 2 0 0 2 
0.0000911250 2 2 2 2 2 0 1 1 
0.0000240000 2 2 2 2 2 0 1 3 
0.0000470000 2 2 2 2 2 0 2 2 
0.0000193750 2 2 2 2 2 1 3 0 
0.0001455000 2 2 2 2 2 1 3 2 
0.0001491250 2 2 2 2 2 2 0 2 
0.0000637500 2 2 2 2 2 2 2 0 
0.0001822500 2 2 2 2 2 2 2 2 
0.0002124375 2 2 2 2 2 3 0 1 
0.0000828125 2 2 2 2 2 3 0 3 
0.0001433750 2 2 2 2 2 3 1 2 
0.0002170625 2 2 2 2 2 3 2 1 
0.0000870625 2 2 2 2 2 3 3 0 
0.0001109375 2 2 2 2 3 0 0 3 
0.0000688750 2 2 2 2 3 0 1 0 
0.0001998750 2 2 2 2 3 0 1 2 
0.0000105625 2 2 2 2 3 0 2 1 
0.0002415625 2 2 2 2 3 0 3 0 
0.0000754375 2 2 2 2 3 1 0 0 
0.0001494375 2 2 2 2 3 1 2 0 
0.0000426250 2 2 2 2 3 1 2 2 
0.0002290625 2 2 2 2 3 1 3 1 
0.0002013125 2 2 2 2 3 1 3 3 
0.0001650625 2 2 2 2 3 2 0 1 
0.0002349375 2 2 2 2 3 2 0 3 
0.0001411875 2 2 2 2 3 2 1 0 
0.0000026250 2 2 2 2 3 2 1 2 
0.0000854375 2 2 2 2 3 2 2 3 
0.0000303125 2 2 2 2 3 3 0 2 
0.0001753750 2 2 2 2 3 3 1 1 
0.0002239375 2 2 2 2 3 3 2 0 
0.0000200625 2 2 2 2 3 3 2 2 
0.0001423125 2 2 2 3 0 0 0 0 
0.0001483750 2 2 2 3 0 0 0 3 
0.0000014375 2 2 2 3 0 0 1 2 
0.0001401875 2 2 2 3 0 0 2 0 
0.0002200000 2 2 2 3 0 0 3 2 
0.0001405625 2 2 2 3 0 1 0 2 
0.0001465000 2 2 2 3 0 1 1 3 
0.0001250000 2 2 2 3 0 1 2 1 
0.0002042500 2 2 2 3 0 1 3 0 
0.0000976250 2 2 2 3 0 2 0 0 
0.0000210625 2 2 2 3 0 2 1 1 
0.0000801875 2 2 2 3 0 2 3 2 
0.0000089375 2 2 2 3 0 3 0 2 
0.0000168125 2 2 2 3 0 3 2 1 
0.0000443125 2 2 2 3 0 3 2 2 
0.0000235625 2 2 2 3 0 3 3 0 
0.0001227500 2 2 2 3 0 3 3 3 
0.0000316875 2 2 2 3 1 0 0 2 
0.0001209375 2 2 2 3 1 0 1 0 
0.0000738125 2 2 2 3 1 0 1 3 
0.0001008750 2 2 2 3 1 0 2 1 
0.0000568750 2 2 2 3 1 0 2 2 
0.0001899375 2 2 2 3 1 0 3 0 
0.0001111875 2 2 2 3 1 0 3 3 
0.0001140000 2 2 2 3 1 1 0 0 
0.0000588125 2 2 2 3 1 1 0 3 
0.0000758125 2 2 2 3 1 1 2 0 
0.0001130000 2 2 2 3 1 1 2 3 
0.0002313750 2 2 2 3 1 1 3 2 
0.0000634375 2 2 2 3 1 2 0 1 
0.0002384375 2 2 2 3 1 2 0 2 
0.0000842500 2 2 2 3 1 2 1 3 
0.0002018125 2 2 2 3 1 3 0 0 
0.0001466875 2 2 2 3 1 3 0 3 
0.0000781875 2 2 2 3 1 3 1 1 
0.0002338750 2 2 2 3 1 3 3 1 
0.0000641250 2 2 2 3 2 0 0 0 
0.0002395000 2 2 2 3 2 0 0 3 
0.0002126875 2 2 2 3 2 0 1 1 
0.0000752500 2 2 2 3 2 0 2 0 
0.0000470000 2 2 2 3 2 0 2 3 
0.0001465625 2 2 2 3 2 0 3 1 
0.0002325000 2 2 2 3 2 0 3 2 
0.0001177500 2 2 2 3 2 1 0 2 
0.0000733750 2 2 2 3 2 1 1 0 
0.0001998125 2 2 2 3 2 1 2 1 
0.0002296250 2 2 2 3 2 1 2 2 
0.0000666250 2 2 2 3 2 1 3 0 
0.0001455000 2 2 2 3 2 1 3 3 
0.0001302500 2 2 2 3 2 2 0 0 
0.0001491250 2 2 2 3 2 2 0 3 
0.0000194375 2 2 2 3 2 2 1 2 
0.0001822500 2 2 2 3 2 2 2 3 
0.0001372500 2 2 2 3 2 2 3 2 
0.0001433750 2 2 2 3 2 3 1 3 
0.0001568125 2 2 2 3 2 3 2 1 
0.0002392500 2 2 2 3 2 3 2 2 
0.0000081250 2 2 2 3 2 3 3 0 
0.0001998750 2 2 2 3 3 0 1 3 
0.0000900000 2 2 2 3 3 0 2 1 
0.0000661250 2 2 2 3 3 0 2 2 
0.0000527500 2 2 2 3 3 0 3 0 
0.0000020000 2 2 2 3 3 1 1 2 
0.0000426250 2 2 2 3 3 1 2 3 
0.0001898750 2 2 2 3 3 2 0 1 
0.0000026250 2 2 2 3 3 2 1 3 
0.0000303125 2 2 2 3 3 3 0 3 
0.0000420000 2 2 2 3 3 3 1 1 
0.0002101250 2 2 2 3 3 3 1 2 
0.0000464375 2 2 2 3 3 3 2 0 
0.0000200625 2 2 2 3 3 3 2 3 
0.0000081875 2 2 2 3 3 3 3 2 
0.0001401875 2 2 3 0 0 0 3 3 
0.0002018125 2 2 3 0 0 1 2 0 
0.0002289375 2 2 3 0 0 1 2 1 
0.0001875625 2 2 3 0 0 1 2 2 
0.0000321875 2 2 3 0 0 2 0 0 
0.0002176250 2 2 3 0 0 2 0 1 
0.0000210625 2 2 3 0 0 2 0 2 
0.0001729375 2 2 3 0 0 3 1 3 
0.0002308750 2 2 3 0 0 3 2 1 
0.0001531875 2 2 3 0 0 3 2 2 
0.0000756250 2 2 3 0 1 0 1 0 
0.0000923750 2 2 3 0 1 0 2 1 
0.0001093750 2 2 3 0 1 0 2 2 
0.0000885625 2 2 3 0 1 1 0 0 
0.0000257500 2 2 3 0 1 1 0 1 
0.0000728125 2 2 3 0 1 1 0 3 
0.0001130000 2 2 3 0 1 1 3 0 
0.0000102500 2 2 3 0 1 1 3 1 
0.0001116250 2 2 3 0 1 1 3 2 
0.0000758125 2 2 3 0 1 1 3 3 
0.0000634375 2 2 3 0 1 2 1 2 
0.0000041250 2 2 3 0 1 2 2 0 
0.0001052500 2 2 3 0 1 2 2 1 
0.0000728125 2 2 3 0 1 2 2 2 
0.0002091250 2 2 3 0 1 2 2 3 
0.0000438125 2 2 3 0 1 3 0 0 
0.0001128125 2 2 3 0 1 3 0 1 
0.0000781875 2 2 3 0 1 3 0 2 
0.0002048750 2 2 3 0 1 3 0 3 
0.0000151875 2 2 3 0 1 3 3 1 
0.0000730000 2 2 3 0 1 3 3 2 
0.0000941875 2 2 3 0 2 0 0 0 
0.0000240000 2 2 3 0 2 0 0 1 
0.0002126875 2 2 3 0 2 0 0 2 
0.0000470000 2 2 3 0 2 0 3 0 
0.0001530000 2 2 3 0 2 0 3 1 
0.0000752500 2 2 3 0 2 0 3 3 
0.0000170000 2 2 3 0 2 1 1 3 
0.0000354375 2 2 3 0 2 2 0 0 
0.0000801250 2 2 3 0 2 2 0 3 
0.0001822500 2 2 3 0 2 2 3 0 
0.0000637500 2 2 3 0 2 2 3 2 
0.0000828125 2 2 3 0 2 3 1 1 
0.0001326250 2 2 3 0 2 3 2 0 
0.0000908750 2 2 3 0 3 0 1 0 
0.0001109375 2 2 3 0 3 0 1 1 
0.0002188750 2 2 3 0 3 0 1 3 
0.0002182500 2 2 3 0 3 0 2 0 
0.0001346875 2 2 3 0 3 1 0 3 
0.0000426250 2 2 3 0 3 1 3 0 
0.0001494375 2 2 3 0 3 1 3 2 
0.0002349375 2 2 3 0 3 2 1 1 
0.0001898750 2 2 3 0 3 2 1 2 
0.0001088125 2 2 3 0 3 2 2 0 
0.0002010625 2 2 3 0 3 2 2 1 
0.0002342500 2 2 3 0 3 2 2 2 
0.0001093125 2 2 3 0 3 2 2 3 
0.0001456250 2 2 3 0 3 3 0 0 
0.0000420000 2 2 3 0 3 3 0 2 
0.0000200625 2 2 3 0 3 3 3 0 
0.0002239375 2 2 3 0 3 3 3 2 
0.0000464375 2 2 3 0 3 3 3 3 
0.0001999375 2 2 3 1 0 1 0 2 
0.0002289375 2 2 3 1 0 1 2 0 
0.0002018125 2 2 3 1 0 1 2 1 
0.0001830000 2 2 3 1 0 1 3 2 
0.0002176250 2 2 3 1 0 2 0 0 
0.0000321875 2 2 3 1 0 2 0 1 
0.0000656250 2 2 3 1 0 3 0 2 
0.0001385000 2 2 3 1 0 3 0 3 
0.0002308750 2 2 3 1 0 3 2 0 
0.0002422500 2 2 3 1 0 3 3 2 
0.0000756250 2 2 3 1 1 0 1 1 
0.0000923750 2 2 3 1 1 0 2 0 
0.0001768750 2 2 3 1 1 0 3 2 
0.0000257500 2 2 3 1 1 1 0 0 
0.0000885625 2 2 3 1 1 1 0 1 
0.0000102500 2 2 3 1 1 1 3 0 
0.0001130000 2 2 3 1 1 1 3 1 
0.0001574375 2 2 3 1 1 2 0 2 
0.0001052500 2 2 3 1 1 2 2 0 
0.0000041250 2 2 3 1 1 2 2 1 
0.0000135000 2 2 3 1 1 2 3 2 
0.0000071875 2 2 3 1 1 2 3 3 
0.0001128125 2 2 3 1 1 3 0 0 
0.0000438125 2 2 3 1 1 3 0 1 
0.0000059375 2 2 3 1 1 3 1 3 
0.0000358750 2 2 3 1 1 3 2 2 
0.0002338750 2 2 3 1 1 3 2 3 
0.0000151875 2 2 3 1 1 3 3 0 
0.0000240000 2 2 3 1 2 0 0 0 
0.0000941875 2 2 3 1 2 0 0 1 
0.0002218750 2 2 3 1 2 0 1 3 
0.0001465625 2 2 3 1 2 0 2 3 
0.0001530000 2 2 3 1 2 0 3 0 
0.0000470000 2 2 3 1 2 0 3 1 
0.0001237500 2 2 3 1 2 1 3 2 
0.0000354375 2 2 3 1 2 2 0 1 
0.0001822500 2 2 3 1 2 2 3 1 
0.0000308125 2 2 3 1 2 3 0 2 
0.0000828125 2 2 3 1 2 3 1 0 
0.0001326250 2 2 3 1 2 3 2 1 
0.0001855000 2 2 3 1 3 0 0 2 
0.0000688750 2 2 3 1 3 0 0 3 
0.0001109375 2 2 3 1 3 0 1 0 
0.0000908750 2 2 3 1 3 0 1 1 
0.0002182500 2 2 3 1 3 0 2 1 
0.0002105000 2 2 3 1 3 1 1 2 
0.0000754375 2 2 3 1 3 1 1 3 
0.0002290625 2 2 3 1 3 1 2 2 
0.0000426250 2 2 3 1 3 1 3 1 
0.0000718750 2 2 3 1 3 2 0 2 
0.0001411875 2 2 3 1 3 2 0 3 
0.0002349375 2 2 3 1 3 2 1 0 
0.0002010625 2 2 3 1 3 2 2 0 
0.0001088125 2 2 3 1 3 2 2 1 
0.0000362500 2 2 3 1 3 2 3 2 
0.0002136875 2 2 3 1 3 2 3 3 
0.0001456250 2 2 3 1 3 3 0 1 
0.0001235000 2 2 3 1 3 3 1 2 
0.0000200625 2 2 3 1 3 3 3 1 
0.0001423125 2 2 3 2 0 0 1 1 
0.0000525000 2 2 3 2 0 0 2 1 
0.0002200000 2 2 3 2 0 0 2 3 
0.0001875625 2 2 3 2 0 1 2 0 
0.0002018125 2 2 3 2 0 1 2 2 
0.0002295625 2 2 3 2 0 1 3 3 
0.0000210625 2 2 3 2 0 2 0 0 
0.0000321875 2 2 3 2 0 2 0 2 
0.0000976250 2 2 3 2 0 2 1 1 
0.0000035000 2 2 3 2 0 2 1 3 
0.0001568750 2 2 3 2 0 2 2 1 
0.0000801875 2 2 3 2 0 2 2 3 
0.0001531875 2 2 3 2 0 3 2 0 
0.0001209375 2 2 3 2 1 0 0 1 
0.0000756250 2 2 3 2 1 0 1 2 
0.0001093750 2 2 3 2 1 0 2 0 
0.0000885625 2 2 3 2 1 1 0 2 
0.0001140000 2 2 3 2 1 1 1 1 
0.0001705000 2 2 3 2 1 1 2 1 
0.0002313750 2 2 3 2 1 1 2 3 
0.0001116250 2 2 3 2 1 1 3 0 
0.0001130000 2 2 3 2 1 1 3 2 
0.0000634375 2 2 3 2 1 2 1 0 
0.0000728125 2 2 3 2 1 2 2 0 
0.0000041250 2 2 3 2 1 2 2 2 
0.0002014375 2 2 3 2 1 2 3 3 
0.0000781875 2 2 3 2 1 3 0 0 
0.0000438125 2 2 3 2 1 3 0 2 
0.0002018125 2 2 3 2 1 3 1 1 
0.0001956250 2 2 3 2 1 3 1 3 
0.0000730000 2 2 3 2 1 3 3 0 
0.0002126875 2 2 3 2 2 0 0 0 
0.0000941875 2 2 3 2 2 0 0 2 
0.0000641250 2 2 3 2 2 0 1 1 
0.0000193750 2 2 3 2 2 0 1 3 
0.0001319375 2 2 3 2 2 0 2 1 
0.0002325000 2 2 3 2 2 0 2 3 
0.0000470000 2 2 3 2 2 0 3 2 
0.0000733750 2 2 3 2 2 1 0 1 
0.0000299375 2 2 3 2 2 1 0 3 
0.0000354375 2 2 3 2 2 2 0 2 
0.0001302500 2 2 3 2 2 2 1 1 
0.0001043125 2 2 3 2 2 2 2 1 
0.0001372500 2 2 3 2 2 2 2 3 
0.0000637500 2 2 3 2 2 2 3 0 
0.0001822500 2 2 3 2 2 2 3 2 
0.0001326250 2 2 3 2 2 3 2 2 
0.0002170625 2 2 3 2 2 3 3 1 
0.0000908750 2 2 3 2 3 0 1 2 
0.0002182500 2 2 3 2 3 0 2 2 
0.0000105625 2 2 3 2 3 0 3 1 
0.0001510625 2 2 3 2 3 1 1 3 
0.0001494375 2 2 3 2 3 1 3 0 
0.0000426250 2 2 3 2 3 1 3 2 
0.0000171250 2 2 3 2 3 2 0 3 
0.0001898750 2 2 3 2 3 2 1 0 
0.0002342500 2 2 3 2 3 2 2 0 
0.0001088125 2 2 3 2 3 2 2 2 
0.0000854375 2 2 3 2 3 2 3 3 
0.0000420000 2 2 3 2 3 3 0 0 
0.0001456250 2 2 3 2 3 3 0 2 
0.0001141250 2 2 3 2 3 3 1 3 
0.0000566250 2 2 3 2 3 3 2 1 
0.0000081875 2 2 3 2 3 3 2 3 
0.0002239375 2 2 3 2 3 3 3 0 
0.0000200625 2 2 3 2 3 3 3 2 
0.0000538125 2 2 3 3 0 0 1 1 
0.0002360625 2 2 3 3 0 0 1 2 
0.0001890000 2 2 3 3 0 0 2 1 
0.0001401875 2 2 3 3 0 0 3 0 
0.0000548750 2 2 3 3 0 1 0 1 
0.0001363125 2 2 3 3 0 1 0 2 
0.0002018125 2 2 3 3 0 1 2 3 
0.0001250000 2 2 3 3 0 1 3 1 
0.0000321875 2 2 3 3 0 2 0 3 
0.0001772500 2 2 3 3 0 2 1 1 
0.0002233750 2 2 3 3 0 2 2 1 
0.0001423750 2 2 3 3 0 3 0 2 
0.0001729375 2 2 3 3 0 3 1 0 
0.0000168125 2 2 3 3 0 3 3 1 
0.0000443125 2 2 3 3 0 3 3 2 
0.0001676875 2 2 3 3 1 0 0 1 
0.0001919375 2 2 3 3 1 0 0 2 
0.0000756250 2 2 3 3 1 0 1 3 
0.0001008750 2 2 3 3 1 0 3 1 
0.0000568750 2 2 3 3 1 0 3 2 
0.0000728125 2 2 3 3 1 1 0 0 
0.0000885625 2 2 3 3 1 1 0 3 
0.0000650625 2 2 3 3 1 1 1 1 
0.0001678750 2 2 3 3 1 1 1 2 
0.0000190625 2 2 3 3 1 1 2 1 
0.0000758125 2 2 3 3 1 1 3 0 
0.0001130000 2 2 3 3 1 1 3 3 
0.0001862500 2 2 3 3 1 2 0 1 
0.0002147500 2 2 3 3 1 2 0 2 
0.0002091250 2 2 3 3 1 2 2 0 
0.0000041250 2 2 3 3 1 2 2 3 
0.0002048750 2 2 3 3 1 3 0 0 
0.0000438125 2 2 3 3 1 3 0 3 
0.0000641250 2 2 3 3 1 3 2 2 
0.0000941875 2 2 3 3 2 0 0 3 
0.0000752500 2 2 3 3 2 0 3 0 
0.0000470000 2 2 3 3 2 0 3 3 
0.0001675000 2 2 3 3 2 1 0 1 
0.0000170000 2 2 3 3 2 1 1 0 
0.0001998125 2 2 3 3 2 1 3 1 
0.0002296250 2 2 3 3 2 1 3 2 
0.0000801250 2 2 3 3 2 2 0 0 
0.0000354375 2 2 3 3 2 2 0 3 
0.0000955000 2 2 3 3 2 2 1 1 
0.0000124375 2 2 3 3 2 2 1 2 
0.0001366250 2 2 3 3 2 2 2 1 
0.0001822500 2 2 3 3 2 2 3 3 
0.0000563125 2 2 3 3 2 3 0 1 
0.0002411875 2 2 3 3 2 3 0 2 
0.0001326250 2 2 3 3 2 3 2 3 
0.0001568125 2 2 3 3 2 3 3 1 
0.0002392500 2 2 3 3 2 3 3 2 
0.0001639375 2 2 3 3 3 0 0 2 
0.0002188750 2 2 3 3 3 0 1 0 
0.0000908750 2 2 3 3 3 0 1 3 
0.0002182500 2 2 3 3 3 0 2 3 
0.0000900000 2 2 3 3 3 0 3 1 
0.0000661250 2 2 3 3 3 0 3 2 
0.0001346875 2 2 3 3 3 1 0 0 
0.0000475625 2 2 3 3 3 1 2 1 
0.0002013125 2 2 3 3 3 1 2 2 
0.0000426250 2 2 3 3 3 1 3 3 
0.0001093125 2 2 3 3 3 2 2 0 
0.0001088125 2 2 3 3 3 2 2 3 
0.0001456250 2 2 3 3 3 3 0 3 
0.0000338125 2 2 3 3 3 3 1 1 
0.0000356875 2 2 3 3 3 3 2 1 
0.0000464375 2 2 3 3 3 3 3 0 
0.0000200625 2 2 3 3 3 3 3 3 
0.0002295625 2 3 0 0 0 0 0 1 
0.0001250000 2 3 0 0 0 0 0 2 
0.0001830000 2 3 0 0 0 0 0 3 
0.0002042500 2 3 0 0 0 0 1 3 
0.0000548750 2 3 0 0 0 0 3 2 
0.0001999375 2 3 0 0 0 0 3 3 
0.0001794375 2 3 0 0 0 3 1 0 
0.0000801875 2 3 0 0 0 3 1 1 
0.0002233750 2 3 0 0 0 3 1 2 
0.0000976250 2 3 0 0 0 3 2 3 
0.0000321875 2 3 0 0 0 3 3 0 
0.0002176250 2 3 0 0 0 3 3 1 
0.0000210625 2 3 0 0 0 3 3 2 
0.0001008750 2 3 0 0 1 1 0 2 
0.0001768750 2 3 0 0 1 1 0 3 
0.0001111875 2 3 0 0 1 1 1 0 
0.0001899375 2 3 0 0 1 1 1 3 
0.0000756250 2 3 0 0 1 1 2 0 
0.0001676875 2 3 0 0 1 1 3 2 
0.0001818125 2 3 0 0 1 2 0 0 
0.0000768750 2 3 0 0 1 2 0 3 
0.0000780000 2 3 0 0 1 2 1 0 
0.0000641250 2 3 0 0 1 2 1 1 
0.0002338750 2 3 0 0 1 2 1 2 
0.0001956250 2 3 0 0 1 2 2 1 
0.0001998125 2 3 0 0 2 0 0 2 
0.0001237500 2 3 0 0 2 0 0 3 
0.0001455000 2 3 0 0 2 0 1 0 
0.0001278750 2 3 0 0 2 0 1 1 
0.0000193750 2 3 0 0 2 0 1 2 
0.0000666250 2 3 0 0 2 0 1 3 
0.0000170000 2 3 0 0 2 0 2 3 
0.0000436250 2 3 0 0 2 0 3 0 
0.0000299375 2 3 0 0 2 0 3 1 
0.0001675000 2 3 0 0 2 0 3 2 
0.0001822500 2 3 0 0 2 3 0 0 
0.0000637500 2 3 0 0 2 3 0 2 
0.0001372500 2 3 0 0 2 3 1 1 
0.0001366250 2 3 0 0 2 3 1 2 
0.0001491250 2 3 0 0 2 3 2 0 
0.0000124375 2 3 0 0 2 3 2 1 
0.0001302500 2 3 0 0 2 3 2 3 
0.0000354375 2 3 0 0 2 3 3 0 
0.0000801250 2 3 0 0 2 3 3 3 
0.0001299375 2 3 0 0 3 1 0 0 
0.0000900000 2 3 0 0 3 1 0 2 
0.0001936875 2 3 0 0 3 1 1 1 
0.0002415625 2 3 0 0 3 1 1 2 
0.0000527500 2 3 0 0 3 1 1 3 
0.0000908750 2 3 0 0 3 1 2 0 
0.0001109375 2 3 0 0 3 1 2 1 
0.0002188750 2 3 0 0 3 1 2 3 
0.0001855000 2 3 0 0 3 1 3 3 
0.0000513125 2 3 0 0 3 2 0 1 
0.0000704375 2 3 0 0 3 2 1 0 
0.0000566250 2 3 0 0 3 2 1 3 
0.0001141250 2 3 0 0 3 2 2 1 
0.0000338125 2 3 0 0 3 2 2 2 
0.0001235000 2 3 0 0 3 2 2 3 
0.0002101250 2 3 0 0 3 2 3 1 
0.0001753750 2 3 0 0 3 2 3 3 
0.0002295625 2 3 0 1 0 0 0 0 
0.0000525000 2 3 0 1 0 1 1 2 
0.0001890000 2 3 0 1 0 1 1 3 
0.0002154375 2 3 0 1 0 1 3 2 
0.0000168125 2 3 0 1 0 2 0 3 
0.0000801875 2 3 0 1 0 3 1 0 
0.0001794375 2 3 0 1 0 3 1 1 
0.0002176250 2 3 0 1 0 3 3 0 
0.0000321875 2 3 0 1 0 3 3 1 
0.0001116250 2 3 0 1 1 0 0 3 
0.0001705000 2 3 0 1 1 0 1 2 
0.0000190625 2 3 0 1 1 0 1 3 
0.0001111875 2 3 0 1 1 1 1 1 
0.0000756250 2 3 0 1 1 1 2 1 
0.0001818125 2 3 0 1 1 2 0 1 
0.0000641250 2 3 0 1 1 2 1 0 
0.0000780000 2 3 0 1 1 2 1 1 
0.0001956250 2 3 0 1 1 2 2 0 
0.0000135000 2 3 0 1 1 3 0 2 
0.0000071875 2 3 0 1 1 3 0 3 
0.0000728125 2 3 0 1 1 3 1 3 
0.0001574375 2 3 0 1 1 3 3 2 
0.0001278750 2 3 0 1 2 0 1 0 
0.0001455000 2 3 0 1 2 0 1 1 
0.0000299375 2 3 0 1 2 0 3 0 
0.0000436250 2 3 0 1 2 0 3 1 
0.0001319375 2 3 0 1 2 1 1 2 
0.0002218750 2 3 0 1 2 1 2 3 
0.0000911250 2 3 0 1 2 1 3 2 
0.0002126875 2 3 0 1 2 1 3 3 
0.0002170625 2 3 0 1 2 2 0 2 
0.0001568125 2 3 0 1 2 2 0 3 
0.0000870625 2 3 0 1 2 2 1 3 
0.0002124375 2 3 0 1 2 2 2 2 
0.0000563125 2 3 0 1 2 2 3 3 
0.0001822500 2 3 0 1 2 3 0 1 
0.0001372500 2 3 0 1 2 3 1 0 
0.0000124375 2 3 0 1 2 3 2 0 
0.0001491250 2 3 0 1 2 3 2 1 
0.0000354375 2 3 0 1 2 3 3 1 
0.0002187500 2 3 0 1 3 0 0 2 
0.0001494375 2 3 0 1 3 0 0 3 
0.0000475625 2 3 0 1 3 0 1 3 
0.0002105000 2 3 0 1 3 0 2 2 
0.0000754375 2 3 0 1 3 0 2 3 
0.0001299375 2 3 0 1 3 1 0 1 
0.0001936875 2 3 0 1 3 1 1 0 
0.0001109375 2 3 0 1 3 1 2 0 
0.0000908750 2 3 0 1 3 1 2 1 
0.0000513125 2 3 0 1 3 2 0 0 
0.0000704375 2 3 0 1 3 2 1 1 
0.0001141250 2 3 0 1 3 2 2 0 
0.0002101250 2 3 0 1 3 2 3 0 
0.0000362500 2 3 0 1 3 3 0 2 
0.0002136875 2 3 0 1 3 3 0 3 
0.0002342500 2 3 0 1 3 3 1 3 
0.0000718750 2 3 0 1 3 3 3 2 
0.0001411875 2 3 0 1 3 3 3 3 
0.0001250000 2 3 0 2 0 0 0 0 
0.0000548750 2 3 0 2 0 0 3 0 
0.0001401875 2 3 0 2 0 1 0 1 
0.0001603750 2 3 0 2 0 1 0 3 
0.0001423125 2 3 0 2 0 1 2 1 
0.0000014375 2 3 0 2 0 1 3 3 
0.0002422500 2 3 0 2 0 2 0 1 
0.0000443125 2 3 0 2 0 2 0 3 
0.0000235625 2 3 0 2 0 2 1 1 
0.0002308750 2 3 0 2 0 2 1 3 
0.0001729375 2 3 0 2 0 2 2 1 
0.0000089375 2 3 0 2 0 2 2 3 
0.0000656250 2 3 0 2 0 2 3 1 
0.0001423750 2 3 0 2 0 2 3 3 
0.0002233750 2 3 0 2 0 3 1 0 
0.0001794375 2 3 0 2 0 3 1 2 
0.0000210625 2 3 0 2 0 3 3 0 
0.0000321875 2 3 0 2 0 3 3 2 
0.0000758125 2 3 0 2 1 0 0 1 
0.0001140000 2 3 0 2 1 0 2 1 
0.0000728125 2 3 0 2 1 0 3 1 
0.0001008750 2 3 0 2 1 1 0 0 
0.0001111875 2 3 0 2 1 1 1 2 
0.0000756250 2 3 0 2 1 1 2 2 
0.0001676875 2 3 0 2 1 1 3 0 
0.0001818125 2 3 0 2 1 2 0 2 
0.0002338750 2 3 0 2 1 2 1 0 
0.0000780000 2 3 0 2 1 2 1 2 
0.0002014375 2 3 0 2 1 3 0 3 
0.0002091250 2 3 0 2 1 3 1 1 
0.0000458750 2 3 0 2 1 3 2 1 
0.0001998125 2 3 0 2 2 0 0 0 
0.0000193750 2 3 0 2 2 0 1 0 
0.0001455000 2 3 0 2 2 0 1 2 
0.0001675000 2 3 0 2 2 0 3 0 
0.0000436250 2 3 0 2 2 0 3 2 
0.0000752500 2 3 0 2 2 1 0 1 
0.0000641250 2 3 0 2 2 1 2 1 
0.0000193750 2 3 0 2 2 1 2 3 
0.0002392500 2 3 0 2 2 2 0 3 
0.0000081250 2 3 0 2 2 2 1 1 
0.0000308125 2 3 0 2 2 2 3 1 
0.0002411875 2 3 0 2 2 2 3 3 
0.0000637500 2 3 0 2 2 3 0 0 
0.0001822500 2 3 0 2 2 3 0 2 
0.0001366250 2 3 0 2 2 3 1 0 
0.0001491250 2 3 0 2 2 3 2 2 
0.0000354375 2 3 0 2 2 3 3 2 
0.0000863125 2 3 0 2 3 0 0 3 
0.0002290625 2 3 0 2 3 0 1 1 
0.0002013125 2 3 0 2 3 0 1 3 
0.0001510625 2 3 0 2 3 0 2 3 
0.0001346875 2 3 0 2 3 0 3 1 
0.0000020000 2 3 0 2 3 0 3 3 
0.0000900000 2 3 0 2 3 1 0 0 
0.0001299375 2 3 0 2 3 1 0 2 
0.0002415625 2 3 0 2 3 1 1 0 
0.0000908750 2 3 0 2 3 1 2 2 
0.0000704375 2 3 0 2 3 2 1 2 
0.0000338125 2 3 0 2 3 2 2 0 
0.0000854375 2 3 0 2 3 3 0 3 
0.0001093125 2 3 0 2 3 3 1 1 
0.0001650625 2 3 0 2 3 3 2 1 
0.0002349375 2 3 0 2 3 3 2 3 
0.0000171250 2 3 0 2 3 3 3 3 
0.0001830000 2 3 0 3 0 0 0 0 
0.0002042500 2 3 0 3 0 0 1 0 
0.0001999375 2 3 0 3 0 0 3 0 
0.0001669375 2 3 0 3 0 1 0 1 
0.0002200000 2 3 0 3 0 1 1 2 
0.0000538125 2 3 0 3 0 1 2 1 
0.0002360625 2 3 0 3 0 1 2 2 
0.0001878125 2 3 0 3 0 1 3 1 
0.0001531875 2 3 0 3 0 2 1 1 
0.0000806250 2 3 0 3 0 2 2 1 
0.0001385000 2 3 0 3 0 2 3 1 
0.0001794375 2 3 0 3 0 3 1 3 
0.0000976250 2 3 0 3 0 3 2 0 
0.0000321875 2 3 0 3 0 3 3 3 
0.0000102500 2 3 0 3 1 0 0 2 
0.0002313750 2 3 0 3 1 0 1 2 
0.0000650625 2 3 0 3 1 0 2 1 
0.0001678750 2 3 0 3 1 0 2 2 
0.0001128750 2 3 0 3 1 0 3 1 
0.0000257500 2 3 0 3 1 0 3 2 
0.0001768750 2 3 0 3 1 1 0 0 
0.0001899375 2 3 0 3 1 1 1 0 
0.0001111875 2 3 0 3 1 1 1 3 
0.0000756250 2 3 0 3 1 1 2 3 
0.0000768750 2 3 0 3 1 2 0 0 
0.0001818125 2 3 0 3 1 2 0 3 
0.0000780000 2 3 0 3 1 2 1 3 
0.0001052500 2 3 0 3 1 3 1 2 
0.0000634375 2 3 0 3 1 3 2 1 
0.0002384375 2 3 0 3 1 3 2 2 
0.0001862500 2 3 0 3 1 3 3 1 
0.0002147500 2 3 0 3 1 3 3 2 
0.0001237500 2 3 0 3 2 0 0 0 
0.0000666250 2 3 0 3 2 0 1 0 
0.0001455000 2 3 0 3 2 0 1 3 
0.0000170000 2 3 0 3 2 0 2 0 
0.0000436250 2 3 0 3 2 0 3 3 
0.0000395625 2 3 0 3 2 1 0 1 
0.0001530000 2 3 0 3 2 1 0 2 
0.0001465625 2 3 0 3 2 1 1 1 
0.0002325000 2 3 0 3 2 1 1 2 
0.0000240000 2 3 0 3 2 1 3 2 
0.0000938750 2 3 0 3 2 2 1 2 
0.0001551875 2 3 0 3 2 2 2 1 
0.0000828125 2 3 0 3 2 2 2 2 
0.0001822500 2 3 0 3 2 3 0 3 
0.0001302500 2 3 0 3 2 3 2 0 
0.0001491250 2 3 0 3 2 3 2 3 
0.0000801250 2 3 0 3 2 3 3 0 
0.0000354375 2 3 0 3 2 3 3 3 
0.0000415000 2 3 0 3 3 0 3 1 
0.0001299375 2 3 0 3 3 1 0 3 
0.0000527500 2 3 0 3 3 1 1 0 
0.0002188750 2 3 0 3 3 1 2 0 
0.0000908750 2 3 0 3 3 1 2 3 
0.0001855000 2 3 0 3 3 1 3 0 
0.0000566250 2 3 0 3 3 2 1 0 
0.0000704375 2 3 0 3 3 2 1 3 
0.0001235000 2 3 0 3 3 2 2 0 
0.0001753750 2 3 0 3 3 2 3 0 
0.0002010625 2 3 0 3 3 3 1 2 
0.0001898750 2 3 0 3 3 3 2 1 
0.0002042500 2 3 1 0 0 0 0 3 
0.0002295625 2 3 1 0 0 0 1 1 
0.0001250000 2 3 1 0 0 0 1 2 
0.0001830000 2 3 1 0 0 0 1 3 
0.0001456875 2 3 1 0 0 1 2 0 
0.0000014375 2 3 1 0 0 1 2 1 
0.0001878125 2 3 1 0 0 1 2 2 
0.0002154375 2 3 1 0 0 1 2 3 
0.0001483750 2 3 1 0 0 1 3 0 
0.0002360625 2 3 1 0 0 1 3 1 
0.0001423125 2 3 1 0 0 1 3 3 
0.0001423750 2 3 1 0 0 2 2 1 
0.0001385000 2 3 1 0 0 2 2 2 
0.0001729375 2 3 1 0 0 2 3 3 
0.0001794375 2 3 1 0 0 3 0 0 
0.0000801875 2 3 1 0 0 3 0 1 
0.0002233750 2 3 1 0 0 3 0 2 
0.0001128750 2 3 1 0 1 0 2 2 
0.0000588125 2 3 1 0 1 0 3 0 
0.0001678750 2 3 1 0 1 0 3 1 
0.0001140000 2 3 1 0 1 0 3 3 
0.0001111875 2 3 1 0 1 1 0 0 
0.0001899375 2 3 1 0 1 1 0 3 
0.0001008750 2 3 1 0 1 1 1 2 
0.0001768750 2 3 1 0 1 1 1 3 
0.0000780000 2 3 1 0 1 2 0 0 
0.0000641250 2 3 1 0 1 2 0 1 
0.0002338750 2 3 1 0 1 2 0 2 
0.0001818125 2 3 1 0 1 2 1 0 
0.0000768750 2 3 1 0 1 2 1 3 
0.0001862500 2 3 1 0 1 3 2 2 
0.0001574375 2 3 1 0 1 3 2 3 
0.0001311250 2 3 1 0 1 3 3 0 
0.0002384375 2 3 1 0 1 3 3 1 
0.0000458750 2 3 1 0 1 3 3 3 
0.0001455000 2 3 1 0 2 0 0 0 
0.0001278750 2 3 1 0 2 0 0 1 
0.0000193750 2 3 1 0 2 0 0 2 
0.0000666250 2 3 1 0 2 0 0 3 
0.0001998125 2 3 1 0 2 0 1 2 
0.0001237500 2 3 1 0 2 0 1 3 
0.0000911250 2 3 1 0 2 1 2 3 
0.0002395000 2 3 1 0 2 1 3 0 
0.0002218750 2 3 1 0 2 1 3 2 
0.0000641250 2 3 1 0 2 1 3 3 
0.0001433750 2 3 1 0 2 2 2 0 
0.0002411875 2 3 1 0 2 2 2 1 
0.0000828125 2 3 1 0 2 2 3 1 
0.0001372500 2 3 1 0 2 3 0 1 
0.0001366250 2 3 1 0 2 3 0 2 
0.0001822500 2 3 1 0 2 3 1 0 
0.0000637500 2 3 1 0 2 3 1 2 
0.0002388125 2 3 1 0 3 0 2 0 
0.0000020000 2 3 1 0 3 0 2 1 
0.0000415000 2 3 1 0 3 0 2 2 
0.0000754375 2 3 1 0 3 0 3 2 
0.0001936875 2 3 1 0 3 1 0 1 
0.0002415625 2 3 1 0 3 1 0 2 
0.0000527500 2 3 1 0 3 1 0 3 
0.0001299375 2 3 1 0 3 1 1 0 
0.0000900000 2 3 1 0 3 1 1 2 
0.0000704375 2 3 1 0 3 2 0 0 
0.0000566250 2 3 1 0 3 2 0 3 
0.0000513125 2 3 1 0 3 2 1 1 
0.0000171250 2 3 1 0 3 3 2 1 
0.0000718750 2 3 1 0 3 3 2 3 
0.0000835000 2 3 1 0 3 3 3 0 
0.0001650625 2 3 1 0 3 3 3 3 
0.0002295625 2 3 1 1 0 0 1 0 
0.0000548750 2 3 1 1 0 0 2 3 
0.0001271875 2 3 1 1 0 0 3 3 
0.0000525000 2 3 1 1 0 1 0 2 
0.0001890000 2 3 1 1 0 1 0 3 
0.0000014375 2 3 1 1 0 1 2 0 
0.0001456875 2 3 1 1 0 1 2 1 
0.0002360625 2 3 1 1 0 1 3 0 
0.0001483750 2 3 1 1 0 1 3 1 
0.0000168125 2 3 1 1 0 2 1 3 
0.0001423750 2 3 1 1 0 2 2 0 
0.0000801875 2 3 1 1 0 3 0 0 
0.0001794375 2 3 1 1 0 3 0 1 
0.0002394375 2 3 1 1 0 3 2 2 
0.0000210625 2 3 1 1 0 3 2 3 
0.0000976250 2 3 1 1 0 3 3 2 
0.0001772500 2 3 1 1 0 3 3 3 
0.0001705000 2 3 1 1 1 0 0 2 
0.0000190625 2 3 1 1 1 0 0 3 
0.0001116250 2 3 1 1 1 0 1 3 
0.0001678750 2 3 1 1 1 0 3 0 
0.0000588125 2 3 1 1 1 0 3 1 
0.0001111875 2 3 1 1 1 1 0 1 
0.0001209375 2 3 1 1 1 1 2 2 
0.0001676875 2 3 1 1 1 1 2 3 
0.0001877500 2 3 1 1 1 1 3 3 
0.0000641250 2 3 1 1 1 2 0 0 
0.0000780000 2 3 1 1 1 2 0 1 
0.0001818125 2 3 1 1 1 2 1 1 
0.0002048750 2 3 1 1 1 2 2 2 
0.0000059375 2 3 1 1 1 2 3 3 
0.0000728125 2 3 1 1 1 3 0 3 
0.0000135000 2 3 1 1 1 3 1 2 
0.0000071875 2 3 1 1 1 3 1 3 
0.0002384375 2 3 1 1 1 3 3 0 
0.0001311250 2 3 1 1 1 3 3 1 
0.0001278750 2 3 1 1 2 0 0 0 
0.0001455000 2 3 1 1 2 0 0 1 
0.0000733750 2 3 1 1 2 0 2 2 
0.0001675000 2 3 1 1 2 0 2 3 
0.0000170000 2 3 1 1 2 0 3 2 
0.0001168125 2 3 1 1 2 0 3 3 
0.0001319375 2 3 1 1 2 1 0 2 
0.0002395000 2 3 1 1 2 1 3 1 
0.0000870625 2 3 1 1 2 2 0 3 
0.0002170625 2 3 1 1 2 2 1 2 
0.0001568125 2 3 1 1 2 2 1 3 
0.0002411875 2 3 1 1 2 2 2 0 
0.0001433750 2 3 1 1 2 2 2 1 
0.0000828125 2 3 1 1 2 2 3 0 
0.0001372500 2 3 1 1 2 3 0 0 
0.0001822500 2 3 1 1 2 3 1 1 
0.0001302500 2 3 1 1 2 3 3 2 
0.0000955000 2 3 1 1 2 3 3 3 
0.0000475625 2 3 1 1 3 0 0 3 
0.0002187500 2 3 1 1 3 0 1 2 
0.0001494375 2 3 1 1 3 0 1 3 
0.0000020000 2 3 1 1 3 0 2 0 
0.0002388125 2 3 1 1 3 0 2 1 
0.0001936875 2 3 1 1 3 1 0 0 
0.0001299375 2 3 1 1 3 1 1 1 
0.0002188750 2 3 1 1 3 1 3 2 
0.0000841250 2 3 1 1 3 1 3 3 
0.0000704375 2 3 1 1 3 2 0 1 
0.0000513125 2 3 1 1 3 2 1 0 
0.0001235000 2 3 1 1 3 2 3 2 
0.0002342500 2 3 1 1 3 3 0 3 
0.0000362500 2 3 1 1 3 3 1 2 
0.0002136875 2 3 1 1 3 3 1 3 
0.0000171250 2 3 1 1 3 3 2 0 
0.0000835000 2 3 1 1 3 3 3 1 
0.0001250000 2 3 1 2 0 0 1 0 
0.0001999375 2 3 1 2 0 0 2 1 
0.0001363125 2 3 1 2 0 0 2 3 
0.0002287500 2 3 1 2 0 0 3 1 
0.0001401875 2 3 1 2 0 1 1 1 
0.0001603750 2 3 1 2 0 1 1 3 
0.0001878125 2 3 1 2 0 1 2 0 
0.0001456875 2 3 1 2 0 1 2 2 
0.0001483750 2 3 1 2 0 1 3 2 
0.0000235625 2 3 1 2 0 2 0 1 
0.0002308750 2 3 1 2 0 2 0 3 
0.0002422500 2 3 1 2 0 2 1 1 
0.0000443125 2 3 1 2 0 2 1 3 
0.0001385000 2 3 1 2 0 2 2 0 
0.0002233750 2 3 1 2 0 3 0 0 
0.0001794375 2 3 1 2 0 3 0 2 
0.0000758125 2 3 1 2 1 0 1 1 
0.0001128750 2 3 1 2 1 0 2 0 
0.0000588125 2 3 1 2 1 0 3 2 
0.0001111875 2 3 1 2 1 1 0 2 
0.0001008750 2 3 1 2 1 1 1 0 
0.0001919375 2 3 1 2 1 1 2 3 
0.0001208750 2 3 1 2 1 1 3 1 
0.0002338750 2 3 1 2 1 2 0 0 
0.0000780000 2 3 1 2 1 2 0 2 
0.0001818125 2 3 1 2 1 2 1 2 
0.0001128125 2 3 1 2 1 2 2 3 
0.0002018125 2 3 1 2 1 2 3 1 
0.0001956250 2 3 1 2 1 2 3 3 
0.0002091250 2 3 1 2 1 3 0 1 
0.0002014375 2 3 1 2 1 3 1 3 
0.0001862500 2 3 1 2 1 3 2 0 
0.0001311250 2 3 1 2 1 3 3 2 
0.0000193750 2 3 1 2 2 0 0 0 
0.0001455000 2 3 1 2 2 0 0 2 
0.0001998125 2 3 1 2 2 0 1 0 
0.0000752500 2 3 1 2 2 1 1 1 
0.0002218750 2 3 1 2 2 1 3 0 
0.0002395000 2 3 1 2 2 1 3 2 
0.0000081250 2 3 1 2 2 2 0 1 
0.0002392500 2 3 1 2 2 2 1 3 
0.0001433750 2 3 1 2 2 2 2 2 
0.0001366250 2 3 1 2 2 3 0 0 
0.0000637500 2 3 1 2 2 3 1 0 
0.0001822500 2 3 1 2 2 3 1 2 
0.0000801250 2 3 1 2 2 3 2 1 
0.0000194375 2 3 1 2 2 3 2 3 
0.0000124375 2 3 1 2 2 3 3 3 
0.0002290625 2 3 1 2 3 0 0 1 
0.0002013125 2 3 1 2 3 0 0 3 
0.0000863125 2 3 1 2 3 0 1 3 
0.0000415000 2 3 1 2 3 0 2 0 
0.0002388125 2 3 1 2 3 0 2 2 
0.0000754375 2 3 1 2 3 0 3 0 
0.0002415625 2 3 1 2 3 1 0 0 
0.0000900000 2 3 1 2 3 1 1 0 
0.0001299375 2 3 1 2 3 1 1 2 
0.0001855000 2 3 1 2 3 1 2 1 
0.0001639375 2 3 1 2 3 1 2 3 
0.0001109375 2 3 1 2 3 1 3 3 
0.0000704375 2 3 1 2 3 2 0 2 
0.0001753750 2 3 1 2 3 2 2 1 
0.0001141250 2 3 1 2 3 2 3 3 
0.0001093125 2 3 1 2 3 3 0 1 
0.0000854375 2 3 1 2 3 3 1 3 
0.0000835000 2 3 1 2 3 3 3 2 
0.0002042500 2 3 1 3 0 0 0 0 
0.0001830000 2 3 1 3 0 0 1 0 
0.0001405625 2 3 1 3 0 0 3 2 
0.0002200000 2 3 1 3 0 1 0 2 
0.0001669375 2 3 1 3 0 1 1 1 
0.0002154375 2 3 1 3 0 1 2 0 
0.0001456875 2 3 1 3 0 1 2 3 
0.0001423125 2 3 1 3 0 1 3 0 
0.0001483750 2 3 1 3 0 1 3 3 
0.0001531875 2 3 1 3 0 2 0 1 
0.0001729375 2 3 1 3 0 2 3 0 
0.0001794375 2 3 1 3 0 3 0 3 
0.0002176250 2 3 1 3 0 3 2 2 
0.0000035000 2 3 1 3 0 3 3 2 
0.0002313750 2 3 1 3 1 0 0 2 
0.0000102500 2 3 1 3 1 0 1 2 
0.0001140000 2 3 1 3 1 0 3 0 
0.0000588125 2 3 1 3 1 0 3 3 
0.0001899375 2 3 1 3 1 1 0 0 
0.0001111875 2 3 1 3 1 1 0 3 
0.0001768750 2 3 1 3 1 1 1 0 
0.0000316875 2 3 1 3 1 1 3 2 
0.0000780000 2 3 1 3 1 2 0 3 
0.0000768750 2 3 1 3 1 2 1 0 
0.0001818125 2 3 1 3 1 2 1 3 
0.0000781875 2 3 1 3 1 2 2 1 
0.0001052500 2 3 1 3 1 3 0 2 
0.0001574375 2 3 1 3 1 3 2 0 
0.0000458750 2 3 1 3 1 3 3 0 
0.0001311250 2 3 1 3 1 3 3 3 
0.0000666250 2 3 1 3 2 0 0 0 
0.0001455000 2 3 1 3 2 0 0 3 
0.0001237500 2 3 1 3 2 0 1 0 
0.0000299375 2 3 1 3 2 0 2 2 
0.0001177500 2 3 1 3 2 0 3 2 
0.0001465625 2 3 1 3 2 1 0 1 
0.0002325000 2 3 1 3 2 1 0 2 
0.0000395625 2 3 1 3 2 1 1 1 
0.0001530000 2 3 1 3 2 1 1 2 
0.0000911250 2 3 1 3 2 1 2 0 
0.0000641250 2 3 1 3 2 1 3 0 
0.0002395000 2 3 1 3 2 1 3 3 
0.0000938750 2 3 1 3 2 2 0 2 
0.0001433750 2 3 1 3 2 2 2 3 
0.0001822500 2 3 1 3 2 3 1 3 
0.0001520625 2 3 1 3 2 3 2 1 
0.0002388125 2 3 1 3 3 0 2 3 
0.0000527500 2 3 1 3 3 1 0 0 
0.0001299375 2 3 1 3 3 1 1 3 
0.0000688750 2 3 1 3 3 1 2 1 
0.0000566250 2 3 1 3 3 2 0 0 
0.0000704375 2 3 1 3 3 2 0 3 
0.0000420000 2 3 1 3 3 2 2 1 
0.0002101250 2 3 1 3 3 2 2 2 
0.0000338125 2 3 1 3 3 2 3 1 
0.0002010625 2 3 1 3 3 3 0 2 
0.0000718750 2 3 1 3 3 3 2 0 
0.0001650625 2 3 1 3 3 3 3 0 
0.0000835000 2 3 1 3 3 3 3 3 
0.0002295625 2 3 2 0 0 0 2 1 
0.0001250000 2 3 2 0 0 0 2 2 
0.0001830000 2 3 2 0 0 0 2 3 
0.0001988125 2 3 2 0 0 1 3 0 
0.0000525000 2 3 2 0 0 1 3 3 
0.0000499375 2 3 2 0 0 2 1 0 
0.0000656250 2 3 2 0 0 2 1 3 
0.0002308750 2 3 2 0 0 2 3 1 
0.0001531875 2 3 2 0 0 2 3 2 
0.0000976250 2 3 2 0 0 3 0 3 
0.0000885625 2 3 2 0 1 0 1 0 
0.0000257500 2 3 2 0 1 0 1 1 
0.0000728125 2 3 2 0 1 0 1 3 
0.0001705000 2 3 2 0 1 0 3 3 
0.0000756250 2 3 2 0 1 1 0 0 
0.0001008750 2 3 2 0 1 1 2 2 
0.0001768750 2 3 2 0 1 1 2 3 
0.0001956250 2 3 2 0 1 2 0 1 
0.0001818125 2 3 2 0 1 2 2 0 
0.0000768750 2 3 2 0 1 2 2 3 
0.0000842500 2 3 2 0 1 3 1 0 
0.0002147500 2 3 2 0 1 3 1 1 
0.0000170000 2 3 2 0 2 0 0 3 
0.0001998125 2 3 2 0 2 0 2 2 
0.0001237500 2 3 2 0 2 0 2 3 
0.0000941875 2 3 2 0 2 1 1 0 
0.0000240000 2 3 2 0 2 1 1 1 
0.0002126875 2 3 2 0 2 1 1 2 
0.0001465625 2 3 2 0 2 1 3 2 
0.0001319375 2 3 2 0 2 1 3 3 
0.0000563125 2 3 2 0 2 2 1 2 
0.0000308125 2 3 2 0 2 2 1 3 
0.0001326250 2 3 2 0 2 2 3 0 
0.0001491250 2 3 2 0 2 3 0 0 
0.0000124375 2 3 2 0 2 3 0 1 
0.0001302500 2 3 2 0 2 3 0 3 
0.0001822500 2 3 2 0 2 3 2 0 
0.0000637500 2 3 2 0 2 3 2 2 
0.0001346875 2 3 2 0 3 0 1 3 
0.0002013125 2 3 2 0 3 0 3 1 
0.0000908750 2 3 2 0 3 1 0 0 
0.0001109375 2 3 2 0 3 1 0 1 
0.0002188750 2 3 2 0 3 1 0 3 
0.0001299375 2 3 2 0 3 1 2 0 
0.0000900000 2 3 2 0 3 1 2 2 
0.0001141250 2 3 2 0 3 2 0 1 
0.0000338125 2 3 2 0 3 2 0 2 
0.0001235000 2 3 2 0 3 2 0 3 
0.0000513125 2 3 2 0 3 2 2 1 
0.0000026250 2 3 2 0 3 3 1 0 
0.0001411875 2 3 2 0 3 3 1 2 
0.0001999375 2 3 2 1 0 0 1 2 
0.0002295625 2 3 2 1 0 0 2 0 
0.0001988125 2 3 2 1 0 1 3 1 
0.0000499375 2 3 2 1 0 2 1 1 
0.0000168125 2 3 2 1 0 2 2 3 
0.0002308750 2 3 2 1 0 2 3 0 
0.0001568750 2 3 2 1 0 3 3 2 
0.0002233750 2 3 2 1 0 3 3 3 
0.0000257500 2 3 2 1 1 0 1 0 
0.0000885625 2 3 2 1 1 0 1 1 
0.0001116250 2 3 2 1 1 0 2 3 
0.0000756250 2 3 2 1 1 1 0 1 
0.0001956250 2 3 2 1 1 2 0 0 
0.0000781875 2 3 2 1 1 2 1 3 
0.0001818125 2 3 2 1 1 2 2 1 
0.0000358750 2 3 2 1 1 2 3 2 
0.0002338750 2 3 2 1 1 2 3 3 
0.0002147500 2 3 2 1 1 3 1 0 
0.0000842500 2 3 2 1 1 3 1 1 
0.0000135000 2 3 2 1 1 3 2 2 
0.0000071875 2 3 2 1 1 3 2 3 
0.0000193750 2 3 2 1 2 0 3 3 
0.0002218750 2 3 2 1 2 1 0 3 
0.0000240000 2 3 2 1 2 1 1 0 
0.0000941875 2 3 2 1 2 1 1 1 
0.0002124375 2 3 2 1 2 2 0 2 
0.0002170625 2 3 2 1 2 2 2 2 
0.0001568125 2 3 2 1 2 2 2 3 
0.0001326250 2 3 2 1 2 2 3 1 
0.0000124375 2 3 2 1 2 3 0 0 
0.0001491250 2 3 2 1 2 3 0 1 
0.0000801250 2 3 2 1 2 3 1 2 
0.0001520625 2 3 2 1 2 3 1 3 
0.0001822500 2 3 2 1 2 3 2 1 
0.0001043125 2 3 2 1 2 3 3 2 
0.0001366250 2 3 2 1 2 3 3 3 
0.0002105000 2 3 2 1 3 0 0 2 
0.0000754375 2 3 2 1 3 0 0 3 
0.0002187500 2 3 2 1 3 0 2 2 
0.0001494375 2 3 2 1 3 0 2 3 
0.0002013125 2 3 2 1 3 0 3 0 
0.0001109375 2 3 2 1 3 1 0 0 
0.0000908750 2 3 2 1 3 1 0 1 
0.0001855000 2 3 2 1 3 1 1 2 
0.0000688750 2 3 2 1 3 1 1 3 
0.0001299375 2 3 2 1 3 1 2 1 
0.0002415625 2 3 2 1 3 1 3 3 
0.0001141250 2 3 2 1 3 2 0 0 
0.0001753750 2 3 2 1 3 2 1 2 
0.0000420000 2 3 2 1 3 2 1 3 
0.0000513125 2 3 2 1 3 2 2 0 
0.0000026250 2 3 2 1 3 3 1 1 
0.0000362500 2 3 2 1 3 3 2 2 
0.0002136875 2 3 2 1 3 3 2 3 
0.0001250000 2 3 2 2 0 0 2 0 
0.0002042500 2 3 2 2 0 0 3 1 
0.0002289375 2 3 2 2 0 0 3 3 
0.0001423125 2 3 2 2 0 1 0 1 
0.0001401875 2 3 2 2 0 1 2 1 
0.0001603750 2 3 2 2 0 1 2 3 
0.0001988125 2 3 2 2 0 1 3 2 
0.0001729375 2 3 2 2 0 2 0 1 
0.0000089375 2 3 2 2 0 2 0 3 
0.0000499375 2 3 2 2 0 2 1 2 
0.0002422500 2 3 2 2 0 2 2 1 
0.0000443125 2 3 2 2 0 2 2 3 
0.0001531875 2 3 2 2 0 2 3 0 
0.0002394375 2 3 2 2 0 3 1 1 
0.0002176250 2 3 2 2 0 3 1 3 
0.0001140000 2 3 2 2 1 0 0 1 
0.0000885625 2 3 2 2 1 0 1 2 
0.0000758125 2 3 2 2 1 0 2 1 
0.0000756250 2 3 2 2 1 1 0 2 
0.0001209375 2 3 2 2 1 1 1 1 
0.0001008750 2 3 2 2 1 1 2 0 
0.0001899375 2 3 2 2 1 1 3 1 
0.0000923750 2 3 2 2 1 1 3 3 
0.0002048750 2 3 2 2 1 2 1 1 
0.0001818125 2 3 2 2 1 2 2 2 
0.0000458750 2 3 2 2 1 3 0 1 
0.0000842500 2 3 2 2 1 3 1 2 
0.0002014375 2 3 2 2 1 3 2 3 
0.0000733750 2 3 2 2 2 0 1 1 
0.0000299375 2 3 2 2 2 0 1 3 
0.0001998125 2 3 2 2 2 0 2 0 
0.0000666250 2 3 2 2 2 0 3 1 
0.0000641250 2 3 2 2 2 1 0 1 
0.0000193750 2 3 2 2 2 1 0 3 
0.0002126875 2 3 2 2 2 1 1 0 
0.0000941875 2 3 2 2 2 1 1 2 
0.0000752500 2 3 2 2 2 1 2 1 
0.0001465625 2 3 2 2 2 1 3 0 
0.0000563125 2 3 2 2 2 2 1 0 
0.0002392500 2 3 2 2 2 2 2 3 
0.0001326250 2 3 2 2 2 2 3 2 
0.0001491250 2 3 2 2 2 3 0 2 
0.0000637500 2 3 2 2 2 3 2 0 
0.0001822500 2 3 2 2 2 3 2 2 
0.0001510625 2 3 2 2 3 0 0 3 
0.0000863125 2 3 2 2 3 0 2 3 
0.0000908750 2 3 2 2 3 1 0 2 
0.0000900000 2 3 2 2 3 1 2 0 
0.0001299375 2 3 2 2 3 1 2 2 
0.0000527500 2 3 2 2 3 1 3 1 
0.0000338125 2 3 2 2 3 2 0 0 
0.0002101250 2 3 2 2 3 2 1 3 
0.0000566250 2 3 2 2 3 2 3 1 
0.0000081875 2 3 2 2 3 2 3 3 
0.0001650625 2 3 2 2 3 3 0 1 
0.0002349375 2 3 2 2 3 3 0 3 
0.0001411875 2 3 2 2 3 3 1 0 
0.0000026250 2 3 2 2 3 3 1 2 
0.0000854375 2 3 2 2 3 3 2 3 
0.0000548750 2 3 2 3 0 0 1 1 
0.0001363125 2 3 2 3 0 0 1 2 
0.0001830000 2 3 2 3 0 0 2 0 
0.0001875625 2 3 2 3 0 0 3 1 
0.0000538125 2 3 2 3 0 1 0 1 
0.0002360625 2 3 2 3 0 1 0 2 
0.0001669375 2 3 2 3 0 1 2 1 
0.0000525000 2 3 2 3 0 1 3 0 
0.0001988125 2 3 2 3 0 1 3 3 
0.0000806250 2 3 2 3 0 2 0 1 
0.0000656250 2 3 2 3 0 2 1 0 
0.0000499375 2 3 2 3 0 2 1 3 
0.0000976250 2 3 2 3 0 3 0 0 
0.0000210625 2 3 2 3 0 3 1 1 
0.0000801875 2 3 2 3 0 3 3 2 
0.0000650625 2 3 2 3 1 0 0 1 
0.0001678750 2 3 2 3 1 0 0 2 
0.0000728125 2 3 2 3 1 0 1 0 
0.0000885625 2 3 2 3 1 0 1 3 
0.0000102500 2 3 2 3 1 0 2 2 
0.0001705000 2 3 2 3 1 0 3 0 
0.0000756250 2 3 2 3 1 1 0 3 
0.0001676875 2 3 2 3 1 1 1 1 
0.0001919375 2 3 2 3 1 1 1 2 
0.0001768750 2 3 2 3 1 1 2 0 
0.0001093750 2 3 2 3 1 1 3 1 
0.0001128125 2 3 2 3 1 2 1 2 
0.0000768750 2 3 2 3 1 2 2 0 
0.0001818125 2 3 2 3 1 2 2 3 
0.0000641250 2 3 2 3 1 2 3 2 
0.0000634375 2 3 2 3 1 3 0 1 
0.0002384375 2 3 2 3 1 3 0 2 
0.0000842500 2 3 2 3 1 3 1 3 
0.0000170000 2 3 2 3 2 0 0 0 
0.0001675000 2 3 2 3 2 0 1 1 
0.0001237500 2 3 2 3 2 0 2 0 
0.0001278750 2 3 2 3 2 0 3 2 
0.0000941875 2 3 2 3 2 1 1 3 
0.0000395625 2 3 2 3 2 1 2 1 
0.0001530000 2 3 2 3 2 1 2 2 
0.0001319375 2 3 2 3 2 1 3 0 
0.0001551875 2 3 2 3 2 2 0 1 
0.0000828125 2 3 2 3 2 2 0 2 
0.0000308125 2 3 2 3 2 2 1 0 
0.0001326250 2 3 2 3 2 2 3 3 
0.0001302500 2 3 2 3 2 3 0 0 
0.0001491250 2 3 2 3 2 3 0 3 
0.0000194375 2 3 2 3 2 3 1 2 
0.0001822500 2 3 2 3 2 3 2 3 
0.0001372500 2 3 2 3 2 3 3 2 
0.0001346875 2 3 2 3 3 0 1 0 
0.0002188750 2 3 2 3 3 1 0 0 
0.0000908750 2 3 2 3 3 1 0 3 
0.0001639375 2 3 2 3 3 1 1 2 
0.0001299375 2 3 2 3 3 1 2 3 
0.0001936875 2 3 2 3 3 1 3 2 
0.0001235000 2 3 2 3 3 2 0 0 
0.0000356875 2 3 2 3 3 2 3 1 
0.0001898750 2 3 2 3 3 3 0 1 
0.0000026250 2 3 2 3 3 3 1 3 
0.0000548750 2 3 3 0 0 0 0 2 
0.0001999375 2 3 3 0 0 0 0 3 
0.0002295625 2 3 3 0 0 0 3 1 
0.0001250000 2 3 3 0 0 0 3 2 
0.0001830000 2 3 3 0 0 0 3 3 
0.0000538125 2 3 3 0 0 1 1 2 
0.0002200000 2 3 3 0 0 1 2 1 
0.0001890000 2 3 3 0 0 1 2 2 
0.0001933750 2 3 3 0 0 2 1 0 
0.0000089375 2 3 3 0 0 2 1 1 
0.0000806250 2 3 3 0 0 2 1 2 
0.0001227500 2 3 3 0 0 2 2 0 
0.0000235625 2 3 3 0 0 2 2 3 
0.0000321875 2 3 3 0 0 3 0 0 
0.0002176250 2 3 3 0 0 3 0 1 
0.0000210625 2 3 3 0 0 3 0 2 
0.0000650625 2 3 3 0 1 0 1 2 
0.0000059375 2 3 3 0 1 0 2 0 
0.0002313750 2 3 3 0 1 0 2 1 
0.0000190625 2 3 3 0 1 0 2 2 
0.0001676875 2 3 3 0 1 1 0 2 
0.0001008750 2 3 3 0 1 1 3 2 
0.0001768750 2 3 3 0 1 1 3 3 
0.0001818125 2 3 3 0 1 2 3 0 
0.0000768750 2 3 3 0 1 2 3 3 
0.0000634375 2 3 3 0 1 3 1 2 
0.0000041250 2 3 3 0 1 3 2 0 
0.0001052500 2 3 3 0 1 3 2 1 
0.0000728125 2 3 3 0 1 3 2 2 
0.0002091250 2 3 3 0 1 3 2 3 
0.0000436250 2 3 3 0 2 0 0 0 
0.0000299375 2 3 3 0 2 0 0 1 
0.0001675000 2 3 3 0 2 0 0 2 
0.0001998125 2 3 3 0 2 0 3 2 
0.0001237500 2 3 3 0 2 0 3 3 
0.0000193750 2 3 3 0 2 1 1 1 
0.0002292500 2 3 3 0 2 1 2 0 
0.0002325000 2 3 3 0 2 1 2 1 
0.0001756250 2 3 3 0 2 2 1 0 
0.0001551875 2 3 3 0 2 2 1 2 
0.0002124375 2 3 3 0 2 2 1 3 
0.0000938750 2 3 3 0 2 2 2 1 
0.0000870625 2 3 3 0 2 2 2 2 
0.0000081250 2 3 3 0 2 2 2 3 
0.0000354375 2 3 3 0 2 3 0 0 
0.0000801250 2 3 3 0 2 3 0 3 
0.0001822500 2 3 3 0 2 3 3 0 
0.0000637500 2 3 3 0 2 3 3 2 
0.0000746250 2 3 3 0 3 0 1 0 
0.0001510625 2 3 3 0 3 0 1 1 
0.0002105000 2 3 3 0 3 0 1 3 
0.0001655625 2 3 3 0 3 0 2 0 
0.0000475625 2 3 3 0 3 0 2 2 
0.0002290625 2 3 3 0 3 0 2 3 
0.0001855000 2 3 3 0 3 1 0 3 
0.0001299375 2 3 3 0 3 1 3 0 
0.0000900000 2 3 3 0 3 1 3 2 
0.0002101250 2 3 3 0 3 2 0 1 
0.0001753750 2 3 3 0 3 2 0 3 
0.0000513125 2 3 3 0 3 2 3 1 
0.0002349375 2 3 3 0 3 3 1 1 
0.0001898750 2 3 3 0 3 3 1 2 
0.0001088125 2 3 3 0 3 3 2 0 
0.0002010625 2 3 3 0 3 3 2 1 
0.0002342500 2 3 3 0 3 3 2 2 
0.0001093125 2 3 3 0 3 3 2 3 
0.0002287500 2 3 3 1 0 0 1 2 
0.0002042500 2 3 3 1 0 0 2 2 
0.0001875625 2 3 3 1 0 0 2 3 
0.0002295625 2 3 3 1 0 0 3 0 
0.0002154375 2 3 3 1 0 1 0 2 
0.0002200000 2 3 3 1 0 1 2 0 
0.0000089375 2 3 3 1 0 2 1 0 
0.0001933750 2 3 3 1 0 2 1 1 
0.0001227500 2 3 3 1 0 2 2 1 
0.0000168125 2 3 3 1 0 2 3 3 
0.0002176250 2 3 3 1 0 3 0 0 
0.0000321875 2 3 3 1 0 3 0 1 
0.0002313750 2 3 3 1 1 0 2 0 
0.0000059375 2 3 3 1 1 0 2 1 
0.0001116250 2 3 3 1 1 0 3 3 
0.0001208750 2 3 3 1 1 1 1 2 
0.0001899375 2 3 3 1 1 1 2 2 
0.0001093750 2 3 3 1 1 1 2 3 
0.0002018125 2 3 3 1 1 2 1 2 
0.0001818125 2 3 3 1 1 2 3 1 
0.0001574375 2 3 3 1 1 3 0 2 
0.0001052500 2 3 3 1 1 3 2 0 
0.0000041250 2 3 3 1 1 3 2 1 
0.0000135000 2 3 3 1 1 3 3 2 
0.0000071875 2 3 3 1 1 3 3 3 
0.0000299375 2 3 3 1 2 0 0 0 
0.0000436250 2 3 3 1 2 0 0 1 
0.0000666250 2 3 3 1 2 0 2 2 
0.0000911250 2 3 3 1 2 1 0 2 
0.0002126875 2 3 3 1 2 1 0 3 
0.0000193750 2 3 3 1 2 1 1 0 
0.0002325000 2 3 3 1 2 1 2 0 
0.0002292500 2 3 3 1 2 1 2 1 
0.0000563125 2 3 3 1 2 2 0 3 
0.0001756250 2 3 3 1 2 2 1 1 
0.0000938750 2 3 3 1 2 2 2 0 
0.0002170625 2 3 3 1 2 2 3 2 
0.0001568125 2 3 3 1 2 2 3 3 
0.0000354375 2 3 3 1 2 3 0 1 
0.0001822500 2 3 3 1 2 3 3 1 
0.0001510625 2 3 3 1 3 0 1 0 
0.0000746250 2 3 3 1 3 0 1 1 
0.0001655625 2 3 3 1 3 0 2 1 
0.0002187500 2 3 3 1 3 0 3 2 
0.0001494375 2 3 3 1 3 0 3 3 
0.0000527500 2 3 3 1 3 1 2 2 
0.0001299375 2 3 3 1 3 1 3 1 
0.0002101250 2 3 3 1 3 2 0 0 
0.0000338125 2 3 3 1 3 2 1 3 
0.0000566250 2 3 3 1 3 2 2 2 
0.0000356875 2 3 3 1 3 2 2 3 
0.0000513125 2 3 3 1 3 2 3 0 
0.0000718750 2 3 3 1 3 3 0 2 
0.0001411875 2 3 3 1 3 3 0 3 
0.0002349375 2 3 3 1 3 3 1 0 
0.0002010625 2 3 3 1 3 3 2 0 
0.0001088125 2 3 3 1 3 3 2 1 
0.0000362500 2 3 3 1 3 3 3 2 
0.0002136875 2 3 3 1 3 3 3 3 
0.0000548750 2 3 3 2 0 0 0 0 
0.0001405625 2 3 3 2 0 0 1 3 
0.0001250000 2 3 3 2 0 0 3 0 
0.0000014375 2 3 3 2 0 1 0 3 
0.0000538125 2 3 3 2 0 1 1 0 
0.0001890000 2 3 3 2 0 1 2 0 
0.0001401875 2 3 3 2 0 1 3 1 
0.0001603750 2 3 3 2 0 1 3 3 
0.0000656250 2 3 3 2 0 2 0 1 
0.0001423750 2 3 3 2 0 2 0 3 
0.0000806250 2 3 3 2 0 2 1 0 
0.0001933750 2 3 3 2 0 2 1 2 
0.0001227500 2 3 3 2 0 2 2 2 
0.0002422500 2 3 3 2 0 2 3 1 
0.0000443125 2 3 3 2 0 2 3 3 
0.0000210625 2 3 3 2 0 3 0 0 
0.0000321875 2 3 3 2 0 3 0 2 
0.0000976250 2 3 3 2 0 3 1 1 
0.0000035000 2 3 3 2 0 3 1 3 
0.0001568750 2 3 3 2 0 3 2 1 
0.0000801875 2 3 3 2 0 3 2 3 
0.0000728125 2 3 3 2 1 0 0 1 
0.0000650625 2 3 3 2 1 0 1 0 
0.0000190625 2 3 3 2 1 0 2 0 
0.0000059375 2 3 3 2 1 0 2 2 
0.0000758125 2 3 3 2 1 0 3 1 
0.0001676875 2 3 3 2 1 1 0 0 
0.0000316875 2 3 3 2 1 1 1 3 
0.0001008750 2 3 3 2 1 1 3 0 
0.0000358750 2 3 3 2 1 2 2 1 
0.0000641250 2 3 3 2 1 2 2 3 
0.0001818125 2 3 3 2 1 2 3 2 
0.0000634375 2 3 3 2 1 3 1 0 
0.0000728125 2 3 3 2 1 3 2 0 
0.0000041250 2 3 3 2 1 3 2 2 
0.0002014375 2 3 3 2 1 3 3 3 
0.0001675000 2 3 3 2 2 0 0 0 
0.0000436250 2 3 3 2 2 0 0 2 
0.0000170000 2 3 3 2 2 0 1 1 
0.0001177500 2 3 3 2 2 0 1 3 
0.0001278750 2 3 3 2 2 0 2 3 
0.0001998125 2 3 3 2 2 0 3 0 
0.0002292500 2 3 3 2 2 1 2 2 
0.0000752500 2 3 3 2 2 1 3 1 
0.0000308125 2 3 3 2 2 2 0 1 
0.0002411875 2 3 3 2 2 2 0 3 
0.0001551875 2 3 3 2 2 2 1 0 
0.0001756250 2 3 3 2 2 2 1 2 
0.0000870625 2 3 3 2 2 2 2 0 
0.0002392500 2 3 3 2 2 2 3 3 
0.0000354375 2 3 3 2 2 3 0 2 
0.0001302500 2 3 3 2 2 3 1 1 
0.0001043125 2 3 3 2 2 3 2 1 
0.0001372500 2 3 3 2 2 3 2 3 
0.0000637500 2 3 3 2 2 3 3 0 
0.0001822500 2 3 3 2 2 3 3 2 
0.0001346875 2 3 3 2 3 0 0 1 
0.0000020000 2 3 3 2 3 0 0 3 
0.0000746250 2 3 3 2 3 0 1 2 
0.0000475625 2 3 3 2 3 0 2 0 
0.0001655625 2 3 3 2 3 0 2 2 
0.0000863125 2 3 3 2 3 0 3 3 
0.0002188750 2 3 3 2 3 1 1 1 
0.0001936875 2 3 3 2 3 1 2 3 
0.0000900000 2 3 3 2 3 1 3 0 
0.0001299375 2 3 3 2 3 1 3 2 
0.0001235000 2 3 3 2 3 2 1 1 
0.0000171250 2 3 3 2 3 3 0 3 
0.0001898750 2 3 3 2 3 3 1 0 
0.0002342500 2 3 3 2 3 3 2 0 
0.0001088125 2 3 3 2 3 3 2 2 
0.0000854375 2 3 3 2 3 3 3 3 
0.0001999375 2 3 3 3 0 0 0 0 
0.0001271875 2 3 3 3 0 0 1 1 
0.0002289375 2 3 3 3 0 0 2 2 
0.0001830000 2 3 3 3 0 0 3 0 
0.0001878125 2 3 3 3 0 1 0 1 
0.0001669375 2 3 3 3 0 1 3 1 
0.0001385000 2 3 3 3 0 2 0 1 
0.0001933750 2 3 3 3 0 2 1 3 
0.0000235625 2 3 3 3 0 2 2 0 
0.0001227500 2 3 3 3 0 2 2 3 
0.0000321875 2 3 3 3 0 3 0 3 
0.0001772500 2 3 3 3 0 3 1 1 
0.0002233750 2 3 3 3 0 3 2 1 
0.0001128750 2 3 3 3 1 0 0 1 
0.0000257500 2 3 3 3 1 0 0 2 
0.0000059375 2 3 3 3 1 0 2 3 
0.0000102500 2 3 3 3 1 0 3 2 
0.0001877500 2 3 3 3 1 1 1 1 
0.0000923750 2 3 3 3 1 1 2 2 
0.0001768750 2 3 3 3 1 1 3 0 
0.0000059375 2 3 3 3 1 2 1 1 
0.0001956250 2 3 3 3 1 2 1 2 
0.0002338750 2 3 3 3 1 2 2 1 
0.0000768750 2 3 3 3 1 2 3 0 
0.0001818125 2 3 3 3 1 2 3 3 
0.0001862500 2 3 3 3 1 3 0 1 
0.0002147500 2 3 3 3 1 3 0 2 
0.0002091250 2 3 3 3 1 3 2 0 
0.0000041250 2 3 3 3 1 3 2 3 
0.0000436250 2 3 3 3 2 0 0 3 
0.0001168125 2 3 3 3 2 0 1 1 
0.0000193750 2 3 3 3 2 0 2 1 
0.0001237500 2 3 3 3 2 0 3 0 
0.0000240000 2 3 3 3 2 1 0 2 
0.0002292500 2 3 3 3 2 1 2 3 
0.0000395625 2 3 3 3 2 1 3 1 
0.0001530000 2 3 3 3 2 1 3 2 
0.0002124375 2 3 3 3 2 2 1 0 
0.0001756250 2 3 3 3 2 2 1 3 
0.0000081250 2 3 3 3 2 2 2 0 
0.0000801250 2 3 3 3 2 3 0 0 
0.0000354375 2 3 3 3 2 3 0 3 
0.0000955000 2 3 3 3 2 3 1 1 
0.0000124375 2 3 3 3 2 3 1 2 
0.0001366250 2 3 3 3 2 3 2 1 
0.0001822500 2 3 3 3 2 3 3 3 
0.0000415000 2 3 3 3 3 0 0 1 
0.0002105000 2 3 3 3 3 0 1 0 
0.0000746250 2 3 3 3 3 0 1 3 
0.0002290625 2 3 3 3 3 0 2 0 
0.0001655625 2 3 3 3 3 0 2 3 
0.0001855000 2 3 3 3 3 1 0 0 
0.0000841250 2 3 3 3 3 1 1 1 
0.0001109375 2 3 3 3 3 1 1 2 
0.0002415625 2 3 3 3 3 1 2 1 
0.0001299375 2 3 3 3 3 1 3 3 
0.0001753750 2 3 3 3 3 2 0 0 
0.0001141250 2 3 3 3 3 2 1 2 
0.0000081875 2 3 3 3 3 2 2 2 
0.0001093125 2 3 3 3 3 3 2 0 
0.0001088125 2 3 3 3 3 3 2 3 
0.0001332500 3 0 0 0 0 0 0 0 
0.0002014375 3 0 0 0 0 0 0 1 
0.0000135000 3 0 0 0 0 0 0 3 
0.0000634375 3 0 0 0 0 0 2 2 
0.0001862500 3 0 0 0 0 0 3 2 
0.0001574375 3 0 0 0 0 0 3 3 
0.0000151875 3 0 0 0 0 1 0 1 
0.0000730000 3 0 0 0 0 1 0 2 
0.0000358750 3 0 0 0 0 1 1 3 
0.0001466875 3 0 0 0 0 1 2 0 
0.0000059375 3 0 0 0 0 1 2 2 
0.0002018125 3 0 0 0 0 1 2 3 
0.0000438125 3 0 0 0 0 1 3 0 
0.0001128125 3 0 0 0 0 1 3 1 
0.0000781875 3 0 0 0 0 1 3 2 
0.0002048750 3 0 0 0 0 1 3 3 
0.0001008750 3 0 0 0 0 2 0 2 
0.0001768750 3 0 0 0 0 2 0 3 
0.0001111875 3 0 0 0 0 2 1 0 
0.0001899375 3 0 0 0 0 2 1 3 
0.0000756250 3 0 0 0 0 2 2 0 
0.0001676875 3 0 0 0 0 2 3 2 
0.0001705000 3 0 0 0 0 3 1 3 
0.0000650625 3 0 0 0 0 3 2 2 
0.0001128750 3 0 0 0 0 3 3 2 
0.0001822500 3 0 0 0 3 0 0 0 
0.0000637500 3 0 0 0 3 0 0 2 
0.0001372500 3 0 0 0 3 0 1 1 
0.0001366250 3 0 0 0 3 0 1 2 
0.0001491250 3 0 0 0 3 0 2 0 
0.0000124375 3 0 0 0 3 0 2 1 
0.0001302500 3 0 0 0 3 0 2 3 
0.0000354375 3 0 0 0 3 0 3 0 
0.0000801250 3 0 0 0 3 0 3 3 
0.0002392500 3 0 0 0 3 1 0 1 
0.0002170625 3 0 0 0 3 1 0 3 
0.0001326250 3 0 0 0 3 1 1 0 
0.0001756250 3 0 0 0 3 1 2 0 
0.0001551875 3 0 0 0 3 1 2 2 
0.0002124375 3 0 0 0 3 1 2 3 
0.0001433750 3 0 0 0 3 1 3 0 
0.0002411875 3 0 0 0 3 1 3 1 
0.0000470000 3 0 0 0 3 2 0 0 
0.0001530000 3 0 0 0 3 2 0 1 
0.0000752500 3 0 0 0 3 2 0 3 
0.0002292500 3 0 0 0 3 2 1 0 
0.0002325000 3 0 0 0 3 2 1 1 
0.0002395000 3 0 0 0 3 2 2 0 
0.0002218750 3 0 0 0 3 2 2 2 
0.0000641250 3 0 0 0 3 2 2 3 
0.0000941875 3 0 0 0 3 2 3 0 
0.0000240000 3 0 0 0 3 2 3 1 
0.0002126875 3 0 0 0 3 2 3 2 
0.0001998125 3 0 0 0 3 3 0 2 
0.0001237500 3 0 0 0 3 3 0 3 
0.0001455000 3 0 0 0 3 3 1 0 
0.0001278750 3 0 0 0 3 3 1 1 
0.0000193750 3 0 0 0 3 3 1 2 
0.0000666250 3 0 0 0 3 3 1 3 
0.0000170000 3 0 0 0 3 3 2 3 
0.0000436250 3 0 0 0 3 3 3 0 
0.0000299375 3 0 0 0 3 3 3 1 
0.0001675000 3 0 0 0 3 3 3 2 
0.0002014375 3 0 0 1 0 0 0 0 
0.0001332500 3 0 0 1 0 0 0 1 
0.0000151875 3 0 0 1 0 1 0 0 
0.0001466875 3 0 0 1 0 1 2 1 
0.0001128125 3 0 0 1 0 1 3 0 
0.0000438125 3 0 0 1 0 1 3 1 
0.0001111875 3 0 0 1 0 2 1 1 
0.0000756250 3 0 0 1 0 2 2 1 
0.0001496875 3 0 0 1 1 0 0 2 
0.0001568750 3 0 0 1 1 0 1 2 
0.0002233750 3 0 0 1 1 0 1 3 
0.0002394375 3 0 0 1 1 0 3 2 
0.0000210625 3 0 0 1 1 0 3 3 
0.0002422500 3 0 0 1 1 1 0 2 
0.0000235625 3 0 0 1 1 1 1 2 
0.0001531875 3 0 0 1 1 1 1 3 
0.0001729375 3 0 0 1 1 1 2 2 
0.0000806250 3 0 0 1 1 1 2 3 
0.0000656250 3 0 0 1 1 1 3 2 
0.0001385000 3 0 0 1 1 1 3 3 
0.0000525000 3 0 0 1 1 2 1 2 
0.0001890000 3 0 0 1 1 2 1 3 
0.0002154375 3 0 0 1 1 2 3 2 
0.0001250000 3 0 0 1 1 3 0 3 
0.0002287500 3 0 0 1 1 3 2 2 
0.0000548750 3 0 0 1 1 3 3 3 
0.0001093125 3 0 0 1 2 0 1 2 
0.0001650625 3 0 0 1 2 0 2 2 
0.0001898750 3 0 0 1 2 0 2 3 
0.0002239375 3 0 0 1 2 1 0 3 
0.0000566250 3 0 0 1 2 1 1 2 
0.0000356875 3 0 0 1 2 1 1 3 
0.0001235000 3 0 0 1 2 1 2 2 
0.0001753750 3 0 0 1 2 1 3 2 
0.0000420000 3 0 0 1 2 1 3 3 
0.0000105625 3 0 0 1 2 2 0 2 
0.0000900000 3 0 0 1 2 2 0 3 
0.0002415625 3 0 0 1 2 2 1 3 
0.0002290625 3 0 0 1 2 3 1 2 
0.0001346875 3 0 0 1 2 3 3 2 
0.0000415000 3 0 0 1 2 3 3 3 
0.0001822500 3 0 0 1 3 0 0 1 
0.0001372500 3 0 0 1 3 0 1 0 
0.0000124375 3 0 0 1 3 0 2 0 
0.0001491250 3 0 0 1 3 0 2 1 
0.0000354375 3 0 0 1 3 0 3 1 
0.0002392500 3 0 0 1 3 1 0 0 
0.0001326250 3 0 0 1 3 1 1 1 
0.0001756250 3 0 0 1 3 1 2 1 
0.0002411875 3 0 0 1 3 1 3 0 
0.0001433750 3 0 0 1 3 1 3 1 
0.0001530000 3 0 0 1 3 2 0 0 
0.0000470000 3 0 0 1 3 2 0 1 
0.0002325000 3 0 0 1 3 2 1 0 
0.0002292500 3 0 0 1 3 2 1 1 
0.0002395000 3 0 0 1 3 2 2 1 
0.0000240000 3 0 0 1 3 2 3 0 
0.0000941875 3 0 0 1 3 2 3 1 
0.0001278750 3 0 0 1 3 3 1 0 
0.0001455000 3 0 0 1 3 3 1 1 
0.0000299375 3 0 0 1 3 3 3 0 
0.0000436250 3 0 0 1 3 3 3 1 
0.0001332500 3 0 0 2 0 0 0 2 
0.0000634375 3 0 0 2 0 0 2 0 
0.0001862500 3 0 0 2 0 0 3 0 
0.0000730000 3 0 0 2 0 1 0 0 
0.0000059375 3 0 0 2 0 1 2 0 
0.0001466875 3 0 0 2 0 1 2 2 
0.0000781875 3 0 0 2 0 1 3 0 
0.0000438125 3 0 0 2 0 1 3 2 
0.0001008750 3 0 0 2 0 2 0 0 
0.0001111875 3 0 0 2 0 2 1 2 
0.0000756250 3 0 0 2 0 2 2 2 
0.0001676875 3 0 0 2 0 2 3 0 
0.0000650625 3 0 0 2 0 3 2 0 
0.0001128750 3 0 0 2 0 3 3 0 
0.0001616250 3 0 0 2 1 0 0 3 
0.0000976250 3 0 0 2 1 0 2 1 
0.0000035000 3 0 0 2 1 0 2 3 
0.0001401875 3 0 0 2 1 2 0 1 
0.0001603750 3 0 0 2 1 2 0 3 
0.0001423125 3 0 0 2 1 2 2 1 
0.0000014375 3 0 0 2 1 2 3 3 
0.0001830000 3 0 0 2 1 3 0 1 
0.0002042500 3 0 0 2 1 3 1 1 
0.0002289375 3 0 0 2 1 3 1 3 
0.0001405625 3 0 0 2 1 3 2 3 
0.0001999375 3 0 0 2 1 3 3 1 
0.0001363125 3 0 0 2 1 3 3 3 
0.0000362500 3 0 0 2 2 0 0 1 
0.0002010625 3 0 0 2 2 0 1 3 
0.0000718750 3 0 0 2 2 0 3 1 
0.0000464375 3 0 0 2 2 1 0 1 
0.0000513125 3 0 0 2 2 1 0 3 
0.0001141250 3 0 0 2 2 1 2 3 
0.0002101250 3 0 0 2 2 1 3 3 
0.0000661250 3 0 0 2 2 2 0 3 
0.0000527500 3 0 0 2 2 2 1 1 
0.0002188750 3 0 0 2 2 2 2 1 
0.0001855000 3 0 0 2 2 2 3 1 
0.0001639375 3 0 0 2 2 2 3 3 
0.0002187500 3 0 0 2 2 3 0 1 
0.0002105000 3 0 0 2 2 3 2 1 
0.0000637500 3 0 0 2 3 0 0 0 
0.0001822500 3 0 0 2 3 0 0 2 
0.0001366250 3 0 0 2 3 0 1 0 
0.0001491250 3 0 0 2 3 0 2 2 
0.0000354375 3 0 0 2 3 0 3 2 
0.0001326250 3 0 0 2 3 1 1 2 
0.0001551875 3 0 0 2 3 1 2 0 
0.0001756250 3 0 0 2 3 1 2 2 
0.0001433750 3 0 0 2 3 1 3 2 
0.0000470000 3 0 0 2 3 2 0 2 
0.0002292500 3 0 0 2 3 2 1 2 
0.0002218750 3 0 0 2 3 2 2 0 
0.0002395000 3 0 0 2 3 2 2 2 
0.0002126875 3 0 0 2 3 2 3 0 
0.0000941875 3 0 0 2 3 2 3 2 
0.0001998125 3 0 0 2 3 3 0 0 
0.0000193750 3 0 0 2 3 3 1 0 
0.0001455000 3 0 0 2 3 3 1 2 
0.0001675000 3 0 0 2 3 3 3 0 
0.0000436250 3 0 0 2 3 3 3 2 
0.0000135000 3 0 0 3 0 0 0 0 
0.0001332500 3 0 0 3 0 0 0 3 
0.0001574375 3 0 0 3 0 0 3 0 
0.0000358750 3 0 0 3 0 1 1 0 
0.0002018125 3 0 0 3 0 1 2 0 
0.0001466875 3 0 0 3 0 1 2 3 
0.0002048750 3 0 0 3 0 1 3 0 
0.0000438125 3 0 0 3 0 1 3 3 
0.0001768750 3 0 0 3 0 2 0 0 
0.0001899375 3 0 0 3 0 2 1 0 
0.0001111875 3 0 0 3 0 2 1 3 
0.0000756250 3 0 0 3 0 2 2 3 
0.0001705000 3 0 0 3 0 3 1 0 
0.0001218750 3 0 0 3 1 0 0 1 
0.0000801875 3 0 0 3 1 0 1 2 
0.0001772500 3 0 0 3 1 0 2 1 
0.0002176250 3 0 0 3 1 0 3 2 
0.0000168125 3 0 0 3 1 1 0 1 
0.0000443125 3 0 0 3 1 1 0 2 
0.0002308750 3 0 0 3 1 1 1 2 
0.0000089375 3 0 0 3 1 1 2 2 
0.0001423750 3 0 0 3 1 1 3 2 
0.0001669375 3 0 0 3 1 2 0 1 
0.0002200000 3 0 0 3 1 2 1 2 
0.0000538125 3 0 0 3 1 2 2 1 
0.0002360625 3 0 0 3 1 2 2 2 
0.0001878125 3 0 0 3 1 2 3 1 
0.0002295625 3 0 0 3 1 3 0 2 
0.0001875625 3 0 0 3 1 3 1 1 
0.0001271875 3 0 0 3 1 3 2 1 
0.0002136875 3 0 0 3 2 0 0 1 
0.0000854375 3 0 0 3 2 0 0 2 
0.0002342500 3 0 0 3 2 0 1 1 
0.0002349375 3 0 0 3 2 0 2 2 
0.0001411875 3 0 0 3 2 0 3 1 
0.0000171250 3 0 0 3 2 0 3 2 
0.0000081875 3 0 0 3 2 1 1 2 
0.0000338125 3 0 0 3 2 1 2 1 
0.0001936875 3 0 0 3 2 2 1 2 
0.0000841250 3 0 0 3 2 2 2 1 
0.0001109375 3 0 0 3 2 2 2 2 
0.0000688750 3 0 0 3 2 2 3 1 
0.0001494375 3 0 0 3 2 3 0 1 
0.0000863125 3 0 0 3 2 3 0 2 
0.0000475625 3 0 0 3 2 3 1 1 
0.0002013125 3 0 0 3 2 3 1 2 
0.0000754375 3 0 0 3 2 3 2 1 
0.0001510625 3 0 0 3 2 3 2 2 
0.0000020000 3 0 0 3 2 3 3 2 
0.0001822500 3 0 0 3 3 0 0 3 
0.0001302500 3 0 0 3 3 0 2 0 
0.0001491250 3 0 0 3 3 0 2 3 
0.0000801250 3 0 0 3 3 0 3 0 
0.0000354375 3 0 0 3 3 0 3 3 
0.0002170625 3 0 0 3 3 1 0 0 
0.0001326250 3 0 0 3 3 1 1 3 
0.0002124375 3 0 0 3 3 1 2 0 
0.0001756250 3 0 0 3 3 1 2 3 
0.0001433750 3 0 0 3 3 1 3 3 
0.0000752500 3 0 0 3 3 2 0 0 
0.0000470000 3 0 0 3 3 2 0 3 
0.0002292500 3 0 0 3 3 2 1 3 
0.0000641250 3 0 0 3 3 2 2 0 
0.0002395000 3 0 0 3 3 2 2 3 
0.0000941875 3 0 0 3 3 2 3 3 
0.0001237500 3 0 0 3 3 3 0 0 
0.0000666250 3 0 0 3 3 3 1 0 
0.0001455000 3 0 0 3 3 3 1 3 
0.0000170000 3 0 0 3 3 3 2 0 
0.0000436250 3 0 0 3 3 3 3 3 
0.0001332500 3 0 1 0 0 0 1 0 
0.0002014375 3 0 1 0 0 0 1 1 
0.0000135000 3 0 1 0 0 0 1 3 
0.0000358750 3 0 1 0 0 1 0 3 
0.0000151875 3 0 1 0 0 1 1 1 
0.0000730000 3 0 1 0 0 1 1 2 
0.0001111875 3 0 1 0 0 2 0 0 
0.0001899375 3 0 1 0 0 2 0 3 
0.0001008750 3 0 1 0 0 2 1 2 
0.0001768750 3 0 1 0 0 2 1 3 
0.0001705000 3 0 1 0 0 3 0 3 
0.0002394375 3 0 1 0 1 0 2 3 
0.0000976250 3 0 1 0 1 0 3 3 
0.0000499375 3 0 1 0 1 1 2 0 
0.0000656250 3 0 1 0 1 1 2 3 
0.0001933750 3 0 1 0 1 1 3 0 
0.0000089375 3 0 1 0 1 1 3 1 
0.0000806250 3 0 1 0 1 1 3 2 
0.0001456875 3 0 1 0 1 2 2 0 
0.0000014375 3 0 1 0 1 2 2 1 
0.0001878125 3 0 1 0 1 2 2 2 
0.0002154375 3 0 1 0 1 2 2 3 
0.0001483750 3 0 1 0 1 2 3 0 
0.0002360625 3 0 1 0 1 2 3 1 
0.0001423125 3 0 1 0 1 2 3 3 
0.0001465000 3 0 1 0 1 3 2 0 
0.0001363125 3 0 1 0 1 3 2 1 
0.0000026250 3 0 1 0 2 0 2 0 
0.0001411875 3 0 1 0 2 0 2 2 
0.0002349375 3 0 1 0 2 0 3 1 
0.0001898750 3 0 1 0 2 0 3 2 
0.0002101250 3 0 1 0 2 1 2 1 
0.0001753750 3 0 1 0 2 1 2 3 
0.0000303125 3 0 1 0 2 1 3 0 
0.0001998750 3 0 1 0 2 2 2 0 
0.0001639375 3 0 1 0 2 2 2 1 
0.0000688750 3 0 1 0 2 2 2 2 
0.0000908750 3 0 1 0 2 2 3 0 
0.0001109375 3 0 1 0 2 2 3 1 
0.0002188750 3 0 1 0 2 2 3 3 
0.0001346875 3 0 1 0 2 3 2 3 
0.0000746250 3 0 1 0 2 3 3 0 
0.0001510625 3 0 1 0 2 3 3 1 
0.0002105000 3 0 1 0 2 3 3 3 
0.0001372500 3 0 1 0 3 0 0 1 
0.0001366250 3 0 1 0 3 0 0 2 
0.0001822500 3 0 1 0 3 0 1 0 
0.0000637500 3 0 1 0 3 0 1 2 
0.0001326250 3 0 1 0 3 1 0 0 
0.0002392500 3 0 1 0 3 1 1 1 
0.0002170625 3 0 1 0 3 1 1 3 
0.0002292500 3 0 1 0 3 2 0 0 
0.0002325000 3 0 1 0 3 2 0 1 
0.0000470000 3 0 1 0 3 2 1 0 
0.0001530000 3 0 1 0 3 2 1 1 
0.0000752500 3 0 1 0 3 2 1 3 
0.0001455000 3 0 1 0 3 3 0 0 
0.0001278750 3 0 1 0 3 3 0 1 
0.0000193750 3 0 1 0 3 3 0 2 
0.0000666250 3 0 1 0 3 3 0 3 
0.0001998125 3 0 1 0 3 3 1 2 
0.0001237500 3 0 1 0 3 3 1 3 
0.0002014375 3 0 1 1 0 0 1 0 
0.0001332500 3 0 1 1 0 0 1 1 
0.0001862500 3 0 1 1 0 0 2 3 
0.0000151875 3 0 1 1 0 1 1 0 
0.0000781875 3 0 1 1 0 1 2 3 
0.0002018125 3 0 1 1 0 1 3 2 
0.0001111875 3 0 1 1 0 2 0 1 
0.0001209375 3 0 1 1 0 2 2 2 
0.0001676875 3 0 1 1 0 2 2 3 
0.0001877500 3 0 1 1 0 2 3 3 
0.0000728125 3 0 1 1 0 3 2 2 
0.0001128750 3 0 1 1 0 3 2 3 
0.0001568750 3 0 1 1 1 0 0 2 
0.0002233750 3 0 1 1 1 0 0 3 
0.0001496875 3 0 1 1 1 0 1 2 
0.0000235625 3 0 1 1 1 1 0 2 
0.0001531875 3 0 1 1 1 1 0 3 
0.0002422500 3 0 1 1 1 1 1 2 
0.0000499375 3 0 1 1 1 1 2 1 
0.0000089375 3 0 1 1 1 1 3 0 
0.0001933750 3 0 1 1 1 1 3 1 
0.0000525000 3 0 1 1 1 2 0 2 
0.0001890000 3 0 1 1 1 2 0 3 
0.0000014375 3 0 1 1 1 2 2 0 
0.0001456875 3 0 1 1 1 2 2 1 
0.0002360625 3 0 1 1 1 2 3 0 
0.0001483750 3 0 1 1 1 2 3 1 
0.0001250000 3 0 1 1 1 3 1 3 
0.0001363125 3 0 1 1 1 3 2 0 
0.0001465000 3 0 1 1 1 3 2 1 
0.0001093125 3 0 1 1 2 0 0 2 
0.0000026250 3 0 1 1 2 0 2 1 
0.0002349375 3 0 1 1 2 0 3 0 
0.0000566250 3 0 1 1 2 1 0 2 
0.0000356875 3 0 1 1 2 1 0 3 
0.0002239375 3 0 1 1 2 1 1 3 
0.0002101250 3 0 1 1 2 1 2 0 
0.0000303125 3 0 1 1 2 1 3 1 
0.0002415625 3 0 1 1 2 2 0 3 
0.0000105625 3 0 1 1 2 2 1 2 
0.0000900000 3 0 1 1 2 2 1 3 
0.0001639375 3 0 1 1 2 2 2 0 
0.0001998750 3 0 1 1 2 2 2 1 
0.0001109375 3 0 1 1 2 2 3 0 
0.0000908750 3 0 1 1 2 2 3 1 
0.0002290625 3 0 1 1 2 3 0 2 
0.0001510625 3 0 1 1 2 3 3 0 
0.0000746250 3 0 1 1 2 3 3 1 
0.0001372500 3 0 1 1 3 0 0 0 
0.0001822500 3 0 1 1 3 0 1 1 
0.0001302500 3 0 1 1 3 0 3 2 
0.0000955000 3 0 1 1 3 0 3 3 
0.0001326250 3 0 1 1 3 1 0 1 
0.0002392500 3 0 1 1 3 1 1 0 
0.0000308125 3 0 1 1 3 1 2 2 
0.0002124375 3 0 1 1 3 1 3 2 
0.0002325000 3 0 1 1 3 2 0 0 
0.0002292500 3 0 1 1 3 2 0 1 
0.0001530000 3 0 1 1 3 2 1 0 
0.0000470000 3 0 1 1 3 2 1 1 
0.0000911250 3 0 1 1 3 2 2 2 
0.0002126875 3 0 1 1 3 2 2 3 
0.0000641250 3 0 1 1 3 2 3 2 
0.0001278750 3 0 1 1 3 3 0 0 
0.0001455000 3 0 1 1 3 3 0 1 
0.0000733750 3 0 1 1 3 3 2 2 
0.0001675000 3 0 1 1 3 3 2 3 
0.0000170000 3 0 1 1 3 3 3 2 
0.0001168125 3 0 1 1 3 3 3 3 
0.0001332500 3 0 1 2 0 0 1 2 
0.0001574375 3 0 1 2 0 0 2 1 
0.0002147500 3 0 1 2 0 0 2 3 
0.0000458750 3 0 1 2 0 0 3 1 
0.0000730000 3 0 1 2 0 1 1 0 
0.0002048750 3 0 1 2 0 1 2 1 
0.0001111875 3 0 1 2 0 2 0 2 
0.0001008750 3 0 1 2 0 2 1 0 
0.0001919375 3 0 1 2 0 2 2 3 
0.0001208750 3 0 1 2 0 2 3 1 
0.0000257500 3 0 1 2 0 3 2 3 
0.0001140000 3 0 1 2 0 3 3 1 
0.0001616250 3 0 1 2 1 0 1 3 
0.0000499375 3 0 1 2 1 1 2 2 
0.0000806250 3 0 1 2 1 1 3 0 
0.0001933750 3 0 1 2 1 1 3 2 
0.0001401875 3 0 1 2 1 2 1 1 
0.0001603750 3 0 1 2 1 2 1 3 
0.0001878125 3 0 1 2 1 2 2 0 
0.0001456875 3 0 1 2 1 2 2 2 
0.0001483750 3 0 1 2 1 2 3 2 
0.0002042500 3 0 1 2 1 3 0 1 
0.0002289375 3 0 1 2 1 3 0 3 
0.0001830000 3 0 1 2 1 3 1 1 
0.0001465000 3 0 1 2 1 3 2 2 
0.0002010625 3 0 1 2 2 0 0 3 
0.0000362500 3 0 1 2 2 0 1 1 
0.0001411875 3 0 1 2 2 0 2 0 
0.0000026250 3 0 1 2 2 0 2 2 
0.0001898750 3 0 1 2 2 0 3 0 
0.0000464375 3 0 1 2 2 1 1 1 
0.0000513125 3 0 1 2 2 1 1 3 
0.0000303125 3 0 1 2 2 1 3 2 
0.0000527500 3 0 1 2 2 2 0 1 
0.0000661250 3 0 1 2 2 2 1 3 
0.0000688750 3 0 1 2 2 2 2 0 
0.0001998750 3 0 1 2 2 2 2 2 
0.0000908750 3 0 1 2 2 2 3 2 
0.0002187500 3 0 1 2 2 3 1 1 
0.0000746250 3 0 1 2 2 3 3 2 
0.0001366250 3 0 1 2 3 0 0 0 
0.0000637500 3 0 1 2 3 0 1 0 
0.0001822500 3 0 1 2 3 0 1 2 
0.0000801250 3 0 1 2 3 0 2 1 
0.0000194375 3 0 1 2 3 0 2 3 
0.0000124375 3 0 1 2 3 0 3 3 
0.0001326250 3 0 1 2 3 1 0 2 
0.0002292500 3 0 1 2 3 2 0 2 
0.0000470000 3 0 1 2 3 2 1 2 
0.0000193750 3 0 1 2 3 3 0 0 
0.0001455000 3 0 1 2 3 3 0 2 
0.0001998125 3 0 1 2 3 3 1 0 
0.0000135000 3 0 1 3 0 0 1 0 
0.0001332500 3 0 1 3 0 0 1 3 
0.0000634375 3 0 1 3 0 0 3 1 
0.0002384375 3 0 1 3 0 0 3 2 
0.0000358750 3 0 1 3 0 1 0 0 
0.0001128125 3 0 1 3 0 1 2 2 
0.0000059375 3 0 1 3 0 1 3 1 
0.0001956250 3 0 1 3 0 1 3 2 
0.0001899375 3 0 1 3 0 2 0 0 
0.0001111875 3 0 1 3 0 2 0 3 
0.0001768750 3 0 1 3 0 2 1 0 
0.0000316875 3 0 1 3 0 2 3 2 
0.0001705000 3 0 1 3 0 3 0 0 
0.0000650625 3 0 1 3 0 3 3 1 
0.0001678750 3 0 1 3 0 3 3 2 
0.0000801875 3 0 1 3 1 0 0 2 
0.0001218750 3 0 1 3 1 0 1 1 
0.0002394375 3 0 1 3 1 0 2 0 
0.0000976250 3 0 1 3 1 0 3 0 
0.0002308750 3 0 1 3 1 1 0 2 
0.0000168125 3 0 1 3 1 1 1 1 
0.0000443125 3 0 1 3 1 1 1 2 
0.0000656250 3 0 1 3 1 1 2 0 
0.0000499375 3 0 1 3 1 1 2 3 
0.0001933750 3 0 1 3 1 1 3 3 
0.0002200000 3 0 1 3 1 2 0 2 
0.0001669375 3 0 1 3 1 2 1 1 
0.0002154375 3 0 1 3 1 2 2 0 
0.0001456875 3 0 1 3 1 2 2 3 
0.0001423125 3 0 1 3 1 2 3 0 
0.0001483750 3 0 1 3 1 2 3 3 
0.0001875625 3 0 1 3 1 3 0 1 
0.0002295625 3 0 1 3 1 3 1 2 
0.0001465000 3 0 1 3 1 3 2 3 
0.0002342500 3 0 1 3 2 0 0 1 
0.0002136875 3 0 1 3 2 0 1 1 
0.0000854375 3 0 1 3 2 0 1 2 
0.0000026250 3 0 1 3 2 0 2 3 
0.0000081875 3 0 1 3 2 1 0 2 
0.0001753750 3 0 1 3 2 1 2 0 
0.0000303125 3 0 1 3 2 1 3 3 
0.0001936875 3 0 1 3 2 2 0 2 
0.0001998750 3 0 1 3 2 2 2 3 
0.0002188750 3 0 1 3 2 2 3 0 
0.0000908750 3 0 1 3 2 2 3 3 
0.0000475625 3 0 1 3 2 3 0 1 
0.0002013125 3 0 1 3 2 3 0 2 
0.0001494375 3 0 1 3 2 3 1 1 
0.0000863125 3 0 1 3 2 3 1 2 
0.0001346875 3 0 1 3 2 3 2 0 
0.0002105000 3 0 1 3 2 3 3 0 
0.0000746250 3 0 1 3 2 3 3 3 
0.0001822500 3 0 1 3 3 0 1 3 
0.0001520625 3 0 1 3 3 0 2 1 
0.0001326250 3 0 1 3 3 1 0 3 
0.0002170625 3 0 1 3 3 1 1 0 
0.0000563125 3 0 1 3 3 1 2 1 
0.0002411875 3 0 1 3 3 1 2 2 
0.0001551875 3 0 1 3 3 1 3 1 
0.0000828125 3 0 1 3 3 1 3 2 
0.0002292500 3 0 1 3 3 2 0 3 
0.0000752500 3 0 1 3 3 2 1 0 
0.0000470000 3 0 1 3 3 2 1 3 
0.0000240000 3 0 1 3 3 2 2 2 
0.0002218750 3 0 1 3 3 2 3 1 
0.0000193750 3 0 1 3 3 2 3 2 
0.0000666250 3 0 1 3 3 3 0 0 
0.0001455000 3 0 1 3 3 3 0 3 
0.0001237500 3 0 1 3 3 3 1 0 
0.0000299375 3 0 1 3 3 3 2 2 
0.0001177500 3 0 1 3 3 3 3 2 
0.0000634375 3 0 2 0 0 0 0 2 
0.0001332500 3 0 2 0 0 0 2 0 
0.0002014375 3 0 2 0 0 0 2 1 
0.0000135000 3 0 2 0 0 0 2 3 
0.0001466875 3 0 2 0 0 1 0 0 
0.0000059375 3 0 2 0 0 1 0 2 
0.0002018125 3 0 2 0 0 1 0 3 
0.0000151875 3 0 2 0 0 1 2 1 
0.0000730000 3 0 2 0 0 1 2 2 
0.0000756250 3 0 2 0 0 2 0 0 
0.0001008750 3 0 2 0 0 2 2 2 
0.0001768750 3 0 2 0 0 2 2 3 
0.0000650625 3 0 2 0 0 3 0 2 
0.0000321875 3 0 2 0 1 0 1 0 
0.0002176250 3 0 2 0 1 0 1 1 
0.0000210625 3 0 2 0 1 0 1 2 
0.0001568750 3 0 2 0 1 0 3 3 
0.0001423750 3 0 2 0 1 1 1 1 
0.0001385000 3 0 2 0 1 1 1 2 
0.0001227500 3 0 2 0 1 1 3 0 
0.0000235625 3 0 2 0 1 1 3 3 
0.0001988125 3 0 2 0 1 2 3 0 
0.0000525000 3 0 2 0 1 2 3 3 
0.0000548750 3 0 2 0 1 3 1 2 
0.0001999375 3 0 2 0 1 3 1 3 
0.0002018125 3 0 2 0 1 3 3 0 
0.0002289375 3 0 2 0 1 3 3 1 
0.0001875625 3 0 2 0 1 3 3 2 
0.0000171250 3 0 2 0 2 0 1 1 
0.0000718750 3 0 2 0 2 0 1 3 
0.0001088125 3 0 2 0 2 0 3 0 
0.0002010625 3 0 2 0 2 0 3 1 
0.0002342500 3 0 2 0 2 0 3 2 
0.0001093125 3 0 2 0 2 0 3 3 
0.0001456250 3 0 2 0 2 1 1 0 
0.0000420000 3 0 2 0 2 1 1 2 
0.0000704375 3 0 2 0 2 1 3 0 
0.0000566250 3 0 2 0 2 1 3 3 
0.0001855000 3 0 2 0 2 2 1 3 
0.0002182500 3 0 2 0 2 2 3 0 
0.0002388125 3 0 2 0 2 3 1 0 
0.0000020000 3 0 2 0 2 3 1 1 
0.0000415000 3 0 2 0 2 3 1 2 
0.0001655625 3 0 2 0 2 3 3 0 
0.0000475625 3 0 2 0 2 3 3 2 
0.0002290625 3 0 2 0 2 3 3 3 
0.0001491250 3 0 2 0 3 0 0 0 
0.0000124375 3 0 2 0 3 0 0 1 
0.0001302500 3 0 2 0 3 0 0 3 
0.0001822500 3 0 2 0 3 0 2 0 
0.0000637500 3 0 2 0 3 0 2 2 
0.0001756250 3 0 2 0 3 1 0 0 
0.0001551875 3 0 2 0 3 1 0 2 
0.0002124375 3 0 2 0 3 1 0 3 
0.0002392500 3 0 2 0 3 1 2 1 
0.0002170625 3 0 2 0 3 1 2 3 
0.0002395000 3 0 2 0 3 2 0 0 
0.0002218750 3 0 2 0 3 2 0 2 
0.0000641250 3 0 2 0 3 2 0 3 
0.0000470000 3 0 2 0 3 2 2 0 
0.0001530000 3 0 2 0 3 2 2 1 
0.0000752500 3 0 2 0 3 2 2 3 
0.0000170000 3 0 2 0 3 3 0 3 
0.0001998125 3 0 2 0 3 3 2 2 
0.0001237500 3 0 2 0 3 3 2 3 
0.0001574375 3 0 2 1 0 0 1 2 
0.0002014375 3 0 2 1 0 0 2 0 
0.0001332500 3 0 2 1 0 0 2 1 
0.0002091250 3 0 2 1 0 0 3 2 
0.0001466875 3 0 2 1 0 1 0 1 
0.0002048750 3 0 2 1 0 1 1 2 
0.0000151875 3 0 2 1 0 1 2 0 
0.0000756250 3 0 2 1 0 2 0 1 
0.0002176250 3 0 2 1 1 0 1 0 
0.0000321875 3 0 2 1 1 0 1 1 
0.0001496875 3 0 2 1 1 0 2 2 
0.0001729375 3 0 2 1 1 1 0 2 
0.0000806250 3 0 2 1 1 1 0 3 
0.0001423750 3 0 2 1 1 1 1 0 
0.0002422500 3 0 2 1 1 1 2 2 
0.0001227500 3 0 2 1 1 1 3 1 
0.0001988125 3 0 2 1 1 2 3 1 
0.0002287500 3 0 2 1 1 3 0 2 
0.0001250000 3 0 2 1 1 3 2 3 
0.0002289375 3 0 2 1 1 3 3 0 
0.0002018125 3 0 2 1 1 3 3 1 
0.0001650625 3 0 2 1 2 0 0 2 
0.0001898750 3 0 2 1 2 0 0 3 
0.0000171250 3 0 2 1 2 0 1 0 
0.0002010625 3 0 2 1 2 0 3 0 
0.0001088125 3 0 2 1 2 0 3 1 
0.0001235000 3 0 2 1 2 1 0 2 
0.0001456250 3 0 2 1 2 1 1 1 
0.0002239375 3 0 2 1 2 1 2 3 
0.0000704375 3 0 2 1 2 1 3 1 
0.0000105625 3 0 2 1 2 2 2 2 
0.0000900000 3 0 2 1 2 2 2 3 
0.0002182500 3 0 2 1 2 2 3 1 
0.0000020000 3 0 2 1 2 3 1 0 
0.0002388125 3 0 2 1 2 3 1 1 
0.0001655625 3 0 2 1 2 3 3 1 
0.0000124375 3 0 2 1 3 0 0 0 
0.0001491250 3 0 2 1 3 0 0 1 
0.0000801250 3 0 2 1 3 0 1 2 
0.0001520625 3 0 2 1 3 0 1 3 
0.0001822500 3 0 2 1 3 0 2 1 
0.0001043125 3 0 2 1 3 0 3 2 
0.0001366250 3 0 2 1 3 0 3 3 
0.0001756250 3 0 2 1 3 1 0 1 
0.0000563125 3 0 2 1 3 1 1 3 
0.0002392500 3 0 2 1 3 1 2 0 
0.0000081250 3 0 2 1 3 1 3 2 
0.0002395000 3 0 2 1 3 2 0 1 
0.0001530000 3 0 2 1 3 2 2 0 
0.0000470000 3 0 2 1 3 2 2 1 
0.0001319375 3 0 2 1 3 2 3 2 
0.0000193750 3 0 2 1 3 3 3 3 
0.0000634375 3 0 2 2 0 0 0 0 
0.0001332500 3 0 2 2 0 0 2 2 
0.0001052500 3 0 2 2 0 0 3 3 
0.0000059375 3 0 2 2 0 1 0 0 
0.0001466875 3 0 2 2 0 1 0 2 
0.0001128125 3 0 2 2 0 1 1 3 
0.0000730000 3 0 2 2 0 1 2 0 
0.0000358750 3 0 2 2 0 1 3 1 
0.0000641250 3 0 2 2 0 1 3 3 
0.0000756250 3 0 2 2 0 2 0 2 
0.0001209375 3 0 2 2 0 2 1 1 
0.0001008750 3 0 2 2 0 2 2 0 
0.0001899375 3 0 2 2 0 2 3 1 
0.0000923750 3 0 2 2 0 2 3 3 
0.0000650625 3 0 2 2 0 3 0 0 
0.0000728125 3 0 2 2 0 3 1 1 
0.0001705000 3 0 2 2 0 3 3 1 
0.0002313750 3 0 2 2 0 3 3 3 
0.0000976250 3 0 2 2 1 0 0 1 
0.0000035000 3 0 2 2 1 0 0 3 
0.0000210625 3 0 2 2 1 0 1 0 
0.0000321875 3 0 2 2 1 0 1 2 
0.0001616250 3 0 2 2 1 0 2 3 
0.0001385000 3 0 2 2 1 1 1 0 
0.0001227500 3 0 2 2 1 1 3 2 
0.0001423125 3 0 2 2 1 2 0 1 
0.0001401875 3 0 2 2 1 2 2 1 
0.0001603750 3 0 2 2 1 2 2 3 
0.0001988125 3 0 2 2 1 2 3 2 
0.0001405625 3 0 2 2 1 3 0 3 
0.0000548750 3 0 2 2 1 3 1 0 
0.0001830000 3 0 2 2 1 3 2 1 
0.0001875625 3 0 2 2 1 3 3 0 
0.0002018125 3 0 2 2 1 3 3 2 
0.0000362500 3 0 2 2 2 0 2 1 
0.0002342500 3 0 2 2 2 0 3 0 
0.0001088125 3 0 2 2 2 0 3 2 
0.0001141250 3 0 2 2 2 1 0 3 
0.0000420000 3 0 2 2 2 1 1 0 
0.0001456250 3 0 2 2 2 1 1 2 
0.0000464375 3 0 2 2 2 1 2 1 
0.0000513125 3 0 2 2 2 1 2 3 
0.0000704375 3 0 2 2 2 1 3 2 
0.0002188750 3 0 2 2 2 2 0 1 
0.0000661250 3 0 2 2 2 2 2 3 
0.0002182500 3 0 2 2 2 2 3 2 
0.0002105000 3 0 2 2 2 3 0 1 
0.0000415000 3 0 2 2 2 3 1 0 
0.0002388125 3 0 2 2 2 3 1 2 
0.0002187500 3 0 2 2 2 3 2 1 
0.0000475625 3 0 2 2 2 3 3 0 
0.0001655625 3 0 2 2 2 3 3 2 
0.0001491250 3 0 2 2 3 0 0 2 
0.0000637500 3 0 2 2 3 0 2 0 
0.0001822500 3 0 2 2 3 0 2 2 
0.0001551875 3 0 2 2 3 1 0 0 
0.0001756250 3 0 2 2 3 1 0 2 
0.0000308125 3 0 2 2 3 1 1 1 
0.0002411875 3 0 2 2 3 1 1 3 
0.0000938750 3 0 2 2 3 1 3 3 
0.0002218750 3 0 2 2 3 2 0 0 
0.0002395000 3 0 2 2 3 2 0 2 
0.0000911250 3 0 2 2 3 2 1 1 
0.0000240000 3 0 2 2 3 2 1 3 
0.0000470000 3 0 2 2 3 2 2 2 
0.0000733750 3 0 2 2 3 3 1 1 
0.0000299375 3 0 2 2 3 3 1 3 
0.0001998125 3 0 2 2 3 3 2 0 
0.0000666250 3 0 2 2 3 3 3 1 
0.0001862500 3 0 2 3 0 0 1 1 
0.0002147500 3 0 2 3 0 0 1 2 
0.0000135000 3 0 2 3 0 0 2 0 
0.0001332500 3 0 2 3 0 0 2 3 
0.0000728125 3 0 2 3 0 0 3 1 
0.0002018125 3 0 2 3 0 1 0 0 
0.0001466875 3 0 2 3 0 1 0 3 
0.0000781875 3 0 2 3 0 1 1 1 
0.0002338750 3 0 2 3 0 1 3 1 
0.0000756250 3 0 2 3 0 2 0 3 
0.0001676875 3 0 2 3 0 2 1 1 
0.0001919375 3 0 2 3 0 2 1 2 
0.0001768750 3 0 2 3 0 2 2 0 
0.0001093750 3 0 2 3 0 2 3 1 
0.0001128750 3 0 2 3 0 3 1 1 
0.0000257500 3 0 2 3 0 3 1 2 
0.0000190625 3 0 2 3 0 3 3 1 
0.0001772500 3 0 2 3 1 0 0 1 
0.0000321875 3 0 2 3 1 0 1 3 
0.0001218750 3 0 2 3 1 0 2 1 
0.0001568750 3 0 2 3 1 0 3 0 
0.0000089375 3 0 2 3 1 1 0 2 
0.0000168125 3 0 2 3 1 1 2 1 
0.0000443125 3 0 2 3 1 1 2 2 
0.0000235625 3 0 2 3 1 1 3 0 
0.0001227500 3 0 2 3 1 1 3 3 
0.0000538125 3 0 2 3 1 2 0 1 
0.0002360625 3 0 2 3 1 2 0 2 
0.0001669375 3 0 2 3 1 2 2 1 
0.0000525000 3 0 2 3 1 2 3 0 
0.0001988125 3 0 2 3 1 2 3 3 
0.0001271875 3 0 2 3 1 3 0 1 
0.0001999375 3 0 2 3 1 3 1 0 
0.0002295625 3 0 2 3 1 3 2 2 
0.0002018125 3 0 2 3 1 3 3 3 
0.0002349375 3 0 2 3 2 0 0 2 
0.0000718750 3 0 2 3 2 0 1 0 
0.0002136875 3 0 2 3 2 0 2 1 
0.0000854375 3 0 2 3 2 0 2 2 
0.0001093125 3 0 2 3 2 0 3 0 
0.0001088125 3 0 2 3 2 0 3 3 
0.0000338125 3 0 2 3 2 1 0 1 
0.0001456250 3 0 2 3 2 1 1 3 
0.0000566250 3 0 2 3 2 1 3 0 
0.0000704375 3 0 2 3 2 1 3 3 
0.0000841250 3 0 2 3 2 2 0 1 
0.0001109375 3 0 2 3 2 2 0 2 
0.0001855000 3 0 2 3 2 2 1 0 
0.0002182500 3 0 2 3 2 2 3 3 
0.0000754375 3 0 2 3 2 3 0 1 
0.0001510625 3 0 2 3 2 3 0 2 
0.0002388125 3 0 2 3 2 3 1 3 
0.0001494375 3 0 2 3 2 3 2 1 
0.0000863125 3 0 2 3 2 3 2 2 
0.0002290625 3 0 2 3 2 3 3 0 
0.0001655625 3 0 2 3 2 3 3 3 
0.0001302500 3 0 2 3 3 0 0 0 
0.0001491250 3 0 2 3 3 0 0 3 
0.0000194375 3 0 2 3 3 0 1 2 
0.0001822500 3 0 2 3 3 0 2 3 
0.0001372500 3 0 2 3 3 0 3 2 
0.0002124375 3 0 2 3 3 1 0 0 
0.0001756250 3 0 2 3 3 1 0 3 
0.0002170625 3 0 2 3 3 1 2 0 
0.0000870625 3 0 2 3 3 1 3 1 
0.0000641250 3 0 2 3 3 2 0 0 
0.0002395000 3 0 2 3 3 2 0 3 
0.0002126875 3 0 2 3 3 2 1 1 
0.0000752500 3 0 2 3 3 2 2 0 
0.0000470000 3 0 2 3 3 2 2 3 
0.0001465625 3 0 2 3 3 2 3 1 
0.0002325000 3 0 2 3 3 2 3 2 
0.0000170000 3 0 2 3 3 3 0 0 
0.0001675000 3 0 2 3 3 3 1 1 
0.0001237500 3 0 2 3 3 3 2 0 
0.0001278750 3 0 2 3 3 3 3 2 
0.0001862500 3 0 3 0 0 0 0 2 
0.0001574375 3 0 3 0 0 0 0 3 
0.0001332500 3 0 3 0 0 0 3 0 
0.0002014375 3 0 3 0 0 0 3 1 
0.0000135000 3 0 3 0 0 0 3 3 
0.0000438125 3 0 3 0 0 1 0 0 
0.0001128125 3 0 3 0 0 1 0 1 
0.0000781875 3 0 3 0 0 1 0 2 
0.0002048750 3 0 3 0 0 1 0 3 
0.0000151875 3 0 3 0 0 1 3 1 
0.0000730000 3 0 3 0 0 1 3 2 
0.0001676875 3 0 3 0 0 2 0 2 
0.0001008750 3 0 3 0 0 2 3 2 
0.0001768750 3 0 3 0 0 2 3 3 
0.0001128750 3 0 3 0 0 3 0 2 
0.0000193125 3 0 3 0 1 0 1 0 
0.0000035000 3 0 3 0 1 0 1 1 
0.0001772500 3 0 3 0 1 0 1 2 
0.0001794375 3 0 3 0 1 0 2 0 
0.0000801875 3 0 3 0 1 0 2 1 
0.0002233750 3 0 3 0 1 0 2 2 
0.0001729375 3 0 3 0 1 1 1 3 
0.0002308750 3 0 3 0 1 1 2 1 
0.0001531875 3 0 3 0 1 1 2 2 
0.0000538125 3 0 3 0 1 2 1 2 
0.0002200000 3 0 3 0 1 2 2 1 
0.0001890000 3 0 3 0 1 2 2 2 
0.0000232500 3 0 3 0 1 3 1 0 
0.0001405625 3 0 3 0 1 3 1 1 
0.0001271875 3 0 3 0 1 3 1 2 
0.0002287500 3 0 3 0 1 3 1 3 
0.0002042500 3 0 3 0 1 3 2 3 
0.0000835000 3 0 3 0 2 0 1 0 
0.0001650625 3 0 3 0 2 0 1 3 
0.0001141250 3 0 3 0 2 1 1 1 
0.0000338125 3 0 3 0 2 1 1 2 
0.0001235000 3 0 3 0 2 1 1 3 
0.0000081875 3 0 3 0 2 1 2 1 
0.0000356875 3 0 3 0 2 1 2 2 
0.0000841250 3 0 3 0 2 2 1 2 
0.0001936875 3 0 3 0 2 2 2 1 
0.0002415625 3 0 3 0 2 2 2 2 
0.0000527500 3 0 3 0 2 2 2 3 
0.0000754375 3 0 3 0 2 3 1 2 
0.0002013125 3 0 3 0 2 3 2 1 
0.0000354375 3 0 3 0 3 0 0 0 
0.0000801250 3 0 3 0 3 0 0 3 
0.0001822500 3 0 3 0 3 0 3 0 
0.0000637500 3 0 3 0 3 0 3 2 
0.0001433750 3 0 3 0 3 1 0 0 
0.0002411875 3 0 3 0 3 1 0 1 
0.0002392500 3 0 3 0 3 1 3 1 
0.0002170625 3 0 3 0 3 1 3 3 
0.0000941875 3 0 3 0 3 2 0 0 
0.0000240000 3 0 3 0 3 2 0 1 
0.0002126875 3 0 3 0 3 2 0 2 
0.0000470000 3 0 3 0 3 2 3 0 
0.0001530000 3 0 3 0 3 2 3 1 
0.0000752500 3 0 3 0 3 2 3 3 
0.0000436250 3 0 3 0 3 3 0 0 
0.0000299375 3 0 3 0 3 3 0 1 
0.0001675000 3 0 3 0 3 3 0 2 
0.0001998125 3 0 3 0 3 3 3 2 
0.0001237500 3 0 3 0 3 3 3 3 
0.0000458750 3 0 3 1 0 0 1 2 
0.0000634375 3 0 3 1 0 0 1 3 
0.0000728125 3 0 3 1 0 0 2 3 
0.0002014375 3 0 3 1 0 0 3 0 
0.0001332500 3 0 3 1 0 0 3 1 
0.0001128125 3 0 3 1 0 1 0 0 
0.0000438125 3 0 3 1 0 1 0 1 
0.0000059375 3 0 3 1 0 1 1 3 
0.0000358750 3 0 3 1 0 1 2 2 
0.0002338750 3 0 3 1 0 1 2 3 
0.0000151875 3 0 3 1 0 1 3 0 
0.0001208750 3 0 3 1 0 2 1 2 
0.0001899375 3 0 3 1 0 2 2 2 
0.0001093750 3 0 3 1 0 2 2 3 
0.0001140000 3 0 3 1 0 3 1 2 
0.0000650625 3 0 3 1 0 3 1 3 
0.0001705000 3 0 3 1 0 3 2 2 
0.0000190625 3 0 3 1 0 3 2 3 
0.0002394375 3 0 3 1 1 0 0 2 
0.0000210625 3 0 3 1 1 0 0 3 
0.0000035000 3 0 3 1 1 0 1 0 
0.0000193125 3 0 3 1 1 0 1 1 
0.0000801875 3 0 3 1 1 0 2 0 
0.0001794375 3 0 3 1 1 0 2 1 
0.0001496875 3 0 3 1 1 0 3 2 
0.0000656250 3 0 3 1 1 1 0 2 
0.0001385000 3 0 3 1 1 1 0 3 
0.0002308750 3 0 3 1 1 1 2 0 
0.0002422500 3 0 3 1 1 1 3 2 
0.0002154375 3 0 3 1 1 2 0 2 
0.0002200000 3 0 3 1 1 2 2 0 
0.0000548750 3 0 3 1 1 3 0 3 
0.0001405625 3 0 3 1 1 3 1 0 
0.0000232500 3 0 3 1 1 3 1 1 
0.0001250000 3 0 3 1 1 3 3 3 
0.0000835000 3 0 3 1 2 0 1 1 
0.0001753750 3 0 3 1 2 1 0 2 
0.0000420000 3 0 3 1 2 1 0 3 
0.0001141250 3 0 3 1 2 1 1 0 
0.0000081875 3 0 3 1 2 1 2 0 
0.0002239375 3 0 3 1 2 1 3 3 
0.0001936875 3 0 3 1 2 2 2 0 
0.0000105625 3 0 3 1 2 2 3 2 
0.0000900000 3 0 3 1 2 2 3 3 
0.0001346875 3 0 3 1 2 3 0 2 
0.0000415000 3 0 3 1 2 3 0 3 
0.0002013125 3 0 3 1 2 3 2 0 
0.0000354375 3 0 3 1 3 0 0 1 
0.0001822500 3 0 3 1 3 0 3 1 
0.0002411875 3 0 3 1 3 1 0 0 
0.0001433750 3 0 3 1 3 1 0 1 
0.0001551875 3 0 3 1 3 1 1 3 
0.0000870625 3 0 3 1 3 1 2 3 
0.0002392500 3 0 3 1 3 1 3 0 
0.0000240000 3 0 3 1 3 2 0 0 
0.0000941875 3 0 3 1 3 2 0 1 
0.0002218750 3 0 3 1 3 2 1 3 
0.0001465625 3 0 3 1 3 2 2 3 
0.0001530000 3 0 3 1 3 2 3 0 
0.0000470000 3 0 3 1 3 2 3 1 
0.0000299375 3 0 3 1 3 3 0 0 
0.0000436250 3 0 3 1 3 3 0 1 
0.0000666250 3 0 3 1 3 3 2 2 
0.0001862500 3 0 3 2 0 0 0 0 
0.0002384375 3 0 3 2 0 0 1 3 
0.0002091250 3 0 3 2 0 0 2 1 
0.0001332500 3 0 3 2 0 0 3 2 
0.0000781875 3 0 3 2 0 1 0 0 
0.0000438125 3 0 3 2 0 1 0 2 
0.0002018125 3 0 3 2 0 1 1 1 
0.0001956250 3 0 3 2 0 1 1 3 
0.0000730000 3 0 3 2 0 1 3 0 
0.0001676875 3 0 3 2 0 2 0 0 
0.0000316875 3 0 3 2 0 2 1 3 
0.0001008750 3 0 3 2 0 2 3 0 
0.0001128750 3 0 3 2 0 3 0 0 
0.0001678750 3 0 3 2 0 3 1 3 
0.0001772500 3 0 3 2 1 0 1 0 
0.0000193125 3 0 3 2 1 0 1 2 
0.0002233750 3 0 3 2 1 0 2 0 
0.0001794375 3 0 3 2 1 0 2 2 
0.0001616250 3 0 3 2 1 0 3 3 
0.0001531875 3 0 3 2 1 1 2 0 
0.0000014375 3 0 3 2 1 2 0 3 
0.0000538125 3 0 3 2 1 2 1 0 
0.0001890000 3 0 3 2 1 2 2 0 
0.0001401875 3 0 3 2 1 2 3 1 
0.0001603750 3 0 3 2 1 2 3 3 
0.0001999375 3 0 3 2 1 3 0 1 
0.0001363125 3 0 3 2 1 3 0 3 
0.0001271875 3 0 3 2 1 3 1 0 
0.0000232500 3 0 3 2 1 3 1 2 
0.0001830000 3 0 3 2 1 3 3 1 
0.0000718750 3 0 3 2 2 0 0 1 
0.0000835000 3 0 3 2 2 0 1 2 
0.0000362500 3 0 3 2 2 0 3 1 
0.0002101250 3 0 3 2 2 1 0 3 
0.0000338125 3 0 3 2 2 1 1 0 
0.0000356875 3 0 3 2 2 1 2 0 
0.0000464375 3 0 3 2 2 1 3 1 
0.0000513125 3 0 3 2 2 1 3 3 
0.0001855000 3 0 3 2 2 2 0 1 
0.0001639375 3 0 3 2 2 2 0 3 
0.0000841250 3 0 3 2 2 2 1 0 
0.0002415625 3 0 3 2 2 2 2 0 
0.0000661250 3 0 3 2 2 2 3 3 
0.0000754375 3 0 3 2 2 3 1 0 
0.0002187500 3 0 3 2 2 3 3 1 
0.0000354375 3 0 3 2 3 0 0 2 
0.0001302500 3 0 3 2 3 0 1 1 
0.0001043125 3 0 3 2 3 0 2 1 
0.0001372500 3 0 3 2 3 0 2 3 
0.0000637500 3 0 3 2 3 0 3 0 
0.0001822500 3 0 3 2 3 0 3 2 
0.0001433750 3 0 3 2 3 1 0 2 
0.0002124375 3 0 3 2 3 1 1 1 
0.0000828125 3 0 3 2 3 1 1 3 
0.0000081250 3 0 3 2 3 1 2 1 
0.0002126875 3 0 3 2 3 2 0 0 
0.0000941875 3 0 3 2 3 2 0 2 
0.0000641250 3 0 3 2 3 2 1 1 
0.0000193750 3 0 3 2 3 2 1 3 
0.0001319375 3 0 3 2 3 2 2 1 
0.0002325000 3 0 3 2 3 2 2 3 
0.0000470000 3 0 3 2 3 2 3 2 
0.0001675000 3 0 3 2 3 3 0 0 
0.0000436250 3 0 3 2 3 3 0 2 
0.0000170000 3 0 3 2 3 3 1 1 
0.0001177500 3 0 3 2 3 3 1 3 
0.0001278750 3 0 3 2 3 3 2 3 
0.0001998125 3 0 3 2 3 3 3 0 
0.0001574375 3 0 3 3 0 0 0 0 
0.0001052500 3 0 3 3 0 0 2 2 
0.0000135000 3 0 3 3 0 0 3 0 
0.0001332500 3 0 3 3 0 0 3 3 
0.0002048750 3 0 3 3 0 1 0 0 
0.0000438125 3 0 3 3 0 1 0 3 
0.0000641250 3 0 3 3 0 1 2 2 
0.0001877500 3 0 3 3 0 2 1 1 
0.0000923750 3 0 3 3 0 2 2 2 
0.0001768750 3 0 3 3 0 2 3 0 
0.0002313750 3 0 3 3 0 3 2 2 
0.0002176250 3 0 3 3 1 0 0 2 
0.0000193125 3 0 3 3 1 0 1 3 
0.0001794375 3 0 3 3 1 0 2 3 
0.0001218750 3 0 3 3 1 0 3 1 
0.0001423750 3 0 3 3 1 1 0 2 
0.0001729375 3 0 3 3 1 1 1 0 
0.0000168125 3 0 3 3 1 1 3 1 
0.0000443125 3 0 3 3 1 1 3 2 
0.0001878125 3 0 3 3 1 2 0 1 
0.0001669375 3 0 3 3 1 2 3 1 
0.0002287500 3 0 3 3 1 3 1 0 
0.0000232500 3 0 3 3 1 3 1 3 
0.0002042500 3 0 3 3 1 3 2 0 
0.0002295625 3 0 3 3 1 3 3 2 
0.0001411875 3 0 3 3 2 0 0 1 
0.0000171250 3 0 3 3 2 0 0 2 
0.0001650625 3 0 3 3 2 0 1 0 
0.0000835000 3 0 3 3 2 0 1 3 
0.0002136875 3 0 3 3 2 0 3 1 
0.0000854375 3 0 3 3 2 0 3 2 
0.0001235000 3 0 3 3 2 1 1 0 
0.0000688750 3 0 3 3 2 2 0 1 
0.0000527500 3 0 3 3 2 2 2 0 
0.0000020000 3 0 3 3 2 3 0 2 
0.0001494375 3 0 3 3 2 3 3 1 
0.0000863125 3 0 3 3 2 3 3 2 
0.0000801250 3 0 3 3 3 0 0 0 
0.0000354375 3 0 3 3 3 0 0 3 
0.0000955000 3 0 3 3 3 0 1 1 
0.0000124375 3 0 3 3 3 0 1 2 
0.0001366250 3 0 3 3 3 0 2 1 
0.0001822500 3 0 3 3 3 0 3 3 
0.0001433750 3 0 3 3 3 1 0 3 
0.0000938750 3 0 3 3 3 1 2 2 
0.0002170625 3 0 3 3 3 1 3 0 
0.0000941875 3 0 3 3 3 2 0 3 
0.0000752500 3 0 3 3 3 2 3 0 
0.0000470000 3 0 3 3 3 2 3 3 
0.0000436250 3 0 3 3 3 3 0 3 
0.0001168125 3 0 3 3 3 3 1 1 
0.0000193750 3 0 3 3 3 3 2 1 
0.0001237500 3 0 3 3 3 3 3 0 
0.0000151875 3 1 0 0 0 0 0 1 
0.0000730000 3 1 0 0 0 0 0 2 
0.0000358750 3 1 0 0 0 0 1 3 
0.0001466875 3 1 0 0 0 0 2 0 
0.0000059375 3 1 0 0 0 0 2 2 
0.0002018125 3 1 0 0 0 0 2 3 
0.0000438125 3 1 0 0 0 0 3 0 
0.0001128125 3 1 0 0 0 0 3 1 
0.0000781875 3 1 0 0 0 0 3 2 
0.0002048750 3 1 0 0 0 0 3 3 
0.0001332500 3 1 0 0 0 1 0 0 
0.0002014375 3 1 0 0 0 1 0 1 
0.0000135000 3 1 0 0 0 1 0 3 
0.0000634375 3 1 0 0 0 1 2 2 
0.0001862500 3 1 0 0 0 1 3 2 
0.0001574375 3 1 0 0 0 1 3 3 
0.0001260000 3 1 0 0 1 2 0 0 
0.0002018125 3 1 0 0 1 2 1 0 
0.0002289375 3 1 0 0 1 2 1 1 
0.0001875625 3 1 0 0 1 2 1 2 
0.0000232500 3 1 0 0 1 2 2 0 
0.0001405625 3 1 0 0 1 2 2 1 
0.0001271875 3 1 0 0 1 2 2 2 
0.0002287500 3 1 0 0 1 2 2 3 
0.0001465000 3 1 0 0 1 2 3 0 
0.0001363125 3 1 0 0 1 2 3 1 
0.0001401875 3 1 0 0 1 3 0 3 
0.0002200000 3 1 0 0 1 3 1 1 
0.0001890000 3 1 0 0 1 3 1 2 
0.0001483750 3 1 0 0 1 3 2 0 
0.0002360625 3 1 0 0 1 3 2 1 
0.0001423125 3 1 0 0 1 3 2 3 
0.0000426250 3 1 0 0 2 2 0 0 
0.0001494375 3 1 0 0 2 2 0 2 
0.0001655625 3 1 0 0 2 2 1 0 
0.0000475625 3 1 0 0 2 2 1 2 
0.0002290625 3 1 0 0 2 2 1 3 
0.0000754375 3 1 0 0 2 2 2 2 
0.0001346875 3 1 0 0 2 2 3 3 
0.0001299375 3 1 0 0 2 3 0 0 
0.0000900000 3 1 0 0 2 3 0 2 
0.0001936875 3 1 0 0 2 3 1 1 
0.0002415625 3 1 0 0 2 3 1 2 
0.0000527500 3 1 0 0 2 3 1 3 
0.0000908750 3 1 0 0 2 3 2 0 
0.0001109375 3 1 0 0 2 3 2 1 
0.0002188750 3 1 0 0 2 3 2 3 
0.0001855000 3 1 0 0 2 3 3 3 
0.0002392500 3 1 0 0 3 0 0 1 
0.0002170625 3 1 0 0 3 0 0 3 
0.0001326250 3 1 0 0 3 0 1 0 
0.0001756250 3 1 0 0 3 0 2 0 
0.0001551875 3 1 0 0 3 0 2 2 
0.0002124375 3 1 0 0 3 0 2 3 
0.0001433750 3 1 0 0 3 0 3 0 
0.0002411875 3 1 0 0 3 0 3 1 
0.0001822500 3 1 0 0 3 1 0 0 
0.0000637500 3 1 0 0 3 1 0 2 
0.0001372500 3 1 0 0 3 1 1 1 
0.0001366250 3 1 0 0 3 1 1 2 
0.0001491250 3 1 0 0 3 1 2 0 
0.0000124375 3 1 0 0 3 1 2 1 
0.0001302500 3 1 0 0 3 1 2 3 
0.0000354375 3 1 0 0 3 1 3 0 
0.0000801250 3 1 0 0 3 1 3 3 
0.0000151875 3 1 0 1 0 0 0 0 
0.0001466875 3 1 0 1 0 0 2 1 
0.0001128125 3 1 0 1 0 0 3 0 
0.0000438125 3 1 0 1 0 0 3 1 
0.0002014375 3 1 0 1 0 1 0 0 
0.0001332500 3 1 0 1 0 1 0 1 
0.0000758125 3 1 0 1 0 2 0 2 
0.0001140000 3 1 0 1 0 2 2 2 
0.0000650625 3 1 0 1 0 2 2 3 
0.0000728125 3 1 0 1 0 2 3 2 
0.0001128750 3 1 0 1 0 2 3 3 
0.0001768750 3 1 0 1 0 3 0 2 
0.0001899375 3 1 0 1 0 3 1 2 
0.0001093750 3 1 0 1 0 3 1 3 
0.0001877500 3 1 0 1 0 3 2 3 
0.0002422500 3 1 0 1 1 0 0 2 
0.0000235625 3 1 0 1 1 0 1 2 
0.0001531875 3 1 0 1 1 0 1 3 
0.0001729375 3 1 0 1 1 0 2 2 
0.0000806250 3 1 0 1 1 0 2 3 
0.0000656250 3 1 0 1 1 0 3 2 
0.0001385000 3 1 0 1 1 0 3 3 
0.0001496875 3 1 0 1 1 1 0 2 
0.0001568750 3 1 0 1 1 1 1 2 
0.0002233750 3 1 0 1 1 1 1 3 
0.0002394375 3 1 0 1 1 1 3 2 
0.0000210625 3 1 0 1 1 1 3 3 
0.0001260000 3 1 0 1 1 2 0 1 
0.0002289375 3 1 0 1 1 2 1 0 
0.0002018125 3 1 0 1 1 2 1 1 
0.0001405625 3 1 0 1 1 2 2 0 
0.0000232500 3 1 0 1 1 2 2 1 
0.0001363125 3 1 0 1 1 2 3 0 
0.0001465000 3 1 0 1 1 2 3 1 
0.0002200000 3 1 0 1 1 3 1 0 
0.0002360625 3 1 0 1 1 3 2 0 
0.0001483750 3 1 0 1 1 3 2 1 
0.0002239375 3 1 0 1 2 0 0 3 
0.0000566250 3 1 0 1 2 0 1 2 
0.0000356875 3 1 0 1 2 0 1 3 
0.0001235000 3 1 0 1 2 0 2 2 
0.0001753750 3 1 0 1 2 0 3 2 
0.0000420000 3 1 0 1 2 0 3 3 
0.0001093125 3 1 0 1 2 1 1 2 
0.0001650625 3 1 0 1 2 1 2 2 
0.0001898750 3 1 0 1 2 1 2 3 
0.0000426250 3 1 0 1 2 2 0 1 
0.0001655625 3 1 0 1 2 2 1 1 
0.0001299375 3 1 0 1 2 3 0 1 
0.0001936875 3 1 0 1 2 3 1 0 
0.0001109375 3 1 0 1 2 3 2 0 
0.0000908750 3 1 0 1 2 3 2 1 
0.0002392500 3 1 0 1 3 0 0 0 
0.0001326250 3 1 0 1 3 0 1 1 
0.0001756250 3 1 0 1 3 0 2 1 
0.0002411875 3 1 0 1 3 0 3 0 
0.0001433750 3 1 0 1 3 0 3 1 
0.0001822500 3 1 0 1 3 1 0 1 
0.0001372500 3 1 0 1 3 1 1 0 
0.0000124375 3 1 0 1 3 1 2 0 
0.0001491250 3 1 0 1 3 1 2 1 
0.0000354375 3 1 0 1 3 1 3 1 
0.0001998125 3 1 0 1 3 2 0 3 
0.0000193750 3 1 0 1 3 2 1 3 
0.0000733750 3 1 0 1 3 2 3 2 
0.0001675000 3 1 0 1 3 2 3 3 
0.0000752500 3 1 0 1 3 3 0 2 
0.0000395625 3 1 0 1 3 3 0 3 
0.0001465625 3 1 0 1 3 3 1 3 
0.0000641250 3 1 0 1 3 3 2 2 
0.0000730000 3 1 0 2 0 0 0 0 
0.0000059375 3 1 0 2 0 0 2 0 
0.0001466875 3 1 0 2 0 0 2 2 
0.0000781875 3 1 0 2 0 0 3 0 
0.0000438125 3 1 0 2 0 0 3 2 
0.0001332500 3 1 0 2 0 1 0 2 
0.0000634375 3 1 0 2 0 1 2 0 
0.0001862500 3 1 0 2 0 1 3 0 
0.0000102500 3 1 0 2 0 2 0 3 
0.0001705000 3 1 0 2 0 2 1 1 
0.0002313750 3 1 0 2 0 2 1 3 
0.0001678750 3 1 0 2 0 2 2 3 
0.0000257500 3 1 0 2 0 2 3 3 
0.0001208750 3 1 0 2 0 3 2 1 
0.0001209375 3 1 0 2 0 3 3 1 
0.0001616250 3 1 0 2 1 1 0 3 
0.0000976250 3 1 0 2 1 1 2 1 
0.0000035000 3 1 0 2 1 1 2 3 
0.0001260000 3 1 0 2 1 2 0 2 
0.0001875625 3 1 0 2 1 2 1 0 
0.0002018125 3 1 0 2 1 2 1 2 
0.0001271875 3 1 0 2 1 2 2 0 
0.0000232500 3 1 0 2 1 2 2 2 
0.0001465000 3 1 0 2 1 2 3 2 
0.0001890000 3 1 0 2 1 3 1 0 
0.0001483750 3 1 0 2 1 3 2 2 
0.0000464375 3 1 0 2 2 0 0 1 
0.0000513125 3 1 0 2 2 0 0 3 
0.0001141250 3 1 0 2 2 0 2 3 
0.0002101250 3 1 0 2 2 0 3 3 
0.0000362500 3 1 0 2 2 1 0 1 
0.0002010625 3 1 0 2 2 1 1 3 
0.0000718750 3 1 0 2 2 1 3 1 
0.0001494375 3 1 0 2 2 2 0 0 
0.0000426250 3 1 0 2 2 2 0 2 
0.0000475625 3 1 0 2 2 2 1 0 
0.0001655625 3 1 0 2 2 2 1 2 
0.0000754375 3 1 0 2 2 2 2 0 
0.0000900000 3 1 0 2 2 3 0 0 
0.0001299375 3 1 0 2 2 3 0 2 
0.0002415625 3 1 0 2 2 3 1 0 
0.0000908750 3 1 0 2 2 3 2 2 
0.0001326250 3 1 0 2 3 0 1 2 
0.0001551875 3 1 0 2 3 0 2 0 
0.0001756250 3 1 0 2 3 0 2 2 
0.0001433750 3 1 0 2 3 0 3 2 
0.0000637500 3 1 0 2 3 1 0 0 
0.0001822500 3 1 0 2 3 1 0 2 
0.0001366250 3 1 0 2 3 1 1 0 
0.0001491250 3 1 0 2 3 1 2 2 
0.0000354375 3 1 0 2 3 1 3 2 
0.0001237500 3 1 0 2 3 2 0 1 
0.0002296250 3 1 0 2 3 2 0 3 
0.0000666250 3 1 0 2 3 2 1 1 
0.0000170000 3 1 0 2 3 2 2 1 
0.0001177500 3 1 0 2 3 2 2 3 
0.0001530000 3 1 0 2 3 3 0 3 
0.0001319375 3 1 0 2 3 3 1 1 
0.0002325000 3 1 0 2 3 3 1 3 
0.0000911250 3 1 0 2 3 3 3 1 
0.0000240000 3 1 0 2 3 3 3 3 
0.0000358750 3 1 0 3 0 0 1 0 
0.0002018125 3 1 0 3 0 0 2 0 
0.0001466875 3 1 0 3 0 0 2 3 
0.0002048750 3 1 0 3 0 0 3 0 
0.0000438125 3 1 0 3 0 0 3 3 
0.0000135000 3 1 0 3 0 1 0 0 
0.0001332500 3 1 0 3 0 1 0 3 
0.0001574375 3 1 0 3 0 1 3 0 
0.0001116250 3 1 0 3 0 2 0 1 
0.0000190625 3 1 0 3 0 2 1 1 
0.0001008750 3 1 0 3 0 3 0 1 
0.0000568750 3 1 0 3 0 3 0 2 
0.0000923750 3 1 0 3 0 3 1 2 
0.0000316875 3 1 0 3 0 3 2 2 
0.0001676875 3 1 0 3 0 3 3 1 
0.0001919375 3 1 0 3 0 3 3 2 
0.0000168125 3 1 0 3 1 0 0 1 
0.0000443125 3 1 0 3 1 0 0 2 
0.0002308750 3 1 0 3 1 0 1 2 
0.0000089375 3 1 0 3 1 0 2 2 
0.0001423750 3 1 0 3 1 0 3 2 
0.0001218750 3 1 0 3 1 1 0 1 
0.0000801875 3 1 0 3 1 1 1 2 
0.0001772500 3 1 0 3 1 1 2 1 
0.0002176250 3 1 0 3 1 1 3 2 
0.0001260000 3 1 0 3 1 2 0 3 
0.0002018125 3 1 0 3 1 2 1 3 
0.0002287500 3 1 0 3 1 2 2 0 
0.0000232500 3 1 0 3 1 2 2 3 
0.0001465000 3 1 0 3 1 2 3 3 
0.0001401875 3 1 0 3 1 3 0 0 
0.0001423125 3 1 0 3 1 3 2 0 
0.0001483750 3 1 0 3 1 3 2 3 
0.0000081875 3 1 0 3 2 0 1 2 
0.0000338125 3 1 0 3 2 0 2 1 
0.0002136875 3 1 0 3 2 1 0 1 
0.0000854375 3 1 0 3 2 1 0 2 
0.0002342500 3 1 0 3 2 1 1 1 
0.0002349375 3 1 0 3 2 1 2 2 
0.0001411875 3 1 0 3 2 1 3 1 
0.0000171250 3 1 0 3 2 1 3 2 
0.0000426250 3 1 0 3 2 2 0 3 
0.0002290625 3 1 0 3 2 2 1 0 
0.0001655625 3 1 0 3 2 2 1 3 
0.0001346875 3 1 0 3 2 2 3 0 
0.0001299375 3 1 0 3 2 3 0 3 
0.0000527500 3 1 0 3 2 3 1 0 
0.0002188750 3 1 0 3 2 3 2 0 
0.0000908750 3 1 0 3 2 3 2 3 
0.0001855000 3 1 0 3 2 3 3 0 
0.0002170625 3 1 0 3 3 0 0 0 
0.0001326250 3 1 0 3 3 0 1 3 
0.0002124375 3 1 0 3 3 0 2 0 
0.0001756250 3 1 0 3 3 0 2 3 
0.0001433750 3 1 0 3 3 0 3 3 
0.0001822500 3 1 0 3 3 1 0 3 
0.0001302500 3 1 0 3 3 1 2 0 
0.0001491250 3 1 0 3 3 1 2 3 
0.0000801250 3 1 0 3 3 1 3 0 
0.0000354375 3 1 0 3 3 1 3 3 
0.0001278750 3 1 0 3 3 2 1 2 
0.0001168125 3 1 0 3 3 2 2 1 
0.0000299375 3 1 0 3 3 2 3 2 
0.0002218750 3 1 0 3 3 3 2 1 
0.0000193750 3 1 0 3 3 3 2 2 
0.0002126875 3 1 0 3 3 3 3 1 
0.0000358750 3 1 1 0 0 0 0 3 
0.0000151875 3 1 1 0 0 0 1 1 
0.0000730000 3 1 1 0 0 0 1 2 
0.0001332500 3 1 1 0 0 1 1 0 
0.0002014375 3 1 1 0 0 1 1 1 
0.0000135000 3 1 1 0 0 1 1 3 
0.0000885625 3 1 1 0 0 2 2 0 
0.0000257500 3 1 1 0 0 2 2 1 
0.0000728125 3 1 1 0 0 2 2 3 
0.0000650625 3 1 1 0 0 2 3 2 
0.0001676875 3 1 1 0 0 3 2 2 
0.0000316875 3 1 1 0 0 3 3 1 
0.0001877500 3 1 1 0 0 3 3 2 
0.0001208750 3 1 1 0 0 3 3 3 
0.0000499375 3 1 1 0 1 0 2 0 
0.0000656250 3 1 1 0 1 0 2 3 
0.0001933750 3 1 1 0 1 0 3 0 
0.0000089375 3 1 1 0 1 0 3 1 
0.0000806250 3 1 1 0 1 0 3 2 
0.0002394375 3 1 1 0 1 1 2 3 
0.0000976250 3 1 1 0 1 1 3 3 
0.0002018125 3 1 1 0 1 2 0 0 
0.0002289375 3 1 1 0 1 2 0 1 
0.0001875625 3 1 1 0 1 2 0 2 
0.0001260000 3 1 1 0 1 2 1 0 
0.0002200000 3 1 1 0 1 3 0 1 
0.0001890000 3 1 1 0 1 3 0 2 
0.0001401875 3 1 1 0 1 3 1 3 
0.0002101250 3 1 1 0 2 0 2 1 
0.0001753750 3 1 1 0 2 0 2 3 
0.0000303125 3 1 1 0 2 0 3 0 
0.0000026250 3 1 1 0 2 1 2 0 
0.0001411875 3 1 1 0 2 1 2 2 
0.0002349375 3 1 1 0 2 1 3 1 
0.0001898750 3 1 1 0 2 1 3 2 
0.0001655625 3 1 1 0 2 2 0 0 
0.0000475625 3 1 1 0 2 2 0 2 
0.0002290625 3 1 1 0 2 2 0 3 
0.0000426250 3 1 1 0 2 2 1 0 
0.0001494375 3 1 1 0 2 2 1 2 
0.0001936875 3 1 1 0 2 3 0 1 
0.0002415625 3 1 1 0 2 3 0 2 
0.0000527500 3 1 1 0 2 3 0 3 
0.0001299375 3 1 1 0 2 3 1 0 
0.0000900000 3 1 1 0 2 3 1 2 
0.0001326250 3 1 1 0 3 0 0 0 
0.0002392500 3 1 1 0 3 0 1 1 
0.0002170625 3 1 1 0 3 0 1 3 
0.0001372500 3 1 1 0 3 1 0 1 
0.0001366250 3 1 1 0 3 1 0 2 
0.0001822500 3 1 1 0 3 1 1 0 
0.0000637500 3 1 1 0 3 1 1 2 
0.0000733750 3 1 1 0 3 2 2 3 
0.0000170000 3 1 1 0 3 2 3 3 
0.0000941875 3 1 1 0 3 3 2 0 
0.0000240000 3 1 1 0 3 3 2 1 
0.0002126875 3 1 1 0 3 3 2 2 
0.0000193750 3 1 1 0 3 3 3 1 
0.0000151875 3 1 1 1 0 0 1 0 
0.0000781875 3 1 1 1 0 0 2 3 
0.0002018125 3 1 1 1 0 0 3 2 
0.0002014375 3 1 1 1 0 1 1 0 
0.0001332500 3 1 1 1 0 1 1 1 
0.0001862500 3 1 1 1 0 1 2 3 
0.0000758125 3 1 1 1 0 2 1 2 
0.0000257500 3 1 1 1 0 2 2 0 
0.0000885625 3 1 1 1 0 2 2 1 
0.0001899375 3 1 1 1 0 3 0 2 
0.0001093750 3 1 1 1 0 3 0 3 
0.0001768750 3 1 1 1 0 3 1 2 
0.0000316875 3 1 1 1 0 3 3 0 
0.0000235625 3 1 1 1 1 0 0 2 
0.0001531875 3 1 1 1 1 0 0 3 
0.0002422500 3 1 1 1 1 0 1 2 
0.0000499375 3 1 1 1 1 0 2 1 
0.0000089375 3 1 1 1 1 0 3 0 
0.0001933750 3 1 1 1 1 0 3 1 
0.0001568750 3 1 1 1 1 1 0 2 
0.0002233750 3 1 1 1 1 1 0 3 
0.0001496875 3 1 1 1 1 1 1 2 
0.0002289375 3 1 1 1 1 2 0 0 
0.0002018125 3 1 1 1 1 2 0 1 
0.0001260000 3 1 1 1 1 2 1 1 
0.0001999375 3 1 1 1 1 2 2 2 
0.0002287500 3 1 1 1 1 2 3 2 
0.0002200000 3 1 1 1 1 3 0 0 
0.0002154375 3 1 1 1 1 3 2 2 
0.0001423125 3 1 1 1 1 3 3 2 
0.0000538125 3 1 1 1 1 3 3 3 
0.0000566250 3 1 1 1 2 0 0 2 
0.0000356875 3 1 1 1 2 0 0 3 
0.0002239375 3 1 1 1 2 0 1 3 
0.0002101250 3 1 1 1 2 0 2 0 
0.0000303125 3 1 1 1 2 0 3 1 
0.0001093125 3 1 1 1 2 1 0 2 
0.0000026250 3 1 1 1 2 1 2 1 
0.0002349375 3 1 1 1 2 1 3 0 
0.0001655625 3 1 1 1 2 2 0 1 
0.0000426250 3 1 1 1 2 2 1 1 
0.0001936875 3 1 1 1 2 3 0 0 
0.0001299375 3 1 1 1 2 3 1 1 
0.0002188750 3 1 1 1 2 3 3 2 
0.0000841250 3 1 1 1 2 3 3 3 
0.0001326250 3 1 1 1 3 0 0 1 
0.0002392500 3 1 1 1 3 0 1 0 
0.0000308125 3 1 1 1 3 0 2 2 
0.0002124375 3 1 1 1 3 0 3 2 
0.0001372500 3 1 1 1 3 1 0 0 
0.0001822500 3 1 1 1 3 1 1 1 
0.0001302500 3 1 1 1 3 1 3 2 
0.0000955000 3 1 1 1 3 1 3 3 
0.0000193750 3 1 1 1 3 2 0 3 
0.0001998125 3 1 1 1 3 2 1 3 
0.0001465625 3 1 1 1 3 3 0 3 
0.0000752500 3 1 1 1 3 3 1 2 
0.0000395625 3 1 1 1 3 3 1 3 
0.0000240000 3 1 1 1 3 3 2 0 
0.0000941875 3 1 1 1 3 3 2 1 
0.0000193750 3 1 1 1 3 3 3 0 
0.0000730000 3 1 1 2 0 0 1 0 
0.0002048750 3 1 1 2 0 0 2 1 
0.0001332500 3 1 1 2 0 1 1 2 
0.0001574375 3 1 1 2 0 1 2 1 
0.0002147500 3 1 1 2 0 1 2 3 
0.0000458750 3 1 1 2 0 1 3 1 
0.0001705000 3 1 1 2 0 2 0 1 
0.0002313750 3 1 1 2 0 2 0 3 
0.0000102500 3 1 1 2 0 2 1 3 
0.0000885625 3 1 1 2 0 2 2 2 
0.0000650625 3 1 1 2 0 2 3 0 
0.0001676875 3 1 1 2 0 3 2 0 
0.0001877500 3 1 1 2 0 3 3 0 
0.0000499375 3 1 1 2 1 0 2 2 
0.0000806250 3 1 1 2 1 0 3 0 
0.0001933750 3 1 1 2 1 0 3 2 
0.0001616250 3 1 1 2 1 1 1 3 
0.0001875625 3 1 1 2 1 2 0 0 
0.0002018125 3 1 1 2 1 2 0 2 
0.0001260000 3 1 1 2 1 2 1 2 
0.0001405625 3 1 1 2 1 2 3 3 
0.0001890000 3 1 1 2 1 3 0 0 
0.0000014375 3 1 1 2 1 3 2 3 
0.0002360625 3 1 1 2 1 3 3 3 
0.0000464375 3 1 1 2 2 0 1 1 
0.0000513125 3 1 1 2 2 0 1 3 
0.0000303125 3 1 1 2 2 0 3 2 
0.0002010625 3 1 1 2 2 1 0 3 
0.0000362500 3 1 1 2 2 1 1 1 
0.0001411875 3 1 1 2 2 1 2 0 
0.0000026250 3 1 1 2 2 1 2 2 
0.0001898750 3 1 1 2 2 1 3 0 
0.0000475625 3 1 1 2 2 2 0 0 
0.0001655625 3 1 1 2 2 2 0 2 
0.0001494375 3 1 1 2 2 2 1 0 
0.0000426250 3 1 1 2 2 2 1 2 
0.0001346875 3 1 1 2 2 2 2 1 
0.0000020000 3 1 1 2 2 2 2 3 
0.0002105000 3 1 1 2 2 2 3 1 
0.0002415625 3 1 1 2 2 3 0 0 
0.0000900000 3 1 1 2 2 3 1 0 
0.0001299375 3 1 1 2 2 3 1 2 
0.0001855000 3 1 1 2 2 3 2 1 
0.0001639375 3 1 1 2 2 3 2 3 
0.0001109375 3 1 1 2 2 3 3 3 
0.0001326250 3 1 1 2 3 0 0 2 
0.0001366250 3 1 1 2 3 1 0 0 
0.0000637500 3 1 1 2 3 1 1 0 
0.0001822500 3 1 1 2 3 1 1 2 
0.0000801250 3 1 1 2 3 1 2 1 
0.0000194375 3 1 1 2 3 1 2 3 
0.0000124375 3 1 1 2 3 1 3 3 
0.0000666250 3 1 1 2 3 2 0 1 
0.0001237500 3 1 1 2 3 2 1 1 
0.0002296250 3 1 1 2 3 2 1 3 
0.0001319375 3 1 1 2 3 3 0 1 
0.0002325000 3 1 1 2 3 3 0 3 
0.0001530000 3 1 1 2 3 3 1 3 
0.0002126875 3 1 1 2 3 3 2 0 
0.0000941875 3 1 1 2 3 3 2 2 
0.0000358750 3 1 1 3 0 0 0 0 
0.0001128125 3 1 1 3 0 0 2 2 
0.0000059375 3 1 1 3 0 0 3 1 
0.0001956250 3 1 1 3 0 0 3 2 
0.0000135000 3 1 1 3 0 1 1 0 
0.0001332500 3 1 1 3 0 1 1 3 
0.0000634375 3 1 1 3 0 1 3 1 
0.0002384375 3 1 1 3 0 1 3 2 
0.0000190625 3 1 1 3 0 2 0 1 
0.0001116250 3 1 1 3 0 2 1 1 
0.0000728125 3 1 1 3 0 2 2 0 
0.0000885625 3 1 1 3 0 2 2 3 
0.0000923750 3 1 1 3 0 3 0 2 
0.0001008750 3 1 1 3 0 3 1 1 
0.0000568750 3 1 1 3 0 3 1 2 
0.0001208750 3 1 1 3 0 3 3 0 
0.0002308750 3 1 1 3 1 0 0 2 
0.0000168125 3 1 1 3 1 0 1 1 
0.0000443125 3 1 1 3 1 0 1 2 
0.0000656250 3 1 1 3 1 0 2 0 
0.0000499375 3 1 1 3 1 0 2 3 
0.0001933750 3 1 1 3 1 0 3 3 
0.0000801875 3 1 1 3 1 1 0 2 
0.0001218750 3 1 1 3 1 1 1 1 
0.0002394375 3 1 1 3 1 1 2 0 
0.0000976250 3 1 1 3 1 1 3 0 
0.0002018125 3 1 1 3 1 2 0 3 
0.0001260000 3 1 1 3 1 2 1 3 
0.0000548750 3 1 1 3 1 2 2 1 
0.0001363125 3 1 1 3 1 2 2 2 
0.0001271875 3 1 1 3 1 2 3 1 
0.0001401875 3 1 1 3 1 3 1 0 
0.0001878125 3 1 1 3 1 3 2 1 
0.0000081875 3 1 1 3 2 0 0 2 
0.0001753750 3 1 1 3 2 0 2 0 
0.0000303125 3 1 1 3 2 0 3 3 
0.0002342500 3 1 1 3 2 1 0 1 
0.0002136875 3 1 1 3 2 1 1 1 
0.0000854375 3 1 1 3 2 1 1 2 
0.0000026250 3 1 1 3 2 1 2 3 
0.0002290625 3 1 1 3 2 2 0 0 
0.0001655625 3 1 1 3 2 2 0 3 
0.0000426250 3 1 1 3 2 2 1 3 
0.0000415000 3 1 1 3 2 2 2 1 
0.0000754375 3 1 1 3 2 2 3 1 
0.0001510625 3 1 1 3 2 2 3 2 
0.0000527500 3 1 1 3 2 3 0 0 
0.0001299375 3 1 1 3 2 3 1 3 
0.0000688750 3 1 1 3 2 3 2 1 
0.0001326250 3 1 1 3 3 0 0 3 
0.0002170625 3 1 1 3 3 0 1 0 
0.0000563125 3 1 1 3 3 0 2 1 
0.0002411875 3 1 1 3 3 0 2 2 
0.0001551875 3 1 1 3 3 0 3 1 
0.0000828125 3 1 1 3 3 0 3 2 
0.0001822500 3 1 1 3 3 1 1 3 
0.0001520625 3 1 1 3 3 1 2 1 
0.0001278750 3 1 1 3 3 2 0 2 
0.0000733750 3 1 1 3 3 2 2 0 
0.0000170000 3 1 1 3 3 2 3 0 
0.0000941875 3 1 1 3 3 3 2 3 
0.0001466875 3 1 2 0 0 0 0 0 
0.0000059375 3 1 2 0 0 0 0 2 
0.0002018125 3 1 2 0 0 0 0 3 
0.0000151875 3 1 2 0 0 0 2 1 
0.0000730000 3 1 2 0 0 0 2 2 
0.0000634375 3 1 2 0 0 1 0 2 
0.0001332500 3 1 2 0 0 1 2 0 
0.0002014375 3 1 2 0 0 1 2 1 
0.0000135000 3 1 2 0 0 1 2 3 
0.0001128750 3 1 2 0 0 2 1 2 
0.0000059375 3 1 2 0 0 2 3 0 
0.0002313750 3 1 2 0 0 2 3 1 
0.0000190625 3 1 2 0 0 2 3 2 
0.0000738125 3 1 2 0 0 3 1 0 
0.0001919375 3 1 2 0 0 3 1 1 
0.0001209375 3 1 2 0 0 3 1 3 
0.0001111875 3 1 2 0 0 3 3 0 
0.0001899375 3 1 2 0 0 3 3 3 
0.0001423750 3 1 2 0 1 0 1 1 
0.0001385000 3 1 2 0 1 0 1 2 
0.0001227500 3 1 2 0 1 0 3 0 
0.0000235625 3 1 2 0 1 0 3 3 
0.0000321875 3 1 2 0 1 1 1 0 
0.0002176250 3 1 2 0 1 1 1 1 
0.0000210625 3 1 2 0 1 1 1 2 
0.0001568750 3 1 2 0 1 1 3 3 
0.0000232500 3 1 2 0 1 2 0 0 
0.0001405625 3 1 2 0 1 2 0 1 
0.0001271875 3 1 2 0 1 2 0 2 
0.0002287500 3 1 2 0 1 2 0 3 
0.0001260000 3 1 2 0 1 2 2 0 
0.0001483750 3 1 2 0 1 3 0 0 
0.0002360625 3 1 2 0 1 3 0 1 
0.0001423125 3 1 2 0 1 3 0 3 
0.0001401875 3 1 2 0 1 3 2 3 
0.0001456250 3 1 2 0 2 0 1 0 
0.0000420000 3 1 2 0 2 0 1 2 
0.0000704375 3 1 2 0 2 0 3 0 
0.0000566250 3 1 2 0 2 0 3 3 
0.0000171250 3 1 2 0 2 1 1 1 
0.0000718750 3 1 2 0 2 1 1 3 
0.0001088125 3 1 2 0 2 1 3 0 
0.0002010625 3 1 2 0 2 1 3 1 
0.0002342500 3 1 2 0 2 1 3 2 
0.0001093125 3 1 2 0 2 1 3 3 
0.0000754375 3 1 2 0 2 2 0 2 
0.0000426250 3 1 2 0 2 2 2 0 
0.0001494375 3 1 2 0 2 2 2 2 
0.0000908750 3 1 2 0 2 3 0 0 
0.0001109375 3 1 2 0 2 3 0 1 
0.0002188750 3 1 2 0 2 3 0 3 
0.0001299375 3 1 2 0 2 3 2 0 
0.0000900000 3 1 2 0 2 3 2 2 
0.0001756250 3 1 2 0 3 0 0 0 
0.0001551875 3 1 2 0 3 0 0 2 
0.0002124375 3 1 2 0 3 0 0 3 
0.0002392500 3 1 2 0 3 0 2 1 
0.0002170625 3 1 2 0 3 0 2 3 
0.0001491250 3 1 2 0 3 1 0 0 
0.0000124375 3 1 2 0 3 1 0 1 
0.0001302500 3 1 2 0 3 1 0 3 
0.0001822500 3 1 2 0 3 1 2 0 
0.0000637500 3 1 2 0 3 1 2 2 
0.0000436250 3 1 2 0 3 2 1 0 
0.0000299375 3 1 2 0 3 2 1 1 
0.0001675000 3 1 2 0 3 2 1 2 
0.0000911250 3 1 2 0 3 3 1 3 
0.0002292500 3 1 2 0 3 3 3 0 
0.0002325000 3 1 2 0 3 3 3 1 
0.0001466875 3 1 2 1 0 0 0 1 
0.0002048750 3 1 2 1 0 0 1 2 
0.0000151875 3 1 2 1 0 0 2 0 
0.0001574375 3 1 2 1 0 1 1 2 
0.0002014375 3 1 2 1 0 1 2 0 
0.0001332500 3 1 2 1 0 1 2 1 
0.0002091250 3 1 2 1 0 1 3 2 
0.0001140000 3 1 2 1 0 2 0 2 
0.0000650625 3 1 2 1 0 2 0 3 
0.0000758125 3 1 2 1 0 2 2 2 
0.0002313750 3 1 2 1 0 2 3 0 
0.0000059375 3 1 2 1 0 2 3 1 
0.0001877500 3 1 2 1 0 3 0 3 
0.0001919375 3 1 2 1 0 3 1 0 
0.0000738125 3 1 2 1 0 3 1 1 
0.0001768750 3 1 2 1 0 3 2 2 
0.0001111875 3 1 2 1 0 3 3 1 
0.0001729375 3 1 2 1 1 0 0 2 
0.0000806250 3 1 2 1 1 0 0 3 
0.0001423750 3 1 2 1 1 0 1 0 
0.0002422500 3 1 2 1 1 0 2 2 
0.0001227500 3 1 2 1 1 0 3 1 
0.0002176250 3 1 2 1 1 1 1 0 
0.0000321875 3 1 2 1 1 1 1 1 
0.0001496875 3 1 2 1 1 1 2 2 
0.0001405625 3 1 2 1 1 2 0 0 
0.0000232500 3 1 2 1 1 2 0 1 
0.0000548750 3 1 2 1 1 2 1 3 
0.0001260000 3 1 2 1 1 2 2 1 
0.0002042500 3 1 2 1 1 2 3 2 
0.0001875625 3 1 2 1 1 2 3 3 
0.0002360625 3 1 2 1 1 3 0 0 
0.0001483750 3 1 2 1 1 3 0 1 
0.0001878125 3 1 2 1 1 3 1 3 
0.0000525000 3 1 2 1 1 3 3 2 
0.0001890000 3 1 2 1 1 3 3 3 
0.0001235000 3 1 2 1 2 0 0 2 
0.0001456250 3 1 2 1 2 0 1 1 
0.0002239375 3 1 2 1 2 0 2 3 
0.0000704375 3 1 2 1 2 0 3 1 
0.0001650625 3 1 2 1 2 1 0 2 
0.0001898750 3 1 2 1 2 1 0 3 
0.0000171250 3 1 2 1 2 1 1 0 
0.0002010625 3 1 2 1 2 1 3 0 
0.0001088125 3 1 2 1 2 1 3 1 
0.0001346875 3 1 2 1 2 2 1 2 
0.0000415000 3 1 2 1 2 2 1 3 
0.0000426250 3 1 2 1 2 2 2 1 
0.0000475625 3 1 2 1 2 2 3 3 
0.0001109375 3 1 2 1 2 3 0 0 
0.0000908750 3 1 2 1 2 3 0 1 
0.0001855000 3 1 2 1 2 3 1 2 
0.0000688750 3 1 2 1 2 3 1 3 
0.0001299375 3 1 2 1 2 3 2 1 
0.0002415625 3 1 2 1 2 3 3 3 
0.0001756250 3 1 2 1 3 0 0 1 
0.0000563125 3 1 2 1 3 0 1 3 
0.0002392500 3 1 2 1 3 0 2 0 
0.0000081250 3 1 2 1 3 0 3 2 
0.0000124375 3 1 2 1 3 1 0 0 
0.0001491250 3 1 2 1 3 1 0 1 
0.0000801250 3 1 2 1 3 1 1 2 
0.0001520625 3 1 2 1 3 1 1 3 
0.0001822500 3 1 2 1 3 1 2 1 
0.0001043125 3 1 2 1 3 1 3 2 
0.0001366250 3 1 2 1 3 1 3 3 
0.0000299375 3 1 2 1 3 2 1 0 
0.0000436250 3 1 2 1 3 2 1 1 
0.0001998125 3 1 2 1 3 2 2 3 
0.0000641250 3 1 2 1 3 3 0 2 
0.0000752500 3 1 2 1 3 3 2 2 
0.0000395625 3 1 2 1 3 3 2 3 
0.0002325000 3 1 2 1 3 3 3 0 
0.0002292500 3 1 2 1 3 3 3 1 
0.0000059375 3 1 2 2 0 0 0 0 
0.0001466875 3 1 2 2 0 0 0 2 
0.0001128125 3 1 2 2 0 0 1 3 
0.0000730000 3 1 2 2 0 0 2 0 
0.0000358750 3 1 2 2 0 0 3 1 
0.0000641250 3 1 2 2 0 0 3 3 
0.0000634375 3 1 2 2 0 1 0 0 
0.0001332500 3 1 2 2 0 1 2 2 
0.0001052500 3 1 2 2 0 1 3 3 
0.0001678750 3 1 2 2 0 2 0 3 
0.0001128750 3 1 2 2 0 2 1 0 
0.0000102500 3 1 2 2 0 2 2 3 
0.0000190625 3 1 2 2 0 2 3 0 
0.0000059375 3 1 2 2 0 2 3 2 
0.0001208750 3 1 2 2 0 3 0 1 
0.0000738125 3 1 2 2 0 3 1 2 
0.0001111875 3 1 2 2 0 3 3 2 
0.0001385000 3 1 2 2 1 0 1 0 
0.0001227500 3 1 2 2 1 0 3 2 
0.0000976250 3 1 2 2 1 1 0 1 
0.0000035000 3 1 2 2 1 1 0 3 
0.0000210625 3 1 2 2 1 1 1 0 
0.0000321875 3 1 2 2 1 1 1 2 
0.0001616250 3 1 2 2 1 1 2 3 
0.0001271875 3 1 2 2 1 2 0 0 
0.0000232500 3 1 2 2 1 2 0 2 
0.0001999375 3 1 2 2 1 2 1 1 
0.0001363125 3 1 2 2 1 2 1 3 
0.0001260000 3 1 2 2 1 2 2 2 
0.0001483750 3 1 2 2 1 3 0 2 
0.0002154375 3 1 2 2 1 3 1 1 
0.0001141250 3 1 2 2 2 0 0 3 
0.0000420000 3 1 2 2 2 0 1 0 
0.0001456250 3 1 2 2 2 0 1 2 
0.0000464375 3 1 2 2 2 0 2 1 
0.0000513125 3 1 2 2 2 0 2 3 
0.0000704375 3 1 2 2 2 0 3 2 
0.0000362500 3 1 2 2 2 1 2 1 
0.0002342500 3 1 2 2 2 1 3 0 
0.0001088125 3 1 2 2 2 1 3 2 
0.0000754375 3 1 2 2 2 2 0 0 
0.0001494375 3 1 2 2 2 2 2 0 
0.0000426250 3 1 2 2 2 2 2 2 
0.0002290625 3 1 2 2 2 2 3 1 
0.0002013125 3 1 2 2 2 2 3 3 
0.0000908750 3 1 2 2 2 3 0 2 
0.0000900000 3 1 2 2 2 3 2 0 
0.0001299375 3 1 2 2 2 3 2 2 
0.0000527500 3 1 2 2 2 3 3 1 
0.0001551875 3 1 2 2 3 0 0 0 
0.0001756250 3 1 2 2 3 0 0 2 
0.0000308125 3 1 2 2 3 0 1 1 
0.0002411875 3 1 2 2 3 0 1 3 
0.0000938750 3 1 2 2 3 0 3 3 
0.0001491250 3 1 2 2 3 1 0 2 
0.0000637500 3 1 2 2 3 1 2 0 
0.0001822500 3 1 2 2 3 1 2 2 
0.0000170000 3 1 2 2 3 2 0 1 
0.0001177500 3 1 2 2 3 2 0 3 
0.0001675000 3 1 2 2 3 2 1 0 
0.0000436250 3 1 2 2 3 2 1 2 
0.0001237500 3 1 2 2 3 2 2 1 
0.0002296250 3 1 2 2 3 2 2 3 
0.0001530000 3 1 2 2 3 3 2 3 
0.0002292500 3 1 2 2 3 3 3 2 
0.0002018125 3 1 2 3 0 0 0 0 
0.0001466875 3 1 2 3 0 0 0 3 
0.0000781875 3 1 2 3 0 0 1 1 
0.0002338750 3 1 2 3 0 0 3 1 
0.0001862500 3 1 2 3 0 1 1 1 
0.0002147500 3 1 2 3 0 1 1 2 
0.0000135000 3 1 2 3 0 1 2 0 
0.0001332500 3 1 2 3 0 1 2 3 
0.0000728125 3 1 2 3 0 1 3 1 
0.0001116250 3 1 2 3 0 2 2 1 
0.0000059375 3 1 2 3 0 2 3 3 
0.0000316875 3 1 2 3 0 3 0 2 
0.0001209375 3 1 2 3 0 3 1 0 
0.0000738125 3 1 2 3 0 3 1 3 
0.0001008750 3 1 2 3 0 3 2 1 
0.0000568750 3 1 2 3 0 3 2 2 
0.0001899375 3 1 2 3 0 3 3 0 
0.0001111875 3 1 2 3 0 3 3 3 
0.0000089375 3 1 2 3 1 0 0 2 
0.0000168125 3 1 2 3 1 0 2 1 
0.0000443125 3 1 2 3 1 0 2 2 
0.0000235625 3 1 2 3 1 0 3 0 
0.0001227500 3 1 2 3 1 0 3 3 
0.0001772500 3 1 2 3 1 1 0 1 
0.0000321875 3 1 2 3 1 1 1 3 
0.0001218750 3 1 2 3 1 1 2 1 
0.0001568750 3 1 2 3 1 1 3 0 
0.0002287500 3 1 2 3 1 2 0 0 
0.0000232500 3 1 2 3 1 2 0 3 
0.0001260000 3 1 2 3 1 2 2 3 
0.0002289375 3 1 2 3 1 2 3 2 
0.0001423125 3 1 2 3 1 3 0 0 
0.0001483750 3 1 2 3 1 3 0 3 
0.0000014375 3 1 2 3 1 3 1 2 
0.0001401875 3 1 2 3 1 3 2 0 
0.0002200000 3 1 2 3 1 3 3 2 
0.0000338125 3 1 2 3 2 0 0 1 
0.0001456250 3 1 2 3 2 0 1 3 
0.0000566250 3 1 2 3 2 0 3 0 
0.0000704375 3 1 2 3 2 0 3 3 
0.0002349375 3 1 2 3 2 1 0 2 
0.0000718750 3 1 2 3 2 1 1 0 
0.0002136875 3 1 2 3 2 1 2 1 
0.0000854375 3 1 2 3 2 1 2 2 
0.0001093125 3 1 2 3 2 1 3 0 
0.0001088125 3 1 2 3 2 1 3 3 
0.0000020000 3 1 2 3 2 2 1 2 
0.0000426250 3 1 2 3 2 2 2 3 
0.0002188750 3 1 2 3 2 3 0 0 
0.0000908750 3 1 2 3 2 3 0 3 
0.0001639375 3 1 2 3 2 3 1 2 
0.0001299375 3 1 2 3 2 3 2 3 
0.0001936875 3 1 2 3 2 3 3 2 
0.0002124375 3 1 2 3 3 0 0 0 
0.0001756250 3 1 2 3 3 0 0 3 
0.0002170625 3 1 2 3 3 0 2 0 
0.0000870625 3 1 2 3 3 0 3 1 
0.0001302500 3 1 2 3 3 1 0 0 
0.0001491250 3 1 2 3 3 1 0 3 
0.0000194375 3 1 2 3 3 1 1 2 
0.0001822500 3 1 2 3 3 1 2 3 
0.0001372500 3 1 2 3 3 1 3 2 
0.0001168125 3 1 2 3 3 2 0 1 
0.0000436250 3 1 2 3 3 2 1 3 
0.0002218750 3 1 2 3 3 3 0 1 
0.0000193750 3 1 2 3 3 3 0 2 
0.0000911250 3 1 2 3 3 3 1 0 
0.0002292500 3 1 2 3 3 3 3 3 
0.0000438125 3 1 3 0 0 0 0 0 
0.0001128125 3 1 3 0 0 0 0 1 
0.0000781875 3 1 3 0 0 0 0 2 
0.0002048750 3 1 3 0 0 0 0 3 
0.0000151875 3 1 3 0 0 0 3 1 
0.0000730000 3 1 3 0 0 0 3 2 
0.0001862500 3 1 3 0 0 1 0 2 
0.0001574375 3 1 3 0 0 1 0 3 
0.0001332500 3 1 3 0 0 1 3 0 
0.0002014375 3 1 3 0 0 1 3 1 
0.0000135000 3 1 3 0 0 1 3 3 
0.0000588125 3 1 3 0 0 2 1 0 
0.0001678750 3 1 3 0 0 2 1 1 
0.0001140000 3 1 3 0 0 2 1 3 
0.0001705000 3 1 3 0 0 2 2 3 
0.0000756250 3 1 3 0 0 3 1 0 
0.0000923750 3 1 3 0 0 3 2 1 
0.0001093750 3 1 3 0 0 3 2 2 
0.0001729375 3 1 3 0 1 0 1 3 
0.0002308750 3 1 3 0 1 0 2 1 
0.0001531875 3 1 3 0 1 0 2 2 
0.0000193125 3 1 3 0 1 1 1 0 
0.0000035000 3 1 3 0 1 1 1 1 
0.0001772500 3 1 3 0 1 1 1 2 
0.0001794375 3 1 3 0 1 1 2 0 
0.0000801875 3 1 3 0 1 1 2 1 
0.0002233750 3 1 3 0 1 1 2 2 
0.0001465000 3 1 3 0 1 2 0 0 
0.0001363125 3 1 3 0 1 2 0 1 
0.0001260000 3 1 3 0 1 2 3 0 
0.0001401875 3 1 3 0 1 3 3 3 
0.0001141250 3 1 3 0 2 0 1 1 
0.0000338125 3 1 3 0 2 0 1 2 
0.0001235000 3 1 3 0 2 0 1 3 
0.0000081875 3 1 3 0 2 0 2 1 
0.0000356875 3 1 3 0 2 0 2 2 
0.0000835000 3 1 3 0 2 1 1 0 
0.0001650625 3 1 3 0 2 1 1 3 
0.0001346875 3 1 3 0 2 2 0 3 
0.0000426250 3 1 3 0 2 2 3 0 
0.0001494375 3 1 3 0 2 2 3 2 
0.0001855000 3 1 3 0 2 3 0 3 
0.0001299375 3 1 3 0 2 3 3 0 
0.0000900000 3 1 3 0 2 3 3 2 
0.0001433750 3 1 3 0 3 0 0 0 
0.0002411875 3 1 3 0 3 0 0 1 
0.0002392500 3 1 3 0 3 0 3 1 
0.0002170625 3 1 3 0 3 0 3 3 
0.0000354375 3 1 3 0 3 1 0 0 
0.0000801250 3 1 3 0 3 1 0 3 
0.0001822500 3 1 3 0 3 1 3 0 
0.0000637500 3 1 3 0 3 1 3 2 
0.0002157500 3 1 3 0 3 2 1 0 
0.0001177500 3 1 3 0 3 2 1 1 
0.0001168125 3 1 3 0 3 2 1 2 
0.0001455000 3 1 3 0 3 2 2 0 
0.0001278750 3 1 3 0 3 2 2 1 
0.0000193750 3 1 3 0 3 2 2 2 
0.0000666250 3 1 3 0 3 2 2 3 
0.0002395000 3 1 3 0 3 3 1 0 
0.0002218750 3 1 3 0 3 3 1 2 
0.0000641250 3 1 3 0 3 3 1 3 
0.0001465625 3 1 3 0 3 3 2 2 
0.0001319375 3 1 3 0 3 3 2 3 
0.0001128125 3 1 3 1 0 0 0 0 
0.0000438125 3 1 3 1 0 0 0 1 
0.0000059375 3 1 3 1 0 0 1 3 
0.0000358750 3 1 3 1 0 0 2 2 
0.0002338750 3 1 3 1 0 0 2 3 
0.0000151875 3 1 3 1 0 0 3 0 
0.0000458750 3 1 3 1 0 1 1 2 
0.0000634375 3 1 3 1 0 1 1 3 
0.0000728125 3 1 3 1 0 1 2 3 
0.0002014375 3 1 3 1 0 1 3 0 
0.0001332500 3 1 3 1 0 1 3 1 
0.0000728125 3 1 3 1 0 2 0 2 
0.0001128750 3 1 3 1 0 2 0 3 
0.0001678750 3 1 3 1 0 2 1 0 
0.0000588125 3 1 3 1 0 2 1 1 
0.0000758125 3 1 3 1 0 2 3 2 
0.0000756250 3 1 3 1 0 3 1 1 
0.0000923750 3 1 3 1 0 3 2 0 
0.0001768750 3 1 3 1 0 3 3 2 
0.0000656250 3 1 3 1 1 0 0 2 
0.0001385000 3 1 3 1 1 0 0 3 
0.0002308750 3 1 3 1 1 0 2 0 
0.0002422500 3 1 3 1 1 0 3 2 
0.0002394375 3 1 3 1 1 1 0 2 
0.0000210625 3 1 3 1 1 1 0 3 
0.0000035000 3 1 3 1 1 1 1 0 
0.0000193125 3 1 3 1 1 1 1 1 
0.0000801875 3 1 3 1 1 1 2 0 
0.0001794375 3 1 3 1 1 1 2 1 
0.0001496875 3 1 3 1 1 1 3 2 
0.0001363125 3 1 3 1 1 2 0 0 
0.0001465000 3 1 3 1 1 2 0 1 
0.0001271875 3 1 3 1 1 2 1 3 
0.0001260000 3 1 3 1 1 2 3 1 
0.0001753750 3 1 3 1 2 0 0 2 
0.0000420000 3 1 3 1 2 0 0 3 
0.0001141250 3 1 3 1 2 0 1 0 
0.0000081875 3 1 3 1 2 0 2 0 
0.0002239375 3 1 3 1 2 0 3 3 
0.0000835000 3 1 3 1 2 1 1 1 
0.0002105000 3 1 3 1 2 2 1 2 
0.0000754375 3 1 3 1 2 2 1 3 
0.0002290625 3 1 3 1 2 2 2 2 
0.0000426250 3 1 3 1 2 2 3 1 
0.0000527500 3 1 3 1 2 3 2 2 
0.0001299375 3 1 3 1 2 3 3 1 
0.0002411875 3 1 3 1 3 0 0 0 
0.0001433750 3 1 3 1 3 0 0 1 
0.0001551875 3 1 3 1 3 0 1 3 
0.0000870625 3 1 3 1 3 0 2 3 
0.0002392500 3 1 3 1 3 0 3 0 
0.0000354375 3 1 3 1 3 1 0 1 
0.0001822500 3 1 3 1 3 1 3 1 
0.0000733750 3 1 3 1 3 2 0 2 
0.0001675000 3 1 3 1 3 2 0 3 
0.0001177500 3 1 3 1 3 2 1 0 
0.0002157500 3 1 3 1 3 2 1 1 
0.0001278750 3 1 3 1 3 2 2 0 
0.0001455000 3 1 3 1 3 2 2 1 
0.0001998125 3 1 3 1 3 2 3 3 
0.0002395000 3 1 3 1 3 3 1 1 
0.0000752500 3 1 3 1 3 3 3 2 
0.0000395625 3 1 3 1 3 3 3 3 
0.0000781875 3 1 3 2 0 0 0 0 
0.0000438125 3 1 3 2 0 0 0 2 
0.0002018125 3 1 3 2 0 0 1 1 
0.0001956250 3 1 3 2 0 0 1 3 
0.0000730000 3 1 3 2 0 0 3 0 
0.0001862500 3 1 3 2 0 1 0 0 
0.0002384375 3 1 3 2 0 1 1 3 
0.0002091250 3 1 3 2 0 1 2 1 
0.0001332500 3 1 3 2 0 1 3 2 
0.0000257500 3 1 3 2 0 2 0 3 
0.0000588125 3 1 3 2 0 2 1 2 
0.0000102500 3 1 3 2 0 2 3 3 
0.0001209375 3 1 3 2 0 3 0 1 
0.0000756250 3 1 3 2 0 3 1 2 
0.0001093750 3 1 3 2 0 3 2 0 
0.0001531875 3 1 3 2 1 0 2 0 
0.0001772500 3 1 3 2 1 1 1 0 
0.0000193125 3 1 3 2 1 1 1 2 
0.0002233750 3 1 3 2 1 1 2 0 
0.0001794375 3 1 3 2 1 1 2 2 
0.0001616250 3 1 3 2 1 1 3 3 
0.0001465000 3 1 3 2 1 2 0 2 
0.0002287500 3 1 3 2 1 2 1 1 
0.0002042500 3 1 3 2 1 2 2 1 
0.0002289375 3 1 3 2 1 2 2 3 
0.0001260000 3 1 3 2 1 2 3 2 
0.0001423125 3 1 3 2 1 3 1 1 
0.0000525000 3 1 3 2 1 3 2 1 
0.0002200000 3 1 3 2 1 3 2 3 
0.0002101250 3 1 3 2 2 0 0 3 
0.0000338125 3 1 3 2 2 0 1 0 
0.0000356875 3 1 3 2 2 0 2 0 
0.0000464375 3 1 3 2 2 0 3 1 
0.0000513125 3 1 3 2 2 0 3 3 
0.0000718750 3 1 3 2 2 1 0 1 
0.0000835000 3 1 3 2 2 1 1 2 
0.0000362500 3 1 3 2 2 1 3 1 
0.0001510625 3 1 3 2 2 2 1 3 
0.0001494375 3 1 3 2 2 2 3 0 
0.0000426250 3 1 3 2 2 2 3 2 
0.0002188750 3 1 3 2 2 3 1 1 
0.0001936875 3 1 3 2 2 3 2 3 
0.0000900000 3 1 3 2 2 3 3 0 
0.0001299375 3 1 3 2 2 3 3 2 
0.0001433750 3 1 3 2 3 0 0 2 
0.0002124375 3 1 3 2 3 0 1 1 
0.0000828125 3 1 3 2 3 0 1 3 
0.0000081250 3 1 3 2 3 0 2 1 
0.0000354375 3 1 3 2 3 1 0 2 
0.0001302500 3 1 3 2 3 1 1 1 
0.0001043125 3 1 3 2 3 1 2 1 
0.0001372500 3 1 3 2 3 1 2 3 
0.0000637500 3 1 3 2 3 1 3 0 
0.0001822500 3 1 3 2 3 1 3 2 
0.0001168125 3 1 3 2 3 2 1 0 
0.0002157500 3 1 3 2 3 2 1 2 
0.0000193750 3 1 3 2 3 2 2 0 
0.0001455000 3 1 3 2 3 2 2 2 
0.0001237500 3 1 3 2 3 2 3 1 
0.0002296250 3 1 3 2 3 2 3 3 
0.0000911250 3 1 3 2 3 3 0 1 
0.0000240000 3 1 3 2 3 3 0 3 
0.0002218750 3 1 3 2 3 3 1 0 
0.0002395000 3 1 3 2 3 3 1 2 
0.0001465625 3 1 3 2 3 3 2 0 
0.0001530000 3 1 3 2 3 3 3 3 
0.0002048750 3 1 3 3 0 0 0 0 
0.0000438125 3 1 3 3 0 0 0 3 
0.0000641250 3 1 3 3 0 0 2 2 
0.0001574375 3 1 3 3 0 1 0 0 
0.0001052500 3 1 3 3 0 1 2 2 
0.0000135000 3 1 3 3 0 1 3 0 
0.0001332500 3 1 3 3 0 1 3 3 
0.0001140000 3 1 3 3 0 2 1 0 
0.0000588125 3 1 3 3 0 2 1 3 
0.0001705000 3 1 3 3 0 2 2 0 
0.0001116250 3 1 3 3 0 2 3 1 
0.0001676875 3 1 3 3 0 3 0 1 
0.0001919375 3 1 3 3 0 3 0 2 
0.0000756250 3 1 3 3 0 3 1 3 
0.0001008750 3 1 3 3 0 3 3 1 
0.0000568750 3 1 3 3 0 3 3 2 
0.0001423750 3 1 3 3 1 0 0 2 
0.0001729375 3 1 3 3 1 0 1 0 
0.0000168125 3 1 3 3 1 0 3 1 
0.0000443125 3 1 3 3 1 0 3 2 
0.0002176250 3 1 3 3 1 1 0 2 
0.0000193125 3 1 3 3 1 1 1 3 
0.0001794375 3 1 3 3 1 1 2 3 
0.0001218750 3 1 3 3 1 1 3 1 
0.0001465000 3 1 3 3 1 2 0 3 
0.0001405625 3 1 3 3 1 2 1 2 
0.0001875625 3 1 3 3 1 2 2 1 
0.0001260000 3 1 3 3 1 2 3 3 
0.0000538125 3 1 3 3 1 3 1 1 
0.0002360625 3 1 3 3 1 3 1 2 
0.0001890000 3 1 3 3 1 3 2 1 
0.0001401875 3 1 3 3 1 3 3 0 
0.0001235000 3 1 3 3 2 0 1 0 
0.0001411875 3 1 3 3 2 1 0 1 
0.0000171250 3 1 3 3 2 1 0 2 
0.0001650625 3 1 3 3 2 1 1 0 
0.0000835000 3 1 3 3 2 1 1 3 
0.0002136875 3 1 3 3 2 1 3 1 
0.0000854375 3 1 3 3 2 1 3 2 
0.0001346875 3 1 3 3 2 2 0 0 
0.0000475625 3 1 3 3 2 2 2 1 
0.0002013125 3 1 3 3 2 2 2 2 
0.0000426250 3 1 3 3 2 2 3 3 
0.0001855000 3 1 3 3 2 3 0 0 
0.0000841250 3 1 3 3 2 3 1 1 
0.0001109375 3 1 3 3 2 3 1 2 
0.0002415625 3 1 3 3 2 3 2 1 
0.0001299375 3 1 3 3 2 3 3 3 
0.0001433750 3 1 3 3 3 0 0 3 
0.0000938750 3 1 3 3 3 0 2 2 
0.0002170625 3 1 3 3 3 0 3 0 
0.0000801250 3 1 3 3 3 1 0 0 
0.0000354375 3 1 3 3 3 1 0 3 
0.0000955000 3 1 3 3 3 1 1 1 
0.0000124375 3 1 3 3 3 1 1 2 
0.0001366250 3 1 3 3 3 1 2 1 
0.0001822500 3 1 3 3 3 1 3 3 
0.0000299375 3 1 3 3 3 2 0 2 
0.0002157500 3 1 3 3 3 2 1 3 
0.0000666250 3 1 3 3 3 2 2 0 
0.0001455000 3 1 3 3 3 2 2 3 
0.0002126875 3 1 3 3 3 3 0 1 
0.0000641250 3 1 3 3 3 3 1 0 
0.0002395000 3 1 3 3 3 3 1 3 
0.0001319375 3 1 3 3 3 3 2 0 
0.0001008750 3 2 0 0 0 0 0 2 
0.0001768750 3 2 0 0 0 0 0 3 
0.0001111875 3 2 0 0 0 0 1 0 
0.0001899375 3 2 0 0 0 0 1 3 
0.0000756250 3 2 0 0 0 0 2 0 
0.0001676875 3 2 0 0 0 0 3 2 
0.0001332500 3 2 0 0 0 2 0 0 
0.0002014375 3 2 0 0 0 2 0 1 
0.0000135000 3 2 0 0 0 2 0 3 
0.0000634375 3 2 0 0 0 2 2 2 
0.0001862500 3 2 0 0 0 2 3 2 
0.0001574375 3 2 0 0 0 2 3 3 
0.0002295625 3 2 0 0 1 1 0 1 
0.0001250000 3 2 0 0 1 1 0 2 
0.0001830000 3 2 0 0 1 1 0 3 
0.0002042500 3 2 0 0 1 1 1 3 
0.0000548750 3 2 0 0 1 1 3 2 
0.0001999375 3 2 0 0 1 1 3 3 
0.0000923125 3 2 0 0 1 3 0 0 
0.0000168125 3 2 0 0 1 3 0 2 
0.0002422500 3 2 0 0 1 3 0 3 
0.0001227500 3 2 0 0 1 3 1 0 
0.0000235625 3 2 0 0 1 3 1 3 
0.0001729375 3 2 0 0 1 3 2 3 
0.0000499375 3 2 0 0 1 3 3 0 
0.0000656250 3 2 0 0 1 3 3 3 
0.0000863125 3 2 0 0 2 1 0 1 
0.0002187500 3 2 0 0 2 1 0 3 
0.0002013125 3 2 0 0 2 1 1 1 
0.0000746250 3 2 0 0 2 1 2 0 
0.0001510625 3 2 0 0 2 1 2 1 
0.0002105000 3 2 0 0 2 1 2 3 
0.0002388125 3 2 0 0 2 1 3 0 
0.0000020000 3 2 0 0 2 1 3 1 
0.0000415000 3 2 0 0 2 1 3 2 
0.0000513125 3 2 0 0 2 3 0 1 
0.0000704375 3 2 0 0 2 3 1 0 
0.0000566250 3 2 0 0 2 3 1 3 
0.0001141250 3 2 0 0 2 3 2 1 
0.0000338125 3 2 0 0 2 3 2 2 
0.0001235000 3 2 0 0 2 3 2 3 
0.0002101250 3 2 0 0 2 3 3 1 
0.0001753750 3 2 0 0 2 3 3 3 
0.0000470000 3 2 0 0 3 0 0 0 
0.0001530000 3 2 0 0 3 0 0 1 
0.0000752500 3 2 0 0 3 0 0 3 
0.0002292500 3 2 0 0 3 0 1 0 
0.0002325000 3 2 0 0 3 0 1 1 
0.0002395000 3 2 0 0 3 0 2 0 
0.0002218750 3 2 0 0 3 0 2 2 
0.0000641250 3 2 0 0 3 0 2 3 
0.0000941875 3 2 0 0 3 0 3 0 
0.0000240000 3 2 0 0 3 0 3 1 
0.0002126875 3 2 0 0 3 0 3 2 
0.0001822500 3 2 0 0 3 2 0 0 
0.0000637500 3 2 0 0 3 2 0 2 
0.0001372500 3 2 0 0 3 2 1 1 
0.0001366250 3 2 0 0 3 2 1 2 
0.0001491250 3 2 0 0 3 2 2 0 
0.0000124375 3 2 0 0 3 2 2 1 
0.0001302500 3 2 0 0 3 2 2 3 
0.0000354375 3 2 0 0 3 2 3 0 
0.0000801250 3 2 0 0 3 2 3 3 
0.0001111875 3 2 0 1 0 0 1 1 
0.0000756250 3 2 0 1 0 0 2 1 
0.0001116250 3 2 0 1 0 1 0 3 
0.0001705000 3 2 0 1 0 1 1 2 
0.0000190625 3 2 0 1 0 1 1 3 
0.0002014375 3 2 0 1 0 2 0 0 
0.0001332500 3 2 0 1 0 2 0 1 
0.0000768750 3 2 0 1 0 3 0 2 
0.0000730000 3 2 0 1 0 3 0 3 
0.0000059375 3 2 0 1 0 3 2 3 
0.0000781875 3 2 0 1 0 3 3 3 
0.0000525000 3 2 0 1 1 0 1 2 
0.0001890000 3 2 0 1 1 0 1 3 
0.0002154375 3 2 0 1 1 0 3 2 
0.0002295625 3 2 0 1 1 1 0 0 
0.0001496875 3 2 0 1 1 2 0 2 
0.0001568750 3 2 0 1 1 2 1 2 
0.0002233750 3 2 0 1 1 2 1 3 
0.0002394375 3 2 0 1 1 2 3 2 
0.0000210625 3 2 0 1 1 2 3 3 
0.0000923125 3 2 0 1 1 3 0 1 
0.0001227500 3 2 0 1 1 3 1 1 
0.0000499375 3 2 0 1 1 3 3 1 
0.0000105625 3 2 0 1 2 0 0 2 
0.0000900000 3 2 0 1 2 0 0 3 
0.0002415625 3 2 0 1 2 0 1 3 
0.0000863125 3 2 0 1 2 1 0 0 
0.0002013125 3 2 0 1 2 1 1 0 
0.0001510625 3 2 0 1 2 1 2 0 
0.0000746250 3 2 0 1 2 1 2 1 
0.0000020000 3 2 0 1 2 1 3 0 
0.0002388125 3 2 0 1 2 1 3 1 
0.0001093125 3 2 0 1 2 2 1 2 
0.0001650625 3 2 0 1 2 2 2 2 
0.0001898750 3 2 0 1 2 2 2 3 
0.0000513125 3 2 0 1 2 3 0 0 
0.0000704375 3 2 0 1 2 3 1 1 
0.0001141250 3 2 0 1 2 3 2 0 
0.0002101250 3 2 0 1 2 3 3 0 
0.0001530000 3 2 0 1 3 0 0 0 
0.0000470000 3 2 0 1 3 0 0 1 
0.0002325000 3 2 0 1 3 0 1 0 
0.0002292500 3 2 0 1 3 0 1 1 
0.0002395000 3 2 0 1 3 0 2 1 
0.0000240000 3 2 0 1 3 0 3 0 
0.0000941875 3 2 0 1 3 0 3 1 
0.0001237500 3 2 0 1 3 1 0 2 
0.0000666250 3 2 0 1 3 1 1 2 
0.0000170000 3 2 0 1 3 1 2 2 
0.0001168125 3 2 0 1 3 1 2 3 
0.0001822500 3 2 0 1 3 2 0 1 
0.0001372500 3 2 0 1 3 2 1 0 
0.0000124375 3 2 0 1 3 2 2 0 
0.0001491250 3 2 0 1 3 2 2 1 
0.0000354375 3 2 0 1 3 2 3 1 
0.0000081250 3 2 0 1 3 3 1 2 
0.0001551875 3 2 0 1 3 3 2 3 
0.0000308125 3 2 0 1 3 3 3 2 
0.0001008750 3 2 0 2 0 0 0 0 
0.0001111875 3 2 0 2 0 0 1 2 
0.0000756250 3 2 0 2 0 0 2 2 
0.0001676875 3 2 0 2 0 0 3 0 
0.0000758125 3 2 0 2 0 1 0 1 
0.0001140000 3 2 0 2 0 1 2 1 
0.0000728125 3 2 0 2 0 1 3 1 
0.0001332500 3 2 0 2 0 2 0 2 
0.0000634375 3 2 0 2 0 2 2 0 
0.0001862500 3 2 0 2 0 2 3 0 
0.0000358750 3 2 0 2 0 3 1 1 
0.0000641250 3 2 0 2 0 3 1 3 
0.0002018125 3 2 0 2 0 3 2 1 
0.0001956250 3 2 0 2 0 3 2 3 
0.0002048750 3 2 0 2 0 3 3 1 
0.0001401875 3 2 0 2 1 0 0 1 
0.0001603750 3 2 0 2 1 0 0 3 
0.0001423125 3 2 0 2 1 0 2 1 
0.0000014375 3 2 0 2 1 0 3 3 
0.0001250000 3 2 0 2 1 1 0 0 
0.0000548750 3 2 0 2 1 1 3 0 
0.0001616250 3 2 0 2 1 2 0 3 
0.0000976250 3 2 0 2 1 2 2 1 
0.0000035000 3 2 0 2 1 2 2 3 
0.0000168125 3 2 0 2 1 3 0 0 
0.0000923125 3 2 0 2 1 3 0 2 
0.0001227500 3 2 0 2 1 3 1 2 
0.0000499375 3 2 0 2 1 3 3 2 
0.0000661250 3 2 0 2 2 0 0 3 
0.0000527500 3 2 0 2 2 0 1 1 
0.0002188750 3 2 0 2 2 0 2 1 
0.0001855000 3 2 0 2 2 0 3 1 
0.0001639375 3 2 0 2 2 0 3 3 
0.0000746250 3 2 0 2 2 1 2 2 
0.0000415000 3 2 0 2 2 1 3 0 
0.0002388125 3 2 0 2 2 1 3 2 
0.0000362500 3 2 0 2 2 2 0 1 
0.0002010625 3 2 0 2 2 2 1 3 
0.0000718750 3 2 0 2 2 2 3 1 
0.0000704375 3 2 0 2 2 3 1 2 
0.0000338125 3 2 0 2 2 3 2 0 
0.0000470000 3 2 0 2 3 0 0 2 
0.0002292500 3 2 0 2 3 0 1 2 
0.0002218750 3 2 0 2 3 0 2 0 
0.0002395000 3 2 0 2 3 0 2 2 
0.0002126875 3 2 0 2 3 0 3 0 
0.0000941875 3 2 0 2 3 0 3 2 
0.0001278750 3 2 0 2 3 1 1 3 
0.0000733750 3 2 0 2 3 1 3 1 
0.0000299375 3 2 0 2 3 1 3 3 
0.0000637500 3 2 0 2 3 2 0 0 
0.0001822500 3 2 0 2 3 2 0 2 
0.0001366250 3 2 0 2 3 2 1 0 
0.0001491250 3 2 0 2 3 2 2 2 
0.0000354375 3 2 0 2 3 2 3 2 
0.0002170625 3 2 0 2 3 3 0 1 
0.0000938750 3 2 0 2 3 3 1 3 
0.0002124375 3 2 0 2 3 3 2 1 
0.0000828125 3 2 0 2 3 3 2 3 
0.0001768750 3 2 0 3 0 0 0 0 
0.0001899375 3 2 0 3 0 0 1 0 
0.0001111875 3 2 0 3 0 0 1 3 
0.0000756250 3 2 0 3 0 0 2 3 
0.0000102500 3 2 0 3 0 1 0 2 
0.0002313750 3 2 0 3 0 1 1 2 
0.0000650625 3 2 0 3 0 1 2 1 
0.0001678750 3 2 0 3 0 1 2 2 
0.0001128750 3 2 0 3 0 1 3 1 
0.0000257500 3 2 0 3 0 1 3 2 
0.0000135000 3 2 0 3 0 2 0 0 
0.0001332500 3 2 0 3 0 2 0 3 
0.0001574375 3 2 0 3 0 2 3 0 
0.0000151875 3 2 0 3 0 3 0 2 
0.0002338750 3 2 0 3 0 3 1 1 
0.0001128125 3 2 0 3 0 3 3 2 
0.0001669375 3 2 0 3 1 0 0 1 
0.0002200000 3 2 0 3 1 0 1 2 
0.0000538125 3 2 0 3 1 0 2 1 
0.0002360625 3 2 0 3 1 0 2 2 
0.0001878125 3 2 0 3 1 0 3 1 
0.0001830000 3 2 0 3 1 1 0 0 
0.0002042500 3 2 0 3 1 1 1 0 
0.0001999375 3 2 0 3 1 1 3 0 
0.0001218750 3 2 0 3 1 2 0 1 
0.0000801875 3 2 0 3 1 2 1 2 
0.0001772500 3 2 0 3 1 2 2 1 
0.0002176250 3 2 0 3 1 2 3 2 
0.0002422500 3 2 0 3 1 3 0 0 
0.0000923125 3 2 0 3 1 3 0 3 
0.0000235625 3 2 0 3 1 3 1 0 
0.0001227500 3 2 0 3 1 3 1 3 
0.0001729375 3 2 0 3 1 3 2 0 
0.0000656250 3 2 0 3 1 3 3 0 
0.0000499375 3 2 0 3 1 3 3 3 
0.0001936875 3 2 0 3 2 0 1 2 
0.0000841250 3 2 0 3 2 0 2 1 
0.0001109375 3 2 0 3 2 0 2 2 
0.0000688750 3 2 0 3 2 0 3 1 
0.0002187500 3 2 0 3 2 1 0 0 
0.0002105000 3 2 0 3 2 1 2 0 
0.0000746250 3 2 0 3 2 1 2 3 
0.0002388125 3 2 0 3 2 1 3 3 
0.0002136875 3 2 0 3 2 2 0 1 
0.0000854375 3 2 0 3 2 2 0 2 
0.0002342500 3 2 0 3 2 2 1 1 
0.0002349375 3 2 0 3 2 2 2 2 
0.0001411875 3 2 0 3 2 2 3 1 
0.0000171250 3 2 0 3 2 2 3 2 
0.0000566250 3 2 0 3 2 3 1 0 
0.0000704375 3 2 0 3 2 3 1 3 
0.0001235000 3 2 0 3 2 3 2 0 
0.0001753750 3 2 0 3 2 3 3 0 
0.0000752500 3 2 0 3 3 0 0 0 
0.0000470000 3 2 0 3 3 0 0 3 
0.0002292500 3 2 0 3 3 0 1 3 
0.0000641250 3 2 0 3 3 0 2 0 
0.0002395000 3 2 0 3 3 0 2 3 
0.0000941875 3 2 0 3 3 0 3 3 
0.0001998125 3 2 0 3 3 1 0 1 
0.0002296250 3 2 0 3 3 1 0 2 
0.0000193750 3 2 0 3 3 1 1 1 
0.0001177500 3 2 0 3 3 1 2 2 
0.0001675000 3 2 0 3 3 1 3 1 
0.0001822500 3 2 0 3 3 2 0 3 
0.0001302500 3 2 0 3 3 2 2 0 
0.0001491250 3 2 0 3 3 2 2 3 
0.0000801250 3 2 0 3 3 2 3 0 
0.0000354375 3 2 0 3 3 2 3 3 
0.0001568125 3 2 0 3 3 3 0 1 
0.0002392500 3 2 0 3 3 3 0 2 
0.0000870625 3 2 0 3 3 3 1 1 
0.0000563125 3 2 0 3 3 3 3 1 
0.0002411875 3 2 0 3 3 3 3 2 
0.0001111875 3 2 1 0 0 0 0 0 
0.0001899375 3 2 1 0 0 0 0 3 
0.0001008750 3 2 1 0 0 0 1 2 
0.0001768750 3 2 1 0 0 0 1 3 
0.0001128750 3 2 1 0 0 1 2 2 
0.0000588125 3 2 1 0 0 1 3 0 
0.0001678750 3 2 1 0 0 1 3 1 
0.0001140000 3 2 1 0 0 1 3 3 
0.0001332500 3 2 1 0 0 2 1 0 
0.0002014375 3 2 1 0 0 2 1 1 
0.0000135000 3 2 1 0 0 2 1 3 
0.0001466875 3 2 1 0 0 3 3 0 
0.0000059375 3 2 1 0 0 3 3 2 
0.0002018125 3 2 1 0 0 3 3 3 
0.0001456875 3 2 1 0 1 0 2 0 
0.0000014375 3 2 1 0 1 0 2 1 
0.0001878125 3 2 1 0 1 0 2 2 
0.0002154375 3 2 1 0 1 0 2 3 
0.0001483750 3 2 1 0 1 0 3 0 
0.0002360625 3 2 1 0 1 0 3 1 
0.0001423125 3 2 1 0 1 0 3 3 
0.0002042500 3 2 1 0 1 1 0 3 
0.0002295625 3 2 1 0 1 1 1 1 
0.0001250000 3 2 1 0 1 1 1 2 
0.0001830000 3 2 1 0 1 1 1 3 
0.0002394375 3 2 1 0 1 2 2 3 
0.0000976250 3 2 1 0 1 2 3 3 
0.0001227500 3 2 1 0 1 3 0 0 
0.0000235625 3 2 1 0 1 3 0 3 
0.0000923125 3 2 1 0 1 3 1 0 
0.0000168125 3 2 1 0 1 3 1 2 
0.0002422500 3 2 1 0 1 3 1 3 
0.0001998750 3 2 1 0 2 0 2 0 
0.0001639375 3 2 1 0 2 0 2 1 
0.0000688750 3 2 1 0 2 0 2 2 
0.0000908750 3 2 1 0 2 0 3 0 
0.0001109375 3 2 1 0 2 0 3 1 
0.0002188750 3 2 1 0 2 0 3 3 
0.0002013125 3 2 1 0 2 1 0 1 
0.0000863125 3 2 1 0 2 1 1 1 
0.0002187500 3 2 1 0 2 1 1 3 
0.0000026250 3 2 1 0 2 2 2 0 
0.0001411875 3 2 1 0 2 2 2 2 
0.0002349375 3 2 1 0 2 2 3 1 
0.0001898750 3 2 1 0 2 2 3 2 
0.0000704375 3 2 1 0 2 3 0 0 
0.0000566250 3 2 1 0 2 3 0 3 
0.0000513125 3 2 1 0 2 3 1 1 
0.0002292500 3 2 1 0 3 0 0 0 
0.0002325000 3 2 1 0 3 0 0 1 
0.0000470000 3 2 1 0 3 0 1 0 
0.0001530000 3 2 1 0 3 0 1 1 
0.0000752500 3 2 1 0 3 0 1 3 
0.0000436250 3 2 1 0 3 1 2 0 
0.0000299375 3 2 1 0 3 1 2 1 
0.0001675000 3 2 1 0 3 1 2 2 
0.0002157500 3 2 1 0 3 1 3 0 
0.0001177500 3 2 1 0 3 1 3 1 
0.0001168125 3 2 1 0 3 1 3 2 
0.0001372500 3 2 1 0 3 2 0 1 
0.0001366250 3 2 1 0 3 2 0 2 
0.0001822500 3 2 1 0 3 2 1 0 
0.0000637500 3 2 1 0 3 2 1 2 
0.0000563125 3 2 1 0 3 3 2 2 
0.0000308125 3 2 1 0 3 3 2 3 
0.0001756250 3 2 1 0 3 3 3 0 
0.0001551875 3 2 1 0 3 3 3 2 
0.0002124375 3 2 1 0 3 3 3 3 
0.0001111875 3 2 1 1 0 0 0 1 
0.0001209375 3 2 1 1 0 0 2 2 
0.0001676875 3 2 1 1 0 0 2 3 
0.0001877500 3 2 1 1 0 0 3 3 
0.0001705000 3 2 1 1 0 1 0 2 
0.0000190625 3 2 1 1 0 1 0 3 
0.0001116250 3 2 1 1 0 1 1 3 
0.0001678750 3 2 1 1 0 1 3 0 
0.0000588125 3 2 1 1 0 1 3 1 
0.0002014375 3 2 1 1 0 2 1 0 
0.0001332500 3 2 1 1 0 2 1 1 
0.0001862500 3 2 1 1 0 2 2 3 
0.0000768750 3 2 1 1 0 3 1 2 
0.0000730000 3 2 1 1 0 3 1 3 
0.0001466875 3 2 1 1 0 3 3 1 
0.0000525000 3 2 1 1 1 0 0 2 
0.0001890000 3 2 1 1 1 0 0 3 
0.0000014375 3 2 1 1 1 0 2 0 
0.0001456875 3 2 1 1 1 0 2 1 
0.0002360625 3 2 1 1 1 0 3 0 
0.0001483750 3 2 1 1 1 0 3 1 
0.0002295625 3 2 1 1 1 1 1 0 
0.0000548750 3 2 1 1 1 1 2 3 
0.0001271875 3 2 1 1 1 1 3 3 
0.0001568750 3 2 1 1 1 2 0 2 
0.0002233750 3 2 1 1 1 2 0 3 
0.0001496875 3 2 1 1 1 2 1 2 
0.0001227500 3 2 1 1 1 3 0 1 
0.0000923125 3 2 1 1 1 3 1 1 
0.0001729375 3 2 1 1 1 3 3 2 
0.0000806250 3 2 1 1 1 3 3 3 
0.0002415625 3 2 1 1 2 0 0 3 
0.0000105625 3 2 1 1 2 0 1 2 
0.0000900000 3 2 1 1 2 0 1 3 
0.0001639375 3 2 1 1 2 0 2 0 
0.0001998750 3 2 1 1 2 0 2 1 
0.0001109375 3 2 1 1 2 0 3 0 
0.0000908750 3 2 1 1 2 0 3 1 
0.0002013125 3 2 1 1 2 1 0 0 
0.0000863125 3 2 1 1 2 1 1 0 
0.0001346875 3 2 1 1 2 1 2 2 
0.0000415000 3 2 1 1 2 1 2 3 
0.0002105000 3 2 1 1 2 1 3 2 
0.0000754375 3 2 1 1 2 1 3 3 
0.0001093125 3 2 1 1 2 2 0 2 
0.0000026250 3 2 1 1 2 2 2 1 
0.0002349375 3 2 1 1 2 2 3 0 
0.0000704375 3 2 1 1 2 3 0 1 
0.0000513125 3 2 1 1 2 3 1 0 
0.0001235000 3 2 1 1 2 3 3 2 
0.0002325000 3 2 1 1 3 0 0 0 
0.0002292500 3 2 1 1 3 0 0 1 
0.0001530000 3 2 1 1 3 0 1 0 
0.0000470000 3 2 1 1 3 0 1 1 
0.0000911250 3 2 1 1 3 0 2 2 
0.0002126875 3 2 1 1 3 0 2 3 
0.0000641250 3 2 1 1 3 0 3 2 
0.0000666250 3 2 1 1 3 1 0 2 
0.0001237500 3 2 1 1 3 1 1 2 
0.0000299375 3 2 1 1 3 1 2 0 
0.0000436250 3 2 1 1 3 1 2 1 
0.0001177500 3 2 1 1 3 1 3 0 
0.0002157500 3 2 1 1 3 1 3 1 
0.0001372500 3 2 1 1 3 2 0 0 
0.0001822500 3 2 1 1 3 2 1 1 
0.0001302500 3 2 1 1 3 2 3 2 
0.0000955000 3 2 1 1 3 2 3 3 
0.0000081250 3 2 1 1 3 3 0 2 
0.0001756250 3 2 1 1 3 3 3 1 
0.0001111875 3 2 1 2 0 0 0 2 
0.0001008750 3 2 1 2 0 0 1 0 
0.0001919375 3 2 1 2 0 0 2 3 
0.0001208750 3 2 1 2 0 0 3 1 
0.0000758125 3 2 1 2 0 1 1 1 
0.0001128750 3 2 1 2 0 1 2 0 
0.0000588125 3 2 1 2 0 1 3 2 
0.0001332500 3 2 1 2 0 2 1 2 
0.0001574375 3 2 1 2 0 2 2 1 
0.0002147500 3 2 1 2 0 2 2 3 
0.0000458750 3 2 1 2 0 2 3 1 
0.0000358750 3 2 1 2 0 3 0 1 
0.0000641250 3 2 1 2 0 3 0 3 
0.0000059375 3 2 1 2 0 3 3 0 
0.0001466875 3 2 1 2 0 3 3 2 
0.0001401875 3 2 1 2 1 0 1 1 
0.0001603750 3 2 1 2 1 0 1 3 
0.0001878125 3 2 1 2 1 0 2 0 
0.0001456875 3 2 1 2 1 0 2 2 
0.0001483750 3 2 1 2 1 0 3 2 
0.0001250000 3 2 1 2 1 1 1 0 
0.0001999375 3 2 1 2 1 1 2 1 
0.0001363125 3 2 1 2 1 1 2 3 
0.0002287500 3 2 1 2 1 1 3 1 
0.0001616250 3 2 1 2 1 2 1 3 
0.0001227500 3 2 1 2 1 3 0 2 
0.0000168125 3 2 1 2 1 3 1 0 
0.0000923125 3 2 1 2 1 3 1 2 
0.0000656250 3 2 1 2 1 3 2 1 
0.0001423750 3 2 1 2 1 3 2 3 
0.0000527500 3 2 1 2 2 0 0 1 
0.0000661250 3 2 1 2 2 0 1 3 
0.0000688750 3 2 1 2 2 0 2 0 
0.0001998750 3 2 1 2 2 0 2 2 
0.0000908750 3 2 1 2 2 0 3 2 
0.0001510625 3 2 1 2 2 1 3 3 
0.0002010625 3 2 1 2 2 2 0 3 
0.0000362500 3 2 1 2 2 2 1 1 
0.0001411875 3 2 1 2 2 2 2 0 
0.0000026250 3 2 1 2 2 2 2 2 
0.0001898750 3 2 1 2 2 2 3 0 
0.0000704375 3 2 1 2 2 3 0 2 
0.0001753750 3 2 1 2 2 3 2 1 
0.0001141250 3 2 1 2 2 3 3 3 
0.0002292500 3 2 1 2 3 0 0 2 
0.0000470000 3 2 1 2 3 0 1 2 
0.0001278750 3 2 1 2 3 1 0 3 
0.0001675000 3 2 1 2 3 1 2 0 
0.0000436250 3 2 1 2 3 1 2 2 
0.0001168125 3 2 1 2 3 1 3 0 
0.0002157500 3 2 1 2 3 1 3 2 
0.0001366250 3 2 1 2 3 2 0 0 
0.0000637500 3 2 1 2 3 2 1 0 
0.0001822500 3 2 1 2 3 2 1 2 
0.0000801250 3 2 1 2 3 2 2 1 
0.0000194375 3 2 1 2 3 2 2 3 
0.0000124375 3 2 1 2 3 2 3 3 
0.0000938750 3 2 1 2 3 3 0 3 
0.0002170625 3 2 1 2 3 3 1 1 
0.0000563125 3 2 1 2 3 3 2 0 
0.0001551875 3 2 1 2 3 3 3 0 
0.0001756250 3 2 1 2 3 3 3 2 
0.0001899375 3 2 1 3 0 0 0 0 
0.0001111875 3 2 1 3 0 0 0 3 
0.0001768750 3 2 1 3 0 0 1 0 
0.0000316875 3 2 1 3 0 0 3 2 
0.0002313750 3 2 1 3 0 1 0 2 
0.0000102500 3 2 1 3 0 1 1 2 
0.0001140000 3 2 1 3 0 1 3 0 
0.0000588125 3 2 1 3 0 1 3 3 
0.0000135000 3 2 1 3 0 2 1 0 
0.0001332500 3 2 1 3 0 2 1 3 
0.0000634375 3 2 1 3 0 2 3 1 
0.0002384375 3 2 1 3 0 2 3 2 
0.0002338750 3 2 1 3 0 3 0 1 
0.0000151875 3 2 1 3 0 3 1 2 
0.0002018125 3 2 1 3 0 3 3 0 
0.0001466875 3 2 1 3 0 3 3 3 
0.0002200000 3 2 1 3 1 0 0 2 
0.0001669375 3 2 1 3 1 0 1 1 
0.0002154375 3 2 1 3 1 0 2 0 
0.0001456875 3 2 1 3 1 0 2 3 
0.0001423125 3 2 1 3 1 0 3 0 
0.0001483750 3 2 1 3 1 0 3 3 
0.0002042500 3 2 1 3 1 1 0 0 
0.0001830000 3 2 1 3 1 1 1 0 
0.0001405625 3 2 1 3 1 1 3 2 
0.0000801875 3 2 1 3 1 2 0 2 
0.0001218750 3 2 1 3 1 2 1 1 
0.0002394375 3 2 1 3 1 2 2 0 
0.0000976250 3 2 1 3 1 2 3 0 
0.0000235625 3 2 1 3 1 3 0 0 
0.0001227500 3 2 1 3 1 3 0 3 
0.0002422500 3 2 1 3 1 3 1 0 
0.0000923125 3 2 1 3 1 3 1 3 
0.0001385000 3 2 1 3 1 3 2 1 
0.0000089375 3 2 1 3 1 3 3 2 
0.0001936875 3 2 1 3 2 0 0 2 
0.0001998750 3 2 1 3 2 0 2 3 
0.0002188750 3 2 1 3 2 0 3 0 
0.0000908750 3 2 1 3 2 0 3 3 
0.0002187500 3 2 1 3 2 1 1 0 
0.0000020000 3 2 1 3 2 1 2 2 
0.0002342500 3 2 1 3 2 2 0 1 
0.0002136875 3 2 1 3 2 2 1 1 
0.0000854375 3 2 1 3 2 2 1 2 
0.0000026250 3 2 1 3 2 2 2 3 
0.0000566250 3 2 1 3 2 3 0 0 
0.0000704375 3 2 1 3 2 3 0 3 
0.0000420000 3 2 1 3 2 3 2 1 
0.0002101250 3 2 1 3 2 3 2 2 
0.0000338125 3 2 1 3 2 3 3 1 
0.0002292500 3 2 1 3 3 0 0 3 
0.0000752500 3 2 1 3 3 0 1 0 
0.0000470000 3 2 1 3 3 0 1 3 
0.0000240000 3 2 1 3 3 0 2 2 
0.0002218750 3 2 1 3 3 0 3 1 
0.0000193750 3 2 1 3 3 0 3 2 
0.0000193750 3 2 1 3 3 1 0 1 
0.0001998125 3 2 1 3 3 1 1 1 
0.0002296250 3 2 1 3 3 1 1 2 
0.0000436250 3 2 1 3 3 1 2 3 
0.0002157500 3 2 1 3 3 1 3 3 
0.0001822500 3 2 1 3 3 2 1 3 
0.0001520625 3 2 1 3 3 2 2 1 
0.0000870625 3 2 1 3 3 3 0 1 
0.0001568125 3 2 1 3 3 3 1 1 
0.0002392500 3 2 1 3 3 3 1 2 
0.0000308125 3 2 1 3 3 3 2 0 
0.0002124375 3 2 1 3 3 3 3 0 
0.0001756250 3 2 1 3 3 3 3 3 
0.0000756250 3 2 2 0 0 0 0 0 
0.0001008750 3 2 2 0 0 0 2 2 
0.0001768750 3 2 2 0 0 0 2 3 
0.0000885625 3 2 2 0 0 1 1 0 
0.0000257500 3 2 2 0 0 1 1 1 
0.0000728125 3 2 2 0 0 1 1 3 
0.0001705000 3 2 2 0 0 1 3 3 
0.0000634375 3 2 2 0 0 2 0 2 
0.0001332500 3 2 2 0 0 2 2 0 
0.0002014375 3 2 2 0 0 2 2 1 
0.0000135000 3 2 2 0 0 2 2 3 
0.0000438125 3 2 2 0 0 3 1 0 
0.0001128125 3 2 2 0 0 3 1 1 
0.0000781875 3 2 2 0 0 3 1 2 
0.0002048750 3 2 2 0 0 3 1 3 
0.0000780000 3 2 2 0 0 3 3 0 
0.0000641250 3 2 2 0 0 3 3 1 
0.0002338750 3 2 2 0 0 3 3 2 
0.0001988125 3 2 2 0 1 0 3 0 
0.0000525000 3 2 2 0 1 0 3 3 
0.0002295625 3 2 2 0 1 1 2 1 
0.0001250000 3 2 2 0 1 1 2 2 
0.0001830000 3 2 2 0 1 1 2 3 
0.0000321875 3 2 2 0 1 2 1 0 
0.0002176250 3 2 2 0 1 2 1 1 
0.0000210625 3 2 2 0 1 2 1 2 
0.0001568750 3 2 2 0 1 2 3 3 
0.0001729375 3 2 2 0 1 3 0 3 
0.0000923125 3 2 2 0 1 3 2 0 
0.0000168125 3 2 2 0 1 3 2 2 
0.0002422500 3 2 2 0 1 3 2 3 
0.0001855000 3 2 2 0 2 0 1 3 
0.0002182500 3 2 2 0 2 0 3 0 
0.0000746250 3 2 2 0 2 1 0 0 
0.0001510625 3 2 2 0 2 1 0 1 
0.0002105000 3 2 2 0 2 1 0 3 
0.0000863125 3 2 2 0 2 1 2 1 
0.0002187500 3 2 2 0 2 1 2 3 
0.0000171250 3 2 2 0 2 2 1 1 
0.0000718750 3 2 2 0 2 2 1 3 
0.0001088125 3 2 2 0 2 2 3 0 
0.0002010625 3 2 2 0 2 2 3 1 
0.0002342500 3 2 2 0 2 2 3 2 
0.0001093125 3 2 2 0 2 2 3 3 
0.0001141250 3 2 2 0 2 3 0 1 
0.0000338125 3 2 2 0 2 3 0 2 
0.0001235000 3 2 2 0 2 3 0 3 
0.0000513125 3 2 2 0 2 3 2 1 
0.0002395000 3 2 2 0 3 0 0 0 
0.0002218750 3 2 2 0 3 0 0 2 
0.0000641250 3 2 2 0 3 0 0 3 
0.0000470000 3 2 2 0 3 0 2 0 
0.0001530000 3 2 2 0 3 0 2 1 
0.0000752500 3 2 2 0 3 0 2 3 
0.0000733750 3 2 2 0 3 1 1 3 
0.0001455000 3 2 2 0 3 1 3 0 
0.0001278750 3 2 2 0 3 1 3 1 
0.0000193750 3 2 2 0 3 1 3 2 
0.0000666250 3 2 2 0 3 1 3 3 
0.0001491250 3 2 2 0 3 2 0 0 
0.0000124375 3 2 2 0 3 2 0 1 
0.0001302500 3 2 2 0 3 2 0 3 
0.0001822500 3 2 2 0 3 2 2 0 
0.0000637500 3 2 2 0 3 2 2 2 
0.0001433750 3 2 2 0 3 3 1 0 
0.0002411875 3 2 2 0 3 3 1 1 
0.0000938750 3 2 2 0 3 3 3 1 
0.0000870625 3 2 2 0 3 3 3 2 
0.0000081250 3 2 2 0 3 3 3 3 
0.0000756250 3 2 2 1 0 0 0 1 
0.0000257500 3 2 2 1 0 1 1 0 
0.0000885625 3 2 2 1 0 1 1 1 
0.0001116250 3 2 2 1 0 1 2 3 
0.0001574375 3 2 2 1 0 2 1 2 
0.0002014375 3 2 2 1 0 2 2 0 
0.0001332500 3 2 2 1 0 2 2 1 
0.0002091250 3 2 2 1 0 2 3 2 
0.0000059375 3 2 2 1 0 3 0 3 
0.0001128125 3 2 2 1 0 3 1 0 
0.0000438125 3 2 2 1 0 3 1 1 
0.0000768750 3 2 2 1 0 3 2 2 
0.0000730000 3 2 2 1 0 3 2 3 
0.0000641250 3 2 2 1 0 3 3 0 
0.0000780000 3 2 2 1 0 3 3 1 
0.0001988125 3 2 2 1 1 0 3 1 
0.0001999375 3 2 2 1 1 1 1 2 
0.0002295625 3 2 2 1 1 1 2 0 
0.0002176250 3 2 2 1 1 2 1 0 
0.0000321875 3 2 2 1 1 2 1 1 
0.0001496875 3 2 2 1 1 2 2 2 
0.0000656250 3 2 2 1 1 3 1 2 
0.0001385000 3 2 2 1 1 3 1 3 
0.0000923125 3 2 2 1 1 3 2 1 
0.0000105625 3 2 2 1 2 0 2 2 
0.0000900000 3 2 2 1 2 0 2 3 
0.0002182500 3 2 2 1 2 0 3 1 
0.0001510625 3 2 2 1 2 1 0 0 
0.0000746250 3 2 2 1 2 1 0 1 
0.0000863125 3 2 2 1 2 1 2 0 
0.0002290625 3 2 2 1 2 1 3 2 
0.0001650625 3 2 2 1 2 2 0 2 
0.0001898750 3 2 2 1 2 2 0 3 
0.0000171250 3 2 2 1 2 2 1 0 
0.0002010625 3 2 2 1 2 2 3 0 
0.0001088125 3 2 2 1 2 2 3 1 
0.0001141250 3 2 2 1 2 3 0 0 
0.0001753750 3 2 2 1 2 3 1 2 
0.0000420000 3 2 2 1 2 3 1 3 
0.0000513125 3 2 2 1 2 3 2 0 
0.0002395000 3 2 2 1 3 0 0 1 
0.0001530000 3 2 2 1 3 0 2 0 
0.0000470000 3 2 2 1 3 0 2 1 
0.0001319375 3 2 2 1 3 0 3 2 
0.0000170000 3 2 2 1 3 1 0 2 
0.0001168125 3 2 2 1 3 1 0 3 
0.0001237500 3 2 2 1 3 1 2 2 
0.0001278750 3 2 2 1 3 1 3 0 
0.0001455000 3 2 2 1 3 1 3 1 
0.0000124375 3 2 2 1 3 2 0 0 
0.0001491250 3 2 2 1 3 2 0 1 
0.0000801250 3 2 2 1 3 2 1 2 
0.0001520625 3 2 2 1 3 2 1 3 
0.0001822500 3 2 2 1 3 2 2 1 
0.0001043125 3 2 2 1 3 2 3 2 
0.0001366250 3 2 2 1 3 2 3 3 
0.0001551875 3 2 2 1 3 3 0 3 
0.0002411875 3 2 2 1 3 3 1 0 
0.0001433750 3 2 2 1 3 3 1 1 
0.0000938750 3 2 2 1 3 3 3 0 
0.0000756250 3 2 2 2 0 0 0 2 
0.0001209375 3 2 2 2 0 0 1 1 
0.0001008750 3 2 2 2 0 0 2 0 
0.0001899375 3 2 2 2 0 0 3 1 
0.0000923750 3 2 2 2 0 0 3 3 
0.0001140000 3 2 2 2 0 1 0 1 
0.0000885625 3 2 2 2 0 1 1 2 
0.0000758125 3 2 2 2 0 1 2 1 
0.0000634375 3 2 2 2 0 2 0 0 
0.0001332500 3 2 2 2 0 2 2 2 
0.0001052500 3 2 2 2 0 2 3 3 
0.0002018125 3 2 2 2 0 3 0 1 
0.0001956250 3 2 2 2 0 3 0 3 
0.0000781875 3 2 2 2 0 3 1 0 
0.0000438125 3 2 2 2 0 3 1 2 
0.0002338750 3 2 2 2 0 3 3 0 
0.0000780000 3 2 2 2 0 3 3 2 
0.0001423125 3 2 2 2 1 0 0 1 
0.0001401875 3 2 2 2 1 0 2 1 
0.0001603750 3 2 2 2 1 0 2 3 
0.0001988125 3 2 2 2 1 0 3 2 
0.0001250000 3 2 2 2 1 1 2 0 
0.0002042500 3 2 2 2 1 1 3 1 
0.0002289375 3 2 2 2 1 1 3 3 
0.0000976250 3 2 2 2 1 2 0 1 
0.0000035000 3 2 2 2 1 2 0 3 
0.0000210625 3 2 2 2 1 2 1 0 
0.0000321875 3 2 2 2 1 2 1 2 
0.0001616250 3 2 2 2 1 2 2 3 
0.0000168125 3 2 2 2 1 3 2 0 
0.0000923125 3 2 2 2 1 3 2 2 
0.0000235625 3 2 2 2 1 3 3 1 
0.0002308750 3 2 2 2 1 3 3 3 
0.0002188750 3 2 2 2 2 0 0 1 
0.0000661250 3 2 2 2 2 0 2 3 
0.0002182500 3 2 2 2 2 0 3 2 
0.0000746250 3 2 2 2 2 1 0 2 
0.0001346875 3 2 2 2 2 1 1 1 
0.0000020000 3 2 2 2 2 1 1 3 
0.0000362500 3 2 2 2 2 2 2 1 
0.0002342500 3 2 2 2 2 2 3 0 
0.0001088125 3 2 2 2 2 2 3 2 
0.0000338125 3 2 2 2 2 3 0 0 
0.0002101250 3 2 2 2 2 3 1 3 
0.0000566250 3 2 2 2 2 3 3 1 
0.0000081875 3 2 2 2 2 3 3 3 
0.0002218750 3 2 2 2 3 0 0 0 
0.0002395000 3 2 2 2 3 0 0 2 
0.0000911250 3 2 2 2 3 0 1 1 
0.0000240000 3 2 2 2 3 0 1 3 
0.0000470000 3 2 2 2 3 0 2 2 
0.0000193750 3 2 2 2 3 1 3 0 
0.0001455000 3 2 2 2 3 1 3 2 
0.0001491250 3 2 2 2 3 2 0 2 
0.0000637500 3 2 2 2 3 2 2 0 
0.0001822500 3 2 2 2 3 2 2 2 
0.0002124375 3 2 2 2 3 3 0 1 
0.0000828125 3 2 2 2 3 3 0 3 
0.0001433750 3 2 2 2 3 3 1 2 
0.0002170625 3 2 2 2 3 3 2 1 
0.0000870625 3 2 2 2 3 3 3 0 
0.0000756250 3 2 2 3 0 0 0 3 
0.0001676875 3 2 2 3 0 0 1 1 
0.0001919375 3 2 2 3 0 0 1 2 
0.0001768750 3 2 2 3 0 0 2 0 
0.0001093750 3 2 2 3 0 0 3 1 
0.0000650625 3 2 2 3 0 1 0 1 
0.0001678750 3 2 2 3 0 1 0 2 
0.0000728125 3 2 2 3 0 1 1 0 
0.0000885625 3 2 2 3 0 1 1 3 
0.0000102500 3 2 2 3 0 1 2 2 
0.0001705000 3 2 2 3 0 1 3 0 
0.0001862500 3 2 2 3 0 2 1 1 
0.0002147500 3 2 2 3 0 2 1 2 
0.0000135000 3 2 2 3 0 2 2 0 
0.0001332500 3 2 2 3 0 2 2 3 
0.0000728125 3 2 2 3 0 2 3 1 
0.0002048750 3 2 2 3 0 3 1 0 
0.0000438125 3 2 2 3 0 3 1 3 
0.0000151875 3 2 2 3 0 3 2 2 
0.0000780000 3 2 2 3 0 3 3 3 
0.0000538125 3 2 2 3 1 0 0 1 
0.0002360625 3 2 2 3 1 0 0 2 
0.0001669375 3 2 2 3 1 0 2 1 
0.0000525000 3 2 2 3 1 0 3 0 
0.0001988125 3 2 2 3 1 0 3 3 
0.0000548750 3 2 2 3 1 1 1 1 
0.0001363125 3 2 2 3 1 1 1 2 
0.0001830000 3 2 2 3 1 1 2 0 
0.0001875625 3 2 2 3 1 1 3 1 
0.0001772500 3 2 2 3 1 2 0 1 
0.0000321875 3 2 2 3 1 2 1 3 
0.0001218750 3 2 2 3 1 2 2 1 
0.0001568750 3 2 2 3 1 2 3 0 
0.0001729375 3 2 2 3 1 3 0 0 
0.0001423750 3 2 2 3 1 3 1 2 
0.0002422500 3 2 2 3 1 3 2 0 
0.0000923125 3 2 2 3 1 3 2 3 
0.0001531875 3 2 2 3 1 3 3 1 
0.0000841250 3 2 2 3 2 0 0 1 
0.0001109375 3 2 2 3 2 0 0 2 
0.0001855000 3 2 2 3 2 0 1 0 
0.0002182500 3 2 2 3 2 0 3 3 
0.0002105000 3 2 2 3 2 1 0 0 
0.0000746250 3 2 2 3 2 1 0 3 
0.0000415000 3 2 2 3 2 1 1 1 
0.0002187500 3 2 2 3 2 1 2 0 
0.0000475625 3 2 2 3 2 1 3 1 
0.0002013125 3 2 2 3 2 1 3 2 
0.0002349375 3 2 2 3 2 2 0 2 
0.0000718750 3 2 2 3 2 2 1 0 
0.0002136875 3 2 2 3 2 2 2 1 
0.0000854375 3 2 2 3 2 2 2 2 
0.0001093125 3 2 2 3 2 2 3 0 
0.0001088125 3 2 2 3 2 2 3 3 
0.0001235000 3 2 2 3 2 3 0 0 
0.0000356875 3 2 2 3 2 3 3 1 
0.0000641250 3 2 2 3 3 0 0 0 
0.0002395000 3 2 2 3 3 0 0 3 
0.0002126875 3 2 2 3 3 0 1 1 
0.0000752500 3 2 2 3 3 0 2 0 
0.0000470000 3 2 2 3 3 0 2 3 
0.0001465625 3 2 2 3 3 0 3 1 
0.0002325000 3 2 2 3 3 0 3 2 
0.0001177500 3 2 2 3 3 1 0 2 
0.0000733750 3 2 2 3 3 1 1 0 
0.0001998125 3 2 2 3 3 1 2 1 
0.0002296250 3 2 2 3 3 1 2 2 
0.0000666250 3 2 2 3 3 1 3 0 
0.0001455000 3 2 2 3 3 1 3 3 
0.0001302500 3 2 2 3 3 2 0 0 
0.0001491250 3 2 2 3 3 2 0 3 
0.0000194375 3 2 2 3 3 2 1 2 
0.0001822500 3 2 2 3 3 2 2 3 
0.0001372500 3 2 2 3 3 2 3 2 
0.0001433750 3 2 2 3 3 3 1 3 
0.0001568125 3 2 2 3 3 3 2 1 
0.0002392500 3 2 2 3 3 3 2 2 
0.0000081250 3 2 2 3 3 3 3 0 
0.0001676875 3 2 3 0 0 0 0 2 
0.0001008750 3 2 3 0 0 0 3 2 
0.0001768750 3 2 3 0 0 0 3 3 
0.0000650625 3 2 3 0 0 1 1 2 
0.0000059375 3 2 3 0 0 1 2 0 
0.0002313750 3 2 3 0 0 1 2 1 
0.0000190625 3 2 3 0 0 1 2 2 
0.0001862500 3 2 3 0 0 2 0 2 
0.0001574375 3 2 3 0 0 2 0 3 
0.0001332500 3 2 3 0 0 2 3 0 
0.0002014375 3 2 3 0 0 2 3 1 
0.0000135000 3 2 3 0 0 2 3 3 
0.0001956250 3 2 3 0 0 3 1 1 
0.0000358750 3 2 3 0 0 3 2 3 
0.0000538125 3 2 3 0 1 0 1 2 
0.0002200000 3 2 3 0 1 0 2 1 
0.0001890000 3 2 3 0 1 0 2 2 
0.0000548750 3 2 3 0 1 1 0 2 
0.0001999375 3 2 3 0 1 1 0 3 
0.0002295625 3 2 3 0 1 1 3 1 
0.0001250000 3 2 3 0 1 1 3 2 
0.0001830000 3 2 3 0 1 1 3 3 
0.0000193125 3 2 3 0 1 2 1 0 
0.0000035000 3 2 3 0 1 2 1 1 
0.0001772500 3 2 3 0 1 2 1 2 
0.0001794375 3 2 3 0 1 2 2 0 
0.0000801875 3 2 3 0 1 2 2 1 
0.0002233750 3 2 3 0 1 2 2 2 
0.0000499375 3 2 3 0 1 3 0 0 
0.0000656250 3 2 3 0 1 3 0 3 
0.0000923125 3 2 3 0 1 3 3 0 
0.0000168125 3 2 3 0 1 3 3 2 
0.0002422500 3 2 3 0 1 3 3 3 
0.0000841250 3 2 3 0 2 0 1 2 
0.0001936875 3 2 3 0 2 0 2 1 
0.0002415625 3 2 3 0 2 0 2 2 
0.0000527500 3 2 3 0 2 0 2 3 
0.0002388125 3 2 3 0 2 1 0 0 
0.0000020000 3 2 3 0 2 1 0 1 
0.0000415000 3 2 3 0 2 1 0 2 
0.0000863125 3 2 3 0 2 1 3 1 
0.0002187500 3 2 3 0 2 1 3 3 
0.0000835000 3 2 3 0 2 2 1 0 
0.0001650625 3 2 3 0 2 2 1 3 
0.0002101250 3 2 3 0 2 3 0 1 
0.0001753750 3 2 3 0 2 3 0 3 
0.0000513125 3 2 3 0 2 3 3 1 
0.0000941875 3 2 3 0 3 0 0 0 
0.0000240000 3 2 3 0 3 0 0 1 
0.0002126875 3 2 3 0 3 0 0 2 
0.0000470000 3 2 3 0 3 0 3 0 
0.0001530000 3 2 3 0 3 0 3 1 
0.0000752500 3 2 3 0 3 0 3 3 
0.0000170000 3 2 3 0 3 1 1 3 
0.0000354375 3 2 3 0 3 2 0 0 
0.0000801250 3 2 3 0 3 2 0 3 
0.0001822500 3 2 3 0 3 2 3 0 
0.0000637500 3 2 3 0 3 2 3 2 
0.0000828125 3 2 3 0 3 3 1 1 
0.0001326250 3 2 3 0 3 3 2 0 
0.0001208750 3 2 3 1 0 0 1 2 
0.0001899375 3 2 3 1 0 0 2 2 
0.0001093750 3 2 3 1 0 0 2 3 
0.0002313750 3 2 3 1 0 1 2 0 
0.0000059375 3 2 3 1 0 1 2 1 
0.0001116250 3 2 3 1 0 1 3 3 
0.0000458750 3 2 3 1 0 2 1 2 
0.0000634375 3 2 3 1 0 2 1 3 
0.0000728125 3 2 3 1 0 2 2 3 
0.0002014375 3 2 3 1 0 2 3 0 
0.0001332500 3 2 3 1 0 2 3 1 
0.0000781875 3 2 3 1 0 3 0 3 
0.0001956250 3 2 3 1 0 3 1 0 
0.0000768750 3 2 3 1 0 3 3 2 
0.0000730000 3 2 3 1 0 3 3 3 
0.0002154375 3 2 3 1 1 0 0 2 
0.0002200000 3 2 3 1 1 0 2 0 
0.0002287500 3 2 3 1 1 1 1 2 
0.0002042500 3 2 3 1 1 1 2 2 
0.0001875625 3 2 3 1 1 1 2 3 
0.0002295625 3 2 3 1 1 1 3 0 
0.0002394375 3 2 3 1 1 2 0 2 
0.0000210625 3 2 3 1 1 2 0 3 
0.0000035000 3 2 3 1 1 2 1 0 
0.0000193125 3 2 3 1 1 2 1 1 
0.0000801875 3 2 3 1 1 2 2 0 
0.0001794375 3 2 3 1 1 2 2 1 
0.0001496875 3 2 3 1 1 2 3 2 
0.0000499375 3 2 3 1 1 3 0 1 
0.0000235625 3 2 3 1 1 3 2 2 
0.0001531875 3 2 3 1 1 3 2 3 
0.0000923125 3 2 3 1 1 3 3 1 
0.0001936875 3 2 3 1 2 0 2 0 
0.0000105625 3 2 3 1 2 0 3 2 
0.0000900000 3 2 3 1 2 0 3 3 
0.0000020000 3 2 3 1 2 1 0 0 
0.0002388125 3 2 3 1 2 1 0 1 
0.0000475625 3 2 3 1 2 1 2 3 
0.0000863125 3 2 3 1 2 1 3 0 
0.0000835000 3 2 3 1 2 2 1 1 
0.0002101250 3 2 3 1 2 3 0 0 
0.0000338125 3 2 3 1 2 3 1 3 
0.0000566250 3 2 3 1 2 3 2 2 
0.0000356875 3 2 3 1 2 3 2 3 
0.0000513125 3 2 3 1 2 3 3 0 
0.0000240000 3 2 3 1 3 0 0 0 
0.0000941875 3 2 3 1 3 0 0 1 
0.0002218750 3 2 3 1 3 0 1 3 
0.0001465625 3 2 3 1 3 0 2 3 
0.0001530000 3 2 3 1 3 0 3 0 
0.0000470000 3 2 3 1 3 0 3 1 
0.0001237500 3 2 3 1 3 1 3 2 
0.0000354375 3 2 3 1 3 2 0 1 
0.0001822500 3 2 3 1 3 2 3 1 
0.0000308125 3 2 3 1 3 3 0 2 
0.0000828125 3 2 3 1 3 3 1 0 
0.0001326250 3 2 3 1 3 3 2 1 
0.0001676875 3 2 3 2 0 0 0 0 
0.0000316875 3 2 3 2 0 0 1 3 
0.0001008750 3 2 3 2 0 0 3 0 
0.0000728125 3 2 3 2 0 1 0 1 
0.0000650625 3 2 3 2 0 1 1 0 
0.0000190625 3 2 3 2 0 1 2 0 
0.0000059375 3 2 3 2 0 1 2 2 
0.0000758125 3 2 3 2 0 1 3 1 
0.0001862500 3 2 3 2 0 2 0 0 
0.0002384375 3 2 3 2 0 2 1 3 
0.0002091250 3 2 3 2 0 2 2 1 
0.0001332500 3 2 3 2 0 2 3 2 
0.0002048750 3 2 3 2 0 3 0 1 
0.0000014375 3 2 3 2 1 0 0 3 
0.0000538125 3 2 3 2 1 0 1 0 
0.0001890000 3 2 3 2 1 0 2 0 
0.0001401875 3 2 3 2 1 0 3 1 
0.0001603750 3 2 3 2 1 0 3 3 
0.0000548750 3 2 3 2 1 1 0 0 
0.0001405625 3 2 3 2 1 1 1 3 
0.0001250000 3 2 3 2 1 1 3 0 
0.0001772500 3 2 3 2 1 2 1 0 
0.0000193125 3 2 3 2 1 2 1 2 
0.0002233750 3 2 3 2 1 2 2 0 
0.0001794375 3 2 3 2 1 2 2 2 
0.0001616250 3 2 3 2 1 2 3 3 
0.0000499375 3 2 3 2 1 3 0 2 
0.0001729375 3 2 3 2 1 3 1 1 
0.0000089375 3 2 3 2 1 3 1 3 
0.0000168125 3 2 3 2 1 3 3 0 
0.0000923125 3 2 3 2 1 3 3 2 
0.0001855000 3 2 3 2 2 0 0 1 
0.0001639375 3 2 3 2 2 0 0 3 
0.0000841250 3 2 3 2 2 0 1 0 
0.0002415625 3 2 3 2 2 0 2 0 
0.0000661250 3 2 3 2 2 0 3 3 
0.0000415000 3 2 3 2 2 1 0 0 
0.0002388125 3 2 3 2 2 1 0 2 
0.0002105000 3 2 3 2 2 1 1 1 
0.0002290625 3 2 3 2 2 1 2 1 
0.0002013125 3 2 3 2 2 1 2 3 
0.0000718750 3 2 3 2 2 2 0 1 
0.0000835000 3 2 3 2 2 2 1 2 
0.0000362500 3 2 3 2 2 2 3 1 
0.0001235000 3 2 3 2 2 3 1 1 
0.0002126875 3 2 3 2 3 0 0 0 
0.0000941875 3 2 3 2 3 0 0 2 
0.0000641250 3 2 3 2 3 0 1 1 
0.0000193750 3 2 3 2 3 0 1 3 
0.0001319375 3 2 3 2 3 0 2 1 
0.0002325000 3 2 3 2 3 0 2 3 
0.0000470000 3 2 3 2 3 0 3 2 
0.0000733750 3 2 3 2 3 1 0 1 
0.0000299375 3 2 3 2 3 1 0 3 
0.0000354375 3 2 3 2 3 2 0 2 
0.0001302500 3 2 3 2 3 2 1 1 
0.0001043125 3 2 3 2 3 2 2 1 
0.0001372500 3 2 3 2 3 2 2 3 
0.0000637500 3 2 3 2 3 2 3 0 
0.0001822500 3 2 3 2 3 2 3 2 
0.0001326250 3 2 3 2 3 3 2 2 
0.0002170625 3 2 3 2 3 3 3 1 
0.0001877500 3 2 3 3 0 0 1 1 
0.0000923750 3 2 3 3 0 0 2 2 
0.0001768750 3 2 3 3 0 0 3 0 
0.0001128750 3 2 3 3 0 1 0 1 
0.0000257500 3 2 3 3 0 1 0 2 
0.0000059375 3 2 3 3 0 1 2 3 
0.0000102500 3 2 3 3 0 1 3 2 
0.0001574375 3 2 3 3 0 2 0 0 
0.0001052500 3 2 3 3 0 2 2 2 
0.0000135000 3 2 3 3 0 2 3 0 
0.0001332500 3 2 3 3 0 2 3 3 
0.0001128125 3 2 3 3 0 3 0 2 
0.0000358750 3 2 3 3 0 3 2 0 
0.0000151875 3 2 3 3 0 3 3 2 
0.0001878125 3 2 3 3 1 0 0 1 
0.0001669375 3 2 3 3 1 0 3 1 
0.0001999375 3 2 3 3 1 1 0 0 
0.0001271875 3 2 3 3 1 1 1 1 
0.0002289375 3 2 3 3 1 1 2 2 
0.0001830000 3 2 3 3 1 1 3 0 
0.0002176250 3 2 3 3 1 2 0 2 
0.0000193125 3 2 3 3 1 2 1 3 
0.0001794375 3 2 3 3 1 2 2 3 
0.0001218750 3 2 3 3 1 2 3 1 
0.0000656250 3 2 3 3 1 3 0 0 
0.0000499375 3 2 3 3 1 3 0 3 
0.0000806250 3 2 3 3 1 3 1 1 
0.0002308750 3 2 3 3 1 3 2 2 
0.0002422500 3 2 3 3 1 3 3 0 
0.0000923125 3 2 3 3 1 3 3 3 
0.0000688750 3 2 3 3 2 0 0 1 
0.0000527500 3 2 3 3 2 0 2 0 
0.0002388125 3 2 3 3 2 1 0 3 
0.0000754375 3 2 3 3 2 1 1 1 
0.0001510625 3 2 3 3 2 1 1 2 
0.0002187500 3 2 3 3 2 1 3 0 
0.0001411875 3 2 3 3 2 2 0 1 
0.0000171250 3 2 3 3 2 2 0 2 
0.0001650625 3 2 3 3 2 2 1 0 
0.0000835000 3 2 3 3 2 2 1 3 
0.0002136875 3 2 3 3 2 2 3 1 
0.0000854375 3 2 3 3 2 2 3 2 
0.0001753750 3 2 3 3 2 3 0 0 
0.0001141250 3 2 3 3 2 3 1 2 
0.0000081875 3 2 3 3 2 3 2 2 
0.0000941875 3 2 3 3 3 0 0 3 
0.0000752500 3 2 3 3 3 0 3 0 
0.0000470000 3 2 3 3 3 0 3 3 
0.0001675000 3 2 3 3 3 1 0 1 
0.0000170000 3 2 3 3 3 1 1 0 
0.0001998125 3 2 3 3 3 1 3 1 
0.0002296250 3 2 3 3 3 1 3 2 
0.0000801250 3 2 3 3 3 2 0 0 
0.0000354375 3 2 3 3 3 2 0 3 
0.0000955000 3 2 3 3 3 2 1 1 
0.0000124375 3 2 3 3 3 2 1 2 
0.0001366250 3 2 3 3 3 2 2 1 
0.0001822500 3 2 3 3 3 2 3 3 
0.0000563125 3 2 3 3 3 3 0 1 
0.0002411875 3 2 3 3 3 3 0 2 
0.0001326250 3 2 3 3 3 3 2 3 
0.0001568125 3 2 3 3 3 3 3 1 
0.0002392500 3 2 3 3 3 3 3 2 
0.0001705000 3 3 0 0 0 0 1 3 
0.0000650625 3 3 0 0 0 0 2 2 
0.0001128750 3 3 0 0 0 0 3 2 
0.0001332500 3 3 0 0 0 3 0 0 
0.0002014375 3 3 0 0 0 3 0 1 
0.0000135000 3 3 0 0 0 3 0 3 
0.0000634375 3 3 0 0 0 3 2 2 
0.0001862500 3 3 0 0 0 3 3 2 
0.0001574375 3 3 0 0 0 3 3 3 
0.0002021250 3 3 0 0 1 1 0 0 
0.0001603750 3 3 0 0 1 1 0 1 
0.0001669375 3 3 0 0 1 1 0 2 
0.0001988125 3 3 0 0 1 1 1 0 
0.0000525000 3 3 0 0 1 1 1 3 
0.0000538125 3 3 0 0 1 1 2 2 
0.0001456875 3 3 0 0 1 1 3 0 
0.0000014375 3 3 0 0 1 1 3 1 
0.0001878125 3 3 0 0 1 1 3 2 
0.0002154375 3 3 0 0 1 1 3 3 
0.0000443125 3 3 0 0 1 2 0 1 
0.0002308750 3 3 0 0 1 2 1 1 
0.0001531875 3 3 0 0 1 2 1 2 
0.0001933750 3 3 0 0 1 2 2 0 
0.0000089375 3 3 0 0 1 2 2 1 
0.0000806250 3 3 0 0 1 2 2 2 
0.0001423750 3 3 0 0 1 2 3 1 
0.0001385000 3 3 0 0 1 2 3 2 
0.0000661250 3 3 0 0 2 1 0 1 
0.0000105625 3 3 0 0 2 1 0 3 
0.0002182500 3 3 0 0 2 1 1 0 
0.0000841250 3 3 0 0 2 1 2 2 
0.0001998750 3 3 0 0 2 1 3 0 
0.0001639375 3 3 0 0 2 1 3 1 
0.0000688750 3 3 0 0 2 1 3 2 
0.0000200625 3 3 0 0 2 2 0 0 
0.0002239375 3 3 0 0 2 2 0 2 
0.0000464375 3 3 0 0 2 2 0 3 
0.0000081875 3 3 0 0 2 2 1 1 
0.0000356875 3 3 0 0 2 2 1 2 
0.0000303125 3 3 0 0 2 2 2 0 
0.0001456250 3 3 0 0 2 2 3 0 
0.0000420000 3 3 0 0 2 2 3 2 
0.0001998125 3 3 0 0 3 0 0 2 
0.0001237500 3 3 0 0 3 0 0 3 
0.0001455000 3 3 0 0 3 0 1 0 
0.0001278750 3 3 0 0 3 0 1 1 
0.0000193750 3 3 0 0 3 0 1 2 
0.0000666250 3 3 0 0 3 0 1 3 
0.0000170000 3 3 0 0 3 0 2 3 
0.0000436250 3 3 0 0 3 0 3 0 
0.0000299375 3 3 0 0 3 0 3 1 
0.0001675000 3 3 0 0 3 0 3 2 
0.0001822500 3 3 0 0 3 3 0 0 
0.0000637500 3 3 0 0 3 3 0 2 
0.0001372500 3 3 0 0 3 3 1 1 
0.0001366250 3 3 0 0 3 3 1 2 
0.0001491250 3 3 0 0 3 3 2 0 
0.0000124375 3 3 0 0 3 3 2 1 
0.0001302500 3 3 0 0 3 3 2 3 
0.0000354375 3 3 0 0 3 3 3 0 
0.0000801250 3 3 0 0 3 3 3 3 
0.0001008750 3 3 0 1 0 1 0 3 
0.0001208750 3 3 0 1 0 1 2 2 
0.0001209375 3 3 0 1 0 1 3 2 
0.0001676875 3 3 0 1 0 1 3 3 
0.0000358750 3 3 0 1 0 2 1 2 
0.0002338750 3 3 0 1 0 2 1 3 
0.0002018125 3 3 0 1 0 2 2 2 
0.0002048750 3 3 0 1 0 2 3 2 
0.0002014375 3 3 0 1 0 3 0 0 
0.0001332500 3 3 0 1 0 3 0 1 
0.0001250000 3 3 0 1 1 0 0 3 
0.0002287500 3 3 0 1 1 0 2 2 
0.0000548750 3 3 0 1 1 0 3 3 
0.0001603750 3 3 0 1 1 1 0 0 
0.0002021250 3 3 0 1 1 1 0 1 
0.0001988125 3 3 0 1 1 1 1 1 
0.0000014375 3 3 0 1 1 1 3 0 
0.0001456875 3 3 0 1 1 1 3 1 
0.0000443125 3 3 0 1 1 2 0 0 
0.0002308750 3 3 0 1 1 2 1 0 
0.0000089375 3 3 0 1 1 2 2 0 
0.0001933750 3 3 0 1 1 2 2 1 
0.0001423750 3 3 0 1 1 2 3 0 
0.0001496875 3 3 0 1 1 3 0 2 
0.0001568750 3 3 0 1 1 3 1 2 
0.0002233750 3 3 0 1 1 3 1 3 
0.0002394375 3 3 0 1 1 3 3 2 
0.0000210625 3 3 0 1 1 3 3 3 
0.0002290625 3 3 0 1 2 0 1 2 
0.0001346875 3 3 0 1 2 0 3 2 
0.0000415000 3 3 0 1 2 0 3 3 
0.0000661250 3 3 0 1 2 1 0 0 
0.0002182500 3 3 0 1 2 1 1 1 
0.0001639375 3 3 0 1 2 1 3 0 
0.0001998750 3 3 0 1 2 1 3 1 
0.0000200625 3 3 0 1 2 2 0 1 
0.0000081875 3 3 0 1 2 2 1 0 
0.0000303125 3 3 0 1 2 2 2 1 
0.0001456250 3 3 0 1 2 2 3 1 
0.0001093125 3 3 0 1 2 3 1 2 
0.0001650625 3 3 0 1 2 3 2 2 
0.0001898750 3 3 0 1 2 3 2 3 
0.0001278750 3 3 0 1 3 0 1 0 
0.0001455000 3 3 0 1 3 0 1 1 
0.0000299375 3 3 0 1 3 0 3 0 
0.0000436250 3 3 0 1 3 0 3 1 
0.0001319375 3 3 0 1 3 1 1 2 
0.0002218750 3 3 0 1 3 1 2 3 
0.0000911250 3 3 0 1 3 1 3 2 
0.0002126875 3 3 0 1 3 1 3 3 
0.0002170625 3 3 0 1 3 2 0 2 
0.0001568125 3 3 0 1 3 2 0 3 
0.0000870625 3 3 0 1 3 2 1 3 
0.0002124375 3 3 0 1 3 2 2 2 
0.0000563125 3 3 0 1 3 2 3 3 
0.0001822500 3 3 0 1 3 3 0 1 
0.0001372500 3 3 0 1 3 3 1 0 
0.0000124375 3 3 0 1 3 3 2 0 
0.0001491250 3 3 0 1 3 3 2 1 
0.0000354375 3 3 0 1 3 3 3 1 
0.0000650625 3 3 0 2 0 0 2 0 
0.0001128750 3 3 0 2 0 0 3 0 
0.0001768750 3 3 0 2 0 1 0 1 
0.0000568750 3 3 0 2 0 1 0 3 
0.0001899375 3 3 0 2 0 1 1 1 
0.0000923750 3 3 0 2 0 1 1 3 
0.0000316875 3 3 0 2 0 1 2 3 
0.0001919375 3 3 0 2 0 1 3 3 
0.0000768750 3 3 0 2 0 2 0 1 
0.0000151875 3 3 0 2 0 2 0 3 
0.0001128125 3 3 0 2 0 2 3 3 
0.0001332500 3 3 0 2 0 3 0 2 
0.0000634375 3 3 0 2 0 3 2 0 
0.0001862500 3 3 0 2 0 3 3 0 
0.0001830000 3 3 0 2 1 0 0 1 
0.0002042500 3 3 0 2 1 0 1 1 
0.0002289375 3 3 0 2 1 0 1 3 
0.0001405625 3 3 0 2 1 0 2 3 
0.0001999375 3 3 0 2 1 0 3 1 
0.0001363125 3 3 0 2 1 0 3 3 
0.0001669375 3 3 0 2 1 1 0 0 
0.0002021250 3 3 0 2 1 1 0 2 
0.0001988125 3 3 0 2 1 1 1 2 
0.0000538125 3 3 0 2 1 1 2 0 
0.0001878125 3 3 0 2 1 1 3 0 
0.0001456875 3 3 0 2 1 1 3 2 
0.0001531875 3 3 0 2 1 2 1 0 
0.0000806250 3 3 0 2 1 2 2 0 
0.0001933750 3 3 0 2 1 2 2 2 
0.0001385000 3 3 0 2 1 2 3 0 
0.0001616250 3 3 0 2 1 3 0 3 
0.0000976250 3 3 0 2 1 3 2 1 
0.0000035000 3 3 0 2 1 3 2 3 
0.0002187500 3 3 0 2 2 0 0 1 
0.0002105000 3 3 0 2 2 0 2 1 
0.0002182500 3 3 0 2 2 1 1 2 
0.0000841250 3 3 0 2 2 1 2 0 
0.0000688750 3 3 0 2 2 1 3 0 
0.0001998750 3 3 0 2 2 1 3 2 
0.0002239375 3 3 0 2 2 2 0 0 
0.0000200625 3 3 0 2 2 2 0 2 
0.0000356875 3 3 0 2 2 2 1 0 
0.0000303125 3 3 0 2 2 2 2 2 
0.0000420000 3 3 0 2 2 2 3 0 
0.0001456250 3 3 0 2 2 2 3 2 
0.0000362500 3 3 0 2 2 3 0 1 
0.0002010625 3 3 0 2 2 3 1 3 
0.0000718750 3 3 0 2 2 3 3 1 
0.0001998125 3 3 0 2 3 0 0 0 
0.0000193750 3 3 0 2 3 0 1 0 
0.0001455000 3 3 0 2 3 0 1 2 
0.0001675000 3 3 0 2 3 0 3 0 
0.0000436250 3 3 0 2 3 0 3 2 
0.0000752500 3 3 0 2 3 1 0 1 
0.0000641250 3 3 0 2 3 1 2 1 
0.0000193750 3 3 0 2 3 1 2 3 
0.0002392500 3 3 0 2 3 2 0 3 
0.0000081250 3 3 0 2 3 2 1 1 
0.0000308125 3 3 0 2 3 2 3 1 
0.0002411875 3 3 0 2 3 2 3 3 
0.0000637500 3 3 0 2 3 3 0 0 
0.0001822500 3 3 0 2 3 3 0 2 
0.0001366250 3 3 0 2 3 3 1 0 
0.0001491250 3 3 0 2 3 3 2 2 
0.0000354375 3 3 0 2 3 3 3 2 
0.0001705000 3 3 0 3 0 0 1 0 
0.0001093750 3 3 0 3 0 1 1 1 
0.0001877500 3 3 0 3 0 1 2 1 
0.0000730000 3 3 0 3 0 2 0 1 
0.0000641250 3 3 0 3 0 2 1 2 
0.0000059375 3 3 0 3 0 2 2 1 
0.0001956250 3 3 0 3 0 2 2 2 
0.0000781875 3 3 0 3 0 2 3 1 
0.0000135000 3 3 0 3 0 3 0 0 
0.0001332500 3 3 0 3 0 3 0 3 
0.0001574375 3 3 0 3 0 3 3 0 
0.0002295625 3 3 0 3 1 0 0 2 
0.0001875625 3 3 0 3 1 0 1 1 
0.0001271875 3 3 0 3 1 0 2 1 
0.0002021250 3 3 0 3 1 1 0 3 
0.0000525000 3 3 0 3 1 1 1 0 
0.0001988125 3 3 0 3 1 1 1 3 
0.0002154375 3 3 0 3 1 1 3 0 
0.0001456875 3 3 0 3 1 1 3 3 
0.0001933750 3 3 0 3 1 2 2 3 
0.0001218750 3 3 0 3 1 3 0 1 
0.0000801875 3 3 0 3 1 3 1 2 
0.0001772500 3 3 0 3 1 3 2 1 
0.0002176250 3 3 0 3 1 3 3 2 
0.0001494375 3 3 0 3 2 0 0 1 
0.0000863125 3 3 0 3 2 0 0 2 
0.0000475625 3 3 0 3 2 0 1 1 
0.0002013125 3 3 0 3 2 0 1 2 
0.0000754375 3 3 0 3 2 0 2 1 
0.0001510625 3 3 0 3 2 0 2 2 
0.0000020000 3 3 0 3 2 0 3 2 
0.0000105625 3 3 0 3 2 1 0 0 
0.0002182500 3 3 0 3 2 1 1 3 
0.0001998750 3 3 0 3 2 1 3 3 
0.0000464375 3 3 0 3 2 2 0 0 
0.0000200625 3 3 0 3 2 2 0 3 
0.0000303125 3 3 0 3 2 2 2 3 
0.0001456250 3 3 0 3 2 2 3 3 
0.0002136875 3 3 0 3 2 3 0 1 
0.0000854375 3 3 0 3 2 3 0 2 
0.0002342500 3 3 0 3 2 3 1 1 
0.0002349375 3 3 0 3 2 3 2 2 
0.0001411875 3 3 0 3 2 3 3 1 
0.0000171250 3 3 0 3 2 3 3 2 
0.0001237500 3 3 0 3 3 0 0 0 
0.0000666250 3 3 0 3 3 0 1 0 
0.0001455000 3 3 0 3 3 0 1 3 
0.0000170000 3 3 0 3 3 0 2 0 
0.0000436250 3 3 0 3 3 0 3 3 
0.0000395625 3 3 0 3 3 1 0 1 
0.0001530000 3 3 0 3 3 1 0 2 
0.0001465625 3 3 0 3 3 1 1 1 
0.0002325000 3 3 0 3 3 1 1 2 
0.0000240000 3 3 0 3 3 1 3 2 
0.0000938750 3 3 0 3 3 2 1 2 
0.0001551875 3 3 0 3 3 2 2 1 
0.0000828125 3 3 0 3 3 2 2 2 
0.0001822500 3 3 0 3 3 3 0 3 
0.0001302500 3 3 0 3 3 3 2 0 
0.0001491250 3 3 0 3 3 3 2 3 
0.0000801250 3 3 0 3 3 3 3 0 
0.0000354375 3 3 0 3 3 3 3 3 
0.0001705000 3 3 1 0 0 0 0 3 
0.0000738125 3 3 1 0 0 1 2 0 
0.0001919375 3 3 1 0 0 1 2 1 
0.0001209375 3 3 1 0 0 1 2 3 
0.0000756250 3 3 1 0 0 1 3 0 
0.0000438125 3 3 1 0 0 2 2 0 
0.0001128125 3 3 1 0 0 2 2 1 
0.0000781875 3 3 1 0 0 2 2 2 
0.0002048750 3 3 1 0 0 2 2 3 
0.0001956250 3 3 1 0 0 2 3 1 
0.0001332500 3 3 1 0 0 3 1 0 
0.0002014375 3 3 1 0 0 3 1 1 
0.0000135000 3 3 1 0 0 3 1 3 
0.0001465000 3 3 1 0 1 0 2 0 
0.0001363125 3 3 1 0 1 0 2 1 
0.0001988125 3 3 1 0 1 1 0 0 
0.0000525000 3 3 1 0 1 1 0 3 
0.0002021250 3 3 1 0 1 1 1 0 
0.0001603750 3 3 1 0 1 1 1 1 
0.0001669375 3 3 1 0 1 1 1 2 
0.0002308750 3 3 1 0 1 2 0 1 
0.0001531875 3 3 1 0 1 2 0 2 
0.0000443125 3 3 1 0 1 2 1 1 
0.0002394375 3 3 1 0 1 3 2 3 
0.0000976250 3 3 1 0 1 3 3 3 
0.0001346875 3 3 1 0 2 0 2 3 
0.0000746250 3 3 1 0 2 0 3 0 
0.0001510625 3 3 1 0 2 0 3 1 
0.0002105000 3 3 1 0 2 0 3 3 
0.0002182500 3 3 1 0 2 1 0 0 
0.0000661250 3 3 1 0 2 1 1 1 
0.0000105625 3 3 1 0 2 1 1 3 
0.0000081875 3 3 1 0 2 2 0 1 
0.0000356875 3 3 1 0 2 2 0 2 
0.0000200625 3 3 1 0 2 2 1 0 
0.0002239375 3 3 1 0 2 2 1 2 
0.0000464375 3 3 1 0 2 2 1 3 
0.0000026250 3 3 1 0 2 3 2 0 
0.0001411875 3 3 1 0 2 3 2 2 
0.0002349375 3 3 1 0 2 3 3 1 
0.0001898750 3 3 1 0 2 3 3 2 
0.0001455000 3 3 1 0 3 0 0 0 
0.0001278750 3 3 1 0 3 0 0 1 
0.0000193750 3 3 1 0 3 0 0 2 
0.0000666250 3 3 1 0 3 0 0 3 
0.0001998125 3 3 1 0 3 0 1 2 
0.0001237500 3 3 1 0 3 0 1 3 
0.0000911250 3 3 1 0 3 1 2 3 
0.0002395000 3 3 1 0 3 1 3 0 
0.0002218750 3 3 1 0 3 1 3 2 
0.0000641250 3 3 1 0 3 1 3 3 
0.0001433750 3 3 1 0 3 2 2 0 
0.0002411875 3 3 1 0 3 2 2 1 
0.0000828125 3 3 1 0 3 2 3 1 
0.0001372500 3 3 1 0 3 3 0 1 
0.0001366250 3 3 1 0 3 3 0 2 
0.0001822500 3 3 1 0 3 3 1 0 
0.0000637500 3 3 1 0 3 3 1 2 
0.0000728125 3 3 1 1 0 0 2 2 
0.0001128750 3 3 1 1 0 0 2 3 
0.0001008750 3 3 1 1 0 1 1 3 
0.0001919375 3 3 1 1 0 1 2 0 
0.0000738125 3 3 1 1 0 1 2 1 
0.0000756250 3 3 1 1 0 1 3 1 
0.0000358750 3 3 1 1 0 2 0 2 
0.0002338750 3 3 1 1 0 2 0 3 
0.0001128125 3 3 1 1 0 2 2 0 
0.0000438125 3 3 1 1 0 2 2 1 
0.0001956250 3 3 1 1 0 2 3 0 
0.0002014375 3 3 1 1 0 3 1 0 
0.0001332500 3 3 1 1 0 3 1 1 
0.0001862500 3 3 1 1 0 3 2 3 
0.0001250000 3 3 1 1 1 0 1 3 
0.0001363125 3 3 1 1 1 0 2 0 
0.0001465000 3 3 1 1 1 0 2 1 
0.0001988125 3 3 1 1 1 1 0 1 
0.0001603750 3 3 1 1 1 1 1 0 
0.0002021250 3 3 1 1 1 1 1 1 
0.0001878125 3 3 1 1 1 1 2 3 
0.0002308750 3 3 1 1 1 2 0 0 
0.0000443125 3 3 1 1 1 2 1 0 
0.0000656250 3 3 1 1 1 2 2 2 
0.0001385000 3 3 1 1 1 2 2 3 
0.0001568750 3 3 1 1 1 3 0 2 
0.0002233750 3 3 1 1 1 3 0 3 
0.0001496875 3 3 1 1 1 3 1 2 
0.0002290625 3 3 1 1 2 0 0 2 
0.0001510625 3 3 1 1 2 0 3 0 
0.0000746250 3 3 1 1 2 0 3 1 
0.0002182500 3 3 1 1 2 1 0 1 
0.0000661250 3 3 1 1 2 1 1 0 
0.0001855000 3 3 1 1 2 1 2 2 
0.0000688750 3 3 1 1 2 1 2 3 
0.0000081875 3 3 1 1 2 2 0 0 
0.0000200625 3 3 1 1 2 2 1 1 
0.0001753750 3 3 1 1 2 2 2 2 
0.0000420000 3 3 1 1 2 2 2 3 
0.0000338125 3 3 1 1 2 2 3 3 
0.0001093125 3 3 1 1 2 3 0 2 
0.0000026250 3 3 1 1 2 3 2 1 
0.0002349375 3 3 1 1 2 3 3 0 
0.0001278750 3 3 1 1 3 0 0 0 
0.0001455000 3 3 1 1 3 0 0 1 
0.0000733750 3 3 1 1 3 0 2 2 
0.0001675000 3 3 1 1 3 0 2 3 
0.0000170000 3 3 1 1 3 0 3 2 
0.0001168125 3 3 1 1 3 0 3 3 
0.0001319375 3 3 1 1 3 1 0 2 
0.0002395000 3 3 1 1 3 1 3 1 
0.0000870625 3 3 1 1 3 2 0 3 
0.0002170625 3 3 1 1 3 2 1 2 
0.0001568125 3 3 1 1 3 2 1 3 
0.0002411875 3 3 1 1 3 2 2 0 
0.0001433750 3 3 1 1 3 2 2 1 
0.0000828125 3 3 1 1 3 2 3 0 
0.0001372500 3 3 1 1 3 3 0 0 
0.0001822500 3 3 1 1 3 3 1 1 
0.0001302500 3 3 1 1 3 3 3 2 
0.0000955000 3 3 1 1 3 3 3 3 
0.0000257500 3 3 1 2 0 0 2 3 
0.0001140000 3 3 1 2 0 0 3 1 
0.0001899375 3 3 1 2 0 1 0 1 
0.0000923750 3 3 1 2 0 1 0 3 
0.0001768750 3 3 1 2 0 1 1 1 
0.0000568750 3 3 1 2 0 1 1 3 
0.0000738125 3 3 1 2 0 1 2 2 
0.0000756250 3 3 1 2 0 1 3 2 
0.0000768750 3 3 1 2 0 2 1 1 
0.0000151875 3 3 1 2 0 2 1 3 
0.0000781875 3 3 1 2 0 2 2 0 
0.0000438125 3 3 1 2 0 2 2 2 
0.0001332500 3 3 1 2 0 3 1 2 
0.0001574375 3 3 1 2 0 3 2 1 
0.0002147500 3 3 1 2 0 3 2 3 
0.0000458750 3 3 1 2 0 3 3 1 
0.0002042500 3 3 1 2 1 0 0 1 
0.0002289375 3 3 1 2 1 0 0 3 
0.0001830000 3 3 1 2 1 0 1 1 
0.0001465000 3 3 1 2 1 0 2 2 
0.0001988125 3 3 1 2 1 1 0 2 
0.0001669375 3 3 1 2 1 1 1 0 
0.0002021250 3 3 1 2 1 1 1 2 
0.0002154375 3 3 1 2 1 1 2 1 
0.0001423125 3 3 1 2 1 1 3 1 
0.0001531875 3 3 1 2 1 2 0 0 
0.0001729375 3 3 1 2 1 2 3 1 
0.0000089375 3 3 1 2 1 2 3 3 
0.0001616250 3 3 1 2 1 3 1 3 
0.0002187500 3 3 1 2 2 0 1 1 
0.0000746250 3 3 1 2 2 0 3 2 
0.0002182500 3 3 1 2 2 1 0 2 
0.0002188750 3 3 1 2 2 1 3 1 
0.0000356875 3 3 1 2 2 2 0 0 
0.0002239375 3 3 1 2 2 2 1 0 
0.0000200625 3 3 1 2 2 2 1 2 
0.0002101250 3 3 1 2 2 2 2 3 
0.0001235000 3 3 1 2 2 2 3 1 
0.0002010625 3 3 1 2 2 3 0 3 
0.0000362500 3 3 1 2 2 3 1 1 
0.0001411875 3 3 1 2 2 3 2 0 
0.0000026250 3 3 1 2 2 3 2 2 
0.0001898750 3 3 1 2 2 3 3 0 
0.0000193750 3 3 1 2 3 0 0 0 
0.0001455000 3 3 1 2 3 0 0 2 
0.0001998125 3 3 1 2 3 0 1 0 
0.0000752500 3 3 1 2 3 1 1 1 
0.0002218750 3 3 1 2 3 1 3 0 
0.0002395000 3 3 1 2 3 1 3 2 
0.0000081250 3 3 1 2 3 2 0 1 
0.0002392500 3 3 1 2 3 2 1 3 
0.0001433750 3 3 1 2 3 2 2 2 
0.0001366250 3 3 1 2 3 3 0 0 
0.0000637500 3 3 1 2 3 3 1 0 
0.0001822500 3 3 1 2 3 3 1 2 
0.0000801250 3 3 1 2 3 3 2 1 
0.0000194375 3 3 1 2 3 3 2 3 
0.0000124375 3 3 1 2 3 3 3 3 
0.0001705000 3 3 1 3 0 0 0 0 
0.0000650625 3 3 1 3 0 0 3 1 
0.0001678750 3 3 1 3 0 0 3 2 
0.0001093750 3 3 1 3 0 1 0 1 
0.0001209375 3 3 1 3 0 1 2 0 
0.0000738125 3 3 1 3 0 1 2 3 
0.0000756250 3 3 1 3 0 1 3 3 
0.0000641250 3 3 1 3 0 2 0 2 
0.0000730000 3 3 1 3 0 2 1 1 
0.0002048750 3 3 1 3 0 2 2 0 
0.0000438125 3 3 1 3 0 2 2 3 
0.0000135000 3 3 1 3 0 3 1 0 
0.0001332500 3 3 1 3 0 3 1 3 
0.0000634375 3 3 1 3 0 3 3 1 
0.0002384375 3 3 1 3 0 3 3 2 
0.0001875625 3 3 1 3 1 0 0 1 
0.0002295625 3 3 1 3 1 0 1 2 
0.0001465000 3 3 1 3 1 0 2 3 
0.0000525000 3 3 1 3 1 1 0 0 
0.0001988125 3 3 1 3 1 1 0 3 
0.0002021250 3 3 1 3 1 1 1 3 
0.0000014375 3 3 1 3 1 1 2 2 
0.0000538125 3 3 1 3 1 1 3 1 
0.0002360625 3 3 1 3 1 1 3 2 
0.0001423750 3 3 1 3 1 2 2 2 
0.0000806250 3 3 1 3 1 2 3 1 
0.0000801875 3 3 1 3 1 3 0 2 
0.0001218750 3 3 1 3 1 3 1 1 
0.0002394375 3 3 1 3 1 3 2 0 
0.0000976250 3 3 1 3 1 3 3 0 
0.0000475625 3 3 1 3 2 0 0 1 
0.0002013125 3 3 1 3 2 0 0 2 
0.0001494375 3 3 1 3 2 0 1 1 
0.0000863125 3 3 1 3 2 0 1 2 
0.0001346875 3 3 1 3 2 0 2 0 
0.0002105000 3 3 1 3 2 0 3 0 
0.0000746250 3 3 1 3 2 0 3 3 
0.0002182500 3 3 1 3 2 1 0 3 
0.0000105625 3 3 1 3 2 1 1 0 
0.0001639375 3 3 1 3 2 1 2 2 
0.0000841250 3 3 1 3 2 1 3 1 
0.0001109375 3 3 1 3 2 1 3 2 
0.0000464375 3 3 1 3 2 2 1 0 
0.0000200625 3 3 1 3 2 2 1 3 
0.0001141250 3 3 1 3 2 2 3 2 
0.0002342500 3 3 1 3 2 3 0 1 
0.0002136875 3 3 1 3 2 3 1 1 
0.0000854375 3 3 1 3 2 3 1 2 
0.0000026250 3 3 1 3 2 3 2 3 
0.0000666250 3 3 1 3 3 0 0 0 
0.0001455000 3 3 1 3 3 0 0 3 
0.0001237500 3 3 1 3 3 0 1 0 
0.0000299375 3 3 1 3 3 0 2 2 
0.0001177500 3 3 1 3 3 0 3 2 
0.0001465625 3 3 1 3 3 1 0 1 
0.0002325000 3 3 1 3 3 1 0 2 
0.0000395625 3 3 1 3 3 1 1 1 
0.0001530000 3 3 1 3 3 1 1 2 
0.0000911250 3 3 1 3 3 1 2 0 
0.0000641250 3 3 1 3 3 1 3 0 
0.0002395000 3 3 1 3 3 1 3 3 
0.0000938750 3 3 1 3 3 2 0 2 
0.0001433750 3 3 1 3 3 2 2 3 
0.0001822500 3 3 1 3 3 3 1 3 
0.0001520625 3 3 1 3 3 3 2 1 
0.0000650625 3 3 2 0 0 0 0 2 
0.0001676875 3 3 2 0 0 1 1 2 
0.0000923750 3 3 2 0 0 1 3 1 
0.0001093750 3 3 2 0 0 1 3 2 
0.0000358750 3 3 2 0 0 2 3 3 
0.0000634375 3 3 2 0 0 3 0 2 
0.0001332500 3 3 2 0 0 3 2 0 
0.0002014375 3 3 2 0 0 3 2 1 
0.0000135000 3 3 2 0 0 3 2 3 
0.0000548750 3 3 2 0 1 0 1 2 
0.0001999375 3 3 2 0 1 0 1 3 
0.0002018125 3 3 2 0 1 0 3 0 
0.0002289375 3 3 2 0 1 0 3 1 
0.0001875625 3 3 2 0 1 0 3 2 
0.0000538125 3 3 2 0 1 1 0 2 
0.0002021250 3 3 2 0 1 1 2 0 
0.0001603750 3 3 2 0 1 1 2 1 
0.0001669375 3 3 2 0 1 1 2 2 
0.0001933750 3 3 2 0 1 2 0 0 
0.0000089375 3 3 2 0 1 2 0 1 
0.0000806250 3 3 2 0 1 2 0 2 
0.0000443125 3 3 2 0 1 2 2 1 
0.0000321875 3 3 2 0 1 3 1 0 
0.0002176250 3 3 2 0 1 3 1 1 
0.0000210625 3 3 2 0 1 3 1 2 
0.0001568750 3 3 2 0 1 3 3 3 
0.0002388125 3 3 2 0 2 0 1 0 
0.0000020000 3 3 2 0 2 0 1 1 
0.0000415000 3 3 2 0 2 0 1 2 
0.0001655625 3 3 2 0 2 0 3 0 
0.0000475625 3 3 2 0 2 0 3 2 
0.0002290625 3 3 2 0 2 0 3 3 
0.0000841250 3 3 2 0 2 1 0 2 
0.0000661250 3 3 2 0 2 1 2 1 
0.0000105625 3 3 2 0 2 1 2 3 
0.0000303125 3 3 2 0 2 2 0 0 
0.0000200625 3 3 2 0 2 2 2 0 
0.0002239375 3 3 2 0 2 2 2 2 
0.0000464375 3 3 2 0 2 2 2 3 
0.0000171250 3 3 2 0 2 3 1 1 
0.0000718750 3 3 2 0 2 3 1 3 
0.0001088125 3 3 2 0 2 3 3 0 
0.0002010625 3 3 2 0 2 3 3 1 
0.0002342500 3 3 2 0 2 3 3 2 
0.0001093125 3 3 2 0 2 3 3 3 
0.0000170000 3 3 2 0 3 0 0 3 
0.0001998125 3 3 2 0 3 0 2 2 
0.0001237500 3 3 2 0 3 0 2 3 
0.0000941875 3 3 2 0 3 1 1 0 
0.0000240000 3 3 2 0 3 1 1 1 
0.0002126875 3 3 2 0 3 1 1 2 
0.0001465625 3 3 2 0 3 1 3 2 
0.0001319375 3 3 2 0 3 1 3 3 
0.0000563125 3 3 2 0 3 2 1 2 
0.0000308125 3 3 2 0 3 2 1 3 
0.0001326250 3 3 2 0 3 2 3 0 
0.0001491250 3 3 2 0 3 3 0 0 
0.0000124375 3 3 2 0 3 3 0 1 
0.0001302500 3 3 2 0 3 3 0 3 
0.0001822500 3 3 2 0 3 3 2 0 
0.0000637500 3 3 2 0 3 3 2 2 
0.0001208750 3 3 2 1 0 1 0 2 
0.0001008750 3 3 2 1 0 1 2 3 
0.0000923750 3 3 2 1 0 1 3 0 
0.0002018125 3 3 2 1 0 2 0 2 
0.0001574375 3 3 2 1 0 3 1 2 
0.0002014375 3 3 2 1 0 3 2 0 
0.0001332500 3 3 2 1 0 3 2 1 
0.0002091250 3 3 2 1 0 3 3 2 
0.0002287500 3 3 2 1 1 0 0 2 
0.0001250000 3 3 2 1 1 0 2 3 
0.0002289375 3 3 2 1 1 0 3 0 
0.0002018125 3 3 2 1 1 0 3 1 
0.0002154375 3 3 2 1 1 1 1 2 
0.0001603750 3 3 2 1 1 1 2 0 
0.0002021250 3 3 2 1 1 1 2 1 
0.0000089375 3 3 2 1 1 2 0 0 
0.0001933750 3 3 2 1 1 2 0 1 
0.0000443125 3 3 2 1 1 2 2 0 
0.0000235625 3 3 2 1 1 2 3 2 
0.0001531875 3 3 2 1 1 2 3 3 
0.0002176250 3 3 2 1 1 3 1 0 
0.0000321875 3 3 2 1 1 3 1 1 
0.0001496875 3 3 2 1 1 3 2 2 
0.0000020000 3 3 2 1 2 0 1 0 
0.0002388125 3 3 2 1 2 0 1 1 
0.0001655625 3 3 2 1 2 0 3 1 
0.0000661250 3 3 2 1 2 1 2 0 
0.0000527500 3 3 2 1 2 1 3 2 
0.0000303125 3 3 2 1 2 2 0 1 
0.0000200625 3 3 2 1 2 2 2 1 
0.0000566250 3 3 2 1 2 2 3 2 
0.0000356875 3 3 2 1 2 2 3 3 
0.0001650625 3 3 2 1 2 3 0 2 
0.0001898750 3 3 2 1 2 3 0 3 
0.0000171250 3 3 2 1 2 3 1 0 
0.0002010625 3 3 2 1 2 3 3 0 
0.0001088125 3 3 2 1 2 3 3 1 
0.0000193750 3 3 2 1 3 0 3 3 
0.0002218750 3 3 2 1 3 1 0 3 
0.0000240000 3 3 2 1 3 1 1 0 
0.0000941875 3 3 2 1 3 1 1 1 
0.0002124375 3 3 2 1 3 2 0 2 
0.0002170625 3 3 2 1 3 2 2 2 
0.0001568125 3 3 2 1 3 2 2 3 
0.0001326250 3 3 2 1 3 2 3 1 
0.0000124375 3 3 2 1 3 3 0 0 
0.0001491250 3 3 2 1 3 3 0 1 
0.0000801250 3 3 2 1 3 3 1 2 
0.0001520625 3 3 2 1 3 3 1 3 
0.0001822500 3 3 2 1 3 3 2 1 
0.0001043125 3 3 2 1 3 3 3 2 
0.0001366250 3 3 2 1 3 3 3 3 
0.0000650625 3 3 2 2 0 0 0 0 
0.0000728125 3 3 2 2 0 0 1 1 
0.0001705000 3 3 2 2 0 0 3 1 
0.0002313750 3 3 2 2 0 0 3 3 
0.0000316875 3 3 2 2 0 1 0 3 
0.0001676875 3 3 2 2 0 1 1 0 
0.0001768750 3 3 2 2 0 1 2 1 
0.0000568750 3 3 2 2 0 1 2 3 
0.0001093750 3 3 2 2 0 1 3 0 
0.0000768750 3 3 2 2 0 2 2 1 
0.0000151875 3 3 2 2 0 2 2 3 
0.0000634375 3 3 2 2 0 3 0 0 
0.0001332500 3 3 2 2 0 3 2 2 
0.0001052500 3 3 2 2 0 3 3 3 
0.0001405625 3 3 2 2 1 0 0 3 
0.0000548750 3 3 2 2 1 0 1 0 
0.0001830000 3 3 2 2 1 0 2 1 
0.0001875625 3 3 2 2 1 0 3 0 
0.0002018125 3 3 2 2 1 0 3 2 
0.0000538125 3 3 2 2 1 1 0 0 
0.0000014375 3 3 2 2 1 1 1 3 
0.0001669375 3 3 2 2 1 1 2 0 
0.0002021250 3 3 2 2 1 1 2 2 
0.0000525000 3 3 2 2 1 1 3 1 
0.0002200000 3 3 2 2 1 1 3 3 
0.0000806250 3 3 2 2 1 2 0 0 
0.0001933750 3 3 2 2 1 2 0 2 
0.0000656250 3 3 2 2 1 2 1 1 
0.0001423750 3 3 2 2 1 2 1 3 
0.0000976250 3 3 2 2 1 3 0 1 
0.0000035000 3 3 2 2 1 3 0 3 
0.0000210625 3 3 2 2 1 3 1 0 
0.0000321875 3 3 2 2 1 3 1 2 
0.0001616250 3 3 2 2 1 3 2 3 
0.0002105000 3 3 2 2 2 0 0 1 
0.0000415000 3 3 2 2 2 0 1 0 
0.0002388125 3 3 2 2 2 0 1 2 
0.0002187500 3 3 2 2 2 0 2 1 
0.0000475625 3 3 2 2 2 0 3 0 
0.0001655625 3 3 2 2 2 0 3 2 
0.0000841250 3 3 2 2 2 1 0 0 
0.0001855000 3 3 2 2 2 1 1 1 
0.0001639375 3 3 2 2 2 1 1 3 
0.0001936875 3 3 2 2 2 1 3 3 
0.0000303125 3 3 2 2 2 2 0 2 
0.0001753750 3 3 2 2 2 2 1 1 
0.0002239375 3 3 2 2 2 2 2 0 
0.0000200625 3 3 2 2 2 2 2 2 
0.0000362500 3 3 2 2 2 3 2 1 
0.0002342500 3 3 2 2 2 3 3 0 
0.0001088125 3 3 2 2 2 3 3 2 
0.0000733750 3 3 2 2 3 0 1 1 
0.0000299375 3 3 2 2 3 0 1 3 
0.0001998125 3 3 2 2 3 0 2 0 
0.0000666250 3 3 2 2 3 0 3 1 
0.0000641250 3 3 2 2 3 1 0 1 
0.0000193750 3 3 2 2 3 1 0 3 
0.0002126875 3 3 2 2 3 1 1 0 
0.0000941875 3 3 2 2 3 1 1 2 
0.0000752500 3 3 2 2 3 1 2 1 
0.0001465625 3 3 2 2 3 1 3 0 
0.0000563125 3 3 2 2 3 2 1 0 
0.0002392500 3 3 2 2 3 2 2 3 
0.0001326250 3 3 2 2 3 2 3 2 
0.0001491250 3 3 2 2 3 3 0 2 
0.0000637500 3 3 2 2 3 3 2 0 
0.0001822500 3 3 2 2 3 3 2 2 
0.0001128750 3 3 2 3 0 0 1 1 
0.0000257500 3 3 2 3 0 0 1 2 
0.0000190625 3 3 2 3 0 0 3 1 
0.0001877500 3 3 2 3 0 1 0 1 
0.0000059375 3 3 2 3 0 2 0 1 
0.0001956250 3 3 2 3 0 2 0 2 
0.0000730000 3 3 2 3 0 2 2 1 
0.0000358750 3 3 2 3 0 2 3 0 
0.0001862500 3 3 2 3 0 3 1 1 
0.0002147500 3 3 2 3 0 3 1 2 
0.0000135000 3 3 2 3 0 3 2 0 
0.0001332500 3 3 2 3 0 3 2 3 
0.0000728125 3 3 2 3 0 3 3 1 
0.0001271875 3 3 2 3 1 0 0 1 
0.0001999375 3 3 2 3 1 0 1 0 
0.0002295625 3 3 2 3 1 0 2 2 
0.0002018125 3 3 2 3 1 0 3 3 
0.0001878125 3 3 2 3 1 1 1 1 
0.0002021250 3 3 2 3 1 1 2 3 
0.0001890000 3 3 2 3 1 1 3 1 
0.0001933750 3 3 2 3 1 2 0 3 
0.0001385000 3 3 2 3 1 2 1 1 
0.0002308750 3 3 2 3 1 2 3 2 
0.0001772500 3 3 2 3 1 3 0 1 
0.0000321875 3 3 2 3 1 3 1 3 
0.0001218750 3 3 2 3 1 3 2 1 
0.0001568750 3 3 2 3 1 3 3 0 
0.0000754375 3 3 2 3 2 0 0 1 
0.0001510625 3 3 2 3 2 0 0 2 
0.0002388125 3 3 2 3 2 0 1 3 
0.0001494375 3 3 2 3 2 0 2 1 
0.0000863125 3 3 2 3 2 0 2 2 
0.0002290625 3 3 2 3 2 0 3 0 
0.0001655625 3 3 2 3 2 0 3 3 
0.0000688750 3 3 2 3 2 1 1 1 
0.0000105625 3 3 2 3 2 1 2 0 
0.0002415625 3 3 2 3 2 1 3 1 
0.0000303125 3 3 2 3 2 2 0 3 
0.0000420000 3 3 2 3 2 2 1 1 
0.0002101250 3 3 2 3 2 2 1 2 
0.0000464375 3 3 2 3 2 2 2 0 
0.0000200625 3 3 2 3 2 2 2 3 
0.0000081875 3 3 2 3 2 2 3 2 
0.0002349375 3 3 2 3 2 3 0 2 
0.0000718750 3 3 2 3 2 3 1 0 
0.0002136875 3 3 2 3 2 3 2 1 
0.0000854375 3 3 2 3 2 3 2 2 
0.0001093125 3 3 2 3 2 3 3 0 
0.0001088125 3 3 2 3 2 3 3 3 
0.0000170000 3 3 2 3 3 0 0 0 
0.0001675000 3 3 2 3 3 0 1 1 
0.0001237500 3 3 2 3 3 0 2 0 
0.0001278750 3 3 2 3 3 0 3 2 
0.0000941875 3 3 2 3 3 1 1 3 
0.0000395625 3 3 2 3 3 1 2 1 
0.0001530000 3 3 2 3 3 1 2 2 
0.0001319375 3 3 2 3 3 1 3 0 
0.0001551875 3 3 2 3 3 2 0 1 
0.0000828125 3 3 2 3 3 2 0 2 
0.0000308125 3 3 2 3 3 2 1 0 
0.0001326250 3 3 2 3 3 2 3 3 
0.0001302500 3 3 2 3 3 3 0 0 
0.0001491250 3 3 2 3 3 3 0 3 
0.0000194375 3 3 2 3 3 3 1 2 
0.0001822500 3 3 2 3 3 3 2 3 
0.0001372500 3 3 2 3 3 3 3 2 
0.0001128750 3 3 3 0 0 0 0 2 
0.0000316875 3 3 3 0 0 1 1 1 
0.0001877500 3 3 3 0 0 1 1 2 
0.0001208750 3 3 3 0 0 1 1 3 
0.0001111875 3 3 3 0 0 1 2 0 
0.0001899375 3 3 3 0 0 1 2 3 
0.0001466875 3 3 3 0 0 2 1 0 
0.0000059375 3 3 3 0 0 2 1 2 
0.0002018125 3 3 3 0 0 2 1 3 
0.0000780000 3 3 3 0 0 2 2 0 
0.0000641250 3 3 3 0 0 2 2 1 
0.0002338750 3 3 3 0 0 2 2 2 
0.0001862500 3 3 3 0 0 3 0 2 
0.0001574375 3 3 3 0 0 3 0 3 
0.0001332500 3 3 3 0 0 3 3 0 
0.0002014375 3 3 3 0 0 3 3 1 
0.0000135000 3 3 3 0 0 3 3 3 
0.0000232500 3 3 3 0 1 0 1 0 
0.0001405625 3 3 3 0 1 0 1 1 
0.0001271875 3 3 3 0 1 0 1 2 
0.0002287500 3 3 3 0 1 0 1 3 
0.0002042500 3 3 3 0 1 0 2 3 
0.0001456875 3 3 3 0 1 1 0 0 
0.0000014375 3 3 3 0 1 1 0 1 
0.0001878125 3 3 3 0 1 1 0 2 
0.0002154375 3 3 3 0 1 1 0 3 
0.0002021250 3 3 3 0 1 1 3 0 
0.0001603750 3 3 3 0 1 1 3 1 
0.0001669375 3 3 3 0 1 1 3 2 
0.0001423750 3 3 3 0 1 2 0 1 
0.0001385000 3 3 3 0 1 2 0 2 
0.0000443125 3 3 3 0 1 2 3 1 
0.0000193125 3 3 3 0 1 3 1 0 
0.0000035000 3 3 3 0 1 3 1 1 
0.0001772500 3 3 3 0 1 3 1 2 
0.0001794375 3 3 3 0 1 3 2 0 
0.0000801875 3 3 3 0 1 3 2 1 
0.0002233750 3 3 3 0 1 3 2 2 
0.0000754375 3 3 3 0 2 0 1 2 
0.0002013125 3 3 3 0 2 0 2 1 
0.0001998750 3 3 3 0 2 1 0 0 
0.0001639375 3 3 3 0 2 1 0 1 
0.0000688750 3 3 3 0 2 1 0 2 
0.0000661250 3 3 3 0 2 1 3 1 
0.0000105625 3 3 3 0 2 1 3 3 
0.0001456250 3 3 3 0 2 2 0 0 
0.0000420000 3 3 3 0 2 2 0 2 
0.0000200625 3 3 3 0 2 2 3 0 
0.0002239375 3 3 3 0 2 2 3 2 
0.0000464375 3 3 3 0 2 2 3 3 
0.0000835000 3 3 3 0 2 3 1 0 
0.0001650625 3 3 3 0 2 3 1 3 
0.0000436250 3 3 3 0 3 0 0 0 
0.0000299375 3 3 3 0 3 0 0 1 
0.0001675000 3 3 3 0 3 0 0 2 
0.0001998125 3 3 3 0 3 0 3 2 
0.0001237500 3 3 3 0 3 0 3 3 
0.0000193750 3 3 3 0 3 1 1 1 
0.0002292500 3 3 3 0 3 1 2 0 
0.0002325000 3 3 3 0 3 1 2 1 
0.0001756250 3 3 3 0 3 2 1 0 
0.0001551875 3 3 3 0 3 2 1 2 
0.0002124375 3 3 3 0 3 2 1 3 
0.0000938750 3 3 3 0 3 2 2 1 
0.0000870625 3 3 3 0 3 2 2 2 
0.0000081250 3 3 3 0 3 2 2 3 
0.0000354375 3 3 3 0 3 3 0 0 
0.0000801250 3 3 3 0 3 3 0 3 
0.0001822500 3 3 3 0 3 3 3 0 
0.0000637500 3 3 3 0 3 3 3 2 
0.0001140000 3 3 3 1 0 0 1 2 
0.0000650625 3 3 3 1 0 0 1 3 
0.0001705000 3 3 3 1 0 0 2 2 
0.0000190625 3 3 3 1 0 0 2 3 
0.0001209375 3 3 3 1 0 1 0 2 
0.0001676875 3 3 3 1 0 1 0 3 
0.0000316875 3 3 3 1 0 1 1 0 
0.0001111875 3 3 3 1 0 1 2 1 
0.0001008750 3 3 3 1 0 1 3 3 
0.0002048750 3 3 3 1 0 2 0 2 
0.0001466875 3 3 3 1 0 2 1 1 
0.0000641250 3 3 3 1 0 2 2 0 
0.0000780000 3 3 3 1 0 2 2 1 
0.0000458750 3 3 3 1 0 3 1 2 
0.0000634375 3 3 3 1 0 3 1 3 
0.0000728125 3 3 3 1 0 3 2 3 
0.0002014375 3 3 3 1 0 3 3 0 
0.0001332500 3 3 3 1 0 3 3 1 
0.0000548750 3 3 3 1 1 0 0 3 
0.0001405625 3 3 3 1 1 0 1 0 
0.0000232500 3 3 3 1 1 0 1 1 
0.0001250000 3 3 3 1 1 0 3 3 
0.0000014375 3 3 3 1 1 1 0 0 
0.0001456875 3 3 3 1 1 1 0 1 
0.0001423125 3 3 3 1 1 1 1 2 
0.0000538125 3 3 3 1 1 1 1 3 
0.0000525000 3 3 3 1 1 1 2 2 
0.0001890000 3 3 3 1 1 1 2 3 
0.0001603750 3 3 3 1 1 1 3 0 
0.0002021250 3 3 3 1 1 1 3 1 
0.0001423750 3 3 3 1 1 2 0 0 
0.0001729375 3 3 3 1 1 2 1 2 
0.0000806250 3 3 3 1 1 2 1 3 
0.0000443125 3 3 3 1 1 2 3 0 
0.0002394375 3 3 3 1 1 3 0 2 
0.0000210625 3 3 3 1 1 3 0 3 
0.0000035000 3 3 3 1 1 3 1 0 
0.0000193125 3 3 3 1 1 3 1 1 
0.0000801875 3 3 3 1 1 3 2 0 
0.0001794375 3 3 3 1 1 3 2 1 
0.0001496875 3 3 3 1 1 3 3 2 
0.0001346875 3 3 3 1 2 0 0 2 
0.0000415000 3 3 3 1 2 0 0 3 
0.0002013125 3 3 3 1 2 0 2 0 
0.0001639375 3 3 3 1 2 1 0 0 
0.0001998750 3 3 3 1 2 1 0 1 
0.0002188750 3 3 3 1 2 1 1 2 
0.0000841250 3 3 3 1 2 1 1 3 
0.0002415625 3 3 3 1 2 1 2 3 
0.0000661250 3 3 3 1 2 1 3 0 
0.0001456250 3 3 3 1 2 2 0 1 
0.0001235000 3 3 3 1 2 2 1 2 
0.0000200625 3 3 3 1 2 2 3 1 
0.0000835000 3 3 3 1 2 3 1 1 
0.0000299375 3 3 3 1 3 0 0 0 
0.0000436250 3 3 3 1 3 0 0 1 
0.0000666250 3 3 3 1 3 0 2 2 
0.0000911250 3 3 3 1 3 1 0 2 
0.0002126875 3 3 3 1 3 1 0 3 
0.0000193750 3 3 3 1 3 1 1 0 
0.0002325000 3 3 3 1 3 1 2 0 
0.0002292500 3 3 3 1 3 1 2 1 
0.0000563125 3 3 3 1 3 2 0 3 
0.0001756250 3 3 3 1 3 2 1 1 
0.0000938750 3 3 3 1 3 2 2 0 
0.0002170625 3 3 3 1 3 2 3 2 
0.0001568125 3 3 3 1 3 2 3 3 
0.0000354375 3 3 3 1 3 3 0 1 
0.0001822500 3 3 3 1 3 3 3 1 
0.0001128750 3 3 3 2 0 0 0 0 
0.0001678750 3 3 3 2 0 0 1 3 
0.0001919375 3 3 3 2 0 1 0 3 
0.0001877500 3 3 3 2 0 1 1 0 
0.0001111875 3 3 3 2 0 1 2 2 
0.0001768750 3 3 3 2 0 1 3 1 
0.0000568750 3 3 3 2 0 1 3 3 
0.0001128125 3 3 3 2 0 2 0 3 
0.0000059375 3 3 3 2 0 2 1 0 
0.0001466875 3 3 3 2 0 2 1 2 
0.0002338750 3 3 3 2 0 2 2 0 
0.0000780000 3 3 3 2 0 2 2 2 
0.0000768750 3 3 3 2 0 2 3 1 
0.0000151875 3 3 3 2 0 2 3 3 
0.0001862500 3 3 3 2 0 3 0 0 
0.0002384375 3 3 3 2 0 3 1 3 
0.0002091250 3 3 3 2 0 3 2 1 
0.0001332500 3 3 3 2 0 3 3 2 
0.0001999375 3 3 3 2 1 0 0 1 
0.0001363125 3 3 3 2 1 0 0 3 
0.0001271875 3 3 3 2 1 0 1 0 
0.0000232500 3 3 3 2 1 0 1 2 
0.0001830000 3 3 3 2 1 0 3 1 
0.0001878125 3 3 3 2 1 1 0 0 
0.0001456875 3 3 3 2 1 1 0 2 
0.0002360625 3 3 3 2 1 1 1 3 
0.0001669375 3 3 3 2 1 1 3 0 
0.0002021250 3 3 3 2 1 1 3 2 
0.0001385000 3 3 3 2 1 2 0 0 
0.0000235625 3 3 3 2 1 2 2 1 
0.0002308750 3 3 3 2 1 2 2 3 
0.0001772500 3 3 3 2 1 3 1 0 
0.0000193125 3 3 3 2 1 3 1 2 
0.0002233750 3 3 3 2 1 3 2 0 
0.0001794375 3 3 3 2 1 3 2 2 
0.0001616250 3 3 3 2 1 3 3 3 
0.0000754375 3 3 3 2 2 0 1 0 
0.0002187500 3 3 3 2 2 0 3 1 
0.0000688750 3 3 3 2 2 1 0 0 
0.0001998750 3 3 3 2 2 1 0 2 
0.0001109375 3 3 3 2 2 1 1 3 
0.0000527500 3 3 3 2 2 1 2 1 
0.0000420000 3 3 3 2 2 2 0 0 
0.0001456250 3 3 3 2 2 2 0 2 
0.0001141250 3 3 3 2 2 2 1 3 
0.0000566250 3 3 3 2 2 2 2 1 
0.0000081875 3 3 3 2 2 2 2 3 
0.0002239375 3 3 3 2 2 2 3 0 
0.0000200625 3 3 3 2 2 2 3 2 
0.0000718750 3 3 3 2 2 3 0 1 
0.0000835000 3 3 3 2 2 3 1 2 
0.0000362500 3 3 3 2 2 3 3 1 
0.0001675000 3 3 3 2 3 0 0 0 
0.0000436250 3 3 3 2 3 0 0 2 
0.0000170000 3 3 3 2 3 0 1 1 
0.0001177500 3 3 3 2 3 0 1 3 
0.0001278750 3 3 3 2 3 0 2 3 
0.0001998125 3 3 3 2 3 0 3 0 
0.0002292500 3 3 3 2 3 1 2 2 
0.0000752500 3 3 3 2 3 1 3 1 
0.0000308125 3 3 3 2 3 2 0 1 
0.0002411875 3 3 3 2 3 2 0 3 
0.0001551875 3 3 3 2 3 2 1 0 
0.0001756250 3 3 3 2 3 2 1 2 
0.0000870625 3 3 3 2 3 2 2 0 
0.0002392500 3 3 3 2 3 2 3 3 
0.0000354375 3 3 3 2 3 3 0 2 
0.0001302500 3 3 3 2 3 3 1 1 
0.0001043125 3 3 3 2 3 3 2 1 
0.0001372500 3 3 3 2 3 3 2 3 
0.0000637500 3 3 3 2 3 3 3 0 
0.0001822500 3 3 3 2 3 3 3 2 
0.0002313750 3 3 3 3 0 0 2 2 
0.0001208750 3 3 3 3 0 1 1 0 
0.0001899375 3 3 3 3 0 1 2 0 
0.0001111875 3 3 3 3 0 1 2 3 
0.0000781875 3 3 3 3 0 2 0 1 
0.0002018125 3 3 3 3 0 2 1 0 
0.0001466875 3 3 3 3 0 2 1 3 
0.0000780000 3 3 3 3 0 2 2 3 
0.0000730000 3 3 3 3 0 2 3 1 
0.0001574375 3 3 3 3 0 3 0 0 
0.0001052500 3 3 3 3 0 3 2 2 
0.0000135000 3 3 3 3 0 3 3 0 
0.0001332500 3 3 3 3 0 3 3 3 
0.0002287500 3 3 3 3 1 0 1 0 
0.0000232500 3 3 3 3 1 0 1 3 
0.0002042500 3 3 3 3 1 0 2 0 
0.0002295625 3 3 3 3 1 0 3 2 
0.0002154375 3 3 3 3 1 1 0 0 
0.0001456875 3 3 3 3 1 1 0 3 
0.0002200000 3 3 3 3 1 1 2 2 
0.0002021250 3 3 3 3 1 1 3 3 
0.0000089375 3 3 3 3 1 2 1 2 
0.0001531875 3 3 3 3 1 2 2 1 
0.0002176250 3 3 3 3 1 3 0 2 
0.0000193125 3 3 3 3 1 3 1 3 
0.0001794375 3 3 3 3 1 3 2 3 
0.0001218750 3 3 3 3 1 3 3 1 
0.0000020000 3 3 3 3 2 0 0 2 
0.0001494375 3 3 3 3 2 0 3 1 
0.0000863125 3 3 3 3 2 0 3 2 
0.0001998750 3 3 3 3 2 1 0 3 
0.0001936875 3 3 3 3 2 1 2 2 
0.0000105625 3 3 3 3 2 1 3 0 
0.0001456250 3 3 3 3 2 2 0 3 
0.0000338125 3 3 3 3 2 2 1 1 
0.0000356875 3 3 3 3 2 2 2 1 
0.0000464375 3 3 3 3 2 2 3 0 
0.0000200625 3 3 3 3 2 2 3 3 
0.0001411875 3 3 3 3 2 3 0 1 
0.0000171250 3 3 3 3 2 3 0 2 
0.0001650625 3 3 3 3 2 3 1 0 
0.0000835000 3 3 3 3 2 3 1 3 
0.0002136875 3 3 3 3 2 3 3 1 
0.0000854375 3 3 3 3 2 3 3 2 
0.0000436250 3 3 3 3 3 0 0 3 
0.0001168125 3 3 3 3 3 0 1 1 
0.0000193750 3 3 3 3 3 0 2 1 
0.0001237500 3 3 3 3 3 0 3 0 
0.0000240000 3 3 3 3 3 1 0 2 
0.0002292500 3 3 3 3 3 1 2 3 
0.0000395625 3 3 3 3 3 1 3 1 
0.0001530000 3 3 3 3 3 1 3 2 
0.0002124375 3 3 3 3 3 2 1 0 
0.0001756250 3 3 3 3 3 2 1 3 
0.0000081250 3 3 3 3 3 2 2 0 
0.0000801250 3 3 3 3 3 3 0 0 
0.0000354375 3 3 3 3 3 3 0 3 
0.0000955000 3 3 3 3 3 3 1 1 
0.0000124375 3 3 3 3 3 3 1 2 
0.0001366250 3 3 3 3 3 3 2 1 
0.0001822500 3 3 3 3 3 3 3 3 
