nohup: ignoring input
[0.4, 0.5, 0.6, 0.7, 0.8, 0.9, 1.0, 1.1, 1.2, 1.3, 1.6, 1.9, 2.2, 2.5, 2.8, 3.1, 3.4]

Starting parallel processing with joblib...
[Parallel(n_jobs=-1)]: Using backend LokyBackend with 40 concurrent workers.
/home/u2600410/H2/VQE_H2_sto3g.py:1681: DeprecationWarning: Estimator has been deprecated as of Aer 0.15, please use EstimatorV2 instead.
  _, noisy_estimator = build_noisy_estimator(prob_1=prob_1, prob_2=prob_2, shots_num=shots_num)
/home/u2600410/H2/VQE_H2_sto3g.py:1681: DeprecationWarning: Estimator has been deprecated as of Aer 0.15, please use EstimatorV2 instead.
  _, noisy_estimator = build_noisy_estimator(prob_1=prob_1, prob_2=prob_2, shots_num=shots_num)
/home/u2600410/H2/VQE_H2_sto3g.py:1681: DeprecationWarning: Estimator has been deprecated as of Aer 0.15, please use EstimatorV2 instead.
  _, noisy_estimator = build_noisy_estimator(prob_1=prob_1, prob_2=prob_2, shots_num=shots_num)
/home/u2600410/H2/VQE_H2_sto3g.py:1681: DeprecationWarning: Estimator has been deprecated as of Aer 0.15, please use EstimatorV2 instead.
  _, noisy_estimator = build_noisy_estimator(prob_1=prob_1, prob_2=prob_2, shots_num=shots_num)
/home/u2600410/H2/VQE_H2_sto3g.py:1681: DeprecationWarning: Estimator has been deprecated as of Aer 0.15, please use EstimatorV2 instead.
  _, noisy_estimator = build_noisy_estimator(prob_1=prob_1, prob_2=prob_2, shots_num=shots_num)
/home/u2600410/H2/VQE_H2_sto3g.py:1681: DeprecationWarning: Estimator has been deprecated as of Aer 0.15, please use EstimatorV2 instead.
  _, noisy_estimator = build_noisy_estimator(prob_1=prob_1, prob_2=prob_2, shots_num=shots_num)
/home/u2600410/H2/VQE_H2_sto3g.py:1681: DeprecationWarning: Option approximation=False is deprecated as of qiskit-aer 0.13. It will be removed no earlier than 3 months after the release date. Instead, use BackendEstimator from qiskit.primitives.
  _, noisy_estimator = build_noisy_estimator(prob_1=prob_1, prob_2=prob_2, shots_num=shots_num)
/home/u2600410/H2/VQE_H2_sto3g.py:1681: DeprecationWarning: Option approximation=False is deprecated as of qiskit-aer 0.13. It will be removed no earlier than 3 months after the release date. Instead, use BackendEstimator from qiskit.primitives.
  _, noisy_estimator = build_noisy_estimator(prob_1=prob_1, prob_2=prob_2, shots_num=shots_num)
/home/u2600410/H2/VQE_H2_sto3g.py:1681: DeprecationWarning: Option approximation=False is deprecated as of qiskit-aer 0.13. It will be removed no earlier than 3 months after the release date. Instead, use BackendEstimator from qiskit.primitives.
  _, noisy_estimator = build_noisy_estimator(prob_1=prob_1, prob_2=prob_2, shots_num=shots_num)
/home/u2600410/H2/VQE_H2_sto3g.py:1681: DeprecationWarning: Option approximation=False is deprecated as of qiskit-aer 0.13. It will be removed no earlier than 3 months after the release date. Instead, use BackendEstimator from qiskit.primitives.
  _, noisy_estimator = build_noisy_estimator(prob_1=prob_1, prob_2=prob_2, shots_num=shots_num)
/home/u2600410/H2/VQE_H2_sto3g.py:1681: DeprecationWarning: Option approximation=False is deprecated as of qiskit-aer 0.13. It will be removed no earlier than 3 months after the release date. Instead, use BackendEstimator from qiskit.primitives.
  _, noisy_estimator = build_noisy_estimator(prob_1=prob_1, prob_2=prob_2, shots_num=shots_num)
/home/u2600410/H2/VQE_H2_sto3g.py:1681: DeprecationWarning: Option approximation=False is deprecated as of qiskit-aer 0.13. It will be removed no earlier than 3 months after the release date. Instead, use BackendEstimator from qiskit.primitives.
  _, noisy_estimator = build_noisy_estimator(prob_1=prob_1, prob_2=prob_2, shots_num=shots_num)
/home/u2600410/H2/VQE_H2_sto3g.py:1681: DeprecationWarning: Estimator has been deprecated as of Aer 0.15, please use EstimatorV2 instead.
  _, noisy_estimator = build_noisy_estimator(prob_1=prob_1, prob_2=prob_2, shots_num=shots_num)
/home/u2600410/H2/VQE_H2_sto3g.py:1681: DeprecationWarning: Option approximation=False is deprecated as of qiskit-aer 0.13. It will be removed no earlier than 3 months after the release date. Instead, use BackendEstimator from qiskit.primitives.
  _, noisy_estimator = build_noisy_estimator(prob_1=prob_1, prob_2=prob_2, shots_num=shots_num)
/home/u2600410/H2/VQE_H2_sto3g.py:1681: DeprecationWarning: Estimator has been deprecated as of Aer 0.15, please use EstimatorV2 instead.
  _, noisy_estimator = build_noisy_estimator(prob_1=prob_1, prob_2=prob_2, shots_num=shots_num)
/home/u2600410/H2/VQE_H2_sto3g.py:1681: DeprecationWarning: Option approximation=False is deprecated as of qiskit-aer 0.13. It will be removed no earlier than 3 months after the release date. Instead, use BackendEstimator from qiskit.primitives.
  _, noisy_estimator = build_noisy_estimator(prob_1=prob_1, prob_2=prob_2, shots_num=shots_num)
/home/u2600410/H2/VQE_H2_sto3g.py:1681: DeprecationWarning: Estimator has been deprecated as of Aer 0.15, please use EstimatorV2 instead.
  _, noisy_estimator = build_noisy_estimator(prob_1=prob_1, prob_2=prob_2, shots_num=shots_num)
/home/u2600410/H2/VQE_H2_sto3g.py:1681: DeprecationWarning: Option approximation=False is deprecated as of qiskit-aer 0.13. It will be removed no earlier than 3 months after the release date. Instead, use BackendEstimator from qiskit.primitives.
  _, noisy_estimator = build_noisy_estimator(prob_1=prob_1, prob_2=prob_2, shots_num=shots_num)
/home/u2600410/H2/VQE_H2_sto3g.py:1681: DeprecationWarning: Estimator has been deprecated as of Aer 0.15, please use EstimatorV2 instead.
  _, noisy_estimator = build_noisy_estimator(prob_1=prob_1, prob_2=prob_2, shots_num=shots_num)
/home/u2600410/H2/VQE_H2_sto3g.py:1681: DeprecationWarning: Option approximation=False is deprecated as of qiskit-aer 0.13. It will be removed no earlier than 3 months after the release date. Instead, use BackendEstimator from qiskit.primitives.
  _, noisy_estimator = build_noisy_estimator(prob_1=prob_1, prob_2=prob_2, shots_num=shots_num)
/home/u2600410/H2/VQE_H2_sto3g.py:1681: DeprecationWarning: Estimator has been deprecated as of Aer 0.15, please use EstimatorV2 instead.
  _, noisy_estimator = build_noisy_estimator(prob_1=prob_1, prob_2=prob_2, shots_num=shots_num)
/home/u2600410/H2/VQE_H2_sto3g.py:1681: DeprecationWarning: Option approximation=False is deprecated as of qiskit-aer 0.13. It will be removed no earlier than 3 months after the release date. Instead, use BackendEstimator from qiskit.primitives.
  _, noisy_estimator = build_noisy_estimator(prob_1=prob_1, prob_2=prob_2, shots_num=shots_num)
/home/u2600410/H2/VQE_H2_sto3g.py:1681: DeprecationWarning: Estimator has been deprecated as of Aer 0.15, please use EstimatorV2 instead.
  _, noisy_estimator = build_noisy_estimator(prob_1=prob_1, prob_2=prob_2, shots_num=shots_num)
/home/u2600410/H2/VQE_H2_sto3g.py:1681: DeprecationWarning: Option approximation=False is deprecated as of qiskit-aer 0.13. It will be removed no earlier than 3 months after the release date. Instead, use BackendEstimator from qiskit.primitives.
  _, noisy_estimator = build_noisy_estimator(prob_1=prob_1, prob_2=prob_2, shots_num=shots_num)
/home/u2600410/H2/VQE_H2_sto3g.py:1681: DeprecationWarning: Estimator has been deprecated as of Aer 0.15, please use EstimatorV2 instead.
  _, noisy_estimator = build_noisy_estimator(prob_1=prob_1, prob_2=prob_2, shots_num=shots_num)
/home/u2600410/H2/VQE_H2_sto3g.py:1681: DeprecationWarning: Option approximation=False is deprecated as of qiskit-aer 0.13. It will be removed no earlier than 3 months after the release date. Instead, use BackendEstimator from qiskit.primitives.
  _, noisy_estimator = build_noisy_estimator(prob_1=prob_1, prob_2=prob_2, shots_num=shots_num)
/home/u2600410/H2/VQE_H2_sto3g.py:1681: DeprecationWarning: Estimator has been deprecated as of Aer 0.15, please use EstimatorV2 instead.
  _, noisy_estimator = build_noisy_estimator(prob_1=prob_1, prob_2=prob_2, shots_num=shots_num)
/home/u2600410/H2/VQE_H2_sto3g.py:1681: DeprecationWarning: Option approximation=False is deprecated as of qiskit-aer 0.13. It will be removed no earlier than 3 months after the release date. Instead, use BackendEstimator from qiskit.primitives.
  _, noisy_estimator = build_noisy_estimator(prob_1=prob_1, prob_2=prob_2, shots_num=shots_num)
/home/u2600410/H2/VQE_H2_sto3g.py:1681: DeprecationWarning: Estimator has been deprecated as of Aer 0.15, please use EstimatorV2 instead.
  _, noisy_estimator = build_noisy_estimator(prob_1=prob_1, prob_2=prob_2, shots_num=shots_num)
/home/u2600410/H2/VQE_H2_sto3g.py:1681: DeprecationWarning: Option approximation=False is deprecated as of qiskit-aer 0.13. It will be removed no earlier than 3 months after the release date. Instead, use BackendEstimator from qiskit.primitives.
  _, noisy_estimator = build_noisy_estimator(prob_1=prob_1, prob_2=prob_2, shots_num=shots_num)
/home/u2600410/H2/VQE_H2_sto3g.py:1681: DeprecationWarning: Estimator has been deprecated as of Aer 0.15, please use EstimatorV2 instead.
  _, noisy_estimator = build_noisy_estimator(prob_1=prob_1, prob_2=prob_2, shots_num=shots_num)
/home/u2600410/H2/VQE_H2_sto3g.py:1681: DeprecationWarning: Option approximation=False is deprecated as of qiskit-aer 0.13. It will be removed no earlier than 3 months after the release date. Instead, use BackendEstimator from qiskit.primitives.
  _, noisy_estimator = build_noisy_estimator(prob_1=prob_1, prob_2=prob_2, shots_num=shots_num)
/home/u2600410/H2/VQE_H2_sto3g.py:524: DeprecationWarning: The class ``qiskit.primitives.estimator.Estimator`` is deprecated as of qiskit 1.2. It will be removed no earlier than 3 months after the release date. All implementations of the `BaseEstimatorV1` interface have been deprecated in favor of their V2 counterparts. The V2 alternative for the `Estimator` class is `StatevectorEstimator`.
  estimator = Estimator()
/home/u2600410/H2/VQE_H2_sto3g.py:524: DeprecationWarning: The class ``qiskit.primitives.estimator.Estimator`` is deprecated as of qiskit 1.2. It will be removed no earlier than 3 months after the release date. All implementations of the `BaseEstimatorV1` interface have been deprecated in favor of their V2 counterparts. The V2 alternative for the `Estimator` class is `StatevectorEstimator`.
  estimator = Estimator()
/home/u2600410/H2/VQE_H2_sto3g.py:524: DeprecationWarning: The class ``qiskit.primitives.estimator.Estimator`` is deprecated as of qiskit 1.2. It will be removed no earlier than 3 months after the release date. All implementations of the `BaseEstimatorV1` interface have been deprecated in favor of their V2 counterparts. The V2 alternative for the `Estimator` class is `StatevectorEstimator`.
  estimator = Estimator()
/home/u2600410/H2/VQE_H2_sto3g.py:524: DeprecationWarning: The class ``qiskit.primitives.estimator.Estimator`` is deprecated as of qiskit 1.2. It will be removed no earlier than 3 months after the release date. All implementations of the `BaseEstimatorV1` interface have been deprecated in favor of their V2 counterparts. The V2 alternative for the `Estimator` class is `StatevectorEstimator`.
  estimator = Estimator()
/home/u2600410/H2/VQE_H2_sto3g.py:524: DeprecationWarning: The class ``qiskit.primitives.estimator.Estimator`` is deprecated as of qiskit 1.2. It will be removed no earlier than 3 months after the release date. All implementations of the `BaseEstimatorV1` interface have been deprecated in favor of their V2 counterparts. The V2 alternative for the `Estimator` class is `StatevectorEstimator`.
  estimator = Estimator()
/home/u2600410/H2/VQE_H2_sto3g.py:524: DeprecationWarning: The class ``qiskit.primitives.estimator.Estimator`` is deprecated as of qiskit 1.2. It will be removed no earlier than 3 months after the release date. All implementations of the `BaseEstimatorV1` interface have been deprecated in favor of their V2 counterparts. The V2 alternative for the `Estimator` class is `StatevectorEstimator`.
  estimator = Estimator()
/home/u2600410/H2/VQE_H2_sto3g.py:524: DeprecationWarning: The class ``qiskit.primitives.estimator.Estimator`` is deprecated as of qiskit 1.2. It will be removed no earlier than 3 months after the release date. All implementations of the `BaseEstimatorV1` interface have been deprecated in favor of their V2 counterparts. The V2 alternative for the `Estimator` class is `StatevectorEstimator`.
  estimator = Estimator()
/home/u2600410/H2/VQE_H2_sto3g.py:524: DeprecationWarning: The class ``qiskit.primitives.estimator.Estimator`` is deprecated as of qiskit 1.2. It will be removed no earlier than 3 months after the release date. All implementations of the `BaseEstimatorV1` interface have been deprecated in favor of their V2 counterparts. The V2 alternative for the `Estimator` class is `StatevectorEstimator`.
  estimator = Estimator()
/home/u2600410/H2/VQE_H2_sto3g.py:524: DeprecationWarning: The class ``qiskit.primitives.estimator.Estimator`` is deprecated as of qiskit 1.2. It will be removed no earlier than 3 months after the release date. All implementations of the `BaseEstimatorV1` interface have been deprecated in favor of their V2 counterparts. The V2 alternative for the `Estimator` class is `StatevectorEstimator`.
  estimator = Estimator()
/home/u2600410/H2/VQE_H2_sto3g.py:524: DeprecationWarning: The class ``qiskit.primitives.estimator.Estimator`` is deprecated as of qiskit 1.2. It will be removed no earlier than 3 months after the release date. All implementations of the `BaseEstimatorV1` interface have been deprecated in favor of their V2 counterparts. The V2 alternative for the `Estimator` class is `StatevectorEstimator`.
  estimator = Estimator()
/home/u2600410/H2/VQE_H2_sto3g.py:524: DeprecationWarning: The class ``qiskit.primitives.estimator.Estimator`` is deprecated as of qiskit 1.2. It will be removed no earlier than 3 months after the release date. All implementations of the `BaseEstimatorV1` interface have been deprecated in favor of their V2 counterparts. The V2 alternative for the `Estimator` class is `StatevectorEstimator`.
  estimator = Estimator()
/home/u2600410/H2/VQE_H2_sto3g.py:524: DeprecationWarning: The class ``qiskit.primitives.estimator.Estimator`` is deprecated as of qiskit 1.2. It will be removed no earlier than 3 months after the release date. All implementations of the `BaseEstimatorV1` interface have been deprecated in favor of their V2 counterparts. The V2 alternative for the `Estimator` class is `StatevectorEstimator`.
  estimator = Estimator()
/home/u2600410/H2/VQE_H2_sto3g.py:524: DeprecationWarning: The class ``qiskit.primitives.estimator.Estimator`` is deprecated as of qiskit 1.2. It will be removed no earlier than 3 months after the release date. All implementations of the `BaseEstimatorV1` interface have been deprecated in favor of their V2 counterparts. The V2 alternative for the `Estimator` class is `StatevectorEstimator`.
  estimator = Estimator()
/home/u2600410/H2/VQE_H2_sto3g.py:524: DeprecationWarning: The class ``qiskit.primitives.estimator.Estimator`` is deprecated as of qiskit 1.2. It will be removed no earlier than 3 months after the release date. All implementations of the `BaseEstimatorV1` interface have been deprecated in favor of their V2 counterparts. The V2 alternative for the `Estimator` class is `StatevectorEstimator`.
  estimator = Estimator()
/home/u2600410/H2/VQE_H2_sto3g.py:524: DeprecationWarning: The class ``qiskit.primitives.estimator.Estimator`` is deprecated as of qiskit 1.2. It will be removed no earlier than 3 months after the release date. All implementations of the `BaseEstimatorV1` interface have been deprecated in favor of their V2 counterparts. The V2 alternative for the `Estimator` class is `StatevectorEstimator`.
  estimator = Estimator()
/home/u2600410/H2/VQE_H2_sto3g.py:1681: DeprecationWarning: Estimator has been deprecated as of Aer 0.15, please use EstimatorV2 instead.
  _, noisy_estimator = build_noisy_estimator(prob_1=prob_1, prob_2=prob_2, shots_num=shots_num)
/home/u2600410/H2/VQE_H2_sto3g.py:524: DeprecationWarning: The class ``qiskit.primitives.estimator.Estimator`` is deprecated as of qiskit 1.2. It will be removed no earlier than 3 months after the release date. All implementations of the `BaseEstimatorV1` interface have been deprecated in favor of their V2 counterparts. The V2 alternative for the `Estimator` class is `StatevectorEstimator`.
  estimator = Estimator()
/home/u2600410/H2/VQE_H2_sto3g.py:1681: DeprecationWarning: Option approximation=False is deprecated as of qiskit-aer 0.13. It will be removed no earlier than 3 months after the release date. Instead, use BackendEstimator from qiskit.primitives.
  _, noisy_estimator = build_noisy_estimator(prob_1=prob_1, prob_2=prob_2, shots_num=shots_num)
/home/u2600410/H2/VQE_H2_sto3g.py:524: DeprecationWarning: The class ``qiskit.primitives.estimator.Estimator`` is deprecated as of qiskit 1.2. It will be removed no earlier than 3 months after the release date. All implementations of the `BaseEstimatorV1` interface have been deprecated in favor of their V2 counterparts. The V2 alternative for the `Estimator` class is `StatevectorEstimator`.
  estimator = Estimator()
[Parallel(n_jobs=-1)]: Done   1 tasks      | elapsed:  1.2min
[Parallel(n_jobs=-1)]: Done   2 out of  17 | elapsed:  1.2min remaining:  9.1min
[Parallel(n_jobs=-1)]: Done   4 out of  17 | elapsed:  1.2min remaining:  3.9min
[Parallel(n_jobs=-1)]: Done   6 out of  17 | elapsed:  1.2min remaining:  2.2min
[Parallel(n_jobs=-1)]: Done   8 out of  17 | elapsed:  1.2min remaining:  1.4min
[Parallel(n_jobs=-1)]: Done  10 out of  17 | elapsed:  1.2min remaining:   51.7s
[Parallel(n_jobs=-1)]: Done  12 out of  17 | elapsed:  1.3min remaining:   31.3s
[Parallel(n_jobs=-1)]: Done  14 out of  17 | elapsed:  1.3min remaining:   16.7s
[Parallel(n_jobs=-1)]: Done  17 out of  17 | elapsed:  1.9min finished

--- All jobs completed! ---
Summary of results: ['Success for d=0.40', 'Success for d=0.50', 'Success for d=0.60', 'Success for d=0.70', 'Success for d=0.80', 'Success for d=0.90', 'Success for d=1.00', 'Success for d=1.10', 'Success for d=1.20', 'Success for d=1.30', 'Success for d=1.60', 'Success for d=1.90', 'Success for d=2.20', 'Success for d=2.50', 'Success for d=2.80', 'Success for d=3.10', 'Success for d=3.40']
--- [START] Processing for d = 0.5 ---
Attempting to load file: /home/u2600410/H2/H2_0.5_sto-3g.pkl
Using CPU for noisy estimator...
Number of qubits: 4
Execution time of Gene_Qiskit_VQE_hamiltonian: 0.0006976127624511719 seconds
VQE Optimal Energy: -1.05515978
{   'aux_operators_evaluated': None,
    'cost_function_evals': 50,
    'eigenvalue': -1.0551597786133624,
    'optimal_circuit': <qiskit_nature.second_q.circuit.library.ansatzes.uccsd.UCCSD object at 0x14cd774eb590>,
    'optimal_parameters': {   ParameterVectorElement(t[2]): -0.0718794567081937,
                              ParameterVectorElement(t[1]): 8.126522134979966e-06,
                              ParameterVectorElement(t[0]): -0.00011250491535877315},
    'optimal_point': array([-1.12504915e-04,  8.12652213e-06, -7.18794567e-02]),
    'optimal_value': -1.0551597786133624,
    'optimizer_evals': None,
    'optimizer_result': <qiskit_algorithms.optimizers.optimizer.OptimizerResult object at 0x14cd77786030>,
    'optimizer_time': 1.4572343826293945}
VQE Optimal Energy: -0.56979672
{   'aux_operators_evaluated': None,
    'cost_function_evals': 34,
    'eigenvalue': -0.5697967212018262,
    'optimal_circuit': <qiskit_nature.second_q.circuit.library.ansatzes.uccsd.UCCSD object at 0x14cd7542de50>,
    'optimal_parameters': {   ParameterVectorElement(t[2]): -0.0006659901097851351,
                              ParameterVectorElement(t[1]): -0.0008028342363365305,
                              ParameterVectorElement(t[0]): -0.0016016987171192387},
    'optimal_point': array([-0.0016017 , -0.00080283, -0.00066599]),
    'optimal_value': -0.5697967212018262,
    'optimizer_evals': None,
    'optimizer_result': <qiskit_algorithms.optimizers.optimizer.OptimizerResult object at 0x14cd775fb2c0>,
    'optimizer_time': 5.512048244476318}
{'IIII': 1.0, 'IIZI': 0.683, 'IIIZ': -0.8062, 'IIZZ': -0.6734, 'IZII': -0.5802, 'IZIZ': 0.564, 'XYII': 0.0148, 'YYII': -0.0028, 'XYIZ': -0.0072, 'YYIZ': 0.0038, 'XXII': 0.0102, 'YXII': -0.0028, 'XXIZ': 0.0, 'YXIZ': -0.001, 'IIXY': 0.0164, 'IZXY': -0.0048, 'IIYY': -0.0088, 'IZYY': 0.0056, 'IIXX': 0.0016, 'IZXX': 0.0028, 'IIYX': -0.0066, 'IZYX': -0.0324, 'XYXY': 0.004, 'YYXY': 0.0194, 'XYYY': 0.0062, 'YYYY': 0.0184, 'XXXY': -0.0136, 'YXXY': -0.0202, 'XXYY': -0.006, 'YXYY': -0.0024, 'XYXX': 0.0058, 'YYXX': -0.013, 'XYYX': -0.0092, 'YYYX': -0.0102, 'XXXX': 0.0032, 'YXXX': 0.0168, 'XXYX': -0.0004, 'YXYX': -0.0174, 'ZIII': 0.5874, 'ZIIZ': -0.5598, 'ZIXY': -0.0042, 'ZIYY': -0.0072, 'ZIXX': -0.0036, 'ZIYX': -0.0036, 'IZZI': -0.657, 'XYZI': 0.0018, 'YYZI': 0.003, 'XXZI': -0.0094, 'YXZI': -0.0194, 'ZIZI': 0.6638, 'ZZII': -0.8114}
Calculated 2-RDM element with Parallel after GPU Parallel 1st way, (0, 0, 0, 0) is 0.0
Calculated 2-RDM element with Parallel after GPU Parallel 1st way, (0, 0, 0, 1) is 0.0
Calculated 2-RDM element with Parallel after GPU Parallel 1st way, (0, 0, 1, 1) is 0.0
Calculated 2-RDM element with Parallel after GPU Parallel 1st way, (0, 1, 0, 1) is -0.11245
Calculated 2-RDM element with Parallel after GPU Parallel 1st way, (0, 1, 1, 1) is 0.0
Calculated 2-RDM element with Parallel after GPU Parallel 1st way, (0, 2, 0, 2) is -0.7376
Calculated 2-RDM element with Parallel after GPU Parallel 1st way, (0, 2, 0, 3) is -0.0004500000000000001
Calculated 2-RDM element with Parallel after GPU Parallel 1st way, (0, 2, 1, 2) is 0.00195
Calculated 2-RDM element with Parallel after GPU Parallel 1st way, (0, 2, 1, 3) is 0.0008375000000000001
Calculated 2-RDM element with Parallel after GPU Parallel 1st way, (0, 3, 0, 3) is -0.16474999999999998
Calculated 2-RDM element with Parallel after GPU Parallel 1st way, (0, 3, 1, 2) is -0.0011625000000000003
Calculated 2-RDM element with Parallel after GPU Parallel 1st way, (0, 3, 1, 3) is -0.0004499999999999999
Calculated 2-RDM element with Parallel after GPU Parallel 1st way, (0, 3, 2, 0) is 0.00045000000000000004
Calculated 2-RDM element with Parallel after GPU Parallel 1st way, (1, 0, 0, 0) is 0.0
Calculated 2-RDM element with Parallel after GPU Parallel 1st way, (1, 0, 1, 0) is -0.11245
Calculated 2-RDM element with Parallel after GPU Parallel 1st way, (1, 1, 1, 0) is 0.0
Calculated 2-RDM element with Parallel after GPU Parallel 1st way, (1, 1, 1, 1) is 0.0
Calculated 2-RDM element with Parallel after GPU Parallel 1st way, (1, 2, 1, 2) is -0.06004999999999999
Calculated 2-RDM element with Parallel after GPU Parallel 1st way, (1, 2, 1, 3) is -0.0017250000000000002
Calculated 2-RDM element with Parallel after GPU Parallel 1st way, (1, 2, 2, 0) is -0.00195
Calculated 2-RDM element with Parallel after GPU Parallel 1st way, (1, 2, 3, 0) is 0.0011625
Calculated 2-RDM element with Parallel after GPU Parallel 1st way, (1, 3, 1, 3) is -0.09834999999999997
Calculated 2-RDM element with Parallel after GPU Parallel 1st way, (1, 3, 2, 0) is -0.0008375000000000001
Calculated 2-RDM element with Parallel after GPU Parallel 1st way, (1, 3, 2, 1) is 0.001725
Calculated 2-RDM element with Parallel after GPU Parallel 1st way, (1, 3, 3, 0) is 0.0004499999999999999
Calculated 2-RDM element with Parallel after GPU Parallel 1st way, (2, 0, 2, 0) is -0.7376
Calculated 2-RDM element with Parallel after GPU Parallel 1st way, (2, 0, 2, 1) is 0.00195
Calculated 2-RDM element with Parallel after GPU Parallel 1st way, (2, 0, 3, 0) is -0.0004500000000000001
Calculated 2-RDM element with Parallel after GPU Parallel 1st way, (2, 0, 3, 1) is 0.0008375000000000001
Calculated 2-RDM element with Parallel after GPU Parallel 1st way, (2, 1, 0, 2) is -0.00195
Calculated 2-RDM element with Parallel after GPU Parallel 1st way, (2, 1, 0, 3) is 0.0011625000000000003
Calculated 2-RDM element with Parallel after GPU Parallel 1st way, (2, 1, 2, 1) is -0.06004999999999999
Calculated 2-RDM element with Parallel after GPU Parallel 1st way, (2, 1, 3, 1) is -0.0017250000000000002
Calculated 2-RDM element with Parallel after GPU Parallel 1st way, (2, 2, 2, 2) is 0.0
Calculated 2-RDM element with Parallel after GPU Parallel 1st way, (2, 2, 2, 3) is 0.0
Calculated 2-RDM element with Parallel after GPU Parallel 1st way, (2, 2, 3, 3) is 0.0
Calculated 2-RDM element with Parallel after GPU Parallel 1st way, (2, 3, 2, 3) is -0.04535
Calculated 2-RDM element with Parallel after GPU Parallel 1st way, (2, 3, 3, 3) is 0.0
Calculated 2-RDM element with Parallel after GPU Parallel 1st way, (3, 0, 0, 2) is 0.00045000000000000004
Calculated 2-RDM element with Parallel after GPU Parallel 1st way, (3, 0, 2, 1) is -0.0011625000000000003
Calculated 2-RDM element with Parallel after GPU Parallel 1st way, (3, 0, 3, 0) is -0.16474999999999998
Calculated 2-RDM element with Parallel after GPU Parallel 1st way, (3, 0, 3, 1) is -0.0004499999999999999
Calculated 2-RDM element with Parallel after GPU Parallel 1st way, (3, 1, 0, 2) is -0.0008374999999999997
Calculated 2-RDM element with Parallel after GPU Parallel 1st way, (3, 1, 0, 3) is 0.0004499999999999999
Calculated 2-RDM element with Parallel after GPU Parallel 1st way, (3, 1, 1, 2) is 0.001725
Calculated 2-RDM element with Parallel after GPU Parallel 1st way, (3, 1, 3, 1) is -0.09834999999999997
Calculated 2-RDM element with Parallel after GPU Parallel 1st way, (3, 2, 2, 2) is 0.0
Calculated 2-RDM element with Parallel after GPU Parallel 1st way, (3, 2, 3, 2) is -0.04535
Calculated 2-RDM element with Parallel after GPU Parallel 1st way, (3, 3, 3, 2) is 0.0
Calculated 2-RDM element with Parallel after GPU Parallel 1st way, (3, 3, 3, 3) is 0.0
Execution time of get_two_rdm_Parallel: 3.584644317626953 seconds
Calculated 2-RDM element with Parallel after GPU Parallel 2nd way, (0, 0, 0, 0) is 0.0
Calculated 2-RDM element with Parallel after GPU Parallel 2nd way, (0, 0, 0, 1) is 0.0
Calculated 2-RDM element with Parallel after GPU Parallel 2nd way, (0, 0, 1, 1) is 0.0
Calculated 2-RDM element with Parallel after GPU Parallel 2nd way, (0, 1, 0, 1) is -0.10834999999999997
Calculated 2-RDM element with Parallel after GPU Parallel 2nd way, (0, 1, 1, 1) is 0.0
Calculated 2-RDM element with Parallel after GPU Parallel 2nd way, (0, 2, 0, 2) is -0.73685
Calculated 2-RDM element with Parallel after GPU Parallel 2nd way, (0, 2, 0, 3) is 0.003875
Calculated 2-RDM element with Parallel after GPU Parallel 2nd way, (0, 2, 1, 2) is -0.0014749999999999997
Calculated 2-RDM element with Parallel after GPU Parallel 2nd way, (0, 2, 1, 3) is -0.00019999999999999977
Calculated 2-RDM element with Parallel after GPU Parallel 2nd way, (0, 3, 0, 3) is -0.16680000000000003
Calculated 2-RDM element with Parallel after GPU Parallel 2nd way, (0, 3, 1, 2) is -0.0032
Calculated 2-RDM element with Parallel after GPU Parallel 2nd way, (0, 3, 1, 3) is 0.0005999999999999998
Calculated 2-RDM element with Parallel after GPU Parallel 2nd way, (0, 3, 2, 0) is -0.003875
Calculated 2-RDM element with Parallel after GPU Parallel 2nd way, (1, 0, 0, 0) is 0.0
Calculated 2-RDM element with Parallel after GPU Parallel 2nd way, (1, 0, 1, 0) is -0.10834999999999997
Calculated 2-RDM element with Parallel after GPU Parallel 2nd way, (1, 1, 1, 0) is 0.0
Calculated 2-RDM element with Parallel after GPU Parallel 2nd way, (1, 1, 1, 1) is 0.0
Calculated 2-RDM element with Parallel after GPU Parallel 2nd way, (1, 2, 1, 2) is -0.05454999999999999
Calculated 2-RDM element with Parallel after GPU Parallel 2nd way, (1, 2, 1, 3) is -0.0010499999999999997
Calculated 2-RDM element with Parallel after GPU Parallel 2nd way, (1, 2, 2, 0) is 0.001475
Calculated 2-RDM element with Parallel after GPU Parallel 2nd way, (1, 2, 3, 0) is 0.0032
Calculated 2-RDM element with Parallel after GPU Parallel 2nd way, (1, 3, 1, 3) is -0.09805
Calculated 2-RDM element with Parallel after GPU Parallel 2nd way, (1, 3, 2, 0) is 0.00019999999999999998
Calculated 2-RDM element with Parallel after GPU Parallel 2nd way, (1, 3, 2, 1) is 0.0010499999999999995
Calculated 2-RDM element with Parallel after GPU Parallel 2nd way, (1, 3, 3, 0) is -0.0006
Calculated 2-RDM element with Parallel after GPU Parallel 2nd way, (2, 0, 2, 0) is -0.73685
Calculated 2-RDM element with Parallel after GPU Parallel 2nd way, (2, 0, 2, 1) is -0.0014749999999999997
Calculated 2-RDM element with Parallel after GPU Parallel 2nd way, (2, 0, 3, 0) is 0.003875
Calculated 2-RDM element with Parallel after GPU Parallel 2nd way, (2, 0, 3, 1) is -0.00019999999999999998
Calculated 2-RDM element with Parallel after GPU Parallel 2nd way, (2, 1, 0, 2) is 0.001475
Calculated 2-RDM element with Parallel after GPU Parallel 2nd way, (2, 1, 0, 3) is 0.0032
Calculated 2-RDM element with Parallel after GPU Parallel 2nd way, (2, 1, 2, 1) is -0.05454999999999999
Calculated 2-RDM element with Parallel after GPU Parallel 2nd way, (2, 1, 3, 1) is -0.0010499999999999997
Calculated 2-RDM element with Parallel after GPU Parallel 2nd way, (2, 2, 2, 2) is 0.0
Calculated 2-RDM element with Parallel after GPU Parallel 2nd way, (2, 2, 2, 3) is 0.0
Calculated 2-RDM element with Parallel after GPU Parallel 2nd way, (2, 2, 3, 3) is 0.0
Calculated 2-RDM element with Parallel after GPU Parallel 2nd way, (2, 3, 2, 3) is -0.0469
Calculated 2-RDM element with Parallel after GPU Parallel 2nd way, (2, 3, 3, 3) is 0.0
Calculated 2-RDM element with Parallel after GPU Parallel 2nd way, (3, 0, 0, 2) is -0.003875
Calculated 2-RDM element with Parallel after GPU Parallel 2nd way, (3, 0, 2, 1) is -0.0032
Calculated 2-RDM element with Parallel after GPU Parallel 2nd way, (3, 0, 3, 0) is -0.16680000000000003
Calculated 2-RDM element with Parallel after GPU Parallel 2nd way, (3, 0, 3, 1) is 0.0005999999999999998
Calculated 2-RDM element with Parallel after GPU Parallel 2nd way, (3, 1, 0, 2) is 0.00019999999999999998
Calculated 2-RDM element with Parallel after GPU Parallel 2nd way, (3, 1, 0, 3) is -0.0006
Calculated 2-RDM element with Parallel after GPU Parallel 2nd way, (3, 1, 1, 2) is 0.0010499999999999995
Calculated 2-RDM element with Parallel after GPU Parallel 2nd way, (3, 1, 3, 1) is -0.09805
Calculated 2-RDM element with Parallel after GPU Parallel 2nd way, (3, 2, 2, 2) is 0.0
Calculated 2-RDM element with Parallel after GPU Parallel 2nd way, (3, 2, 3, 2) is -0.0469
Calculated 2-RDM element with Parallel after GPU Parallel 2nd way, (3, 3, 3, 2) is 0.0
Calculated 2-RDM element with Parallel after GPU Parallel 2nd way, (3, 3, 3, 3) is 0.0
Execution time of get_two_rdm_Parallel2: 1.8830432891845703 seconds
{'IIII': 1.0, 'IIZI': 0.6848, 'IIIZ': -0.8046, 'IIZZ': -0.6872, 'IZII': -0.589, 'IZIZ': 0.566, 'XYII': -0.0026, 'YYII': 0.0078, 'XYIZ': 0.0084, 'YYIZ': 0.0036, 'XXII': -0.0076, 'YXII': -0.0146, 'XXIZ': 0.0022, 'YXIZ': -0.002, 'IIXY': 0.0136, 'IZXY': -0.0148, 'IIYY': 0.009, 'IZYY': 0.0092, 'IIXX': 0.0038, 'IZXX': 0.0086, 'IIYX': -0.0068, 'IZYX': -0.0184, 'XYXY': 0.0024, 'YYXY': 0.0026, 'XYYY': -0.0134, 'YYYY': 0.0064, 'XXXY': 0.0026, 'YXXY': -0.008, 'XXYY': 0.0004, 'YXYY': -0.005, 'XYXX': -0.0054, 'YYXX': 0.0132, 'XYYX': -0.016, 'YYYX': -0.0042, 'XXXX': 0.0026, 'YXXX': -0.001, 'XXYX': -0.0048, 'YXYX': 0.0012, 'ZIII': 0.5738, 'ZIIZ': -0.5548, 'ZIXY': 0.0034, 'ZIYY': 0.0132, 'ZIXX': -0.008, 'ZIYX': -0.016, 'IZZI': -0.6574, 'XYZI': 0.0038, 'YYZI': -0.0128, 'XXZI': -0.013, 'YXZI': -0.0046, 'ZIZI': 0.6588, 'ZZII': -0.8124}
Calculated 2-RDM element with Parallel after GPU Parallel 3th way, (0, 2, 0, 2) is -0.7399
Calculated 2-RDM element with Parallel after GPU Parallel 3th way, (0, 0, 0, 1) is 0.0
Calculated 2-RDM element with Parallel after GPU Parallel 3th way, (0, 2, 0, 3) is 0.0007
Calculated 2-RDM element with Parallel after GPU Parallel 3th way, (0, 0, 1, 1) is 0.0
Calculated 2-RDM element with Parallel after GPU Parallel 3th way, (0, 1, 1, 1) is 0.0
Calculated 2-RDM element with Parallel after GPU Parallel 3th way, (0, 3, 2, 0) is -0.0007
Calculated 2-RDM element with Parallel after GPU Parallel 3th way, (1, 0, 1, 0) is -0.10815000000000002
Calculated 2-RDM element with Parallel after GPU Parallel 3th way, (1, 1, 1, 1) is 0.0
Calculated 2-RDM element with Parallel after GPU Parallel 3th way, (1, 0, 0, 0) is 0.0
Calculated 2-RDM element with Parallel after GPU Parallel 3th way, (0, 0, 0, 0) is 0.0
Calculated 2-RDM element with Parallel after GPU Parallel 3th way, (1, 1, 1, 0) is 0.0
Calculated 2-RDM element with Parallel after GPU Parallel 3th way, (0, 2, 1, 2) is 0.0006250000000000001
Calculated 2-RDM element with Parallel after GPU Parallel 3th way, (0, 3, 0, 3) is -0.16899999999999998
Calculated 2-RDM element with Parallel after GPU Parallel 3th way, (0, 1, 0, 1) is -0.10815000000000002
Calculated 2-RDM element with Parallel after GPU Parallel 3th way, (1, 3, 2, 1) is 0.0032500000000000003
Calculated 2-RDM element with Parallel after GPU Parallel 3th way, (1, 2, 1, 3) is -0.0032500000000000003
Calculated 2-RDM element with Parallel after GPU Parallel 3th way, (0, 3, 1, 3) is -0.0009499999999999999
Calculated 2-RDM element with Parallel after GPU Parallel 3th way, (0, 2, 1, 3) is 0.0003125
Calculated 2-RDM element with Parallel after GPU Parallel 3th way, (1, 2, 2, 0) is -0.0006250000000000001
Calculated 2-RDM element with Parallel after GPU Parallel 3th way, (1, 3, 3, 0) is 0.0009499999999999999
Calculated 2-RDM element with Parallel after GPU Parallel 3th way, (1, 3, 1, 3) is -0.10005000000000003
Calculated 2-RDM element with Parallel after GPU Parallel 3th way, (2, 2, 3, 3) is 0.0
Calculated 2-RDM element with Parallel after GPU Parallel 3th way, (2, 0, 3, 1) is 0.0003125
Calculated 2-RDM element with Parallel after GPU Parallel 3th way, (2, 1, 0, 2) is -0.0006250000000000001
Calculated 2-RDM element with Parallel after GPU Parallel 3th way, (2, 0, 2, 0) is -0.7399
Calculated 2-RDM element with Parallel after GPU Parallel 3th way, (2, 3, 2, 3) is -0.05070000000000002
Calculated 2-RDM element with Parallel after GPU Parallel 3th way, (2, 2, 2, 2) is 0.0
Calculated 2-RDM element with Parallel after GPU Parallel 3th way, (2, 0, 3, 0) is 0.0007
Calculated 2-RDM element with Parallel after GPU Parallel 3th way, (3, 0, 3, 0) is -0.16899999999999998
Calculated 2-RDM element with Parallel after GPU Parallel 3th way, (0, 3, 1, 2) is -0.0031375000000000005
Calculated 2-RDM element with Parallel after GPU Parallel 3th way, (2, 0, 2, 1) is 0.0006250000000000001
Calculated 2-RDM element with Parallel after GPU Parallel 3th way, (2, 3, 3, 3) is 0.0
Calculated 2-RDM element with Parallel after GPU Parallel 3th way, (2, 1, 2, 1) is -0.061700000000000005
Calculated 2-RDM element with Parallel after GPU Parallel 3th way, (3, 1, 1, 2) is 0.0032500000000000003
Calculated 2-RDM element with Parallel after GPU Parallel 3th way, (3, 0, 0, 2) is -0.0007
Calculated 2-RDM element with Parallel after GPU Parallel 3th way, (3, 3, 3, 2) is 0.0
Calculated 2-RDM element with Parallel after GPU Parallel 3th way, (1, 2, 3, 0) is 0.0031375000000000005
Calculated 2-RDM element with Parallel after GPU Parallel 3th way, (3, 1, 0, 2) is -0.0003125
Calculated 2-RDM element with Parallel after GPU Parallel 3th way, (2, 1, 0, 3) is 0.0031375000000000005
Calculated 2-RDM element with Parallel after GPU Parallel 3th way, (3, 1, 0, 3) is 0.0009499999999999999
Calculated 2-RDM element with Parallel after GPU Parallel 3th way, (3, 0, 2, 1) is -0.0031375000000000005
Calculated 2-RDM element with Parallel after GPU Parallel 3th way, (3, 0, 3, 1) is -0.0009499999999999999
Calculated 2-RDM element with Parallel after GPU Parallel 3th way, (3, 3, 3, 3) is 0.0
Calculated 2-RDM element with Parallel after GPU Parallel 3th way, (1, 3, 2, 0) is -0.0003125
Calculated 2-RDM element with Parallel after GPU Parallel 3th way, (3, 2, 3, 2) is -0.05070000000000002
Calculated 2-RDM element with Parallel after GPU Parallel 3th way, (2, 2, 2, 3) is 0.0
Calculated 2-RDM element with Parallel after GPU Parallel 3th way, (3, 2, 2, 2) is 0.0
Calculated 2-RDM element with Parallel after GPU Parallel 3th way, (1, 2, 1, 2) is -0.061700000000000005
Calculated 2-RDM element with Parallel after GPU Parallel 3th way, (2, 1, 3, 1) is -0.0032500000000000003
Calculated 2-RDM element with Parallel after GPU Parallel 3th way, (3, 1, 3, 1) is -0.10005000000000003
Execution time of get_two_rdm_Parallel3: 2.019392490386963 seconds
Number of 'cx' gates before replacing gates: 56
Number of 'h' gates before replacing gates: 72
Number of 's' gates before replacing gates: 24
Number of 'rz' gates before replacing gates: 32
Number of 'x' gates before replacing gates: 0
Number of 'y' gates before replacing gates: 0
Number of parameterized gates before replacing gates: 0
{ParameterVectorElement(t[0]): -0.00011250491535877315, ParameterVectorElement(t[1]): 8.126522134979966e-06, ParameterVectorElement(t[2]): -0.0718794567081937}
Total parameter gates replaced: 0
Number of 'cx' gates after replacing gates: 56
Number of 'h' gates after replacing gates: 72
Number of 's' gates after replacing gates: 24
Number of 'rz' gates after replacing gates: 32
Number of 'x' gates after replacing gates: 0
Number of 'y' gates after replacing gates: 0
Number of 'z' gates after replacing gates: 0
Gate replacement successful.
Calculated 1-RDM element with wavefunction (0, 1) is 0.00011279802952212486
Calculated 1-RDM element with wavefunction (0, 0) is 0.9948422229654997
Calculated 1-RDM element with wavefunction (1, 0) is 0.00011279802952212486
Calculated 1-RDM element with wavefunction (1, 2) is -1.7940317862377253e-17
Calculated 1-RDM element with wavefunction (0, 2) is 3.925666649376534e-22
Calculated 1-RDM element with wavefunction (1, 1) is 0.005157777034486954
Calculated 1-RDM element with wavefunction (1, 3) is -1.1220718440279031e-20
Calculated 1-RDM element with wavefunction (2, 2) is 0.9948422355568153
Calculated 1-RDM element with wavefunction (3, 3) is 0.00515776444317139
Calculated 1-RDM element with wavefunction (0, 3) is -1.0102429403089787e-16
Calculated 1-RDM element with wavefunction (2, 3) is -1.6185368008329073e-05
Calculated 1-RDM element with wavefunction (3, 0) is -1.0102429403089787e-16
Calculated 1-RDM element with wavefunction (3, 1) is -1.1220718440279031e-20
Calculated 1-RDM element with wavefunction (2, 1) is -1.7940317862377253e-17
Calculated 1-RDM element with wavefunction (2, 0) is 3.925666649376534e-22
Calculated 1-RDM element with wavefunction (3, 2) is -1.6185368008329073e-05
Execution time of get_one_rdm_wavefunction: 0.07686996459960938 seconds
Calculated 2-RDM element with wavefunction (0, 0, 0, 1) is 0.0
Calculated 2-RDM element with wavefunction (0, 1, 1, 1) is 0.0
Calculated 2-RDM element with wavefunction (0, 0, 0, 0) is 0.0
Calculated 2-RDM element with wavefunction (0, 0, 1, 1) is 0.0
Calculated 2-RDM element with wavefunction (0, 2, 0, 2) is -0.9948422228994593
Calculated 2-RDM element with wavefunction (0, 3, 0, 3) is -6.60403611727404e-11
Calculated 2-RDM element with wavefunction (0, 1, 0, 1) is -5.204786988988249e-32
Calculated 2-RDM element with wavefunction (1, 0, 0, 0) is 0.0
Calculated 2-RDM element with wavefunction (1, 0, 1, 0) is -5.204786988988249e-32
Calculated 2-RDM element with wavefunction (1, 1, 1, 0) is 0.0
Calculated 2-RDM element with wavefunction (1, 2, 3, 0) is -9.142736772004118e-10
Calculated 2-RDM element with wavefunction (1, 1, 1, 1) is 0.0
Calculated 2-RDM element with wavefunction (1, 2, 2, 0) is 0.00011221440239603352
Calculated 2-RDM element with wavefunction (0, 2, 0, 3) is 8.105537595383308e-06
Calculated 2-RDM element with wavefunction (0, 3, 1, 2) is 9.142736772004118e-10
Calculated 2-RDM element with wavefunction (1, 3, 2, 1) is -8.079830412945764e-06
Calculated 2-RDM element with wavefunction (0, 3, 1, 3) is -5.83627126091332e-07
Calculated 2-RDM element with wavefunction (2, 2, 2, 2) is 0.0
Calculated 2-RDM element with wavefunction (2, 0, 2, 1) is -0.00011221440239603352
Calculated 2-RDM element with wavefunction (2, 3, 3, 3) is 0.0
Calculated 2-RDM element with wavefunction (2, 1, 3, 1) is 8.079830412945764e-06
Calculated 2-RDM element with wavefunction (0, 2, 1, 3) is 0.07163212811397325
Calculated 2-RDM element with wavefunction (1, 3, 3, 0) is 5.83627126091332e-07
Calculated 2-RDM element with wavefunction (0, 3, 2, 0) is -8.105537595383308e-06
Calculated 2-RDM element with wavefunction (1, 3, 2, 0) is -0.07163212811397325
Calculated 2-RDM element with wavefunction (2, 0, 2, 0) is -0.9948422228994593
Calculated 2-RDM element with wavefunction (1, 3, 1, 3) is -0.005157764377131028
Calculated 2-RDM element with wavefunction (1, 2, 1, 2) is -1.2657355925645623e-08
Calculated 2-RDM element with wavefunction (3, 0, 0, 2) is -8.105537595383308e-06
Calculated 2-RDM element with wavefunction (3, 1, 1, 2) is -8.079830412945764e-06
Calculated 2-RDM element with wavefunction (2, 2, 3, 3) is 0.0
Calculated 2-RDM element with wavefunction (2, 1, 2, 1) is -1.2657355925645623e-08
Calculated 2-RDM element with wavefunction (2, 1, 0, 2) is 0.00011221440239603352
Calculated 2-RDM element with wavefunction (2, 2, 2, 3) is 0.0
Calculated 2-RDM element with wavefunction (3, 0, 3, 0) is -6.60403611727404e-11
Calculated 2-RDM element with wavefunction (3, 0, 2, 1) is 9.142736772004118e-10
Calculated 2-RDM element with wavefunction (2, 0, 3, 1) is 0.07163212811397325
Calculated 2-RDM element with wavefunction (2, 1, 0, 3) is -9.142736772004118e-10
Calculated 2-RDM element with wavefunction (2, 0, 3, 0) is 8.105537595383308e-06
Calculated 2-RDM element with wavefunction (3, 1, 3, 1) is -0.005157764377131028
Calculated 2-RDM element with wavefunction (3, 3, 3, 3) is 0.0
Calculated 2-RDM element with wavefunction (3, 3, 3, 2) is 0.0
Calculated 2-RDM element with wavefunction (1, 2, 1, 3) is 8.079830412945764e-06
Calculated 2-RDM element with wavefunction (3, 2, 2, 2) is 0.0
Calculated 2-RDM element with wavefunction (3, 1, 0, 3) is 5.83627126091332e-07
Calculated 2-RDM element with wavefunction (3, 0, 3, 1) is -5.83627126091332e-07
Calculated 2-RDM element with wavefunction (3, 2, 3, 2) is -2.4662209716167615e-32
Calculated 2-RDM element with wavefunction (3, 1, 0, 2) is -0.07163212811397325
Calculated 2-RDM element with wavefunction (2, 3, 2, 3) is -2.4662209716167615e-32
Calculated 2-RDM element with wavefunction (0, 2, 1, 2) is -0.00011221440239603352
Execution time of get_two_rdm_wavefunction: 0.24884891510009766 seconds
Calculated 2-RDM element (0, 1, 1, 1) is 0.0
Calculated 2-RDM element (0, 0, 1, 1) is 0.0
Calculated 2-RDM element (0, 0, 0, 1) is 0.0
Calculated 2-RDM element (1, 1, 1, 1) is 0.0
Calculated 2-RDM element (0, 0, 0, 0) is 0.0
Calculated 2-RDM element (1, 0, 0, 0) is 0.0
Calculated 2-RDM element (1, 1, 1, 0) is 0.0
Calculated 2-RDM element (2, 2, 3, 3) is 0.0
Calculated 2-RDM element (2, 2, 2, 2) is 0.0
Calculated 2-RDM element (2, 2, 2, 3) is 0.0
Calculated 2-RDM element (2, 3, 3, 3) is 0.0
Calculated 2-RDM element (3, 2, 2, 2) is 0.0
Calculated 2-RDM element (3, 3, 3, 2) is 0.0
Calculated 2-RDM element (3, 3, 3, 3) is 0.0
Calculated 2-RDM element (0, 3, 0, 3) is -0.16995
Calculated 2-RDM element (1, 0, 1, 0) is -0.10760000000000003
Calculated 2-RDM element (0, 2, 0, 2) is -0.7343
Calculated 2-RDM element (0, 1, 0, 1) is -0.10719999999999999
Calculated 2-RDM element (2, 0, 2, 0) is -0.7365999999999999
Calculated 2-RDM element (1, 3, 1, 3) is -0.09795000000000001
Calculated 2-RDM element (1, 2, 1, 2) is -0.061950000000000005
Calculated 2-RDM element (2, 3, 2, 3) is -0.049449999999999994
Calculated 2-RDM element (3, 0, 3, 0) is -0.16229999999999994
Calculated 2-RDM element (3, 1, 3, 1) is -0.09409999999999999
Calculated 2-RDM element (2, 1, 2, 1) is -0.06164999999999998
Calculated 2-RDM element (3, 2, 3, 2) is -0.05109999999999998
Calculated 2-RDM element (0, 3, 1, 3) is -0.0010999999999999998
Calculated 2-RDM element (1, 3, 2, 1) is 0.00265
Calculated 2-RDM element (0, 3, 2, 0) is -0.0011749999999999998
Calculated 2-RDM element (1, 3, 3, 0) is 0.0005500000000000001
Calculated 2-RDM element (0, 2, 0, 3) is 0.006474999999999999
Calculated 2-RDM element (1, 2, 2, 0) is 0.0022500000000000003
Calculated 2-RDM element (2, 0, 2, 1) is -0.0028
Calculated 2-RDM element (2, 0, 3, 0) is -0.0049499999999999995
Calculated 2-RDM element (1, 2, 1, 3) is 0.00655
Calculated 2-RDM element (2, 1, 0, 2) is -0.00185
Calculated 2-RDM element (2, 1, 3, 1) is -0.002375
Calculated 2-RDM element (0, 2, 1, 2) is -0.003575
Calculated 2-RDM element (3, 0, 3, 1) is -0.001025
Calculated 2-RDM element (3, 0, 0, 2) is 0.0021
Calculated 2-RDM element (3, 1, 1, 2) is 0.0002999999999999999
Calculated 2-RDM element (3, 1, 0, 3) is -0.0008999999999999999
Calculated 2-RDM element (1, 2, 3, 0) is 0.004362499999999998
Calculated 2-RDM element (0, 3, 1, 2) is -0.0008999999999999989
Calculated 2-RDM element (1, 3, 2, 0) is -0.0426625
Calculated 2-RDM element (0, 2, 1, 3) is 0.04240000000000001
Calculated 2-RDM element (2, 0, 3, 1) is 0.0425375
Calculated 2-RDM element (3, 0, 2, 1) is 0.0002625000000000006
Calculated 2-RDM element (2, 1, 0, 3) is 0.0017624999999999993
Calculated 2-RDM element (3, 1, 0, 2) is -0.044324999999999996
Execution time of get_two_rdm: 12.195895195007324 seconds
Calculated 1-RDM element (0, 0) is 0.8929
Calculated 1-RDM element (1, 1) is 0.16670000000000001
Calculated 1-RDM element (2, 2) is 0.7898000000000001
Calculated 1-RDM element (3, 3) is 0.20779999999999998
Calculated 1-RDM element (0, 1) is -0.00345
Calculated 1-RDM element (0, 2) is 0.0008
Calculated 1-RDM element (0, 3) is 0.00014999999999999996
Calculated 1-RDM element (1, 2) is 0.0017
Calculated 1-RDM element (3, 2) is -0.006
Calculated 1-RDM element (2, 1) is 0.0007999999999999999
Calculated 1-RDM element (1, 3) is 0.00245
Calculated 1-RDM element (1, 0) is -0.00255
Calculated 1-RDM element (3, 0) is -0.0014500000000000001
Calculated 1-RDM element (2, 3) is 0.00515
Calculated 1-RDM element (3, 1) is -0.00135
Calculated 1-RDM element (2, 0) is 0.0013
Execution time of get_one_rdm: 2.1604018211364746 seconds
Calculated 2-RDM element (0, 0, 0, 1) is 0.0
Calculated 2-RDM element (0, 0, 0, 0) is 0.0
Calculated 2-RDM element (0, 0, 1, 1) is 0.0
Calculated 2-RDM element (0, 1, 1, 1) is 0.0
Calculated 2-RDM element (1, 1, 1, 1) is 0.0
Calculated 2-RDM element (1, 0, 0, 0) is 0.0
Calculated 2-RDM element (1, 1, 1, 0) is 0.0
Calculated 2-RDM element (2, 2, 2, 3) is 0.0
Calculated 2-RDM element (2, 2, 2, 2) is 0.0
Calculated 2-RDM element (2, 2, 3, 3) is 0.0
Calculated 2-RDM element (2, 3, 3, 3) is 0.0
Calculated 2-RDM element (3, 2, 2, 2) is 0.0
Calculated 2-RDM element (3, 3, 3, 3) is 0.0
Calculated 2-RDM element (3, 3, 3, 2) is 0.0
Calculated 2-RDM element (0, 1, 0, 1) is -1.8318679906315083e-15
Calculated 2-RDM element (0, 3, 0, 3) is -6.604222724249098e-11
Calculated 2-RDM element (0, 2, 0, 2) is -0.9948422228994598
Calculated 2-RDM element (2, 0, 2, 0) is -0.9948422228994598
Calculated 2-RDM element (1, 2, 1, 2) is -1.2657357773004918e-08
Calculated 2-RDM element (1, 0, 1, 0) is -1.8318679906315083e-15
Calculated 2-RDM element (2, 3, 2, 3) is -1.8318679906315083e-15
Calculated 2-RDM element (2, 1, 2, 1) is -1.2657357773004918e-08
Calculated 2-RDM element (3, 0, 3, 0) is -6.604222724249098e-11
Calculated 2-RDM element (1, 3, 1, 3) is -0.005157764377132834
Calculated 2-RDM element (3, 1, 3, 1) is -0.005157764377132834
Calculated 2-RDM element (3, 2, 3, 2) is -1.8318679906315083e-15
Calculated 2-RDM element (0, 3, 1, 3) is -5.836271260997933e-07
Calculated 2-RDM element (0, 3, 2, 0) is -8.105537595500754e-06
Calculated 2-RDM element (1, 3, 3, 0) is 5.836271260997933e-07
Calculated 2-RDM element (0, 2, 1, 2) is -0.0001122144023961035
Calculated 2-RDM element (1, 2, 1, 3) is 8.079830412950787e-06
Calculated 2-RDM element (2, 1, 3, 1) is 8.079830412950787e-06
Calculated 2-RDM element (2, 0, 2, 1) is -0.0001122144023961035
Calculated 2-RDM element (0, 2, 0, 3) is 8.105537595500754e-06
Calculated 2-RDM element (2, 0, 3, 0) is 8.105537595500754e-06
Calculated 2-RDM element (1, 3, 2, 1) is -8.079830412950787e-06
Calculated 2-RDM element (3, 0, 3, 1) is -5.836271260997933e-07
Calculated 2-RDM element (1, 2, 2, 0) is 0.0001122144023961035
Calculated 2-RDM element (3, 0, 0, 2) is -8.105537595500754e-06
Calculated 2-RDM element (3, 1, 1, 2) is -8.079830412950787e-06
Calculated 2-RDM element (2, 1, 0, 2) is 0.0001122144023961035
Calculated 2-RDM element (3, 1, 0, 3) is 5.836271260997933e-07
Calculated 2-RDM element (0, 2, 1, 3) is 0.07163212811397301
Calculated 2-RDM element (1, 3, 2, 0) is -0.07163212811397301
Calculated 2-RDM element (2, 0, 3, 1) is 0.07163212811397301
Calculated 2-RDM element (3, 0, 2, 1) is 9.14273670660215e-10
Calculated 2-RDM element (0, 3, 1, 2) is 9.14273670660215e-10
Calculated 2-RDM element (1, 2, 3, 0) is -9.14273670660215e-10
Calculated 2-RDM element (3, 1, 0, 2) is -0.07163212811397301
Calculated 2-RDM element (2, 1, 0, 3) is -9.14273670660215e-10
Execution time of get_two_rdm: 5.42822265625 seconds
Calculated 2-RDM element with wavefunction (0, 0, 0, 0) is 0.0
Calculated 2-RDM element with wavefunction (0, 0, 0, 1) is 0.0
Calculated 2-RDM element with wavefunction (0, 0, 1, 1) is 0.0
Calculated 2-RDM element with wavefunction (0, 1, 0, 1) is -5.760984215772854e-32
Calculated 2-RDM element with wavefunction (0, 1, 1, 1) is 0.0
Calculated 2-RDM element with wavefunction (0, 2, 1, 2) is -0.0001122144023961035
Calculated 2-RDM element with wavefunction (0, 3, 0, 3) is -6.60403611746543e-11
Calculated 2-RDM element with wavefunction (1, 0, 1, 0) is -5.760984215772854e-32
Calculated 2-RDM element with wavefunction (0, 2, 0, 3) is 8.105537595500754e-06
Calculated 2-RDM element with wavefunction (1, 1, 1, 0) is 0.0
Calculated 2-RDM element with wavefunction (0, 3, 1, 3) is -5.836271260997874e-07
Calculated 2-RDM element with wavefunction (1, 0, 0, 0) is 0.0
Calculated 2-RDM element with wavefunction (0, 2, 1, 3) is 0.07163212811397301
Calculated 2-RDM element with wavefunction (0, 3, 2, 0) is -8.105537595500754e-06
Calculated 2-RDM element with wavefunction (1, 1, 1, 1) is 0.0
Calculated 2-RDM element with wavefunction (1, 3, 1, 3) is -0.0051577643771310005
Calculated 2-RDM element with wavefunction (1, 2, 2, 0) is 0.0001122144023961035
Calculated 2-RDM element with wavefunction (2, 0, 2, 0) is -0.994842222899458
Calculated 2-RDM element with wavefunction (1, 2, 3, 0) is -9.142736772142307e-10
Calculated 2-RDM element with wavefunction (0, 2, 0, 2) is -0.994842222899458
Calculated 2-RDM element with wavefunction (2, 0, 3, 0) is 8.105537595500754e-06
Calculated 2-RDM element with wavefunction (2, 0, 3, 1) is 0.07163212811397301
Calculated 2-RDM element with wavefunction (1, 2, 1, 2) is -1.2657355925661425e-08
Calculated 2-RDM element with wavefunction (0, 3, 1, 2) is 9.142736772142307e-10
Calculated 2-RDM element with wavefunction (1, 3, 2, 1) is -8.079830412950787e-06
Calculated 2-RDM element with wavefunction (2, 3, 3, 3) is 0.0
Calculated 2-RDM element with wavefunction (2, 2, 3, 3) is 0.0
Calculated 2-RDM element with wavefunction (3, 0, 0, 2) is -8.105537595500754e-06
Calculated 2-RDM element with wavefunction (3, 0, 3, 1) is -5.836271260997874e-07
Calculated 2-RDM element with wavefunction (2, 1, 0, 3) is -9.142736772142307e-10
Calculated 2-RDM element with wavefunction (2, 3, 2, 3) is -3.8830273960264734e-32
Calculated 2-RDM element with wavefunction (1, 3, 3, 0) is 5.836271260997874e-07
Calculated 2-RDM element with wavefunction (2, 2, 2, 2) is 0.0
Calculated 2-RDM element with wavefunction (3, 0, 2, 1) is 9.142736772142307e-10
Calculated 2-RDM element with wavefunction (3, 3, 3, 2) is 0.0
Calculated 2-RDM element with wavefunction (2, 2, 2, 3) is 0.0
Calculated 2-RDM element with wavefunction (2, 1, 0, 2) is 0.0001122144023961035
Calculated 2-RDM element with wavefunction (3, 1, 0, 3) is 5.836271260997874e-07
Calculated 2-RDM element with wavefunction (2, 1, 2, 1) is -1.2657355925661425e-08
Calculated 2-RDM element with wavefunction (2, 1, 3, 1) is 8.079830412950787e-06
Calculated 2-RDM element with wavefunction (3, 2, 2, 2) is 0.0
Calculated 2-RDM element with wavefunction (3, 1, 3, 1) is -0.0051577643771310005
Calculated 2-RDM element with wavefunction (1, 3, 2, 0) is -0.07163212811397301
Calculated 2-RDM element with wavefunction (3, 0, 3, 0) is -6.60403611746543e-11
Calculated 2-RDM element with wavefunction (1, 2, 1, 3) is 8.079830412950787e-06
Calculated 2-RDM element with wavefunction (3, 3, 3, 3) is 0.0
Calculated 2-RDM element with wavefunction (2, 0, 2, 1) is -0.0001122144023961035
Calculated 2-RDM element with wavefunction (3, 2, 3, 2) is -3.8830273960264734e-32
Calculated 2-RDM element with wavefunction (3, 1, 1, 2) is -8.079830412950787e-06
Calculated 2-RDM element with wavefunction (3, 1, 0, 2) is -0.07163212811397301
Execution time of get_two_rdm_wavefunction: 0.17008185386657715 seconds
Calculated 2-RDM element (0, 0, 0, 1) is 0.0
Calculated 2-RDM element (0, 0, 0, 0) is 0.0
Calculated 2-RDM element (0, 0, 1, 1) is 0.0
Calculated 2-RDM element (0, 1, 1, 1) is 0.0
Calculated 2-RDM element (1, 1, 1, 0) is 0.0
Calculated 2-RDM element (1, 1, 1, 1) is 0.0
Calculated 2-RDM element (1, 0, 0, 0) is 0.0
Calculated 2-RDM element (2, 2, 2, 2) is 0.0
Calculated 2-RDM element (2, 2, 2, 3) is 0.0
Calculated 2-RDM element (2, 2, 3, 3) is 0.0
Calculated 2-RDM element (2, 3, 3, 3) is 0.0
Calculated 2-RDM element (3, 2, 2, 2) is 0.0
Calculated 2-RDM element (3, 3, 3, 2) is 0.0
Calculated 2-RDM element (3, 3, 3, 3) is 0.0
Calculated 2-RDM element (1, 0, 1, 0) is -0.11309999999999998
Calculated 2-RDM element (0, 2, 0, 2) is -0.7376499999999999
Calculated 2-RDM element (0, 3, 0, 3) is -0.16670000000000004
Calculated 2-RDM element (0, 1, 0, 1) is -0.10909999999999997
Calculated 2-RDM element (1, 2, 1, 2) is -0.05954999999999999
Calculated 2-RDM element (1, 3, 1, 3) is -0.093
Calculated 2-RDM element (2, 0, 2, 0) is -0.73645
Calculated 2-RDM element (2, 1, 2, 1) is -0.06059999999999999
Calculated 2-RDM element (2, 3, 2, 3) is -0.0469
Calculated 2-RDM element (3, 0, 3, 0) is -0.16829999999999998
Calculated 2-RDM element (3, 1, 3, 1) is -0.09675
Calculated 2-RDM element (3, 2, 3, 2) is -0.04250000000000004
Calculated 2-RDM element (0, 2, 1, 2) is -0.003025
Calculated 2-RDM element (0, 3, 1, 3) is 0.00145
Calculated 2-RDM element (0, 2, 0, 3) is -0.000975
Calculated 2-RDM element (0, 3, 2, 0) is -0.0004499999999999999
Calculated 2-RDM element (1, 3, 3, 0) is 0.00485
Calculated 2-RDM element (2, 0, 2, 1) is -0.0011250000000000001
Calculated 2-RDM element (1, 2, 1, 3) is -0.002575
Calculated 2-RDM element (1, 2, 2, 0) is -0.0037
Calculated 2-RDM element (2, 1, 3, 1) is -0.0003250000000000002
Calculated 2-RDM element (2, 0, 3, 0) is -0.0024000000000000002
Calculated 2-RDM element (1, 3, 2, 1) is -0.0005250000000000001
Calculated 2-RDM element (2, 1, 0, 2) is -0.002925
Calculated 2-RDM element (3, 0, 0, 2) is -0.0019749999999999998
Calculated 2-RDM element (3, 0, 3, 1) is 0.0009000000000000003
Calculated 2-RDM element (3, 1, 1, 2) is -0.00165
Calculated 2-RDM element (3, 1, 0, 3) is 0.0025
Calculated 2-RDM element (0, 3, 1, 2) is 0.003
Calculated 2-RDM element (2, 0, 3, 1) is -0.0012250000000000002
Calculated 2-RDM element (0, 2, 1, 3) is 0.0022125
Calculated 2-RDM element (1, 3, 2, 0) is 5.0000000000000185e-05
Calculated 2-RDM element (2, 1, 0, 3) is -0.0027625
Calculated 2-RDM element (3, 0, 2, 1) is 0.0007374999999999997
Calculated 2-RDM element (1, 2, 3, 0) is 0.0029499999999999995
Calculated 2-RDM element (3, 1, 0, 2) is -0.003
Execution time of get_two_rdm: 9.933830261230469 seconds
{'IIII': 1.0, 'IIZI': 0.673, 'IIIZ': -0.8086, 'IIZZ': -0.6926, 'IZII': -0.579, 'IZIZ': 0.5622, 'XYII': -0.0016, 'YYII': 0.0004, 'XYIZ': -0.0132, 'YYIZ': 0.0116, 'XXII': -0.0038, 'YXII': -0.0026, 'XXIZ': 0.008, 'YXIZ': -0.004, 'IIXY': -0.0108, 'IZXY': -0.0178, 'IIYY': -0.0002, 'IZYY': -0.0032, 'IIXX': 0.0002, 'IZXX': -0.0266, 'IIYX': -0.0126, 'IZYX': -0.0048, 'XYXY': 0.0082, 'YYXY': 0.0028, 'XYYY': -0.016, 'YYYY': -0.0096, 'XXXY': 0.0044, 'YXXY': -0.0042, 'XXYY': -0.0008, 'YXYY': 0.0014, 'XYXX': -0.0112, 'YYXX': -0.001, 'XYYX': -0.0118, 'YYYX': 0.0178, 'XXXX': -0.0036, 'YXXX': 0.006, 'XXYX': -0.0118, 'YXYX': -0.0132, 'ZIII': 0.581, 'ZIIZ': -0.5754, 'ZIXY': 0.0098, 'ZIYY': 0.017, 'ZIXX': -0.0062, 'ZIYX': -0.011, 'IZZI': -0.6564, 'XYZI': 0.0098, 'YYZI': 0.0066, 'XXZI': -0.0012, 'YXZI': 0.0138, 'ZIZI': 0.6732, 'ZZII': -0.7982}
Calculated 2-RDM element with Parallel after GPU Parallel 1st way, (0, 0, 0, 0) is 0.0
Calculated 2-RDM element with Parallel after GPU Parallel 1st way, (0, 0, 0, 1) is 0.0
Calculated 2-RDM element with Parallel after GPU Parallel 1st way, (0, 0, 1, 1) is 0.0
Calculated 2-RDM element with Parallel after GPU Parallel 1st way, (0, 1, 0, 1) is -0.11074999999999999
Calculated 2-RDM element with Parallel after GPU Parallel 1st way, (0, 1, 1, 1) is 0.0
Calculated 2-RDM element with Parallel after GPU Parallel 1st way, (0, 2, 0, 2) is -0.7374499999999999
Calculated 2-RDM element with Parallel after GPU Parallel 1st way, (0, 2, 0, 3) is 0.002875
Calculated 2-RDM element with Parallel after GPU Parallel 1st way, (0, 2, 1, 2) is -0.003725
Calculated 2-RDM element with Parallel after GPU Parallel 1st way, (0, 2, 1, 3) is 0.001625
Calculated 2-RDM element with Parallel after GPU Parallel 1st way, (0, 3, 0, 3) is -0.16305
Calculated 2-RDM element with Parallel after GPU Parallel 1st way, (0, 3, 1, 2) is 0.00025
Calculated 2-RDM element with Parallel after GPU Parallel 1st way, (0, 3, 1, 3) is 0.00135
Calculated 2-RDM element with Parallel after GPU Parallel 1st way, (0, 3, 2, 0) is -0.002875
Calculated 2-RDM element with Parallel after GPU Parallel 1st way, (1, 0, 0, 0) is 0.0
Calculated 2-RDM element with Parallel after GPU Parallel 1st way, (1, 0, 1, 0) is -0.11074999999999999
Calculated 2-RDM element with Parallel after GPU Parallel 1st way, (1, 1, 1, 0) is 0.0
Calculated 2-RDM element with Parallel after GPU Parallel 1st way, (1, 1, 1, 1) is 0.0
Calculated 2-RDM element with Parallel after GPU Parallel 1st way, (1, 2, 1, 2) is -0.06239999999999998
Calculated 2-RDM element with Parallel after GPU Parallel 1st way, (1, 2, 1, 3) is 0.0011
Calculated 2-RDM element with Parallel after GPU Parallel 1st way, (1, 2, 2, 0) is 0.003725
Calculated 2-RDM element with Parallel after GPU Parallel 1st way, (1, 2, 3, 0) is -0.00025
Calculated 2-RDM element with Parallel after GPU Parallel 1st way, (1, 3, 1, 3) is -0.1048
Calculated 2-RDM element with Parallel after GPU Parallel 1st way, (1, 3, 2, 0) is -0.001625
Calculated 2-RDM element with Parallel after GPU Parallel 1st way, (1, 3, 2, 1) is -0.0010999999999999998
Calculated 2-RDM element with Parallel after GPU Parallel 1st way, (1, 3, 3, 0) is -0.00135
Calculated 2-RDM element with Parallel after GPU Parallel 1st way, (2, 0, 2, 0) is -0.7374499999999999
Calculated 2-RDM element with Parallel after GPU Parallel 1st way, (2, 0, 2, 1) is -0.003725
Calculated 2-RDM element with Parallel after GPU Parallel 1st way, (2, 0, 3, 0) is 0.002875
Calculated 2-RDM element with Parallel after GPU Parallel 1st way, (2, 0, 3, 1) is 0.0016250000000000004
Calculated 2-RDM element with Parallel after GPU Parallel 1st way, (2, 1, 0, 2) is 0.003725
Calculated 2-RDM element with Parallel after GPU Parallel 1st way, (2, 1, 0, 3) is -0.0002499999999999999
Calculated 2-RDM element with Parallel after GPU Parallel 1st way, (2, 1, 2, 1) is -0.06239999999999998
Calculated 2-RDM element with Parallel after GPU Parallel 1st way, (2, 1, 3, 1) is 0.0011
Calculated 2-RDM element with Parallel after GPU Parallel 1st way, (2, 2, 2, 2) is 0.0
Calculated 2-RDM element with Parallel after GPU Parallel 1st way, (2, 2, 2, 3) is 0.0
Calculated 2-RDM element with Parallel after GPU Parallel 1st way, (2, 2, 3, 3) is 0.0
Calculated 2-RDM element with Parallel after GPU Parallel 1st way, (2, 3, 2, 3) is -0.049949999999999994
Calculated 2-RDM element with Parallel after GPU Parallel 1st way, (2, 3, 3, 3) is 0.0
Calculated 2-RDM element with Parallel after GPU Parallel 1st way, (3, 0, 0, 2) is -0.002875
Calculated 2-RDM element with Parallel after GPU Parallel 1st way, (3, 0, 2, 1) is 0.0002499999999999998
Calculated 2-RDM element with Parallel after GPU Parallel 1st way, (3, 0, 3, 0) is -0.16305
Calculated 2-RDM element with Parallel after GPU Parallel 1st way, (3, 0, 3, 1) is 0.00135
Calculated 2-RDM element with Parallel after GPU Parallel 1st way, (3, 1, 0, 2) is -0.001625
Calculated 2-RDM element with Parallel after GPU Parallel 1st way, (3, 1, 0, 3) is -0.00135
Calculated 2-RDM element with Parallel after GPU Parallel 1st way, (3, 1, 1, 2) is -0.0010999999999999998
Calculated 2-RDM element with Parallel after GPU Parallel 1st way, (3, 1, 3, 1) is -0.1048
Calculated 2-RDM element with Parallel after GPU Parallel 1st way, (3, 2, 2, 2) is 0.0
Calculated 2-RDM element with Parallel after GPU Parallel 1st way, (3, 2, 3, 2) is -0.049949999999999994
Calculated 2-RDM element with Parallel after GPU Parallel 1st way, (3, 3, 3, 2) is 0.0
Calculated 2-RDM element with Parallel after GPU Parallel 1st way, (3, 3, 3, 3) is 0.0
Execution time of get_two_rdm_Parallel: 1.7631702423095703 seconds
Calculated 1-RDM element (0, 0) is 0.9948422229655021
Calculated 1-RDM element (1, 1) is 0.005157777034490607
Calculated 1-RDM element (2, 2) is 0.9948422355568176
Calculated 1-RDM element (3, 3) is 0.005157764443175061
Calculated 1-RDM element (1, 0) is 0.0001127980295222033
Calculated 1-RDM element (0, 1) is 0.0001127980295222033
Calculated 1-RDM element (3, 2) is -1.618536800845154e-05
Calculated 1-RDM element (2, 1) is -6.370443343763936e-17
Calculated 1-RDM element (0, 2) is 6.949101321342715e-21
Calculated 1-RDM element (3, 1) is -1.1292723319071896e-21
Calculated 1-RDM element (0, 3) is -1.904911800666939e-17
Calculated 1-RDM element (1, 2) is -6.370443343763936e-17
Calculated 1-RDM element (2, 3) is -1.618536800845154e-05
Calculated 1-RDM element (3, 0) is -1.904911800666939e-17
Calculated 1-RDM element (1, 3) is -1.1292723319071896e-21
Calculated 1-RDM element (2, 0) is 6.949101321342715e-21
Execution time of get_one_rdm: 1.3454639911651611 seconds
Calculated 1-RDM element with wavefunction (0, 0) is 0.9948422229654984
Calculated 1-RDM element with wavefunction (0, 2) is 6.949101321348797e-21
Calculated 1-RDM element with wavefunction (0, 1) is 0.0001127980295222033
Calculated 1-RDM element with wavefunction (1, 1) is 0.005157777034486926
Calculated 1-RDM element with wavefunction (1, 0) is 0.0001127980295222033
Calculated 1-RDM element with wavefunction (2, 3) is -1.618536800845154e-05
Calculated 1-RDM element with wavefunction (0, 3) is -1.9049118006669392e-17
Calculated 1-RDM element with wavefunction (1, 2) is -6.370443343763936e-17
Calculated 1-RDM element with wavefunction (2, 2) is 0.994842235556814
Calculated 1-RDM element with wavefunction (3, 0) is -1.9049118006669392e-17
Calculated 1-RDM element with wavefunction (2, 0) is 6.949101321348797e-21
Calculated 1-RDM element with wavefunction (3, 2) is -1.618536800845154e-05
Calculated 1-RDM element with wavefunction (3, 1) is -1.1292723319111404e-21
Calculated 1-RDM element with wavefunction (3, 3) is 0.005157764443171362
Calculated 1-RDM element with wavefunction (1, 3) is -1.1292723319111404e-21
Calculated 1-RDM element with wavefunction (2, 1) is -6.370443343763936e-17
Execution time of get_one_rdm_wavefunction: 0.04418492317199707 seconds
Calculated 1-RDM element (0, 0) is 0.9038999999999999
Calculated 1-RDM element (1, 1) is 0.1528
Calculated 1-RDM element (2, 2) is 0.7862
Calculated 1-RDM element (3, 3) is 0.20800000000000002
Calculated 1-RDM element (0, 1) is -0.004
Calculated 1-RDM element (1, 0) is 0.0019500000000000003
Calculated 1-RDM element (1, 2) is -0.0016000000000000003
Calculated 1-RDM element (2, 1) is 0.00075
Calculated 1-RDM element (1, 3) is -0.00535
Calculated 1-RDM element (0, 3) is -0.00185
Calculated 1-RDM element (0, 2) is 0.0026
Calculated 1-RDM element (2, 0) is -0.0046
Calculated 1-RDM element (2, 3) is -0.0019500000000000001
Calculated 1-RDM element (3, 0) is 0.00355
Calculated 1-RDM element (3, 1) is 0.00415
Calculated 1-RDM element (3, 2) is 0.0047
Execution time of get_one_rdm: 1.9223062992095947 seconds
--- [DONE]  Processing for d = 0.50. Data saved. ---
--- [START] Processing for d = 1.0 ---
Attempting to load file: /home/u2600410/H2/H2_1.0_sto-3g.pkl
Using CPU for noisy estimator...
Number of qubits: 4
Execution time of Gene_Qiskit_VQE_hamiltonian: 0.0007631778717041016 seconds
VQE Optimal Energy: -1.10115031
{   'aux_operators_evaluated': None,
    'cost_function_evals': 55,
    'eigenvalue': -1.1011503124749848,
    'optimal_circuit': <qiskit_nature.second_q.circuit.library.ansatzes.uccsd.UCCSD object at 0x1458e047ab10>,
    'optimal_parameters': {   ParameterVectorElement(t[2]): -0.17630705686044026,
                              ParameterVectorElement(t[1]): 0.00012801377382314815,
                              ParameterVectorElement(t[0]): -8.790743819761879e-05},
    'optimal_point': array([-8.79074382e-05,  1.28013774e-04, -1.76307057e-01]),
    'optimal_value': -1.1011503124749848,
    'optimizer_evals': None,
    'optimizer_result': <qiskit_algorithms.optimizers.optimizer.OptimizerResult object at 0x1458e0675100>,
    'optimizer_time': 1.738757610321045}
VQE Optimal Energy: -0.85556280
{   'aux_operators_evaluated': None,
    'cost_function_evals': 37,
    'eigenvalue': -0.8555628037409266,
    'optimal_circuit': <qiskit_nature.second_q.circuit.library.ansatzes.uccsd.UCCSD object at 0x1458de12a090>,
    'optimal_parameters': {   ParameterVectorElement(t[1]): 0.07895591459289505,
                              ParameterVectorElement(t[0]): -0.05443700143813765,
                              ParameterVectorElement(t[2]): -0.1460974767671979},
    'optimal_point': array([-0.054437  ,  0.07895591, -0.14609748]),
    'optimal_value': -0.8555628037409266,
    'optimizer_evals': None,
    'optimizer_result': <qiskit_algorithms.optimizers.optimizer.OptimizerResult object at 0x1458e03ca060>,
    'optimizer_time': 5.684849500656128}
{'IIII': 1.0, 'IIZI': 0.6468, 'IIIZ': -0.7654, 'IIZZ': -0.6838, 'IZII': -0.5472, 'IZIZ': 0.551, 'XYII': 0.0146, 'YYII': -0.1014, 'XYIZ': -0.0058, 'YYIZ': 0.0854, 'XXII': -0.13, 'YXII': 0.0074, 'XXIZ': 0.0878, 'YXIZ': -0.0074, 'IIXY': 0.0102, 'IZXY': 0.009, 'IIYY': 0.0792, 'IZYY': -0.0544, 'IIXX': 0.0816, 'IZXX': -0.0452, 'IIYX': 0.0084, 'IZYX': -0.0066, 'XYXY': 0.156, 'YYXY': 0.0082, 'XYYY': -0.0006, 'YYYY': -0.1908, 'XXXY': 0.0108, 'YXXY': -0.176, 'XXYY': -0.1606, 'YXYY': -0.0184, 'XYXX': -0.0158, 'YYXX': -0.181, 'XYYX': -0.1664, 'YYYX': 0.0168, 'XXXX': -0.182, 'YXXX': -0.0038, 'XXYX': 0.0128, 'YXYX': 0.1774, 'ZIII': 0.5386, 'ZIIZ': -0.5472, 'ZIXY': -0.0142, 'ZIYY': 0.0374, 'ZIXX': 0.044, 'ZIYX': 0.0014, 'IZZI': -0.6282, 'XYZI': 0.0066, 'YYZI': -0.082, 'XXZI': -0.0704, 'YXZI': -0.0062, 'ZIZI': 0.6282, 'ZZII': -0.8056}
Calculated 2-RDM element with Parallel after GPU Parallel 1st way, (0, 0, 0, 0) is 0.0
Calculated 2-RDM element with Parallel after GPU Parallel 1st way, (0, 0, 0, 1) is 0.0
Calculated 2-RDM element with Parallel after GPU Parallel 1st way, (0, 0, 1, 1) is 0.0
Calculated 2-RDM element with Parallel after GPU Parallel 1st way, (0, 1, 0, 1) is -0.10869999999999996
Calculated 2-RDM element with Parallel after GPU Parallel 1st way, (0, 1, 1, 1) is 0.0
Calculated 2-RDM element with Parallel after GPU Parallel 1st way, (0, 2, 0, 2) is -0.7159000000000001
Calculated 2-RDM element with Parallel after GPU Parallel 1st way, (0, 2, 0, 3) is 0.050575
Calculated 2-RDM element with Parallel after GPU Parallel 1st way, (0, 2, 1, 2) is -0.03255
Calculated 2-RDM element with Parallel after GPU Parallel 1st way, (0, 2, 1, 3) is 0.08688749999999998
Calculated 2-RDM element with Parallel after GPU Parallel 1st way, (0, 3, 0, 3) is -0.16989999999999997
Calculated 2-RDM element with Parallel after GPU Parallel 1st way, (0, 3, 1, 2) is 0.0024124999999999997
Calculated 2-RDM element with Parallel after GPU Parallel 1st way, (0, 3, 1, 3) is -0.009925000000000002
Calculated 2-RDM element with Parallel after GPU Parallel 1st way, (0, 3, 2, 0) is -0.050574999999999995
Calculated 2-RDM element with Parallel after GPU Parallel 1st way, (1, 0, 0, 0) is 0.0
Calculated 2-RDM element with Parallel after GPU Parallel 1st way, (1, 0, 1, 0) is -0.10870000000000002
Calculated 2-RDM element with Parallel after GPU Parallel 1st way, (1, 1, 1, 0) is 0.0
Calculated 2-RDM element with Parallel after GPU Parallel 1st way, (1, 1, 1, 1) is 0.0
Calculated 2-RDM element with Parallel after GPU Parallel 1st way, (1, 2, 1, 2) is -0.06805000000000003
Calculated 2-RDM element with Parallel after GPU Parallel 1st way, (1, 2, 1, 3) is 0.009875
Calculated 2-RDM element with Parallel after GPU Parallel 1st way, (1, 2, 2, 0) is 0.03255
Calculated 2-RDM element with Parallel after GPU Parallel 1st way, (1, 2, 3, 0) is -0.0024124999999999997
Calculated 2-RDM element with Parallel after GPU Parallel 1st way, (1, 3, 1, 3) is -0.11069999999999999
Calculated 2-RDM element with Parallel after GPU Parallel 1st way, (1, 3, 2, 0) is -0.08688749999999999
Calculated 2-RDM element with Parallel after GPU Parallel 1st way, (1, 3, 2, 1) is -0.009875
Calculated 2-RDM element with Parallel after GPU Parallel 1st way, (1, 3, 3, 0) is 0.009925000000000002
Calculated 2-RDM element with Parallel after GPU Parallel 1st way, (2, 0, 2, 0) is -0.7159000000000001
Calculated 2-RDM element with Parallel after GPU Parallel 1st way, (2, 0, 2, 1) is -0.03255
Calculated 2-RDM element with Parallel after GPU Parallel 1st way, (2, 0, 3, 0) is 0.050575
Calculated 2-RDM element with Parallel after GPU Parallel 1st way, (2, 0, 3, 1) is 0.08688749999999999
Calculated 2-RDM element with Parallel after GPU Parallel 1st way, (2, 1, 0, 2) is 0.03255
Calculated 2-RDM element with Parallel after GPU Parallel 1st way, (2, 1, 0, 3) is -0.0024124999999999997
Calculated 2-RDM element with Parallel after GPU Parallel 1st way, (2, 1, 2, 1) is -0.06805
Calculated 2-RDM element with Parallel after GPU Parallel 1st way, (2, 1, 3, 1) is 0.009875
Calculated 2-RDM element with Parallel after GPU Parallel 1st way, (2, 2, 2, 2) is 0.0
Calculated 2-RDM element with Parallel after GPU Parallel 1st way, (2, 2, 2, 3) is 0.0
Calculated 2-RDM element with Parallel after GPU Parallel 1st way, (2, 2, 3, 3) is 0.0
Calculated 2-RDM element with Parallel after GPU Parallel 1st way, (2, 3, 2, 3) is -0.05074999999999999
Calculated 2-RDM element with Parallel after GPU Parallel 1st way, (2, 3, 3, 3) is 0.0
Calculated 2-RDM element with Parallel after GPU Parallel 1st way, (3, 0, 0, 2) is -0.050574999999999995
Calculated 2-RDM element with Parallel after GPU Parallel 1st way, (3, 0, 2, 1) is 0.0024124999999999997
Calculated 2-RDM element with Parallel after GPU Parallel 1st way, (3, 0, 3, 0) is -0.16990000000000002
Calculated 2-RDM element with Parallel after GPU Parallel 1st way, (3, 0, 3, 1) is -0.009925000000000002
Calculated 2-RDM element with Parallel after GPU Parallel 1st way, (3, 1, 0, 2) is -0.0868875
Calculated 2-RDM element with Parallel after GPU Parallel 1st way, (3, 1, 0, 3) is 0.009925000000000002
Calculated 2-RDM element with Parallel after GPU Parallel 1st way, (3, 1, 1, 2) is -0.009875
Calculated 2-RDM element with Parallel after GPU Parallel 1st way, (3, 1, 3, 1) is -0.11069999999999999
Calculated 2-RDM element with Parallel after GPU Parallel 1st way, (3, 2, 2, 2) is 0.0
Calculated 2-RDM element with Parallel after GPU Parallel 1st way, (3, 2, 3, 2) is -0.050750000000000045
Calculated 2-RDM element with Parallel after GPU Parallel 1st way, (3, 3, 3, 2) is 0.0
Calculated 2-RDM element with Parallel after GPU Parallel 1st way, (3, 3, 3, 3) is 0.0
Execution time of get_two_rdm_Parallel: 3.67448353767395 seconds
Calculated 2-RDM element with Parallel after GPU Parallel 2nd way, (0, 0, 0, 0) is 0.0
Calculated 2-RDM element with Parallel after GPU Parallel 2nd way, (0, 0, 0, 1) is 0.0
Calculated 2-RDM element with Parallel after GPU Parallel 2nd way, (0, 0, 1, 1) is 0.0
Calculated 2-RDM element with Parallel after GPU Parallel 2nd way, (0, 1, 0, 1) is -0.11095
Calculated 2-RDM element with Parallel after GPU Parallel 2nd way, (0, 1, 1, 1) is 0.0
Calculated 2-RDM element with Parallel after GPU Parallel 2nd way, (0, 2, 0, 2) is -0.7162
Calculated 2-RDM element with Parallel after GPU Parallel 2nd way, (0, 2, 0, 3) is 0.047575
Calculated 2-RDM element with Parallel after GPU Parallel 2nd way, (0, 2, 1, 2) is -0.031775000000000005
Calculated 2-RDM element with Parallel after GPU Parallel 2nd way, (0, 2, 1, 3) is 0.08501249999999999
Calculated 2-RDM element with Parallel after GPU Parallel 2nd way, (0, 3, 0, 3) is -0.17269999999999996
Calculated 2-RDM element with Parallel after GPU Parallel 2nd way, (0, 3, 1, 2) is 0.003187500000000003
Calculated 2-RDM element with Parallel after GPU Parallel 2nd way, (0, 3, 1, 3) is -0.013500000000000002
Calculated 2-RDM element with Parallel after GPU Parallel 2nd way, (0, 3, 2, 0) is -0.047575000000000006
Calculated 2-RDM element with Parallel after GPU Parallel 2nd way, (1, 0, 0, 0) is 0.0
Calculated 2-RDM element with Parallel after GPU Parallel 2nd way, (1, 0, 1, 0) is -0.11095
Calculated 2-RDM element with Parallel after GPU Parallel 2nd way, (1, 1, 1, 0) is 0.0
Calculated 2-RDM element with Parallel after GPU Parallel 2nd way, (1, 1, 1, 1) is 0.0
Calculated 2-RDM element with Parallel after GPU Parallel 2nd way, (1, 2, 1, 2) is -0.0597
Calculated 2-RDM element with Parallel after GPU Parallel 2nd way, (1, 2, 1, 3) is 0.003700000000000002
Calculated 2-RDM element with Parallel after GPU Parallel 2nd way, (1, 2, 2, 0) is 0.031775
Calculated 2-RDM element with Parallel after GPU Parallel 2nd way, (1, 2, 3, 0) is -0.003187500000000003
Calculated 2-RDM element with Parallel after GPU Parallel 2nd way, (1, 3, 1, 3) is -0.11065
Calculated 2-RDM element with Parallel after GPU Parallel 2nd way, (1, 3, 2, 0) is -0.08501249999999999
Calculated 2-RDM element with Parallel after GPU Parallel 2nd way, (1, 3, 2, 1) is -0.003700000000000002
Calculated 2-RDM element with Parallel after GPU Parallel 2nd way, (1, 3, 3, 0) is 0.0135
Calculated 2-RDM element with Parallel after GPU Parallel 2nd way, (2, 0, 2, 0) is -0.7162000000000001
Calculated 2-RDM element with Parallel after GPU Parallel 2nd way, (2, 0, 2, 1) is -0.031775000000000005
Calculated 2-RDM element with Parallel after GPU Parallel 2nd way, (2, 0, 3, 0) is 0.047575
Calculated 2-RDM element with Parallel after GPU Parallel 2nd way, (2, 0, 3, 1) is 0.08501249999999999
Calculated 2-RDM element with Parallel after GPU Parallel 2nd way, (2, 1, 0, 2) is 0.031775
Calculated 2-RDM element with Parallel after GPU Parallel 2nd way, (2, 1, 0, 3) is -0.003187500000000003
Calculated 2-RDM element with Parallel after GPU Parallel 2nd way, (2, 1, 2, 1) is -0.05970000000000003
Calculated 2-RDM element with Parallel after GPU Parallel 2nd way, (2, 1, 3, 1) is 0.003700000000000002
Calculated 2-RDM element with Parallel after GPU Parallel 2nd way, (2, 2, 2, 2) is 0.0
Calculated 2-RDM element with Parallel after GPU Parallel 2nd way, (2, 2, 2, 3) is 0.0
Calculated 2-RDM element with Parallel after GPU Parallel 2nd way, (2, 2, 3, 3) is 0.0
Calculated 2-RDM element with Parallel after GPU Parallel 2nd way, (2, 3, 2, 3) is -0.0489
Calculated 2-RDM element with Parallel after GPU Parallel 2nd way, (2, 3, 3, 3) is 0.0
Calculated 2-RDM element with Parallel after GPU Parallel 2nd way, (3, 0, 0, 2) is -0.047575000000000006
Calculated 2-RDM element with Parallel after GPU Parallel 2nd way, (3, 0, 2, 1) is 0.003187500000000003
Calculated 2-RDM element with Parallel after GPU Parallel 2nd way, (3, 0, 3, 0) is -0.17269999999999996
Calculated 2-RDM element with Parallel after GPU Parallel 2nd way, (3, 0, 3, 1) is -0.013500000000000002
Calculated 2-RDM element with Parallel after GPU Parallel 2nd way, (3, 1, 0, 2) is -0.0850125
Calculated 2-RDM element with Parallel after GPU Parallel 2nd way, (3, 1, 0, 3) is 0.0135
Calculated 2-RDM element with Parallel after GPU Parallel 2nd way, (3, 1, 1, 2) is -0.003700000000000002
Calculated 2-RDM element with Parallel after GPU Parallel 2nd way, (3, 1, 3, 1) is -0.11065
Calculated 2-RDM element with Parallel after GPU Parallel 2nd way, (3, 2, 2, 2) is 0.0
Calculated 2-RDM element with Parallel after GPU Parallel 2nd way, (3, 2, 3, 2) is -0.04889999999999997
Calculated 2-RDM element with Parallel after GPU Parallel 2nd way, (3, 3, 3, 2) is 0.0
Calculated 2-RDM element with Parallel after GPU Parallel 2nd way, (3, 3, 3, 3) is 0.0
Execution time of get_two_rdm_Parallel2: 1.9120361804962158 seconds
{'IIII': 1.0, 'IIZI': 0.6516, 'IIIZ': -0.778, 'IIZZ': -0.6816, 'IZII': -0.5446, 'IZIZ': 0.5608, 'XYII': -0.0104, 'YYII': -0.1004, 'XYIZ': 0.01, 'YYIZ': 0.0868, 'XXII': -0.0886, 'YXII': 0.0236, 'XXIZ': 0.092, 'YXIZ': 0.0034, 'IIXY': 0.0086, 'IZXY': -0.003, 'IIYY': 0.0754, 'IZYY': -0.059, 'IIXX': 0.0882, 'IZXX': -0.061, 'IIYX': 0.01, 'IZYX': -0.0128, 'XYXY': 0.1946, 'YYXY': -0.0002, 'XYYY': -0.0016, 'YYYY': -0.1704, 'XXXY': -0.0222, 'YXXY': -0.1574, 'XXYY': -0.181, 'YXYY': 0.033, 'XYXX': -0.0156, 'YYXX': -0.1872, 'XYYX': -0.1716, 'YYYX': 0.0074, 'XXXX': -0.1586, 'YXXX': -0.0086, 'XXYX': 0.025, 'YXYX': 0.1656, 'ZIII': 0.5414, 'ZIIZ': -0.5454, 'ZIXY': -0.0074, 'ZIYY': 0.0372, 'ZIXX': 0.0574, 'ZIYX': 0.0006, 'IZZI': -0.6468, 'XYZI': -0.009, 'YYZI': -0.0752, 'XXZI': -0.0836, 'YXZI': -0.008, 'ZIZI': 0.639, 'ZZII': -0.813}
Calculated 2-RDM element with Parallel after GPU Parallel 3th way, (0, 0, 0, 0) is 0.0
Calculated 2-RDM element with Parallel after GPU Parallel 3th way, (0, 0, 1, 1) is 0.0
Calculated 2-RDM element with Parallel after GPU Parallel 3th way, (0, 0, 0, 1) is 0.0
Calculated 2-RDM element with Parallel after GPU Parallel 3th way, (0, 1, 0, 1) is -0.11120000000000002
Calculated 2-RDM element with Parallel after GPU Parallel 3th way, (0, 3, 1, 3) is -0.008624999999999999
Calculated 2-RDM element with Parallel after GPU Parallel 3th way, (0, 2, 1, 2) is -0.035449999999999995
Calculated 2-RDM element with Parallel after GPU Parallel 3th way, (0, 1, 1, 1) is 0.0
Calculated 2-RDM element with Parallel after GPU Parallel 3th way, (0, 2, 0, 2) is -0.72085
Calculated 2-RDM element with Parallel after GPU Parallel 3th way, (0, 2, 0, 3) is 0.045974999999999995
Calculated 2-RDM element with Parallel after GPU Parallel 3th way, (1, 2, 1, 2) is -0.061549999999999994
Calculated 2-RDM element with Parallel after GPU Parallel 3th way, (1, 0, 1, 0) is -0.11120000000000002
Calculated 2-RDM element with Parallel after GPU Parallel 3th way, (1, 2, 1, 3) is 0.0037750000000000006
Calculated 2-RDM element with Parallel after GPU Parallel 3th way, (1, 2, 2, 0) is 0.035449999999999995
Calculated 2-RDM element with Parallel after GPU Parallel 3th way, (1, 1, 1, 1) is 0.0
Calculated 2-RDM element with Parallel after GPU Parallel 3th way, (0, 3, 1, 2) is 0.0004999999999999987
Calculated 2-RDM element with Parallel after GPU Parallel 3th way, (1, 2, 3, 0) is -0.0004999999999999987
Calculated 2-RDM element with Parallel after GPU Parallel 3th way, (1, 1, 1, 0) is 0.0
Calculated 2-RDM element with Parallel after GPU Parallel 3th way, (0, 3, 2, 0) is -0.045974999999999995
Calculated 2-RDM element with Parallel after GPU Parallel 3th way, (1, 3, 3, 0) is 0.008624999999999999
Calculated 2-RDM element with Parallel after GPU Parallel 3th way, (1, 3, 1, 3) is -0.11150000000000002
Calculated 2-RDM element with Parallel after GPU Parallel 3th way, (2, 0, 2, 1) is -0.035449999999999995
Calculated 2-RDM element with Parallel after GPU Parallel 3th way, (2, 0, 3, 1) is 0.08665
Calculated 2-RDM element with Parallel after GPU Parallel 3th way, (1, 0, 0, 0) is 0.0
Calculated 2-RDM element with Parallel after GPU Parallel 3th way, (1, 3, 2, 0) is -0.08665
Calculated 2-RDM element with Parallel after GPU Parallel 3th way, (2, 3, 2, 3) is -0.04755000000000004
Calculated 2-RDM element with Parallel after GPU Parallel 3th way, (2, 0, 3, 0) is 0.045974999999999995
Calculated 2-RDM element with Parallel after GPU Parallel 3th way, (2, 2, 3, 3) is 0.0
Calculated 2-RDM element with Parallel after GPU Parallel 3th way, (2, 1, 0, 2) is 0.035449999999999995
Calculated 2-RDM element with Parallel after GPU Parallel 3th way, (2, 2, 2, 2) is 0.0
Calculated 2-RDM element with Parallel after GPU Parallel 3th way, (2, 1, 0, 3) is -0.0004999999999999987
Calculated 2-RDM element with Parallel after GPU Parallel 3th way, (2, 2, 2, 3) is 0.0
Calculated 2-RDM element with Parallel after GPU Parallel 3th way, (2, 1, 3, 1) is 0.0037750000000000006
Calculated 2-RDM element with Parallel after GPU Parallel 3th way, (0, 3, 0, 3) is -0.17280000000000004
Calculated 2-RDM element with Parallel after GPU Parallel 3th way, (3, 0, 0, 2) is -0.045974999999999995
Calculated 2-RDM element with Parallel after GPU Parallel 3th way, (3, 1, 0, 2) is -0.08665
Calculated 2-RDM element with Parallel after GPU Parallel 3th way, (2, 0, 2, 0) is -0.72085
Calculated 2-RDM element with Parallel after GPU Parallel 3th way, (3, 1, 0, 3) is 0.008624999999999999
Calculated 2-RDM element with Parallel after GPU Parallel 3th way, (3, 1, 1, 2) is -0.0037750000000000006
Calculated 2-RDM element with Parallel after GPU Parallel 3th way, (2, 3, 3, 3) is 0.0
Calculated 2-RDM element with Parallel after GPU Parallel 3th way, (3, 0, 2, 1) is 0.0004999999999999987
Calculated 2-RDM element with Parallel after GPU Parallel 3th way, (2, 1, 2, 1) is -0.061549999999999994
Calculated 2-RDM element with Parallel after GPU Parallel 3th way, (3, 2, 2, 2) is 0.0
Calculated 2-RDM element with Parallel after GPU Parallel 3th way, (0, 2, 1, 3) is 0.08665
Calculated 2-RDM element with Parallel after GPU Parallel 3th way, (3, 3, 3, 2) is 0.0
Calculated 2-RDM element with Parallel after GPU Parallel 3th way, (3, 3, 3, 3) is 0.0
Calculated 2-RDM element with Parallel after GPU Parallel 3th way, (3, 0, 3, 0) is -0.17280000000000004
Calculated 2-RDM element with Parallel after GPU Parallel 3th way, (3, 0, 3, 1) is -0.008624999999999999
Calculated 2-RDM element with Parallel after GPU Parallel 3th way, (3, 2, 3, 2) is -0.04755000000000004
Calculated 2-RDM element with Parallel after GPU Parallel 3th way, (1, 3, 2, 1) is -0.0037750000000000006
Calculated 2-RDM element with Parallel after GPU Parallel 3th way, (3, 1, 3, 1) is -0.11150000000000002
Execution time of get_two_rdm_Parallel3: 1.9812679290771484 seconds
Number of 'cx' gates before replacing gates: 56
Number of 'h' gates before replacing gates: 72
Number of 's' gates before replacing gates: 24
Number of 'rz' gates before replacing gates: 32
Number of 'x' gates before replacing gates: 0
Number of 'y' gates before replacing gates: 0
Number of parameterized gates before replacing gates: 0
{ParameterVectorElement(t[0]): -8.790743819761879e-05, ParameterVectorElement(t[1]): 0.00012801377382314815, ParameterVectorElement(t[2]): -0.17630705686044026}
Total parameter gates replaced: 0
Number of 'cx' gates after replacing gates: 56
Number of 'h' gates after replacing gates: 72
Number of 's' gates after replacing gates: 24
Number of 'rz' gates after replacing gates: 32
Number of 'x' gates after replacing gates: 0
Number of 'y' gates after replacing gates: 0
Number of 'z' gates after replacing gates: 0
Gate replacement successful.
Calculated 1-RDM element with wavefunction (0, 0) is 0.9692365543090348
Calculated 1-RDM element with wavefunction (0, 1) is 0.00010899769372336762
Calculated 1-RDM element with wavefunction (0, 2) is -2.315568519712554e-20
Calculated 1-RDM element with wavefunction (0, 3) is -2.323971963467081e-17
Calculated 1-RDM element with wavefunction (1, 0) is 0.00010899769372336762
Calculated 1-RDM element with wavefunction (1, 2) is 1.692125643690672e-16
Calculated 1-RDM element with wavefunction (1, 3) is -2.8203077381537885e-20
Calculated 1-RDM element with wavefunction (2, 0) is -2.315568519712554e-20
Calculated 1-RDM element with wavefunction (2, 1) is 1.692125643690672e-16
Calculated 1-RDM element with wavefunction (1, 1) is 0.030763445690953253
Calculated 1-RDM element with wavefunction (3, 0) is -2.323971963467081e-17
Calculated 1-RDM element with wavefunction (2, 2) is 0.9692365456492262
Calculated 1-RDM element with wavefunction (3, 1) is -2.8203077381537885e-20
Calculated 1-RDM element with wavefunction (3, 3) is 0.030763454350761783
Calculated 1-RDM element with wavefunction (2, 3) is -0.000141447851138519
Calculated 1-RDM element with wavefunction (3, 2) is -0.000141447851138519
Execution time of get_one_rdm_wavefunction: 0.0667123794555664 seconds
Calculated 2-RDM element with wavefunction (0, 0, 0, 0) is 0.0
Calculated 2-RDM element with wavefunction (0, 0, 0, 1) is 0.0
Calculated 2-RDM element with wavefunction (0, 0, 1, 1) is 0.0
Calculated 2-RDM element with wavefunction (0, 1, 0, 1) is -6.819436241259627e-32
Calculated 2-RDM element with wavefunction (0, 2, 0, 3) is 0.00012602931815834867
Calculated 2-RDM element with wavefunction (0, 2, 1, 2) is -8.654470635648261e-05
Calculated 2-RDM element with wavefunction (0, 1, 1, 1) is 0.0
Calculated 2-RDM element with wavefunction (0, 2, 0, 2) is -0.9692365379215087
Calculated 2-RDM element with wavefunction (0, 2, 1, 3) is 0.1726761364695472
Calculated 2-RDM element with wavefunction (0, 3, 0, 3) is -1.6387526072345152e-08
Calculated 2-RDM element with wavefunction (1, 0, 0, 0) is 0.0
Calculated 2-RDM element with wavefunction (1, 1, 1, 0) is 0.0
Calculated 2-RDM element with wavefunction (1, 3, 2, 0) is -0.1726761364695472
Calculated 2-RDM element with wavefunction (1, 1, 1, 1) is 0.0
Calculated 2-RDM element with wavefunction (1, 2, 1, 2) is -7.727717543946287e-09
Calculated 2-RDM element with wavefunction (0, 3, 1, 2) is 1.125336272991939e-08
Calculated 2-RDM element with wavefunction (0, 3, 2, 0) is -0.00012602931815834867
Calculated 2-RDM element with wavefunction (2, 0, 3, 0) is 0.00012602931815834867
Calculated 2-RDM element with wavefunction (2, 0, 2, 0) is -0.9692365379215087
Calculated 2-RDM element with wavefunction (1, 0, 1, 0) is -6.819436241259627e-32
Calculated 2-RDM element with wavefunction (2, 2, 2, 3) is 0.0
Calculated 2-RDM element with wavefunction (1, 2, 2, 0) is 8.654470635648261e-05
Calculated 2-RDM element with wavefunction (1, 2, 1, 3) is 1.541853298017032e-05
Calculated 2-RDM element with wavefunction (2, 0, 2, 1) is -8.654470635648261e-05
Calculated 2-RDM element with wavefunction (2, 3, 3, 3) is 0.0
Calculated 2-RDM element with wavefunction (1, 3, 2, 1) is -1.541853298017032e-05
Calculated 2-RDM element with wavefunction (0, 3, 1, 3) is -2.245298736688501e-05
Calculated 2-RDM element with wavefunction (2, 2, 3, 3) is 0.0
Calculated 2-RDM element with wavefunction (2, 2, 2, 2) is 0.0
Calculated 2-RDM element with wavefunction (2, 1, 2, 1) is -7.727717543946287e-09
Calculated 2-RDM element with wavefunction (2, 0, 3, 1) is 0.1726761364695472
Calculated 2-RDM element with wavefunction (2, 1, 0, 3) is -1.125336272991939e-08
Calculated 2-RDM element with wavefunction (1, 3, 1, 3) is -0.03076343796323571
Calculated 2-RDM element with wavefunction (3, 0, 0, 2) is -0.00012602931815834867
Calculated 2-RDM element with wavefunction (2, 1, 0, 2) is 8.654470635648261e-05
Calculated 2-RDM element with wavefunction (3, 3, 3, 3) is 0.0
Calculated 2-RDM element with wavefunction (2, 1, 3, 1) is 1.541853298017032e-05
Calculated 2-RDM element with wavefunction (3, 1, 0, 3) is 2.245298736688501e-05
Calculated 2-RDM element with wavefunction (3, 0, 2, 1) is 1.125336272991939e-08
Calculated 2-RDM element with wavefunction (3, 0, 3, 0) is -1.6387526072345152e-08
Calculated 2-RDM element with wavefunction (1, 2, 3, 0) is -1.125336272991939e-08
Calculated 2-RDM element with wavefunction (3, 1, 3, 1) is -0.03076343796323571
Calculated 2-RDM element with wavefunction (3, 1, 1, 2) is -1.541853298017032e-05
Calculated 2-RDM element with wavefunction (3, 1, 0, 2) is -0.1726761364695472
Calculated 2-RDM element with wavefunction (1, 3, 3, 0) is 2.245298736688501e-05
Calculated 2-RDM element with wavefunction (3, 0, 3, 1) is -2.245298736688501e-05
Calculated 2-RDM element with wavefunction (3, 2, 2, 2) is 0.0
Calculated 2-RDM element with wavefunction (2, 3, 2, 3) is -1.8576119210615223e-32
Calculated 2-RDM element with wavefunction (3, 2, 3, 2) is -1.8576119210615223e-32
Calculated 2-RDM element with wavefunction (3, 3, 3, 2) is 0.0
Execution time of get_two_rdm_wavefunction: 0.1991710662841797 seconds
Calculated 2-RDM element (0, 0, 1, 1) is 0.0
Calculated 2-RDM element (0, 0, 0, 1) is 0.0
Calculated 2-RDM element (0, 1, 1, 1) is 0.0
Calculated 2-RDM element (0, 0, 0, 0) is 0.0
Calculated 2-RDM element (1, 1, 1, 0) is 0.0
Calculated 2-RDM element (2, 2, 3, 3) is 0.0
Calculated 2-RDM element (2, 2, 2, 3) is 0.0
Calculated 2-RDM element (1, 0, 0, 0) is 0.0
Calculated 2-RDM element (1, 1, 1, 1) is 0.0
Calculated 2-RDM element (2, 3, 3, 3) is 0.0
Calculated 2-RDM element (2, 2, 2, 2) is 0.0
Calculated 2-RDM element (3, 2, 2, 2) is 0.0
Calculated 2-RDM element (3, 3, 3, 2) is 0.0
Calculated 2-RDM element (3, 3, 3, 3) is 0.0
Calculated 2-RDM element (1, 3, 1, 3) is -0.11730000000000002
Calculated 2-RDM element (1, 2, 1, 2) is -0.06034999999999999
Calculated 2-RDM element (0, 2, 0, 2) is -0.7163999999999999
Calculated 2-RDM element (0, 3, 0, 3) is -0.16505
Calculated 2-RDM element (2, 1, 2, 1) is -0.06509999999999999
Calculated 2-RDM element (0, 1, 0, 1) is -0.11184999999999998
Calculated 2-RDM element (2, 0, 2, 0) is -0.7225999999999999
Calculated 2-RDM element (1, 0, 1, 0) is -0.10514999999999997
Calculated 2-RDM element (2, 3, 2, 3) is -0.04934999999999998
Calculated 2-RDM element (3, 0, 3, 0) is -0.16295000000000004
Calculated 2-RDM element (3, 1, 3, 1) is -0.11865
Calculated 2-RDM element (3, 2, 3, 2) is -0.05130000000000001
Calculated 2-RDM element (0, 2, 0, 3) is 0.0017499999999999998
Calculated 2-RDM element (1, 2, 2, 0) is 0.0024000000000000002
Calculated 2-RDM element (1, 3, 3, 0) is -0.00010000000000000005
Calculated 2-RDM element (2, 0, 3, 0) is -0.0022500000000000003
Calculated 2-RDM element (0, 3, 2, 0) is -0.00017500000000000013
Calculated 2-RDM element (2, 1, 0, 2) is -0.0005500000000000001
Calculated 2-RDM element (1, 3, 2, 1) is -0.0022500000000000003
Calculated 2-RDM element (0, 3, 1, 3) is 0.0018249999999999998
Calculated 2-RDM element (2, 0, 2, 1) is 0.002
Calculated 2-RDM element (0, 2, 1, 2) is 0.0009750000000000001
Calculated 2-RDM element (3, 0, 0, 2) is -0.0016749999999999998
Calculated 2-RDM element (2, 1, 3, 1) is -0.0036
Calculated 2-RDM element (3, 0, 3, 1) is 0.000975
Calculated 2-RDM element (1, 2, 1, 3) is 0.0016749999999999998
Calculated 2-RDM element (3, 1, 0, 3) is 0.00245
Calculated 2-RDM element (3, 1, 1, 2) is 0.003875
Calculated 2-RDM element (1, 2, 3, 0) is -0.003912499999999994
Calculated 2-RDM element (1, 3, 2, 0) is -0.100075
Calculated 2-RDM element (0, 2, 1, 3) is 0.10070000000000001
Calculated 2-RDM element (3, 0, 2, 1) is -0.001125000000000001
Calculated 2-RDM element (2, 1, 0, 3) is 0.002887499999999996
Calculated 2-RDM element (2, 0, 3, 1) is 0.10098750000000001
Calculated 2-RDM element (0, 3, 1, 2) is -0.0024374999999999987
Calculated 2-RDM element (3, 1, 0, 2) is -0.10220000000000001
Execution time of get_two_rdm: 12.50346827507019 seconds
Calculated 1-RDM element (0, 0) is 0.8804000000000001
Calculated 1-RDM element (1, 1) is 0.1778
Calculated 1-RDM element (2, 2) is 0.7738
Calculated 1-RDM element (3, 3) is 0.2188
Calculated 1-RDM element (0, 1) is 0.006999999999999999
Calculated 1-RDM element (0, 3) is -0.00435
Calculated 1-RDM element (1, 3) is -0.00315
Calculated 1-RDM element (1, 0) is 0.0008499999999999998
Calculated 1-RDM element (1, 2) is 0.0007999999999999999
Calculated 1-RDM element (0, 2) is -0.0046
Calculated 1-RDM element (2, 1) is 0.0021000000000000003
Calculated 1-RDM element (2, 0) is 0.00275
Calculated 1-RDM element (3, 2) is -0.0032
Calculated 1-RDM element (2, 3) is -0.0021999999999999997
Calculated 1-RDM element (3, 0) is 0.005
Calculated 1-RDM element (3, 1) is 0.0010999999999999998
Execution time of get_one_rdm: 2.0866832733154297 seconds
Calculated 2-RDM element (0, 0, 0, 1) is 0.0
Calculated 2-RDM element (0, 0, 0, 0) is 0.0
Calculated 2-RDM element (1, 1, 1, 0) is 0.0
Calculated 2-RDM element (0, 0, 1, 1) is 0.0
Calculated 2-RDM element (0, 1, 1, 1) is 0.0
Calculated 2-RDM element (1, 0, 0, 0) is 0.0
Calculated 2-RDM element (1, 1, 1, 1) is 0.0
Calculated 2-RDM element (2, 2, 2, 3) is 0.0
Calculated 2-RDM element (2, 2, 2, 2) is 0.0
Calculated 2-RDM element (2, 2, 3, 3) is 0.0
Calculated 2-RDM element (2, 3, 3, 3) is 0.0
Calculated 2-RDM element (3, 2, 2, 2) is 0.0
Calculated 2-RDM element (3, 3, 3, 2) is 0.0
Calculated 2-RDM element (3, 3, 3, 3) is 0.0
Calculated 2-RDM element (1, 0, 1, 0) is -1.6375789613221059e-15
Calculated 2-RDM element (1, 3, 1, 3) is -0.030763437963237272
Calculated 2-RDM element (0, 3, 0, 3) is -1.6387527723704665e-08
Calculated 2-RDM element (0, 1, 0, 1) is -1.6375789613221059e-15
Calculated 2-RDM element (0, 2, 0, 2) is -0.9692365379215089
Calculated 2-RDM element (1, 2, 1, 2) is -7.727719242289766e-09
Calculated 2-RDM element (2, 3, 2, 3) is -1.6653345369377348e-15
Calculated 2-RDM element (2, 0, 2, 0) is -0.9692365379215089
Calculated 2-RDM element (2, 1, 2, 1) is -7.727719242289766e-09
Calculated 2-RDM element (3, 0, 3, 0) is -1.6387527723704665e-08
Calculated 2-RDM element (3, 1, 3, 1) is -0.030763437963237272
Calculated 2-RDM element (3, 2, 3, 2) is -1.6653345369377348e-15
Calculated 2-RDM element (1, 2, 1, 3) is 1.5418532980159116e-05
Calculated 2-RDM element (0, 2, 0, 3) is 0.00012602931815830528
Calculated 2-RDM element (0, 3, 1, 3) is -2.2452987366877255e-05
Calculated 2-RDM element (3, 0, 0, 2) is -0.00012602931815830528
Calculated 2-RDM element (2, 1, 0, 2) is 8.654470635641977e-05
Calculated 2-RDM element (1, 2, 2, 0) is 8.654470635641977e-05
Calculated 2-RDM element (1, 3, 3, 0) is 2.2452987366877255e-05
Calculated 2-RDM element (0, 2, 1, 2) is -8.654470635641977e-05
Calculated 2-RDM element (2, 0, 3, 0) is 0.00012602931815830528
Calculated 2-RDM element (3, 0, 3, 1) is -2.2452987366877255e-05
Calculated 2-RDM element (2, 0, 2, 1) is -8.654470635641977e-05
Calculated 2-RDM element (1, 3, 2, 1) is -1.5418532980159116e-05
Calculated 2-RDM element (0, 3, 2, 0) is -0.00012602931815830528
Calculated 2-RDM element (2, 1, 3, 1) is 1.5418532980159116e-05
Calculated 2-RDM element (3, 1, 1, 2) is -1.5418532980159116e-05
Calculated 2-RDM element (3, 1, 0, 3) is 2.2452987366877255e-05
Calculated 2-RDM element (3, 1, 0, 2) is -0.17267613646954683
Calculated 2-RDM element (1, 3, 2, 0) is -0.17267613646954683
Calculated 2-RDM element (2, 1, 0, 3) is -1.125336274165889e-08
Calculated 2-RDM element (1, 2, 3, 0) is -1.125336274165889e-08
Calculated 2-RDM element (0, 3, 1, 2) is 1.125336274165889e-08
Calculated 2-RDM element (0, 2, 1, 3) is 0.17267613646954683
Calculated 2-RDM element (2, 0, 3, 1) is 0.17267613646954683
Calculated 2-RDM element (3, 0, 2, 1) is 1.125336274165889e-08
Execution time of get_two_rdm: 5.052823305130005 seconds
Calculated 2-RDM element with wavefunction (0, 0, 0, 0) is 0.0
Calculated 2-RDM element with wavefunction (0, 0, 0, 1) is 0.0
Calculated 2-RDM element with wavefunction (0, 1, 0, 1) is -4.356437570711264e-32
Calculated 2-RDM element with wavefunction (0, 0, 1, 1) is 0.0
Calculated 2-RDM element with wavefunction (0, 3, 0, 3) is -1.638752607233389e-08
Calculated 2-RDM element with wavefunction (0, 2, 0, 2) is -0.9692365379215073
Calculated 2-RDM element with wavefunction (1, 0, 0, 0) is 0.0
Calculated 2-RDM element with wavefunction (0, 1, 1, 1) is 0.0
Calculated 2-RDM element with wavefunction (0, 3, 2, 0) is -0.00012602931815830528
Calculated 2-RDM element with wavefunction (0, 2, 0, 3) is 0.00012602931815830528
Calculated 2-RDM element with wavefunction (1, 1, 1, 1) is 0.0
Calculated 2-RDM element with wavefunction (0, 2, 1, 3) is 0.17267613646954683
Calculated 2-RDM element with wavefunction (1, 0, 1, 0) is -4.356437570711264e-32
Calculated 2-RDM element with wavefunction (1, 1, 1, 0) is 0.0
Calculated 2-RDM element with wavefunction (1, 2, 1, 3) is 1.541853298015911e-05
Calculated 2-RDM element with wavefunction (1, 2, 1, 2) is -7.727717543935074e-09
Calculated 2-RDM element with wavefunction (1, 2, 2, 0) is 8.654470635641977e-05
Calculated 2-RDM element with wavefunction (0, 3, 1, 3) is -2.2452987366877262e-05
Calculated 2-RDM element with wavefunction (2, 0, 2, 1) is -8.654470635641977e-05
Calculated 2-RDM element with wavefunction (2, 2, 2, 2) is 0.0
Calculated 2-RDM element with wavefunction (2, 1, 0, 2) is 8.654470635641977e-05
Calculated 2-RDM element with wavefunction (1, 3, 1, 3) is -0.03076343796323562
Calculated 2-RDM element with wavefunction (2, 3, 3, 3) is 0.0
Calculated 2-RDM element with wavefunction (1, 3, 2, 1) is -1.541853298015911e-05
Calculated 2-RDM element with wavefunction (1, 2, 3, 0) is -1.125336272990736e-08
Calculated 2-RDM element with wavefunction (1, 3, 2, 0) is -0.17267613646954683
Calculated 2-RDM element with wavefunction (2, 0, 2, 0) is -0.9692365379215073
Calculated 2-RDM element with wavefunction (3, 2, 2, 2) is 0.0
Calculated 2-RDM element with wavefunction (2, 1, 0, 3) is -1.125336272990736e-08
Calculated 2-RDM element with wavefunction (1, 3, 3, 0) is 2.2452987366877262e-05
Calculated 2-RDM element with wavefunction (0, 2, 1, 2) is -8.654470635641977e-05
Calculated 2-RDM element with wavefunction (3, 3, 3, 3) is 0.0
Calculated 2-RDM element with wavefunction (2, 0, 3, 1) is 0.17267613646954683
Calculated 2-RDM element with wavefunction (0, 3, 1, 2) is 1.125336272990736e-08
Calculated 2-RDM element with wavefunction (2, 1, 2, 1) is -7.727717543935074e-09
Calculated 2-RDM element with wavefunction (3, 1, 3, 1) is -0.03076343796323562
Calculated 2-RDM element with wavefunction (3, 0, 3, 0) is -1.638752607233389e-08
Calculated 2-RDM element with wavefunction (2, 3, 2, 3) is -2.634349229104002e-32
Calculated 2-RDM element with wavefunction (2, 2, 2, 3) is 0.0
Calculated 2-RDM element with wavefunction (3, 0, 2, 1) is 1.125336272990736e-08
Calculated 2-RDM element with wavefunction (3, 1, 0, 3) is 2.2452987366877262e-05
Calculated 2-RDM element with wavefunction (3, 0, 3, 1) is -2.2452987366877262e-05
Calculated 2-RDM element with wavefunction (3, 3, 3, 2) is 0.0
Calculated 2-RDM element with wavefunction (2, 0, 3, 0) is 0.00012602931815830528
Calculated 2-RDM element with wavefunction (2, 2, 3, 3) is 0.0
Calculated 2-RDM element with wavefunction (3, 1, 1, 2) is -1.541853298015911e-05
Calculated 2-RDM element with wavefunction (3, 0, 0, 2) is -0.00012602931815830528
Calculated 2-RDM element with wavefunction (2, 1, 3, 1) is 1.541853298015911e-05
Calculated 2-RDM element with wavefunction (3, 1, 0, 2) is -0.17267613646954683
Calculated 2-RDM element with wavefunction (3, 2, 3, 2) is -2.634349229104002e-32
Execution time of get_two_rdm_wavefunction: 0.1591649055480957 seconds
Calculated 2-RDM element (0, 0, 0, 1) is 0.0
Calculated 2-RDM element (0, 1, 1, 1) is 0.0
Calculated 2-RDM element (0, 0, 1, 1) is 0.0
Calculated 2-RDM element (0, 0, 0, 0) is 0.0
Calculated 2-RDM element (1, 0, 0, 0) is 0.0
Calculated 2-RDM element (1, 1, 1, 1) is 0.0
Calculated 2-RDM element (1, 1, 1, 0) is 0.0
Calculated 2-RDM element (2, 3, 3, 3) is 0.0
Calculated 2-RDM element (2, 2, 2, 3) is 0.0
Calculated 2-RDM element (2, 2, 2, 2) is 0.0
Calculated 2-RDM element (2, 2, 3, 3) is 0.0
Calculated 2-RDM element (3, 2, 2, 2) is 0.0
Calculated 2-RDM element (3, 3, 3, 2) is 0.0
Calculated 2-RDM element (3, 3, 3, 3) is 0.0
Calculated 2-RDM element (0, 2, 0, 2) is -0.7182499999999999
Calculated 2-RDM element (0, 1, 0, 1) is -0.10885000000000003
Calculated 2-RDM element (0, 3, 0, 3) is -0.16514999999999996
Calculated 2-RDM element (1, 2, 1, 2) is -0.06755
Calculated 2-RDM element (1, 0, 1, 0) is -0.10549999999999995
Calculated 2-RDM element (1, 3, 1, 3) is -0.11505000000000001
Calculated 2-RDM element (2, 3, 2, 3) is -0.04999999999999996
Calculated 2-RDM element (2, 1, 2, 1) is -0.066
Calculated 2-RDM element (2, 0, 2, 0) is -0.72125
Calculated 2-RDM element (3, 0, 3, 0) is -0.16629999999999998
Calculated 2-RDM element (3, 1, 3, 1) is -0.10685
Calculated 2-RDM element (3, 2, 3, 2) is -0.051100000000000034
Calculated 2-RDM element (0, 2, 1, 2) is -0.032475
Calculated 2-RDM element (0, 3, 2, 0) is -0.0443
Calculated 2-RDM element (0, 3, 1, 3) is -0.0105
Calculated 2-RDM element (0, 2, 0, 3) is 0.04365
Calculated 2-RDM element (1, 2, 1, 3) is 0.004899999999999998
Calculated 2-RDM element (1, 2, 2, 0) is 0.034375
Calculated 2-RDM element (1, 3, 2, 1) is -0.008325
Calculated 2-RDM element (2, 1, 0, 2) is 0.03355
Calculated 2-RDM element (2, 0, 3, 0) is 0.046275000000000004
Calculated 2-RDM element (1, 3, 3, 0) is 0.0095
Calculated 2-RDM element (2, 0, 2, 1) is -0.036425
Calculated 2-RDM element (2, 1, 3, 1) is 0.004725
Calculated 2-RDM element (3, 1, 0, 3) is 0.006449999999999999
Calculated 2-RDM element (3, 0, 0, 2) is -0.0451
Calculated 2-RDM element (3, 0, 3, 1) is -0.012274999999999998
Calculated 2-RDM element (3, 1, 1, 2) is -0.0058
Calculated 2-RDM element (3, 1, 0, 2) is -0.0882
Calculated 2-RDM element (0, 2, 1, 3) is 0.0859625
Calculated 2-RDM element (0, 3, 1, 2) is 0.0018499999999999957
Calculated 2-RDM element (1, 3, 2, 0) is -0.0847125
Calculated 2-RDM element (2, 1, 0, 3) is -0.0046
Calculated 2-RDM element (2, 0, 3, 1) is 0.08635
Calculated 2-RDM element (3, 0, 2, 1) is 0.0009124999999999984
Calculated 2-RDM element (1, 2, 3, 0) is -0.001862499999999996
Execution time of get_two_rdm: 10.10685682296753 seconds
{'IIII': 1.0, 'IIZI': 0.6504, 'IIIZ': -0.7718, 'IIZZ': -0.6856, 'IZII': -0.549, 'IZIZ': 0.5526, 'XYII': -0.014, 'YYII': -0.1078, 'XYIZ': 0.008, 'YYIZ': 0.0664, 'XXII': -0.1168, 'YXII': 0.0036, 'XXIZ': 0.0782, 'YXIZ': 0.002, 'IIXY': -0.0042, 'IZXY': 0.0058, 'IIYY': 0.0784, 'IZYY': -0.0536, 'IIXX': 0.0728, 'IZXX': -0.0478, 'IIYX': -0.0212, 'IZYX': 0.0076, 'XYXY': 0.173, 'YYXY': 0.0028, 'XYYY': -0.0036, 'YYYY': -0.1852, 'XXXY': 0.0234, 'YXXY': -0.1702, 'XXYY': -0.1728, 'YXYY': -0.002, 'XYXX': 0.0018, 'YYXX': -0.1724, 'XYYX': -0.1598, 'YYYX': -0.0052, 'XXXX': -0.1808, 'YXXX': 0.0, 'XXYX': 0.0022, 'YXYX': 0.1542, 'ZIII': 0.544, 'ZIIZ': -0.5402, 'ZIXY': -0.0016, 'ZIYY': 0.0374, 'ZIXX': 0.0592, 'ZIYX': -0.0004, 'IZZI': -0.6372, 'XYZI': -0.0092, 'YYZI': -0.1022, 'XXZI': -0.0942, 'YXZI': 0.0154, 'ZIZI': 0.6484, 'ZZII': -0.7996}
Calculated 2-RDM element with Parallel after GPU Parallel 1st way, (0, 0, 0, 0) is 0.0
Calculated 2-RDM element with Parallel after GPU Parallel 1st way, (0, 0, 0, 1) is 0.0
Calculated 2-RDM element with Parallel after GPU Parallel 1st way, (0, 0, 1, 1) is 0.0
Calculated 2-RDM element with Parallel after GPU Parallel 1st way, (0, 1, 0, 1) is -0.10894999999999999
Calculated 2-RDM element with Parallel after GPU Parallel 1st way, (0, 1, 1, 1) is 0.0
Calculated 2-RDM element with Parallel after GPU Parallel 1st way, (0, 2, 0, 2) is -0.71835
Calculated 2-RDM element with Parallel after GPU Parallel 1st way, (0, 2, 0, 3) is 0.046150000000000004
Calculated 2-RDM element with Parallel after GPU Parallel 1st way, (0, 2, 1, 2) is -0.031575
Calculated 2-RDM element with Parallel after GPU Parallel 1st way, (0, 2, 1, 3) is 0.08552500000000002
Calculated 2-RDM element with Parallel after GPU Parallel 1st way, (0, 3, 0, 3) is -0.1719
Calculated 2-RDM element with Parallel after GPU Parallel 1st way, (0, 3, 1, 2) is 0.0033750000000000013
Calculated 2-RDM element with Parallel after GPU Parallel 1st way, (0, 3, 1, 3) is -0.0068249999999999995
Calculated 2-RDM element with Parallel after GPU Parallel 1st way, (0, 3, 2, 0) is -0.046150000000000004
Calculated 2-RDM element with Parallel after GPU Parallel 1st way, (1, 0, 0, 0) is 0.0
Calculated 2-RDM element with Parallel after GPU Parallel 1st way, (1, 0, 1, 0) is -0.10894999999999999
Calculated 2-RDM element with Parallel after GPU Parallel 1st way, (1, 1, 1, 0) is 0.0
Calculated 2-RDM element with Parallel after GPU Parallel 1st way, (1, 1, 1, 1) is 0.0
Calculated 2-RDM element with Parallel after GPU Parallel 1st way, (1, 2, 1, 2) is -0.06534999999999999
Calculated 2-RDM element with Parallel after GPU Parallel 1st way, (1, 2, 1, 3) is 0.0035250000000000004
Calculated 2-RDM element with Parallel after GPU Parallel 1st way, (1, 2, 2, 0) is 0.031575
Calculated 2-RDM element with Parallel after GPU Parallel 1st way, (1, 2, 3, 0) is -0.0033750000000000013
Calculated 2-RDM element with Parallel after GPU Parallel 1st way, (1, 3, 1, 3) is -0.11349999999999999
Calculated 2-RDM element with Parallel after GPU Parallel 1st way, (1, 3, 2, 0) is -0.08552500000000002
Calculated 2-RDM element with Parallel after GPU Parallel 1st way, (1, 3, 2, 1) is -0.003525000000000002
Calculated 2-RDM element with Parallel after GPU Parallel 1st way, (1, 3, 3, 0) is 0.0068249999999999995
Calculated 2-RDM element with Parallel after GPU Parallel 1st way, (2, 0, 2, 0) is -0.71835
Calculated 2-RDM element with Parallel after GPU Parallel 1st way, (2, 0, 2, 1) is -0.031575
Calculated 2-RDM element with Parallel after GPU Parallel 1st way, (2, 0, 3, 0) is 0.046150000000000004
Calculated 2-RDM element with Parallel after GPU Parallel 1st way, (2, 0, 3, 1) is 0.08552499999999999
Calculated 2-RDM element with Parallel after GPU Parallel 1st way, (2, 1, 0, 2) is 0.031575
Calculated 2-RDM element with Parallel after GPU Parallel 1st way, (2, 1, 0, 3) is -0.0033750000000000013
Calculated 2-RDM element with Parallel after GPU Parallel 1st way, (2, 1, 2, 1) is -0.06535000000000002
Calculated 2-RDM element with Parallel after GPU Parallel 1st way, (2, 1, 3, 1) is 0.0035250000000000004
Calculated 2-RDM element with Parallel after GPU Parallel 1st way, (2, 2, 2, 2) is 0.0
Calculated 2-RDM element with Parallel after GPU Parallel 1st way, (2, 2, 2, 3) is 0.0
Calculated 2-RDM element with Parallel after GPU Parallel 1st way, (2, 2, 3, 3) is 0.0
Calculated 2-RDM element with Parallel after GPU Parallel 1st way, (2, 3, 2, 3) is -0.05134999999999998
Calculated 2-RDM element with Parallel after GPU Parallel 1st way, (2, 3, 3, 3) is 0.0
Calculated 2-RDM element with Parallel after GPU Parallel 1st way, (3, 0, 0, 2) is -0.046150000000000004
Calculated 2-RDM element with Parallel after GPU Parallel 1st way, (3, 0, 2, 1) is 0.0033750000000000013
Calculated 2-RDM element with Parallel after GPU Parallel 1st way, (3, 0, 3, 0) is -0.1719
Calculated 2-RDM element with Parallel after GPU Parallel 1st way, (3, 0, 3, 1) is -0.0068249999999999995
Calculated 2-RDM element with Parallel after GPU Parallel 1st way, (3, 1, 0, 2) is -0.08552499999999999
Calculated 2-RDM element with Parallel after GPU Parallel 1st way, (3, 1, 0, 3) is 0.0068249999999999995
Calculated 2-RDM element with Parallel after GPU Parallel 1st way, (3, 1, 1, 2) is -0.003525000000000002
Calculated 2-RDM element with Parallel after GPU Parallel 1st way, (3, 1, 3, 1) is -0.11349999999999999
Calculated 2-RDM element with Parallel after GPU Parallel 1st way, (3, 2, 2, 2) is 0.0
Calculated 2-RDM element with Parallel after GPU Parallel 1st way, (3, 2, 3, 2) is -0.05134999999999998
Calculated 2-RDM element with Parallel after GPU Parallel 1st way, (3, 3, 3, 2) is 0.0
Calculated 2-RDM element with Parallel after GPU Parallel 1st way, (3, 3, 3, 3) is 0.0
Execution time of get_two_rdm_Parallel: 1.8430190086364746 seconds
Calculated 1-RDM element (0, 0) is 0.9692365543090367
Calculated 1-RDM element (2, 2) is 0.9692365456492282
Calculated 1-RDM element (1, 1) is 0.030763445690956515
Calculated 1-RDM element (0, 3) is -6.816055582222398e-17
Calculated 1-RDM element (3, 3) is 0.030763454350764996
Calculated 1-RDM element (0, 2) is -1.0005578607661484e-20
Calculated 1-RDM element (1, 2) is -2.3046155570508815e-18
Calculated 1-RDM element (1, 0) is 0.00010899769372329703
Calculated 1-RDM element (0, 1) is 0.00010899769372329703
Calculated 1-RDM element (3, 2) is -0.0001414478511384644
Calculated 1-RDM element (2, 0) is -1.0005578607661484e-20
Calculated 1-RDM element (3, 0) is -6.816055582222398e-17
Calculated 1-RDM element (2, 1) is -2.3046155570508815e-18
Calculated 1-RDM element (3, 1) is -7.569061350388579e-21
Calculated 1-RDM element (2, 3) is -0.0001414478511384644
Calculated 1-RDM element (1, 3) is -7.569061350388579e-21
Execution time of get_one_rdm: 1.0631697177886963 seconds
Calculated 1-RDM element with wavefunction (0, 0) is 0.9692365543090334
Calculated 1-RDM element with wavefunction (1, 1) is 0.030763445690953163
Calculated 1-RDM element with wavefunction (0, 2) is -1.0005578607664868e-20
Calculated 1-RDM element with wavefunction (0, 3) is -6.816055582222398e-17
Calculated 1-RDM element with wavefunction (1, 3) is -7.569061350390413e-21
Calculated 1-RDM element with wavefunction (2, 1) is -2.304615557050883e-18
Calculated 1-RDM element with wavefunction (1, 0) is 0.00010899769372329703
Calculated 1-RDM element with wavefunction (2, 0) is -1.0005578607664868e-20
Calculated 1-RDM element with wavefunction (3, 3) is 0.030763454350761693
Calculated 1-RDM element with wavefunction (0, 1) is 0.00010899769372329703
Calculated 1-RDM element with wavefunction (1, 2) is -2.304615557050883e-18
Calculated 1-RDM element with wavefunction (3, 0) is -6.816055582222398e-17
Calculated 1-RDM element with wavefunction (2, 2) is 0.9692365456492249
Calculated 1-RDM element with wavefunction (3, 2) is -0.0001414478511384644
Calculated 1-RDM element with wavefunction (3, 1) is -7.569061350390413e-21
Calculated 1-RDM element with wavefunction (2, 3) is -0.0001414478511384644
Execution time of get_one_rdm_wavefunction: 0.049703359603881836 seconds
Calculated 1-RDM element (0, 0) is 0.888
Calculated 1-RDM element (1, 1) is 0.17509999999999998
Calculated 1-RDM element (2, 2) is 0.779
Calculated 1-RDM element (3, 3) is 0.2284
Calculated 1-RDM element (0, 2) is -0.00475
Calculated 1-RDM element (1, 0) is 0.04305
Calculated 1-RDM element (0, 1) is 0.04385
Calculated 1-RDM element (2, 3) is -0.05265
Calculated 1-RDM element (2, 0) is -0.00225
Calculated 1-RDM element (1, 2) is 0.0035499999999999998
Calculated 1-RDM element (1, 3) is -0.0033999999999999994
Calculated 1-RDM element (3, 2) is -0.050199999999999995
Calculated 1-RDM element (0, 3) is -0.0058000000000000005
Calculated 1-RDM element (3, 1) is -0.0037
Calculated 1-RDM element (3, 0) is -0.001
Calculated 1-RDM element (2, 1) is -0.0012000000000000001
Execution time of get_one_rdm: 1.8513071537017822 seconds
--- [DONE]  Processing for d = 1.00. Data saved. ---
--- [START] Processing for d = 0.9 ---
Attempting to load file: /home/u2600410/H2/H2_0.9_sto-3g.pkl
Using CPU for noisy estimator...
Number of qubits: 4
Execution time of Gene_Qiskit_VQE_hamiltonian: 0.0006144046783447266 seconds
VQE Optimal Energy: -1.12056028
{   'aux_operators_evaluated': None,
    'cost_function_evals': 47,
    'eigenvalue': -1.1205602760708993,
    'optimal_circuit': <qiskit_nature.second_q.circuit.library.ansatzes.uccsd.UCCSD object at 0x149e4a5d3560>,
    'optimal_parameters': {   ParameterVectorElement(t[2]): -0.1492563834137784,
                              ParameterVectorElement(t[1]): -2.39424139146809e-05,
                              ParameterVectorElement(t[0]): -2.9096459732920787e-05},
    'optimal_point': array([-2.90964597e-05, -2.39424139e-05, -1.49256383e-01]),
    'optimal_value': -1.1205602760708993,
    'optimizer_evals': None,
    'optimizer_result': <qiskit_algorithms.optimizers.optimizer.OptimizerResult object at 0x149e4aa63740>,
    'optimizer_time': 1.3833036422729492}
VQE Optimal Energy: -0.83522504
{   'aux_operators_evaluated': None,
    'cost_function_evals': 36,
    'eigenvalue': -0.8352250375640042,
    'optimal_circuit': <qiskit_nature.second_q.circuit.library.ansatzes.uccsd.UCCSD object at 0x149e484a01d0>,
    'optimal_parameters': {   ParameterVectorElement(t[0]): 0.0356221704638104,
                              ParameterVectorElement(t[1]): 0.06564943310077735,
                              ParameterVectorElement(t[2]): -0.22479611007669403},
    'optimal_point': array([ 0.03562217,  0.06564943, -0.22479611]),
    'optimal_value': -0.8352250375640042,
    'optimizer_evals': None,
    'optimizer_result': <qiskit_algorithms.optimizers.optimizer.OptimizerResult object at 0x149e4aa72030>,
    'optimizer_time': 5.911357641220093}
{'IIII': 1.0, 'IIZI': 0.6162, 'IIIZ': -0.7442, 'IIZZ': -0.669, 'IZII': -0.5184, 'IZIZ': 0.56, 'XYII': -0.0146, 'YYII': -0.0682, 'XYIZ': -0.0124, 'YYIZ': 0.065, 'XXII': -0.0736, 'YXII': -0.0052, 'XXIZ': 0.0764, 'YXIZ': 0.0012, 'IIXY': -0.0104, 'IZXY': 0.0202, 'IIYY': -0.0332, 'IZYY': 0.048, 'IIXX': -0.0418, 'IZXX': 0.0404, 'IIYX': 0.0146, 'IZYX': -0.0006, 'XYXY': 0.2584, 'YYXY': -0.0094, 'XYYY': -0.0012, 'YYYY': -0.256, 'XXXY': 0.0098, 'YXXY': -0.2562, 'XXYY': -0.2576, 'YXYY': -0.0022, 'XYXX': -0.0062, 'YYXX': -0.232, 'XYYX': -0.2468, 'YYYX': -0.0102, 'XXXX': -0.232, 'YXXX': 0.0048, 'XXYX': 0.0054, 'YXYX': 0.2534, 'ZIII': 0.5242, 'ZIIZ': -0.5654, 'ZIXY': 0.0138, 'ZIYY': -0.0396, 'ZIXX': -0.0624, 'ZIYX': 0.0014, 'IZZI': -0.6442, 'XYZI': 0.0002, 'YYZI': -0.0612, 'XXZI': -0.0678, 'YXZI': 0.0002, 'ZIZI': 0.654, 'ZZII': -0.7954}
Calculated 2-RDM element with Parallel after GPU Parallel 1st way, (0, 0, 0, 0) is 0.0
Calculated 2-RDM element with Parallel after GPU Parallel 1st way, (0, 0, 0, 1) is 0.0
Calculated 2-RDM element with Parallel after GPU Parallel 1st way, (0, 0, 1, 1) is 0.0
Calculated 2-RDM element with Parallel after GPU Parallel 1st way, (0, 1, 0, 1) is -0.11475000000000002
Calculated 2-RDM element with Parallel after GPU Parallel 1st way, (0, 1, 1, 1) is 0.0
Calculated 2-RDM element with Parallel after GPU Parallel 1st way, (0, 2, 0, 2) is -0.70565
Calculated 2-RDM element with Parallel after GPU Parallel 1st way, (0, 2, 0, 3) is 0.0354
Calculated 2-RDM element with Parallel after GPU Parallel 1st way, (0, 2, 1, 2) is 0.020425
Calculated 2-RDM element with Parallel after GPU Parallel 1st way, (0, 2, 1, 3) is 0.124525
Calculated 2-RDM element with Parallel after GPU Parallel 1st way, (0, 3, 0, 3) is -0.16365
Calculated 2-RDM element with Parallel after GPU Parallel 1st way, (0, 3, 1, 2) is -0.002324999999999999
Calculated 2-RDM element with Parallel after GPU Parallel 1st way, (0, 3, 1, 3) is -0.0033750000000000004
Calculated 2-RDM element with Parallel after GPU Parallel 1st way, (0, 3, 2, 0) is -0.0354
Calculated 2-RDM element with Parallel after GPU Parallel 1st way, (1, 0, 0, 0) is 0.0
Calculated 2-RDM element with Parallel after GPU Parallel 1st way, (1, 0, 1, 0) is -0.11475000000000002
Calculated 2-RDM element with Parallel after GPU Parallel 1st way, (1, 1, 1, 0) is 0.0
Calculated 2-RDM element with Parallel after GPU Parallel 1st way, (1, 1, 1, 1) is 0.0
Calculated 2-RDM element with Parallel after GPU Parallel 1st way, (1, 2, 1, 2) is -0.0645
Calculated 2-RDM element with Parallel after GPU Parallel 1st way, (1, 2, 1, 3) is 0.0016000000000000007
Calculated 2-RDM element with Parallel after GPU Parallel 1st way, (1, 2, 2, 0) is -0.020425
Calculated 2-RDM element with Parallel after GPU Parallel 1st way, (1, 2, 3, 0) is 0.0023250000000000007
Calculated 2-RDM element with Parallel after GPU Parallel 1st way, (1, 3, 1, 3) is -0.12840000000000001
Calculated 2-RDM element with Parallel after GPU Parallel 1st way, (1, 3, 2, 0) is -0.12452500000000001
Calculated 2-RDM element with Parallel after GPU Parallel 1st way, (1, 3, 2, 1) is -0.0015999999999999999
Calculated 2-RDM element with Parallel after GPU Parallel 1st way, (1, 3, 3, 0) is 0.0033750000000000004
Calculated 2-RDM element with Parallel after GPU Parallel 1st way, (2, 0, 2, 0) is -0.70565
Calculated 2-RDM element with Parallel after GPU Parallel 1st way, (2, 0, 2, 1) is 0.020425
Calculated 2-RDM element with Parallel after GPU Parallel 1st way, (2, 0, 3, 0) is 0.0354
Calculated 2-RDM element with Parallel after GPU Parallel 1st way, (2, 0, 3, 1) is 0.124525
Calculated 2-RDM element with Parallel after GPU Parallel 1st way, (2, 1, 0, 2) is -0.020425
Calculated 2-RDM element with Parallel after GPU Parallel 1st way, (2, 1, 0, 3) is 0.002324999999999999
Calculated 2-RDM element with Parallel after GPU Parallel 1st way, (2, 1, 2, 1) is -0.0645
Calculated 2-RDM element with Parallel after GPU Parallel 1st way, (2, 1, 3, 1) is 0.0016000000000000007
Calculated 2-RDM element with Parallel after GPU Parallel 1st way, (2, 2, 2, 2) is 0.0
Calculated 2-RDM element with Parallel after GPU Parallel 1st way, (2, 2, 2, 3) is 0.0
Calculated 2-RDM element with Parallel after GPU Parallel 1st way, (2, 2, 3, 3) is 0.0
Calculated 2-RDM element with Parallel after GPU Parallel 1st way, (2, 3, 2, 3) is -0.049699999999999994
Calculated 2-RDM element with Parallel after GPU Parallel 1st way, (2, 3, 3, 3) is 0.0
Calculated 2-RDM element with Parallel after GPU Parallel 1st way, (3, 0, 0, 2) is -0.0354
Calculated 2-RDM element with Parallel after GPU Parallel 1st way, (3, 0, 2, 1) is -0.002324999999999999
Calculated 2-RDM element with Parallel after GPU Parallel 1st way, (3, 0, 3, 0) is -0.16365
Calculated 2-RDM element with Parallel after GPU Parallel 1st way, (3, 0, 3, 1) is -0.0033750000000000004
Calculated 2-RDM element with Parallel after GPU Parallel 1st way, (3, 1, 0, 2) is -0.124525
Calculated 2-RDM element with Parallel after GPU Parallel 1st way, (3, 1, 0, 3) is 0.0033750000000000004
Calculated 2-RDM element with Parallel after GPU Parallel 1st way, (3, 1, 1, 2) is -0.0015999999999999999
Calculated 2-RDM element with Parallel after GPU Parallel 1st way, (3, 1, 3, 1) is -0.12840000000000001
Calculated 2-RDM element with Parallel after GPU Parallel 1st way, (3, 2, 2, 2) is 0.0
Calculated 2-RDM element with Parallel after GPU Parallel 1st way, (3, 2, 3, 2) is -0.049699999999999994
Calculated 2-RDM element with Parallel after GPU Parallel 1st way, (3, 3, 3, 2) is 0.0
Calculated 2-RDM element with Parallel after GPU Parallel 1st way, (3, 3, 3, 3) is 0.0
Execution time of get_two_rdm_Parallel: 4.5609166622161865 seconds
Calculated 2-RDM element with Parallel after GPU Parallel 2nd way, (0, 0, 0, 0) is 0.0
Calculated 2-RDM element with Parallel after GPU Parallel 2nd way, (0, 0, 0, 1) is 0.0
Calculated 2-RDM element with Parallel after GPU Parallel 2nd way, (0, 0, 1, 1) is 0.0
Calculated 2-RDM element with Parallel after GPU Parallel 2nd way, (0, 1, 0, 1) is -0.11144999999999997
Calculated 2-RDM element with Parallel after GPU Parallel 2nd way, (0, 1, 1, 1) is 0.0
Calculated 2-RDM element with Parallel after GPU Parallel 2nd way, (0, 2, 0, 2) is -0.7056
Calculated 2-RDM element with Parallel after GPU Parallel 2nd way, (0, 2, 0, 3) is 0.038175
Calculated 2-RDM element with Parallel after GPU Parallel 2nd way, (0, 2, 1, 2) is 0.021949999999999997
Calculated 2-RDM element with Parallel after GPU Parallel 2nd way, (0, 2, 1, 3) is 0.1223125
Calculated 2-RDM element with Parallel after GPU Parallel 2nd way, (0, 3, 0, 3) is -0.16625
Calculated 2-RDM element with Parallel after GPU Parallel 2nd way, (0, 3, 1, 2) is -0.0053875
Calculated 2-RDM element with Parallel after GPU Parallel 2nd way, (0, 3, 1, 3) is -0.007699999999999999
Calculated 2-RDM element with Parallel after GPU Parallel 2nd way, (0, 3, 2, 0) is -0.038175
Calculated 2-RDM element with Parallel after GPU Parallel 2nd way, (1, 0, 0, 0) is 0.0
Calculated 2-RDM element with Parallel after GPU Parallel 2nd way, (1, 0, 1, 0) is -0.11144999999999997
Calculated 2-RDM element with Parallel after GPU Parallel 2nd way, (1, 1, 1, 0) is 0.0
Calculated 2-RDM element with Parallel after GPU Parallel 2nd way, (1, 1, 1, 1) is 0.0
Calculated 2-RDM element with Parallel after GPU Parallel 2nd way, (1, 2, 1, 2) is -0.06504999999999997
Calculated 2-RDM element with Parallel after GPU Parallel 2nd way, (1, 2, 1, 3) is -0.004749999999999999
Calculated 2-RDM element with Parallel after GPU Parallel 2nd way, (1, 2, 2, 0) is -0.02195
Calculated 2-RDM element with Parallel after GPU Parallel 2nd way, (1, 2, 3, 0) is 0.005387499999999998
Calculated 2-RDM element with Parallel after GPU Parallel 2nd way, (1, 3, 1, 3) is -0.1295
Calculated 2-RDM element with Parallel after GPU Parallel 2nd way, (1, 3, 2, 0) is -0.1223125
Calculated 2-RDM element with Parallel after GPU Parallel 2nd way, (1, 3, 2, 1) is 0.004749999999999999
Calculated 2-RDM element with Parallel after GPU Parallel 2nd way, (1, 3, 3, 0) is 0.007699999999999999
Calculated 2-RDM element with Parallel after GPU Parallel 2nd way, (2, 0, 2, 0) is -0.7056
Calculated 2-RDM element with Parallel after GPU Parallel 2nd way, (2, 0, 2, 1) is 0.021949999999999997
Calculated 2-RDM element with Parallel after GPU Parallel 2nd way, (2, 0, 3, 0) is 0.038175
Calculated 2-RDM element with Parallel after GPU Parallel 2nd way, (2, 0, 3, 1) is 0.1223125
Calculated 2-RDM element with Parallel after GPU Parallel 2nd way, (2, 1, 0, 2) is -0.02195
Calculated 2-RDM element with Parallel after GPU Parallel 2nd way, (2, 1, 0, 3) is 0.005387499999999998
Calculated 2-RDM element with Parallel after GPU Parallel 2nd way, (2, 1, 2, 1) is -0.06505
Calculated 2-RDM element with Parallel after GPU Parallel 2nd way, (2, 1, 3, 1) is -0.004749999999999999
Calculated 2-RDM element with Parallel after GPU Parallel 2nd way, (2, 2, 2, 2) is 0.0
Calculated 2-RDM element with Parallel after GPU Parallel 2nd way, (2, 2, 2, 3) is 0.0
Calculated 2-RDM element with Parallel after GPU Parallel 2nd way, (2, 2, 3, 3) is 0.0
Calculated 2-RDM element with Parallel after GPU Parallel 2nd way, (2, 3, 2, 3) is -0.04780000000000001
Calculated 2-RDM element with Parallel after GPU Parallel 2nd way, (2, 3, 3, 3) is 0.0
Calculated 2-RDM element with Parallel after GPU Parallel 2nd way, (3, 0, 0, 2) is -0.038175
Calculated 2-RDM element with Parallel after GPU Parallel 2nd way, (3, 0, 2, 1) is -0.0053874999999999965
Calculated 2-RDM element with Parallel after GPU Parallel 2nd way, (3, 0, 3, 0) is -0.16625
Calculated 2-RDM element with Parallel after GPU Parallel 2nd way, (3, 0, 3, 1) is -0.007699999999999999
Calculated 2-RDM element with Parallel after GPU Parallel 2nd way, (3, 1, 0, 2) is -0.12231250000000002
Calculated 2-RDM element with Parallel after GPU Parallel 2nd way, (3, 1, 0, 3) is 0.007699999999999999
Calculated 2-RDM element with Parallel after GPU Parallel 2nd way, (3, 1, 1, 2) is 0.004749999999999999
Calculated 2-RDM element with Parallel after GPU Parallel 2nd way, (3, 1, 3, 1) is -0.1295
Calculated 2-RDM element with Parallel after GPU Parallel 2nd way, (3, 2, 2, 2) is 0.0
Calculated 2-RDM element with Parallel after GPU Parallel 2nd way, (3, 2, 3, 2) is -0.047799999999999954
Calculated 2-RDM element with Parallel after GPU Parallel 2nd way, (3, 3, 3, 2) is 0.0
Calculated 2-RDM element with Parallel after GPU Parallel 2nd way, (3, 3, 3, 3) is 0.0
Execution time of get_two_rdm_Parallel2: 1.7806272506713867 seconds
{'IIII': 1.0, 'IIZI': 0.6228, 'IIIZ': -0.7284, 'IIZZ': -0.6866, 'IZII': -0.5176, 'IZIZ': 0.561, 'XYII': 0.0042, 'YYII': -0.0712, 'XYIZ': -0.0008, 'YYIZ': 0.0946, 'XXII': -0.0792, 'YXII': 0.0032, 'XXIZ': 0.0774, 'YXIZ': -0.019, 'IIXY': 0.011, 'IZXY': -0.0086, 'IIYY': -0.0368, 'IZYY': 0.0454, 'IIXX': -0.0286, 'IZXX': 0.0604, 'IIYX': -0.0076, 'IZYX': 0.0142, 'XYXY': 0.2522, 'YYXY': -0.0106, 'XYYY': -0.0008, 'YYYY': -0.2492, 'XXXY': -0.0122, 'YXXY': -0.2552, 'XXYY': -0.2578, 'YXYY': 0.0198, 'XYXX': 0.0084, 'YYXX': -0.2402, 'XYYX': -0.2426, 'YYYX': 0.0002, 'XXXX': -0.2368, 'YXXX': -0.001, 'XXYX': 0.0136, 'YXYX': 0.2312, 'ZIII': 0.5114, 'ZIIZ': -0.5514, 'ZIXY': -0.011, 'ZIYY': -0.055, 'ZIXX': -0.0674, 'ZIYX': 0.0078, 'IZZI': -0.6432, 'XYZI': -0.005, 'YYZI': -0.0802, 'XXZI': -0.0962, 'YXZI': 0.0002, 'ZIZI': 0.6452, 'ZZII': -0.8092}
Calculated 2-RDM element with Parallel after GPU Parallel 3th way, (0, 0, 0, 0) is 0.0
Calculated 2-RDM element with Parallel after GPU Parallel 3th way, (0, 0, 1, 1) is 0.0
Calculated 2-RDM element with Parallel after GPU Parallel 3th way, (0, 2, 0, 3) is 0.0403
Calculated 2-RDM element with Parallel after GPU Parallel 3th way, (0, 0, 0, 1) is 0.0
Calculated 2-RDM element with Parallel after GPU Parallel 3th way, (0, 2, 0, 2) is -0.70175
Calculated 2-RDM element with Parallel after GPU Parallel 3th way, (0, 1, 1, 1) is 0.0
Calculated 2-RDM element with Parallel after GPU Parallel 3th way, (0, 2, 1, 2) is 0.0214
Calculated 2-RDM element with Parallel after GPU Parallel 3th way, (0, 2, 1, 3) is 0.122825
Calculated 2-RDM element with Parallel after GPU Parallel 3th way, (1, 1, 1, 1) is 0.0
Calculated 2-RDM element with Parallel after GPU Parallel 3th way, (0, 3, 0, 3) is -0.16640000000000002
Calculated 2-RDM element with Parallel after GPU Parallel 3th way, (0, 3, 1, 2) is 0.000175000000000005
Calculated 2-RDM element with Parallel after GPU Parallel 3th way, (1, 0, 0, 0) is 0.0
Calculated 2-RDM element with Parallel after GPU Parallel 3th way, (0, 3, 2, 0) is -0.0403
Calculated 2-RDM element with Parallel after GPU Parallel 3th way, (1, 3, 1, 3) is -0.12775
Calculated 2-RDM element with Parallel after GPU Parallel 3th way, (0, 3, 1, 3) is -0.007125
Calculated 2-RDM element with Parallel after GPU Parallel 3th way, (1, 2, 3, 0) is -0.000175000000000005
Calculated 2-RDM element with Parallel after GPU Parallel 3th way, (1, 1, 1, 0) is 0.0
Calculated 2-RDM element with Parallel after GPU Parallel 3th way, (1, 0, 1, 0) is -0.10475000000000004
Calculated 2-RDM element with Parallel after GPU Parallel 3th way, (1, 2, 2, 0) is -0.0214
Calculated 2-RDM element with Parallel after GPU Parallel 3th way, (2, 1, 0, 3) is -0.000175000000000005
Calculated 2-RDM element with Parallel after GPU Parallel 3th way, (0, 1, 0, 1) is -0.10475000000000004
Calculated 2-RDM element with Parallel after GPU Parallel 3th way, (1, 2, 1, 2) is -0.06289999999999998
Calculated 2-RDM element with Parallel after GPU Parallel 3th way, (2, 2, 3, 3) is 0.0
Calculated 2-RDM element with Parallel after GPU Parallel 3th way, (1, 3, 2, 1) is 0.0032499999999999977
Calculated 2-RDM element with Parallel after GPU Parallel 3th way, (1, 3, 3, 0) is 0.007125
Calculated 2-RDM element with Parallel after GPU Parallel 3th way, (1, 2, 1, 3) is -0.0032499999999999977
Calculated 2-RDM element with Parallel after GPU Parallel 3th way, (2, 0, 2, 1) is 0.0214
Calculated 2-RDM element with Parallel after GPU Parallel 3th way, (2, 1, 0, 2) is -0.0214
Calculated 2-RDM element with Parallel after GPU Parallel 3th way, (3, 1, 0, 2) is -0.122825
Calculated 2-RDM element with Parallel after GPU Parallel 3th way, (2, 1, 3, 1) is -0.0032499999999999977
Calculated 2-RDM element with Parallel after GPU Parallel 3th way, (2, 3, 2, 3) is -0.04924999999999993
Calculated 2-RDM element with Parallel after GPU Parallel 3th way, (2, 2, 2, 3) is 0.0
Calculated 2-RDM element with Parallel after GPU Parallel 3th way, (2, 2, 2, 2) is 0.0
Calculated 2-RDM element with Parallel after GPU Parallel 3th way, (2, 1, 2, 1) is -0.06289999999999998
Calculated 2-RDM element with Parallel after GPU Parallel 3th way, (3, 0, 2, 1) is 0.000175000000000005
Calculated 2-RDM element with Parallel after GPU Parallel 3th way, (2, 0, 3, 1) is 0.122825
Calculated 2-RDM element with Parallel after GPU Parallel 3th way, (2, 0, 2, 0) is -0.70175
Calculated 2-RDM element with Parallel after GPU Parallel 3th way, (1, 3, 2, 0) is -0.122825
Calculated 2-RDM element with Parallel after GPU Parallel 3th way, (3, 1, 1, 2) is 0.0032499999999999977
Calculated 2-RDM element with Parallel after GPU Parallel 3th way, (3, 3, 3, 3) is 0.0
Calculated 2-RDM element with Parallel after GPU Parallel 3th way, (2, 0, 3, 0) is 0.0403
Calculated 2-RDM element with Parallel after GPU Parallel 3th way, (3, 0, 3, 1) is -0.007125
Calculated 2-RDM element with Parallel after GPU Parallel 3th way, (3, 2, 3, 2) is -0.04924999999999993
Calculated 2-RDM element with Parallel after GPU Parallel 3th way, (3, 3, 3, 2) is 0.0
Calculated 2-RDM element with Parallel after GPU Parallel 3th way, (3, 0, 3, 0) is -0.16640000000000002
Calculated 2-RDM element with Parallel after GPU Parallel 3th way, (3, 1, 0, 3) is 0.007125
Calculated 2-RDM element with Parallel after GPU Parallel 3th way, (3, 2, 2, 2) is 0.0
Calculated 2-RDM element with Parallel after GPU Parallel 3th way, (3, 1, 3, 1) is -0.12775
Calculated 2-RDM element with Parallel after GPU Parallel 3th way, (3, 0, 0, 2) is -0.0403
Calculated 2-RDM element with Parallel after GPU Parallel 3th way, (2, 3, 3, 3) is 0.0
Execution time of get_two_rdm_Parallel3: 1.9277629852294922 seconds
Number of 'cx' gates before replacing gates: 56
Number of 'h' gates before replacing gates: 72
Number of 's' gates before replacing gates: 24
Number of 'rz' gates before replacing gates: 32
Number of 'x' gates before replacing gates: 0
Number of 'y' gates before replacing gates: 0
Number of parameterized gates before replacing gates: 0
{ParameterVectorElement(t[0]): -2.9096459732920787e-05, ParameterVectorElement(t[1]): -2.39424139146809e-05, ParameterVectorElement(t[2]): -0.1492563834137784}
Total parameter gates replaced: 0
Number of 'cx' gates after replacing gates: 56
Number of 'h' gates after replacing gates: 72
Number of 's' gates after replacing gates: 24
Number of 'rz' gates after replacing gates: 32
Number of 'x' gates after replacing gates: 0
Number of 'y' gates after replacing gates: 0
Number of 'z' gates after replacing gates: 0
Gate replacement successful.
Calculated 1-RDM element with wavefunction (0, 0) is 0.9778874693305466
Calculated 1-RDM element with wavefunction (0, 1) is 2.5212658647401073e-05
Calculated 1-RDM element with wavefunction (0, 2) is -6.3053880310499e-23
Calculated 1-RDM element with wavefunction (1, 2) is -4.382844399195221e-18
Calculated 1-RDM element with wavefunction (2, 1) is -4.382844399195221e-18
Calculated 1-RDM element with wavefunction (3, 0) is 8.825474819166362e-18
Calculated 1-RDM element with wavefunction (3, 2) is 1.934949471100857e-05
Calculated 1-RDM element with wavefunction (1, 0) is 2.5212658647401073e-05
Calculated 1-RDM element with wavefunction (1, 3) is 1.4407979730673556e-22
Calculated 1-RDM element with wavefunction (0, 3) is 8.825474819166362e-18
Calculated 1-RDM element with wavefunction (2, 2) is 0.9778874696039114
Calculated 1-RDM element with wavefunction (3, 1) is 1.4407979730673556e-22
Calculated 1-RDM element with wavefunction (1, 1) is 0.022112530669440775
Calculated 1-RDM element with wavefunction (3, 3) is 0.02211253039607599
Calculated 1-RDM element with wavefunction (2, 0) is -6.3053880310499e-23
Calculated 1-RDM element with wavefunction (2, 3) is 1.934949471100857e-05
Execution time of get_one_rdm_wavefunction: 0.09965229034423828 seconds
Calculated 2-RDM element with wavefunction (0, 0, 0, 0) is 0.0
Calculated 2-RDM element with wavefunction (0, 0, 0, 1) is 0.0
Calculated 2-RDM element with wavefunction (0, 0, 1, 1) is 0.0
Calculated 2-RDM element with wavefunction (0, 1, 1, 1) is 0.0
Calculated 2-RDM element with wavefunction (0, 3, 0, 3) is -5.73239183473212e-10
Calculated 2-RDM element with wavefunction (0, 3, 1, 3) is 3.5603045572211967e-06
Calculated 2-RDM element with wavefunction (0, 2, 0, 3) is -2.3676220435684512e-05
Calculated 2-RDM element with wavefunction (0, 2, 0, 2) is -0.9778874687573074
Calculated 2-RDM element with wavefunction (0, 1, 0, 1) is -1.8687419870913197e-32
Calculated 2-RDM element with wavefunction (0, 2, 1, 3) is 0.14704953524671321
Calculated 2-RDM element with wavefunction (1, 0, 1, 0) is -1.8687419870913197e-32
Calculated 2-RDM element with wavefunction (0, 2, 1, 2) is -2.8772963204622268e-05
Calculated 2-RDM element with wavefunction (0, 3, 2, 0) is 2.3676220435684512e-05
Calculated 2-RDM element with wavefunction (1, 2, 2, 0) is 2.8772963204622268e-05
Calculated 2-RDM element with wavefunction (1, 1, 1, 0) is 0.0
Calculated 2-RDM element with wavefunction (1, 1, 1, 1) is 0.0
Calculated 2-RDM element with wavefunction (0, 3, 1, 2) is -6.96639481725014e-10
Calculated 2-RDM element with wavefunction (1, 3, 3, 0) is -3.5603045572211967e-06
Calculated 2-RDM element with wavefunction (1, 2, 1, 2) is -8.466039682731751e-10
Calculated 2-RDM element with wavefunction (1, 2, 1, 3) is 4.3267257246759435e-06
Calculated 2-RDM element with wavefunction (2, 0, 2, 1) is -2.8772963204622268e-05
Calculated 2-RDM element with wavefunction (1, 3, 2, 1) is -4.3267257246759435e-06
Calculated 2-RDM element with wavefunction (1, 3, 2, 0) is -0.14704953524671321
Calculated 2-RDM element with wavefunction (1, 3, 1, 3) is -0.022112529822836808
Calculated 2-RDM element with wavefunction (1, 0, 0, 0) is 0.0
Calculated 2-RDM element with wavefunction (1, 2, 3, 0) is 6.96639481725014e-10
Calculated 2-RDM element with wavefunction (2, 2, 2, 2) is 0.0
Calculated 2-RDM element with wavefunction (2, 0, 3, 1) is 0.14704953524671321
Calculated 2-RDM element with wavefunction (2, 1, 0, 3) is 6.96639481725014e-10
Calculated 2-RDM element with wavefunction (3, 0, 3, 0) is -5.73239183473212e-10
Calculated 2-RDM element with wavefunction (2, 1, 3, 1) is 4.3267257246759435e-06
Calculated 2-RDM element with wavefunction (2, 0, 3, 0) is -2.3676220435684512e-05
Calculated 2-RDM element with wavefunction (3, 0, 0, 2) is 2.3676220435684512e-05
Calculated 2-RDM element with wavefunction (3, 1, 0, 3) is -3.5603045572211967e-06
Calculated 2-RDM element with wavefunction (2, 1, 0, 2) is 2.8772963204622268e-05
Calculated 2-RDM element with wavefunction (2, 1, 2, 1) is -8.466039682731751e-10
Calculated 2-RDM element with wavefunction (3, 2, 3, 2) is -1.7070609815435874e-32
Calculated 2-RDM element with wavefunction (2, 3, 3, 3) is 0.0
Calculated 2-RDM element with wavefunction (3, 1, 1, 2) is -4.3267257246759435e-06
Calculated 2-RDM element with wavefunction (3, 0, 2, 1) is -6.96639481725014e-10
Calculated 2-RDM element with wavefunction (2, 0, 2, 0) is -0.9778874687573074
Calculated 2-RDM element with wavefunction (2, 2, 2, 3) is 0.0
Calculated 2-RDM element with wavefunction (2, 2, 3, 3) is 0.0
Calculated 2-RDM element with wavefunction (3, 2, 2, 2) is 0.0
Calculated 2-RDM element with wavefunction (3, 3, 3, 2) is 0.0
Calculated 2-RDM element with wavefunction (3, 1, 3, 1) is -0.022112529822836808
Calculated 2-RDM element with wavefunction (3, 0, 3, 1) is 3.5603045572211967e-06
Calculated 2-RDM element with wavefunction (2, 3, 2, 3) is -1.7070609815435874e-32
Calculated 2-RDM element with wavefunction (3, 1, 0, 2) is -0.14704953524671321
Calculated 2-RDM element with wavefunction (3, 3, 3, 3) is 0.0
Execution time of get_two_rdm_wavefunction: 0.18069958686828613 seconds
Calculated 2-RDM element (0, 0, 1, 1) is 0.0
Calculated 2-RDM element (1, 0, 0, 0) is 0.0
Calculated 2-RDM element (0, 0, 0, 0) is 0.0
Calculated 2-RDM element (1, 1, 1, 0) is 0.0
Calculated 2-RDM element (0, 0, 0, 1) is 0.0
Calculated 2-RDM element (1, 1, 1, 1) is 0.0
Calculated 2-RDM element (0, 1, 1, 1) is 0.0
Calculated 2-RDM element (2, 2, 2, 2) is 0.0
Calculated 2-RDM element (2, 2, 2, 3) is 0.0
Calculated 2-RDM element (2, 3, 3, 3) is 0.0
Calculated 2-RDM element (2, 2, 3, 3) is 0.0
Calculated 2-RDM element (3, 2, 2, 2) is 0.0
Calculated 2-RDM element (3, 3, 3, 2) is 0.0
Calculated 2-RDM element (3, 3, 3, 3) is 0.0
Calculated 2-RDM element (1, 2, 1, 2) is -0.06489999999999999
Calculated 2-RDM element (0, 3, 0, 3) is -0.16714999999999997
Calculated 2-RDM element (0, 1, 0, 1) is -0.11494999999999997
Calculated 2-RDM element (1, 3, 1, 3) is -0.11044999999999999
Calculated 2-RDM element (2, 0, 2, 0) is -0.7276
Calculated 2-RDM element (0, 2, 0, 2) is -0.72595
Calculated 2-RDM element (2, 3, 2, 3) is -0.04754999999999998
Calculated 2-RDM element (1, 0, 1, 0) is -0.11060000000000003
Calculated 2-RDM element (2, 1, 2, 1) is -0.06200000000000003
Calculated 2-RDM element (3, 0, 3, 0) is -0.16264999999999996
Calculated 2-RDM element (3, 1, 3, 1) is -0.11739999999999998
Calculated 2-RDM element (3, 2, 3, 2) is -0.046800000000000036
Calculated 2-RDM element (1, 2, 1, 3) is 0.0010499999999999997
Calculated 2-RDM element (1, 3, 2, 1) is 0.0011750000000000003
Calculated 2-RDM element (0, 3, 2, 0) is -0.00030000000000000003
Calculated 2-RDM element (1, 3, 3, 0) is -0.00075
Calculated 2-RDM element (0, 2, 0, 3) is 0.00010000000000000005
Calculated 2-RDM element (2, 1, 0, 2) is 0.0015249999999999997
Calculated 2-RDM element (1, 2, 2, 0) is 0.00115
Calculated 2-RDM element (2, 1, 3, 1) is -0.00035000000000000005
Calculated 2-RDM element (2, 0, 2, 1) is 0.0007999999999999999
Calculated 2-RDM element (0, 3, 1, 3) is 0.0008500000000000001
Calculated 2-RDM element (0, 2, 1, 2) is -0.0005500000000000001
Calculated 2-RDM element (2, 0, 3, 0) is 0.0009250000000000001
Calculated 2-RDM element (3, 1, 1, 2) is 0.0023499999999999997
Calculated 2-RDM element (3, 0, 0, 2) is -0.001575
Calculated 2-RDM element (3, 1, 0, 3) is 0.003775
Calculated 2-RDM element (3, 0, 3, 1) is 0.0035249999999999995
Calculated 2-RDM element (1, 3, 2, 0) is -0.0860125
Calculated 2-RDM element (1, 2, 3, 0) is -0.0008625000000000004
Calculated 2-RDM element (2, 0, 3, 1) is 0.08300000000000002
Calculated 2-RDM element (2, 1, 0, 3) is -0.0006249999999999988
Calculated 2-RDM element (3, 1, 0, 2) is -0.0843
Calculated 2-RDM element (0, 3, 1, 2) is 0.0008125000000000007
Calculated 2-RDM element (0, 2, 1, 3) is 0.0840875
Calculated 2-RDM element (3, 0, 2, 1) is -0.00032500000000000064
Execution time of get_two_rdm: 12.149511814117432 seconds
Calculated 1-RDM element (0, 0) is 0.8859
Calculated 1-RDM element (1, 1) is 0.173
Calculated 1-RDM element (2, 2) is 0.7838
Calculated 1-RDM element (3, 3) is 0.22160000000000002
Calculated 1-RDM element (1, 0) is -0.00039999999999999996
Calculated 1-RDM element (3, 1) is 0.0021
Calculated 1-RDM element (1, 3) is 0.00025000000000000006
Calculated 1-RDM element (0, 1) is -0.0031
Calculated 1-RDM element (0, 2) is 0.0018000000000000002
Calculated 1-RDM element (2, 3) is 0.00715
Calculated 1-RDM element (1, 2) is 0.00185
Calculated 1-RDM element (0, 3) is 0.0004000000000000002
Calculated 1-RDM element (3, 0) is 0.0024000000000000002
Calculated 1-RDM element (3, 2) is 0.0023
Calculated 1-RDM element (2, 0) is -0.0013499999999999996
Calculated 1-RDM element (2, 1) is -0.0023
Execution time of get_one_rdm: 2.2764101028442383 seconds
Calculated 2-RDM element (0, 0, 0, 1) is 0.0
Calculated 2-RDM element (0, 0, 1, 1) is 0.0
Calculated 2-RDM element (0, 1, 1, 1) is 0.0
Calculated 2-RDM element (0, 0, 0, 0) is 0.0
Calculated 2-RDM element (1, 1, 1, 0) is 0.0
Calculated 2-RDM element (1, 1, 1, 1) is 0.0
Calculated 2-RDM element (1, 0, 0, 0) is 0.0
Calculated 2-RDM element (2, 2, 2, 2) is 0.0
Calculated 2-RDM element (2, 2, 2, 3) is 0.0
Calculated 2-RDM element (2, 2, 3, 3) is 0.0
Calculated 2-RDM element (2, 3, 3, 3) is 0.0
Calculated 2-RDM element (3, 3, 3, 2) is 0.0
Calculated 2-RDM element (3, 2, 2, 2) is 0.0
Calculated 2-RDM element (3, 3, 3, 3) is 0.0
Calculated 2-RDM element (0, 3, 0, 3) is -5.732410379710728e-10
Calculated 2-RDM element (0, 1, 0, 1) is -1.8596235662471372e-15
Calculated 2-RDM element (0, 2, 0, 2) is -0.977887468757307
Calculated 2-RDM element (2, 0, 2, 0) is -0.977887468757307
Calculated 2-RDM element (1, 0, 1, 0) is -1.8596235662471372e-15
Calculated 2-RDM element (2, 1, 2, 1) is -8.466058687428557e-10
Calculated 2-RDM element (1, 3, 1, 3) is -0.02211252982283865
Calculated 2-RDM element (3, 0, 3, 0) is -5.732410379710728e-10
Calculated 2-RDM element (2, 3, 2, 3) is -1.8318679906315083e-15
Calculated 2-RDM element (1, 2, 1, 2) is -8.466058687428557e-10
Calculated 2-RDM element (3, 1, 3, 1) is -0.02211252982283865
Calculated 2-RDM element (3, 2, 3, 2) is -1.8318679906315083e-15
Calculated 2-RDM element (0, 2, 1, 2) is -2.8772963204540245e-05
Calculated 2-RDM element (0, 3, 2, 0) is 2.3676220435485696e-05
Calculated 2-RDM element (1, 3, 2, 1) is -4.326725724663611e-06
Calculated 2-RDM element (0, 3, 1, 3) is 3.5603045571913015e-06
Calculated 2-RDM element (0, 2, 0, 3) is -2.3676220435485696e-05
Calculated 2-RDM element (1, 2, 1, 3) is 4.326725724663611e-06
Calculated 2-RDM element (2, 1, 3, 1) is 4.326725724663611e-06
Calculated 2-RDM element (1, 2, 2, 0) is 2.8772963204540245e-05
Calculated 2-RDM element (3, 0, 0, 2) is 2.3676220435485696e-05
Calculated 2-RDM element (2, 0, 3, 0) is -2.3676220435485696e-05
Calculated 2-RDM element (1, 3, 3, 0) is -3.5603045571913015e-06
Calculated 2-RDM element (3, 0, 3, 1) is 3.5603045571913015e-06
Calculated 2-RDM element (2, 1, 0, 2) is 2.8772963204540245e-05
Calculated 2-RDM element (3, 1, 1, 2) is -4.326725724663611e-06
Calculated 2-RDM element (2, 0, 2, 1) is -2.8772963204540245e-05
Calculated 2-RDM element (3, 1, 0, 3) is -3.5603045571913015e-06
Calculated 2-RDM element (0, 2, 1, 3) is 0.14704953524671294
Calculated 2-RDM element (2, 0, 3, 1) is 0.14704953524671294
Calculated 2-RDM element (0, 3, 1, 2) is -6.966394683338706e-10
Calculated 2-RDM element (1, 2, 3, 0) is 6.966394683338706e-10
Calculated 2-RDM element (1, 3, 2, 0) is -0.14704953524671294
Calculated 2-RDM element (2, 1, 0, 3) is 6.966394683338706e-10
Calculated 2-RDM element (3, 0, 2, 1) is -6.966394683338706e-10
Calculated 2-RDM element (3, 1, 0, 2) is -0.14704953524671294
Execution time of get_two_rdm: 4.92003870010376 seconds
Calculated 2-RDM element with wavefunction (0, 0, 0, 0) is 0.0
Calculated 2-RDM element with wavefunction (0, 0, 1, 1) is 0.0
Calculated 2-RDM element with wavefunction (0, 0, 0, 1) is 0.0
Calculated 2-RDM element with wavefunction (0, 1, 0, 1) is -1.1278681124903834e-32
Calculated 2-RDM element with wavefunction (0, 2, 1, 2) is -2.8772963204540245e-05
Calculated 2-RDM element with wavefunction (0, 1, 1, 1) is 0.0
Calculated 2-RDM element with wavefunction (0, 3, 0, 3) is -5.73239183463586e-10
Calculated 2-RDM element with wavefunction (1, 1, 1, 0) is 0.0
Calculated 2-RDM element with wavefunction (1, 0, 0, 0) is 0.0
Calculated 2-RDM element with wavefunction (0, 2, 1, 3) is 0.14704953524671294
Calculated 2-RDM element with wavefunction (0, 2, 0, 2) is -0.9778874687573051
Calculated 2-RDM element with wavefunction (1, 1, 1, 1) is 0.0
Calculated 2-RDM element with wavefunction (1, 2, 2, 0) is 2.8772963204540245e-05
Calculated 2-RDM element with wavefunction (1, 2, 1, 2) is -8.466039682683502e-10
Calculated 2-RDM element with wavefunction (0, 3, 1, 3) is 3.560304557191301e-06
Calculated 2-RDM element with wavefunction (0, 2, 0, 3) is -2.3676220435485696e-05
Calculated 2-RDM element with wavefunction (0, 3, 2, 0) is 2.3676220435485696e-05
Calculated 2-RDM element with wavefunction (1, 3, 1, 3) is -0.022112529822836773
Calculated 2-RDM element with wavefunction (1, 3, 2, 1) is -4.326725724663611e-06
Calculated 2-RDM element with wavefunction (2, 0, 2, 0) is -0.9778874687573051
Calculated 2-RDM element with wavefunction (2, 0, 3, 0) is -2.3676220435485696e-05
Calculated 2-RDM element with wavefunction (2, 2, 2, 2) is 0.0
Calculated 2-RDM element with wavefunction (1, 2, 3, 0) is 6.966394817171796e-10
Calculated 2-RDM element with wavefunction (0, 3, 1, 2) is -6.966394817171796e-10
Calculated 2-RDM element with wavefunction (2, 0, 2, 1) is -2.8772963204540245e-05
Calculated 2-RDM element with wavefunction (1, 3, 3, 0) is -3.560304557191301e-06
Calculated 2-RDM element with wavefunction (2, 1, 0, 2) is 2.8772963204540245e-05
Calculated 2-RDM element with wavefunction (2, 3, 3, 3) is 0.0
Calculated 2-RDM element with wavefunction (1, 0, 1, 0) is -1.1278681124903834e-32
Calculated 2-RDM element with wavefunction (2, 2, 3, 3) is 0.0
Calculated 2-RDM element with wavefunction (1, 3, 2, 0) is -0.14704953524671294
Calculated 2-RDM element with wavefunction (3, 0, 2, 1) is -6.966394817171796e-10
Calculated 2-RDM element with wavefunction (3, 3, 3, 2) is 0.0
Calculated 2-RDM element with wavefunction (3, 1, 1, 2) is -4.326725724663611e-06
Calculated 2-RDM element with wavefunction (2, 1, 3, 1) is 4.326725724663611e-06
Calculated 2-RDM element with wavefunction (2, 0, 3, 1) is 0.14704953524671294
Calculated 2-RDM element with wavefunction (2, 2, 2, 3) is 0.0
Calculated 2-RDM element with wavefunction (3, 0, 3, 1) is 3.560304557191301e-06
Calculated 2-RDM element with wavefunction (3, 1, 3, 1) is -0.022112529822836773
Calculated 2-RDM element with wavefunction (3, 3, 3, 3) is 0.0
Calculated 2-RDM element with wavefunction (2, 3, 2, 3) is -7.364192851481804e-33
Calculated 2-RDM element with wavefunction (1, 2, 1, 3) is 4.326725724663611e-06
Calculated 2-RDM element with wavefunction (2, 1, 2, 1) is -8.466039682683502e-10
Calculated 2-RDM element with wavefunction (3, 2, 2, 2) is 0.0
Calculated 2-RDM element with wavefunction (3, 2, 3, 2) is -7.364192851481804e-33
Calculated 2-RDM element with wavefunction (3, 1, 0, 3) is -3.560304557191301e-06
Calculated 2-RDM element with wavefunction (2, 1, 0, 3) is 6.966394817171796e-10
Calculated 2-RDM element with wavefunction (3, 0, 0, 2) is 2.3676220435485696e-05
Calculated 2-RDM element with wavefunction (3, 0, 3, 0) is -5.73239183463586e-10
Calculated 2-RDM element with wavefunction (3, 1, 0, 2) is -0.14704953524671294
Execution time of get_two_rdm_wavefunction: 0.1811213493347168 seconds
Calculated 2-RDM element (0, 0, 0, 1) is 0.0
Calculated 2-RDM element (0, 0, 0, 0) is 0.0
Calculated 2-RDM element (0, 0, 1, 1) is 0.0
Calculated 2-RDM element (0, 1, 1, 1) is 0.0
Calculated 2-RDM element (1, 1, 1, 1) is 0.0
Calculated 2-RDM element (1, 1, 1, 0) is 0.0
Calculated 2-RDM element (1, 0, 0, 0) is 0.0
Calculated 2-RDM element (2, 2, 2, 3) is 0.0
Calculated 2-RDM element (2, 2, 2, 2) is 0.0
Calculated 2-RDM element (2, 2, 3, 3) is 0.0
Calculated 2-RDM element (2, 3, 3, 3) is 0.0
Calculated 2-RDM element (3, 2, 2, 2) is 0.0
Calculated 2-RDM element (3, 3, 3, 2) is 0.0
Calculated 2-RDM element (3, 3, 3, 3) is 0.0
Calculated 2-RDM element (0, 2, 0, 2) is -0.70585
Calculated 2-RDM element (0, 3, 0, 3) is -0.16170000000000007
Calculated 2-RDM element (0, 1, 0, 1) is -0.10699999999999998
Calculated 2-RDM element (1, 0, 1, 0) is -0.11485000000000004
Calculated 2-RDM element (1, 3, 1, 3) is -0.13010000000000002
Calculated 2-RDM element (1, 2, 1, 2) is -0.07114999999999999
Calculated 2-RDM element (2, 1, 2, 1) is -0.06425
Calculated 2-RDM element (2, 3, 2, 3) is -0.05234999999999998
Calculated 2-RDM element (3, 1, 3, 1) is -0.1274
Calculated 2-RDM element (3, 0, 3, 0) is -0.15759999999999996
Calculated 2-RDM element (3, 2, 3, 2) is -0.04855000000000001
Calculated 2-RDM element (2, 0, 2, 0) is -0.7042999999999999
Calculated 2-RDM element (0, 3, 1, 3) is -0.0033500000000000005
Calculated 2-RDM element (0, 3, 2, 0) is -0.0389
Calculated 2-RDM element (0, 2, 0, 3) is 0.042225
Calculated 2-RDM element (0, 2, 1, 2) is 0.020874999999999998
Calculated 2-RDM element (1, 2, 2, 0) is -0.019299999999999998
Calculated 2-RDM element (1, 2, 1, 3) is -0.0013749999999999995
Calculated 2-RDM element (2, 1, 0, 2) is -0.0197
Calculated 2-RDM element (1, 3, 3, 0) is 0.004850000000000001
Calculated 2-RDM element (1, 3, 2, 1) is 0.00445
Calculated 2-RDM element (2, 0, 2, 1) is 0.025075
Calculated 2-RDM element (2, 0, 3, 0) is 0.037725
Calculated 2-RDM element (2, 1, 3, 1) is -0.005725
Calculated 2-RDM element (3, 0, 0, 2) is -0.040600000000000004
Calculated 2-RDM element (3, 0, 3, 1) is -0.006099999999999999
Calculated 2-RDM element (3, 1, 1, 2) is 0.007325000000000002
Calculated 2-RDM element (3, 1, 0, 3) is 0.0025499999999999993
Calculated 2-RDM element (0, 2, 1, 3) is 0.12444999999999999
Calculated 2-RDM element (0, 3, 1, 2) is -0.002474999999999993
Calculated 2-RDM element (1, 3, 2, 0) is -0.12516249999999998
Calculated 2-RDM element (1, 2, 3, 0) is 0.0015125000000000034
Calculated 2-RDM element (2, 0, 3, 1) is 0.12443750000000002
Calculated 2-RDM element (2, 1, 0, 3) is 0.004700000000000001
Calculated 2-RDM element (3, 0, 2, 1) is 0.001774999999999997
Calculated 2-RDM element (3, 1, 0, 2) is -0.129475
Execution time of get_two_rdm: 9.989911556243896 seconds
{'IIII': 1.0, 'IIZI': 0.6228, 'IIIZ': -0.7384, 'IIZZ': -0.6824, 'IZII': -0.5208, 'IZIZ': 0.5564, 'XYII': -0.0176, 'YYII': -0.0596, 'XYIZ': -0.0094, 'YYIZ': 0.0908, 'XXII': -0.0644, 'YXII': 0.0108, 'XXIZ': 0.0928, 'YXIZ': 0.0, 'IIXY': 0.0054, 'IZXY': 0.0112, 'IIYY': -0.0316, 'IZYY': 0.0702, 'IIXX': -0.026, 'IZXX': 0.0578, 'IIYX': -0.0128, 'IZYX': -0.0022, 'XYXY': 0.2504, 'YYXY': -0.0144, 'XYYY': 0.0064, 'YYYY': -0.2492, 'XXXY': 0.0102, 'YXXY': -0.2556, 'XXYY': -0.2462, 'YXYY': 0.0152, 'XYXX': 0.0184, 'YYXX': -0.2372, 'XYYX': -0.255, 'YYYX': -0.0164, 'XXXX': -0.2468, 'YXXX': 0.0058, 'XXYX': -0.0064, 'YXYX': 0.268, 'ZIII': 0.5302, 'ZIIZ': -0.5358, 'ZIXY': 0.0072, 'ZIYY': -0.0528, 'ZIXX': -0.0706, 'ZIYX': -0.002, 'IZZI': -0.6394, 'XYZI': 0.0024, 'YYZI': -0.0804, 'XXZI': -0.096, 'YXZI': -0.004, 'ZIZI': 0.6392, 'ZZII': -0.8148}
Calculated 2-RDM element with Parallel after GPU Parallel 1st way, (0, 0, 0, 0) is 0.0
Calculated 2-RDM element with Parallel after GPU Parallel 1st way, (0, 0, 0, 1) is 0.0
Calculated 2-RDM element with Parallel after GPU Parallel 1st way, (0, 0, 1, 1) is 0.0
Calculated 2-RDM element with Parallel after GPU Parallel 1st way, (0, 1, 0, 1) is -0.10829999999999998
Calculated 2-RDM element with Parallel after GPU Parallel 1st way, (0, 1, 1, 1) is 0.0
Calculated 2-RDM element with Parallel after GPU Parallel 1st way, (0, 2, 0, 2) is -0.7039
Calculated 2-RDM element with Parallel after GPU Parallel 1st way, (0, 2, 0, 3) is 0.03845
Calculated 2-RDM element with Parallel after GPU Parallel 1st way, (0, 2, 1, 2) is 0.0232
Calculated 2-RDM element with Parallel after GPU Parallel 1st way, (0, 2, 1, 3) is 0.125525
Calculated 2-RDM element with Parallel after GPU Parallel 1st way, (0, 3, 0, 3) is -0.16809999999999997
Calculated 2-RDM element with Parallel after GPU Parallel 1st way, (0, 3, 1, 2) is -0.003100000000000004
Calculated 2-RDM element with Parallel after GPU Parallel 1st way, (0, 3, 1, 3) is -0.008225
Calculated 2-RDM element with Parallel after GPU Parallel 1st way, (0, 3, 2, 0) is -0.03845
Calculated 2-RDM element with Parallel after GPU Parallel 1st way, (1, 0, 0, 0) is 0.0
Calculated 2-RDM element with Parallel after GPU Parallel 1st way, (1, 0, 1, 0) is -0.10829999999999998
Calculated 2-RDM element with Parallel after GPU Parallel 1st way, (1, 1, 1, 0) is 0.0
Calculated 2-RDM element with Parallel after GPU Parallel 1st way, (1, 1, 1, 1) is 0.0
Calculated 2-RDM element with Parallel after GPU Parallel 1st way, (1, 2, 1, 2) is -0.06464999999999999
Calculated 2-RDM element with Parallel after GPU Parallel 1st way, (1, 2, 1, 3) is -0.00655
Calculated 2-RDM element with Parallel after GPU Parallel 1st way, (1, 2, 2, 0) is -0.0232
Calculated 2-RDM element with Parallel after GPU Parallel 1st way, (1, 2, 3, 0) is 0.003100000000000002
Calculated 2-RDM element with Parallel after GPU Parallel 1st way, (1, 3, 1, 3) is -0.12154999999999999
Calculated 2-RDM element with Parallel after GPU Parallel 1st way, (1, 3, 2, 0) is -0.125525
Calculated 2-RDM element with Parallel after GPU Parallel 1st way, (1, 3, 2, 1) is 0.00655
Calculated 2-RDM element with Parallel after GPU Parallel 1st way, (1, 3, 3, 0) is 0.008225
Calculated 2-RDM element with Parallel after GPU Parallel 1st way, (2, 0, 2, 0) is -0.7039
Calculated 2-RDM element with Parallel after GPU Parallel 1st way, (2, 0, 2, 1) is 0.0232
Calculated 2-RDM element with Parallel after GPU Parallel 1st way, (2, 0, 3, 0) is 0.03845
Calculated 2-RDM element with Parallel after GPU Parallel 1st way, (2, 0, 3, 1) is 0.125525
Calculated 2-RDM element with Parallel after GPU Parallel 1st way, (2, 1, 0, 2) is -0.0232
Calculated 2-RDM element with Parallel after GPU Parallel 1st way, (2, 1, 0, 3) is 0.003100000000000002
Calculated 2-RDM element with Parallel after GPU Parallel 1st way, (2, 1, 2, 1) is -0.06465000000000001
Calculated 2-RDM element with Parallel after GPU Parallel 1st way, (2, 1, 3, 1) is -0.00655
Calculated 2-RDM element with Parallel after GPU Parallel 1st way, (2, 2, 2, 2) is 0.0
Calculated 2-RDM element with Parallel after GPU Parallel 1st way, (2, 2, 2, 3) is 0.0
Calculated 2-RDM element with Parallel after GPU Parallel 1st way, (2, 2, 3, 3) is 0.0
Calculated 2-RDM element with Parallel after GPU Parallel 1st way, (2, 3, 2, 3) is -0.04395000000000002
Calculated 2-RDM element with Parallel after GPU Parallel 1st way, (2, 3, 3, 3) is 0.0
Calculated 2-RDM element with Parallel after GPU Parallel 1st way, (3, 0, 0, 2) is -0.03845
Calculated 2-RDM element with Parallel after GPU Parallel 1st way, (3, 0, 2, 1) is -0.0031000000000000003
Calculated 2-RDM element with Parallel after GPU Parallel 1st way, (3, 0, 3, 0) is -0.16809999999999997
Calculated 2-RDM element with Parallel after GPU Parallel 1st way, (3, 0, 3, 1) is -0.008225
Calculated 2-RDM element with Parallel after GPU Parallel 1st way, (3, 1, 0, 2) is -0.125525
Calculated 2-RDM element with Parallel after GPU Parallel 1st way, (3, 1, 0, 3) is 0.008225
Calculated 2-RDM element with Parallel after GPU Parallel 1st way, (3, 1, 1, 2) is 0.00655
Calculated 2-RDM element with Parallel after GPU Parallel 1st way, (3, 1, 3, 1) is -0.12154999999999999
Calculated 2-RDM element with Parallel after GPU Parallel 1st way, (3, 2, 2, 2) is 0.0
Calculated 2-RDM element with Parallel after GPU Parallel 1st way, (3, 2, 3, 2) is -0.04394999999999999
Calculated 2-RDM element with Parallel after GPU Parallel 1st way, (3, 3, 3, 2) is 0.0
Calculated 2-RDM element with Parallel after GPU Parallel 1st way, (3, 3, 3, 3) is 0.0
Execution time of get_two_rdm_Parallel: 1.777935266494751 seconds
Calculated 1-RDM element (1, 1) is 0.02211253066944452
Calculated 1-RDM element (0, 0) is 0.977887469330548
Calculated 1-RDM element (2, 2) is 0.9778874696039128
Calculated 1-RDM element (3, 3) is 0.022112530396079688
Calculated 1-RDM element (0, 3) is -1.574492771387511e-18
Calculated 1-RDM element (2, 3) is 1.9349494710822086e-05
Calculated 1-RDM element (2, 0) is -1.3557349605350541e-21
Calculated 1-RDM element (1, 2) is 5.2602272422620934e-17
Calculated 1-RDM element (0, 1) is 2.5212658647348943e-05
Calculated 1-RDM element (0, 2) is -1.3557349605350541e-21
Calculated 1-RDM element (1, 3) is 1.0233897159145562e-21
Calculated 1-RDM element (2, 1) is 5.2602272422620934e-17
Calculated 1-RDM element (1, 0) is 2.5212658647348943e-05
Calculated 1-RDM element (3, 1) is 1.0233897159145562e-21
Calculated 1-RDM element (3, 2) is 1.9349494710822086e-05
Calculated 1-RDM element (3, 0) is -1.574492771387511e-18
Execution time of get_one_rdm: 1.0138208866119385 seconds
Calculated 1-RDM element with wavefunction (0, 0) is 0.9778874693305444
Calculated 1-RDM element with wavefunction (0, 3) is -1.574492771387511e-18
Calculated 1-RDM element with wavefunction (0, 1) is 2.5212658647348943e-05
Calculated 1-RDM element with wavefunction (0, 2) is -1.355734960536532e-21
Calculated 1-RDM element with wavefunction (1, 0) is 2.5212658647348943e-05
Calculated 1-RDM element with wavefunction (1, 2) is 5.2602272422620934e-17
Calculated 1-RDM element with wavefunction (3, 1) is 1.0233897159147031e-21
Calculated 1-RDM element with wavefunction (2, 0) is -1.355734960536532e-21
Calculated 1-RDM element with wavefunction (2, 2) is 0.9778874696039092
Calculated 1-RDM element with wavefunction (1, 1) is 0.02211253066944074
Calculated 1-RDM element with wavefunction (1, 3) is 1.0233897159147031e-21
Calculated 1-RDM element with wavefunction (3, 0) is -1.574492771387511e-18
Calculated 1-RDM element with wavefunction (2, 1) is 5.2602272422620934e-17
Calculated 1-RDM element with wavefunction (2, 3) is 1.9349494710822086e-05
Calculated 1-RDM element with wavefunction (3, 2) is 1.9349494710822086e-05
Calculated 1-RDM element with wavefunction (3, 3) is 0.022112530396075955
Execution time of get_one_rdm_wavefunction: 0.05548405647277832 seconds
Calculated 1-RDM element (0, 0) is 0.8724000000000001
Calculated 1-RDM element (1, 1) is 0.19219999999999998
Calculated 1-RDM element (2, 2) is 0.7639
Calculated 1-RDM element (3, 3) is 0.2404
Calculated 1-RDM element (0, 1) is -0.017099999999999997
Calculated 1-RDM element (1, 0) is -0.01295
Calculated 1-RDM element (0, 2) is -0.00165
Calculated 1-RDM element (1, 3) is -0.0033499999999999997
Calculated 1-RDM element (0, 3) is 0.00215
Calculated 1-RDM element (3, 1) is 0.0024999999999999996
Calculated 1-RDM element (2, 1) is 0.0041
Calculated 1-RDM element (2, 0) is -0.00075
Calculated 1-RDM element (1, 2) is -0.0008000000000000001
Calculated 1-RDM element (2, 3) is -0.03605
Calculated 1-RDM element (3, 0) is -0.00165
Calculated 1-RDM element (3, 2) is -0.037750000000000006
Execution time of get_one_rdm: 1.9602744579315186 seconds
--- [DONE]  Processing for d = 0.90. Data saved. ---
--- [START] Processing for d = 1.6 ---
Attempting to load file: /home/u2600410/H2/H2_1.6_sto-3g.pkl
Using CPU for noisy estimator...
Number of qubits: 4
Execution time of Gene_Qiskit_VQE_hamiltonian: 0.0006735324859619141 seconds
VQE Optimal Energy: -0.98347272
{   'aux_operators_evaluated': None,
    'cost_function_evals': 79,
    'eigenvalue': -0.9834727247175327,
    'optimal_circuit': <qiskit_nature.second_q.circuit.library.ansatzes.uccsd.UCCSD object at 0x149d194554f0>,
    'optimal_parameters': {   ParameterVectorElement(t[2]): -0.40716284016968546,
                              ParameterVectorElement(t[1]): 0.00012754859552890002,
                              ParameterVectorElement(t[0]): -1.9507306829530738e-05},
    'optimal_point': array([-1.95073068e-05,  1.27548596e-04, -4.07162840e-01]),
    'optimal_value': -0.9834727247175327,
    'optimizer_evals': None,
    'optimizer_result': <qiskit_algorithms.optimizers.optimizer.OptimizerResult object at 0x149d19715a60>,
    'optimizer_time': 2.309835433959961}
VQE Optimal Energy: -0.83192317
{   'aux_operators_evaluated': None,
    'cost_function_evals': 39,
    'eigenvalue': -0.8319231725723388,
    'optimal_circuit': <qiskit_nature.second_q.circuit.library.ansatzes.uccsd.UCCSD object at 0x149d16fa4c80>,
    'optimal_parameters': {   ParameterVectorElement(t[1]): 0.061324916548005544,
                              ParameterVectorElement(t[0]): -0.054964776893833944,
                              ParameterVectorElement(t[2]): -0.37872485606157413},
    'optimal_point': array([-0.05496478,  0.06132492, -0.37872486]),
    'optimal_value': -0.8319231725723388,
    'optimizer_evals': None,
    'optimizer_result': <qiskit_algorithms.optimizers.optimizer.OptimizerResult object at 0x149d170d45f0>,
    'optimizer_time': 5.230797529220581}
{'IIII': 1.0, 'IIZI': 0.5222, 'IIIZ': -0.619, 'IIZZ': -0.7044, 'IZII': -0.4312, 'IZIZ': 0.5508, 'XYII': 0.0114, 'YYII': -0.0928, 'XYIZ': -0.0044, 'YYIZ': 0.0514, 'XXII': -0.107, 'YXII': -0.0206, 'XXIZ': 0.0336, 'YXIZ': -0.0028, 'IIXY': 0.0026, 'IZXY': 0.0146, 'IIYY': 0.085, 'IZYY': -0.0208, 'IIXX': 0.0964, 'IZXX': -0.0296, 'IIYX': 0.0012, 'IZYX': 0.0012, 'XYXY': 0.4042, 'YYXY': 0.005, 'XYYY': 0.0068, 'YYYY': -0.3948, 'XXXY': 0.0176, 'YXXY': -0.3976, 'XXYY': -0.4328, 'YXYY': 0.0104, 'XYXX': 0.015, 'YYXX': -0.4108, 'XYYX': -0.3972, 'YYYX': -0.0092, 'XXXX': -0.3928, 'YXXX': -0.0056, 'XXYX': 0.007, 'YXYX': 0.3828, 'ZIII': 0.4104, 'ZIIZ': -0.5484, 'ZIXY': 0.0038, 'ZIYY': 0.0244, 'ZIXX': 0.0338, 'ZIYX': -0.0094, 'IZZI': -0.646, 'XYZI': 0.0168, 'YYZI': -0.0488, 'XXZI': -0.0368, 'YXZI': 0.0042, 'ZIZI': 0.641, 'ZZII': -0.8106}
Calculated 2-RDM element with Parallel after GPU Parallel 1st way, (0, 0, 0, 0) is 0.0
Calculated 2-RDM element with Parallel after GPU Parallel 1st way, (0, 0, 0, 1) is 0.0
Calculated 2-RDM element with Parallel after GPU Parallel 1st way, (0, 0, 1, 1) is 0.0
Calculated 2-RDM element with Parallel after GPU Parallel 1st way, (0, 1, 0, 1) is -0.09809999999999999
Calculated 2-RDM element with Parallel after GPU Parallel 1st way, (0, 1, 1, 1) is 0.0
Calculated 2-RDM element with Parallel after GPU Parallel 1st way, (0, 2, 0, 2) is -0.65025
Calculated 2-RDM element with Parallel after GPU Parallel 1st way, (0, 2, 0, 3) is 0.0356
Calculated 2-RDM element with Parallel after GPU Parallel 1st way, (0, 2, 1, 2) is -0.028975
Calculated 2-RDM element with Parallel after GPU Parallel 1st way, (0, 2, 1, 3) is 0.2008125
Calculated 2-RDM element with Parallel after GPU Parallel 1st way, (0, 3, 0, 3) is -0.16505000000000003
Calculated 2-RDM element with Parallel after GPU Parallel 1st way, (0, 3, 1, 2) is 0.0030875
Calculated 2-RDM element with Parallel after GPU Parallel 1st way, (0, 3, 1, 3) is -0.0154
Calculated 2-RDM element with Parallel after GPU Parallel 1st way, (0, 3, 2, 0) is -0.0356
Calculated 2-RDM element with Parallel after GPU Parallel 1st way, (1, 0, 0, 0) is 0.0
Calculated 2-RDM element with Parallel after GPU Parallel 1st way, (1, 0, 1, 0) is -0.09809999999999999
Calculated 2-RDM element with Parallel after GPU Parallel 1st way, (1, 1, 1, 0) is 0.0
Calculated 2-RDM element with Parallel after GPU Parallel 1st way, (1, 1, 1, 1) is 0.0
Calculated 2-RDM element with Parallel after GPU Parallel 1st way, (1, 2, 1, 2) is -0.06575
Calculated 2-RDM element with Parallel after GPU Parallel 1st way, (1, 2, 1, 3) is 0.014275
Calculated 2-RDM element with Parallel after GPU Parallel 1st way, (1, 2, 2, 0) is 0.028975
Calculated 2-RDM element with Parallel after GPU Parallel 1st way, (1, 2, 3, 0) is -0.0030875
Calculated 2-RDM element with Parallel after GPU Parallel 1st way, (1, 3, 1, 3) is -0.1771
Calculated 2-RDM element with Parallel after GPU Parallel 1st way, (1, 3, 2, 0) is -0.2008125
Calculated 2-RDM element with Parallel after GPU Parallel 1st way, (1, 3, 2, 1) is -0.014274999999999996
Calculated 2-RDM element with Parallel after GPU Parallel 1st way, (1, 3, 3, 0) is 0.0154
Calculated 2-RDM element with Parallel after GPU Parallel 1st way, (2, 0, 2, 0) is -0.65025
Calculated 2-RDM element with Parallel after GPU Parallel 1st way, (2, 0, 2, 1) is -0.028975
Calculated 2-RDM element with Parallel after GPU Parallel 1st way, (2, 0, 3, 0) is 0.0356
Calculated 2-RDM element with Parallel after GPU Parallel 1st way, (2, 0, 3, 1) is 0.2008125
Calculated 2-RDM element with Parallel after GPU Parallel 1st way, (2, 1, 0, 2) is 0.028975
Calculated 2-RDM element with Parallel after GPU Parallel 1st way, (2, 1, 0, 3) is -0.0030875
Calculated 2-RDM element with Parallel after GPU Parallel 1st way, (2, 1, 2, 1) is -0.06575
Calculated 2-RDM element with Parallel after GPU Parallel 1st way, (2, 1, 3, 1) is 0.014275
Calculated 2-RDM element with Parallel after GPU Parallel 1st way, (2, 2, 2, 2) is 0.0
Calculated 2-RDM element with Parallel after GPU Parallel 1st way, (2, 2, 2, 3) is 0.0
Calculated 2-RDM element with Parallel after GPU Parallel 1st way, (2, 2, 3, 3) is 0.0
Calculated 2-RDM element with Parallel after GPU Parallel 1st way, (2, 3, 2, 3) is -0.052549999999999986
Calculated 2-RDM element with Parallel after GPU Parallel 1st way, (2, 3, 3, 3) is 0.0
Calculated 2-RDM element with Parallel after GPU Parallel 1st way, (3, 0, 0, 2) is -0.0356
Calculated 2-RDM element with Parallel after GPU Parallel 1st way, (3, 0, 2, 1) is 0.0030875
Calculated 2-RDM element with Parallel after GPU Parallel 1st way, (3, 0, 3, 0) is -0.16505000000000003
Calculated 2-RDM element with Parallel after GPU Parallel 1st way, (3, 0, 3, 1) is -0.0154
Calculated 2-RDM element with Parallel after GPU Parallel 1st way, (3, 1, 0, 2) is -0.2008125
Calculated 2-RDM element with Parallel after GPU Parallel 1st way, (3, 1, 0, 3) is 0.0154
Calculated 2-RDM element with Parallel after GPU Parallel 1st way, (3, 1, 1, 2) is -0.014274999999999996
Calculated 2-RDM element with Parallel after GPU Parallel 1st way, (3, 1, 3, 1) is -0.1771
Calculated 2-RDM element with Parallel after GPU Parallel 1st way, (3, 2, 2, 2) is 0.0
Calculated 2-RDM element with Parallel after GPU Parallel 1st way, (3, 2, 3, 2) is -0.052549999999999986
Calculated 2-RDM element with Parallel after GPU Parallel 1st way, (3, 3, 3, 2) is 0.0
Calculated 2-RDM element with Parallel after GPU Parallel 1st way, (3, 3, 3, 3) is 0.0
Execution time of get_two_rdm_Parallel: 3.8934617042541504 seconds
Calculated 2-RDM element with Parallel after GPU Parallel 2nd way, (0, 0, 0, 0) is 0.0
Calculated 2-RDM element with Parallel after GPU Parallel 2nd way, (0, 0, 0, 1) is 0.0
Calculated 2-RDM element with Parallel after GPU Parallel 2nd way, (0, 0, 1, 1) is 0.0
Calculated 2-RDM element with Parallel after GPU Parallel 2nd way, (0, 1, 0, 1) is -0.10715000000000002
Calculated 2-RDM element with Parallel after GPU Parallel 2nd way, (0, 1, 1, 1) is 0.0
Calculated 2-RDM element with Parallel after GPU Parallel 2nd way, (0, 2, 0, 2) is -0.64645
Calculated 2-RDM element with Parallel after GPU Parallel 2nd way, (0, 2, 0, 3) is 0.035324999999999995
Calculated 2-RDM element with Parallel after GPU Parallel 2nd way, (0, 2, 1, 2) is -0.0324
Calculated 2-RDM element with Parallel after GPU Parallel 2nd way, (0, 2, 1, 3) is 0.202625
Calculated 2-RDM element with Parallel after GPU Parallel 2nd way, (0, 3, 0, 3) is -0.1626
Calculated 2-RDM element with Parallel after GPU Parallel 2nd way, (0, 3, 1, 2) is 0.003825000000000002
Calculated 2-RDM element with Parallel after GPU Parallel 2nd way, (0, 3, 1, 3) is -0.013374999999999998
Calculated 2-RDM element with Parallel after GPU Parallel 2nd way, (0, 3, 2, 0) is -0.035325
Calculated 2-RDM element with Parallel after GPU Parallel 2nd way, (1, 0, 0, 0) is 0.0
Calculated 2-RDM element with Parallel after GPU Parallel 2nd way, (1, 0, 1, 0) is -0.10714999999999997
Calculated 2-RDM element with Parallel after GPU Parallel 2nd way, (1, 1, 1, 0) is 0.0
Calculated 2-RDM element with Parallel after GPU Parallel 2nd way, (1, 1, 1, 1) is 0.0
Calculated 2-RDM element with Parallel after GPU Parallel 2nd way, (1, 2, 1, 2) is -0.06724999999999998
Calculated 2-RDM element with Parallel after GPU Parallel 2nd way, (1, 2, 1, 3) is 0.0113
Calculated 2-RDM element with Parallel after GPU Parallel 2nd way, (1, 2, 2, 0) is 0.0324
Calculated 2-RDM element with Parallel after GPU Parallel 2nd way, (1, 2, 3, 0) is -0.003825000000000002
Calculated 2-RDM element with Parallel after GPU Parallel 2nd way, (1, 3, 1, 3) is -0.1782
Calculated 2-RDM element with Parallel after GPU Parallel 2nd way, (1, 3, 2, 0) is -0.202625
Calculated 2-RDM element with Parallel after GPU Parallel 2nd way, (1, 3, 2, 1) is -0.011299999999999998
Calculated 2-RDM element with Parallel after GPU Parallel 2nd way, (1, 3, 3, 0) is 0.013375
Calculated 2-RDM element with Parallel after GPU Parallel 2nd way, (2, 0, 2, 0) is -0.64645
Calculated 2-RDM element with Parallel after GPU Parallel 2nd way, (2, 0, 2, 1) is -0.0324
Calculated 2-RDM element with Parallel after GPU Parallel 2nd way, (2, 0, 3, 0) is 0.035324999999999995
Calculated 2-RDM element with Parallel after GPU Parallel 2nd way, (2, 0, 3, 1) is 0.202625
Calculated 2-RDM element with Parallel after GPU Parallel 2nd way, (2, 1, 0, 2) is 0.0324
Calculated 2-RDM element with Parallel after GPU Parallel 2nd way, (2, 1, 0, 3) is -0.003825000000000002
Calculated 2-RDM element with Parallel after GPU Parallel 2nd way, (2, 1, 2, 1) is -0.06725
Calculated 2-RDM element with Parallel after GPU Parallel 2nd way, (2, 1, 3, 1) is 0.0113
Calculated 2-RDM element with Parallel after GPU Parallel 2nd way, (2, 2, 2, 2) is 0.0
Calculated 2-RDM element with Parallel after GPU Parallel 2nd way, (2, 2, 2, 3) is 0.0
Calculated 2-RDM element with Parallel after GPU Parallel 2nd way, (2, 2, 3, 3) is 0.0
Calculated 2-RDM element with Parallel after GPU Parallel 2nd way, (2, 3, 2, 3) is -0.04385
Calculated 2-RDM element with Parallel after GPU Parallel 2nd way, (2, 3, 3, 3) is 0.0
Calculated 2-RDM element with Parallel after GPU Parallel 2nd way, (3, 0, 0, 2) is -0.035325
Calculated 2-RDM element with Parallel after GPU Parallel 2nd way, (3, 0, 2, 1) is 0.003825000000000002
Calculated 2-RDM element with Parallel after GPU Parallel 2nd way, (3, 0, 3, 0) is -0.16259999999999994
Calculated 2-RDM element with Parallel after GPU Parallel 2nd way, (3, 0, 3, 1) is -0.013374999999999998
Calculated 2-RDM element with Parallel after GPU Parallel 2nd way, (3, 1, 0, 2) is -0.202625
Calculated 2-RDM element with Parallel after GPU Parallel 2nd way, (3, 1, 0, 3) is 0.013375
Calculated 2-RDM element with Parallel after GPU Parallel 2nd way, (3, 1, 1, 2) is -0.011299999999999998
Calculated 2-RDM element with Parallel after GPU Parallel 2nd way, (3, 1, 3, 1) is -0.1782
Calculated 2-RDM element with Parallel after GPU Parallel 2nd way, (3, 2, 2, 2) is 0.0
Calculated 2-RDM element with Parallel after GPU Parallel 2nd way, (3, 2, 3, 2) is -0.04384999999999997
Calculated 2-RDM element with Parallel after GPU Parallel 2nd way, (3, 3, 3, 2) is 0.0
Calculated 2-RDM element with Parallel after GPU Parallel 2nd way, (3, 3, 3, 3) is 0.0
Execution time of get_two_rdm_Parallel2: 1.9225318431854248 seconds
{'IIII': 1.0, 'IIZI': 0.5144, 'IIIZ': -0.619, 'IIZZ': -0.6794, 'IZII': -0.4128, 'IZIZ': 0.5482, 'XYII': -0.0056, 'YYII': -0.0834, 'XYIZ': 0.006, 'YYIZ': 0.0332, 'XXII': -0.0888, 'YXII': 0.0072, 'XXIZ': 0.0278, 'YXIZ': -0.0096, 'IIXY': 0.0026, 'IZXY': -0.0002, 'IIYY': 0.0956, 'IZYY': -0.0324, 'IIXX': 0.0992, 'IZXX': -0.0206, 'IIYX': -0.0014, 'IZYX': 0.0106, 'XYXY': 0.403, 'YYXY': 0.0126, 'XYYY': 0.0088, 'YYYY': -0.3946, 'XXXY': 0.0144, 'YXXY': -0.3974, 'XXYY': -0.4236, 'YXYY': -0.0016, 'XYXX': -0.0012, 'YYXX': -0.396, 'XYYX': -0.4026, 'YYYX': 0.0044, 'XXXX': -0.4016, 'YXXX': 0.0042, 'XXYX': 0.0022, 'YXYX': 0.3766, 'ZIII': 0.434, 'ZIIZ': -0.5516, 'ZIXY': 0.0048, 'ZIYY': 0.0412, 'ZIXX': 0.038, 'ZIYX': 0.0056, 'IZZI': -0.6514, 'XYZI': 0.0054, 'YYZI': -0.0534, 'XXZI': -0.0424, 'YXZI': -0.0078, 'ZIZI': 0.6394, 'ZZII': -0.8076}
Calculated 2-RDM element with Parallel after GPU Parallel 3th way, (0, 0, 0, 1) is 0.0
Calculated 2-RDM element with Parallel after GPU Parallel 3th way, (0, 0, 1, 1) is 0.0
Calculated 2-RDM element with Parallel after GPU Parallel 3th way, (0, 2, 0, 3) is 0.029150000000000002
Calculated 2-RDM element with Parallel after GPU Parallel 3th way, (0, 0, 0, 0) is 0.0
Calculated 2-RDM element with Parallel after GPU Parallel 3th way, (0, 2, 1, 3) is 0.1997125
Calculated 2-RDM element with Parallel after GPU Parallel 3th way, (0, 2, 1, 2) is -0.030975000000000003
Calculated 2-RDM element with Parallel after GPU Parallel 3th way, (0, 2, 0, 2) is -0.645
Calculated 2-RDM element with Parallel after GPU Parallel 3th way, (0, 1, 0, 1) is -0.1063
Calculated 2-RDM element with Parallel after GPU Parallel 3th way, (0, 1, 1, 1) is 0.0
Calculated 2-RDM element with Parallel after GPU Parallel 3th way, (1, 1, 1, 0) is 0.0
Calculated 2-RDM element with Parallel after GPU Parallel 3th way, (0, 3, 1, 3) is -0.01445
Calculated 2-RDM element with Parallel after GPU Parallel 3th way, (1, 0, 0, 0) is 0.0
Calculated 2-RDM element with Parallel after GPU Parallel 3th way, (1, 1, 1, 1) is 0.0
Calculated 2-RDM element with Parallel after GPU Parallel 3th way, (1, 2, 2, 0) is 0.030975000000000003
Calculated 2-RDM element with Parallel after GPU Parallel 3th way, (1, 3, 1, 3) is -0.17275000000000001
Calculated 2-RDM element with Parallel after GPU Parallel 3th way, (1, 0, 1, 0) is -0.1063
Calculated 2-RDM element with Parallel after GPU Parallel 3th way, (0, 3, 2, 0) is -0.029150000000000002
Calculated 2-RDM element with Parallel after GPU Parallel 3th way, (2, 0, 2, 1) is -0.030975000000000003
Calculated 2-RDM element with Parallel after GPU Parallel 3th way, (0, 3, 0, 3) is -0.15835000000000002
Calculated 2-RDM element with Parallel after GPU Parallel 3th way, (1, 2, 1, 3) is 0.00955
Calculated 2-RDM element with Parallel after GPU Parallel 3th way, (0, 3, 1, 2) is 0.002262499999999997
Calculated 2-RDM element with Parallel after GPU Parallel 3th way, (1, 3, 2, 1) is -0.00955
Calculated 2-RDM element with Parallel after GPU Parallel 3th way, (2, 0, 2, 0) is -0.645
Calculated 2-RDM element with Parallel after GPU Parallel 3th way, (2, 2, 3, 3) is 0.0
Calculated 2-RDM element with Parallel after GPU Parallel 3th way, (2, 2, 2, 3) is 0.0
Calculated 2-RDM element with Parallel after GPU Parallel 3th way, (1, 3, 2, 0) is -0.1997125
Calculated 2-RDM element with Parallel after GPU Parallel 3th way, (1, 3, 3, 0) is 0.01445
Calculated 2-RDM element with Parallel after GPU Parallel 3th way, (2, 0, 3, 0) is 0.029150000000000002
Calculated 2-RDM element with Parallel after GPU Parallel 3th way, (3, 0, 3, 1) is -0.01445
Calculated 2-RDM element with Parallel after GPU Parallel 3th way, (2, 2, 2, 2) is 0.0
Calculated 2-RDM element with Parallel after GPU Parallel 3th way, (1, 2, 3, 0) is -0.002262499999999997
Calculated 2-RDM element with Parallel after GPU Parallel 3th way, (2, 1, 3, 1) is 0.00955
Calculated 2-RDM element with Parallel after GPU Parallel 3th way, (2, 1, 0, 3) is -0.002262499999999997
Calculated 2-RDM element with Parallel after GPU Parallel 3th way, (3, 0, 0, 2) is -0.029150000000000002
Calculated 2-RDM element with Parallel after GPU Parallel 3th way, (2, 1, 0, 2) is 0.030975000000000003
Calculated 2-RDM element with Parallel after GPU Parallel 3th way, (2, 0, 3, 1) is 0.1997125
Calculated 2-RDM element with Parallel after GPU Parallel 3th way, (3, 1, 0, 2) is -0.1997125
Calculated 2-RDM element with Parallel after GPU Parallel 3th way, (3, 0, 3, 0) is -0.15835000000000002
Calculated 2-RDM element with Parallel after GPU Parallel 3th way, (3, 2, 2, 2) is 0.0
Calculated 2-RDM element with Parallel after GPU Parallel 3th way, (3, 3, 3, 2) is 0.0
Calculated 2-RDM element with Parallel after GPU Parallel 3th way, (2, 3, 2, 3) is -0.04280000000000003
Calculated 2-RDM element with Parallel after GPU Parallel 3th way, (3, 1, 3, 1) is -0.17275000000000001
Calculated 2-RDM element with Parallel after GPU Parallel 3th way, (3, 1, 0, 3) is 0.01445
Calculated 2-RDM element with Parallel after GPU Parallel 3th way, (2, 1, 2, 1) is -0.06175000000000003
Calculated 2-RDM element with Parallel after GPU Parallel 3th way, (3, 2, 3, 2) is -0.04280000000000003
Calculated 2-RDM element with Parallel after GPU Parallel 3th way, (3, 1, 1, 2) is -0.00955
Calculated 2-RDM element with Parallel after GPU Parallel 3th way, (1, 2, 1, 2) is -0.06175000000000003
Calculated 2-RDM element with Parallel after GPU Parallel 3th way, (3, 0, 2, 1) is 0.002262499999999997
Calculated 2-RDM element with Parallel after GPU Parallel 3th way, (2, 3, 3, 3) is 0.0
Calculated 2-RDM element with Parallel after GPU Parallel 3th way, (3, 3, 3, 3) is 0.0
Execution time of get_two_rdm_Parallel3: 1.9669532775878906 seconds
Number of 'cx' gates before replacing gates: 56
Number of 'h' gates before replacing gates: 72
Number of 's' gates before replacing gates: 24
Number of 'rz' gates before replacing gates: 32
Number of 'x' gates before replacing gates: 0
Number of 'y' gates before replacing gates: 0
Number of parameterized gates before replacing gates: 0
{ParameterVectorElement(t[0]): -1.9507306829530738e-05, ParameterVectorElement(t[1]): 0.00012754859552890002, ParameterVectorElement(t[2]): -0.40716284016968546}
Total parameter gates replaced: 0
Number of 'cx' gates after replacing gates: 56
Number of 'h' gates after replacing gates: 72
Number of 's' gates after replacing gates: 24
Number of 'rz' gates after replacing gates: 32
Number of 'x' gates after replacing gates: 0
Number of 'y' gates after replacing gates: 0
Number of 'z' gates after replacing gates: 0
Gate replacement successful.
Calculated 1-RDM element with wavefunction (0, 0) is 0.8431794790026886
Calculated 1-RDM element with wavefunction (0, 1) is 6.842251781849288e-05
Calculated 1-RDM element with wavefunction (0, 3) is 4.5765280687171966e-17
Calculated 1-RDM element with wavefunction (1, 1) is 0.15682052099729865
Calculated 1-RDM element with wavefunction (1, 0) is 6.842251781849288e-05
Calculated 1-RDM element with wavefunction (1, 2) is 6.712168387955507e-17
Calculated 1-RDM element with wavefunction (2, 1) is 6.712168387955507e-17
Calculated 1-RDM element with wavefunction (0, 2) is 1.6332404201791931e-21
Calculated 1-RDM element with wavefunction (3, 1) is -7.646895266684455e-21
Calculated 1-RDM element with wavefunction (1, 3) is -7.646895266684455e-21
Calculated 1-RDM element with wavefunction (2, 0) is 1.6332404201791931e-21
Calculated 1-RDM element with wavefunction (2, 2) is 0.8431794631145796
Calculated 1-RDM element with wavefunction (2, 3) is -0.0001248462522784802
Calculated 1-RDM element with wavefunction (3, 2) is -0.0001248462522784802
Calculated 1-RDM element with wavefunction (3, 3) is 0.15682053688540776
Calculated 1-RDM element with wavefunction (3, 0) is 4.5765280687171966e-17
Execution time of get_one_rdm_wavefunction: 0.06036543846130371 seconds
Calculated 2-RDM element with wavefunction (0, 0, 0, 0) is 0.0
Calculated 2-RDM element with wavefunction (0, 0, 0, 1) is 0.0
Calculated 2-RDM element with wavefunction (0, 0, 1, 1) is 0.0
Calculated 2-RDM element with wavefunction (0, 1, 1, 1) is 0.0
Calculated 2-RDM element with wavefunction (0, 2, 0, 2) is -0.8431794627340445
Calculated 2-RDM element with wavefunction (0, 2, 0, 3) is 0.00011712124749330773
Calculated 2-RDM element with wavefunction (0, 2, 1, 3) is 0.3636314649742455
Calculated 2-RDM element with wavefunction (1, 0, 0, 0) is 0.0
Calculated 2-RDM element with wavefunction (0, 3, 2, 0) is -0.00011712124749330773
Calculated 2-RDM element with wavefunction (1, 0, 1, 0) is -4.081168943943876e-32
Calculated 2-RDM element with wavefunction (0, 3, 0, 3) is -1.6268644126968466e-08
Calculated 2-RDM element with wavefunction (1, 1, 1, 1) is 0.0
Calculated 2-RDM element with wavefunction (1, 3, 3, 0) is 5.050997170579339e-05
Calculated 2-RDM element with wavefunction (1, 1, 1, 0) is 0.0
Calculated 2-RDM element with wavefunction (0, 1, 0, 1) is -4.081168943943876e-32
Calculated 2-RDM element with wavefunction (1, 2, 1, 2) is -3.8053501350612364e-10
Calculated 2-RDM element with wavefunction (1, 2, 2, 0) is 1.7912546112699493e-05
Calculated 2-RDM element with wavefunction (1, 2, 1, 3) is 7.725004785172465e-06
Calculated 2-RDM element with wavefunction (0, 3, 1, 3) is -5.050997170579339e-05
Calculated 2-RDM element with wavefunction (0, 2, 1, 2) is -1.7912546112699493e-05
Calculated 2-RDM element with wavefunction (1, 3, 2, 1) is -7.725004785172465e-06
Calculated 2-RDM element with wavefunction (1, 3, 2, 0) is -0.3636314649742455
Calculated 2-RDM element with wavefunction (2, 3, 3, 3) is 0.0
Calculated 2-RDM element with wavefunction (1, 3, 1, 3) is -0.15682052061676363
Calculated 2-RDM element with wavefunction (1, 2, 3, 0) is -2.4881295610522907e-09
Calculated 2-RDM element with wavefunction (2, 0, 3, 0) is 0.00011712124749330773
Calculated 2-RDM element with wavefunction (2, 2, 3, 3) is 0.0
Calculated 2-RDM element with wavefunction (2, 0, 2, 0) is -0.8431794627340445
Calculated 2-RDM element with wavefunction (2, 0, 2, 1) is -1.7912546112699493e-05
Calculated 2-RDM element with wavefunction (2, 1, 3, 1) is 7.725004785172465e-06
Calculated 2-RDM element with wavefunction (3, 2, 3, 2) is -4.4760763546422513e-32
Calculated 2-RDM element with wavefunction (3, 1, 3, 1) is -0.15682052061676363
Calculated 2-RDM element with wavefunction (3, 1, 1, 2) is -7.725004785172465e-06
Calculated 2-RDM element with wavefunction (3, 0, 3, 0) is -1.6268644126968466e-08
Calculated 2-RDM element with wavefunction (2, 2, 2, 2) is 0.0
Calculated 2-RDM element with wavefunction (2, 2, 2, 3) is 0.0
Calculated 2-RDM element with wavefunction (3, 0, 3, 1) is -5.050997170579339e-05
Calculated 2-RDM element with wavefunction (2, 3, 2, 3) is -4.4760763546422513e-32
Calculated 2-RDM element with wavefunction (2, 0, 3, 1) is 0.3636314649742455
Calculated 2-RDM element with wavefunction (2, 1, 0, 2) is 1.7912546112699493e-05
Calculated 2-RDM element with wavefunction (3, 2, 2, 2) is 0.0
Calculated 2-RDM element with wavefunction (3, 0, 0, 2) is -0.00011712124749330773
Calculated 2-RDM element with wavefunction (3, 0, 2, 1) is 2.4881295610522907e-09
Calculated 2-RDM element with wavefunction (2, 1, 0, 3) is -2.4881295610522907e-09
Calculated 2-RDM element with wavefunction (3, 3, 3, 2) is 0.0
Calculated 2-RDM element with wavefunction (3, 1, 0, 3) is 5.050997170579339e-05
Calculated 2-RDM element with wavefunction (3, 3, 3, 3) is 0.0
Calculated 2-RDM element with wavefunction (0, 3, 1, 2) is 2.4881295610522907e-09
Calculated 2-RDM element with wavefunction (3, 1, 0, 2) is -0.3636314649742455
Calculated 2-RDM element with wavefunction (2, 1, 2, 1) is -3.8053501350612364e-10
Execution time of get_two_rdm_wavefunction: 0.1805858612060547 seconds
Calculated 2-RDM element (0, 0, 1, 1) is 0.0
Calculated 2-RDM element (1, 1, 1, 1) is 0.0
Calculated 2-RDM element (0, 0, 0, 0) is 0.0
Calculated 2-RDM element (0, 1, 1, 1) is 0.0
Calculated 2-RDM element (2, 2, 2, 3) is 0.0
Calculated 2-RDM element (0, 0, 0, 1) is 0.0
Calculated 2-RDM element (2, 2, 2, 2) is 0.0
Calculated 2-RDM element (1, 1, 1, 0) is 0.0
Calculated 2-RDM element (2, 3, 3, 3) is 0.0
Calculated 2-RDM element (2, 2, 3, 3) is 0.0
Calculated 2-RDM element (1, 0, 0, 0) is 0.0
Calculated 2-RDM element (3, 2, 2, 2) is 0.0
Calculated 2-RDM element (3, 3, 3, 2) is 0.0
Calculated 2-RDM element (3, 3, 3, 3) is 0.0
Calculated 2-RDM element (1, 3, 1, 3) is -0.1864
Calculated 2-RDM element (0, 1, 0, 1) is -0.1018
Calculated 2-RDM element (2, 0, 2, 0) is -0.643
Calculated 2-RDM element (0, 3, 0, 3) is -0.15814999999999999
Calculated 2-RDM element (0, 2, 0, 2) is -0.64005
Calculated 2-RDM element (2, 1, 2, 1) is -0.0635
Calculated 2-RDM element (1, 2, 1, 2) is -0.060350000000000015
Calculated 2-RDM element (2, 3, 2, 3) is -0.04935000000000003
Calculated 2-RDM element (1, 0, 1, 0) is -0.10599999999999998
Calculated 2-RDM element (3, 0, 3, 0) is -0.16065000000000002
Calculated 2-RDM element (3, 1, 3, 1) is -0.1873
Calculated 2-RDM element (3, 2, 3, 2) is -0.04989999999999997
Calculated 2-RDM element (1, 2, 1, 3) is -0.006475
Calculated 2-RDM element (1, 3, 2, 1) is 0.00225
Calculated 2-RDM element (2, 0, 2, 1) is 0.0034000000000000002
Calculated 2-RDM element (0, 3, 2, 0) is 0.000875
Calculated 2-RDM element (1, 2, 2, 0) is -0.0013
Calculated 2-RDM element (2, 1, 0, 2) is -0.0030499999999999998
Calculated 2-RDM element (1, 3, 3, 0) is 0.005075
Calculated 2-RDM element (2, 1, 3, 1) is -0.0027
Calculated 2-RDM element (2, 0, 3, 0) is 0.0029250000000000005
Calculated 2-RDM element (0, 3, 1, 3) is -0.00017499999999999992
Calculated 2-RDM element (0, 2, 0, 3) is 0.0021
Calculated 2-RDM element (3, 0, 3, 1) is 0.00255
Calculated 2-RDM element (0, 2, 1, 2) is -0.00305
Calculated 2-RDM element (3, 0, 0, 2) is 0.0009
Calculated 2-RDM element (3, 1, 0, 3) is 0.00032500000000000004
Calculated 2-RDM element (3, 1, 1, 2) is 0.00044999999999999966
Calculated 2-RDM element (2, 0, 3, 1) is 0.2148625
Calculated 2-RDM element (1, 3, 2, 0) is -0.2099625
Calculated 2-RDM element (1, 2, 3, 0) is -0.00013749999999999873
Calculated 2-RDM element (2, 1, 0, 3) is -0.002350000000000005
Calculated 2-RDM element (0, 2, 1, 3) is 0.2147
Calculated 2-RDM element (0, 3, 1, 2) is -0.0011499999999999982
Calculated 2-RDM element (3, 1, 0, 2) is -0.2142375
Calculated 2-RDM element (3, 0, 2, 1) is -0.0006249999999999971
Execution time of get_two_rdm: 12.59199047088623 seconds
Calculated 1-RDM element (0, 0) is 0.7944
Calculated 1-RDM element (1, 1) is 0.2563
Calculated 1-RDM element (3, 3) is 0.3045
Calculated 1-RDM element (2, 2) is 0.6970000000000001
Calculated 1-RDM element (1, 0) is -0.0002000000000000001
Calculated 1-RDM element (0, 1) is 0.00175
Calculated 1-RDM element (0, 3) is 4.999999999999997e-05
Calculated 1-RDM element (1, 2) is 0.00010000000000000005
Calculated 1-RDM element (0, 2) is 0.0015
Calculated 1-RDM element (3, 1) is 0.004
Calculated 1-RDM element (2, 0) is -0.00125
Calculated 1-RDM element (3, 2) is 0.00285
Calculated 1-RDM element (1, 3) is -0.00155
Calculated 1-RDM element (2, 3) is -0.00635
Calculated 1-RDM element (3, 0) is 0.0019
Calculated 1-RDM element (2, 1) is -0.0016500000000000002
Execution time of get_one_rdm: 2.2082018852233887 seconds
Calculated 2-RDM element (0, 0, 1, 1) is 0.0
Calculated 2-RDM element (0, 0, 0, 1) is 0.0
Calculated 2-RDM element (0, 0, 0, 0) is 0.0
Calculated 2-RDM element (0, 1, 1, 1) is 0.0
Calculated 2-RDM element (1, 1, 1, 0) is 0.0
Calculated 2-RDM element (1, 0, 0, 0) is 0.0
Calculated 2-RDM element (1, 1, 1, 1) is 0.0
Calculated 2-RDM element (2, 2, 3, 3) is 0.0
Calculated 2-RDM element (2, 2, 2, 2) is 0.0
Calculated 2-RDM element (2, 3, 3, 3) is 0.0
Calculated 2-RDM element (2, 2, 2, 3) is 0.0
Calculated 2-RDM element (3, 2, 2, 2) is 0.0
Calculated 2-RDM element (3, 3, 3, 2) is 0.0
Calculated 2-RDM element (3, 3, 3, 3) is 0.0
Calculated 2-RDM element (0, 1, 0, 1) is -1.6375789613221059e-15
Calculated 2-RDM element (0, 2, 0, 2) is -0.8431794627340454
Calculated 2-RDM element (0, 3, 0, 3) is -1.6268645791628344e-08
Calculated 2-RDM element (1, 0, 1, 0) is -1.6375789613221059e-15
Calculated 2-RDM element (1, 2, 1, 2) is -3.805367132514448e-10
Calculated 2-RDM element (2, 1, 2, 1) is -3.805367132514448e-10
Calculated 2-RDM element (1, 3, 1, 3) is -0.15682052061676516
Calculated 2-RDM element (2, 0, 2, 0) is -0.8431794627340454
Calculated 2-RDM element (2, 3, 2, 3) is -1.6653345369377348e-15
Calculated 2-RDM element (3, 0, 3, 0) is -1.6268645791628344e-08
Calculated 2-RDM element (3, 1, 3, 1) is -0.15682052061676516
Calculated 2-RDM element (3, 2, 3, 2) is -1.6653345369377348e-15
Calculated 2-RDM element (0, 2, 1, 2) is -1.7912546112731155e-05
Calculated 2-RDM element (1, 2, 1, 3) is 7.72500478518612e-06
Calculated 2-RDM element (1, 3, 2, 1) is -7.72500478518612e-06
Calculated 2-RDM element (1, 2, 2, 0) is 1.7912546112731155e-05
Calculated 2-RDM element (0, 3, 1, 3) is -5.050997170580436e-05
Calculated 2-RDM element (2, 1, 0, 2) is 1.7912546112731155e-05
Calculated 2-RDM element (0, 2, 0, 3) is 0.00011712124749333318
Calculated 2-RDM element (0, 3, 2, 0) is -0.00011712124749333318
Calculated 2-RDM element (2, 1, 3, 1) is 7.72500478518612e-06
Calculated 2-RDM element (3, 0, 0, 2) is -0.00011712124749333318
Calculated 2-RDM element (3, 1, 0, 3) is 5.050997170580436e-05
Calculated 2-RDM element (2, 0, 3, 0) is 0.00011712124749333318
Calculated 2-RDM element (1, 3, 3, 0) is 5.050997170580436e-05
Calculated 2-RDM element (3, 1, 1, 2) is -7.72500478518612e-06
Calculated 2-RDM element (3, 0, 3, 1) is -5.050997170580436e-05
Calculated 2-RDM element (2, 0, 2, 1) is -1.7912546112731155e-05
Calculated 2-RDM element (0, 3, 1, 2) is 2.4881295357381816e-09
Calculated 2-RDM element (0, 2, 1, 3) is 0.36363146497424503
Calculated 2-RDM element (2, 1, 0, 3) is -2.4881295357381816e-09
Calculated 2-RDM element (3, 0, 2, 1) is 2.4881295357381816e-09
Calculated 2-RDM element (3, 1, 0, 2) is -0.36363146497424503
Calculated 2-RDM element (1, 2, 3, 0) is -2.4881295357381816e-09
Calculated 2-RDM element (2, 0, 3, 1) is 0.36363146497424503
Calculated 2-RDM element (1, 3, 2, 0) is -0.36363146497424503
Execution time of get_two_rdm: 4.867298126220703 seconds
Calculated 2-RDM element with wavefunction (0, 0, 0, 0) is 0.0
Calculated 2-RDM element with wavefunction (0, 0, 0, 1) is 0.0
Calculated 2-RDM element with wavefunction (0, 0, 1, 1) is 0.0
Calculated 2-RDM element with wavefunction (0, 2, 1, 3) is 0.3636314649742451
Calculated 2-RDM element with wavefunction (0, 2, 0, 3) is 0.00011712124749333318
Calculated 2-RDM element with wavefunction (0, 3, 0, 3) is -1.6268644126975553e-08
Calculated 2-RDM element with wavefunction (0, 2, 0, 2) is -0.8431794627340438
Calculated 2-RDM element with wavefunction (0, 1, 0, 1) is -1.8051095653552443e-32
Calculated 2-RDM element with wavefunction (0, 3, 1, 3) is -5.050997170580436e-05
Calculated 2-RDM element with wavefunction (0, 3, 1, 2) is 2.4881295610572314e-09
Calculated 2-RDM element with wavefunction (1, 1, 1, 0) is 0.0
Calculated 2-RDM element with wavefunction (0, 3, 2, 0) is -0.00011712124749333318
Calculated 2-RDM element with wavefunction (0, 1, 1, 1) is 0.0
Calculated 2-RDM element with wavefunction (1, 0, 1, 0) is -1.8051095653552443e-32
Calculated 2-RDM element with wavefunction (1, 3, 2, 0) is -0.3636314649742451
Calculated 2-RDM element with wavefunction (0, 2, 1, 2) is -1.791254611273115e-05
Calculated 2-RDM element with wavefunction (1, 0, 0, 0) is 0.0
Calculated 2-RDM element with wavefunction (1, 2, 1, 2) is -3.8053501350746915e-10
Calculated 2-RDM element with wavefunction (1, 3, 2, 1) is -7.725004785186119e-06
Calculated 2-RDM element with wavefunction (1, 2, 1, 3) is 7.725004785186119e-06
Calculated 2-RDM element with wavefunction (1, 1, 1, 1) is 0.0
Calculated 2-RDM element with wavefunction (2, 0, 3, 0) is 0.00011712124749333318
Calculated 2-RDM element with wavefunction (1, 2, 2, 0) is 1.791254611273115e-05
Calculated 2-RDM element with wavefunction (1, 3, 3, 0) is 5.050997170580436e-05
Calculated 2-RDM element with wavefunction (2, 1, 2, 1) is -3.8053501350746915e-10
Calculated 2-RDM element with wavefunction (2, 1, 0, 2) is 1.791254611273115e-05
Calculated 2-RDM element with wavefunction (2, 0, 3, 1) is 0.3636314649742451
Calculated 2-RDM element with wavefunction (2, 1, 0, 3) is -2.4881295610572314e-09
Calculated 2-RDM element with wavefunction (2, 2, 2, 2) is 0.0
Calculated 2-RDM element with wavefunction (3, 0, 0, 2) is -0.00011712124749333318
Calculated 2-RDM element with wavefunction (3, 0, 3, 1) is -5.050997170580436e-05
Calculated 2-RDM element with wavefunction (3, 1, 0, 2) is -0.3636314649742451
Calculated 2-RDM element with wavefunction (2, 2, 3, 3) is 0.0
Calculated 2-RDM element with wavefunction (3, 0, 2, 1) is 2.4881295610572314e-09
Calculated 2-RDM element with wavefunction (3, 2, 2, 2) is 0.0
Calculated 2-RDM element with wavefunction (2, 1, 3, 1) is 7.725004785186119e-06
Calculated 2-RDM element with wavefunction (1, 3, 1, 3) is -0.15682052061676346
Calculated 2-RDM element with wavefunction (2, 0, 2, 1) is -1.791254611273115e-05
Calculated 2-RDM element with wavefunction (3, 2, 3, 2) is -1.232964980187848e-32
Calculated 2-RDM element with wavefunction (2, 3, 2, 3) is -1.232964980187848e-32
Calculated 2-RDM element with wavefunction (2, 2, 2, 3) is 0.0
Calculated 2-RDM element with wavefunction (3, 1, 0, 3) is 5.050997170580436e-05
Calculated 2-RDM element with wavefunction (1, 2, 3, 0) is -2.4881295610572314e-09
Calculated 2-RDM element with wavefunction (3, 1, 1, 2) is -7.725004785186119e-06
Calculated 2-RDM element with wavefunction (3, 3, 3, 2) is 0.0
Calculated 2-RDM element with wavefunction (2, 0, 2, 0) is -0.8431794627340438
Calculated 2-RDM element with wavefunction (3, 3, 3, 3) is 0.0
Calculated 2-RDM element with wavefunction (3, 0, 3, 0) is -1.6268644126975553e-08
Calculated 2-RDM element with wavefunction (2, 3, 3, 3) is 0.0
Calculated 2-RDM element with wavefunction (3, 1, 3, 1) is -0.15682052061676346
Execution time of get_two_rdm_wavefunction: 0.1562023162841797 seconds
Calculated 2-RDM element (0, 0, 0, 0) is 0.0
Calculated 2-RDM element (0, 0, 0, 1) is 0.0
Calculated 2-RDM element (0, 0, 1, 1) is 0.0
Calculated 2-RDM element (0, 1, 1, 1) is 0.0
Calculated 2-RDM element (1, 1, 1, 1) is 0.0
Calculated 2-RDM element (1, 0, 0, 0) is 0.0
Calculated 2-RDM element (1, 1, 1, 0) is 0.0
Calculated 2-RDM element (2, 2, 2, 3) is 0.0
Calculated 2-RDM element (2, 2, 2, 2) is 0.0
Calculated 2-RDM element (2, 2, 3, 3) is 0.0
Calculated 2-RDM element (2, 3, 3, 3) is 0.0
Calculated 2-RDM element (3, 2, 2, 2) is 0.0
Calculated 2-RDM element (3, 3, 3, 2) is 0.0
Calculated 2-RDM element (3, 3, 3, 3) is 0.0
Calculated 2-RDM element (0, 3, 0, 3) is -0.16025000000000006
Calculated 2-RDM element (0, 1, 0, 1) is -0.10974999999999996
Calculated 2-RDM element (2, 1, 2, 1) is -0.06525000000000003
Calculated 2-RDM element (0, 2, 0, 2) is -0.6448
Calculated 2-RDM element (1, 0, 1, 0) is -0.10989999999999994
Calculated 2-RDM element (1, 3, 1, 3) is -0.1805
Calculated 2-RDM element (1, 2, 1, 2) is -0.06425000000000003
Calculated 2-RDM element (2, 3, 2, 3) is -0.05150000000000002
Calculated 2-RDM element (2, 0, 2, 0) is -0.6434
Calculated 2-RDM element (3, 0, 3, 0) is -0.16364999999999996
Calculated 2-RDM element (3, 2, 3, 2) is -0.04844999999999999
Calculated 2-RDM element (3, 1, 3, 1) is -0.1822
Calculated 2-RDM element (0, 2, 0, 3) is 0.0357
Calculated 2-RDM element (1, 2, 1, 3) is 0.012275000000000001
Calculated 2-RDM element (0, 2, 1, 2) is -0.033075
Calculated 2-RDM element (0, 3, 2, 0) is -0.0365
Calculated 2-RDM element (0, 3, 1, 3) is -0.01385
Calculated 2-RDM element (2, 0, 2, 1) is -0.027899999999999998
Calculated 2-RDM element (1, 3, 2, 1) is -0.01295
Calculated 2-RDM element (1, 2, 2, 0) is 0.033325
Calculated 2-RDM element (1, 3, 3, 0) is 0.015075
Calculated 2-RDM element (3, 1, 0, 3) is 0.016574999999999996
Calculated 2-RDM element (2, 1, 0, 2) is 0.031024999999999997
Calculated 2-RDM element (3, 0, 0, 2) is -0.036825
Calculated 2-RDM element (2, 1, 3, 1) is 0.01085
Calculated 2-RDM element (3, 0, 3, 1) is -0.020600000000000004
Calculated 2-RDM element (3, 1, 1, 2) is -0.0135
Calculated 2-RDM element (2, 0, 3, 0) is 0.031275
Calculated 2-RDM element (1, 3, 2, 0) is -0.2023375
Calculated 2-RDM element (1, 2, 3, 0) is -0.0019749999999999907
Calculated 2-RDM element (2, 0, 3, 1) is 0.202075
Calculated 2-RDM element (0, 3, 1, 2) is 0.0006875000000000075
Calculated 2-RDM element (0, 2, 1, 3) is 0.20134999999999997
Calculated 2-RDM element (3, 1, 0, 2) is -0.20068750000000002
Calculated 2-RDM element (2, 1, 0, 3) is -0.0023874999999999973
Calculated 2-RDM element (3, 0, 2, 1) is -0.0009249999999999953
Execution time of get_two_rdm: 10.050760269165039 seconds
{'IIII': 1.0, 'IIZI': 0.5178, 'IIIZ': -0.6188, 'IIZZ': -0.6766, 'IZII': -0.4294, 'IZIZ': 0.5502, 'XYII': 0.0048, 'YYII': -0.1, 'XYIZ': 0.002, 'YYIZ': 0.0344, 'XXII': -0.0902, 'YXII': -0.0052, 'XXIZ': 0.0346, 'YXIZ': -0.0078, 'IIXY': -0.0184, 'IZXY': 0.0, 'IIYY': 0.077, 'IZYY': -0.0354, 'IIXX': 0.086, 'IZXX': -0.0324, 'IIYX': 0.0008, 'IZYX': -0.0072, 'XYXY': 0.3766, 'YYXY': -0.003, 'XYYY': -0.0022, 'YYYY': -0.4116, 'XXXY': 0.0042, 'YXXY': -0.3988, 'XXYY': -0.4286, 'YXYY': 0.0056, 'XYXX': 0.0072, 'YYXX': -0.4054, 'XYYX': -0.4036, 'YYYX': -0.0146, 'XXXX': -0.4134, 'YXXX': -0.0074, 'XXYX': -0.0192, 'YXYX': 0.39, 'ZIII': 0.417, 'ZIIZ': -0.5396, 'ZIXY': -0.0034, 'ZIYY': 0.0464, 'ZIXX': 0.0384, 'ZIYX': -0.01, 'IZZI': -0.63, 'XYZI': -0.0044, 'YYZI': -0.0306, 'XXZI': -0.0402, 'YXZI': -0.008, 'ZIZI': 0.6482, 'ZZII': -0.8142}
Calculated 2-RDM element with Parallel after GPU Parallel 1st way, (0, 0, 0, 0) is 0.0
Calculated 2-RDM element with Parallel after GPU Parallel 1st way, (0, 0, 0, 1) is 0.0
Calculated 2-RDM element with Parallel after GPU Parallel 1st way, (0, 0, 1, 1) is 0.0
Calculated 2-RDM element with Parallel after GPU Parallel 1st way, (0, 1, 0, 1) is -0.1061
Calculated 2-RDM element with Parallel after GPU Parallel 1st way, (0, 1, 1, 1) is 0.0
Calculated 2-RDM element with Parallel after GPU Parallel 1st way, (0, 2, 0, 2) is -0.6496
Calculated 2-RDM element with Parallel after GPU Parallel 1st way, (0, 2, 0, 3) is 0.032400000000000005
Calculated 2-RDM element with Parallel after GPU Parallel 1st way, (0, 2, 1, 2) is -0.02885
Calculated 2-RDM element with Parallel after GPU Parallel 1st way, (0, 2, 1, 3) is 0.20175
Calculated 2-RDM element with Parallel after GPU Parallel 1st way, (0, 3, 0, 3) is -0.16555
Calculated 2-RDM element with Parallel after GPU Parallel 1st way, (0, 3, 1, 2) is 0.005624999999999998
Calculated 2-RDM element with Parallel after GPU Parallel 1st way, (0, 3, 1, 3) is -0.009774999999999999
Calculated 2-RDM element with Parallel after GPU Parallel 1st way, (0, 3, 2, 0) is -0.0324
Calculated 2-RDM element with Parallel after GPU Parallel 1st way, (1, 0, 0, 0) is 0.0
Calculated 2-RDM element with Parallel after GPU Parallel 1st way, (1, 0, 1, 0) is -0.1061
Calculated 2-RDM element with Parallel after GPU Parallel 1st way, (1, 1, 1, 0) is 0.0
Calculated 2-RDM element with Parallel after GPU Parallel 1st way, (1, 1, 1, 1) is 0.0
Calculated 2-RDM element with Parallel after GPU Parallel 1st way, (1, 2, 1, 2) is -0.07039999999999999
Calculated 2-RDM element with Parallel after GPU Parallel 1st way, (1, 2, 1, 3) is 0.014925000000000003
Calculated 2-RDM element with Parallel after GPU Parallel 1st way, (1, 2, 2, 0) is 0.02885
Calculated 2-RDM element with Parallel after GPU Parallel 1st way, (1, 2, 3, 0) is -0.005624999999999998
Calculated 2-RDM element with Parallel after GPU Parallel 1st way, (1, 3, 1, 3) is -0.17834999999999998
Calculated 2-RDM element with Parallel after GPU Parallel 1st way, (1, 3, 2, 0) is -0.20175
Calculated 2-RDM element with Parallel after GPU Parallel 1st way, (1, 3, 2, 1) is -0.014925000000000003
Calculated 2-RDM element with Parallel after GPU Parallel 1st way, (1, 3, 3, 0) is 0.009774999999999999
Calculated 2-RDM element with Parallel after GPU Parallel 1st way, (2, 0, 2, 0) is -0.6496
Calculated 2-RDM element with Parallel after GPU Parallel 1st way, (2, 0, 2, 1) is -0.02885
Calculated 2-RDM element with Parallel after GPU Parallel 1st way, (2, 0, 3, 0) is 0.032400000000000005
Calculated 2-RDM element with Parallel after GPU Parallel 1st way, (2, 0, 3, 1) is 0.20175
Calculated 2-RDM element with Parallel after GPU Parallel 1st way, (2, 1, 0, 2) is 0.02885
Calculated 2-RDM element with Parallel after GPU Parallel 1st way, (2, 1, 0, 3) is -0.005624999999999998
Calculated 2-RDM element with Parallel after GPU Parallel 1st way, (2, 1, 2, 1) is -0.07039999999999999
Calculated 2-RDM element with Parallel after GPU Parallel 1st way, (2, 1, 3, 1) is 0.014925000000000003
Calculated 2-RDM element with Parallel after GPU Parallel 1st way, (2, 2, 2, 2) is 0.0
Calculated 2-RDM element with Parallel after GPU Parallel 1st way, (2, 2, 2, 3) is 0.0
Calculated 2-RDM element with Parallel after GPU Parallel 1st way, (2, 2, 3, 3) is 0.0
Calculated 2-RDM element with Parallel after GPU Parallel 1st way, (2, 3, 2, 3) is -0.04954999999999998
Calculated 2-RDM element with Parallel after GPU Parallel 1st way, (2, 3, 3, 3) is 0.0
Calculated 2-RDM element with Parallel after GPU Parallel 1st way, (3, 0, 0, 2) is -0.0324
Calculated 2-RDM element with Parallel after GPU Parallel 1st way, (3, 0, 2, 1) is 0.005624999999999998
Calculated 2-RDM element with Parallel after GPU Parallel 1st way, (3, 0, 3, 0) is -0.16555
Calculated 2-RDM element with Parallel after GPU Parallel 1st way, (3, 0, 3, 1) is -0.009774999999999999
Calculated 2-RDM element with Parallel after GPU Parallel 1st way, (3, 1, 0, 2) is -0.20175
Calculated 2-RDM element with Parallel after GPU Parallel 1st way, (3, 1, 0, 3) is 0.009774999999999999
Calculated 2-RDM element with Parallel after GPU Parallel 1st way, (3, 1, 1, 2) is -0.014925000000000003
Calculated 2-RDM element with Parallel after GPU Parallel 1st way, (3, 1, 3, 1) is -0.17835
Calculated 2-RDM element with Parallel after GPU Parallel 1st way, (3, 2, 2, 2) is 0.0
Calculated 2-RDM element with Parallel after GPU Parallel 1st way, (3, 2, 3, 2) is -0.04954999999999998
Calculated 2-RDM element with Parallel after GPU Parallel 1st way, (3, 3, 3, 2) is 0.0
Calculated 2-RDM element with Parallel after GPU Parallel 1st way, (3, 3, 3, 3) is 0.0
Execution time of get_two_rdm_Parallel: 1.7836732864379883 seconds
Calculated 1-RDM element (2, 2) is 0.8431794631145821
Calculated 1-RDM element (0, 0) is 0.8431794790026912
Calculated 1-RDM element (1, 1) is 0.15682052099730187
Calculated 1-RDM element (3, 3) is 0.15682053688541098
Calculated 1-RDM element (0, 2) is -4.0071394982526384e-21
Calculated 1-RDM element (2, 3) is -0.0001248462522785193
Calculated 1-RDM element (3, 0) is -1.6007143329951182e-17
Calculated 1-RDM element (2, 1) is 1.0989133350527116e-17
Calculated 1-RDM element (2, 0) is -4.0071394982526384e-21
Calculated 1-RDM element (0, 1) is 6.842251781853552e-05
Calculated 1-RDM element (1, 2) is 1.0989133350527116e-17
Calculated 1-RDM element (1, 3) is -3.5946223075548e-21
Calculated 1-RDM element (1, 0) is 6.842251781853552e-05
Calculated 1-RDM element (0, 3) is -1.6007143329951182e-17
Calculated 1-RDM element (3, 1) is -3.5946223075548e-21
Calculated 1-RDM element (3, 2) is -0.0001248462522785193
Execution time of get_one_rdm: 0.956031322479248 seconds
Calculated 1-RDM element with wavefunction (0, 0) is 0.8431794790026879
Calculated 1-RDM element with wavefunction (0, 2) is -4.007139498252197e-21
Calculated 1-RDM element with wavefunction (0, 3) is -1.6007143329951182e-17
Calculated 1-RDM element with wavefunction (1, 0) is 6.842251781853552e-05
Calculated 1-RDM element with wavefunction (2, 3) is -0.0001248462522785193
Calculated 1-RDM element with wavefunction (1, 1) is 0.15682052099729848
Calculated 1-RDM element with wavefunction (2, 0) is -4.007139498252197e-21
Calculated 1-RDM element with wavefunction (1, 2) is 1.0989133350527117e-17
Calculated 1-RDM element with wavefunction (3, 3) is 0.1568205368854076
Calculated 1-RDM element with wavefunction (1, 3) is -3.594622307555638e-21
Calculated 1-RDM element with wavefunction (3, 2) is -0.0001248462522785193
Calculated 1-RDM element with wavefunction (3, 0) is -1.6007143329951182e-17
Calculated 1-RDM element with wavefunction (0, 1) is 6.842251781853552e-05
Calculated 1-RDM element with wavefunction (2, 2) is 0.8431794631145788
Calculated 1-RDM element with wavefunction (2, 1) is 1.0989133350527117e-17
Calculated 1-RDM element with wavefunction (3, 1) is -3.594622307555638e-21
Execution time of get_one_rdm_wavefunction: 0.06111407279968262 seconds
Calculated 1-RDM element (0, 0) is 0.8165
Calculated 1-RDM element (1, 1) is 0.25780000000000003
Calculated 1-RDM element (2, 2) is 0.7031000000000001
Calculated 1-RDM element (3, 3) is 0.2915
Calculated 1-RDM element (2, 0) is -0.0031999999999999997
Calculated 1-RDM element (1, 3) is -0.0039
Calculated 1-RDM element (0, 1) is 0.047850000000000004
Calculated 1-RDM element (0, 2) is 0.0002499999999999998
Calculated 1-RDM element (1, 0) is 0.0465
Calculated 1-RDM element (3, 2) is -0.04815
Calculated 1-RDM element (1, 2) is 0.0004499999999999999
Calculated 1-RDM element (2, 1) is 0.0009500000000000001
Calculated 1-RDM element (3, 0) is 0.0021000000000000003
Calculated 1-RDM element (0, 3) is 0.0047
Calculated 1-RDM element (3, 1) is 0.0007999999999999999
Calculated 1-RDM element (2, 3) is -0.05075
Execution time of get_one_rdm: 1.9668247699737549 seconds
--- [DONE]  Processing for d = 1.60. Data saved. ---
--- [START] Processing for d = 1.2 ---
Attempting to load file: /home/u2600410/H2/H2_1.2_sto-3g.pkl
Using CPU for noisy estimator...
Number of qubits: 4
Execution time of Gene_Qiskit_VQE_hamiltonian: 0.0005316734313964844 seconds
VQE Optimal Energy: -1.05674074
{   'aux_operators_evaluated': None,
    'cost_function_evals': 62,
    'eigenvalue': -1.0567407442235215,
    'optimal_circuit': <qiskit_nature.second_q.circuit.library.ansatzes.uccsd.UCCSD object at 0x1455479900e0>,
    'optimal_parameters': {   ParameterVectorElement(t[2]): -0.24130009620256457,
                              ParameterVectorElement(t[1]): 5.688257556446133e-05,
                              ParameterVectorElement(t[0]): 5.133627590100829e-06},
    'optimal_point': array([ 5.13362759e-06,  5.68825756e-05, -2.41300096e-01]),
    'optimal_value': -1.0567407442235215,
    'optimizer_evals': None,
    'optimizer_result': <qiskit_algorithms.optimizers.optimizer.OptimizerResult object at 0x1455479a9160>,
    'optimizer_time': 1.8811922073364258}
VQE Optimal Energy: -0.85561365
{   'aux_operators_evaluated': None,
    'cost_function_evals': 39,
    'eigenvalue': -0.8556136544678329,
    'optimal_circuit': <qiskit_nature.second_q.circuit.library.ansatzes.uccsd.UCCSD object at 0x14554796a090>,
    'optimal_parameters': {   ParameterVectorElement(t[0]): -0.03155471724632579,
                              ParameterVectorElement(t[1]): 0.026548348176324326,
                              ParameterVectorElement(t[2]): -0.21780664012693265},
    'optimal_point': array([-0.03155472,  0.02654835, -0.21780664]),
    'optimal_value': -0.8556136544678329,
    'optimizer_evals': None,
    'optimizer_result': <qiskit_algorithms.optimizers.optimizer.OptimizerResult object at 0x1455456cbb90>,
    'optimizer_time': 5.828461170196533}
{'IIII': 1.0, 'IIZI': 0.6122, 'IIIZ': -0.736, 'IIZZ': -0.687, 'IZII': -0.5284, 'IZIZ': 0.5666, 'XYII': 0.0002, 'YYII': -0.0326, 'XYIZ': 0.02, 'YYIZ': 0.0234, 'XXII': -0.0482, 'YXII': -0.0084, 'XXIZ': 0.0064, 'YXIZ': 0.014, 'IIXY': -0.0022, 'IZXY': 0.0124, 'IIYY': 0.0474, 'IZYY': -0.038, 'IIXX': 0.0446, 'IZXX': -0.0108, 'IIYX': 0.0008, 'IZYX': -0.0054, 'XYXY': 0.2508, 'YYXY': 0.0016, 'XYYY': -0.0178, 'YYYY': -0.2448, 'XXXY': 0.0112, 'YXXY': -0.2476, 'XXYY': -0.2492, 'YXYY': 0.0072, 'XYXX': -0.0052, 'YYXX': -0.2504, 'XYYX': -0.2352, 'YYYX': 0.0102, 'XXXX': -0.2318, 'YXXX': -0.0236, 'XXYX': -0.0144, 'YXYX': 0.2286, 'ZIII': 0.5378, 'ZIIZ': -0.5506, 'ZIXY': 0.0028, 'ZIYY': 0.031, 'ZIXX': 0.0228, 'ZIYX': 0.0032, 'IZZI': -0.6394, 'XYZI': -0.0006, 'YYZI': -0.0218, 'XXZI': -0.0016, 'YXZI': -0.017, 'ZIZI': 0.6494, 'ZZII': -0.804}
Calculated 2-RDM element with Parallel after GPU Parallel 1st way, (0, 0, 0, 0) is 0.0
Calculated 2-RDM element with Parallel after GPU Parallel 1st way, (0, 0, 0, 1) is 0.0
Calculated 2-RDM element with Parallel after GPU Parallel 1st way, (0, 0, 1, 1) is 0.0
Calculated 2-RDM element with Parallel after GPU Parallel 1st way, (0, 1, 0, 1) is -0.10920000000000002
Calculated 2-RDM element with Parallel after GPU Parallel 1st way, (0, 1, 1, 1) is 0.0
Calculated 2-RDM element with Parallel after GPU Parallel 1st way, (0, 2, 0, 2) is -0.7077500000000001
Calculated 2-RDM element with Parallel after GPU Parallel 1st way, (0, 2, 0, 3) is 0.013824999999999999
Calculated 2-RDM element with Parallel after GPU Parallel 1st way, (0, 2, 1, 2) is -0.0176
Calculated 2-RDM element with Parallel after GPU Parallel 1st way, (0, 2, 1, 3) is 0.12115000000000001
Calculated 2-RDM element with Parallel after GPU Parallel 1st way, (0, 3, 0, 3) is -0.1619
Calculated 2-RDM element with Parallel after GPU Parallel 1st way, (0, 3, 1, 2) is 0.0008750000000000008
Calculated 2-RDM element with Parallel after GPU Parallel 1st way, (0, 3, 1, 3) is -0.004775
Calculated 2-RDM element with Parallel after GPU Parallel 1st way, (0, 3, 2, 0) is -0.013825
Calculated 2-RDM element with Parallel after GPU Parallel 1st way, (1, 0, 0, 0) is 0.0
Calculated 2-RDM element with Parallel after GPU Parallel 1st way, (1, 0, 1, 0) is -0.10920000000000002
Calculated 2-RDM element with Parallel after GPU Parallel 1st way, (1, 1, 1, 0) is 0.0
Calculated 2-RDM element with Parallel after GPU Parallel 1st way, (1, 1, 1, 1) is 0.0
Calculated 2-RDM element with Parallel after GPU Parallel 1st way, (1, 2, 1, 2) is -0.06920000000000001
Calculated 2-RDM element with Parallel after GPU Parallel 1st way, (1, 2, 1, 3) is 0.007175
Calculated 2-RDM element with Parallel after GPU Parallel 1st way, (1, 2, 2, 0) is 0.0176
Calculated 2-RDM element with Parallel after GPU Parallel 1st way, (1, 2, 3, 0) is -0.0008750000000000025
Calculated 2-RDM element with Parallel after GPU Parallel 1st way, (1, 3, 1, 3) is -0.12485000000000002
Calculated 2-RDM element with Parallel after GPU Parallel 1st way, (1, 3, 2, 0) is -0.12115000000000001
Calculated 2-RDM element with Parallel after GPU Parallel 1st way, (1, 3, 2, 1) is -0.007174999999999999
Calculated 2-RDM element with Parallel after GPU Parallel 1st way, (1, 3, 3, 0) is 0.004775
Calculated 2-RDM element with Parallel after GPU Parallel 1st way, (2, 0, 2, 0) is -0.7077500000000001
Calculated 2-RDM element with Parallel after GPU Parallel 1st way, (2, 0, 2, 1) is -0.0176
Calculated 2-RDM element with Parallel after GPU Parallel 1st way, (2, 0, 3, 0) is 0.013824999999999999
Calculated 2-RDM element with Parallel after GPU Parallel 1st way, (2, 0, 3, 1) is 0.12115000000000001
Calculated 2-RDM element with Parallel after GPU Parallel 1st way, (2, 1, 0, 2) is 0.0176
Calculated 2-RDM element with Parallel after GPU Parallel 1st way, (2, 1, 0, 3) is -0.0008750000000000008
Calculated 2-RDM element with Parallel after GPU Parallel 1st way, (2, 1, 2, 1) is -0.06920000000000001
Calculated 2-RDM element with Parallel after GPU Parallel 1st way, (2, 1, 3, 1) is 0.007175
Calculated 2-RDM element with Parallel after GPU Parallel 1st way, (2, 2, 2, 2) is 0.0
Calculated 2-RDM element with Parallel after GPU Parallel 1st way, (2, 2, 2, 3) is 0.0
Calculated 2-RDM element with Parallel after GPU Parallel 1st way, (2, 2, 3, 3) is 0.0
Calculated 2-RDM element with Parallel after GPU Parallel 1st way, (2, 3, 2, 3) is -0.04665
Calculated 2-RDM element with Parallel after GPU Parallel 1st way, (2, 3, 3, 3) is 0.0
Calculated 2-RDM element with Parallel after GPU Parallel 1st way, (3, 0, 0, 2) is -0.013825
Calculated 2-RDM element with Parallel after GPU Parallel 1st way, (3, 0, 2, 1) is 0.0008750000000000008
Calculated 2-RDM element with Parallel after GPU Parallel 1st way, (3, 0, 3, 0) is -0.1619
Calculated 2-RDM element with Parallel after GPU Parallel 1st way, (3, 0, 3, 1) is -0.004775
Calculated 2-RDM element with Parallel after GPU Parallel 1st way, (3, 1, 0, 2) is -0.12114999999999998
Calculated 2-RDM element with Parallel after GPU Parallel 1st way, (3, 1, 0, 3) is 0.004775
Calculated 2-RDM element with Parallel after GPU Parallel 1st way, (3, 1, 1, 2) is -0.007174999999999999
Calculated 2-RDM element with Parallel after GPU Parallel 1st way, (3, 1, 3, 1) is -0.12485000000000002
Calculated 2-RDM element with Parallel after GPU Parallel 1st way, (3, 2, 2, 2) is 0.0
Calculated 2-RDM element with Parallel after GPU Parallel 1st way, (3, 2, 3, 2) is -0.04665
Calculated 2-RDM element with Parallel after GPU Parallel 1st way, (3, 3, 3, 2) is 0.0
Calculated 2-RDM element with Parallel after GPU Parallel 1st way, (3, 3, 3, 3) is 0.0
Execution time of get_two_rdm_Parallel: 3.776455879211426 seconds
Calculated 2-RDM element with Parallel after GPU Parallel 2nd way, (0, 0, 0, 0) is 0.0
Calculated 2-RDM element with Parallel after GPU Parallel 2nd way, (0, 0, 0, 1) is 0.0
Calculated 2-RDM element with Parallel after GPU Parallel 2nd way, (0, 0, 1, 1) is 0.0
Calculated 2-RDM element with Parallel after GPU Parallel 2nd way, (0, 1, 0, 1) is -0.10545000000000002
Calculated 2-RDM element with Parallel after GPU Parallel 2nd way, (0, 1, 1, 1) is 0.0
Calculated 2-RDM element with Parallel after GPU Parallel 2nd way, (0, 2, 0, 2) is -0.71
Calculated 2-RDM element with Parallel after GPU Parallel 2nd way, (0, 2, 0, 3) is 0.010175
Calculated 2-RDM element with Parallel after GPU Parallel 2nd way, (0, 2, 1, 2) is -0.020225
Calculated 2-RDM element with Parallel after GPU Parallel 2nd way, (0, 2, 1, 3) is 0.122325
Calculated 2-RDM element with Parallel after GPU Parallel 2nd way, (0, 3, 0, 3) is -0.16199999999999998
Calculated 2-RDM element with Parallel after GPU Parallel 2nd way, (0, 3, 1, 2) is 0.001625000000000005
Calculated 2-RDM element with Parallel after GPU Parallel 2nd way, (0, 3, 1, 3) is -0.0108
Calculated 2-RDM element with Parallel after GPU Parallel 2nd way, (0, 3, 2, 0) is -0.010175
Calculated 2-RDM element with Parallel after GPU Parallel 2nd way, (1, 0, 0, 0) is 0.0
Calculated 2-RDM element with Parallel after GPU Parallel 2nd way, (1, 0, 1, 0) is -0.10544999999999996
Calculated 2-RDM element with Parallel after GPU Parallel 2nd way, (1, 1, 1, 0) is 0.0
Calculated 2-RDM element with Parallel after GPU Parallel 2nd way, (1, 1, 1, 1) is 0.0
Calculated 2-RDM element with Parallel after GPU Parallel 2nd way, (1, 2, 1, 2) is -0.05614999999999998
Calculated 2-RDM element with Parallel after GPU Parallel 2nd way, (1, 2, 1, 3) is 0.0030249999999999995
Calculated 2-RDM element with Parallel after GPU Parallel 2nd way, (1, 2, 2, 0) is 0.020225
Calculated 2-RDM element with Parallel after GPU Parallel 2nd way, (1, 2, 3, 0) is -0.0016250000000000014
Calculated 2-RDM element with Parallel after GPU Parallel 2nd way, (1, 3, 1, 3) is -0.11389999999999997
Calculated 2-RDM element with Parallel after GPU Parallel 2nd way, (1, 3, 2, 0) is -0.122325
Calculated 2-RDM element with Parallel after GPU Parallel 2nd way, (1, 3, 2, 1) is -0.003024999999999999
Calculated 2-RDM element with Parallel after GPU Parallel 2nd way, (1, 3, 3, 0) is 0.0108
Calculated 2-RDM element with Parallel after GPU Parallel 2nd way, (2, 0, 2, 0) is -0.71
Calculated 2-RDM element with Parallel after GPU Parallel 2nd way, (2, 0, 2, 1) is -0.020225
Calculated 2-RDM element with Parallel after GPU Parallel 2nd way, (2, 0, 3, 0) is 0.010175
Calculated 2-RDM element with Parallel after GPU Parallel 2nd way, (2, 0, 3, 1) is 0.122325
Calculated 2-RDM element with Parallel after GPU Parallel 2nd way, (2, 1, 0, 2) is 0.020225
Calculated 2-RDM element with Parallel after GPU Parallel 2nd way, (2, 1, 0, 3) is -0.0016250000000000014
Calculated 2-RDM element with Parallel after GPU Parallel 2nd way, (2, 1, 2, 1) is -0.05614999999999998
Calculated 2-RDM element with Parallel after GPU Parallel 2nd way, (2, 1, 3, 1) is 0.0030249999999999995
Calculated 2-RDM element with Parallel after GPU Parallel 2nd way, (2, 2, 2, 2) is 0.0
Calculated 2-RDM element with Parallel after GPU Parallel 2nd way, (2, 2, 2, 3) is 0.0
Calculated 2-RDM element with Parallel after GPU Parallel 2nd way, (2, 2, 3, 3) is 0.0
Calculated 2-RDM element with Parallel after GPU Parallel 2nd way, (2, 3, 2, 3) is -0.04259999999999997
Calculated 2-RDM element with Parallel after GPU Parallel 2nd way, (2, 3, 3, 3) is 0.0
Calculated 2-RDM element with Parallel after GPU Parallel 2nd way, (3, 0, 0, 2) is -0.010175
Calculated 2-RDM element with Parallel after GPU Parallel 2nd way, (3, 0, 2, 1) is 0.001625000000000005
Calculated 2-RDM element with Parallel after GPU Parallel 2nd way, (3, 0, 3, 0) is -0.16199999999999998
Calculated 2-RDM element with Parallel after GPU Parallel 2nd way, (3, 0, 3, 1) is -0.0108
Calculated 2-RDM element with Parallel after GPU Parallel 2nd way, (3, 1, 0, 2) is -0.12232499999999999
Calculated 2-RDM element with Parallel after GPU Parallel 2nd way, (3, 1, 0, 3) is 0.0108
Calculated 2-RDM element with Parallel after GPU Parallel 2nd way, (3, 1, 1, 2) is -0.003024999999999999
Calculated 2-RDM element with Parallel after GPU Parallel 2nd way, (3, 1, 3, 1) is -0.11389999999999997
Calculated 2-RDM element with Parallel after GPU Parallel 2nd way, (3, 2, 2, 2) is 0.0
Calculated 2-RDM element with Parallel after GPU Parallel 2nd way, (3, 2, 3, 2) is -0.04259999999999997
Calculated 2-RDM element with Parallel after GPU Parallel 2nd way, (3, 3, 3, 2) is 0.0
Calculated 2-RDM element with Parallel after GPU Parallel 2nd way, (3, 3, 3, 3) is 0.0
Execution time of get_two_rdm_Parallel2: 1.9345250129699707 seconds
{'IIII': 1.0, 'IIZI': 0.625, 'IIIZ': -0.7384, 'IIZZ': -0.6788, 'IZII': -0.533, 'IZIZ': 0.5496, 'XYII': -0.01, 'YYII': -0.0498, 'XYIZ': -0.0044, 'YYIZ': -0.0002, 'XXII': -0.0452, 'YXII': 0.0046, 'XXIZ': 0.0336, 'YXIZ': 0.0046, 'IIXY': 0.0016, 'IZXY': 0.003, 'IIYY': 0.0444, 'IZYY': -0.026, 'IIXX': 0.0576, 'IZXX': -0.0204, 'IIYX': -0.0062, 'IZYX': 0.0004, 'XYXY': 0.2474, 'YYXY': -0.004, 'XYYY': -0.0026, 'YYYY': -0.2602, 'XXXY': 0.0, 'YXXY': -0.2488, 'XXYY': -0.248, 'YXYY': 0.0054, 'XYXX': -0.0056, 'YYXX': -0.2438, 'XYYX': -0.2332, 'YYYX': -0.0106, 'XXXX': -0.2544, 'YXXX': -0.0004, 'XXYX': -0.011, 'YXYX': 0.2408, 'ZIII': 0.5248, 'ZIIZ': -0.5618, 'ZIXY': 0.0156, 'ZIYY': 0.0284, 'ZIXX': 0.0146, 'ZIYX': -0.014, 'IZZI': -0.6434, 'XYZI': -0.0034, 'YYZI': -0.046, 'XXZI': -0.0074, 'YXZI': -0.0122, 'ZIZI': 0.643, 'ZZII': -0.8066}
Calculated 2-RDM element with Parallel after GPU Parallel 3th way, (0, 0, 0, 1) is 0.0
Calculated 2-RDM element with Parallel after GPU Parallel 3th way, (0, 0, 0, 0) is 0.0
Calculated 2-RDM element with Parallel after GPU Parallel 3th way, (0, 0, 1, 1) is 0.0
Calculated 2-RDM element with Parallel after GPU Parallel 3th way, (0, 1, 0, 1) is -0.10865
Calculated 2-RDM element with Parallel after GPU Parallel 3th way, (0, 2, 0, 2) is -0.7052499999999999
Calculated 2-RDM element with Parallel after GPU Parallel 3th way, (0, 3, 0, 3) is -0.16295
Calculated 2-RDM element with Parallel after GPU Parallel 3th way, (0, 3, 1, 3) is -0.0073750000000000005
Calculated 2-RDM element with Parallel after GPU Parallel 3th way, (0, 2, 0, 3) is 0.01605
Calculated 2-RDM element with Parallel after GPU Parallel 3th way, (0, 3, 2, 0) is -0.01605
Calculated 2-RDM element with Parallel after GPU Parallel 3th way, (0, 2, 1, 3) is 0.1235375
Calculated 2-RDM element with Parallel after GPU Parallel 3th way, (1, 2, 2, 0) is 0.01855
Calculated 2-RDM element with Parallel after GPU Parallel 3th way, (1, 1, 1, 0) is 0.0
Calculated 2-RDM element with Parallel after GPU Parallel 3th way, (1, 2, 1, 2) is -0.06615000000000001
Calculated 2-RDM element with Parallel after GPU Parallel 3th way, (2, 0, 2, 1) is -0.01855
Calculated 2-RDM element with Parallel after GPU Parallel 3th way, (1, 3, 1, 3) is -0.12329999999999999
Calculated 2-RDM element with Parallel after GPU Parallel 3th way, (1, 0, 1, 0) is -0.10865
Calculated 2-RDM element with Parallel after GPU Parallel 3th way, (1, 1, 1, 1) is 0.0
Calculated 2-RDM element with Parallel after GPU Parallel 3th way, (0, 2, 1, 2) is -0.01855
Calculated 2-RDM element with Parallel after GPU Parallel 3th way, (1, 0, 0, 0) is 0.0
Calculated 2-RDM element with Parallel after GPU Parallel 3th way, (1, 3, 2, 1) is -0.0052
Calculated 2-RDM element with Parallel after GPU Parallel 3th way, (2, 1, 2, 1) is -0.06615000000000001
Calculated 2-RDM element with Parallel after GPU Parallel 3th way, (1, 3, 3, 0) is 0.0073750000000000005
Calculated 2-RDM element with Parallel after GPU Parallel 3th way, (1, 3, 2, 0) is -0.1235375
Calculated 2-RDM element with Parallel after GPU Parallel 3th way, (2, 3, 2, 3) is -0.0504
Calculated 2-RDM element with Parallel after GPU Parallel 3th way, (0, 3, 1, 2) is 0.002262499999999999
Calculated 2-RDM element with Parallel after GPU Parallel 3th way, (3, 0, 2, 1) is 0.002262499999999999
Calculated 2-RDM element with Parallel after GPU Parallel 3th way, (0, 1, 1, 1) is 0.0
Calculated 2-RDM element with Parallel after GPU Parallel 3th way, (2, 1, 0, 2) is 0.01855
Calculated 2-RDM element with Parallel after GPU Parallel 3th way, (2, 0, 3, 0) is 0.01605
Calculated 2-RDM element with Parallel after GPU Parallel 3th way, (2, 0, 2, 0) is -0.7052499999999999
Calculated 2-RDM element with Parallel after GPU Parallel 3th way, (1, 2, 1, 3) is 0.0052
Calculated 2-RDM element with Parallel after GPU Parallel 3th way, (3, 1, 3, 1) is -0.12329999999999999
Calculated 2-RDM element with Parallel after GPU Parallel 3th way, (2, 2, 2, 2) is 0.0
Calculated 2-RDM element with Parallel after GPU Parallel 3th way, (3, 3, 3, 3) is 0.0
Calculated 2-RDM element with Parallel after GPU Parallel 3th way, (2, 2, 2, 3) is 0.0
Calculated 2-RDM element with Parallel after GPU Parallel 3th way, (2, 0, 3, 1) is 0.1235375
Calculated 2-RDM element with Parallel after GPU Parallel 3th way, (3, 1, 0, 2) is -0.1235375
Calculated 2-RDM element with Parallel after GPU Parallel 3th way, (3, 3, 3, 2) is 0.0
Calculated 2-RDM element with Parallel after GPU Parallel 3th way, (3, 0, 3, 1) is -0.0073750000000000005
Calculated 2-RDM element with Parallel after GPU Parallel 3th way, (3, 2, 2, 2) is 0.0
Calculated 2-RDM element with Parallel after GPU Parallel 3th way, (3, 1, 0, 3) is 0.0073750000000000005
Calculated 2-RDM element with Parallel after GPU Parallel 3th way, (2, 2, 3, 3) is 0.0
Calculated 2-RDM element with Parallel after GPU Parallel 3th way, (3, 0, 0, 2) is -0.01605
Calculated 2-RDM element with Parallel after GPU Parallel 3th way, (3, 1, 1, 2) is -0.0052
Calculated 2-RDM element with Parallel after GPU Parallel 3th way, (3, 0, 3, 0) is -0.16295
Calculated 2-RDM element with Parallel after GPU Parallel 3th way, (2, 3, 3, 3) is 0.0
Calculated 2-RDM element with Parallel after GPU Parallel 3th way, (1, 2, 3, 0) is -0.002262499999999999
Calculated 2-RDM element with Parallel after GPU Parallel 3th way, (3, 2, 3, 2) is -0.0504
Calculated 2-RDM element with Parallel after GPU Parallel 3th way, (2, 1, 0, 3) is -0.002262499999999999
Calculated 2-RDM element with Parallel after GPU Parallel 3th way, (2, 1, 3, 1) is 0.0052
Execution time of get_two_rdm_Parallel3: 2.003748893737793 seconds
Number of 'cx' gates before replacing gates: 56
Number of 'h' gates before replacing gates: 72
Number of 's' gates before replacing gates: 24
Number of 'rz' gates before replacing gates: 32
Number of 'x' gates before replacing gates: 0
Number of 'y' gates before replacing gates: 0
Number of parameterized gates before replacing gates: 0
{ParameterVectorElement(t[0]): 5.133627590100829e-06, ParameterVectorElement(t[1]): 5.688257556446133e-05, ParameterVectorElement(t[2]): -0.24130009620256457}
Total parameter gates replaced: 0
Number of 'cx' gates after replacing gates: 56
Number of 'h' gates after replacing gates: 72
Number of 's' gates after replacing gates: 24
Number of 'rz' gates after replacing gates: 32
Number of 'x' gates after replacing gates: 0
Number of 'y' gates after replacing gates: 0
Number of 'z' gates after replacing gates: 0
Gate replacement successful.
Calculated 1-RDM element with wavefunction (0, 0) is 0.9428956057665824
Calculated 1-RDM element with wavefunction (0, 2) is 3.92382936141348e-21
Calculated 1-RDM element with wavefunction (0, 3) is 6.065272401180518e-17
Calculated 1-RDM element with wavefunction (2, 0) is 3.92382936141348e-21
Calculated 1-RDM element with wavefunction (1, 0) is 8.608062578959189e-06
Calculated 1-RDM element with wavefunction (0, 1) is 8.608062578959189e-06
Calculated 1-RDM element with wavefunction (1, 3) is 2.0058299948264558e-21
Calculated 1-RDM element with wavefunction (1, 2) is -2.323078575182485e-17
Calculated 1-RDM element with wavefunction (1, 1) is 0.05710439423340533
Calculated 1-RDM element with wavefunction (2, 2) is 0.9428956025573091
Calculated 1-RDM element with wavefunction (2, 1) is -2.323078575182485e-17
Calculated 1-RDM element with wavefunction (2, 3) is -5.400782153078068e-05
Calculated 1-RDM element with wavefunction (3, 0) is 6.065272401180518e-17
Calculated 1-RDM element with wavefunction (3, 2) is -5.400782153078068e-05
Calculated 1-RDM element with wavefunction (3, 1) is 2.0058299948264558e-21
Calculated 1-RDM element with wavefunction (3, 3) is 0.057104397442678596
Execution time of get_one_rdm_wavefunction: 0.08230090141296387 seconds
Calculated 2-RDM element with wavefunction (0, 0, 0, 1) is 0.0
Calculated 2-RDM element with wavefunction (0, 1, 0, 1) is -9.825283829887567e-32
Calculated 2-RDM element with wavefunction (0, 0, 1, 1) is 0.0
Calculated 2-RDM element with wavefunction (0, 1, 1, 1) is 0.0
Calculated 2-RDM element with wavefunction (0, 3, 0, 3) is -3.2356273992863763e-09
Calculated 2-RDM element with wavefunction (0, 2, 0, 2) is -0.942895602530955
Calculated 2-RDM element with wavefunction (0, 3, 1, 3) is -1.3592959299430903e-05
Calculated 2-RDM element with wavefunction (0, 3, 2, 0) is -5.5234580166918935e-05
Calculated 2-RDM element with wavefunction (0, 2, 0, 3) is 5.5234580166918935e-05
Calculated 2-RDM element with wavefunction (0, 2, 1, 3) is 0.23204198366464357
Calculated 2-RDM element with wavefunction (1, 2, 1, 3) is -1.2267586361382556e-06
Calculated 2-RDM element with wavefunction (1, 2, 2, 0) is -4.9848967204717155e-06
Calculated 2-RDM element with wavefunction (0, 2, 1, 2) is 4.9848967204717155e-06
Calculated 2-RDM element with wavefunction (1, 2, 3, 0) is 2.9201395869450666e-10
Calculated 2-RDM element with wavefunction (1, 0, 0, 0) is 0.0
Calculated 2-RDM element with wavefunction (1, 0, 1, 0) is -9.825283829887567e-32
Calculated 2-RDM element with wavefunction (1, 1, 1, 0) is 0.0
Calculated 2-RDM element with wavefunction (2, 0, 3, 0) is 5.5234580166918935e-05
Calculated 2-RDM element with wavefunction (1, 3, 2, 0) is -0.23204198366464357
Calculated 2-RDM element with wavefunction (2, 0, 2, 0) is -0.942895602530955
Calculated 2-RDM element with wavefunction (2, 0, 2, 1) is 4.9848967204717155e-06
Calculated 2-RDM element with wavefunction (2, 2, 2, 3) is 0.0
Calculated 2-RDM element with wavefunction (2, 1, 0, 2) is -4.9848967204717155e-06
Calculated 2-RDM element with wavefunction (1, 2, 1, 2) is -2.6354132151076473e-11
Calculated 2-RDM element with wavefunction (0, 0, 0, 0) is 0.0
Calculated 2-RDM element with wavefunction (1, 3, 3, 0) is 1.3592959299430903e-05
Calculated 2-RDM element with wavefunction (2, 3, 2, 3) is -4.896714867846121e-32
Calculated 2-RDM element with wavefunction (2, 0, 3, 1) is 0.23204198366464357
Calculated 2-RDM element with wavefunction (0, 3, 1, 2) is -2.9201395869450666e-10
Calculated 2-RDM element with wavefunction (2, 1, 2, 1) is -2.6354132151076473e-11
Calculated 2-RDM element with wavefunction (1, 3, 1, 3) is -0.0571043942070512
Calculated 2-RDM element with wavefunction (2, 2, 3, 3) is 0.0
Calculated 2-RDM element with wavefunction (2, 2, 2, 2) is 0.0
Calculated 2-RDM element with wavefunction (3, 0, 3, 1) is -1.3592959299430903e-05
Calculated 2-RDM element with wavefunction (1, 3, 2, 1) is 1.2267586361382556e-06
Calculated 2-RDM element with wavefunction (3, 1, 0, 3) is 1.3592959299430903e-05
Calculated 2-RDM element with wavefunction (2, 3, 3, 3) is 0.0
Calculated 2-RDM element with wavefunction (1, 1, 1, 1) is 0.0
Calculated 2-RDM element with wavefunction (2, 1, 0, 3) is 2.9201395869450666e-10
Calculated 2-RDM element with wavefunction (3, 1, 1, 2) is 1.2267586361382556e-06
Calculated 2-RDM element with wavefunction (2, 1, 3, 1) is -1.2267586361382556e-06
Calculated 2-RDM element with wavefunction (3, 1, 3, 1) is -0.0571043942070512
Calculated 2-RDM element with wavefunction (3, 0, 0, 2) is -5.5234580166918935e-05
Calculated 2-RDM element with wavefunction (3, 0, 2, 1) is -2.9201395869450666e-10
Calculated 2-RDM element with wavefunction (3, 1, 0, 2) is -0.23204198366464357
Calculated 2-RDM element with wavefunction (3, 2, 3, 2) is -4.896714867846121e-32
Calculated 2-RDM element with wavefunction (3, 3, 3, 3) is 0.0
Calculated 2-RDM element with wavefunction (3, 0, 3, 0) is -3.2356273992863763e-09
Calculated 2-RDM element with wavefunction (3, 3, 3, 2) is 0.0
Calculated 2-RDM element with wavefunction (3, 2, 2, 2) is 0.0
Execution time of get_two_rdm_wavefunction: 0.17145848274230957 seconds
Calculated 2-RDM element (0, 0, 0, 1) is 0.0
Calculated 2-RDM element (1, 0, 0, 0) is 0.0
Calculated 2-RDM element (0, 1, 1, 1) is 0.0
Calculated 2-RDM element (0, 0, 0, 0) is 0.0
Calculated 2-RDM element (0, 0, 1, 1) is 0.0
Calculated 2-RDM element (1, 1, 1, 1) is 0.0
Calculated 2-RDM element (1, 1, 1, 0) is 0.0
Calculated 2-RDM element (2, 2, 3, 3) is 0.0
Calculated 2-RDM element (2, 2, 2, 2) is 0.0
Calculated 2-RDM element (2, 2, 2, 3) is 0.0
Calculated 2-RDM element (2, 3, 3, 3) is 0.0
Calculated 2-RDM element (3, 2, 2, 2) is 0.0
Calculated 2-RDM element (3, 3, 3, 2) is 0.0
Calculated 2-RDM element (3, 3, 3, 3) is 0.0
Calculated 2-RDM element (0, 1, 0, 1) is -0.11030000000000001
Calculated 2-RDM element (0, 3, 0, 3) is -0.16809999999999997
Calculated 2-RDM element (0, 2, 0, 2) is -0.7041
Calculated 2-RDM element (2, 0, 2, 0) is -0.70385
Calculated 2-RDM element (1, 0, 1, 0) is -0.10795000000000002
Calculated 2-RDM element (1, 2, 1, 2) is -0.06615000000000001
Calculated 2-RDM element (1, 3, 1, 3) is -0.1279
Calculated 2-RDM element (2, 3, 2, 3) is -0.05484999999999998
Calculated 2-RDM element (3, 1, 3, 1) is -0.12665
Calculated 2-RDM element (3, 0, 3, 0) is -0.16645000000000001
Calculated 2-RDM element (2, 1, 2, 1) is -0.05845
Calculated 2-RDM element (3, 2, 3, 2) is -0.04879999999999998
Calculated 2-RDM element (1, 3, 2, 1) is -0.00275
Calculated 2-RDM element (0, 3, 2, 0) is -0.0007750000000000001
Calculated 2-RDM element (2, 0, 3, 0) is -0.0011250000000000001
Calculated 2-RDM element (0, 3, 1, 3) is 0.007775000000000001
Calculated 2-RDM element (1, 3, 3, 0) is 9.999999999999983e-05
Calculated 2-RDM element (0, 2, 1, 2) is -0.0013
Calculated 2-RDM element (2, 0, 2, 1) is 2.168404344971009e-19
Calculated 2-RDM element (0, 2, 0, 3) is 0.00435
Calculated 2-RDM element (2, 1, 3, 1) is -0.004125
Calculated 2-RDM element (1, 2, 1, 3) is 0.0009749999999999997
Calculated 2-RDM element (2, 1, 0, 2) is 0.003275
Calculated 2-RDM element (1, 2, 2, 0) is -0.002875
Calculated 2-RDM element (3, 0, 0, 2) is 0.003075
Calculated 2-RDM element (3, 0, 3, 1) is 0.004699999999999999
Calculated 2-RDM element (3, 1, 1, 2) is -0.00535
Calculated 2-RDM element (3, 1, 0, 3) is -0.0013249999999999998
Calculated 2-RDM element (1, 2, 3, 0) is -0.0011125000000000024
Calculated 2-RDM element (1, 3, 2, 0) is -0.13643750000000002
Calculated 2-RDM element (2, 1, 0, 3) is 0.0005999999999999929
Calculated 2-RDM element (0, 2, 1, 3) is 0.1352125
Calculated 2-RDM element (3, 0, 2, 1) is -0.0013750000000000047
Calculated 2-RDM element (0, 3, 1, 2) is -0.001125000000000001
Calculated 2-RDM element (2, 0, 3, 1) is 0.134675
Calculated 2-RDM element (3, 1, 0, 2) is -0.1371
Execution time of get_two_rdm: 12.357471466064453 seconds
Calculated 1-RDM element (0, 0) is 0.8619
Calculated 1-RDM element (1, 1) is 0.19779999999999998
Calculated 1-RDM element (2, 2) is 0.7553000000000001
Calculated 1-RDM element (3, 3) is 0.24020000000000002
Calculated 1-RDM element (0, 1) is 0.0057
Calculated 1-RDM element (0, 2) is -0.00885
Calculated 1-RDM element (1, 0) is -0.00365
Calculated 1-RDM element (0, 3) is -0.0009000000000000002
Calculated 1-RDM element (1, 2) is 0.00295
Calculated 1-RDM element (1, 3) is -0.0045000000000000005
Calculated 1-RDM element (2, 1) is 0.0009
Calculated 1-RDM element (3, 0) is -0.00385
Calculated 1-RDM element (2, 3) is 0.00365
Calculated 1-RDM element (3, 2) is 0.0038
Calculated 1-RDM element (2, 0) is -0.0040999999999999995
Calculated 1-RDM element (3, 1) is 0.0024000000000000002
Execution time of get_one_rdm: 2.253281354904175 seconds
Calculated 2-RDM element (0, 0, 0, 1) is 0.0
Calculated 2-RDM element (0, 0, 0, 0) is 0.0
Calculated 2-RDM element (0, 0, 1, 1) is 0.0
Calculated 2-RDM element (0, 1, 1, 1) is 0.0
Calculated 2-RDM element (1, 0, 0, 0) is 0.0
Calculated 2-RDM element (1, 1, 1, 1) is 0.0
Calculated 2-RDM element (1, 1, 1, 0) is 0.0
Calculated 2-RDM element (2, 2, 2, 2) is 0.0
Calculated 2-RDM element (2, 2, 2, 3) is 0.0
Calculated 2-RDM element (2, 3, 3, 3) is 0.0
Calculated 2-RDM element (2, 2, 3, 3) is 0.0
Calculated 2-RDM element (3, 2, 2, 2) is 0.0
Calculated 2-RDM element (3, 3, 3, 2) is 0.0
Calculated 2-RDM element (3, 3, 3, 3) is 0.0
Calculated 2-RDM element (0, 2, 0, 2) is -0.9428956025309547
Calculated 2-RDM element (0, 3, 0, 3) is -3.235629153497399e-09
Calculated 2-RDM element (2, 0, 2, 0) is -0.9428956025309547
Calculated 2-RDM element (1, 0, 1, 0) is -1.8041124150158794e-15
Calculated 2-RDM element (0, 1, 0, 1) is -1.8041124150158794e-15
Calculated 2-RDM element (1, 3, 1, 3) is -0.05710439420705293
Calculated 2-RDM element (1, 2, 1, 2) is -2.635597295963521e-11
Calculated 2-RDM element (2, 1, 2, 1) is -2.635597295963521e-11
Calculated 2-RDM element (3, 0, 3, 0) is -3.235629153497399e-09
Calculated 2-RDM element (2, 3, 2, 3) is -1.8318679906315083e-15
Calculated 2-RDM element (3, 2, 3, 2) is -1.8318679906315083e-15
Calculated 2-RDM element (3, 1, 3, 1) is -0.05710439420705293
Calculated 2-RDM element (0, 3, 2, 0) is -5.523458016685381e-05
Calculated 2-RDM element (1, 2, 1, 3) is -1.2267586360862137e-06
Calculated 2-RDM element (0, 3, 1, 3) is -1.3592959299414883e-05
Calculated 2-RDM element (2, 1, 0, 2) is -4.984896720260244e-06
Calculated 2-RDM element (0, 2, 0, 3) is 5.523458016685381e-05
Calculated 2-RDM element (1, 3, 3, 0) is 1.3592959299414883e-05
Calculated 2-RDM element (1, 3, 2, 1) is 1.2267586360862137e-06
Calculated 2-RDM element (3, 0, 0, 2) is -5.523458016685381e-05
Calculated 2-RDM element (2, 0, 2, 1) is 4.984896720260244e-06
Calculated 2-RDM element (2, 1, 3, 1) is -1.2267586360862137e-06
Calculated 2-RDM element (0, 2, 1, 2) is 4.984896720260244e-06
Calculated 2-RDM element (1, 2, 2, 0) is -4.984896720260244e-06
Calculated 2-RDM element (2, 0, 3, 0) is 5.523458016685381e-05
Calculated 2-RDM element (3, 1, 0, 3) is 1.3592959299414883e-05
Calculated 2-RDM element (3, 0, 3, 1) is -1.3592959299414883e-05
Calculated 2-RDM element (3, 1, 1, 2) is 1.2267586360862137e-06
Calculated 2-RDM element (0, 3, 1, 2) is -2.920139685613776e-10
Calculated 2-RDM element (2, 0, 3, 1) is 0.23204198366464318
Calculated 2-RDM element (2, 1, 0, 3) is 2.920139685613776e-10
Calculated 2-RDM element (1, 2, 3, 0) is 2.920139685613776e-10
Calculated 2-RDM element (1, 3, 2, 0) is -0.23204198366464318
Calculated 2-RDM element (0, 2, 1, 3) is 0.23204198366464318
Calculated 2-RDM element (3, 1, 0, 2) is -0.23204198366464318
Calculated 2-RDM element (3, 0, 2, 1) is -2.920139685613776e-10
Execution time of get_two_rdm: 4.956758260726929 seconds
Calculated 2-RDM element with wavefunction (0, 0, 0, 0) is 0.0
Calculated 2-RDM element with wavefunction (0, 0, 0, 1) is 0.0
Calculated 2-RDM element with wavefunction (0, 1, 0, 1) is -6.049351510520116e-32
Calculated 2-RDM element with wavefunction (0, 1, 1, 1) is 0.0
Calculated 2-RDM element with wavefunction (0, 0, 1, 1) is 0.0
Calculated 2-RDM element with wavefunction (0, 2, 0, 2) is -0.9428956025309528
Calculated 2-RDM element with wavefunction (0, 2, 0, 3) is 5.523458016685381e-05
Calculated 2-RDM element with wavefunction (0, 3, 0, 3) is -3.2356273992787534e-09
Calculated 2-RDM element with wavefunction (1, 0, 0, 0) is 0.0
Calculated 2-RDM element with wavefunction (1, 3, 1, 3) is -0.05710439420705111
Calculated 2-RDM element with wavefunction (1, 2, 1, 2) is -2.6354132148840516e-11
Calculated 2-RDM element with wavefunction (1, 2, 3, 0) is 2.9201395868177506e-10
Calculated 2-RDM element with wavefunction (0, 2, 1, 2) is 4.9848967202602435e-06
Calculated 2-RDM element with wavefunction (1, 1, 1, 1) is 0.0
Calculated 2-RDM element with wavefunction (1, 2, 1, 3) is -1.226758636086214e-06
Calculated 2-RDM element with wavefunction (0, 3, 2, 0) is -5.523458016685381e-05
Calculated 2-RDM element with wavefunction (1, 2, 2, 0) is -4.9848967202602435e-06
Calculated 2-RDM element with wavefunction (1, 3, 2, 1) is 1.226758636086214e-06
Calculated 2-RDM element with wavefunction (1, 1, 1, 0) is 0.0
Calculated 2-RDM element with wavefunction (1, 0, 1, 0) is -6.049351510520116e-32
Calculated 2-RDM element with wavefunction (1, 3, 2, 0) is -0.23204198366464313
Calculated 2-RDM element with wavefunction (2, 0, 2, 1) is 4.9848967202602435e-06
Calculated 2-RDM element with wavefunction (0, 3, 1, 3) is -1.3592959299414881e-05
Calculated 2-RDM element with wavefunction (0, 2, 1, 3) is 0.23204198366464313
Calculated 2-RDM element with wavefunction (3, 0, 2, 1) is -2.9201395868177506e-10
Calculated 2-RDM element with wavefunction (3, 0, 0, 2) is -5.523458016685381e-05
Calculated 2-RDM element with wavefunction (2, 2, 2, 3) is 0.0
Calculated 2-RDM element with wavefunction (2, 0, 2, 0) is -0.9428956025309528
Calculated 2-RDM element with wavefunction (2, 2, 3, 3) is 0.0
Calculated 2-RDM element with wavefunction (2, 3, 2, 3) is -6.669240270433283e-32
Calculated 2-RDM element with wavefunction (3, 1, 1, 2) is 1.226758636086214e-06
Calculated 2-RDM element with wavefunction (2, 1, 2, 1) is -2.6354132148840516e-11
Calculated 2-RDM element with wavefunction (3, 0, 3, 0) is -3.2356273992787534e-09
Calculated 2-RDM element with wavefunction (1, 3, 3, 0) is 1.3592959299414881e-05
Calculated 2-RDM element with wavefunction (3, 2, 3, 2) is -6.669240270433283e-32
Calculated 2-RDM element with wavefunction (2, 0, 3, 0) is 5.523458016685381e-05
Calculated 2-RDM element with wavefunction (2, 0, 3, 1) is 0.23204198366464313
Calculated 2-RDM element with wavefunction (2, 1, 0, 3) is 2.9201395868177506e-10
Calculated 2-RDM element with wavefunction (3, 1, 0, 2) is -0.23204198366464313
Calculated 2-RDM element with wavefunction (2, 3, 3, 3) is 0.0
Calculated 2-RDM element with wavefunction (2, 2, 2, 2) is 0.0
Calculated 2-RDM element with wavefunction (2, 1, 3, 1) is -1.226758636086214e-06
Calculated 2-RDM element with wavefunction (2, 1, 0, 2) is -4.9848967202602435e-06
Calculated 2-RDM element with wavefunction (3, 3, 3, 2) is 0.0
Calculated 2-RDM element with wavefunction (3, 3, 3, 3) is 0.0
Calculated 2-RDM element with wavefunction (3, 1, 3, 1) is -0.05710439420705111
Calculated 2-RDM element with wavefunction (3, 1, 0, 3) is 1.3592959299414881e-05
Calculated 2-RDM element with wavefunction (0, 3, 1, 2) is -2.9201395868177506e-10
Calculated 2-RDM element with wavefunction (3, 2, 2, 2) is 0.0
Calculated 2-RDM element with wavefunction (3, 0, 3, 1) is -1.3592959299414881e-05
Execution time of get_two_rdm_wavefunction: 0.17971324920654297 seconds
Calculated 2-RDM element (0, 0, 0, 0) is 0.0
Calculated 2-RDM element (0, 0, 0, 1) is 0.0
Calculated 2-RDM element (0, 0, 1, 1) is 0.0
Calculated 2-RDM element (0, 1, 1, 1) is 0.0
Calculated 2-RDM element (1, 1, 1, 1) is 0.0
Calculated 2-RDM element (1, 1, 1, 0) is 0.0
Calculated 2-RDM element (1, 0, 0, 0) is 0.0
Calculated 2-RDM element (2, 2, 2, 3) is 0.0
Calculated 2-RDM element (2, 2, 2, 2) is 0.0
Calculated 2-RDM element (2, 2, 3, 3) is 0.0
Calculated 2-RDM element (2, 3, 3, 3) is 0.0
Calculated 2-RDM element (3, 2, 2, 2) is 0.0
Calculated 2-RDM element (3, 3, 3, 2) is 0.0
Calculated 2-RDM element (3, 3, 3, 3) is 0.0
Calculated 2-RDM element (0, 2, 0, 2) is -0.71045
Calculated 2-RDM element (0, 1, 0, 1) is -0.10815000000000005
Calculated 2-RDM element (1, 0, 1, 0) is -0.11145
Calculated 2-RDM element (0, 3, 0, 3) is -0.16660000000000005
Calculated 2-RDM element (1, 2, 1, 2) is -0.06489999999999999
Calculated 2-RDM element (1, 3, 1, 3) is -0.12484999999999999
Calculated 2-RDM element (2, 1, 2, 1) is -0.0655
Calculated 2-RDM element (3, 1, 3, 1) is -0.12664999999999998
Calculated 2-RDM element (2, 0, 2, 0) is -0.7087000000000001
Calculated 2-RDM element (3, 0, 3, 0) is -0.15954999999999994
Calculated 2-RDM element (2, 3, 2, 3) is -0.04910000000000003
Calculated 2-RDM element (3, 2, 3, 2) is -0.03914999999999996
Calculated 2-RDM element (0, 2, 0, 3) is 0.009425
Calculated 2-RDM element (0, 3, 2, 0) is -0.015050000000000001
Calculated 2-RDM element (1, 2, 2, 0) is 0.0184
Calculated 2-RDM element (0, 3, 1, 3) is -0.006125
Calculated 2-RDM element (1, 2, 1, 3) is 0.003425000000000001
Calculated 2-RDM element (1, 3, 3, 0) is 0.006050000000000001
Calculated 2-RDM element (0, 2, 1, 2) is -0.018375
Calculated 2-RDM element (2, 0, 3, 0) is 0.013975000000000001
Calculated 2-RDM element (1, 3, 2, 1) is -0.0024499999999999995
Calculated 2-RDM element (2, 0, 2, 1) is -0.022475
Calculated 2-RDM element (2, 1, 0, 2) is 0.024925
Calculated 2-RDM element (3, 0, 0, 2) is -0.0196
Calculated 2-RDM element (2, 1, 3, 1) is 0.001599999999999999
Calculated 2-RDM element (3, 0, 3, 1) is -0.0043999999999999985
Calculated 2-RDM element (3, 1, 0, 3) is 0.0031999999999999997
Calculated 2-RDM element (3, 1, 1, 2) is -0.006
Calculated 2-RDM element (1, 3, 2, 0) is -0.1249875
Calculated 2-RDM element (0, 2, 1, 3) is 0.1250625
Calculated 2-RDM element (2, 0, 3, 1) is 0.12433749999999999
Calculated 2-RDM element (0, 3, 1, 2) is -0.0015000000000000048
Calculated 2-RDM element (3, 1, 0, 2) is -0.1243375
Calculated 2-RDM element (1, 2, 3, 0) is 0.0011874999999999941
Calculated 2-RDM element (2, 1, 0, 3) is -0.0014625000000000055
Calculated 2-RDM element (3, 0, 2, 1) is -0.0001625000000000064
Execution time of get_two_rdm: 9.970359563827515 seconds
{'IIII': 1.0, 'IIZI': 0.6148, 'IIIZ': -0.7494, 'IIZZ': -0.6812, 'IZII': -0.5222, 'IZIZ': 0.5616, 'XYII': 0.0148, 'YYII': -0.0294, 'XYIZ': 0.0104, 'YYIZ': 0.0112, 'XXII': -0.0524, 'YXII': 0.0034, 'XXIZ': 0.0134, 'YXIZ': 0.0024, 'IIXY': 0.004, 'IZXY': -0.0052, 'IIYY': 0.042, 'IZYY': -0.0222, 'IIXX': 0.057, 'IZXX': -0.0192, 'IIYX': 0.0152, 'IZYX': -0.0022, 'XYXY': 0.2322, 'YYXY': 0.01, 'XYYY': -0.0118, 'YYYY': -0.2646, 'XXXY': 0.0146, 'YXXY': -0.2548, 'XXYY': -0.2512, 'YXYY': -0.0012, 'XYXX': -0.0038, 'YYXX': -0.2372, 'XYYX': -0.25, 'YYYX': 0.0162, 'XXXX': -0.253, 'YXXX': 0.0028, 'XXYX': 0.0162, 'YXYX': 0.2458, 'ZIII': 0.5334, 'ZIIZ': -0.5602, 'ZIXY': -0.015, 'ZIYY': 0.0204, 'ZIXX': 0.0358, 'ZIYX': 0.0084, 'IZZI': -0.6396, 'XYZI': 0.0092, 'YYZI': -0.0298, 'XXZI': -0.0134, 'YXZI': 0.0008, 'ZIZI': 0.6504, 'ZZII': -0.803}
Calculated 2-RDM element with Parallel after GPU Parallel 1st way, (0, 0, 0, 0) is 0.0
Calculated 2-RDM element with Parallel after GPU Parallel 1st way, (0, 0, 0, 1) is 0.0
Calculated 2-RDM element with Parallel after GPU Parallel 1st way, (0, 0, 1, 1) is 0.0
Calculated 2-RDM element with Parallel after GPU Parallel 1st way, (0, 1, 0, 1) is -0.11334999999999995
Calculated 2-RDM element with Parallel after GPU Parallel 1st way, (0, 1, 1, 1) is 0.0
Calculated 2-RDM element with Parallel after GPU Parallel 1st way, (0, 2, 0, 2) is -0.7082999999999999
Calculated 2-RDM element with Parallel after GPU Parallel 1st way, (0, 2, 0, 3) is 0.0133
Calculated 2-RDM element with Parallel after GPU Parallel 1st way, (0, 2, 1, 2) is -0.01755
Calculated 2-RDM element with Parallel after GPU Parallel 1st way, (0, 2, 1, 3) is 0.12430000000000002
Calculated 2-RDM element with Parallel after GPU Parallel 1st way, (0, 3, 0, 3) is -0.16394999999999998
Calculated 2-RDM element with Parallel after GPU Parallel 1st way, (0, 3, 1, 2) is 0.0014499999999999947
Calculated 2-RDM element with Parallel after GPU Parallel 1st way, (0, 3, 1, 3) is -0.005350000000000001
Calculated 2-RDM element with Parallel after GPU Parallel 1st way, (0, 3, 2, 0) is -0.0133
Calculated 2-RDM element with Parallel after GPU Parallel 1st way, (1, 0, 0, 0) is 0.0
Calculated 2-RDM element with Parallel after GPU Parallel 1st way, (1, 0, 1, 0) is -0.11335
Calculated 2-RDM element with Parallel after GPU Parallel 1st way, (1, 1, 1, 0) is 0.0
Calculated 2-RDM element with Parallel after GPU Parallel 1st way, (1, 1, 1, 1) is 0.0
Calculated 2-RDM element with Parallel after GPU Parallel 1st way, (1, 2, 1, 2) is -0.06695000000000001
Calculated 2-RDM element with Parallel after GPU Parallel 1st way, (1, 2, 1, 3) is 0.004825
Calculated 2-RDM element with Parallel after GPU Parallel 1st way, (1, 2, 2, 0) is 0.01755
Calculated 2-RDM element with Parallel after GPU Parallel 1st way, (1, 2, 3, 0) is -0.0014499999999999982
Calculated 2-RDM element with Parallel after GPU Parallel 1st way, (1, 3, 1, 3) is -0.12555
Calculated 2-RDM element with Parallel after GPU Parallel 1st way, (1, 3, 2, 0) is -0.12429999999999998
Calculated 2-RDM element with Parallel after GPU Parallel 1st way, (1, 3, 2, 1) is -0.004825
Calculated 2-RDM element with Parallel after GPU Parallel 1st way, (1, 3, 3, 0) is 0.005350000000000001
Calculated 2-RDM element with Parallel after GPU Parallel 1st way, (2, 0, 2, 0) is -0.7083
Calculated 2-RDM element with Parallel after GPU Parallel 1st way, (2, 0, 2, 1) is -0.01755
Calculated 2-RDM element with Parallel after GPU Parallel 1st way, (2, 0, 3, 0) is 0.0133
Calculated 2-RDM element with Parallel after GPU Parallel 1st way, (2, 0, 3, 1) is 0.1243
Calculated 2-RDM element with Parallel after GPU Parallel 1st way, (2, 1, 0, 2) is 0.01755
Calculated 2-RDM element with Parallel after GPU Parallel 1st way, (2, 1, 0, 3) is -0.0014499999999999982
Calculated 2-RDM element with Parallel after GPU Parallel 1st way, (2, 1, 2, 1) is -0.06695000000000001
Calculated 2-RDM element with Parallel after GPU Parallel 1st way, (2, 1, 3, 1) is 0.004825
Calculated 2-RDM element with Parallel after GPU Parallel 1st way, (2, 2, 2, 2) is 0.0
Calculated 2-RDM element with Parallel after GPU Parallel 1st way, (2, 2, 2, 3) is 0.0
Calculated 2-RDM element with Parallel after GPU Parallel 1st way, (2, 2, 3, 3) is 0.0
Calculated 2-RDM element with Parallel after GPU Parallel 1st way, (2, 3, 2, 3) is -0.04644999999999999
Calculated 2-RDM element with Parallel after GPU Parallel 1st way, (2, 3, 3, 3) is 0.0
Calculated 2-RDM element with Parallel after GPU Parallel 1st way, (3, 0, 0, 2) is -0.0133
Calculated 2-RDM element with Parallel after GPU Parallel 1st way, (3, 0, 2, 1) is 0.0014499999999999947
Calculated 2-RDM element with Parallel after GPU Parallel 1st way, (3, 0, 3, 0) is -0.16395000000000004
Calculated 2-RDM element with Parallel after GPU Parallel 1st way, (3, 0, 3, 1) is -0.005350000000000001
Calculated 2-RDM element with Parallel after GPU Parallel 1st way, (3, 1, 0, 2) is -0.12430000000000001
Calculated 2-RDM element with Parallel after GPU Parallel 1st way, (3, 1, 0, 3) is 0.005350000000000001
Calculated 2-RDM element with Parallel after GPU Parallel 1st way, (3, 1, 1, 2) is -0.004825
Calculated 2-RDM element with Parallel after GPU Parallel 1st way, (3, 1, 3, 1) is -0.12555
Calculated 2-RDM element with Parallel after GPU Parallel 1st way, (3, 2, 2, 2) is 0.0
Calculated 2-RDM element with Parallel after GPU Parallel 1st way, (3, 2, 3, 2) is -0.04644999999999999
Calculated 2-RDM element with Parallel after GPU Parallel 1st way, (3, 3, 3, 2) is 0.0
Calculated 2-RDM element with Parallel after GPU Parallel 1st way, (3, 3, 3, 3) is 0.0
Execution time of get_two_rdm_Parallel: 1.787172555923462 seconds
Calculated 1-RDM element (0, 0) is 0.9428956057665838
Calculated 1-RDM element (1, 1) is 0.057104394233408906
Calculated 1-RDM element (2, 2) is 0.9428956025573106
Calculated 1-RDM element (3, 3) is 0.05710439744268214
Calculated 1-RDM element (1, 0) is 8.608062579154637e-06
Calculated 1-RDM element (0, 2) is -1.4512402941118273e-21
Calculated 1-RDM element (0, 1) is 8.608062579154637e-06
Calculated 1-RDM element (3, 0) is -3.746782636811328e-17
Calculated 1-RDM element (1, 2) is -8.574052281144499e-17
Calculated 1-RDM element (2, 3) is -5.4007821530767595e-05
Calculated 1-RDM element (2, 1) is -8.574052281144499e-17
Calculated 1-RDM element (3, 2) is -5.4007821530767595e-05
Calculated 1-RDM element (1, 3) is 4.863599253851216e-21
Calculated 1-RDM element (2, 0) is -1.4512402941118273e-21
Calculated 1-RDM element (0, 3) is -3.746782636811328e-17
Calculated 1-RDM element (3, 1) is 4.863599253851216e-21
Execution time of get_one_rdm: 1.0142223834991455 seconds
Calculated 1-RDM element with wavefunction (0, 0) is 0.9428956057665803
Calculated 1-RDM element with wavefunction (0, 1) is 8.608062579154637e-06
Calculated 1-RDM element with wavefunction (0, 2) is -1.4512402941260336e-21
Calculated 1-RDM element with wavefunction (0, 3) is -3.7467826368113276e-17
Calculated 1-RDM element with wavefunction (1, 1) is 0.05710439423340524
Calculated 1-RDM element with wavefunction (1, 0) is 8.608062579154637e-06
Calculated 1-RDM element with wavefunction (1, 3) is 4.863599253851183e-21
Calculated 1-RDM element with wavefunction (2, 0) is -1.4512402941260336e-21
Calculated 1-RDM element with wavefunction (3, 0) is -3.7467826368113276e-17
Calculated 1-RDM element with wavefunction (2, 1) is -8.574052281144499e-17
Calculated 1-RDM element with wavefunction (1, 2) is -8.574052281144499e-17
Calculated 1-RDM element with wavefunction (3, 2) is -5.4007821530767595e-05
Calculated 1-RDM element with wavefunction (2, 3) is -5.4007821530767595e-05
Calculated 1-RDM element with wavefunction (2, 2) is 0.942895602557307
Calculated 1-RDM element with wavefunction (3, 3) is 0.057104397442678506
Calculated 1-RDM element with wavefunction (3, 1) is 4.863599253851183e-21
Execution time of get_one_rdm_wavefunction: 0.0637214183807373 seconds
Calculated 1-RDM element (0, 0) is 0.8748
Calculated 1-RDM element (1, 1) is 0.18969999999999998
Calculated 1-RDM element (2, 2) is 0.7666
Calculated 1-RDM element (3, 3) is 0.2358
Calculated 1-RDM element (0, 1) is 0.0275
Calculated 1-RDM element (0, 2) is -0.0049499999999999995
Calculated 1-RDM element (2, 3) is -0.02055
Calculated 1-RDM element (0, 3) is -0.0017
Calculated 1-RDM element (1, 3) is 0.0049499999999999995
Calculated 1-RDM element (1, 2) is 4.9999999999999914e-05
Calculated 1-RDM element (1, 0) is 0.0233
Calculated 1-RDM element (3, 0) is 0.00435
Calculated 1-RDM element (2, 0) is -0.00425
Calculated 1-RDM element (3, 1) is 0.0008000000000000001
Calculated 1-RDM element (2, 1) is -0.00415
Calculated 1-RDM element (3, 2) is -0.010950000000000001
Execution time of get_one_rdm: 2.00740647315979 seconds
--- [DONE]  Processing for d = 1.20. Data saved. ---
--- [START] Processing for d = 0.4 ---
Attempting to load file: /home/u2600410/H2/H2_0.4_sto-3g.pkl
Using CPU for noisy estimator...
Number of qubits: 4
Execution time of Gene_Qiskit_VQE_hamiltonian: 0.0006048679351806641 seconds
VQE Optimal Energy: -0.91414968
{   'aux_operators_evaluated': None,
    'cost_function_evals': 54,
    'eigenvalue': -0.9141496836168436,
    'optimal_circuit': <qiskit_nature.second_q.circuit.library.ansatzes.uccsd.UCCSD object at 0x153ba3880aa0>,
    'optimal_parameters': {   ParameterVectorElement(t[2]): -0.0594146281830513,
                              ParameterVectorElement(t[1]): -4.522892667475301e-05,
                              ParameterVectorElement(t[0]): -0.00010882665358653989},
    'optimal_point': array([-1.08826654e-04, -4.52289267e-05, -5.94146282e-02]),
    'optimal_value': -0.9141496836168436,
    'optimizer_evals': None,
    'optimizer_result': <qiskit_algorithms.optimizers.optimizer.OptimizerResult object at 0x153ba30b3500>,
    'optimizer_time': 1.583988904953003}
VQE Optimal Energy: -0.35932903
{   'aux_operators_evaluated': None,
    'cost_function_evals': 36,
    'eigenvalue': -0.3593290329349151,
    'optimal_circuit': <qiskit_nature.second_q.circuit.library.ansatzes.uccsd.UCCSD object at 0x153ba4d9df70>,
    'optimal_parameters': {   ParameterVectorElement(t[2]): -0.038609601458294576,
                              ParameterVectorElement(t[1]): 0.09249972735732111,
                              ParameterVectorElement(t[0]): 0.03714656431179452},
    'optimal_point': array([ 0.03714656,  0.09249973, -0.0386096 ]),
    'optimal_value': -0.3593290329349151,
    'optimizer_evals': None,
    'optimizer_result': <qiskit_algorithms.optimizers.optimizer.OptimizerResult object at 0x153ba5198800>,
    'optimizer_time': 5.486762285232544}
{'IIII': 1.0, 'IIZI': 0.6722, 'IIIZ': -0.8084, 'IIZZ': -0.6802, 'IZII': -0.5696, 'IZIZ': 0.5454, 'XYII': 0.0188, 'YYII': -0.091, 'XYIZ': -0.0008, 'YYIZ': 0.0914, 'XXII': -0.1256, 'YXII': -0.0068, 'XXIZ': 0.0904, 'YXIZ': 0.0012, 'IIXY': 0.01, 'IZXY': 0.0132, 'IIYY': -0.045, 'IZYY': 0.0572, 'IIXX': -0.0454, 'IZXX': 0.0458, 'IIYX': -0.0014, 'IZYX': 0.0024, 'XYXY': 0.0424, 'YYXY': -0.0056, 'XYYY': -0.0108, 'YYYY': -0.0372, 'XXXY': -0.0016, 'YXXY': -0.0384, 'XXYY': -0.0534, 'YXYY': -0.02, 'XYXX': 0.0112, 'YYXX': -0.0352, 'XYYX': -0.0452, 'YYYX': 0.0096, 'XXXX': -0.035, 'YXXX': 0.011, 'XXYX': 0.0018, 'YXYX': 0.0274, 'ZIII': 0.5686, 'ZIIZ': -0.55, 'ZIXY': -0.0084, 'ZIYY': -0.06, 'ZIXX': -0.031, 'ZIYX': -0.0058, 'IZZI': -0.6524, 'XYZI': 0.0056, 'YYZI': -0.1232, 'XXZI': -0.111, 'YXZI': 0.0196, 'ZIZI': 0.6386, 'ZZII': -0.802}
Calculated 2-RDM element with Parallel after GPU Parallel 1st way, (0, 0, 0, 0) is 0.0
Calculated 2-RDM element with Parallel after GPU Parallel 1st way, (0, 0, 0, 1) is 0.0
Calculated 2-RDM element with Parallel after GPU Parallel 1st way, (0, 0, 1, 1) is 0.0
Calculated 2-RDM element with Parallel after GPU Parallel 1st way, (0, 1, 0, 1) is -0.11400000000000002
Calculated 2-RDM element with Parallel after GPU Parallel 1st way, (0, 1, 1, 1) is 0.0
Calculated 2-RDM element with Parallel after GPU Parallel 1st way, (0, 2, 0, 2) is -0.73085
Calculated 2-RDM element with Parallel after GPU Parallel 1st way, (0, 2, 0, 3) is 0.0498
Calculated 2-RDM element with Parallel after GPU Parallel 1st way, (0, 2, 1, 2) is 0.024175000000000002
Calculated 2-RDM element with Parallel after GPU Parallel 1st way, (0, 2, 1, 3) is 0.019637500000000002
Calculated 2-RDM element with Parallel after GPU Parallel 1st way, (0, 3, 0, 3) is -0.17245
Calculated 2-RDM element with Parallel after GPU Parallel 1st way, (0, 3, 1, 2) is 0.00046250000000000067
Calculated 2-RDM element with Parallel after GPU Parallel 1st way, (0, 3, 1, 3) is -7.499999999999955e-05
Calculated 2-RDM element with Parallel after GPU Parallel 1st way, (0, 3, 2, 0) is -0.04979999999999999
Calculated 2-RDM element with Parallel after GPU Parallel 1st way, (1, 0, 0, 0) is 0.0
Calculated 2-RDM element with Parallel after GPU Parallel 1st way, (1, 0, 1, 0) is -0.11400000000000002
Calculated 2-RDM element with Parallel after GPU Parallel 1st way, (1, 1, 1, 0) is 0.0
Calculated 2-RDM element with Parallel after GPU Parallel 1st way, (1, 1, 1, 1) is 0.0
Calculated 2-RDM element with Parallel after GPU Parallel 1st way, (1, 2, 1, 2) is -0.06124999999999997
Calculated 2-RDM element with Parallel after GPU Parallel 1st way, (1, 2, 1, 3) is -0.0022000000000000023
Calculated 2-RDM element with Parallel after GPU Parallel 1st way, (1, 2, 2, 0) is -0.024175
Calculated 2-RDM element with Parallel after GPU Parallel 1st way, (1, 2, 3, 0) is -0.00046250000000000067
Calculated 2-RDM element with Parallel after GPU Parallel 1st way, (1, 3, 1, 3) is -0.09944999999999998
Calculated 2-RDM element with Parallel after GPU Parallel 1st way, (1, 3, 2, 0) is -0.0196375
Calculated 2-RDM element with Parallel after GPU Parallel 1st way, (1, 3, 2, 1) is 0.0022000000000000023
Calculated 2-RDM element with Parallel after GPU Parallel 1st way, (1, 3, 3, 0) is 7.499999999999955e-05
Calculated 2-RDM element with Parallel after GPU Parallel 1st way, (2, 0, 2, 0) is -0.73085
Calculated 2-RDM element with Parallel after GPU Parallel 1st way, (2, 0, 2, 1) is 0.024175000000000002
Calculated 2-RDM element with Parallel after GPU Parallel 1st way, (2, 0, 3, 0) is 0.0498
Calculated 2-RDM element with Parallel after GPU Parallel 1st way, (2, 0, 3, 1) is 0.019637500000000002
Calculated 2-RDM element with Parallel after GPU Parallel 1st way, (2, 1, 0, 2) is -0.024175
Calculated 2-RDM element with Parallel after GPU Parallel 1st way, (2, 1, 0, 3) is -0.00046250000000000067
Calculated 2-RDM element with Parallel after GPU Parallel 1st way, (2, 1, 2, 1) is -0.06125
Calculated 2-RDM element with Parallel after GPU Parallel 1st way, (2, 1, 3, 1) is -0.0022000000000000023
Calculated 2-RDM element with Parallel after GPU Parallel 1st way, (2, 2, 2, 2) is 0.0
Calculated 2-RDM element with Parallel after GPU Parallel 1st way, (2, 2, 2, 3) is 0.0
Calculated 2-RDM element with Parallel after GPU Parallel 1st way, (2, 2, 3, 3) is 0.0
Calculated 2-RDM element with Parallel after GPU Parallel 1st way, (2, 3, 2, 3) is -0.04974999999999996
Calculated 2-RDM element with Parallel after GPU Parallel 1st way, (2, 3, 3, 3) is 0.0
Calculated 2-RDM element with Parallel after GPU Parallel 1st way, (3, 0, 0, 2) is -0.04979999999999999
Calculated 2-RDM element with Parallel after GPU Parallel 1st way, (3, 0, 2, 1) is 0.00046250000000000067
Calculated 2-RDM element with Parallel after GPU Parallel 1st way, (3, 0, 3, 0) is -0.17245
Calculated 2-RDM element with Parallel after GPU Parallel 1st way, (3, 0, 3, 1) is -7.499999999999955e-05
Calculated 2-RDM element with Parallel after GPU Parallel 1st way, (3, 1, 0, 2) is -0.0196375
Calculated 2-RDM element with Parallel after GPU Parallel 1st way, (3, 1, 0, 3) is 7.499999999999955e-05
Calculated 2-RDM element with Parallel after GPU Parallel 1st way, (3, 1, 1, 2) is 0.0022000000000000023
Calculated 2-RDM element with Parallel after GPU Parallel 1st way, (3, 1, 3, 1) is -0.09944999999999998
Calculated 2-RDM element with Parallel after GPU Parallel 1st way, (3, 2, 2, 2) is 0.0
Calculated 2-RDM element with Parallel after GPU Parallel 1st way, (3, 2, 3, 2) is -0.04974999999999996
Calculated 2-RDM element with Parallel after GPU Parallel 1st way, (3, 3, 3, 2) is 0.0
Calculated 2-RDM element with Parallel after GPU Parallel 1st way, (3, 3, 3, 3) is 0.0
Execution time of get_two_rdm_Parallel: 4.339747190475464 seconds
Calculated 2-RDM element with Parallel after GPU Parallel 2nd way, (0, 0, 0, 0) is 0.0
Calculated 2-RDM element with Parallel after GPU Parallel 2nd way, (0, 0, 0, 1) is 0.0
Calculated 2-RDM element with Parallel after GPU Parallel 2nd way, (0, 0, 1, 1) is 0.0
Calculated 2-RDM element with Parallel after GPU Parallel 2nd way, (0, 1, 0, 1) is -0.11020000000000002
Calculated 2-RDM element with Parallel after GPU Parallel 2nd way, (0, 1, 1, 1) is 0.0
Calculated 2-RDM element with Parallel after GPU Parallel 2nd way, (0, 2, 0, 2) is -0.7243
Calculated 2-RDM element with Parallel after GPU Parallel 2nd way, (0, 2, 0, 3) is 0.049175
Calculated 2-RDM element with Parallel after GPU Parallel 2nd way, (0, 2, 1, 2) is 0.0246
Calculated 2-RDM element with Parallel after GPU Parallel 2nd way, (0, 2, 1, 3) is 0.020725
Calculated 2-RDM element with Parallel after GPU Parallel 2nd way, (0, 3, 0, 3) is -0.16715
Calculated 2-RDM element with Parallel after GPU Parallel 2nd way, (0, 3, 1, 2) is -0.00035000000000000005
Calculated 2-RDM element with Parallel after GPU Parallel 2nd way, (0, 3, 1, 3) is 0.0019500000000000003
Calculated 2-RDM element with Parallel after GPU Parallel 2nd way, (0, 3, 2, 0) is -0.049174999999999996
Calculated 2-RDM element with Parallel after GPU Parallel 2nd way, (1, 0, 0, 0) is 0.0
Calculated 2-RDM element with Parallel after GPU Parallel 2nd way, (1, 0, 1, 0) is -0.11020000000000002
Calculated 2-RDM element with Parallel after GPU Parallel 2nd way, (1, 1, 1, 0) is 0.0
Calculated 2-RDM element with Parallel after GPU Parallel 2nd way, (1, 1, 1, 1) is 0.0
Calculated 2-RDM element with Parallel after GPU Parallel 2nd way, (1, 2, 1, 2) is -0.06049999999999997
Calculated 2-RDM element with Parallel after GPU Parallel 2nd way, (1, 2, 1, 3) is 0.0001749999999999998
Calculated 2-RDM element with Parallel after GPU Parallel 2nd way, (1, 2, 2, 0) is -0.0246
Calculated 2-RDM element with Parallel after GPU Parallel 2nd way, (1, 2, 3, 0) is 0.0003499999999999992
Calculated 2-RDM element with Parallel after GPU Parallel 2nd way, (1, 3, 1, 3) is -0.09609999999999999
Calculated 2-RDM element with Parallel after GPU Parallel 2nd way, (1, 3, 2, 0) is -0.020725
Calculated 2-RDM element with Parallel after GPU Parallel 2nd way, (1, 3, 2, 1) is -0.0001749999999999998
Calculated 2-RDM element with Parallel after GPU Parallel 2nd way, (1, 3, 3, 0) is -0.0019500000000000003
Calculated 2-RDM element with Parallel after GPU Parallel 2nd way, (2, 0, 2, 0) is -0.7243
Calculated 2-RDM element with Parallel after GPU Parallel 2nd way, (2, 0, 2, 1) is 0.0246
Calculated 2-RDM element with Parallel after GPU Parallel 2nd way, (2, 0, 3, 0) is 0.049175
Calculated 2-RDM element with Parallel after GPU Parallel 2nd way, (2, 0, 3, 1) is 0.020725
Calculated 2-RDM element with Parallel after GPU Parallel 2nd way, (2, 1, 0, 2) is -0.0246
Calculated 2-RDM element with Parallel after GPU Parallel 2nd way, (2, 1, 0, 3) is 0.0003499999999999996
Calculated 2-RDM element with Parallel after GPU Parallel 2nd way, (2, 1, 2, 1) is -0.0605
Calculated 2-RDM element with Parallel after GPU Parallel 2nd way, (2, 1, 3, 1) is 0.0001749999999999998
Calculated 2-RDM element with Parallel after GPU Parallel 2nd way, (2, 2, 2, 2) is 0.0
Calculated 2-RDM element with Parallel after GPU Parallel 2nd way, (2, 2, 2, 3) is 0.0
Calculated 2-RDM element with Parallel after GPU Parallel 2nd way, (2, 2, 3, 3) is 0.0
Calculated 2-RDM element with Parallel after GPU Parallel 2nd way, (2, 3, 2, 3) is -0.04555000000000001
Calculated 2-RDM element with Parallel after GPU Parallel 2nd way, (2, 3, 3, 3) is 0.0
Calculated 2-RDM element with Parallel after GPU Parallel 2nd way, (3, 0, 0, 2) is -0.049174999999999996
Calculated 2-RDM element with Parallel after GPU Parallel 2nd way, (3, 0, 2, 1) is -0.0003499999999999996
Calculated 2-RDM element with Parallel after GPU Parallel 2nd way, (3, 0, 3, 0) is -0.16715000000000005
Calculated 2-RDM element with Parallel after GPU Parallel 2nd way, (3, 0, 3, 1) is 0.0019500000000000003
Calculated 2-RDM element with Parallel after GPU Parallel 2nd way, (3, 1, 0, 2) is -0.020725
Calculated 2-RDM element with Parallel after GPU Parallel 2nd way, (3, 1, 0, 3) is -0.0019500000000000003
Calculated 2-RDM element with Parallel after GPU Parallel 2nd way, (3, 1, 1, 2) is -0.0001749999999999998
Calculated 2-RDM element with Parallel after GPU Parallel 2nd way, (3, 1, 3, 1) is -0.09609999999999999
Calculated 2-RDM element with Parallel after GPU Parallel 2nd way, (3, 2, 2, 2) is 0.0
Calculated 2-RDM element with Parallel after GPU Parallel 2nd way, (3, 2, 3, 2) is -0.04554999999999998
Calculated 2-RDM element with Parallel after GPU Parallel 2nd way, (3, 3, 3, 2) is 0.0
Calculated 2-RDM element with Parallel after GPU Parallel 2nd way, (3, 3, 3, 3) is 0.0
Execution time of get_two_rdm_Parallel2: 1.7431440353393555 seconds
{'IIII': 1.0, 'IIZI': 0.6766, 'IIIZ': -0.8108, 'IIZZ': -0.6878, 'IZII': -0.5728, 'IZIZ': 0.562, 'XYII': 0.0064, 'YYII': -0.1334, 'XYIZ': 0.0112, 'YYIZ': 0.09, 'XXII': -0.1188, 'YXII': -0.0032, 'XXIZ': 0.1056, 'YXIZ': -0.0026, 'IIXY': 0.005, 'IZXY': -0.0098, 'IIYY': -0.037, 'IZYY': 0.0622, 'IIXX': -0.0424, 'IZXX': 0.0584, 'IIYX': 0.0092, 'IZYX': -0.0012, 'XYXY': 0.0508, 'YYXY': 0.0048, 'XYYY': 0.0018, 'YYYY': -0.0302, 'XXXY': 0.0064, 'YXXY': -0.0558, 'XXYY': -0.041, 'YXYY': -0.0012, 'XYXX': 0.0068, 'YYXX': -0.0364, 'XYYX': -0.03, 'YYYX': 0.011, 'XXXX': -0.0332, 'YXXX': 0.003, 'XXYX': 0.0138, 'YXYX': 0.053, 'ZIII': 0.567, 'ZIIZ': -0.5432, 'ZIXY': -0.021, 'ZIYY': -0.0574, 'ZIXX': -0.0336, 'ZIYX': 0.0068, 'IZZI': -0.6532, 'XYZI': -0.002, 'YYZI': -0.102, 'XXZI': -0.114, 'YXZI': 0.0196, 'ZIZI': 0.6288, 'ZZII': -0.8072}
Calculated 2-RDM element with Parallel after GPU Parallel 3th way, (0, 0, 0, 0) is 0.0
Calculated 2-RDM element with Parallel after GPU Parallel 3th way, (0, 0, 1, 1) is 0.0
Calculated 2-RDM element with Parallel after GPU Parallel 3th way, (0, 2, 0, 2) is -0.7363999999999999
Calculated 2-RDM element with Parallel after GPU Parallel 3th way, (0, 0, 0, 1) is 0.0
Calculated 2-RDM element with Parallel after GPU Parallel 3th way, (0, 1, 1, 1) is 0.0
Calculated 2-RDM element with Parallel after GPU Parallel 3th way, (0, 2, 1, 3) is 0.020649999999999998
Calculated 2-RDM element with Parallel after GPU Parallel 3th way, (0, 1, 0, 1) is -0.11159999999999998
Calculated 2-RDM element with Parallel after GPU Parallel 3th way, (1, 1, 1, 0) is 0.0
Calculated 2-RDM element with Parallel after GPU Parallel 3th way, (1, 1, 1, 1) is 0.0
Calculated 2-RDM element with Parallel after GPU Parallel 3th way, (0, 3, 1, 3) is -0.00145
Calculated 2-RDM element with Parallel after GPU Parallel 3th way, (1, 2, 1, 2) is -0.06075
Calculated 2-RDM element with Parallel after GPU Parallel 3th way, (0, 2, 0, 3) is 0.055975
Calculated 2-RDM element with Parallel after GPU Parallel 3th way, (0, 3, 0, 3) is -0.17515
Calculated 2-RDM element with Parallel after GPU Parallel 3th way, (0, 3, 2, 0) is -0.055975
Calculated 2-RDM element with Parallel after GPU Parallel 3th way, (0, 2, 1, 2) is 0.025
Calculated 2-RDM element with Parallel after GPU Parallel 3th way, (1, 0, 0, 0) is 0.0
Calculated 2-RDM element with Parallel after GPU Parallel 3th way, (1, 0, 1, 0) is -0.11159999999999998
Calculated 2-RDM element with Parallel after GPU Parallel 3th way, (2, 0, 3, 0) is 0.055975
Calculated 2-RDM element with Parallel after GPU Parallel 3th way, (1, 3, 3, 0) is 0.00145
Calculated 2-RDM element with Parallel after GPU Parallel 3th way, (1, 3, 1, 3) is -0.09630000000000002
Calculated 2-RDM element with Parallel after GPU Parallel 3th way, (1, 3, 2, 1) is -0.0045249999999999995
Calculated 2-RDM element with Parallel after GPU Parallel 3th way, (2, 0, 2, 1) is 0.025
Calculated 2-RDM element with Parallel after GPU Parallel 3th way, (1, 2, 3, 0) is 0.0030499999999999998
Calculated 2-RDM element with Parallel after GPU Parallel 3th way, (2, 0, 2, 0) is -0.7363999999999999
Calculated 2-RDM element with Parallel after GPU Parallel 3th way, (1, 2, 2, 0) is -0.025
Calculated 2-RDM element with Parallel after GPU Parallel 3th way, (1, 2, 1, 3) is 0.0045249999999999995
Calculated 2-RDM element with Parallel after GPU Parallel 3th way, (2, 1, 0, 2) is -0.025
Calculated 2-RDM element with Parallel after GPU Parallel 3th way, (2, 0, 3, 1) is 0.020649999999999998
Calculated 2-RDM element with Parallel after GPU Parallel 3th way, (1, 3, 2, 0) is -0.020649999999999998
Calculated 2-RDM element with Parallel after GPU Parallel 3th way, (2, 1, 0, 3) is 0.0030499999999999998
Calculated 2-RDM element with Parallel after GPU Parallel 3th way, (3, 0, 0, 2) is -0.055975
Calculated 2-RDM element with Parallel after GPU Parallel 3th way, (2, 2, 2, 3) is 0.0
Calculated 2-RDM element with Parallel after GPU Parallel 3th way, (2, 2, 3, 3) is 0.0
Calculated 2-RDM element with Parallel after GPU Parallel 3th way, (3, 0, 3, 0) is -0.17515
Calculated 2-RDM element with Parallel after GPU Parallel 3th way, (2, 1, 3, 1) is 0.0045249999999999995
Calculated 2-RDM element with Parallel after GPU Parallel 3th way, (0, 3, 1, 2) is -0.0030499999999999998
Calculated 2-RDM element with Parallel after GPU Parallel 3th way, (3, 3, 3, 3) is 0.0
Calculated 2-RDM element with Parallel after GPU Parallel 3th way, (3, 0, 2, 1) is -0.0030499999999999998
Calculated 2-RDM element with Parallel after GPU Parallel 3th way, (3, 0, 3, 1) is -0.00145
Calculated 2-RDM element with Parallel after GPU Parallel 3th way, (3, 1, 0, 3) is 0.00145
Calculated 2-RDM element with Parallel after GPU Parallel 3th way, (2, 3, 2, 3) is -0.04965
Calculated 2-RDM element with Parallel after GPU Parallel 3th way, (3, 2, 3, 2) is -0.04965
Calculated 2-RDM element with Parallel after GPU Parallel 3th way, (3, 1, 3, 1) is -0.09630000000000002
Calculated 2-RDM element with Parallel after GPU Parallel 3th way, (3, 1, 0, 2) is -0.020649999999999998
Calculated 2-RDM element with Parallel after GPU Parallel 3th way, (3, 2, 2, 2) is 0.0
Calculated 2-RDM element with Parallel after GPU Parallel 3th way, (3, 1, 1, 2) is -0.0045249999999999995
Calculated 2-RDM element with Parallel after GPU Parallel 3th way, (2, 2, 2, 2) is 0.0
Calculated 2-RDM element with Parallel after GPU Parallel 3th way, (3, 3, 3, 2) is 0.0
Calculated 2-RDM element with Parallel after GPU Parallel 3th way, (2, 3, 3, 3) is 0.0
Calculated 2-RDM element with Parallel after GPU Parallel 3th way, (2, 1, 2, 1) is -0.06075
Execution time of get_two_rdm_Parallel3: 1.9882056713104248 seconds
Number of 'cx' gates before replacing gates: 56
Number of 'h' gates before replacing gates: 72
Number of 's' gates before replacing gates: 24
Number of 'rz' gates before replacing gates: 32
Number of 'x' gates before replacing gates: 0
Number of 'y' gates before replacing gates: 0
Number of parameterized gates before replacing gates: 0
{ParameterVectorElement(t[0]): -0.00010882665358653989, ParameterVectorElement(t[1]): -4.522892667475301e-05, ParameterVectorElement(t[2]): -0.0594146281830513}
Total parameter gates replaced: 0
Number of 'cx' gates after replacing gates: 56
Number of 'h' gates after replacing gates: 72
Number of 's' gates after replacing gates: 24
Number of 'rz' gates after replacing gates: 32
Number of 'x' gates after replacing gates: 0
Number of 'y' gates after replacing gates: 0
Number of 'z' gates after replacing gates: 0
Gate replacement successful.
Calculated 1-RDM element with wavefunction (0, 0) is 0.9964740426565196
Calculated 1-RDM element with wavefunction (0, 2) is 4.06222810959878e-21
Calculated 1-RDM element with wavefunction (0, 1) is 0.00010594894582525072
Calculated 1-RDM element with wavefunction (1, 1) is 0.003525957343468105
Calculated 1-RDM element with wavefunction (1, 0) is 0.00010594894582525072
Calculated 1-RDM element with wavefunction (2, 1) is -3.3174645348684175e-17
Calculated 1-RDM element with wavefunction (2, 0) is 4.06222810959878e-21
Calculated 1-RDM element with wavefunction (3, 1) is -2.723326044598025e-21
Calculated 1-RDM element with wavefunction (1, 2) is -3.3174645348684175e-17
Calculated 1-RDM element with wavefunction (2, 2) is 0.9964740524541044
Calculated 1-RDM element with wavefunction (0, 3) is -1.3409222600710134e-17
Calculated 1-RDM element with wavefunction (1, 3) is -2.723326044598025e-21
Calculated 1-RDM element with wavefunction (3, 2) is 3.868702727607697e-05
Calculated 1-RDM element with wavefunction (3, 0) is -1.3409222600710134e-17
Calculated 1-RDM element with wavefunction (2, 3) is 3.868702727607697e-05
Calculated 1-RDM element with wavefunction (3, 3) is 0.003525947545883427
Execution time of get_one_rdm_wavefunction: 0.07614278793334961 seconds
Calculated 2-RDM element with wavefunction (0, 0, 0, 0) is 0.0
Calculated 2-RDM element with wavefunction (0, 0, 0, 1) is 0.0
Calculated 2-RDM element with wavefunction (0, 1, 0, 1) is -4.513270634727191e-32
Calculated 2-RDM element with wavefunction (0, 0, 1, 1) is 0.0
Calculated 2-RDM element with wavefunction (0, 1, 1, 1) is 0.0
Calculated 2-RDM element with wavefunction (0, 2, 1, 3) is 0.05927489485090239
Calculated 2-RDM element with wavefunction (1, 1, 1, 1) is 0.0
Calculated 2-RDM element with wavefunction (0, 2, 0, 2) is -0.9964740406108639
Calculated 2-RDM element with wavefunction (1, 1, 1, 0) is 0.0
Calculated 2-RDM element with wavefunction (1, 2, 1, 3) is 6.462091024387349e-06
Calculated 2-RDM element with wavefunction (0, 2, 0, 3) is -4.514911830046432e-05
Calculated 2-RDM element with wavefunction (0, 3, 1, 3) is 2.685678834373238e-06
Calculated 2-RDM element with wavefunction (0, 3, 2, 0) is 4.514911830046432e-05
Calculated 2-RDM element with wavefunction (0, 2, 1, 2) is -0.00010863462465962396
Calculated 2-RDM element with wavefunction (1, 2, 1, 2) is -1.184324045983453e-08
Calculated 2-RDM element with wavefunction (2, 0, 2, 0) is -0.9964740406108639
Calculated 2-RDM element with wavefunction (1, 0, 0, 0) is 0.0
Calculated 2-RDM element with wavefunction (1, 2, 3, 0) is 4.922112689736664e-09
Calculated 2-RDM element with wavefunction (0, 3, 0, 3) is -2.0456557825226485e-09
Calculated 2-RDM element with wavefunction (1, 2, 2, 0) is 0.00010863462465962396
Calculated 2-RDM element with wavefunction (2, 0, 3, 1) is 0.05927489485090239
Calculated 2-RDM element with wavefunction (1, 3, 3, 0) is -2.685678834373238e-06
Calculated 2-RDM element with wavefunction (1, 0, 1, 0) is -4.513270634727191e-32
Calculated 2-RDM element with wavefunction (0, 3, 1, 2) is -4.922112689736664e-09
Calculated 2-RDM element with wavefunction (2, 0, 2, 1) is -0.00010863462465962396
Calculated 2-RDM element with wavefunction (1, 3, 2, 1) is -6.462091024387349e-06
Calculated 2-RDM element with wavefunction (3, 3, 3, 2) is 0.0
Calculated 2-RDM element with wavefunction (1, 3, 1, 3) is -0.003525945500227645
Calculated 2-RDM element with wavefunction (2, 0, 3, 0) is -4.514911830046432e-05
Calculated 2-RDM element with wavefunction (2, 3, 2, 3) is -7.322126001474465e-32
Calculated 2-RDM element with wavefunction (2, 2, 2, 2) is 0.0
Calculated 2-RDM element with wavefunction (3, 1, 0, 3) is -2.685678834373238e-06
Calculated 2-RDM element with wavefunction (1, 3, 2, 0) is -0.05927489485090239
Calculated 2-RDM element with wavefunction (3, 0, 2, 1) is -4.922112689736664e-09
Calculated 2-RDM element with wavefunction (2, 3, 3, 3) is 0.0
Calculated 2-RDM element with wavefunction (3, 0, 3, 1) is 2.685678834373238e-06
Calculated 2-RDM element with wavefunction (2, 1, 3, 1) is 6.462091024387349e-06
Calculated 2-RDM element with wavefunction (2, 2, 2, 3) is 0.0
Calculated 2-RDM element with wavefunction (3, 2, 2, 2) is 0.0
Calculated 2-RDM element with wavefunction (3, 1, 0, 2) is -0.05927489485090239
Calculated 2-RDM element with wavefunction (3, 0, 0, 2) is 4.514911830046432e-05
Calculated 2-RDM element with wavefunction (2, 2, 3, 3) is 0.0
Calculated 2-RDM element with wavefunction (3, 2, 3, 2) is -7.322126001474465e-32
Calculated 2-RDM element with wavefunction (3, 3, 3, 3) is 0.0
Calculated 2-RDM element with wavefunction (3, 1, 1, 2) is -6.462091024387349e-06
Calculated 2-RDM element with wavefunction (3, 1, 3, 1) is -0.003525945500227645
Calculated 2-RDM element with wavefunction (2, 1, 0, 2) is 0.00010863462465962396
Calculated 2-RDM element with wavefunction (2, 1, 2, 1) is -1.184324045983453e-08
Calculated 2-RDM element with wavefunction (2, 1, 0, 3) is 4.922112689736664e-09
Calculated 2-RDM element with wavefunction (3, 0, 3, 0) is -2.0456557825226485e-09
Execution time of get_two_rdm_wavefunction: 0.21065926551818848 seconds
Calculated 2-RDM element (0, 0, 0, 0) is 0.0
Calculated 2-RDM element (0, 0, 1, 1) is 0.0
Calculated 2-RDM element (0, 1, 1, 1) is 0.0
Calculated 2-RDM element (0, 0, 0, 1) is 0.0
Calculated 2-RDM element (2, 2, 2, 2) is 0.0
Calculated 2-RDM element (1, 0, 0, 0) is 0.0
Calculated 2-RDM element (2, 2, 2, 3) is 0.0
Calculated 2-RDM element (1, 1, 1, 1) is 0.0
Calculated 2-RDM element (1, 1, 1, 0) is 0.0
Calculated 2-RDM element (2, 3, 3, 3) is 0.0
Calculated 2-RDM element (2, 2, 3, 3) is 0.0
Calculated 2-RDM element (3, 2, 2, 2) is 0.0
Calculated 2-RDM element (3, 3, 3, 2) is 0.0
Calculated 2-RDM element (3, 3, 3, 3) is 0.0
Calculated 2-RDM element (0, 2, 0, 2) is -0.73825
Calculated 2-RDM element (2, 0, 2, 0) is -0.73125
Calculated 2-RDM element (1, 2, 1, 2) is -0.06690000000000002
Calculated 2-RDM element (1, 3, 1, 3) is -0.09725
Calculated 2-RDM element (0, 1, 0, 1) is -0.10820000000000002
Calculated 2-RDM element (1, 0, 1, 0) is -0.11140000000000003
Calculated 2-RDM element (2, 1, 2, 1) is -0.05995
Calculated 2-RDM element (0, 3, 0, 3) is -0.16195
Calculated 2-RDM element (2, 3, 2, 3) is -0.05084999999999998
Calculated 2-RDM element (3, 0, 3, 0) is -0.16795
Calculated 2-RDM element (3, 2, 3, 2) is -0.04869999999999999
Calculated 2-RDM element (3, 1, 3, 1) is -0.10025
Calculated 2-RDM element (1, 3, 2, 1) is -0.006024999999999999
Calculated 2-RDM element (2, 0, 3, 0) is 0.0020499999999999997
Calculated 2-RDM element (0, 3, 2, 0) is -0.004125
Calculated 2-RDM element (1, 3, 3, 0) is -0.0023
Calculated 2-RDM element (1, 2, 1, 3) is 0.003375
Calculated 2-RDM element (0, 2, 1, 2) is 0.00325
Calculated 2-RDM element (2, 0, 2, 1) is -0.0023
Calculated 2-RDM element (2, 1, 0, 2) is 0.0009250000000000001
Calculated 2-RDM element (1, 2, 2, 0) is -0.0036
Calculated 2-RDM element (0, 2, 0, 3) is -0.0023
Calculated 2-RDM element (2, 1, 3, 1) is 0.002075
Calculated 2-RDM element (0, 3, 1, 3) is 0.0014500000000000001
Calculated 2-RDM element (3, 0, 3, 1) is 0.00037500000000000006
Calculated 2-RDM element (3, 0, 0, 2) is 9.999999999999994e-05
Calculated 2-RDM element (3, 1, 1, 2) is 0.003725
Calculated 2-RDM element (3, 1, 0, 3) is 0.000825
Calculated 2-RDM element (2, 1, 0, 3) is 0.00018750000000000017
Calculated 2-RDM element (0, 2, 1, 3) is 0.03711249999999999
Calculated 2-RDM element (2, 0, 3, 1) is 0.033875
Calculated 2-RDM element (0, 3, 1, 2) is -0.0015125
Calculated 2-RDM element (1, 3, 2, 0) is -0.032924999999999996
Calculated 2-RDM element (1, 2, 3, 0) is 0.002324999999999999
Calculated 2-RDM element (3, 0, 2, 1) is 0.0012875000000000013
Calculated 2-RDM element (3, 1, 0, 2) is -0.0347
Execution time of get_two_rdm: 12.799946546554565 seconds
Calculated 1-RDM element (1, 1) is 0.16049999999999998
Calculated 1-RDM element (0, 0) is 0.9076
Calculated 1-RDM element (2, 2) is 0.7889999999999999
Calculated 1-RDM element (3, 3) is 0.2108
Calculated 1-RDM element (0, 1) is 0.00625
Calculated 1-RDM element (2, 0) is 0.0024999999999999996
Calculated 1-RDM element (0, 2) is 0.0025499999999999997
Calculated 1-RDM element (1, 3) is 0.00445
Calculated 1-RDM element (1, 0) is -0.0015999999999999999
Calculated 1-RDM element (3, 0) is -0.0015
Calculated 1-RDM element (2, 3) is -0.0031999999999999997
Calculated 1-RDM element (0, 3) is 0.0041
Calculated 1-RDM element (3, 2) is -0.0031999999999999997
Calculated 1-RDM element (1, 2) is -0.00325
Calculated 1-RDM element (2, 1) is 0.0011
Calculated 1-RDM element (3, 1) is 0.0037999999999999996
Execution time of get_one_rdm: 2.112403154373169 seconds
Calculated 2-RDM element (0, 1, 1, 1) is 0.0
Calculated 2-RDM element (0, 0, 1, 1) is 0.0
Calculated 2-RDM element (0, 0, 0, 1) is 0.0
Calculated 2-RDM element (1, 0, 0, 0) is 0.0
Calculated 2-RDM element (0, 0, 0, 0) is 0.0
Calculated 2-RDM element (1, 1, 1, 1) is 0.0
Calculated 2-RDM element (1, 1, 1, 0) is 0.0
Calculated 2-RDM element (2, 3, 3, 3) is 0.0
Calculated 2-RDM element (2, 2, 2, 2) is 0.0
Calculated 2-RDM element (2, 2, 3, 3) is 0.0
Calculated 2-RDM element (2, 2, 2, 3) is 0.0
Calculated 2-RDM element (3, 2, 2, 2) is 0.0
Calculated 2-RDM element (3, 3, 3, 3) is 0.0
Calculated 2-RDM element (3, 3, 3, 2) is 0.0
Calculated 2-RDM element (0, 1, 0, 1) is -1.6375789613221059e-15
Calculated 2-RDM element (0, 2, 0, 2) is -0.9964740406108644
Calculated 2-RDM element (1, 0, 1, 0) is -1.6375789613221059e-15
Calculated 2-RDM element (1, 2, 1, 2) is -1.1843242136988508e-08
Calculated 2-RDM element (1, 3, 1, 3) is -0.0035259455002292495
Calculated 2-RDM element (0, 3, 0, 3) is -2.0456574489902124e-09
Calculated 2-RDM element (2, 0, 2, 0) is -0.9964740406108644
Calculated 2-RDM element (2, 3, 2, 3) is -1.609823385706477e-15
Calculated 2-RDM element (2, 1, 2, 1) is -1.1843242136988508e-08
Calculated 2-RDM element (3, 0, 3, 0) is -2.0456574489902124e-09
Calculated 2-RDM element (3, 1, 3, 1) is -0.0035259455002292495
Calculated 2-RDM element (3, 2, 3, 2) is -1.609823385706477e-15
Calculated 2-RDM element (0, 2, 0, 3) is -4.514911830040888e-05
Calculated 2-RDM element (1, 2, 1, 3) is 6.46209102438684e-06
Calculated 2-RDM element (0, 2, 1, 2) is -0.00010863462465961587
Calculated 2-RDM element (0, 3, 1, 3) is 2.6856788343699336e-06
Calculated 2-RDM element (1, 3, 3, 0) is -2.6856788343699336e-06
Calculated 2-RDM element (0, 3, 2, 0) is 4.514911830040888e-05
Calculated 2-RDM element (2, 0, 2, 1) is -0.00010863462465961587
Calculated 2-RDM element (2, 0, 3, 0) is -4.514911830040888e-05
Calculated 2-RDM element (1, 3, 2, 1) is -6.46209102438684e-06
Calculated 2-RDM element (3, 0, 0, 2) is 4.514911830040888e-05
Calculated 2-RDM element (2, 1, 0, 2) is 0.00010863462465961587
Calculated 2-RDM element (1, 2, 2, 0) is 0.00010863462465961587
Calculated 2-RDM element (3, 0, 3, 1) is 2.6856788343699336e-06
Calculated 2-RDM element (3, 1, 1, 2) is -6.46209102438684e-06
Calculated 2-RDM element (3, 1, 0, 3) is -2.6856788343699336e-06
Calculated 2-RDM element (2, 1, 3, 1) is 6.46209102438684e-06
Calculated 2-RDM element (0, 2, 1, 3) is 0.05927489485090207
Calculated 2-RDM element (1, 3, 2, 0) is -0.05927489485090207
Calculated 2-RDM element (2, 1, 0, 3) is 4.9221126896537015e-09
Calculated 2-RDM element (0, 3, 1, 2) is -4.9221126896537015e-09
Calculated 2-RDM element (3, 0, 2, 1) is -4.9221126896537015e-09
Calculated 2-RDM element (3, 1, 0, 2) is -0.05927489485090207
Calculated 2-RDM element (2, 0, 3, 1) is 0.05927489485090207
Calculated 2-RDM element (1, 2, 3, 0) is 4.9221126896537015e-09
Execution time of get_two_rdm: 4.889968633651733 seconds
Calculated 2-RDM element with wavefunction (0, 0, 0, 0) is 0.0
Calculated 2-RDM element with wavefunction (0, 0, 0, 1) is 0.0
Calculated 2-RDM element with wavefunction (0, 3, 1, 2) is -4.922112689730259e-09
Calculated 2-RDM element with wavefunction (0, 0, 1, 1) is 0.0
Calculated 2-RDM element with wavefunction (0, 1, 1, 1) is 0.0
Calculated 2-RDM element with wavefunction (0, 2, 1, 3) is 0.05927489485090207
Calculated 2-RDM element with wavefunction (0, 2, 0, 2) is -0.9964740406108628
Calculated 2-RDM element with wavefunction (0, 3, 2, 0) is 4.514911830040888e-05
Calculated 2-RDM element with wavefunction (0, 2, 1, 2) is -0.00010863462465961587
Calculated 2-RDM element with wavefunction (1, 1, 1, 0) is 0.0
Calculated 2-RDM element with wavefunction (0, 2, 0, 3) is -4.514911830040888e-05
Calculated 2-RDM element with wavefunction (0, 3, 1, 3) is 2.685678834369929e-06
Calculated 2-RDM element with wavefunction (0, 3, 0, 3) is -2.045655782517627e-09
Calculated 2-RDM element with wavefunction (0, 1, 0, 1) is -5.408179078854011e-32
Calculated 2-RDM element with wavefunction (1, 1, 1, 1) is 0.0
Calculated 2-RDM element with wavefunction (1, 2, 1, 2) is -1.1843240459832777e-08
Calculated 2-RDM element with wavefunction (1, 0, 0, 0) is 0.0
Calculated 2-RDM element with wavefunction (2, 1, 0, 2) is 0.00010863462465961587
Calculated 2-RDM element with wavefunction (1, 0, 1, 0) is -5.408179078854011e-32
Calculated 2-RDM element with wavefunction (2, 0, 2, 1) is -0.00010863462465961587
Calculated 2-RDM element with wavefunction (2, 0, 3, 0) is -4.514911830040888e-05
Calculated 2-RDM element with wavefunction (1, 2, 2, 0) is 0.00010863462465961587
Calculated 2-RDM element with wavefunction (1, 2, 1, 3) is 6.46209102438684e-06
Calculated 2-RDM element with wavefunction (2, 2, 3, 3) is 0.0
Calculated 2-RDM element with wavefunction (1, 3, 2, 1) is -6.46209102438684e-06
Calculated 2-RDM element with wavefunction (1, 3, 1, 3) is -0.003525945500227611
Calculated 2-RDM element with wavefunction (2, 2, 2, 2) is 0.0
Calculated 2-RDM element with wavefunction (2, 2, 2, 3) is 0.0
Calculated 2-RDM element with wavefunction (2, 0, 2, 0) is -0.9964740406108628
Calculated 2-RDM element with wavefunction (2, 1, 0, 3) is 4.922112689730259e-09
Calculated 2-RDM element with wavefunction (3, 0, 3, 0) is -2.045655782517627e-09
Calculated 2-RDM element with wavefunction (2, 1, 3, 1) is 6.46209102438684e-06
Calculated 2-RDM element with wavefunction (1, 3, 3, 0) is -2.685678834369929e-06
Calculated 2-RDM element with wavefunction (2, 0, 3, 1) is 0.05927489485090207
Calculated 2-RDM element with wavefunction (3, 2, 2, 2) is 0.0
Calculated 2-RDM element with wavefunction (2, 1, 2, 1) is -1.1843240459832777e-08
Calculated 2-RDM element with wavefunction (3, 0, 0, 2) is 4.514911830040888e-05
Calculated 2-RDM element with wavefunction (3, 2, 3, 2) is -4.6744101961739605e-32
Calculated 2-RDM element with wavefunction (1, 3, 2, 0) is -0.05927489485090207
Calculated 2-RDM element with wavefunction (3, 0, 2, 1) is -4.922112689730259e-09
Calculated 2-RDM element with wavefunction (3, 3, 3, 3) is 0.0
Calculated 2-RDM element with wavefunction (2, 3, 3, 3) is 0.0
Calculated 2-RDM element with wavefunction (3, 1, 0, 2) is -0.05927489485090207
Calculated 2-RDM element with wavefunction (3, 1, 0, 3) is -2.685678834369929e-06
Calculated 2-RDM element with wavefunction (3, 0, 3, 1) is 2.685678834369929e-06
Calculated 2-RDM element with wavefunction (1, 2, 3, 0) is 4.922112689730259e-09
Calculated 2-RDM element with wavefunction (3, 1, 1, 2) is -6.46209102438684e-06
Calculated 2-RDM element with wavefunction (3, 3, 3, 2) is 0.0
Calculated 2-RDM element with wavefunction (3, 1, 3, 1) is -0.003525945500227611
Calculated 2-RDM element with wavefunction (2, 3, 2, 3) is -4.6744101961739605e-32
Execution time of get_two_rdm_wavefunction: 0.15495920181274414 seconds
Calculated 2-RDM element (0, 0, 0, 0) is 0.0
Calculated 2-RDM element (0, 0, 0, 1) is 0.0
Calculated 2-RDM element (0, 1, 1, 1) is 0.0
Calculated 2-RDM element (0, 0, 1, 1) is 0.0
Calculated 2-RDM element (1, 0, 0, 0) is 0.0
Calculated 2-RDM element (1, 1, 1, 0) is 0.0
Calculated 2-RDM element (1, 1, 1, 1) is 0.0
Calculated 2-RDM element (2, 2, 2, 2) is 0.0
Calculated 2-RDM element (2, 2, 2, 3) is 0.0
Calculated 2-RDM element (2, 3, 3, 3) is 0.0
Calculated 2-RDM element (2, 2, 3, 3) is 0.0
Calculated 2-RDM element (3, 2, 2, 2) is 0.0
Calculated 2-RDM element (3, 3, 3, 2) is 0.0
Calculated 2-RDM element (3, 3, 3, 3) is 0.0
Calculated 2-RDM element (0, 2, 0, 2) is -0.7335
Calculated 2-RDM element (0, 3, 0, 3) is -0.17075000000000004
Calculated 2-RDM element (0, 1, 0, 1) is -0.11099999999999999
Calculated 2-RDM element (1, 2, 1, 2) is -0.059699999999999975
Calculated 2-RDM element (2, 1, 2, 1) is -0.05829999999999999
Calculated 2-RDM element (1, 0, 1, 0) is -0.11505000000000004
Calculated 2-RDM element (1, 3, 1, 3) is -0.09625
Calculated 2-RDM element (2, 3, 2, 3) is -0.052000000000000046
Calculated 2-RDM element (2, 0, 2, 0) is -0.7367
Calculated 2-RDM element (3, 0, 3, 0) is -0.16905
Calculated 2-RDM element (3, 1, 3, 1) is -0.10320000000000001
Calculated 2-RDM element (3, 2, 3, 2) is -0.04869999999999999
Calculated 2-RDM element (0, 2, 1, 2) is 0.0208
Calculated 2-RDM element (0, 2, 0, 3) is 0.05595000000000001
Calculated 2-RDM element (2, 0, 3, 0) is 0.04970000000000001
Calculated 2-RDM element (0, 3, 1, 3) is 0.00545
Calculated 2-RDM element (0, 3, 2, 0) is -0.058925000000000005
Calculated 2-RDM element (1, 2, 2, 0) is -0.02155
Calculated 2-RDM element (1, 3, 3, 0) is -0.0009499999999999995
Calculated 2-RDM element (2, 1, 0, 2) is -0.0253
Calculated 2-RDM element (1, 2, 1, 3) is 0.0016749999999999994
Calculated 2-RDM element (2, 0, 2, 1) is 0.022475
Calculated 2-RDM element (1, 3, 2, 1) is -0.002999999999999999
Calculated 2-RDM element (2, 1, 3, 1) is 0.0009750000000000019
Calculated 2-RDM element (3, 1, 1, 2) is -0.004200000000000001
Calculated 2-RDM element (3, 0, 3, 1) is 0.00465
Calculated 2-RDM element (3, 0, 0, 2) is -0.04995
Calculated 2-RDM element (3, 1, 0, 3) is 0.003325
Calculated 2-RDM element (0, 2, 1, 3) is 0.020012500000000003
Calculated 2-RDM element (0, 3, 1, 2) is -0.0024749999999999998
Calculated 2-RDM element (1, 2, 3, 0) is 0.001012499999999999
Calculated 2-RDM element (3, 0, 2, 1) is -0.006875000000000001
Calculated 2-RDM element (2, 0, 3, 1) is 0.020800000000000003
Calculated 2-RDM element (2, 1, 0, 3) is 0.0030874999999999987
Calculated 2-RDM element (1, 3, 2, 0) is -0.01805
Calculated 2-RDM element (3, 1, 0, 2) is -0.023450000000000002
Execution time of get_two_rdm: 10.135927200317383 seconds
{'IIII': 1.0, 'IIZI': 0.6856, 'IIIZ': -0.803, 'IIZZ': -0.681, 'IZII': -0.559, 'IZIZ': 0.5548, 'XYII': -0.0028, 'YYII': -0.108, 'XYIZ': 0.0172, 'YYIZ': 0.105, 'XXII': -0.117, 'YXII': 0.009, 'XXIZ': 0.1152, 'YXIZ': 0.0172, 'IIXY': -0.0076, 'IZXY': -0.0252, 'IIYY': -0.0632, 'IZYY': 0.0296, 'IIXX': -0.0524, 'IZXX': 0.0476, 'IIYX': -0.0004, 'IZYX': 0.0014, 'XYXY': 0.0422, 'YYXY': -0.0074, 'XYYY': -0.0026, 'YYYY': -0.0438, 'XXXY': 0.0202, 'YXXY': -0.0502, 'XXYY': -0.042, 'YXYY': 0.0064, 'XYXX': 0.0164, 'YYXX': -0.0184, 'XYYX': -0.0496, 'YYYX': -0.0158, 'XXXX': -0.0434, 'YXXX': 0.0064, 'XXYX': -0.002, 'YXYX': 0.0436, 'ZIII': 0.556, 'ZIIZ': -0.5362, 'ZIXY': 0.019, 'ZIYY': -0.0534, 'ZIXX': -0.0458, 'ZIYX': 0.0052, 'IZZI': -0.6352, 'XYZI': -0.0066, 'YYZI': -0.1082, 'XXZI': -0.1114, 'YXZI': 0.0004, 'ZIZI': 0.6468, 'ZZII': -0.8044}
Calculated 2-RDM element with Parallel after GPU Parallel 1st way, (0, 0, 0, 0) is 0.0
Calculated 2-RDM element with Parallel after GPU Parallel 1st way, (0, 0, 0, 1) is 0.0
Calculated 2-RDM element with Parallel after GPU Parallel 1st way, (0, 0, 1, 1) is 0.0
Calculated 2-RDM element with Parallel after GPU Parallel 1st way, (0, 1, 0, 1) is -0.10909999999999997
Calculated 2-RDM element with Parallel after GPU Parallel 1st way, (0, 1, 1, 1) is 0.0
Calculated 2-RDM element with Parallel after GPU Parallel 1st way, (0, 2, 0, 2) is -0.7292000000000001
Calculated 2-RDM element with Parallel after GPU Parallel 1st way, (0, 2, 0, 3) is 0.055650000000000005
Calculated 2-RDM element with Parallel after GPU Parallel 1st way, (0, 2, 1, 2) is 0.0241
Calculated 2-RDM element with Parallel after GPU Parallel 1st way, (0, 2, 1, 3) is 0.020825000000000003
Calculated 2-RDM element with Parallel after GPU Parallel 1st way, (0, 3, 0, 3) is -0.17769999999999997
Calculated 2-RDM element with Parallel after GPU Parallel 1st way, (0, 3, 1, 2) is -0.002375
Calculated 2-RDM element with Parallel after GPU Parallel 1st way, (0, 3, 1, 3) is 0.0020500000000000006
Calculated 2-RDM element with Parallel after GPU Parallel 1st way, (0, 3, 2, 0) is -0.05565
Calculated 2-RDM element with Parallel after GPU Parallel 1st way, (1, 0, 0, 0) is 0.0
Calculated 2-RDM element with Parallel after GPU Parallel 1st way, (1, 0, 1, 0) is -0.10909999999999997
Calculated 2-RDM element with Parallel after GPU Parallel 1st way, (1, 1, 1, 0) is 0.0
Calculated 2-RDM element with Parallel after GPU Parallel 1st way, (1, 1, 1, 1) is 0.0
Calculated 2-RDM element with Parallel after GPU Parallel 1st way, (1, 2, 1, 2) is -0.05955000000000005
Calculated 2-RDM element with Parallel after GPU Parallel 1st way, (1, 2, 1, 3) is 0.0006750000000000003
Calculated 2-RDM element with Parallel after GPU Parallel 1st way, (1, 2, 2, 0) is -0.024100000000000003
Calculated 2-RDM element with Parallel after GPU Parallel 1st way, (1, 2, 3, 0) is 0.0023749999999999995
Calculated 2-RDM element with Parallel after GPU Parallel 1st way, (1, 3, 1, 3) is -0.1013
Calculated 2-RDM element with Parallel after GPU Parallel 1st way, (1, 3, 2, 0) is -0.020825000000000003
Calculated 2-RDM element with Parallel after GPU Parallel 1st way, (1, 3, 2, 1) is -0.0006750000000000003
Calculated 2-RDM element with Parallel after GPU Parallel 1st way, (1, 3, 3, 0) is -0.0020499999999999997
Calculated 2-RDM element with Parallel after GPU Parallel 1st way, (2, 0, 2, 0) is -0.7292000000000001
Calculated 2-RDM element with Parallel after GPU Parallel 1st way, (2, 0, 2, 1) is 0.0241
Calculated 2-RDM element with Parallel after GPU Parallel 1st way, (2, 0, 3, 0) is 0.055650000000000005
Calculated 2-RDM element with Parallel after GPU Parallel 1st way, (2, 0, 3, 1) is 0.020825000000000003
Calculated 2-RDM element with Parallel after GPU Parallel 1st way, (2, 1, 0, 2) is -0.024100000000000003
Calculated 2-RDM element with Parallel after GPU Parallel 1st way, (2, 1, 0, 3) is 0.0023750000000000004
Calculated 2-RDM element with Parallel after GPU Parallel 1st way, (2, 1, 2, 1) is -0.05955000000000002
Calculated 2-RDM element with Parallel after GPU Parallel 1st way, (2, 1, 3, 1) is 0.0006750000000000003
Calculated 2-RDM element with Parallel after GPU Parallel 1st way, (2, 2, 2, 2) is 0.0
Calculated 2-RDM element with Parallel after GPU Parallel 1st way, (2, 2, 2, 3) is 0.0
Calculated 2-RDM element with Parallel after GPU Parallel 1st way, (2, 2, 3, 3) is 0.0
Calculated 2-RDM element with Parallel after GPU Parallel 1st way, (2, 3, 2, 3) is -0.04965000000000003
Calculated 2-RDM element with Parallel after GPU Parallel 1st way, (2, 3, 3, 3) is 0.0
Calculated 2-RDM element with Parallel after GPU Parallel 1st way, (3, 0, 0, 2) is -0.05565
Calculated 2-RDM element with Parallel after GPU Parallel 1st way, (3, 0, 2, 1) is -0.002375
Calculated 2-RDM element with Parallel after GPU Parallel 1st way, (3, 0, 3, 0) is -0.17769999999999997
Calculated 2-RDM element with Parallel after GPU Parallel 1st way, (3, 0, 3, 1) is 0.0020500000000000006
Calculated 2-RDM element with Parallel after GPU Parallel 1st way, (3, 1, 0, 2) is -0.020825000000000003
Calculated 2-RDM element with Parallel after GPU Parallel 1st way, (3, 1, 0, 3) is -0.0020499999999999997
Calculated 2-RDM element with Parallel after GPU Parallel 1st way, (3, 1, 1, 2) is -0.0006750000000000003
Calculated 2-RDM element with Parallel after GPU Parallel 1st way, (3, 1, 3, 1) is -0.1013
Calculated 2-RDM element with Parallel after GPU Parallel 1st way, (3, 2, 2, 2) is 0.0
Calculated 2-RDM element with Parallel after GPU Parallel 1st way, (3, 2, 3, 2) is -0.04965000000000003
Calculated 2-RDM element with Parallel after GPU Parallel 1st way, (3, 3, 3, 2) is 0.0
Calculated 2-RDM element with Parallel after GPU Parallel 1st way, (3, 3, 3, 3) is 0.0
Execution time of get_two_rdm_Parallel: 1.7857611179351807 seconds
Calculated 1-RDM element (0, 0) is 0.9964740426565218
Calculated 1-RDM element (2, 2) is 0.9964740524541065
Calculated 1-RDM element (1, 1) is 0.0035259573434713865
Calculated 1-RDM element (3, 3) is 0.0035259475458866985
Calculated 1-RDM element (2, 3) is 3.868702727602204e-05
Calculated 1-RDM element (0, 3) is 9.41534744088458e-18
Calculated 1-RDM element (1, 2) is 2.2341681517780784e-17
Calculated 1-RDM element (0, 1) is 0.00010594894582524593
Calculated 1-RDM element (0, 2) is -2.7507272751239207e-21
Calculated 1-RDM element (3, 2) is 3.868702727602204e-05
Calculated 1-RDM element (3, 0) is 9.41534744088458e-18
Calculated 1-RDM element (3, 1) is 1.875102422194587e-21
Calculated 1-RDM element (1, 0) is 0.00010594894582524593
Calculated 1-RDM element (2, 1) is 2.2341681517780784e-17
Calculated 1-RDM element (1, 3) is 1.875102422194587e-21
Calculated 1-RDM element (2, 0) is -2.7507272751239207e-21
Execution time of get_one_rdm: 0.9233524799346924 seconds
Calculated 1-RDM element with wavefunction (0, 0) is 0.9964740426565185
Calculated 1-RDM element with wavefunction (1, 0) is 0.00010594894582524593
Calculated 1-RDM element with wavefunction (1, 3) is 1.875102422195104e-21
Calculated 1-RDM element with wavefunction (0, 2) is -2.750727275124702e-21
Calculated 1-RDM element with wavefunction (0, 3) is 9.41534744088458e-18
Calculated 1-RDM element with wavefunction (2, 2) is 0.9964740524541033
Calculated 1-RDM element with wavefunction (1, 1) is 0.003525957343468071
Calculated 1-RDM element with wavefunction (1, 2) is 2.2341681517780784e-17
Calculated 1-RDM element with wavefunction (3, 3) is 0.0035259475458833934
Calculated 1-RDM element with wavefunction (2, 0) is -2.750727275124702e-21
Calculated 1-RDM element with wavefunction (0, 1) is 0.00010594894582524593
Calculated 1-RDM element with wavefunction (3, 0) is 9.41534744088458e-18
Calculated 1-RDM element with wavefunction (3, 1) is 1.875102422195104e-21
Calculated 1-RDM element with wavefunction (3, 2) is 3.868702727602204e-05
Calculated 1-RDM element with wavefunction (2, 1) is 2.2341681517780784e-17
Calculated 1-RDM element with wavefunction (2, 3) is 3.868702727602204e-05
Execution time of get_one_rdm_wavefunction: 0.05959177017211914 seconds
Calculated 1-RDM element (0, 0) is 0.8994
Calculated 1-RDM element (1, 1) is 0.1629
Calculated 1-RDM element (3, 3) is 0.2137
Calculated 1-RDM element (2, 2) is 0.7885
Calculated 1-RDM element (0, 3) is 0.0015499999999999997
Calculated 1-RDM element (0, 1) is -0.0238
Calculated 1-RDM element (0, 2) is 0.005200000000000001
Calculated 1-RDM element (1, 2) is 0.009500000000000001
Calculated 1-RDM element (1, 0) is -0.0235
Calculated 1-RDM element (2, 1) is -0.00485
Calculated 1-RDM element (2, 0) is -0.00575
Calculated 1-RDM element (3, 1) is -0.0019
Calculated 1-RDM element (3, 2) is -0.0562
Calculated 1-RDM element (1, 3) is -0.0018999999999999998
Calculated 1-RDM element (2, 3) is -0.055
Calculated 1-RDM element (3, 0) is -0.0002000000000000001
Execution time of get_one_rdm: 2.034501314163208 seconds
--- [DONE]  Processing for d = 0.40. Data saved. ---
--- [START] Processing for d = 0.7 ---
Attempting to load file: /home/u2600410/H2/H2_0.7_sto-3g.pkl
Using CPU for noisy estimator...
Number of qubits: 4
Execution time of Gene_Qiskit_VQE_hamiltonian: 0.0007734298706054688 seconds
VQE Optimal Energy: -1.13618944
{   'aux_operators_evaluated': None,
    'cost_function_evals': 51,
    'eigenvalue': -1.1361894352266186,
    'optimal_circuit': <qiskit_nature.second_q.circuit.library.ansatzes.uccsd.UCCSD object at 0x1456d4b0f9b0>,
    'optimal_parameters': {   ParameterVectorElement(t[2]): -0.10494807144581145,
                              ParameterVectorElement(t[1]): 9.766722615036491e-05,
                              ParameterVectorElement(t[0]): -2.1809704931873617e-05},
    'optimal_point': array([-2.18097049e-05,  9.76672262e-05, -1.04948071e-01]),
    'optimal_value': -1.1361894352266186,
    'optimizer_evals': None,
    'optimizer_result': <qiskit_algorithms.optimizers.optimizer.OptimizerResult object at 0x1456d4b5fb30>,
    'optimizer_time': 1.484640121459961}
VQE Optimal Energy: -0.77469366
{   'aux_operators_evaluated': None,
    'cost_function_evals': 37,
    'eigenvalue': -0.774693658644588,
    'optimal_circuit': <qiskit_nature.second_q.circuit.library.ansatzes.uccsd.UCCSD object at 0x1456d4f3e360>,
    'optimal_parameters': {   ParameterVectorElement(t[1]): 0.02355596623574013,
                              ParameterVectorElement(t[2]): -0.1347082092673449,
                              ParameterVectorElement(t[0]): -0.06817727760355818},
    'optimal_point': array([-0.06817728,  0.02355597, -0.13470821]),
    'optimal_value': -0.774693658644588,
    'optimizer_evals': None,
    'optimizer_result': <qiskit_algorithms.optimizers.optimizer.OptimizerResult object at 0x1456d502a3c0>,
    'optimizer_time': 5.967593669891357}
{'IIII': 1.0, 'IIZI': 0.6414, 'IIIZ': -0.775, 'IIZZ': -0.673, 'IZII': -0.5672, 'IZIZ': 0.5666, 'XYII': 0.0138, 'YYII': -0.0598, 'XYIZ': 0.009, 'YYIZ': 0.005, 'XXII': -0.042, 'YXII': -0.009, 'XXIZ': 0.019, 'YXIZ': 0.0008, 'IIXY': 0.0204, 'IZXY': 0.013, 'IIYY': 0.0936, 'IZYY': -0.06, 'IIXX': 0.0984, 'IZXX': -0.0596, 'IIYX': -0.0024, 'IZYX': -0.0036, 'XYXY': 0.1548, 'YYXY': 0.0114, 'XYYY': -0.0044, 'YYYY': -0.1594, 'XXXY': 0.009, 'YXXY': -0.1684, 'XXYY': -0.1516, 'YXYY': 0.0024, 'XYXX': 0.0044, 'YYXX': -0.146, 'XYYX': -0.167, 'YYYX': 0.0072, 'XXXX': -0.155, 'YXXX': -0.0028, 'XXYX': 0.0118, 'YXYX': 0.1574, 'ZIII': 0.5548, 'ZIIZ': -0.5432, 'ZIXY': -0.0076, 'ZIYY': 0.0794, 'ZIXX': 0.074, 'ZIYX': 0.0152, 'IZZI': -0.6502, 'XYZI': 0.0038, 'YYZI': -0.0182, 'XXZI': -0.022, 'YXZI': 0.0076, 'ZIZI': 0.6422, 'ZZII': -0.8082}
Calculated 2-RDM element with Parallel after GPU Parallel 1st way, (0, 0, 0, 0) is 0.0
Calculated 2-RDM element with Parallel after GPU Parallel 1st way, (0, 0, 0, 1) is 0.0
Calculated 2-RDM element with Parallel after GPU Parallel 1st way, (0, 0, 1, 1) is 0.0
Calculated 2-RDM element with Parallel after GPU Parallel 1st way, (0, 1, 0, 1) is -0.11514999999999997
Calculated 2-RDM element with Parallel after GPU Parallel 1st way, (0, 1, 1, 1) is 0.0
Calculated 2-RDM element with Parallel after GPU Parallel 1st way, (0, 2, 0, 2) is -0.7272000000000001
Calculated 2-RDM element with Parallel after GPU Parallel 1st way, (0, 2, 0, 3) is 0.015725
Calculated 2-RDM element with Parallel after GPU Parallel 1st way, (0, 2, 1, 2) is -0.03895
Calculated 2-RDM element with Parallel after GPU Parallel 1st way, (0, 2, 1, 3) is 0.078725
Calculated 2-RDM element with Parallel after GPU Parallel 1st way, (0, 3, 0, 3) is -0.16925000000000004
Calculated 2-RDM element with Parallel after GPU Parallel 1st way, (0, 3, 1, 2) is -0.0022250000000000013
Calculated 2-RDM element with Parallel after GPU Parallel 1st way, (0, 3, 1, 3) is -0.004825000000000001
Calculated 2-RDM element with Parallel after GPU Parallel 1st way, (0, 3, 2, 0) is -0.015725
Calculated 2-RDM element with Parallel after GPU Parallel 1st way, (1, 0, 0, 0) is 0.0
Calculated 2-RDM element with Parallel after GPU Parallel 1st way, (1, 0, 1, 0) is -0.11514999999999997
Calculated 2-RDM element with Parallel after GPU Parallel 1st way, (1, 1, 1, 0) is 0.0
Calculated 2-RDM element with Parallel after GPU Parallel 1st way, (1, 1, 1, 1) is 0.0
Calculated 2-RDM element with Parallel after GPU Parallel 1st way, (1, 2, 1, 2) is -0.06890000000000004
Calculated 2-RDM element with Parallel after GPU Parallel 1st way, (1, 2, 1, 3) is 0.007700000000000001
Calculated 2-RDM element with Parallel after GPU Parallel 1st way, (1, 2, 2, 0) is 0.03895
Calculated 2-RDM element with Parallel after GPU Parallel 1st way, (1, 2, 3, 0) is 0.0022250000000000013
Calculated 2-RDM element with Parallel after GPU Parallel 1st way, (1, 3, 1, 3) is -0.11150000000000002
Calculated 2-RDM element with Parallel after GPU Parallel 1st way, (1, 3, 2, 0) is -0.078725
Calculated 2-RDM element with Parallel after GPU Parallel 1st way, (1, 3, 2, 1) is -0.007700000000000001
Calculated 2-RDM element with Parallel after GPU Parallel 1st way, (1, 3, 3, 0) is 0.004825000000000001
Calculated 2-RDM element with Parallel after GPU Parallel 1st way, (2, 0, 2, 0) is -0.7272000000000001
Calculated 2-RDM element with Parallel after GPU Parallel 1st way, (2, 0, 2, 1) is -0.03895
Calculated 2-RDM element with Parallel after GPU Parallel 1st way, (2, 0, 3, 0) is 0.015725
Calculated 2-RDM element with Parallel after GPU Parallel 1st way, (2, 0, 3, 1) is 0.07872499999999999
Calculated 2-RDM element with Parallel after GPU Parallel 1st way, (2, 1, 0, 2) is 0.03895
Calculated 2-RDM element with Parallel after GPU Parallel 1st way, (2, 1, 0, 3) is 0.0022250000000000013
Calculated 2-RDM element with Parallel after GPU Parallel 1st way, (2, 1, 2, 1) is -0.06890000000000002
Calculated 2-RDM element with Parallel after GPU Parallel 1st way, (2, 1, 3, 1) is 0.007700000000000001
Calculated 2-RDM element with Parallel after GPU Parallel 1st way, (2, 2, 2, 2) is 0.0
Calculated 2-RDM element with Parallel after GPU Parallel 1st way, (2, 2, 2, 3) is 0.0
Calculated 2-RDM element with Parallel after GPU Parallel 1st way, (2, 2, 3, 3) is 0.0
Calculated 2-RDM element with Parallel after GPU Parallel 1st way, (2, 3, 2, 3) is -0.051049999999999984
Calculated 2-RDM element with Parallel after GPU Parallel 1st way, (2, 3, 3, 3) is 0.0
Calculated 2-RDM element with Parallel after GPU Parallel 1st way, (3, 0, 0, 2) is -0.015725
Calculated 2-RDM element with Parallel after GPU Parallel 1st way, (3, 0, 2, 1) is -0.0022250000000000013
Calculated 2-RDM element with Parallel after GPU Parallel 1st way, (3, 0, 3, 0) is -0.16924999999999998
Calculated 2-RDM element with Parallel after GPU Parallel 1st way, (3, 0, 3, 1) is -0.004825000000000001
Calculated 2-RDM element with Parallel after GPU Parallel 1st way, (3, 1, 0, 2) is -0.07872499999999999
Calculated 2-RDM element with Parallel after GPU Parallel 1st way, (3, 1, 0, 3) is 0.004825000000000001
Calculated 2-RDM element with Parallel after GPU Parallel 1st way, (3, 1, 1, 2) is -0.007700000000000001
Calculated 2-RDM element with Parallel after GPU Parallel 1st way, (3, 1, 3, 1) is -0.11150000000000002
Calculated 2-RDM element with Parallel after GPU Parallel 1st way, (3, 2, 2, 2) is 0.0
Calculated 2-RDM element with Parallel after GPU Parallel 1st way, (3, 2, 3, 2) is -0.05105000000000004
Calculated 2-RDM element with Parallel after GPU Parallel 1st way, (3, 3, 3, 2) is 0.0
Calculated 2-RDM element with Parallel after GPU Parallel 1st way, (3, 3, 3, 3) is 0.0
Execution time of get_two_rdm_Parallel: 4.162837266921997 seconds
Calculated 2-RDM element with Parallel after GPU Parallel 2nd way, (0, 0, 0, 0) is 0.0
Calculated 2-RDM element with Parallel after GPU Parallel 2nd way, (0, 0, 0, 1) is 0.0
Calculated 2-RDM element with Parallel after GPU Parallel 2nd way, (0, 0, 1, 1) is 0.0
Calculated 2-RDM element with Parallel after GPU Parallel 2nd way, (0, 1, 0, 1) is -0.11089999999999994
Calculated 2-RDM element with Parallel after GPU Parallel 2nd way, (0, 1, 1, 1) is 0.0
Calculated 2-RDM element with Parallel after GPU Parallel 2nd way, (0, 2, 0, 2) is -0.7192000000000001
Calculated 2-RDM element with Parallel after GPU Parallel 2nd way, (0, 2, 0, 3) is 0.007775
Calculated 2-RDM element with Parallel after GPU Parallel 2nd way, (0, 2, 1, 2) is -0.043975
Calculated 2-RDM element with Parallel after GPU Parallel 2nd way, (0, 2, 1, 3) is 0.07942500000000001
Calculated 2-RDM element with Parallel after GPU Parallel 2nd way, (0, 3, 0, 3) is -0.15994999999999998
Calculated 2-RDM element with Parallel after GPU Parallel 2nd way, (0, 3, 1, 2) is -0.0009250000000000005
Calculated 2-RDM element with Parallel after GPU Parallel 2nd way, (0, 3, 1, 3) is -0.006575000000000001
Calculated 2-RDM element with Parallel after GPU Parallel 2nd way, (0, 3, 2, 0) is -0.007775
Calculated 2-RDM element with Parallel after GPU Parallel 2nd way, (1, 0, 0, 0) is 0.0
Calculated 2-RDM element with Parallel after GPU Parallel 2nd way, (1, 0, 1, 0) is -0.1109
Calculated 2-RDM element with Parallel after GPU Parallel 2nd way, (1, 1, 1, 0) is 0.0
Calculated 2-RDM element with Parallel after GPU Parallel 2nd way, (1, 1, 1, 1) is 0.0
Calculated 2-RDM element with Parallel after GPU Parallel 2nd way, (1, 2, 1, 2) is -0.06770000000000004
Calculated 2-RDM element with Parallel after GPU Parallel 2nd way, (1, 2, 1, 3) is 0.004
Calculated 2-RDM element with Parallel after GPU Parallel 2nd way, (1, 2, 2, 0) is 0.043975
Calculated 2-RDM element with Parallel after GPU Parallel 2nd way, (1, 2, 3, 0) is 0.0009250000000000005
Calculated 2-RDM element with Parallel after GPU Parallel 2nd way, (1, 3, 1, 3) is -0.10815
Calculated 2-RDM element with Parallel after GPU Parallel 2nd way, (1, 3, 2, 0) is -0.079425
Calculated 2-RDM element with Parallel after GPU Parallel 2nd way, (1, 3, 2, 1) is -0.003999999999999999
Calculated 2-RDM element with Parallel after GPU Parallel 2nd way, (1, 3, 3, 0) is 0.006575000000000003
Calculated 2-RDM element with Parallel after GPU Parallel 2nd way, (2, 0, 2, 0) is -0.7192000000000001
Calculated 2-RDM element with Parallel after GPU Parallel 2nd way, (2, 0, 2, 1) is -0.043975
Calculated 2-RDM element with Parallel after GPU Parallel 2nd way, (2, 0, 3, 0) is 0.007775
Calculated 2-RDM element with Parallel after GPU Parallel 2nd way, (2, 0, 3, 1) is 0.07942500000000001
Calculated 2-RDM element with Parallel after GPU Parallel 2nd way, (2, 1, 0, 2) is 0.043975
Calculated 2-RDM element with Parallel after GPU Parallel 2nd way, (2, 1, 0, 3) is 0.0009250000000000005
Calculated 2-RDM element with Parallel after GPU Parallel 2nd way, (2, 1, 2, 1) is -0.06770000000000001
Calculated 2-RDM element with Parallel after GPU Parallel 2nd way, (2, 1, 3, 1) is 0.004
Calculated 2-RDM element with Parallel after GPU Parallel 2nd way, (2, 2, 2, 2) is 0.0
Calculated 2-RDM element with Parallel after GPU Parallel 2nd way, (2, 2, 2, 3) is 0.0
Calculated 2-RDM element with Parallel after GPU Parallel 2nd way, (2, 2, 3, 3) is 0.0
Calculated 2-RDM element with Parallel after GPU Parallel 2nd way, (2, 3, 2, 3) is -0.049000000000000016
Calculated 2-RDM element with Parallel after GPU Parallel 2nd way, (2, 3, 3, 3) is 0.0
Calculated 2-RDM element with Parallel after GPU Parallel 2nd way, (3, 0, 0, 2) is -0.007775
Calculated 2-RDM element with Parallel after GPU Parallel 2nd way, (3, 0, 2, 1) is -0.0009250000000000005
Calculated 2-RDM element with Parallel after GPU Parallel 2nd way, (3, 0, 3, 0) is -0.15995000000000004
Calculated 2-RDM element with Parallel after GPU Parallel 2nd way, (3, 0, 3, 1) is -0.006575000000000001
Calculated 2-RDM element with Parallel after GPU Parallel 2nd way, (3, 1, 0, 2) is -0.079425
Calculated 2-RDM element with Parallel after GPU Parallel 2nd way, (3, 1, 0, 3) is 0.006575000000000003
Calculated 2-RDM element with Parallel after GPU Parallel 2nd way, (3, 1, 1, 2) is -0.003999999999999999
Calculated 2-RDM element with Parallel after GPU Parallel 2nd way, (3, 1, 3, 1) is -0.10815
Calculated 2-RDM element with Parallel after GPU Parallel 2nd way, (3, 2, 2, 2) is 0.0
Calculated 2-RDM element with Parallel after GPU Parallel 2nd way, (3, 2, 3, 2) is -0.049000000000000044
Calculated 2-RDM element with Parallel after GPU Parallel 2nd way, (3, 3, 3, 2) is 0.0
Calculated 2-RDM element with Parallel after GPU Parallel 2nd way, (3, 3, 3, 3) is 0.0
Execution time of get_two_rdm_Parallel2: 1.9357802867889404 seconds
{'IIII': 1.0, 'IIZI': 0.6642, 'IIIZ': -0.7704, 'IIZZ': -0.6824, 'IZII': -0.5708, 'IZIZ': 0.5472, 'XYII': -0.0102, 'YYII': -0.0306, 'XYIZ': -0.0088, 'YYIZ': 0.0164, 'XXII': -0.0306, 'YXII': -0.0094, 'XXIZ': 0.0018, 'YXIZ': 0.0048, 'IIXY': -0.0184, 'IZXY': -0.0084, 'IIYY': 0.1012, 'IZYY': -0.095, 'IIXX': 0.0884, 'IZXX': -0.0744, 'IIYX': 0.0, 'IZYX': -0.0104, 'XYXY': 0.1578, 'YYXY': -0.008, 'XYYY': 0.0104, 'YYYY': -0.1578, 'XXXY': 0.0038, 'YXXY': -0.1472, 'XXYY': -0.1394, 'YXYY': 0.006, 'XYXX': 0.0028, 'YYXX': -0.1612, 'XYYX': -0.1572, 'YYYX': -0.005, 'XXXX': -0.1588, 'YXXX': -0.0034, 'XXYX': 0.0194, 'YXYX': 0.1486, 'ZIII': 0.5672, 'ZIIZ': -0.5572, 'ZIXY': 0.0014, 'ZIYY': 0.069, 'ZIXX': 0.0698, 'ZIYX': 0.0086, 'IZZI': -0.6556, 'XYZI': 0.0146, 'YYZI': -0.024, 'XXZI': -0.0124, 'YXZI': -0.0058, 'ZIZI': 0.651, 'ZZII': -0.8008}
Calculated 2-RDM element with Parallel after GPU Parallel 3th way, (0, 0, 0, 0) is 0.0
Calculated 2-RDM element with Parallel after GPU Parallel 3th way, (0, 0, 0, 1) is 0.0
Calculated 2-RDM element with Parallel after GPU Parallel 3th way, (0, 0, 1, 1) is 0.0
Calculated 2-RDM element with Parallel after GPU Parallel 3th way, (0, 2, 0, 3) is 0.009925
Calculated 2-RDM element with Parallel after GPU Parallel 3th way, (0, 2, 0, 2) is -0.7221
Calculated 2-RDM element with Parallel after GPU Parallel 3th way, (0, 1, 0, 1) is -0.10594999999999996
Calculated 2-RDM element with Parallel after GPU Parallel 3th way, (0, 2, 1, 2) is -0.044875
Calculated 2-RDM element with Parallel after GPU Parallel 3th way, (0, 3, 0, 3) is -0.16149999999999995
Calculated 2-RDM element with Parallel after GPU Parallel 3th way, (1, 0, 0, 0) is 0.0
Calculated 2-RDM element with Parallel after GPU Parallel 3th way, (0, 2, 1, 3) is 0.07675
Calculated 2-RDM element with Parallel after GPU Parallel 3th way, (0, 3, 1, 2) is 0.00040000000000000105
Calculated 2-RDM element with Parallel after GPU Parallel 3th way, (1, 0, 1, 0) is -0.10594999999999996
Calculated 2-RDM element with Parallel after GPU Parallel 3th way, (0, 3, 2, 0) is -0.009925
Calculated 2-RDM element with Parallel after GPU Parallel 3th way, (0, 1, 1, 1) is 0.0
Calculated 2-RDM element with Parallel after GPU Parallel 3th way, (1, 2, 1, 2) is -0.06275
Calculated 2-RDM element with Parallel after GPU Parallel 3th way, (1, 1, 1, 0) is 0.0
Calculated 2-RDM element with Parallel after GPU Parallel 3th way, (1, 1, 1, 1) is 0.0
Calculated 2-RDM element with Parallel after GPU Parallel 3th way, (1, 2, 1, 3) is 0.0030999999999999995
Calculated 2-RDM element with Parallel after GPU Parallel 3th way, (2, 1, 0, 2) is 0.044875
Calculated 2-RDM element with Parallel after GPU Parallel 3th way, (1, 3, 2, 1) is -0.0030999999999999995
Calculated 2-RDM element with Parallel after GPU Parallel 3th way, (1, 2, 2, 0) is 0.044875
Calculated 2-RDM element with Parallel after GPU Parallel 3th way, (1, 3, 3, 0) is 0.006349999999999998
Calculated 2-RDM element with Parallel after GPU Parallel 3th way, (2, 0, 2, 1) is -0.044875
Calculated 2-RDM element with Parallel after GPU Parallel 3th way, (1, 3, 1, 3) is -0.1049
Calculated 2-RDM element with Parallel after GPU Parallel 3th way, (2, 2, 2, 2) is 0.0
Calculated 2-RDM element with Parallel after GPU Parallel 3th way, (2, 2, 3, 3) is 0.0
Calculated 2-RDM element with Parallel after GPU Parallel 3th way, (2, 1, 3, 1) is 0.0030999999999999995
Calculated 2-RDM element with Parallel after GPU Parallel 3th way, (1, 3, 2, 0) is -0.07675
Calculated 2-RDM element with Parallel after GPU Parallel 3th way, (1, 2, 3, 0) is -0.00040000000000000105
Calculated 2-RDM element with Parallel after GPU Parallel 3th way, (2, 0, 3, 1) is 0.07675
Calculated 2-RDM element with Parallel after GPU Parallel 3th way, (3, 0, 3, 1) is -0.006349999999999998
Calculated 2-RDM element with Parallel after GPU Parallel 3th way, (2, 1, 2, 1) is -0.06275
Calculated 2-RDM element with Parallel after GPU Parallel 3th way, (2, 1, 0, 3) is -0.00040000000000000105
Calculated 2-RDM element with Parallel after GPU Parallel 3th way, (3, 0, 2, 1) is 0.00040000000000000105
Calculated 2-RDM element with Parallel after GPU Parallel 3th way, (2, 2, 2, 3) is 0.0
Calculated 2-RDM element with Parallel after GPU Parallel 3th way, (0, 3, 1, 3) is -0.006349999999999998
Calculated 2-RDM element with Parallel after GPU Parallel 3th way, (3, 3, 3, 3) is 0.0
Calculated 2-RDM element with Parallel after GPU Parallel 3th way, (2, 3, 2, 3) is -0.05070000000000002
Calculated 2-RDM element with Parallel after GPU Parallel 3th way, (2, 3, 3, 3) is 0.0
Calculated 2-RDM element with Parallel after GPU Parallel 3th way, (2, 0, 3, 0) is 0.009925
Calculated 2-RDM element with Parallel after GPU Parallel 3th way, (3, 1, 3, 1) is -0.1049
Calculated 2-RDM element with Parallel after GPU Parallel 3th way, (3, 2, 3, 2) is -0.05070000000000002
Calculated 2-RDM element with Parallel after GPU Parallel 3th way, (3, 0, 3, 0) is -0.16149999999999995
Calculated 2-RDM element with Parallel after GPU Parallel 3th way, (2, 0, 2, 0) is -0.7221
Calculated 2-RDM element with Parallel after GPU Parallel 3th way, (3, 1, 0, 3) is 0.006349999999999998
Calculated 2-RDM element with Parallel after GPU Parallel 3th way, (3, 0, 0, 2) is -0.009925
Calculated 2-RDM element with Parallel after GPU Parallel 3th way, (3, 1, 1, 2) is -0.0030999999999999995
Calculated 2-RDM element with Parallel after GPU Parallel 3th way, (3, 3, 3, 2) is 0.0
Calculated 2-RDM element with Parallel after GPU Parallel 3th way, (3, 1, 0, 2) is -0.07675
Calculated 2-RDM element with Parallel after GPU Parallel 3th way, (3, 2, 2, 2) is 0.0
Execution time of get_two_rdm_Parallel3: 1.9261479377746582 seconds
Number of 'cx' gates before replacing gates: 56
Number of 'h' gates before replacing gates: 72
Number of 's' gates before replacing gates: 24
Number of 'rz' gates before replacing gates: 32
Number of 'x' gates before replacing gates: 0
Number of 'y' gates before replacing gates: 0
Number of parameterized gates before replacing gates: 0
{ParameterVectorElement(t[0]): -2.1809704931873617e-05, ParameterVectorElement(t[1]): 9.766722615036491e-05, ParameterVectorElement(t[2]): -0.10494807144581145}
Total parameter gates replaced: 0
Number of 'cx' gates after replacing gates: 56
Number of 'h' gates after replacing gates: 72
Number of 's' gates after replacing gates: 24
Number of 'rz' gates after replacing gates: 32
Number of 'x' gates after replacing gates: 0
Number of 'y' gates after replacing gates: 0
Number of 'z' gates after replacing gates: 0
Gate replacement successful.
Calculated 1-RDM element with wavefunction (0, 0) is 0.9890262789363258
Calculated 1-RDM element with wavefunction (0, 3) is -1.0291297145816903e-16
Calculated 1-RDM element with wavefunction (0, 1) is 3.1920889599215526e-05
Calculated 1-RDM element with wavefunction (1, 2) is -1.6814480483758082e-16
Calculated 1-RDM element with wavefunction (1, 1) is 0.010973721063662395
Calculated 1-RDM element with wavefunction (1, 0) is 3.1920889599215526e-05
Calculated 1-RDM element with wavefunction (1, 3) is 1.373235637660409e-20
Calculated 1-RDM element with wavefunction (3, 2) is -9.941454790521884e-05
Calculated 1-RDM element with wavefunction (3, 3) is 0.0109737301268862
Calculated 1-RDM element with wavefunction (0, 2) is -4.972856300084065e-21
Calculated 1-RDM element with wavefunction (2, 1) is -1.6814480483758082e-16
Calculated 1-RDM element with wavefunction (3, 1) is 1.373235637660409e-20
Calculated 1-RDM element with wavefunction (3, 0) is -1.0291297145816903e-16
Calculated 1-RDM element with wavefunction (2, 2) is 0.9890262698731019
Calculated 1-RDM element with wavefunction (2, 0) is -4.972856300084065e-21
Calculated 1-RDM element with wavefunction (2, 3) is -9.941454790521884e-05
Execution time of get_one_rdm_wavefunction: 0.06896805763244629 seconds
Calculated 2-RDM element with wavefunction (0, 0, 0, 0) is 0.0
Calculated 2-RDM element with wavefunction (0, 0, 0, 1) is 0.0
Calculated 2-RDM element with wavefunction (0, 0, 1, 1) is 0.0
Calculated 2-RDM element with wavefunction (0, 1, 0, 1) is -9.797413461859246e-32
Calculated 2-RDM element with wavefunction (0, 2, 1, 3) is 0.1041791626696946
Calculated 2-RDM element with wavefunction (0, 2, 0, 2) is -0.9890262693974388
Calculated 2-RDM element with wavefunction (0, 2, 1, 2) is -2.1689707801519054e-05
Calculated 2-RDM element with wavefunction (0, 1, 1, 1) is 0.0
Calculated 2-RDM element with wavefunction (1, 1, 1, 0) is 0.0
Calculated 2-RDM element with wavefunction (0, 2, 0, 3) is 9.712986076673741e-05
Calculated 2-RDM element with wavefunction (1, 2, 1, 3) is 2.2846871384814294e-06
Calculated 2-RDM element with wavefunction (0, 3, 1, 3) is -1.0231181797696474e-05
Calculated 2-RDM element with wavefunction (1, 0, 1, 0) is -9.797413461859246e-32
Calculated 2-RDM element with wavefunction (1, 2, 2, 0) is 2.1689707801519054e-05
Calculated 2-RDM element with wavefunction (0, 3, 0, 3) is -9.538887029071086e-09
Calculated 2-RDM element with wavefunction (1, 1, 1, 1) is 0.0
Calculated 2-RDM element with wavefunction (1, 3, 2, 1) is -2.2846871384814294e-06
Calculated 2-RDM element with wavefunction (1, 2, 3, 0) is -2.1300933696293788e-09
Calculated 2-RDM element with wavefunction (2, 0, 2, 0) is -0.9890262693974388
Calculated 2-RDM element with wavefunction (0, 3, 2, 0) is -9.712986076673741e-05
Calculated 2-RDM element with wavefunction (2, 0, 3, 0) is 9.712986076673741e-05
Calculated 2-RDM element with wavefunction (1, 3, 2, 0) is -0.1041791626696946
Calculated 2-RDM element with wavefunction (1, 2, 1, 2) is -4.756632245995779e-10
Calculated 2-RDM element with wavefunction (2, 1, 0, 3) is -2.1300933696293788e-09
Calculated 2-RDM element with wavefunction (2, 0, 2, 1) is -2.1689707801519054e-05
Calculated 2-RDM element with wavefunction (2, 1, 3, 1) is 2.2846871384814294e-06
Calculated 2-RDM element with wavefunction (2, 3, 3, 3) is 0.0
Calculated 2-RDM element with wavefunction (2, 0, 3, 1) is 0.1041791626696946
Calculated 2-RDM element with wavefunction (1, 0, 0, 0) is 0.0
Calculated 2-RDM element with wavefunction (3, 1, 0, 3) is 1.0231181797696474e-05
Calculated 2-RDM element with wavefunction (3, 0, 3, 1) is -1.0231181797696474e-05
Calculated 2-RDM element with wavefunction (3, 1, 1, 2) is -2.2846871384814294e-06
Calculated 2-RDM element with wavefunction (3, 0, 3, 0) is -9.538887029071086e-09
Calculated 2-RDM element with wavefunction (0, 3, 1, 2) is 2.1300933696293788e-09
Calculated 2-RDM element with wavefunction (3, 0, 0, 2) is -9.712986076673741e-05
Calculated 2-RDM element with wavefunction (1, 3, 3, 0) is 1.0231181797696474e-05
Calculated 2-RDM element with wavefunction (3, 0, 2, 1) is 2.1300933696293788e-09
Calculated 2-RDM element with wavefunction (2, 2, 2, 2) is 0.0
Calculated 2-RDM element with wavefunction (3, 1, 3, 1) is -0.010973720587999171
Calculated 2-RDM element with wavefunction (2, 1, 0, 2) is 2.1689707801519054e-05
Calculated 2-RDM element with wavefunction (1, 3, 1, 3) is -0.010973720587999171
Calculated 2-RDM element with wavefunction (3, 3, 3, 3) is 0.0
Calculated 2-RDM element with wavefunction (2, 2, 2, 3) is 0.0
Calculated 2-RDM element with wavefunction (2, 2, 3, 3) is 0.0
Calculated 2-RDM element with wavefunction (2, 1, 2, 1) is -4.756632245995779e-10
Calculated 2-RDM element with wavefunction (3, 1, 0, 2) is -0.1041791626696946
Calculated 2-RDM element with wavefunction (2, 3, 2, 3) is -6.411678614693875e-32
Calculated 2-RDM element with wavefunction (3, 2, 3, 2) is -6.411678614693875e-32
Calculated 2-RDM element with wavefunction (3, 2, 2, 2) is 0.0
Calculated 2-RDM element with wavefunction (3, 3, 3, 2) is 0.0
Execution time of get_two_rdm_wavefunction: 0.1914823055267334 seconds
Calculated 2-RDM element (0, 1, 1, 1) is 0.0
Calculated 2-RDM element (0, 0, 1, 1) is 0.0
Calculated 2-RDM element (0, 0, 0, 0) is 0.0
Calculated 2-RDM element (1, 0, 0, 0) is 0.0
Calculated 2-RDM element (0, 0, 0, 1) is 0.0
Calculated 2-RDM element (2, 2, 2, 3) is 0.0
Calculated 2-RDM element (2, 2, 2, 2) is 0.0
Calculated 2-RDM element (1, 1, 1, 0) is 0.0
Calculated 2-RDM element (2, 3, 3, 3) is 0.0
Calculated 2-RDM element (1, 1, 1, 1) is 0.0
Calculated 2-RDM element (2, 2, 3, 3) is 0.0
Calculated 2-RDM element (3, 2, 2, 2) is 0.0
Calculated 2-RDM element (3, 3, 3, 2) is 0.0
Calculated 2-RDM element (3, 3, 3, 3) is 0.0
Calculated 2-RDM element (0, 1, 0, 1) is -0.11195000000000002
Calculated 2-RDM element (0, 2, 0, 2) is -0.7281
Calculated 2-RDM element (1, 3, 1, 3) is -0.10260000000000002
Calculated 2-RDM element (0, 3, 0, 3) is -0.16235000000000002
Calculated 2-RDM element (1, 0, 1, 0) is -0.11155000000000001
Calculated 2-RDM element (1, 2, 1, 2) is -0.05915000000000001
Calculated 2-RDM element (2, 1, 2, 1) is -0.06739999999999999
Calculated 2-RDM element (2, 0, 2, 0) is -0.7301
Calculated 2-RDM element (3, 1, 3, 1) is -0.10450000000000001
Calculated 2-RDM element (2, 3, 2, 3) is -0.05295
Calculated 2-RDM element (3, 0, 3, 0) is -0.16684999999999997
Calculated 2-RDM element (3, 2, 3, 2) is -0.05099999999999999
Calculated 2-RDM element (1, 3, 2, 1) is -0.0015500000000000002
Calculated 2-RDM element (1, 2, 1, 3) is 0.0042
Calculated 2-RDM element (2, 0, 2, 1) is -0.002325
Calculated 2-RDM element (2, 1, 0, 2) is 0.0006999999999999998
Calculated 2-RDM element (2, 0, 3, 0) is -0.003275
Calculated 2-RDM element (0, 3, 2, 0) is -0.0013750000000000001
Calculated 2-RDM element (0, 2, 1, 2) is 0.0014499999999999997
Calculated 2-RDM element (1, 3, 3, 0) is -0.0017999999999999997
Calculated 2-RDM element (0, 3, 1, 3) is -0.004575
Calculated 2-RDM element (2, 1, 3, 1) is -0.00015000000000000007
Calculated 2-RDM element (3, 0, 0, 2) is -0.0003750000000000001
Calculated 2-RDM element (1, 2, 2, 0) is 0.00019999999999999966
Calculated 2-RDM element (0, 2, 0, 3) is 0.002175
Calculated 2-RDM element (3, 0, 3, 1) is -0.0010000000000000002
Calculated 2-RDM element (3, 1, 1, 2) is 2.5000000000000066e-05
Calculated 2-RDM element (3, 1, 0, 3) is 0.0026
Calculated 2-RDM element (0, 2, 1, 3) is 0.060950000000000004
Calculated 2-RDM element (2, 0, 3, 1) is 0.0597125
Calculated 2-RDM element (0, 3, 1, 2) is 0.0007874999999999991
Calculated 2-RDM element (2, 1, 0, 3) is 0.0026249999999999997
Calculated 2-RDM element (1, 3, 2, 0) is -0.0604375
Calculated 2-RDM element (3, 0, 2, 1) is 0.0010375000000000002
Calculated 2-RDM element (3, 1, 0, 2) is -0.058800000000000005
Calculated 2-RDM element (1, 2, 3, 0) is 0.0008000000000000012
Execution time of get_two_rdm: 12.739558696746826 seconds
Calculated 1-RDM element (0, 0) is 0.8946000000000001
Calculated 1-RDM element (1, 1) is 0.16749999999999998
Calculated 1-RDM element (3, 3) is 0.22410000000000002
Calculated 1-RDM element (2, 2) is 0.7838
Calculated 1-RDM element (0, 1) is -0.0081
Calculated 1-RDM element (0, 3) is -0.0008500000000000003
Calculated 1-RDM element (0, 2) is 9.999999999999996e-05
Calculated 1-RDM element (1, 3) is 0.0072
Calculated 1-RDM element (2, 3) is 0.0021999999999999997
Calculated 1-RDM element (2, 1) is 5.000000000000002e-05
Calculated 1-RDM element (1, 0) is 0.00355
Calculated 1-RDM element (1, 2) is 0.0048000000000000004
Calculated 1-RDM element (2, 0) is -0.0004499999999999999
Calculated 1-RDM element (3, 2) is -0.005
Calculated 1-RDM element (3, 0) is 0.002
Calculated 1-RDM element (3, 1) is -0.00165
Execution time of get_one_rdm: 2.1366546154022217 seconds
Calculated 2-RDM element (0, 0, 0, 0) is 0.0
Calculated 2-RDM element (0, 0, 1, 1) is 0.0
Calculated 2-RDM element (0, 1, 1, 1) is 0.0
Calculated 2-RDM element (1, 1, 1, 0) is 0.0
Calculated 2-RDM element (0, 0, 0, 1) is 0.0
Calculated 2-RDM element (1, 0, 0, 0) is 0.0
Calculated 2-RDM element (1, 1, 1, 1) is 0.0
Calculated 2-RDM element (2, 2, 2, 2) is 0.0
Calculated 2-RDM element (2, 2, 2, 3) is 0.0
Calculated 2-RDM element (2, 2, 3, 3) is 0.0
Calculated 2-RDM element (2, 3, 3, 3) is 0.0
Calculated 2-RDM element (3, 2, 2, 2) is 0.0
Calculated 2-RDM element (3, 3, 3, 3) is 0.0
Calculated 2-RDM element (3, 3, 3, 2) is 0.0
Calculated 2-RDM element (0, 1, 0, 1) is -1.7763568394002505e-15
Calculated 2-RDM element (1, 0, 1, 0) is -1.7763568394002505e-15
Calculated 2-RDM element (2, 1, 2, 1) is -4.756649518711242e-10
Calculated 2-RDM element (2, 0, 2, 0) is -0.9890262693974381
Calculated 2-RDM element (0, 3, 0, 3) is -9.538888762206099e-09
Calculated 2-RDM element (0, 2, 0, 2) is -0.9890262693974381
Calculated 2-RDM element (1, 2, 1, 2) is -4.756649518711242e-10
Calculated 2-RDM element (2, 3, 2, 3) is -1.7763568394002505e-15
Calculated 2-RDM element (1, 3, 1, 3) is -0.010973720588000946
Calculated 2-RDM element (3, 0, 3, 0) is -9.538888762206099e-09
Calculated 2-RDM element (3, 1, 3, 1) is -0.010973720588000946
Calculated 2-RDM element (3, 2, 3, 2) is -1.7763568394002505e-15
Calculated 2-RDM element (0, 2, 1, 2) is -2.168970780173585e-05
Calculated 2-RDM element (2, 1, 0, 2) is 2.168970780173585e-05
Calculated 2-RDM element (1, 2, 1, 3) is 2.284687138504266e-06
Calculated 2-RDM element (0, 2, 0, 3) is 9.712986076641553e-05
Calculated 2-RDM element (1, 3, 3, 0) is 1.0231181797662567e-05
Calculated 2-RDM element (0, 3, 2, 0) is -9.712986076641553e-05
Calculated 2-RDM element (2, 1, 3, 1) is 2.284687138504266e-06
Calculated 2-RDM element (1, 2, 2, 0) is 2.168970780173585e-05
Calculated 2-RDM element (0, 3, 1, 3) is -1.0231181797662567e-05
Calculated 2-RDM element (2, 0, 3, 0) is 9.712986076641553e-05
Calculated 2-RDM element (1, 3, 2, 1) is -2.284687138504266e-06
Calculated 2-RDM element (2, 0, 2, 1) is -2.168970780173585e-05
Calculated 2-RDM element (3, 0, 3, 1) is -1.0231181797662567e-05
Calculated 2-RDM element (3, 1, 1, 2) is -2.284687138504266e-06
Calculated 2-RDM element (3, 0, 0, 2) is -9.712986076641553e-05
Calculated 2-RDM element (3, 1, 0, 3) is 1.0231181797662567e-05
Calculated 2-RDM element (0, 3, 1, 2) is 2.1300933655821197e-09
Calculated 2-RDM element (0, 2, 1, 3) is 0.10417916266969435
Calculated 2-RDM element (3, 0, 2, 1) is 2.1300933655821197e-09
Calculated 2-RDM element (1, 2, 3, 0) is -2.1300933655821197e-09
Calculated 2-RDM element (1, 3, 2, 0) is -0.10417916266969435
Calculated 2-RDM element (2, 1, 0, 3) is -2.1300933655821197e-09
Calculated 2-RDM element (2, 0, 3, 1) is 0.10417916266969435
Calculated 2-RDM element (3, 1, 0, 2) is -0.10417916266969435
Execution time of get_two_rdm: 4.873344659805298 seconds
Calculated 2-RDM element with wavefunction (0, 0, 0, 0) is 0.0
Calculated 2-RDM element with wavefunction (0, 0, 0, 1) is 0.0
Calculated 2-RDM element with wavefunction (0, 0, 1, 1) is 0.0
Calculated 2-RDM element with wavefunction (0, 1, 0, 1) is -3.8300192880508065e-32
Calculated 2-RDM element with wavefunction (0, 2, 0, 2) is -0.9890262693974363
Calculated 2-RDM element with wavefunction (0, 1, 1, 1) is 0.0
Calculated 2-RDM element with wavefunction (0, 3, 1, 2) is 2.1300933696436162e-09
Calculated 2-RDM element with wavefunction (1, 1, 1, 0) is 0.0
Calculated 2-RDM element with wavefunction (0, 3, 1, 3) is -1.0231181797662567e-05
Calculated 2-RDM element with wavefunction (1, 2, 1, 2) is -4.75663224609088e-10
Calculated 2-RDM element with wavefunction (1, 0, 0, 0) is 0.0
Calculated 2-RDM element with wavefunction (1, 1, 1, 1) is 0.0
Calculated 2-RDM element with wavefunction (0, 3, 2, 0) is -9.712986076641553e-05
Calculated 2-RDM element with wavefunction (0, 2, 1, 3) is 0.10417916266969433
Calculated 2-RDM element with wavefunction (2, 0, 2, 0) is -0.9890262693974363
Calculated 2-RDM element with wavefunction (1, 2, 3, 0) is -2.1300933696436162e-09
Calculated 2-RDM element with wavefunction (0, 2, 1, 2) is -2.168970780173585e-05
Calculated 2-RDM element with wavefunction (2, 0, 2, 1) is -2.168970780173585e-05
Calculated 2-RDM element with wavefunction (1, 3, 1, 3) is -0.010973720587999143
Calculated 2-RDM element with wavefunction (0, 3, 0, 3) is -9.538887029007888e-09
Calculated 2-RDM element with wavefunction (1, 0, 1, 0) is -3.8300192880508065e-32
Calculated 2-RDM element with wavefunction (2, 1, 2, 1) is -4.75663224609088e-10
Calculated 2-RDM element with wavefunction (2, 2, 2, 3) is 0.0
Calculated 2-RDM element with wavefunction (2, 1, 3, 1) is 2.2846871385042654e-06
Calculated 2-RDM element with wavefunction (3, 0, 3, 0) is -9.538887029007888e-09
Calculated 2-RDM element with wavefunction (1, 3, 2, 0) is -0.10417916266969433
Calculated 2-RDM element with wavefunction (0, 2, 0, 3) is 9.712986076641553e-05
Calculated 2-RDM element with wavefunction (2, 0, 3, 1) is 0.10417916266969433
Calculated 2-RDM element with wavefunction (2, 1, 0, 2) is 2.168970780173585e-05
Calculated 2-RDM element with wavefunction (1, 3, 3, 0) is 1.0231181797662567e-05
Calculated 2-RDM element with wavefunction (2, 0, 3, 0) is 9.712986076641553e-05
Calculated 2-RDM element with wavefunction (1, 2, 2, 0) is 2.168970780173585e-05
Calculated 2-RDM element with wavefunction (2, 3, 3, 3) is 0.0
Calculated 2-RDM element with wavefunction (1, 3, 2, 1) is -2.2846871385042654e-06
Calculated 2-RDM element with wavefunction (3, 0, 0, 2) is -9.712986076641553e-05
Calculated 2-RDM element with wavefunction (3, 1, 3, 1) is -0.010973720587999143
Calculated 2-RDM element with wavefunction (2, 2, 2, 2) is 0.0
Calculated 2-RDM element with wavefunction (2, 3, 2, 3) is -5.582574897863424e-32
Calculated 2-RDM element with wavefunction (3, 0, 2, 1) is 2.1300933696436162e-09
Calculated 2-RDM element with wavefunction (3, 0, 3, 1) is -1.0231181797662567e-05
Calculated 2-RDM element with wavefunction (2, 2, 3, 3) is 0.0
Calculated 2-RDM element with wavefunction (2, 1, 0, 3) is -2.1300933696436162e-09
Calculated 2-RDM element with wavefunction (3, 1, 0, 2) is -0.10417916266969433
Calculated 2-RDM element with wavefunction (3, 1, 0, 3) is 1.0231181797662567e-05
Calculated 2-RDM element with wavefunction (3, 1, 1, 2) is -2.2846871385042654e-06
Calculated 2-RDM element with wavefunction (3, 3, 3, 3) is 0.0
Calculated 2-RDM element with wavefunction (1, 2, 1, 3) is 2.2846871385042654e-06
Calculated 2-RDM element with wavefunction (3, 3, 3, 2) is 0.0
Calculated 2-RDM element with wavefunction (3, 2, 3, 2) is -5.582574897863424e-32
Calculated 2-RDM element with wavefunction (3, 2, 2, 2) is 0.0
Execution time of get_two_rdm_wavefunction: 0.14631295204162598 seconds
Calculated 2-RDM element (0, 0, 1, 1) is 0.0
Calculated 2-RDM element (0, 0, 0, 1) is 0.0
Calculated 2-RDM element (0, 0, 0, 0) is 0.0
Calculated 2-RDM element (0, 1, 1, 1) is 0.0
Calculated 2-RDM element (1, 1, 1, 1) is 0.0
Calculated 2-RDM element (1, 1, 1, 0) is 0.0
Calculated 2-RDM element (1, 0, 0, 0) is 0.0
Calculated 2-RDM element (2, 2, 2, 2) is 0.0
Calculated 2-RDM element (2, 2, 3, 3) is 0.0
Calculated 2-RDM element (2, 2, 2, 3) is 0.0
Calculated 2-RDM element (2, 3, 3, 3) is 0.0
Calculated 2-RDM element (3, 2, 2, 2) is 0.0
Calculated 2-RDM element (3, 3, 3, 2) is 0.0
Calculated 2-RDM element (3, 3, 3, 3) is 0.0
Calculated 2-RDM element (0, 1, 0, 1) is -0.11005000000000001
Calculated 2-RDM element (0, 2, 0, 2) is -0.7180500000000001
Calculated 2-RDM element (0, 3, 0, 3) is -0.16289999999999996
Calculated 2-RDM element (1, 0, 1, 0) is -0.11030000000000001
Calculated 2-RDM element (1, 2, 1, 2) is -0.05449999999999999
Calculated 2-RDM element (2, 0, 2, 0) is -0.71875
Calculated 2-RDM element (1, 3, 1, 3) is -0.10995000000000002
Calculated 2-RDM element (2, 1, 2, 1) is -0.06739999999999999
Calculated 2-RDM element (2, 3, 2, 3) is -0.04895000000000002
Calculated 2-RDM element (3, 0, 3, 0) is -0.16260000000000005
Calculated 2-RDM element (3, 1, 3, 1) is -0.1058
Calculated 2-RDM element (3, 2, 3, 2) is -0.0524
Calculated 2-RDM element (0, 2, 1, 2) is -0.038375
Calculated 2-RDM element (0, 2, 0, 3) is 0.014450000000000001
Calculated 2-RDM element (0, 3, 2, 0) is -0.011325
Calculated 2-RDM element (1, 2, 2, 0) is 0.040175
Calculated 2-RDM element (0, 3, 1, 3) is -0.005924999999999998
Calculated 2-RDM element (1, 2, 1, 3) is 0.007824999999999999
Calculated 2-RDM element (1, 3, 2, 1) is -0.009075
Calculated 2-RDM element (2, 0, 3, 0) is 0.01495
Calculated 2-RDM element (2, 0, 2, 1) is -0.039775
Calculated 2-RDM element (2, 1, 3, 1) is 0.002775
Calculated 2-RDM element (1, 3, 3, 0) is 0.005825
Calculated 2-RDM element (3, 0, 0, 2) is -0.01015
Calculated 2-RDM element (2, 1, 0, 2) is 0.043
Calculated 2-RDM element (3, 1, 1, 2) is -0.005299999999999999
Calculated 2-RDM element (3, 1, 0, 3) is 0.003525000000000002
Calculated 2-RDM element (3, 0, 3, 1) is -0.0016750000000000011
Calculated 2-RDM element (0, 3, 1, 2) is -0.0020125000000000004
Calculated 2-RDM element (2, 1, 0, 3) is -0.002799999999999995
Calculated 2-RDM element (0, 2, 1, 3) is 0.0822875
Calculated 2-RDM element (1, 2, 3, 0) is 0.0015124999999999948
Calculated 2-RDM element (2, 0, 3, 1) is 0.078375
Calculated 2-RDM element (1, 3, 2, 0) is -0.07815
Calculated 2-RDM element (3, 1, 0, 2) is -0.0773875
Calculated 2-RDM element (3, 0, 2, 1) is 0.002937500000000001
Execution time of get_two_rdm: 10.134085416793823 seconds
{'IIII': 1.0, 'IIZI': 0.6626, 'IIIZ': -0.7726, 'IIZZ': -0.6816, 'IZII': -0.545, 'IZIZ': 0.5458, 'XYII': -0.0186, 'YYII': -0.043, 'XYIZ': 0.008, 'YYIZ': 0.0166, 'XXII': -0.0518, 'YXII': -0.0322, 'XXIZ': 0.023, 'YXIZ': 0.0046, 'IIXY': 0.0082, 'IZXY': 0.002, 'IIYY': 0.0996, 'IZYY': -0.055, 'IIXX': 0.102, 'IZXX': -0.0592, 'IIYX': -0.0198, 'IZYX': -0.0132, 'XYXY': 0.162, 'YYXY': 0.0124, 'XYYY': 0.0074, 'YYYY': -0.1688, 'XXXY': -0.0194, 'YXXY': -0.1564, 'XXYY': -0.1802, 'YXYY': 0.0, 'XYXX': 0.0154, 'YYXX': -0.1706, 'XYYX': -0.1604, 'YYYX': 0.0116, 'XXXX': -0.1642, 'YXXX': 0.0172, 'XXYX': -0.0092, 'YXYX': 0.1588, 'ZIII': 0.5572, 'ZIIZ': -0.5628, 'ZIXY': -0.0052, 'ZIYY': 0.0694, 'ZIXX': 0.0714, 'ZIYX': 0.0076, 'IZZI': -0.6428, 'XYZI': -0.0142, 'YYZI': -0.0108, 'XXZI': -0.0202, 'YXZI': 0.0028, 'ZIZI': 0.6486, 'ZZII': -0.8024}
Calculated 2-RDM element with Parallel after GPU Parallel 1st way, (0, 0, 0, 0) is 0.0
Calculated 2-RDM element with Parallel after GPU Parallel 1st way, (0, 0, 0, 1) is 0.0
Calculated 2-RDM element with Parallel after GPU Parallel 1st way, (0, 0, 1, 1) is 0.0
Calculated 2-RDM element with Parallel after GPU Parallel 1st way, (0, 1, 0, 1) is -0.10709999999999997
Calculated 2-RDM element with Parallel after GPU Parallel 1st way, (0, 1, 1, 1) is 0.0
Calculated 2-RDM element with Parallel after GPU Parallel 1st way, (0, 2, 0, 2) is -0.7158499999999999
Calculated 2-RDM element with Parallel after GPU Parallel 1st way, (0, 2, 0, 3) is 0.0168
Calculated 2-RDM element with Parallel after GPU Parallel 1st way, (0, 2, 1, 2) is -0.039474999999999996
Calculated 2-RDM element with Parallel after GPU Parallel 1st way, (0, 2, 1, 3) is 0.0825875
Calculated 2-RDM element with Parallel after GPU Parallel 1st way, (0, 3, 0, 3) is -0.16314999999999996
Calculated 2-RDM element with Parallel after GPU Parallel 1st way, (0, 3, 1, 2) is 0.002887500000000001
Calculated 2-RDM element with Parallel after GPU Parallel 1st way, (0, 3, 1, 3) is -0.007599999999999997
Calculated 2-RDM element with Parallel after GPU Parallel 1st way, (0, 3, 2, 0) is -0.0168
Calculated 2-RDM element with Parallel after GPU Parallel 1st way, (1, 0, 0, 0) is 0.0
Calculated 2-RDM element with Parallel after GPU Parallel 1st way, (1, 0, 1, 0) is -0.10709999999999997
Calculated 2-RDM element with Parallel after GPU Parallel 1st way, (1, 1, 1, 0) is 0.0
Calculated 2-RDM element with Parallel after GPU Parallel 1st way, (1, 1, 1, 1) is 0.0
Calculated 2-RDM element with Parallel after GPU Parallel 1st way, (1, 2, 1, 2) is -0.05989999999999998
Calculated 2-RDM element with Parallel after GPU Parallel 1st way, (1, 2, 1, 3) is 0.007975
Calculated 2-RDM element with Parallel after GPU Parallel 1st way, (1, 2, 2, 0) is 0.039475
Calculated 2-RDM element with Parallel after GPU Parallel 1st way, (1, 2, 3, 0) is -0.002887500000000001
Calculated 2-RDM element with Parallel after GPU Parallel 1st way, (1, 3, 1, 3) is -0.10719999999999999
Calculated 2-RDM element with Parallel after GPU Parallel 1st way, (1, 3, 2, 0) is -0.08258750000000001
Calculated 2-RDM element with Parallel after GPU Parallel 1st way, (1, 3, 2, 1) is -0.007975
Calculated 2-RDM element with Parallel after GPU Parallel 1st way, (1, 3, 3, 0) is 0.007599999999999997
Calculated 2-RDM element with Parallel after GPU Parallel 1st way, (2, 0, 2, 0) is -0.71585
Calculated 2-RDM element with Parallel after GPU Parallel 1st way, (2, 0, 2, 1) is -0.039474999999999996
Calculated 2-RDM element with Parallel after GPU Parallel 1st way, (2, 0, 3, 0) is 0.0168
Calculated 2-RDM element with Parallel after GPU Parallel 1st way, (2, 0, 3, 1) is 0.0825875
Calculated 2-RDM element with Parallel after GPU Parallel 1st way, (2, 1, 0, 2) is 0.039475
Calculated 2-RDM element with Parallel after GPU Parallel 1st way, (2, 1, 0, 3) is -0.002887500000000001
Calculated 2-RDM element with Parallel after GPU Parallel 1st way, (2, 1, 2, 1) is -0.05990000000000001
Calculated 2-RDM element with Parallel after GPU Parallel 1st way, (2, 1, 3, 1) is 0.007975
Calculated 2-RDM element with Parallel after GPU Parallel 1st way, (2, 2, 2, 2) is 0.0
Calculated 2-RDM element with Parallel after GPU Parallel 1st way, (2, 2, 2, 3) is 0.0
Calculated 2-RDM element with Parallel after GPU Parallel 1st way, (2, 2, 3, 3) is 0.0
Calculated 2-RDM element with Parallel after GPU Parallel 1st way, (2, 3, 2, 3) is -0.04635
Calculated 2-RDM element with Parallel after GPU Parallel 1st way, (2, 3, 3, 3) is 0.0
Calculated 2-RDM element with Parallel after GPU Parallel 1st way, (3, 0, 0, 2) is -0.0168
Calculated 2-RDM element with Parallel after GPU Parallel 1st way, (3, 0, 2, 1) is 0.002887500000000001
Calculated 2-RDM element with Parallel after GPU Parallel 1st way, (3, 0, 3, 0) is -0.16314999999999996
Calculated 2-RDM element with Parallel after GPU Parallel 1st way, (3, 0, 3, 1) is -0.007599999999999997
Calculated 2-RDM element with Parallel after GPU Parallel 1st way, (3, 1, 0, 2) is -0.08258750000000001
Calculated 2-RDM element with Parallel after GPU Parallel 1st way, (3, 1, 0, 3) is 0.007599999999999997
Calculated 2-RDM element with Parallel after GPU Parallel 1st way, (3, 1, 1, 2) is -0.007975
Calculated 2-RDM element with Parallel after GPU Parallel 1st way, (3, 1, 3, 1) is -0.10719999999999999
Calculated 2-RDM element with Parallel after GPU Parallel 1st way, (3, 2, 2, 2) is 0.0
Calculated 2-RDM element with Parallel after GPU Parallel 1st way, (3, 2, 3, 2) is -0.046349999999999975
Calculated 2-RDM element with Parallel after GPU Parallel 1st way, (3, 3, 3, 2) is 0.0
Calculated 2-RDM element with Parallel after GPU Parallel 1st way, (3, 3, 3, 3) is 0.0
Execution time of get_two_rdm_Parallel: 1.7711477279663086 seconds
Calculated 1-RDM element (1, 1) is 0.010973721063665898
Calculated 1-RDM element (0, 0) is 0.9890262789363269
Calculated 1-RDM element (2, 2) is 0.989026269873103
Calculated 1-RDM element (3, 3) is 0.010973730126889736
Calculated 1-RDM element (0, 1) is 3.192088959939842e-05
Calculated 1-RDM element (1, 2) is -1.1402559554005734e-16
Calculated 1-RDM element (0, 3) is -4.895829734439289e-17
Calculated 1-RDM element (1, 0) is 3.192088959939842e-05
Calculated 1-RDM element (2, 3) is -9.941454790491979e-05
Calculated 1-RDM element (2, 0) is -1.2549106399580282e-21
Calculated 1-RDM element (3, 1) is 9.992316504463396e-21
Calculated 1-RDM element (2, 1) is -1.1402559554005734e-16
Calculated 1-RDM element (1, 3) is 9.992316504463396e-21
Calculated 1-RDM element (0, 2) is -1.2549106399580282e-21
Calculated 1-RDM element (3, 0) is -4.895829734439289e-17
Calculated 1-RDM element (3, 2) is -9.941454790491979e-05
Execution time of get_one_rdm: 0.8961286544799805 seconds
Calculated 1-RDM element with wavefunction (0, 0) is 0.9890262789363233
Calculated 1-RDM element with wavefunction (0, 1) is 3.192088959939842e-05
Calculated 1-RDM element with wavefunction (0, 3) is -4.895829734439288e-17
Calculated 1-RDM element with wavefunction (0, 2) is -1.2549106399582328e-21
Calculated 1-RDM element with wavefunction (2, 0) is -1.2549106399582328e-21
Calculated 1-RDM element with wavefunction (2, 3) is -9.941454790491979e-05
Calculated 1-RDM element with wavefunction (2, 1) is -1.1402559554005734e-16
Calculated 1-RDM element with wavefunction (1, 3) is 9.992316504463393e-21
Calculated 1-RDM element with wavefunction (1, 0) is 3.192088959939842e-05
Calculated 1-RDM element with wavefunction (3, 0) is -4.895829734439288e-17
Calculated 1-RDM element with wavefunction (1, 2) is -1.1402559554005734e-16
Calculated 1-RDM element with wavefunction (1, 1) is 0.010973721063662368
Calculated 1-RDM element with wavefunction (3, 2) is -9.941454790491979e-05
Calculated 1-RDM element with wavefunction (3, 3) is 0.010973730126886173
Calculated 1-RDM element with wavefunction (2, 2) is 0.9890262698730995
Calculated 1-RDM element with wavefunction (3, 1) is 9.992316504463393e-21
Execution time of get_one_rdm_wavefunction: 0.06730127334594727 seconds
Calculated 1-RDM element (1, 1) is 0.17070000000000002
Calculated 1-RDM element (0, 0) is 0.8861
Calculated 1-RDM element (2, 2) is 0.7781
Calculated 1-RDM element (3, 3) is 0.2224
Calculated 1-RDM element (0, 1) is 0.0542
Calculated 1-RDM element (1, 0) is 0.0516
Calculated 1-RDM element (0, 2) is 0.0011
Calculated 1-RDM element (1, 3) is 0.00215
Calculated 1-RDM element (2, 3) is -0.022850000000000002
Calculated 1-RDM element (2, 0) is 0.0035499999999999998
Calculated 1-RDM element (1, 2) is 0.0033
Calculated 1-RDM element (2, 1) is -0.005
Calculated 1-RDM element (3, 0) is 0.0048000000000000004
Calculated 1-RDM element (0, 3) is -0.002
Calculated 1-RDM element (3, 2) is -0.010950000000000001
Calculated 1-RDM element (3, 1) is -0.0033
Execution time of get_one_rdm: 1.9092085361480713 seconds
--- [DONE]  Processing for d = 0.70. Data saved. ---
--- [START] Processing for d = 0.8 ---
Attempting to load file: /home/u2600410/H2/H2_0.8_sto-3g.pkl
Using CPU for noisy estimator...
Number of qubits: 4
Execution time of Gene_Qiskit_VQE_hamiltonian: 0.0007927417755126953 seconds
VQE Optimal Energy: -1.13414766
{   'aux_operators_evaluated': None,
    'cost_function_evals': 45,
    'eigenvalue': -1.13414765842916,
    'optimal_circuit': <qiskit_nature.second_q.circuit.library.ansatzes.uccsd.UCCSD object at 0x154c79cf1b20>,
    'optimal_parameters': {   ParameterVectorElement(t[2]): -0.1255964782324845,
                              ParameterVectorElement(t[1]): -1.0204160381828951e-06,
                              ParameterVectorElement(t[0]): -9.94943072745885e-06},
    'optimal_point': array([-9.94943073e-06, -1.02041604e-06, -1.25596478e-01]),
    'optimal_value': -1.13414765842916,
    'optimizer_evals': None,
    'optimizer_result': <qiskit_algorithms.optimizers.optimizer.OptimizerResult object at 0x154c79c28ce0>,
    'optimizer_time': 1.3378455638885498}
VQE Optimal Energy: -0.82390879
{   'aux_operators_evaluated': None,
    'cost_function_evals': 37,
    'eigenvalue': -0.8239087877816962,
    'optimal_circuit': <qiskit_nature.second_q.circuit.library.ansatzes.uccsd.UCCSD object at 0x154c7b87b200>,
    'optimal_parameters': {   ParameterVectorElement(t[0]): -0.06326995506587897,
                              ParameterVectorElement(t[1]): 0.09417358698875436,
                              ParameterVectorElement(t[2]): -0.1511707653237952},
    'optimal_point': array([-0.06326996,  0.09417359, -0.15117077]),
    'optimal_value': -0.8239087877816962,
    'optimizer_evals': None,
    'optimizer_result': <qiskit_algorithms.optimizers.optimizer.OptimizerResult object at 0x154c7a11f3b0>,
    'optimizer_time': 6.079179048538208}
{'IIII': 1.0, 'IIZI': 0.6526, 'IIIZ': -0.766, 'IIZZ': -0.6826, 'IZII': -0.538, 'IZIZ': 0.5384, 'XYII': -0.01, 'YYII': -0.1292, 'XYIZ': -0.0024, 'YYIZ': 0.0786, 'XXII': -0.1082, 'YXII': -0.0014, 'XXIZ': 0.0822, 'YXIZ': -0.0036, 'IIXY': -0.001, 'IZXY': 0.0038, 'IIYY': 0.1022, 'IZYY': -0.063, 'IIXX': 0.1014, 'IZXX': -0.0568, 'IIYX': 0.0004, 'IZYX': -0.001, 'XYXY': 0.168, 'YYXY': 0.001, 'XYYY': -0.0004, 'YYYY': -0.2022, 'XXXY': 0.0168, 'YXXY': -0.1594, 'XXYY': -0.1752, 'YXYY': -0.0016, 'XYXX': -0.0014, 'YYXX': -0.1892, 'XYYX': -0.166, 'YYYX': -0.0048, 'XXXX': -0.1852, 'YXXX': -0.01, 'XXYX': 0.0138, 'YXYX': 0.177, 'ZIII': 0.5422, 'ZIIZ': -0.528, 'ZIXY': -0.0068, 'ZIYY': 0.0412, 'ZIXX': 0.0664, 'ZIYX': 0.0136, 'IZZI': -0.6466, 'XYZI': -0.0178, 'YYZI': -0.0968, 'XXZI': -0.094, 'YXZI': -0.0084, 'ZIZI': 0.6274, 'ZZII': -0.8098}
Calculated 2-RDM element with Parallel after GPU Parallel 1st way, (0, 0, 0, 0) is 0.0
Calculated 2-RDM element with Parallel after GPU Parallel 1st way, (0, 0, 0, 1) is 0.0
Calculated 2-RDM element with Parallel after GPU Parallel 1st way, (0, 0, 1, 1) is 0.0
Calculated 2-RDM element with Parallel after GPU Parallel 1st way, (0, 1, 0, 1) is -0.10769999999999999
Calculated 2-RDM element with Parallel after GPU Parallel 1st way, (0, 1, 1, 1) is 0.0
Calculated 2-RDM element with Parallel after GPU Parallel 1st way, (0, 2, 0, 2) is -0.7106000000000001
Calculated 2-RDM element with Parallel after GPU Parallel 1st way, (0, 2, 0, 3) is 0.049775
Calculated 2-RDM element with Parallel after GPU Parallel 1st way, (0, 2, 1, 2) is -0.040425
Calculated 2-RDM element with Parallel after GPU Parallel 1st way, (0, 2, 1, 3) is 0.08888750000000001
Calculated 2-RDM element with Parallel after GPU Parallel 1st way, (0, 3, 0, 3) is -0.17395
Calculated 2-RDM element with Parallel after GPU Parallel 1st way, (0, 3, 1, 2) is 0.005087499999999998
Calculated 2-RDM element with Parallel after GPU Parallel 1st way, (0, 3, 1, 3) is -0.011999999999999999
Calculated 2-RDM element with Parallel after GPU Parallel 1st way, (0, 3, 2, 0) is -0.049775
Calculated 2-RDM element with Parallel after GPU Parallel 1st way, (1, 0, 0, 0) is 0.0
Calculated 2-RDM element with Parallel after GPU Parallel 1st way, (1, 0, 1, 0) is -0.10769999999999999
Calculated 2-RDM element with Parallel after GPU Parallel 1st way, (1, 1, 1, 0) is 0.0
Calculated 2-RDM element with Parallel after GPU Parallel 1st way, (1, 1, 1, 1) is 0.0
Calculated 2-RDM element with Parallel after GPU Parallel 1st way, (1, 2, 1, 2) is -0.05970000000000003
Calculated 2-RDM element with Parallel after GPU Parallel 1st way, (1, 2, 1, 3) is 0.005825
Calculated 2-RDM element with Parallel after GPU Parallel 1st way, (1, 2, 2, 0) is 0.040425
Calculated 2-RDM element with Parallel after GPU Parallel 1st way, (1, 2, 3, 0) is -0.005087499999999998
Calculated 2-RDM element with Parallel after GPU Parallel 1st way, (1, 3, 1, 3) is -0.10815
Calculated 2-RDM element with Parallel after GPU Parallel 1st way, (1, 3, 2, 0) is -0.0888875
Calculated 2-RDM element with Parallel after GPU Parallel 1st way, (1, 3, 2, 1) is -0.005825000000000004
Calculated 2-RDM element with Parallel after GPU Parallel 1st way, (1, 3, 3, 0) is 0.011999999999999999
Calculated 2-RDM element with Parallel after GPU Parallel 1st way, (2, 0, 2, 0) is -0.7106000000000001
Calculated 2-RDM element with Parallel after GPU Parallel 1st way, (2, 0, 2, 1) is -0.040425
Calculated 2-RDM element with Parallel after GPU Parallel 1st way, (2, 0, 3, 0) is 0.049775
Calculated 2-RDM element with Parallel after GPU Parallel 1st way, (2, 0, 3, 1) is 0.08888750000000001
Calculated 2-RDM element with Parallel after GPU Parallel 1st way, (2, 1, 0, 2) is 0.040425
Calculated 2-RDM element with Parallel after GPU Parallel 1st way, (2, 1, 0, 3) is -0.005087499999999998
Calculated 2-RDM element with Parallel after GPU Parallel 1st way, (2, 1, 2, 1) is -0.05970000000000003
Calculated 2-RDM element with Parallel after GPU Parallel 1st way, (2, 1, 3, 1) is 0.005825
Calculated 2-RDM element with Parallel after GPU Parallel 1st way, (2, 2, 2, 2) is 0.0
Calculated 2-RDM element with Parallel after GPU Parallel 1st way, (2, 2, 2, 3) is 0.0
Calculated 2-RDM element with Parallel after GPU Parallel 1st way, (2, 2, 3, 3) is 0.0
Calculated 2-RDM element with Parallel after GPU Parallel 1st way, (2, 3, 2, 3) is -0.046500000000000014
Calculated 2-RDM element with Parallel after GPU Parallel 1st way, (2, 3, 3, 3) is 0.0
Calculated 2-RDM element with Parallel after GPU Parallel 1st way, (3, 0, 0, 2) is -0.049775
Calculated 2-RDM element with Parallel after GPU Parallel 1st way, (3, 0, 2, 1) is 0.005087499999999998
Calculated 2-RDM element with Parallel after GPU Parallel 1st way, (3, 0, 3, 0) is -0.17395
Calculated 2-RDM element with Parallel after GPU Parallel 1st way, (3, 0, 3, 1) is -0.011999999999999999
Calculated 2-RDM element with Parallel after GPU Parallel 1st way, (3, 1, 0, 2) is -0.0888875
Calculated 2-RDM element with Parallel after GPU Parallel 1st way, (3, 1, 0, 3) is 0.011999999999999999
Calculated 2-RDM element with Parallel after GPU Parallel 1st way, (3, 1, 1, 2) is -0.005825000000000004
Calculated 2-RDM element with Parallel after GPU Parallel 1st way, (3, 1, 3, 1) is -0.10815
Calculated 2-RDM element with Parallel after GPU Parallel 1st way, (3, 2, 2, 2) is 0.0
Calculated 2-RDM element with Parallel after GPU Parallel 1st way, (3, 2, 3, 2) is -0.046500000000000014
Calculated 2-RDM element with Parallel after GPU Parallel 1st way, (3, 3, 3, 2) is 0.0
Calculated 2-RDM element with Parallel after GPU Parallel 1st way, (3, 3, 3, 3) is 0.0
Execution time of get_two_rdm_Parallel: 4.2759850025177 seconds
Calculated 2-RDM element with Parallel after GPU Parallel 2nd way, (0, 0, 0, 0) is 0.0
Calculated 2-RDM element with Parallel after GPU Parallel 2nd way, (0, 0, 0, 1) is 0.0
Calculated 2-RDM element with Parallel after GPU Parallel 2nd way, (0, 0, 1, 1) is 0.0
Calculated 2-RDM element with Parallel after GPU Parallel 2nd way, (0, 1, 0, 1) is -0.10880000000000001
Calculated 2-RDM element with Parallel after GPU Parallel 2nd way, (0, 1, 1, 1) is 0.0
Calculated 2-RDM element with Parallel after GPU Parallel 2nd way, (0, 2, 0, 2) is -0.7131
Calculated 2-RDM element with Parallel after GPU Parallel 2nd way, (0, 2, 0, 3) is 0.054349999999999996
Calculated 2-RDM element with Parallel after GPU Parallel 2nd way, (0, 2, 1, 2) is -0.03785
Calculated 2-RDM element with Parallel after GPU Parallel 2nd way, (0, 2, 1, 3) is 0.08893749999999999
Calculated 2-RDM element with Parallel after GPU Parallel 2nd way, (0, 3, 0, 3) is -0.16525
Calculated 2-RDM element with Parallel after GPU Parallel 2nd way, (0, 3, 1, 2) is 0.0021125
Calculated 2-RDM element with Parallel after GPU Parallel 2nd way, (0, 3, 1, 3) is -0.010025000000000003
Calculated 2-RDM element with Parallel after GPU Parallel 2nd way, (0, 3, 2, 0) is -0.054349999999999996
Calculated 2-RDM element with Parallel after GPU Parallel 2nd way, (1, 0, 0, 0) is 0.0
Calculated 2-RDM element with Parallel after GPU Parallel 2nd way, (1, 0, 1, 0) is -0.10880000000000001
Calculated 2-RDM element with Parallel after GPU Parallel 2nd way, (1, 1, 1, 0) is 0.0
Calculated 2-RDM element with Parallel after GPU Parallel 2nd way, (1, 1, 1, 1) is 0.0
Calculated 2-RDM element with Parallel after GPU Parallel 2nd way, (1, 2, 1, 2) is -0.07089999999999996
Calculated 2-RDM element with Parallel after GPU Parallel 2nd way, (1, 2, 1, 3) is 0.007025
Calculated 2-RDM element with Parallel after GPU Parallel 2nd way, (1, 2, 2, 0) is 0.037849999999999995
Calculated 2-RDM element with Parallel after GPU Parallel 2nd way, (1, 2, 3, 0) is -0.0021125
Calculated 2-RDM element with Parallel after GPU Parallel 2nd way, (1, 3, 1, 3) is -0.1132
Calculated 2-RDM element with Parallel after GPU Parallel 2nd way, (1, 3, 2, 0) is -0.0889375
Calculated 2-RDM element with Parallel after GPU Parallel 2nd way, (1, 3, 2, 1) is -0.007025
Calculated 2-RDM element with Parallel after GPU Parallel 2nd way, (1, 3, 3, 0) is 0.010025000000000001
Calculated 2-RDM element with Parallel after GPU Parallel 2nd way, (2, 0, 2, 0) is -0.7131
Calculated 2-RDM element with Parallel after GPU Parallel 2nd way, (2, 0, 2, 1) is -0.03785
Calculated 2-RDM element with Parallel after GPU Parallel 2nd way, (2, 0, 3, 0) is 0.054349999999999996
Calculated 2-RDM element with Parallel after GPU Parallel 2nd way, (2, 0, 3, 1) is 0.0889375
Calculated 2-RDM element with Parallel after GPU Parallel 2nd way, (2, 1, 0, 2) is 0.037849999999999995
Calculated 2-RDM element with Parallel after GPU Parallel 2nd way, (2, 1, 0, 3) is -0.0021125
Calculated 2-RDM element with Parallel after GPU Parallel 2nd way, (2, 1, 2, 1) is -0.07089999999999999
Calculated 2-RDM element with Parallel after GPU Parallel 2nd way, (2, 1, 3, 1) is 0.007025
Calculated 2-RDM element with Parallel after GPU Parallel 2nd way, (2, 2, 2, 2) is 0.0
Calculated 2-RDM element with Parallel after GPU Parallel 2nd way, (2, 2, 2, 3) is 0.0
Calculated 2-RDM element with Parallel after GPU Parallel 2nd way, (2, 2, 3, 3) is 0.0
Calculated 2-RDM element with Parallel after GPU Parallel 2nd way, (2, 3, 2, 3) is -0.0479
Calculated 2-RDM element with Parallel after GPU Parallel 2nd way, (2, 3, 3, 3) is 0.0
Calculated 2-RDM element with Parallel after GPU Parallel 2nd way, (3, 0, 0, 2) is -0.054349999999999996
Calculated 2-RDM element with Parallel after GPU Parallel 2nd way, (3, 0, 2, 1) is 0.0021125
Calculated 2-RDM element with Parallel after GPU Parallel 2nd way, (3, 0, 3, 0) is -0.16525
Calculated 2-RDM element with Parallel after GPU Parallel 2nd way, (3, 0, 3, 1) is -0.010025000000000003
Calculated 2-RDM element with Parallel after GPU Parallel 2nd way, (3, 1, 0, 2) is -0.0889375
Calculated 2-RDM element with Parallel after GPU Parallel 2nd way, (3, 1, 0, 3) is 0.010025000000000001
Calculated 2-RDM element with Parallel after GPU Parallel 2nd way, (3, 1, 1, 2) is -0.007025
Calculated 2-RDM element with Parallel after GPU Parallel 2nd way, (3, 1, 3, 1) is -0.1132
Calculated 2-RDM element with Parallel after GPU Parallel 2nd way, (3, 2, 2, 2) is 0.0
Calculated 2-RDM element with Parallel after GPU Parallel 2nd way, (3, 2, 3, 2) is -0.04789999999999997
Calculated 2-RDM element with Parallel after GPU Parallel 2nd way, (3, 3, 3, 2) is 0.0
Calculated 2-RDM element with Parallel after GPU Parallel 2nd way, (3, 3, 3, 3) is 0.0
Execution time of get_two_rdm_Parallel2: 1.762031078338623 seconds
{'IIII': 1.0, 'IIZI': 0.6452, 'IIIZ': -0.7646, 'IIZZ': -0.6712, 'IZII': -0.5636, 'IZIZ': 0.541, 'XYII': -0.0072, 'YYII': -0.1262, 'XYIZ': 0.0008, 'YYIZ': 0.0974, 'XXII': -0.1192, 'YXII': -0.0066, 'XXIZ': 0.0878, 'YXIZ': -0.0002, 'IIXY': 0.0112, 'IZXY': 0.0022, 'IIYY': 0.1204, 'IZYY': -0.0652, 'IIXX': 0.1048, 'IZXX': -0.0426, 'IIYX': 0.0046, 'IZYX': 0.0024, 'XYXY': 0.1676, 'YYXY': -0.0134, 'XYYY': -0.0154, 'YYYY': -0.18, 'XXXY': -0.0048, 'YXXY': -0.1996, 'XXYY': -0.178, 'YXYY': 0.0026, 'XYXX': -0.002, 'YYXX': -0.1978, 'XYYX': -0.1676, 'YYYX': -0.0024, 'XXXX': -0.177, 'YXXX': -0.008, 'XXYX': -0.0082, 'YXYX': 0.1672, 'ZIII': 0.5606, 'ZIIZ': -0.5558, 'ZIXY': 0.0064, 'ZIYY': 0.0486, 'ZIXX': 0.0452, 'ZIYX': 0.0138, 'IZZI': -0.6356, 'XYZI': 0.0074, 'YYZI': -0.0862, 'XXZI': -0.0782, 'YXZI': 0.0056, 'ZIZI': 0.6326, 'ZZII': -0.8056}
Calculated 2-RDM element with Parallel after GPU Parallel 3th way, (0, 0, 0, 0) is 0.0
Calculated 2-RDM element with Parallel after GPU Parallel 3th way, (0, 0, 1, 1) is 0.0
Calculated 2-RDM element with Parallel after GPU Parallel 3th way, (0, 0, 0, 1) is 0.0
Calculated 2-RDM element with Parallel after GPU Parallel 3th way, (0, 2, 1, 2) is -0.041625
Calculated 2-RDM element with Parallel after GPU Parallel 3th way, (0, 3, 0, 3) is -0.16205
Calculated 2-RDM element with Parallel after GPU Parallel 3th way, (0, 2, 1, 3) is 0.08967499999999999
Calculated 2-RDM element with Parallel after GPU Parallel 3th way, (0, 3, 1, 3) is -0.016425000000000002
Calculated 2-RDM element with Parallel after GPU Parallel 3th way, (0, 1, 0, 1) is -0.11204999999999998
Calculated 2-RDM element with Parallel after GPU Parallel 3th way, (0, 2, 0, 2) is -0.7172999999999999
Calculated 2-RDM element with Parallel after GPU Parallel 3th way, (0, 1, 1, 1) is 0.0
Calculated 2-RDM element with Parallel after GPU Parallel 3th way, (1, 2, 1, 2) is -0.07069999999999999
Calculated 2-RDM element with Parallel after GPU Parallel 3th way, (1, 1, 1, 1) is 0.0
Calculated 2-RDM element with Parallel after GPU Parallel 3th way, (1, 0, 0, 0) is 0.0
Calculated 2-RDM element with Parallel after GPU Parallel 3th way, (1, 2, 1, 3) is 0.010125000000000002
Calculated 2-RDM element with Parallel after GPU Parallel 3th way, (0, 3, 1, 2) is 0.0019250000000000014
Calculated 2-RDM element with Parallel after GPU Parallel 3th way, (1, 3, 2, 1) is -0.010125000000000002
Calculated 2-RDM element with Parallel after GPU Parallel 3th way, (1, 1, 1, 0) is 0.0
Calculated 2-RDM element with Parallel after GPU Parallel 3th way, (1, 2, 3, 0) is -0.0019250000000000014
Calculated 2-RDM element with Parallel after GPU Parallel 3th way, (2, 0, 2, 1) is -0.041625
Calculated 2-RDM element with Parallel after GPU Parallel 3th way, (0, 2, 0, 3) is 0.053825000000000005
Calculated 2-RDM element with Parallel after GPU Parallel 3th way, (1, 2, 2, 0) is 0.041625
Calculated 2-RDM element with Parallel after GPU Parallel 3th way, (1, 0, 1, 0) is -0.11204999999999998
Calculated 2-RDM element with Parallel after GPU Parallel 3th way, (1, 3, 2, 0) is -0.08967499999999999
Calculated 2-RDM element with Parallel after GPU Parallel 3th way, (2, 0, 3, 0) is 0.053825000000000005
Calculated 2-RDM element with Parallel after GPU Parallel 3th way, (2, 2, 3, 3) is 0.0
Calculated 2-RDM element with Parallel after GPU Parallel 3th way, (3, 0, 0, 2) is -0.053825000000000005
Calculated 2-RDM element with Parallel after GPU Parallel 3th way, (0, 3, 2, 0) is -0.053825000000000005
Calculated 2-RDM element with Parallel after GPU Parallel 3th way, (1, 3, 3, 0) is 0.016425000000000002
Calculated 2-RDM element with Parallel after GPU Parallel 3th way, (2, 2, 2, 3) is 0.0
Calculated 2-RDM element with Parallel after GPU Parallel 3th way, (2, 1, 3, 1) is 0.010125000000000002
Calculated 2-RDM element with Parallel after GPU Parallel 3th way, (3, 1, 3, 1) is -0.10670000000000002
Calculated 2-RDM element with Parallel after GPU Parallel 3th way, (1, 3, 1, 3) is -0.10670000000000002
Calculated 2-RDM element with Parallel after GPU Parallel 3th way, (2, 3, 3, 3) is 0.0
Calculated 2-RDM element with Parallel after GPU Parallel 3th way, (3, 0, 2, 1) is 0.0019250000000000014
Calculated 2-RDM element with Parallel after GPU Parallel 3th way, (2, 2, 2, 2) is 0.0
Calculated 2-RDM element with Parallel after GPU Parallel 3th way, (3, 3, 3, 3) is 0.0
Calculated 2-RDM element with Parallel after GPU Parallel 3th way, (2, 1, 0, 3) is -0.0019250000000000014
Calculated 2-RDM element with Parallel after GPU Parallel 3th way, (2, 0, 2, 0) is -0.7172999999999999
Calculated 2-RDM element with Parallel after GPU Parallel 3th way, (3, 1, 1, 2) is -0.010125000000000002
Calculated 2-RDM element with Parallel after GPU Parallel 3th way, (3, 2, 3, 2) is -0.04935000000000003
Calculated 2-RDM element with Parallel after GPU Parallel 3th way, (2, 1, 2, 1) is -0.07069999999999999
Calculated 2-RDM element with Parallel after GPU Parallel 3th way, (3, 0, 3, 0) is -0.16205
Calculated 2-RDM element with Parallel after GPU Parallel 3th way, (2, 1, 0, 2) is 0.041625
Calculated 2-RDM element with Parallel after GPU Parallel 3th way, (3, 1, 0, 2) is -0.08967499999999999
Calculated 2-RDM element with Parallel after GPU Parallel 3th way, (3, 0, 3, 1) is -0.016425000000000002
Calculated 2-RDM element with Parallel after GPU Parallel 3th way, (3, 1, 0, 3) is 0.016425000000000002
Calculated 2-RDM element with Parallel after GPU Parallel 3th way, (2, 0, 3, 1) is 0.08967499999999999
Calculated 2-RDM element with Parallel after GPU Parallel 3th way, (3, 2, 2, 2) is 0.0
Calculated 2-RDM element with Parallel after GPU Parallel 3th way, (2, 3, 2, 3) is -0.04935000000000003
Calculated 2-RDM element with Parallel after GPU Parallel 3th way, (3, 3, 3, 2) is 0.0
Execution time of get_two_rdm_Parallel3: 2.0934085845947266 seconds
Number of 'cx' gates before replacing gates: 56
Number of 'h' gates before replacing gates: 72
Number of 's' gates before replacing gates: 24
Number of 'rz' gates before replacing gates: 32
Number of 'x' gates before replacing gates: 0
Number of 'y' gates before replacing gates: 0
Number of parameterized gates before replacing gates: 0
{ParameterVectorElement(t[0]): -9.94943072745885e-06, ParameterVectorElement(t[1]): -1.0204160381828951e-06, ParameterVectorElement(t[2]): -0.1255964782324845}
Total parameter gates replaced: 0
Number of 'cx' gates after replacing gates: 56
Number of 'h' gates after replacing gates: 72
Number of 's' gates after replacing gates: 24
Number of 'rz' gates after replacing gates: 32
Number of 'x' gates after replacing gates: 0
Number of 'y' gates after replacing gates: 0
Number of 'z' gates after replacing gates: 0
Gate replacement successful.
Calculated 1-RDM element with wavefunction (0, 0) is 0.9843082949933822
Calculated 1-RDM element with wavefunction (1, 1) is 0.015691705006605754
Calculated 1-RDM element with wavefunction (2, 1) is -4.764201224792948e-17
Calculated 1-RDM element with wavefunction (2, 2) is 0.9843082950913321
Calculated 1-RDM element with wavefunction (2, 3) is -2.339523687077708e-07
Calculated 1-RDM element with wavefunction (1, 0) is 9.743236322603313e-06
Calculated 1-RDM element with wavefunction (3, 3) is 0.015691704908655832
Calculated 1-RDM element with wavefunction (0, 3) is -6.746718602561273e-17
Calculated 1-RDM element with wavefunction (1, 2) is -4.764201224792948e-17
Calculated 1-RDM element with wavefunction (2, 0) is 4.629316499493916e-22
Calculated 1-RDM element with wavefunction (3, 2) is -2.339523687077708e-07
Calculated 1-RDM element with wavefunction (0, 1) is 9.743236322603313e-06
Calculated 1-RDM element with wavefunction (1, 3) is -6.671399008458628e-22
Calculated 1-RDM element with wavefunction (3, 1) is -6.671399008458628e-22
Calculated 1-RDM element with wavefunction (3, 0) is -6.746718602561273e-17
Calculated 1-RDM element with wavefunction (0, 2) is 4.629316499493916e-22
Execution time of get_one_rdm_wavefunction: 0.05377030372619629 seconds
Calculated 2-RDM element with wavefunction (0, 0, 0, 0) is 0.0
Calculated 2-RDM element with wavefunction (0, 0, 0, 1) is 0.0
Calculated 2-RDM element with wavefunction (0, 0, 1, 1) is 0.0
Calculated 2-RDM element with wavefunction (0, 2, 0, 3) is -1.0123783483738675e-06
Calculated 2-RDM element with wavefunction (0, 1, 0, 1) is -8.102566571125721e-32
Calculated 2-RDM element with wavefunction (0, 1, 1, 1) is 0.0
Calculated 2-RDM element with wavefunction (1, 1, 1, 0) is 0.0
Calculated 2-RDM element with wavefunction (0, 3, 1, 3) is 1.2782398181899965e-07
Calculated 2-RDM element with wavefunction (0, 2, 1, 2) is -9.871060304422313e-06
Calculated 2-RDM element with wavefunction (0, 2, 0, 2) is -0.984308294992341
Calculated 2-RDM element with wavefunction (0, 2, 1, 3) is 0.12427982661372303
Calculated 2-RDM element with wavefunction (0, 3, 0, 3) is -1.041248890688435e-12
Calculated 2-RDM element with wavefunction (0, 3, 2, 0) is 1.0123783483738675e-06
Calculated 2-RDM element with wavefunction (1, 2, 1, 2) is -9.899117179978667e-11
Calculated 2-RDM element with wavefunction (1, 3, 2, 1) is -1.2463307170816383e-06
Calculated 2-RDM element with wavefunction (1, 1, 1, 1) is 0.0
Calculated 2-RDM element with wavefunction (0, 3, 1, 2) is -1.0152558683626317e-11
Calculated 2-RDM element with wavefunction (1, 3, 3, 0) is -1.2782398181899965e-07
Calculated 2-RDM element with wavefunction (2, 0, 2, 1) is -9.871060304422313e-06
Calculated 2-RDM element with wavefunction (1, 2, 1, 3) is 1.2463307170816383e-06
Calculated 2-RDM element with wavefunction (2, 2, 2, 2) is 0.0
Calculated 2-RDM element with wavefunction (1, 0, 1, 0) is -8.102566571125721e-32
Calculated 2-RDM element with wavefunction (2, 1, 3, 1) is 1.2463307170816383e-06
Calculated 2-RDM element with wavefunction (1, 2, 3, 0) is 1.0152558683626317e-11
Calculated 2-RDM element with wavefunction (2, 2, 3, 3) is 0.0
Calculated 2-RDM element with wavefunction (2, 0, 2, 0) is -0.984308294992341
Calculated 2-RDM element with wavefunction (1, 2, 2, 0) is 9.871060304422313e-06
Calculated 2-RDM element with wavefunction (2, 1, 0, 2) is 9.871060304422313e-06
Calculated 2-RDM element with wavefunction (2, 3, 3, 3) is 0.0
Calculated 2-RDM element with wavefunction (3, 2, 2, 2) is 0.0
Calculated 2-RDM element with wavefunction (1, 0, 0, 0) is 0.0
Calculated 2-RDM element with wavefunction (2, 1, 2, 1) is -9.899117179978667e-11
Calculated 2-RDM element with wavefunction (2, 2, 2, 3) is 0.0
Calculated 2-RDM element with wavefunction (3, 0, 3, 1) is 1.2782398181899965e-07
Calculated 2-RDM element with wavefunction (3, 1, 1, 2) is -1.2463307170816383e-06
Calculated 2-RDM element with wavefunction (2, 0, 3, 0) is -1.0123783483738675e-06
Calculated 2-RDM element with wavefunction (2, 3, 2, 3) is -5.897416715185633e-32
Calculated 2-RDM element with wavefunction (1, 3, 2, 0) is -0.12427982661372303
Calculated 2-RDM element with wavefunction (3, 2, 3, 2) is -5.897416715185633e-32
Calculated 2-RDM element with wavefunction (3, 3, 3, 2) is 0.0
Calculated 2-RDM element with wavefunction (3, 1, 3, 1) is -0.01569170490761458
Calculated 2-RDM element with wavefunction (3, 0, 2, 1) is -1.0152558683626317e-11
Calculated 2-RDM element with wavefunction (3, 3, 3, 3) is 0.0
Calculated 2-RDM element with wavefunction (3, 1, 0, 3) is -1.2782398181899965e-07
Calculated 2-RDM element with wavefunction (2, 0, 3, 1) is 0.12427982661372303
Calculated 2-RDM element with wavefunction (3, 0, 0, 2) is 1.0123783483738675e-06
Calculated 2-RDM element with wavefunction (1, 3, 1, 3) is -0.01569170490761458
Calculated 2-RDM element with wavefunction (2, 1, 0, 3) is 1.0152558683626317e-11
Calculated 2-RDM element with wavefunction (3, 0, 3, 0) is -1.041248890688435e-12
Calculated 2-RDM element with wavefunction (3, 1, 0, 2) is -0.12427982661372303
Execution time of get_two_rdm_wavefunction: 0.17240524291992188 seconds
Calculated 2-RDM element (1, 1, 1, 1) is 0.0
Calculated 2-RDM element (0, 0, 1, 1) is 0.0
Calculated 2-RDM element (0, 1, 1, 1) is 0.0
Calculated 2-RDM element (0, 0, 0, 1) is 0.0
Calculated 2-RDM element (1, 0, 0, 0) is 0.0
Calculated 2-RDM element (0, 0, 0, 0) is 0.0
Calculated 2-RDM element (2, 2, 2, 2) is 0.0
Calculated 2-RDM element (1, 1, 1, 0) is 0.0
Calculated 2-RDM element (2, 2, 3, 3) is 0.0
Calculated 2-RDM element (2, 2, 2, 3) is 0.0
Calculated 2-RDM element (2, 3, 3, 3) is 0.0
Calculated 2-RDM element (3, 3, 3, 3) is 0.0
Calculated 2-RDM element (3, 2, 2, 2) is 0.0
Calculated 2-RDM element (3, 3, 3, 2) is 0.0
Calculated 2-RDM element (2, 0, 2, 0) is -0.72835
Calculated 2-RDM element (0, 2, 0, 2) is -0.724
Calculated 2-RDM element (1, 2, 1, 2) is -0.06845000000000001
Calculated 2-RDM element (0, 1, 0, 1) is -0.11465
Calculated 2-RDM element (1, 3, 1, 3) is -0.1068
Calculated 2-RDM element (0, 3, 0, 3) is -0.16705000000000006
Calculated 2-RDM element (2, 1, 2, 1) is -0.05845
Calculated 2-RDM element (2, 3, 2, 3) is -0.04419999999999999
Calculated 2-RDM element (1, 0, 1, 0) is -0.10789999999999994
Calculated 2-RDM element (3, 1, 3, 1) is -0.10880000000000001
Calculated 2-RDM element (3, 0, 3, 0) is -0.17020000000000005
Calculated 2-RDM element (3, 2, 3, 2) is -0.05014999999999997
Calculated 2-RDM element (1, 2, 1, 3) is 0.0003000000000000001
Calculated 2-RDM element (1, 3, 2, 1) is -0.0037
Calculated 2-RDM element (0, 3, 2, 0) is 0.0004499999999999999
Calculated 2-RDM element (1, 3, 3, 0) is -0.0043
Calculated 2-RDM element (0, 2, 0, 3) is -0.001225
Calculated 2-RDM element (2, 0, 3, 0) is 0.0026
Calculated 2-RDM element (1, 2, 2, 0) is 0.0038499999999999997
Calculated 2-RDM element (2, 0, 2, 1) is 0.0047
Calculated 2-RDM element (2, 1, 0, 2) is -0.00039999999999999996
Calculated 2-RDM element (0, 2, 1, 2) is 0.00022500000000000005
Calculated 2-RDM element (2, 1, 3, 1) is 0.000675
Calculated 2-RDM element (0, 3, 1, 3) is -0.00022499999999999994
Calculated 2-RDM element (3, 0, 0, 2) is -0.0010999999999999998
Calculated 2-RDM element (3, 0, 3, 1) is -0.0023
Calculated 2-RDM element (3, 1, 0, 3) is 0.003075
Calculated 2-RDM element (3, 1, 1, 2) is -0.005875
Calculated 2-RDM element (1, 2, 3, 0) is 7.499999999999868e-05
Calculated 2-RDM element (2, 0, 3, 1) is 0.07094999999999999
Calculated 2-RDM element (2, 1, 0, 3) is 0.0005874999999999977
Calculated 2-RDM element (3, 0, 2, 1) is -0.0013874999999999998
Calculated 2-RDM element (0, 3, 1, 2) is 0.000587500000000003
Calculated 2-RDM element (0, 2, 1, 3) is 0.0748625
Calculated 2-RDM element (3, 1, 0, 2) is -0.074725
Calculated 2-RDM element (1, 3, 2, 0) is -0.07387500000000001
Execution time of get_two_rdm: 12.611719846725464 seconds
Calculated 1-RDM element (0, 0) is 0.8962
Calculated 1-RDM element (1, 1) is 0.16649999999999998
Calculated 1-RDM element (3, 3) is 0.21439999999999998
Calculated 1-RDM element (2, 2) is 0.7791
Calculated 1-RDM element (0, 3) is 0.0045000000000000005
Calculated 1-RDM element (0, 1) is -0.0058000000000000005
Calculated 1-RDM element (1, 2) is 0.0019499999999999995
Calculated 1-RDM element (0, 2) is -0.00325
Calculated 1-RDM element (2, 0) is -0.0020499999999999997
Calculated 1-RDM element (1, 3) is -0.0010999999999999998
Calculated 1-RDM element (1, 0) is -0.0036
Calculated 1-RDM element (3, 2) is -0.00185
Calculated 1-RDM element (3, 0) is -0.0009500000000000003
Calculated 1-RDM element (2, 3) is 0.0015500000000000002
Calculated 1-RDM element (2, 1) is -0.00485
Calculated 1-RDM element (3, 1) is 0.0020499999999999997
Execution time of get_one_rdm: 2.233370542526245 seconds
Calculated 2-RDM element (0, 0, 0, 1) is 0.0
Calculated 2-RDM element (0, 0, 0, 0) is 0.0
Calculated 2-RDM element (0, 0, 1, 1) is 0.0
Calculated 2-RDM element (1, 0, 0, 0) is 0.0
Calculated 2-RDM element (0, 1, 1, 1) is 0.0
Calculated 2-RDM element (1, 1, 1, 0) is 0.0
Calculated 2-RDM element (1, 1, 1, 1) is 0.0
Calculated 2-RDM element (2, 2, 2, 2) is 0.0
Calculated 2-RDM element (2, 2, 2, 3) is 0.0
Calculated 2-RDM element (2, 3, 3, 3) is 0.0
Calculated 2-RDM element (2, 2, 3, 3) is 0.0
Calculated 2-RDM element (3, 2, 2, 2) is 0.0
Calculated 2-RDM element (3, 3, 3, 2) is 0.0
Calculated 2-RDM element (3, 3, 3, 3) is 0.0
Calculated 2-RDM element (0, 1, 0, 1) is -1.6375789613221059e-15
Calculated 2-RDM element (0, 2, 0, 2) is -0.9843082949923417
Calculated 2-RDM element (0, 3, 0, 3) is -1.0428602426060252e-12
Calculated 2-RDM element (1, 2, 1, 2) is -9.899275843494593e-11
Calculated 2-RDM element (2, 0, 2, 0) is -0.9843082949923417
Calculated 2-RDM element (1, 3, 1, 3) is -0.015691704907616177
Calculated 2-RDM element (1, 0, 1, 0) is -1.6375789613221059e-15
Calculated 2-RDM element (2, 3, 2, 3) is -1.609823385706477e-15
Calculated 2-RDM element (2, 1, 2, 1) is -9.899275843494593e-11
Calculated 2-RDM element (3, 0, 3, 0) is -1.0428602426060252e-12
Calculated 2-RDM element (3, 2, 3, 2) is -1.609823385706477e-15
Calculated 2-RDM element (3, 1, 3, 1) is -0.015691704907616177
Calculated 2-RDM element (1, 2, 1, 3) is 1.2463307170641729e-06
Calculated 2-RDM element (0, 2, 0, 3) is -1.0123783484840148e-06
Calculated 2-RDM element (1, 3, 2, 1) is -1.2463307170641729e-06
Calculated 2-RDM element (2, 0, 2, 1) is -9.871060304283994e-06
Calculated 2-RDM element (0, 2, 1, 2) is -9.871060304283994e-06
Calculated 2-RDM element (1, 2, 2, 0) is 9.871060304283994e-06
Calculated 2-RDM element (0, 3, 2, 0) is 1.0123783484840148e-06
Calculated 2-RDM element (0, 3, 1, 3) is 1.2782398183290648e-07
Calculated 2-RDM element (2, 0, 3, 0) is -1.0123783484840148e-06
Calculated 2-RDM element (2, 1, 3, 1) is 1.2463307170641729e-06
Calculated 2-RDM element (3, 0, 0, 2) is 1.0123783484840148e-06
Calculated 2-RDM element (1, 3, 3, 0) is -1.2782398183290648e-07
Calculated 2-RDM element (3, 1, 0, 3) is -1.2782398183290648e-07
Calculated 2-RDM element (3, 0, 3, 1) is 1.2782398183290648e-07
Calculated 2-RDM element (3, 1, 1, 2) is -1.2463307170641729e-06
Calculated 2-RDM element (2, 1, 0, 2) is 9.871060304283994e-06
Calculated 2-RDM element (2, 1, 0, 3) is 1.0152559348775014e-11
Calculated 2-RDM element (0, 3, 1, 2) is -1.0152559348775014e-11
Calculated 2-RDM element (2, 0, 3, 1) is 0.12427982661372282
Calculated 2-RDM element (1, 2, 3, 0) is 1.0152559348775014e-11
Calculated 2-RDM element (0, 2, 1, 3) is 0.12427982661372282
Calculated 2-RDM element (3, 1, 0, 2) is -0.12427982661372282
Calculated 2-RDM element (3, 0, 2, 1) is -1.0152559348775014e-11
Calculated 2-RDM element (1, 3, 2, 0) is -0.12427982661372282
Execution time of get_two_rdm: 4.800512075424194 seconds
Calculated 2-RDM element with wavefunction (0, 0, 0, 0) is 0.0
Calculated 2-RDM element with wavefunction (0, 0, 0, 1) is 0.0
Calculated 2-RDM element with wavefunction (0, 0, 1, 1) is 0.0
Calculated 2-RDM element with wavefunction (0, 2, 0, 2) is -0.9843082949923401
Calculated 2-RDM element with wavefunction (0, 3, 0, 3) is -1.0412488909150127e-12
Calculated 2-RDM element with wavefunction (0, 1, 0, 1) is -3.2596286326813775e-32
Calculated 2-RDM element with wavefunction (0, 1, 1, 1) is 0.0
Calculated 2-RDM element with wavefunction (1, 1, 1, 0) is 0.0
Calculated 2-RDM element with wavefunction (1, 2, 1, 3) is 1.2463307170641729e-06
Calculated 2-RDM element with wavefunction (0, 2, 0, 3) is -1.0123783484840148e-06
Calculated 2-RDM element with wavefunction (0, 3, 1, 3) is 1.2782398183290685e-07
Calculated 2-RDM element with wavefunction (1, 0, 1, 0) is -3.2596286326813775e-32
Calculated 2-RDM element with wavefunction (1, 1, 1, 1) is 0.0
Calculated 2-RDM element with wavefunction (1, 2, 2, 0) is 9.871060304283994e-06
Calculated 2-RDM element with wavefunction (0, 2, 1, 3) is 0.1242798266137228
Calculated 2-RDM element with wavefunction (1, 3, 2, 1) is -1.2463307170641729e-06
Calculated 2-RDM element with wavefunction (2, 0, 3, 1) is 0.1242798266137228
Calculated 2-RDM element with wavefunction (0, 2, 1, 2) is -9.871060304283994e-06
Calculated 2-RDM element with wavefunction (0, 3, 1, 2) is -1.0152558684588668e-11
Calculated 2-RDM element with wavefunction (2, 0, 2, 1) is -9.871060304283994e-06
Calculated 2-RDM element with wavefunction (1, 0, 0, 0) is 0.0
Calculated 2-RDM element with wavefunction (2, 0, 3, 0) is -1.0123783484840148e-06
Calculated 2-RDM element with wavefunction (1, 3, 1, 3) is -0.01569170490761454
Calculated 2-RDM element with wavefunction (1, 2, 1, 2) is -9.89911717970125e-11
Calculated 2-RDM element with wavefunction (2, 1, 0, 3) is 1.0152558684588668e-11
Calculated 2-RDM element with wavefunction (2, 2, 3, 3) is 0.0
Calculated 2-RDM element with wavefunction (2, 0, 2, 0) is -0.9843082949923401
Calculated 2-RDM element with wavefunction (1, 3, 3, 0) is -1.2782398183290685e-07
Calculated 2-RDM element with wavefunction (2, 3, 3, 3) is 0.0
Calculated 2-RDM element with wavefunction (3, 0, 3, 0) is -1.0412488909150127e-12
Calculated 2-RDM element with wavefunction (2, 3, 2, 3) is -2.761143820375376e-32
Calculated 2-RDM element with wavefunction (3, 1, 1, 2) is -1.2463307170641729e-06
Calculated 2-RDM element with wavefunction (3, 0, 2, 1) is -1.0152558684588668e-11
Calculated 2-RDM element with wavefunction (0, 3, 2, 0) is 1.0123783484840148e-06
Calculated 2-RDM element with wavefunction (3, 1, 3, 1) is -0.01569170490761454
Calculated 2-RDM element with wavefunction (1, 3, 2, 0) is -0.1242798266137228
Calculated 2-RDM element with wavefunction (2, 2, 2, 3) is 0.0
Calculated 2-RDM element with wavefunction (1, 2, 3, 0) is 1.0152558684588668e-11
Calculated 2-RDM element with wavefunction (2, 1, 2, 1) is -9.89911717970125e-11
Calculated 2-RDM element with wavefunction (3, 0, 3, 1) is 1.2782398183290685e-07
Calculated 2-RDM element with wavefunction (3, 2, 3, 2) is -2.761143820375376e-32
Calculated 2-RDM element with wavefunction (2, 1, 3, 1) is 1.2463307170641729e-06
Calculated 2-RDM element with wavefunction (2, 2, 2, 2) is 0.0
Calculated 2-RDM element with wavefunction (3, 2, 2, 2) is 0.0
Calculated 2-RDM element with wavefunction (3, 3, 3, 2) is 0.0
Calculated 2-RDM element with wavefunction (3, 3, 3, 3) is 0.0
Calculated 2-RDM element with wavefunction (2, 1, 0, 2) is 9.871060304283994e-06
Calculated 2-RDM element with wavefunction (3, 0, 0, 2) is 1.0123783484840148e-06
Calculated 2-RDM element with wavefunction (3, 1, 0, 3) is -1.2782398183290685e-07
Calculated 2-RDM element with wavefunction (3, 1, 0, 2) is -0.1242798266137228
Execution time of get_two_rdm_wavefunction: 0.15860605239868164 seconds
Calculated 2-RDM element (0, 0, 0, 0) is 0.0
Calculated 2-RDM element (0, 0, 0, 1) is 0.0
Calculated 2-RDM element (0, 0, 1, 1) is 0.0
Calculated 2-RDM element (0, 1, 1, 1) is 0.0
Calculated 2-RDM element (1, 0, 0, 0) is 0.0
Calculated 2-RDM element (1, 1, 1, 0) is 0.0
Calculated 2-RDM element (1, 1, 1, 1) is 0.0
Calculated 2-RDM element (2, 2, 2, 2) is 0.0
Calculated 2-RDM element (2, 3, 3, 3) is 0.0
Calculated 2-RDM element (2, 2, 2, 3) is 0.0
Calculated 2-RDM element (2, 2, 3, 3) is 0.0
Calculated 2-RDM element (3, 2, 2, 2) is 0.0
Calculated 2-RDM element (3, 3, 3, 2) is 0.0
Calculated 2-RDM element (3, 3, 3, 3) is 0.0
Calculated 2-RDM element (0, 1, 0, 1) is -0.10599999999999998
Calculated 2-RDM element (0, 2, 0, 2) is -0.7202999999999999
Calculated 2-RDM element (1, 0, 1, 0) is -0.10479999999999995
Calculated 2-RDM element (0, 3, 0, 3) is -0.16770000000000007
Calculated 2-RDM element (1, 3, 1, 3) is -0.1078
Calculated 2-RDM element (1, 2, 1, 2) is -0.06555000000000002
Calculated 2-RDM element (2, 0, 2, 0) is -0.7074999999999999
Calculated 2-RDM element (2, 3, 2, 3) is -0.05365
Calculated 2-RDM element (3, 0, 3, 0) is -0.16820000000000002
Calculated 2-RDM element (2, 1, 2, 1) is -0.06364999999999998
Calculated 2-RDM element (3, 1, 3, 1) is -0.11165000000000003
Calculated 2-RDM element (3, 2, 3, 2) is -0.047249999999999986
Calculated 2-RDM element (0, 2, 1, 2) is -0.0357
Calculated 2-RDM element (0, 2, 0, 3) is 0.052875000000000005
Calculated 2-RDM element (0, 3, 1, 3) is -0.011375
Calculated 2-RDM element (0, 3, 2, 0) is -0.052275
Calculated 2-RDM element (2, 0, 2, 1) is -0.039450000000000006
Calculated 2-RDM element (1, 2, 2, 0) is 0.038525000000000004
Calculated 2-RDM element (2, 1, 0, 2) is 0.0351
Calculated 2-RDM element (1, 2, 1, 3) is 0.004024999999999999
Calculated 2-RDM element (1, 3, 2, 1) is -0.010525000000000001
Calculated 2-RDM element (2, 0, 3, 0) is 0.055225
Calculated 2-RDM element (2, 1, 3, 1) is 0.007349999999999999
Calculated 2-RDM element (1, 3, 3, 0) is 0.016149999999999998
Calculated 2-RDM element (3, 0, 0, 2) is -0.0478
Calculated 2-RDM element (3, 0, 3, 1) is -0.016550000000000002
Calculated 2-RDM element (3, 1, 0, 3) is 0.015600000000000001
Calculated 2-RDM element (3, 1, 1, 2) is -0.011175
Calculated 2-RDM element (0, 3, 1, 2) is 0.001987499999999996
Calculated 2-RDM element (0, 2, 1, 3) is 0.0869875
Calculated 2-RDM element (2, 0, 3, 1) is 0.08963749999999998
Calculated 2-RDM element (2, 1, 0, 3) is -0.0012499999999999976
Calculated 2-RDM element (3, 0, 2, 1) is 0.0056500000000000005
Calculated 2-RDM element (1, 3, 2, 0) is -0.08715
Calculated 2-RDM element (1, 2, 3, 0) is -0.0017375000000000012
Calculated 2-RDM element (3, 1, 0, 2) is -0.0871875
Execution time of get_two_rdm: 10.110795497894287 seconds
{'IIII': 1.0, 'IIZI': 0.6476, 'IIIZ': -0.7668, 'IIZZ': -0.6786, 'IZII': -0.5512, 'IZIZ': 0.5556, 'XYII': -0.0112, 'YYII': -0.1378, 'XYIZ': 0.0032, 'YYIZ': 0.0678, 'XXII': -0.1254, 'YXII': 0.0, 'XXIZ': 0.0892, 'YXIZ': -0.0056, 'IIXY': 0.0066, 'IZXY': 0.0246, 'IIYY': 0.0962, 'IZYY': -0.0414, 'IIXX': 0.1022, 'IZXX': -0.059, 'IIYX': -0.0054, 'IZYX': -0.005, 'XYXY': 0.1668, 'YYXY': 0.0044, 'XYYY': -0.0142, 'YYYY': -0.1942, 'XXXY': 0.0028, 'YXXY': -0.1766, 'XXYY': -0.196, 'YXYY': -0.0194, 'XYXX': 0.0136, 'YYXX': -0.1702, 'XYYX': -0.1694, 'YYYX': -0.0174, 'XXXX': -0.1758, 'YXXX': 0.0036, 'XXYX': -0.0182, 'YXYX': 0.1738, 'ZIII': 0.552, 'ZIIZ': -0.5384, 'ZIXY': -0.002, 'ZIYY': 0.0592, 'ZIXX': 0.0398, 'ZIYX': -0.0082, 'IZZI': -0.6434, 'XYZI': 0.0252, 'YYZI': -0.093, 'XXZI': -0.098, 'YXZI': 0.0138, 'ZIZI': 0.6316, 'ZZII': -0.8028}
Calculated 2-RDM element with Parallel after GPU Parallel 1st way, (0, 0, 0, 0) is 0.0
Calculated 2-RDM element with Parallel after GPU Parallel 1st way, (0, 0, 0, 1) is 0.0
Calculated 2-RDM element with Parallel after GPU Parallel 1st way, (0, 0, 1, 1) is 0.0
Calculated 2-RDM element with Parallel after GPU Parallel 1st way, (0, 1, 0, 1) is -0.11015000000000005
Calculated 2-RDM element with Parallel after GPU Parallel 1st way, (0, 1, 1, 1) is 0.0
Calculated 2-RDM element with Parallel after GPU Parallel 1st way, (0, 2, 0, 2) is -0.7184
Calculated 2-RDM element with Parallel after GPU Parallel 1st way, (0, 2, 0, 3) is 0.052525
Calculated 2-RDM element with Parallel after GPU Parallel 1st way, (0, 2, 1, 2) is -0.03735
Calculated 2-RDM element with Parallel after GPU Parallel 1st way, (0, 2, 1, 3) is 0.08892499999999999
Calculated 2-RDM element with Parallel after GPU Parallel 1st way, (0, 3, 0, 3) is -0.16909999999999997
Calculated 2-RDM element with Parallel after GPU Parallel 1st way, (0, 3, 1, 2) is 0.0031000000000000003
Calculated 2-RDM element with Parallel after GPU Parallel 1st way, (0, 3, 1, 3) is -0.012424999999999999
Calculated 2-RDM element with Parallel after GPU Parallel 1st way, (0, 3, 2, 0) is -0.052525
Calculated 2-RDM element with Parallel after GPU Parallel 1st way, (1, 0, 0, 0) is 0.0
Calculated 2-RDM element with Parallel after GPU Parallel 1st way, (1, 0, 1, 0) is -0.11015
Calculated 2-RDM element with Parallel after GPU Parallel 1st way, (1, 1, 1, 0) is 0.0
Calculated 2-RDM element with Parallel after GPU Parallel 1st way, (1, 1, 1, 1) is 0.0
Calculated 2-RDM element with Parallel after GPU Parallel 1st way, (1, 2, 1, 2) is -0.06505000000000005
Calculated 2-RDM element with Parallel after GPU Parallel 1st way, (1, 2, 1, 3) is 0.009025000000000002
Calculated 2-RDM element with Parallel after GPU Parallel 1st way, (1, 2, 2, 0) is 0.03735
Calculated 2-RDM element with Parallel after GPU Parallel 1st way, (1, 2, 3, 0) is -0.0031000000000000003
Calculated 2-RDM element with Parallel after GPU Parallel 1st way, (1, 3, 1, 3) is -0.10800000000000001
Calculated 2-RDM element with Parallel after GPU Parallel 1st way, (1, 3, 2, 0) is -0.08892499999999999
Calculated 2-RDM element with Parallel after GPU Parallel 1st way, (1, 3, 2, 1) is -0.009025000000000002
Calculated 2-RDM element with Parallel after GPU Parallel 1st way, (1, 3, 3, 0) is 0.012424999999999999
Calculated 2-RDM element with Parallel after GPU Parallel 1st way, (2, 0, 2, 0) is -0.7184
Calculated 2-RDM element with Parallel after GPU Parallel 1st way, (2, 0, 2, 1) is -0.03735
Calculated 2-RDM element with Parallel after GPU Parallel 1st way, (2, 0, 3, 0) is 0.052525
Calculated 2-RDM element with Parallel after GPU Parallel 1st way, (2, 0, 3, 1) is 0.088925
Calculated 2-RDM element with Parallel after GPU Parallel 1st way, (2, 1, 0, 2) is 0.03735
Calculated 2-RDM element with Parallel after GPU Parallel 1st way, (2, 1, 0, 3) is -0.0031000000000000003
Calculated 2-RDM element with Parallel after GPU Parallel 1st way, (2, 1, 2, 1) is -0.06505000000000002
Calculated 2-RDM element with Parallel after GPU Parallel 1st way, (2, 1, 3, 1) is 0.009025000000000002
Calculated 2-RDM element with Parallel after GPU Parallel 1st way, (2, 2, 2, 2) is 0.0
Calculated 2-RDM element with Parallel after GPU Parallel 1st way, (2, 2, 2, 3) is 0.0
Calculated 2-RDM element with Parallel after GPU Parallel 1st way, (2, 2, 3, 3) is 0.0
Calculated 2-RDM element with Parallel after GPU Parallel 1st way, (2, 3, 2, 3) is -0.049100000000000005
Calculated 2-RDM element with Parallel after GPU Parallel 1st way, (2, 3, 3, 3) is 0.0
Calculated 2-RDM element with Parallel after GPU Parallel 1st way, (3, 0, 0, 2) is -0.052525
Calculated 2-RDM element with Parallel after GPU Parallel 1st way, (3, 0, 2, 1) is 0.0031000000000000003
Calculated 2-RDM element with Parallel after GPU Parallel 1st way, (3, 0, 3, 0) is -0.16909999999999997
Calculated 2-RDM element with Parallel after GPU Parallel 1st way, (3, 0, 3, 1) is -0.012424999999999999
Calculated 2-RDM element with Parallel after GPU Parallel 1st way, (3, 1, 0, 2) is -0.08892499999999999
Calculated 2-RDM element with Parallel after GPU Parallel 1st way, (3, 1, 0, 3) is 0.012424999999999999
Calculated 2-RDM element with Parallel after GPU Parallel 1st way, (3, 1, 1, 2) is -0.009025000000000002
Calculated 2-RDM element with Parallel after GPU Parallel 1st way, (3, 1, 3, 1) is -0.10800000000000001
Calculated 2-RDM element with Parallel after GPU Parallel 1st way, (3, 2, 2, 2) is 0.0
Calculated 2-RDM element with Parallel after GPU Parallel 1st way, (3, 2, 3, 2) is -0.04910000000000003
Calculated 2-RDM element with Parallel after GPU Parallel 1st way, (3, 3, 3, 2) is 0.0
Calculated 2-RDM element with Parallel after GPU Parallel 1st way, (3, 3, 3, 3) is 0.0
Execution time of get_two_rdm_Parallel: 1.7808406352996826 seconds
Calculated 1-RDM element (0, 0) is 0.9843082949933846
Calculated 1-RDM element (3, 3) is 0.01569170490865901
Calculated 1-RDM element (1, 1) is 0.015691705006608936
Calculated 1-RDM element (2, 2) is 0.9843082950913344
Calculated 1-RDM element (0, 2) is 7.308319031694953e-22
Calculated 1-RDM element (2, 1) is -7.214422383058042e-17
Calculated 1-RDM element (1, 2) is -7.214422383058042e-17
Calculated 1-RDM element (1, 0) is 9.743236322451088e-06
Calculated 1-RDM element (1, 3) is 2.314436171654301e-22
Calculated 1-RDM element (2, 0) is 7.308319031694953e-22
Calculated 1-RDM element (0, 1) is 9.743236322451088e-06
Calculated 1-RDM element (0, 3) is 2.1276484357037738e-17
Calculated 1-RDM element (3, 2) is -2.3395236858015808e-07
Calculated 1-RDM element (3, 0) is 2.1276484357037738e-17
Calculated 1-RDM element (3, 1) is 2.314436171654301e-22
Calculated 1-RDM element (2, 3) is -2.3395236858015808e-07
Execution time of get_one_rdm: 0.8801660537719727 seconds
Calculated 1-RDM element with wavefunction (0, 3) is 2.1276484357037738e-17
Calculated 1-RDM element with wavefunction (0, 0) is 0.9843082949933813
Calculated 1-RDM element with wavefunction (1, 1) is 0.015691705006605713
Calculated 1-RDM element with wavefunction (1, 0) is 9.743236322451088e-06
Calculated 1-RDM element with wavefunction (1, 2) is -7.214422383058041e-17
Calculated 1-RDM element with wavefunction (2, 3) is -2.3395236858015808e-07
Calculated 1-RDM element with wavefunction (2, 1) is -7.214422383058041e-17
Calculated 1-RDM element with wavefunction (0, 1) is 9.743236322451088e-06
Calculated 1-RDM element with wavefunction (1, 3) is 2.3144361717124315e-22
Calculated 1-RDM element with wavefunction (0, 2) is 7.3083190317617e-22
Calculated 1-RDM element with wavefunction (3, 0) is 2.1276484357037738e-17
Calculated 1-RDM element with wavefunction (3, 2) is -2.3395236858015808e-07
Calculated 1-RDM element with wavefunction (3, 1) is 2.3144361717124315e-22
Calculated 1-RDM element with wavefunction (3, 3) is 0.01569170490865579
Calculated 1-RDM element with wavefunction (2, 0) is 7.3083190317617e-22
Calculated 1-RDM element with wavefunction (2, 2) is 0.9843082950913312
Execution time of get_one_rdm_wavefunction: 0.067657470703125 seconds
Calculated 1-RDM element (0, 0) is 0.8843
Calculated 1-RDM element (1, 1) is 0.17870000000000003
Calculated 1-RDM element (2, 2) is 0.7733
Calculated 1-RDM element (3, 3) is 0.2242
Calculated 1-RDM element (0, 1) is 0.0455
Calculated 1-RDM element (1, 0) is 0.052500000000000005
Calculated 1-RDM element (0, 3) is -0.0015
Calculated 1-RDM element (0, 2) is 0.00155
Calculated 1-RDM element (2, 0) is -0.00475
Calculated 1-RDM element (1, 2) is -0.00185
Calculated 1-RDM element (1, 3) is 0.0027
Calculated 1-RDM element (3, 2) is -0.0645
Calculated 1-RDM element (3, 0) is 0.0015
Calculated 1-RDM element (3, 1) is -0.00145
Calculated 1-RDM element (2, 1) is -0.00145
Calculated 1-RDM element (2, 3) is -0.06185
Execution time of get_one_rdm: 2.0890438556671143 seconds
--- [DONE]  Processing for d = 0.80. Data saved. ---
--- [START] Processing for d = 1.1 ---
Attempting to load file: /home/u2600410/H2/H2_1.1_sto-3g.pkl
Using CPU for noisy estimator...
Number of qubits: 4
Execution time of Gene_Qiskit_VQE_hamiltonian: 0.0016884803771972656 seconds
VQE Optimal Energy: -1.07919293
{   'aux_operators_evaluated': None,
    'cost_function_evals': 61,
    'eigenvalue': -1.079192925565514,
    'optimal_circuit': <qiskit_nature.second_q.circuit.library.ansatzes.uccsd.UCCSD object at 0x14947da56390>,
    'optimal_parameters': {   ParameterVectorElement(t[2]): -0.20701085460939486,
                              ParameterVectorElement(t[1]): 3.3609939743089955e-05,
                              ParameterVectorElement(t[0]): -9.365143890988096e-05},
    'optimal_point': array([-9.36514389e-05,  3.36099397e-05, -2.07010855e-01]),
    'optimal_value': -1.079192925565514,
    'optimizer_evals': None,
    'optimizer_result': <qiskit_algorithms.optimizers.optimizer.OptimizerResult object at 0x14947b6c3aa0>,
    'optimizer_time': 1.8557460308074951}
VQE Optimal Energy: -0.85251973
{   'aux_operators_evaluated': None,
    'cost_function_evals': 39,
    'eigenvalue': -0.8525197337213555,
    'optimal_circuit': <qiskit_nature.second_q.circuit.library.ansatzes.uccsd.UCCSD object at 0x149479658230>,
    'optimal_parameters': {   ParameterVectorElement(t[2]): -0.17122533475029364,
                              ParameterVectorElement(t[1]): -0.017538358461075768,
                              ParameterVectorElement(t[0]): -0.13327974990984515},
    'optimal_point': array([-0.13327975, -0.01753836, -0.17122533]),
    'optimal_value': -0.8525197337213555,
    'optimizer_evals': None,
    'optimizer_result': <qiskit_algorithms.optimizers.optimizer.OptimizerResult object at 0x14947b8a3740>,
    'optimizer_time': 5.567716121673584}
{'IIII': 1.0, 'IIZI': 0.6326, 'IIIZ': -0.7356, 'IIZZ': -0.6858, 'IZII': -0.5602, 'IZIZ': 0.55, 'XYII': -0.0028, 'YYII': -0.0096, 'XYIZ': 0.01, 'YYIZ': -0.0372, 'XXII': -0.0178, 'YXII': -0.0126, 'XXIZ': -0.049, 'YXIZ': -0.0154, 'IIXY': -0.0074, 'IZXY': 0.0072, 'IIYY': 0.1634, 'IZYY': -0.1614, 'IIXX': 0.1716, 'IZXX': -0.1662, 'IIYX': -0.0008, 'IZYX': -0.003, 'XYXY': 0.1916, 'YYXY': 0.0012, 'XYYY': -0.0094, 'YYYY': -0.1834, 'XXXY': 0.0024, 'YXXY': -0.2052, 'XXYY': -0.1776, 'YXYY': -0.0218, 'XYXX': 0.018, 'YYXX': -0.1994, 'XYYX': -0.2062, 'YYYX': 0.0128, 'XXXX': -0.1892, 'YXXX': 0.0006, 'XXYX': -0.0106, 'YXYX': 0.197, 'ZIII': 0.5554, 'ZIIZ': -0.5388, 'ZIXY': -0.0066, 'ZIYY': 0.1152, 'ZIXX': 0.1436, 'ZIYX': 0.0152, 'IZZI': -0.6294, 'XYZI': -0.032, 'YYZI': 0.0476, 'XXZI': 0.0556, 'YXZI': 0.0016, 'ZIZI': 0.6302, 'ZZII': -0.7968}
Calculated 2-RDM element with Parallel after GPU Parallel 1st way, (0, 0, 0, 0) is 0.0
Calculated 2-RDM element with Parallel after GPU Parallel 1st way, (0, 0, 0, 1) is 0.0
Calculated 2-RDM element with Parallel after GPU Parallel 1st way, (0, 0, 1, 1) is 0.0
Calculated 2-RDM element with Parallel after GPU Parallel 1st way, (0, 1, 0, 1) is -0.1043
Calculated 2-RDM element with Parallel after GPU Parallel 1st way, (0, 1, 1, 1) is 0.0
Calculated 2-RDM element with Parallel after GPU Parallel 1st way, (0, 2, 0, 2) is -0.7114499999999999
Calculated 2-RDM element with Parallel after GPU Parallel 1st way, (0, 2, 0, 3) is -0.007350000000000001
Calculated 2-RDM element with Parallel after GPU Parallel 1st way, (0, 2, 1, 2) is -0.082825
Calculated 2-RDM element with Parallel after GPU Parallel 1st way, (0, 2, 1, 3) is 0.09685
Calculated 2-RDM element with Parallel after GPU Parallel 1st way, (0, 3, 0, 3) is -0.16035000000000005
Calculated 2-RDM element with Parallel after GPU Parallel 1st way, (0, 3, 1, 2) is -0.0031499999999999983
Calculated 2-RDM element with Parallel after GPU Parallel 1st way, (0, 3, 1, 3) is -0.009524999999999999
Calculated 2-RDM element with Parallel after GPU Parallel 1st way, (0, 3, 2, 0) is 0.00735
Calculated 2-RDM element with Parallel after GPU Parallel 1st way, (1, 0, 0, 0) is 0.0
Calculated 2-RDM element with Parallel after GPU Parallel 1st way, (1, 0, 1, 0) is -0.1043
Calculated 2-RDM element with Parallel after GPU Parallel 1st way, (1, 1, 1, 0) is 0.0
Calculated 2-RDM element with Parallel after GPU Parallel 1st way, (1, 1, 1, 1) is 0.0
Calculated 2-RDM element with Parallel after GPU Parallel 1st way, (1, 2, 1, 2) is -0.07455
Calculated 2-RDM element with Parallel after GPU Parallel 1st way, (1, 2, 1, 3) is 0.016325
Calculated 2-RDM element with Parallel after GPU Parallel 1st way, (1, 2, 2, 0) is 0.082825
Calculated 2-RDM element with Parallel after GPU Parallel 1st way, (1, 2, 3, 0) is 0.0031499999999999983
Calculated 2-RDM element with Parallel after GPU Parallel 1st way, (1, 3, 1, 3) is -0.11054999999999998
Calculated 2-RDM element with Parallel after GPU Parallel 1st way, (1, 3, 2, 0) is -0.09685
Calculated 2-RDM element with Parallel after GPU Parallel 1st way, (1, 3, 2, 1) is -0.016325
Calculated 2-RDM element with Parallel after GPU Parallel 1st way, (1, 3, 3, 0) is 0.009524999999999999
Calculated 2-RDM element with Parallel after GPU Parallel 1st way, (2, 0, 2, 0) is -0.7114499999999999
Calculated 2-RDM element with Parallel after GPU Parallel 1st way, (2, 0, 2, 1) is -0.082825
Calculated 2-RDM element with Parallel after GPU Parallel 1st way, (2, 0, 3, 0) is -0.007350000000000001
Calculated 2-RDM element with Parallel after GPU Parallel 1st way, (2, 0, 3, 1) is 0.09685
Calculated 2-RDM element with Parallel after GPU Parallel 1st way, (2, 1, 0, 2) is 0.082825
Calculated 2-RDM element with Parallel after GPU Parallel 1st way, (2, 1, 0, 3) is 0.0031499999999999983
Calculated 2-RDM element with Parallel after GPU Parallel 1st way, (2, 1, 2, 1) is -0.07455
Calculated 2-RDM element with Parallel after GPU Parallel 1st way, (2, 1, 3, 1) is 0.016325
Calculated 2-RDM element with Parallel after GPU Parallel 1st way, (2, 2, 2, 2) is 0.0
Calculated 2-RDM element with Parallel after GPU Parallel 1st way, (2, 2, 2, 3) is 0.0
Calculated 2-RDM element with Parallel after GPU Parallel 1st way, (2, 2, 3, 3) is 0.0
Calculated 2-RDM element with Parallel after GPU Parallel 1st way, (2, 3, 2, 3) is -0.05199999999999999
Calculated 2-RDM element with Parallel after GPU Parallel 1st way, (2, 3, 3, 3) is 0.0
Calculated 2-RDM element with Parallel after GPU Parallel 1st way, (3, 0, 0, 2) is 0.00735
Calculated 2-RDM element with Parallel after GPU Parallel 1st way, (3, 0, 2, 1) is -0.0031499999999999983
Calculated 2-RDM element with Parallel after GPU Parallel 1st way, (3, 0, 3, 0) is -0.16035000000000005
Calculated 2-RDM element with Parallel after GPU Parallel 1st way, (3, 0, 3, 1) is -0.009524999999999999
Calculated 2-RDM element with Parallel after GPU Parallel 1st way, (3, 1, 0, 2) is -0.09685
Calculated 2-RDM element with Parallel after GPU Parallel 1st way, (3, 1, 0, 3) is 0.009524999999999999
Calculated 2-RDM element with Parallel after GPU Parallel 1st way, (3, 1, 1, 2) is -0.016325
Calculated 2-RDM element with Parallel after GPU Parallel 1st way, (3, 1, 3, 1) is -0.11054999999999998
Calculated 2-RDM element with Parallel after GPU Parallel 1st way, (3, 2, 2, 2) is 0.0
Calculated 2-RDM element with Parallel after GPU Parallel 1st way, (3, 2, 3, 2) is -0.05199999999999999
Calculated 2-RDM element with Parallel after GPU Parallel 1st way, (3, 3, 3, 2) is 0.0
Calculated 2-RDM element with Parallel after GPU Parallel 1st way, (3, 3, 3, 3) is 0.0
Execution time of get_two_rdm_Parallel: 4.603786945343018 seconds
Calculated 2-RDM element with Parallel after GPU Parallel 2nd way, (0, 0, 0, 0) is 0.0
Calculated 2-RDM element with Parallel after GPU Parallel 2nd way, (0, 0, 0, 1) is 0.0
Calculated 2-RDM element with Parallel after GPU Parallel 2nd way, (0, 0, 1, 1) is 0.0
Calculated 2-RDM element with Parallel after GPU Parallel 2nd way, (0, 1, 0, 1) is -0.10624999999999998
Calculated 2-RDM element with Parallel after GPU Parallel 2nd way, (0, 1, 1, 1) is 0.0
Calculated 2-RDM element with Parallel after GPU Parallel 2nd way, (0, 2, 0, 2) is -0.70445
Calculated 2-RDM element with Parallel after GPU Parallel 2nd way, (0, 2, 0, 3) is -0.009975
Calculated 2-RDM element with Parallel after GPU Parallel 2nd way, (0, 2, 1, 2) is -0.080675
Calculated 2-RDM element with Parallel after GPU Parallel 2nd way, (0, 2, 1, 3) is 0.09762499999999999
Calculated 2-RDM element with Parallel after GPU Parallel 2nd way, (0, 3, 0, 3) is -0.15955
Calculated 2-RDM element with Parallel after GPU Parallel 2nd way, (0, 3, 1, 2) is -0.003925000000000001
Calculated 2-RDM element with Parallel after GPU Parallel 2nd way, (0, 3, 1, 3) is -0.005549999999999996
Calculated 2-RDM element with Parallel after GPU Parallel 2nd way, (0, 3, 2, 0) is 0.009975000000000001
Calculated 2-RDM element with Parallel after GPU Parallel 2nd way, (1, 0, 0, 0) is 0.0
Calculated 2-RDM element with Parallel after GPU Parallel 2nd way, (1, 0, 1, 0) is -0.10624999999999998
Calculated 2-RDM element with Parallel after GPU Parallel 2nd way, (1, 1, 1, 0) is 0.0
Calculated 2-RDM element with Parallel after GPU Parallel 2nd way, (1, 1, 1, 1) is 0.0
Calculated 2-RDM element with Parallel after GPU Parallel 2nd way, (1, 2, 1, 2) is -0.07309999999999997
Calculated 2-RDM element with Parallel after GPU Parallel 2nd way, (1, 2, 1, 3) is 0.0117
Calculated 2-RDM element with Parallel after GPU Parallel 2nd way, (1, 2, 2, 0) is 0.080675
Calculated 2-RDM element with Parallel after GPU Parallel 2nd way, (1, 2, 3, 0) is 0.003925000000000001
Calculated 2-RDM element with Parallel after GPU Parallel 2nd way, (1, 3, 1, 3) is -0.11474999999999999
Calculated 2-RDM element with Parallel after GPU Parallel 2nd way, (1, 3, 2, 0) is -0.097625
Calculated 2-RDM element with Parallel after GPU Parallel 2nd way, (1, 3, 2, 1) is -0.0117
Calculated 2-RDM element with Parallel after GPU Parallel 2nd way, (1, 3, 3, 0) is 0.005549999999999996
Calculated 2-RDM element with Parallel after GPU Parallel 2nd way, (2, 0, 2, 0) is -0.70445
Calculated 2-RDM element with Parallel after GPU Parallel 2nd way, (2, 0, 2, 1) is -0.080675
Calculated 2-RDM element with Parallel after GPU Parallel 2nd way, (2, 0, 3, 0) is -0.009975
Calculated 2-RDM element with Parallel after GPU Parallel 2nd way, (2, 0, 3, 1) is 0.09762499999999999
Calculated 2-RDM element with Parallel after GPU Parallel 2nd way, (2, 1, 0, 2) is 0.080675
Calculated 2-RDM element with Parallel after GPU Parallel 2nd way, (2, 1, 0, 3) is 0.003925000000000001
Calculated 2-RDM element with Parallel after GPU Parallel 2nd way, (2, 1, 2, 1) is -0.0731
Calculated 2-RDM element with Parallel after GPU Parallel 2nd way, (2, 1, 3, 1) is 0.0117
Calculated 2-RDM element with Parallel after GPU Parallel 2nd way, (2, 2, 2, 2) is 0.0
Calculated 2-RDM element with Parallel after GPU Parallel 2nd way, (2, 2, 2, 3) is 0.0
Calculated 2-RDM element with Parallel after GPU Parallel 2nd way, (2, 2, 3, 3) is 0.0
Calculated 2-RDM element with Parallel after GPU Parallel 2nd way, (2, 3, 2, 3) is -0.0504
Calculated 2-RDM element with Parallel after GPU Parallel 2nd way, (2, 3, 3, 3) is 0.0
Calculated 2-RDM element with Parallel after GPU Parallel 2nd way, (3, 0, 0, 2) is 0.009975000000000001
Calculated 2-RDM element with Parallel after GPU Parallel 2nd way, (3, 0, 2, 1) is -0.003925000000000001
Calculated 2-RDM element with Parallel after GPU Parallel 2nd way, (3, 0, 3, 0) is -0.15955
Calculated 2-RDM element with Parallel after GPU Parallel 2nd way, (3, 0, 3, 1) is -0.005549999999999996
Calculated 2-RDM element with Parallel after GPU Parallel 2nd way, (3, 1, 0, 2) is -0.097625
Calculated 2-RDM element with Parallel after GPU Parallel 2nd way, (3, 1, 0, 3) is 0.005549999999999996
Calculated 2-RDM element with Parallel after GPU Parallel 2nd way, (3, 1, 1, 2) is -0.0117
Calculated 2-RDM element with Parallel after GPU Parallel 2nd way, (3, 1, 3, 1) is -0.11474999999999999
Calculated 2-RDM element with Parallel after GPU Parallel 2nd way, (3, 2, 2, 2) is 0.0
Calculated 2-RDM element with Parallel after GPU Parallel 2nd way, (3, 2, 3, 2) is -0.05039999999999997
Calculated 2-RDM element with Parallel after GPU Parallel 2nd way, (3, 3, 3, 2) is 0.0
Calculated 2-RDM element with Parallel after GPU Parallel 2nd way, (3, 3, 3, 3) is 0.0
Execution time of get_two_rdm_Parallel2: 1.7744090557098389 seconds
{'IIII': 1.0, 'IIZI': 0.633, 'IIIZ': -0.7442, 'IIZZ': -0.6828, 'IZII': -0.54, 'IZIZ': 0.5404, 'XYII': -0.0058, 'YYII': -0.0236, 'XYIZ': 0.0036, 'YYIZ': -0.0564, 'XXII': -0.0118, 'YXII': -0.0006, 'XXIZ': -0.0422, 'YXIZ': -0.0074, 'IIXY': 0.02, 'IZXY': 0.002, 'IIYY': 0.1688, 'IZYY': -0.1422, 'IIXX': 0.1632, 'IZXX': -0.141, 'IIYX': -0.0052, 'IZYX': -0.0004, 'XYXY': 0.1798, 'YYXY': -0.004, 'XYYY': 0.011, 'YYYY': -0.2004, 'XXXY': -0.0028, 'YXXY': -0.1918, 'XXYY': -0.1972, 'YXYY': -0.0058, 'XYXX': 0.0184, 'YYXX': -0.182, 'XYYX': -0.1896, 'YYYX': -0.0166, 'XXXX': -0.186, 'YXXX': -0.0108, 'XXYX': -0.0054, 'YXYX': 0.1926, 'ZIII': 0.5602, 'ZIIZ': -0.5462, 'ZIXY': -0.016, 'ZIYY': 0.1416, 'ZIXX': 0.1552, 'ZIYX': -0.0166, 'IZZI': -0.639, 'XYZI': 0.0108, 'YYZI': 0.0496, 'XXZI': 0.055, 'YXZI': 0.0076, 'ZIZI': 0.6418, 'ZZII': -0.8202}
Calculated 2-RDM element with Parallel after GPU Parallel 3th way, (0, 0, 0, 0) is 0.0
Calculated 2-RDM element with Parallel after GPU Parallel 3th way, (0, 0, 0, 1) is 0.0
Calculated 2-RDM element with Parallel after GPU Parallel 3th way, (0, 0, 1, 1) is 0.0
Calculated 2-RDM element with Parallel after GPU Parallel 3th way, (0, 1, 0, 1) is -0.1071
Calculated 2-RDM element with Parallel after GPU Parallel 3th way, (0, 2, 1, 2) is -0.0769
Calculated 2-RDM element with Parallel after GPU Parallel 3th way, (0, 2, 0, 3) is -0.0079
Calculated 2-RDM element with Parallel after GPU Parallel 3th way, (0, 1, 1, 1) is 0.0
Calculated 2-RDM element with Parallel after GPU Parallel 3th way, (0, 3, 1, 3) is -0.004400000000000001
Calculated 2-RDM element with Parallel after GPU Parallel 3th way, (1, 1, 1, 0) is 0.0
Calculated 2-RDM element with Parallel after GPU Parallel 3th way, (0, 3, 2, 0) is 0.0079
Calculated 2-RDM element with Parallel after GPU Parallel 3th way, (1, 0, 0, 0) is 0.0
Calculated 2-RDM element with Parallel after GPU Parallel 3th way, (0, 3, 0, 3) is -0.15944999999999998
Calculated 2-RDM element with Parallel after GPU Parallel 3th way, (1, 1, 1, 1) is 0.0
Calculated 2-RDM element with Parallel after GPU Parallel 3th way, (1, 0, 1, 0) is -0.1071
Calculated 2-RDM element with Parallel after GPU Parallel 3th way, (1, 2, 1, 2) is -0.067
Calculated 2-RDM element with Parallel after GPU Parallel 3th way, (1, 3, 2, 1) is -0.017499999999999998
Calculated 2-RDM element with Parallel after GPU Parallel 3th way, (0, 3, 1, 2) is 0.0007375000000000003
Calculated 2-RDM element with Parallel after GPU Parallel 3th way, (1, 3, 3, 0) is 0.004400000000000001
Calculated 2-RDM element with Parallel after GPU Parallel 3th way, (1, 3, 2, 0) is -0.09496249999999999
Calculated 2-RDM element with Parallel after GPU Parallel 3th way, (2, 1, 0, 2) is 0.0769
Calculated 2-RDM element with Parallel after GPU Parallel 3th way, (2, 2, 2, 2) is 0.0
Calculated 2-RDM element with Parallel after GPU Parallel 3th way, (0, 2, 0, 2) is -0.70615
Calculated 2-RDM element with Parallel after GPU Parallel 3th way, (0, 2, 1, 3) is 0.09496249999999999
Calculated 2-RDM element with Parallel after GPU Parallel 3th way, (2, 0, 3, 0) is -0.0079
Calculated 2-RDM element with Parallel after GPU Parallel 3th way, (2, 0, 2, 1) is -0.0769
Calculated 2-RDM element with Parallel after GPU Parallel 3th way, (2, 0, 3, 1) is 0.09496249999999999
Calculated 2-RDM element with Parallel after GPU Parallel 3th way, (1, 2, 2, 0) is 0.0769
Calculated 2-RDM element with Parallel after GPU Parallel 3th way, (1, 2, 3, 0) is -0.0007375000000000003
Calculated 2-RDM element with Parallel after GPU Parallel 3th way, (3, 1, 0, 2) is -0.09496249999999999
Calculated 2-RDM element with Parallel after GPU Parallel 3th way, (3, 0, 3, 0) is -0.15944999999999998
Calculated 2-RDM element with Parallel after GPU Parallel 3th way, (2, 0, 2, 0) is -0.70615
Calculated 2-RDM element with Parallel after GPU Parallel 3th way, (3, 2, 2, 2) is 0.0
Calculated 2-RDM element with Parallel after GPU Parallel 3th way, (2, 2, 3, 3) is 0.0
Calculated 2-RDM element with Parallel after GPU Parallel 3th way, (1, 3, 1, 3) is -0.11215
Calculated 2-RDM element with Parallel after GPU Parallel 3th way, (3, 3, 3, 3) is 0.0
Calculated 2-RDM element with Parallel after GPU Parallel 3th way, (2, 1, 3, 1) is 0.017499999999999998
Calculated 2-RDM element with Parallel after GPU Parallel 3th way, (3, 0, 2, 1) is 0.0007375000000000003
Calculated 2-RDM element with Parallel after GPU Parallel 3th way, (3, 1, 3, 1) is -0.11215
Calculated 2-RDM element with Parallel after GPU Parallel 3th way, (2, 2, 2, 3) is 0.0
Calculated 2-RDM element with Parallel after GPU Parallel 3th way, (3, 1, 1, 2) is -0.017499999999999998
Calculated 2-RDM element with Parallel after GPU Parallel 3th way, (3, 3, 3, 2) is 0.0
Calculated 2-RDM element with Parallel after GPU Parallel 3th way, (1, 2, 1, 3) is 0.017499999999999998
Calculated 2-RDM element with Parallel after GPU Parallel 3th way, (3, 0, 3, 1) is -0.004400000000000001
Calculated 2-RDM element with Parallel after GPU Parallel 3th way, (2, 1, 0, 3) is -0.0007375000000000003
Calculated 2-RDM element with Parallel after GPU Parallel 3th way, (2, 1, 2, 1) is -0.067
Calculated 2-RDM element with Parallel after GPU Parallel 3th way, (3, 0, 0, 2) is 0.0079
Calculated 2-RDM element with Parallel after GPU Parallel 3th way, (2, 3, 3, 3) is 0.0
Calculated 2-RDM element with Parallel after GPU Parallel 3th way, (2, 3, 2, 3) is -0.03989999999999999
Calculated 2-RDM element with Parallel after GPU Parallel 3th way, (3, 1, 0, 3) is 0.004400000000000001
Calculated 2-RDM element with Parallel after GPU Parallel 3th way, (3, 2, 3, 2) is -0.03989999999999999
Execution time of get_two_rdm_Parallel3: 1.950371265411377 seconds
Number of 'cx' gates before replacing gates: 56
Number of 'h' gates before replacing gates: 72
Number of 's' gates before replacing gates: 24
Number of 'rz' gates before replacing gates: 32
Number of 'x' gates before replacing gates: 0
Number of 'y' gates before replacing gates: 0
Number of parameterized gates before replacing gates: 0
{ParameterVectorElement(t[0]): -9.365143890988096e-05, ParameterVectorElement(t[1]): 3.3609939743089955e-05, ParameterVectorElement(t[2]): -0.20701085460939486}
Total parameter gates replaced: 0
Number of 'cx' gates after replacing gates: 56
Number of 'h' gates after replacing gates: 72
Number of 's' gates after replacing gates: 24
Number of 'rz' gates after replacing gates: 32
Number of 'x' gates after replacing gates: 0
Number of 'y' gates after replacing gates: 0
Number of 'z' gates after replacing gates: 0
Gate replacement successful.
Calculated 1-RDM element with wavefunction (0, 0) is 0.9577551501395506
Calculated 1-RDM element with wavefunction (0, 2) is 4.046788965581881e-21
Calculated 1-RDM element with wavefunction (0, 1) is 9.855998396242315e-05
Calculated 1-RDM element with wavefunction (1, 2) is -5.867909006834384e-17
Calculated 1-RDM element with wavefunction (1, 0) is 9.855998396242315e-05
Calculated 1-RDM element with wavefunction (2, 3) is -5.214105094474282e-05
Calculated 1-RDM element with wavefunction (2, 1) is -5.867909006834384e-17
Calculated 1-RDM element with wavefunction (1, 3) is -9.49604093273704e-22
Calculated 1-RDM element with wavefunction (1, 1) is 0.04224484986043765
Calculated 1-RDM element with wavefunction (0, 3) is -3.9863660712358385e-17
Calculated 1-RDM element with wavefunction (2, 2) is 0.9577551577805145
Calculated 1-RDM element with wavefunction (3, 1) is -9.49604093273704e-22
Calculated 1-RDM element with wavefunction (3, 0) is -3.9863660712358385e-17
Calculated 1-RDM element with wavefunction (2, 0) is 4.046788965581881e-21
Calculated 1-RDM element with wavefunction (3, 2) is -5.214105094474282e-05
Calculated 1-RDM element with wavefunction (3, 3) is 0.042244842219473715
Execution time of get_one_rdm_wavefunction: 0.07951855659484863 seconds
Calculated 2-RDM element with wavefunction (0, 0, 0, 0) is 0.0
Calculated 2-RDM element with wavefunction (0, 0, 1, 1) is 0.0
Calculated 2-RDM element with wavefunction (0, 0, 0, 1) is 0.0
Calculated 2-RDM element with wavefunction (0, 1, 1, 1) is 0.0
Calculated 2-RDM element with wavefunction (0, 1, 0, 1) is -2.6859351753650747e-31
Calculated 2-RDM element with wavefunction (0, 2, 0, 3) is 3.2892355814429586e-05
Calculated 2-RDM element with wavefunction (0, 2, 1, 3) is 0.20114724475593904
Calculated 2-RDM element with wavefunction (0, 3, 0, 3) is -1.1296280392138417e-09
Calculated 2-RDM element with wavefunction (0, 2, 1, 2) is -9.165194827872676e-05
Calculated 2-RDM element with wavefunction (0, 2, 0, 2) is -0.9577551490099225
Calculated 2-RDM element with wavefunction (0, 3, 1, 3) is -6.908035683696394e-06
Calculated 2-RDM element with wavefunction (1, 0, 1, 0) is -2.6859351753650747e-31
Calculated 2-RDM element with wavefunction (1, 0, 0, 0) is 0.0
Calculated 2-RDM element with wavefunction (0, 3, 2, 0) is -3.2892355814429586e-05
Calculated 2-RDM element with wavefunction (0, 3, 1, 2) is 3.1476191978565344e-09
Calculated 2-RDM element with wavefunction (1, 2, 1, 3) is 1.924869513031323e-05
Calculated 2-RDM element with wavefunction (1, 2, 3, 0) is -3.1476191978565344e-09
Calculated 2-RDM element with wavefunction (1, 1, 1, 0) is 0.0
Calculated 2-RDM element with wavefunction (1, 3, 2, 1) is -1.924869513031323e-05
Calculated 2-RDM element with wavefunction (1, 3, 1, 3) is -0.04224484108984568
Calculated 2-RDM element with wavefunction (1, 3, 3, 0) is 6.908035683696394e-06
Calculated 2-RDM element with wavefunction (1, 2, 1, 2) is -8.770591974337044e-09
Calculated 2-RDM element with wavefunction (1, 1, 1, 1) is 0.0
Calculated 2-RDM element with wavefunction (2, 0, 2, 1) is -9.165194827872676e-05
Calculated 2-RDM element with wavefunction (2, 0, 3, 0) is 3.2892355814429586e-05
Calculated 2-RDM element with wavefunction (2, 0, 3, 1) is 0.20114724475593904
Calculated 2-RDM element with wavefunction (2, 1, 0, 3) is -3.1476191978565344e-09
Calculated 2-RDM element with wavefunction (1, 3, 2, 0) is -0.20114724475593904
Calculated 2-RDM element with wavefunction (1, 2, 2, 0) is 9.165194827872676e-05
Calculated 2-RDM element with wavefunction (3, 0, 2, 1) is 3.1476191978565344e-09
Calculated 2-RDM element with wavefunction (2, 1, 2, 1) is -8.770591974337044e-09
Calculated 2-RDM element with wavefunction (2, 2, 2, 3) is 0.0
Calculated 2-RDM element with wavefunction (3, 1, 0, 2) is -0.20114724475593904
Calculated 2-RDM element with wavefunction (2, 0, 2, 0) is -0.9577551490099225
Calculated 2-RDM element with wavefunction (3, 2, 2, 2) is 0.0
Calculated 2-RDM element with wavefunction (2, 1, 0, 2) is 9.165194827872676e-05
Calculated 2-RDM element with wavefunction (2, 2, 2, 2) is 0.0
Calculated 2-RDM element with wavefunction (3, 1, 3, 1) is -0.04224484108984568
Calculated 2-RDM element with wavefunction (2, 3, 3, 3) is 0.0
Calculated 2-RDM element with wavefunction (2, 1, 3, 1) is 1.924869513031323e-05
Calculated 2-RDM element with wavefunction (3, 3, 3, 2) is 0.0
Calculated 2-RDM element with wavefunction (2, 3, 2, 3) is -8.506566166920501e-32
Calculated 2-RDM element with wavefunction (3, 0, 3, 1) is -6.908035683696394e-06
Calculated 2-RDM element with wavefunction (3, 2, 3, 2) is -8.506566166920501e-32
Calculated 2-RDM element with wavefunction (3, 3, 3, 3) is 0.0
Calculated 2-RDM element with wavefunction (3, 1, 1, 2) is -1.924869513031323e-05
Calculated 2-RDM element with wavefunction (3, 1, 0, 3) is 6.908035683696394e-06
Calculated 2-RDM element with wavefunction (3, 0, 3, 0) is -1.1296280392138417e-09
Calculated 2-RDM element with wavefunction (3, 0, 0, 2) is -3.2892355814429586e-05
Calculated 2-RDM element with wavefunction (2, 2, 3, 3) is 0.0
Execution time of get_two_rdm_wavefunction: 0.30481553077697754 seconds
Calculated 2-RDM element (0, 0, 0, 1) is 0.0
Calculated 2-RDM element (0, 0, 0, 0) is 0.0
Calculated 2-RDM element (0, 0, 1, 1) is 0.0
Calculated 2-RDM element (0, 1, 1, 1) is 0.0
Calculated 2-RDM element (2, 2, 2, 2) is 0.0
Calculated 2-RDM element (1, 1, 1, 0) is 0.0
Calculated 2-RDM element (1, 0, 0, 0) is 0.0
Calculated 2-RDM element (2, 2, 3, 3) is 0.0
Calculated 2-RDM element (1, 1, 1, 1) is 0.0
Calculated 2-RDM element (2, 3, 3, 3) is 0.0
Calculated 2-RDM element (2, 2, 2, 3) is 0.0
Calculated 2-RDM element (3, 2, 2, 2) is 0.0
Calculated 2-RDM element (3, 3, 3, 2) is 0.0
Calculated 2-RDM element (3, 3, 3, 3) is 0.0
Calculated 2-RDM element (2, 0, 2, 0) is -0.71025
Calculated 2-RDM element (1, 3, 1, 3) is -0.12395
Calculated 2-RDM element (1, 2, 1, 2) is -0.06475
Calculated 2-RDM element (2, 1, 2, 1) is -0.06324999999999997
Calculated 2-RDM element (0, 1, 0, 1) is -0.10635
Calculated 2-RDM element (0, 2, 0, 2) is -0.7068
Calculated 2-RDM element (1, 0, 1, 0) is -0.1028
Calculated 2-RDM element (0, 3, 0, 3) is -0.16974999999999996
Calculated 2-RDM element (2, 3, 2, 3) is -0.051350000000000035
Calculated 2-RDM element (3, 0, 3, 0) is -0.16219999999999996
Calculated 2-RDM element (3, 1, 3, 1) is -0.1257
Calculated 2-RDM element (3, 2, 3, 2) is -0.05210000000000006
Calculated 2-RDM element (2, 0, 2, 1) is -0.003075
Calculated 2-RDM element (2, 1, 0, 2) is -0.00042500000000000025
Calculated 2-RDM element (0, 3, 1, 3) is -0.004475
Calculated 2-RDM element (1, 3, 3, 0) is -0.0013
Calculated 2-RDM element (2, 0, 3, 0) is 0.00155
Calculated 2-RDM element (0, 2, 1, 2) is -0.0037
Calculated 2-RDM element (2, 1, 3, 1) is -0.0002999999999999999
Calculated 2-RDM element (1, 3, 2, 1) is -0.0016
Calculated 2-RDM element (1, 2, 2, 0) is 0.0007999999999999999
Calculated 2-RDM element (1, 2, 1, 3) is -0.0012499999999999998
Calculated 2-RDM element (0, 3, 2, 0) is 0.0020250000000000003
Calculated 2-RDM element (0, 2, 0, 3) is 0.0009750000000000001
Calculated 2-RDM element (3, 0, 3, 1) is 0.002125
Calculated 2-RDM element (3, 1, 0, 3) is -0.00315
Calculated 2-RDM element (3, 1, 1, 2) is -0.001675
Calculated 2-RDM element (3, 0, 0, 2) is -0.0024
Calculated 2-RDM element (2, 1, 0, 3) is 0.0009124999999999984
Calculated 2-RDM element (0, 3, 1, 2) is 0.0025374999999999964
Calculated 2-RDM element (0, 2, 1, 3) is 0.11956249999999999
Calculated 2-RDM element (2, 0, 3, 1) is 0.11623750000000001
Calculated 2-RDM element (1, 3, 2, 0) is -0.1186125
Calculated 2-RDM element (3, 1, 0, 2) is -0.116475
Calculated 2-RDM element (3, 0, 2, 1) is -0.0004374999999999969
Calculated 2-RDM element (1, 2, 3, 0) is 0.0011500000000000035
Execution time of get_two_rdm: 12.722883462905884 seconds
Calculated 1-RDM element (0, 0) is 0.8726
Calculated 1-RDM element (2, 2) is 0.7659
Calculated 1-RDM element (3, 3) is 0.2385
Calculated 1-RDM element (1, 1) is 0.18630000000000002
Calculated 1-RDM element (1, 3) is 0.00515
Calculated 1-RDM element (0, 3) is -9.999999999999994e-05
Calculated 1-RDM element (0, 2) is 0.0067
Calculated 1-RDM element (0, 1) is 0.001
Calculated 1-RDM element (1, 0) is -0.0007999999999999999
Calculated 1-RDM element (3, 1) is 0.00039999999999999996
Calculated 1-RDM element (1, 2) is -0.0014
Calculated 1-RDM element (3, 0) is 0.00039999999999999996
Calculated 1-RDM element (2, 1) is -0.00125
Calculated 1-RDM element (2, 0) is 0.0064
Calculated 1-RDM element (3, 2) is 0.00425
Calculated 1-RDM element (2, 3) is 0.00515
Execution time of get_one_rdm: 2.0382628440856934 seconds
Calculated 2-RDM element (0, 0, 1, 1) is 0.0
Calculated 2-RDM element (0, 0, 0, 0) is 0.0
Calculated 2-RDM element (0, 1, 1, 1) is 0.0
Calculated 2-RDM element (0, 0, 0, 1) is 0.0
Calculated 2-RDM element (1, 0, 0, 0) is 0.0
Calculated 2-RDM element (1, 1, 1, 1) is 0.0
Calculated 2-RDM element (1, 1, 1, 0) is 0.0
Calculated 2-RDM element (2, 2, 2, 2) is 0.0
Calculated 2-RDM element (2, 2, 3, 3) is 0.0
Calculated 2-RDM element (2, 2, 2, 3) is 0.0
Calculated 2-RDM element (2, 3, 3, 3) is 0.0
Calculated 2-RDM element (3, 2, 2, 2) is 0.0
Calculated 2-RDM element (3, 3, 3, 3) is 0.0
Calculated 2-RDM element (3, 3, 3, 2) is 0.0
Calculated 2-RDM element (0, 3, 0, 3) is -1.1296296398288774e-09
Calculated 2-RDM element (0, 2, 0, 2) is -0.9577551490099232
Calculated 2-RDM element (1, 0, 1, 0) is -1.6375789613221059e-15
Calculated 2-RDM element (1, 2, 1, 2) is -8.770593556972628e-09
Calculated 2-RDM element (0, 1, 0, 1) is -1.6375789613221059e-15
Calculated 2-RDM element (3, 0, 3, 0) is -1.1296296398288774e-09
Calculated 2-RDM element (2, 0, 2, 0) is -0.9577551490099232
Calculated 2-RDM element (1, 3, 1, 3) is -0.04224484108984716
Calculated 2-RDM element (2, 1, 2, 1) is -8.770593556972628e-09
Calculated 2-RDM element (2, 3, 2, 3) is -1.609823385706477e-15
Calculated 2-RDM element (3, 1, 3, 1) is -0.04224484108984716
Calculated 2-RDM element (3, 2, 3, 2) is -1.609823385706477e-15
Calculated 2-RDM element (0, 3, 2, 0) is -3.289235581427125e-05
Calculated 2-RDM element (0, 3, 1, 3) is -6.9080356836631325e-06
Calculated 2-RDM element (2, 1, 3, 1) is 1.9248695130334597e-05
Calculated 2-RDM element (0, 2, 0, 3) is 3.289235581427125e-05
Calculated 2-RDM element (1, 3, 2, 1) is -1.9248695130334597e-05
Calculated 2-RDM element (1, 3, 3, 0) is 6.9080356836631325e-06
Calculated 2-RDM element (1, 2, 2, 0) is 9.165194827882858e-05
Calculated 2-RDM element (2, 1, 0, 2) is 9.165194827882858e-05
Calculated 2-RDM element (2, 0, 2, 1) is -9.165194827882858e-05
Calculated 2-RDM element (3, 1, 0, 3) is 6.9080356836631325e-06
Calculated 2-RDM element (2, 0, 3, 0) is 3.289235581427125e-05
Calculated 2-RDM element (0, 2, 1, 2) is -9.165194827882858e-05
Calculated 2-RDM element (3, 0, 3, 1) is -6.9080356836631325e-06
Calculated 2-RDM element (1, 2, 1, 3) is 1.9248695130334597e-05
Calculated 2-RDM element (3, 0, 0, 2) is -3.289235581427125e-05
Calculated 2-RDM element (3, 1, 1, 2) is -1.9248695130334597e-05
Calculated 2-RDM element (1, 3, 2, 0) is -0.2011472447559387
Calculated 2-RDM element (0, 3, 1, 2) is 3.1476191930668307e-09
Calculated 2-RDM element (1, 2, 3, 0) is -3.1476191930668307e-09
Calculated 2-RDM element (2, 0, 3, 1) is 0.2011472447559387
Calculated 2-RDM element (0, 2, 1, 3) is 0.2011472447559387
Calculated 2-RDM element (3, 1, 0, 2) is -0.2011472447559387
Calculated 2-RDM element (2, 1, 0, 3) is -3.1476191930668307e-09
Calculated 2-RDM element (3, 0, 2, 1) is 3.1476191930668307e-09
Execution time of get_two_rdm: 5.0121777057647705 seconds
Calculated 2-RDM element with wavefunction (0, 0, 0, 1) is 0.0
Calculated 2-RDM element with wavefunction (0, 0, 1, 1) is 0.0
Calculated 2-RDM element with wavefunction (0, 2, 0, 2) is -0.9577551490099216
Calculated 2-RDM element with wavefunction (0, 0, 0, 0) is 0.0
Calculated 2-RDM element with wavefunction (0, 1, 0, 1) is -2.5495423287187685e-32
Calculated 2-RDM element with wavefunction (0, 1, 1, 1) is 0.0
Calculated 2-RDM element with wavefunction (0, 2, 0, 3) is 3.289235581427125e-05
Calculated 2-RDM element with wavefunction (1, 0, 0, 0) is 0.0
Calculated 2-RDM element with wavefunction (1, 1, 1, 1) is 0.0
Calculated 2-RDM element with wavefunction (0, 2, 1, 3) is 0.20114724475593868
Calculated 2-RDM element with wavefunction (0, 3, 1, 2) is 3.1476191978448823e-09
Calculated 2-RDM element with wavefunction (0, 3, 1, 3) is -6.908035683663135e-06
Calculated 2-RDM element with wavefunction (0, 3, 0, 3) is -1.1296280392029675e-09
Calculated 2-RDM element with wavefunction (1, 0, 1, 0) is -2.5495423287187685e-32
Calculated 2-RDM element with wavefunction (1, 2, 1, 2) is -8.77059197435654e-09
Calculated 2-RDM element with wavefunction (0, 3, 2, 0) is -3.289235581427125e-05
Calculated 2-RDM element with wavefunction (1, 3, 1, 3) is -0.04224484108984556
Calculated 2-RDM element with wavefunction (0, 2, 1, 2) is -9.165194827882858e-05
Calculated 2-RDM element with wavefunction (1, 1, 1, 0) is 0.0
Calculated 2-RDM element with wavefunction (1, 3, 2, 1) is -1.9248695130334597e-05
Calculated 2-RDM element with wavefunction (1, 3, 3, 0) is 6.908035683663135e-06
Calculated 2-RDM element with wavefunction (1, 2, 1, 3) is 1.9248695130334597e-05
Calculated 2-RDM element with wavefunction (2, 0, 3, 0) is 3.289235581427125e-05
Calculated 2-RDM element with wavefunction (2, 2, 3, 3) is 0.0
Calculated 2-RDM element with wavefunction (2, 0, 2, 0) is -0.9577551490099216
Calculated 2-RDM element with wavefunction (1, 3, 2, 0) is -0.20114724475593868
Calculated 2-RDM element with wavefunction (2, 1, 0, 3) is -3.1476191978448823e-09
Calculated 2-RDM element with wavefunction (2, 1, 0, 2) is 9.165194827882858e-05
Calculated 2-RDM element with wavefunction (2, 2, 2, 3) is 0.0
Calculated 2-RDM element with wavefunction (3, 1, 0, 2) is -0.20114724475593868
Calculated 2-RDM element with wavefunction (3, 0, 0, 2) is -3.289235581427125e-05
Calculated 2-RDM element with wavefunction (2, 0, 3, 1) is 0.20114724475593868
Calculated 2-RDM element with wavefunction (2, 0, 2, 1) is -9.165194827882858e-05
Calculated 2-RDM element with wavefunction (2, 1, 3, 1) is 1.9248695130334597e-05
Calculated 2-RDM element with wavefunction (1, 2, 2, 0) is 9.165194827882858e-05
Calculated 2-RDM element with wavefunction (3, 3, 3, 3) is 0.0
Calculated 2-RDM element with wavefunction (2, 1, 2, 1) is -8.77059197435654e-09
Calculated 2-RDM element with wavefunction (3, 1, 1, 2) is -1.9248695130334597e-05
Calculated 2-RDM element with wavefunction (3, 1, 3, 1) is -0.04224484108984556
Calculated 2-RDM element with wavefunction (3, 0, 2, 1) is 3.1476191978448823e-09
Calculated 2-RDM element with wavefunction (3, 1, 0, 3) is 6.908035683663135e-06
Calculated 2-RDM element with wavefunction (1, 2, 3, 0) is -3.1476191978448823e-09
Calculated 2-RDM element with wavefunction (3, 3, 3, 2) is 0.0
Calculated 2-RDM element with wavefunction (3, 0, 3, 1) is -6.908035683663135e-06
Calculated 2-RDM element with wavefunction (3, 2, 2, 2) is 0.0
Calculated 2-RDM element with wavefunction (2, 2, 2, 2) is 0.0
Calculated 2-RDM element with wavefunction (3, 0, 3, 0) is -1.1296280392029675e-09
Calculated 2-RDM element with wavefunction (3, 2, 3, 2) is -2.4627576189177558e-32
Calculated 2-RDM element with wavefunction (2, 3, 2, 3) is -2.4627576189177558e-32
Calculated 2-RDM element with wavefunction (2, 3, 3, 3) is 0.0
Execution time of get_two_rdm_wavefunction: 0.17763471603393555 seconds
Calculated 2-RDM element (0, 0, 0, 0) is 0.0
Calculated 2-RDM element (0, 0, 0, 1) is 0.0
Calculated 2-RDM element (0, 1, 1, 1) is 0.0
Calculated 2-RDM element (0, 0, 1, 1) is 0.0
Calculated 2-RDM element (1, 0, 0, 0) is 0.0
Calculated 2-RDM element (1, 1, 1, 1) is 0.0
Calculated 2-RDM element (1, 1, 1, 0) is 0.0
Calculated 2-RDM element (2, 2, 2, 2) is 0.0
Calculated 2-RDM element (2, 2, 2, 3) is 0.0
Calculated 2-RDM element (2, 2, 3, 3) is 0.0
Calculated 2-RDM element (2, 3, 3, 3) is 0.0
Calculated 2-RDM element (3, 2, 2, 2) is 0.0
Calculated 2-RDM element (3, 3, 3, 2) is 0.0
Calculated 2-RDM element (3, 3, 3, 3) is 0.0
Calculated 2-RDM element (0, 2, 0, 2) is -0.70775
Calculated 2-RDM element (0, 3, 0, 3) is -0.1663
Calculated 2-RDM element (0, 1, 0, 1) is -0.10074999999999998
Calculated 2-RDM element (1, 0, 1, 0) is -0.1122
Calculated 2-RDM element (1, 2, 1, 2) is -0.06835
Calculated 2-RDM element (1, 3, 1, 3) is -0.10960000000000003
Calculated 2-RDM element (2, 0, 2, 0) is -0.7113999999999999
Calculated 2-RDM element (2, 1, 2, 1) is -0.07669999999999999
Calculated 2-RDM element (2, 3, 2, 3) is -0.04874999999999999
Calculated 2-RDM element (3, 0, 3, 0) is -0.15714999999999998
Calculated 2-RDM element (3, 2, 3, 2) is -0.048049999999999954
Calculated 2-RDM element (3, 1, 3, 1) is -0.1126
Calculated 2-RDM element (0, 2, 1, 2) is -0.07852500000000001
Calculated 2-RDM element (0, 3, 1, 3) is -0.00955
Calculated 2-RDM element (0, 2, 0, 3) is -0.01095
Calculated 2-RDM element (1, 2, 1, 3) is 0.012975
Calculated 2-RDM element (0, 3, 2, 0) is 0.009
Calculated 2-RDM element (2, 0, 3, 0) is -0.008775
Calculated 2-RDM element (2, 0, 2, 1) is -0.08265
Calculated 2-RDM element (1, 2, 2, 0) is 0.08247499999999999
Calculated 2-RDM element (1, 3, 2, 1) is -0.015275
Calculated 2-RDM element (1, 3, 3, 0) is 0.00715
Calculated 2-RDM element (3, 0, 3, 1) is -0.008599999999999997
Calculated 2-RDM element (2, 1, 0, 2) is 0.082425
Calculated 2-RDM element (2, 1, 3, 1) is 0.01125
Calculated 2-RDM element (3, 0, 0, 2) is 0.005075
Calculated 2-RDM element (3, 1, 1, 2) is -0.015725
Calculated 2-RDM element (3, 1, 0, 3) is 0.0029250000000000005
Calculated 2-RDM element (0, 3, 1, 2) is -0.0005624999999999988
Calculated 2-RDM element (0, 2, 1, 3) is 0.095275
Calculated 2-RDM element (2, 0, 3, 1) is 0.0954875
Calculated 2-RDM element (1, 2, 3, 0) is 0.0012500000000000011
Calculated 2-RDM element (1, 3, 2, 0) is -0.09388750000000001
Calculated 2-RDM element (2, 1, 0, 3) is 0.002375000000000004
Calculated 2-RDM element (3, 0, 2, 1) is 0.0022625000000000024
Calculated 2-RDM element (3, 1, 0, 2) is -0.095125
Execution time of get_two_rdm: 10.011311769485474 seconds
{'IIII': 1.0, 'IIZI': 0.622, 'IIIZ': -0.7532, 'IIZZ': -0.6826, 'IZII': -0.5474, 'IZIZ': 0.5218, 'XYII': -0.0064, 'YYII': -0.0018, 'XYIZ': -0.0032, 'YYIZ': -0.056, 'XXII': -0.0044, 'YXII': -0.0086, 'XXIZ': -0.0496, 'YXIZ': -0.0018, 'IIXY': -0.0054, 'IZXY': 0.0032, 'IIYY': 0.1698, 'IZYY': -0.1454, 'IIXX': 0.1668, 'IZXX': -0.1436, 'IIYX': 0.0034, 'IZYX': -0.0122, 'XYXY': 0.1958, 'YYXY': -0.0012, 'XYYY': 0.0014, 'YYYY': -0.18, 'XXXY': -0.002, 'YXXY': -0.2088, 'XXYY': -0.1978, 'YXYY': -0.0064, 'XYXX': -0.0068, 'YYXX': -0.2012, 'XYYX': -0.1918, 'YYYX': -0.002, 'XXXX': -0.189, 'YXXX': 0.0048, 'XXYX': 0.0086, 'YXYX': 0.1854, 'ZIII': 0.5474, 'ZIIZ': -0.5478, 'ZIXY': 0.0124, 'ZIYY': 0.1528, 'ZIXX': 0.1546, 'ZIYX': 0.001, 'IZZI': -0.6282, 'XYZI': -0.009, 'YYZI': 0.0412, 'XXZI': 0.0518, 'YXZI': -0.0056, 'ZIZI': 0.6518, 'ZZII': -0.8082}
Calculated 2-RDM element with Parallel after GPU Parallel 1st way, (0, 0, 0, 0) is 0.0
Calculated 2-RDM element with Parallel after GPU Parallel 1st way, (0, 0, 0, 1) is 0.0
Calculated 2-RDM element with Parallel after GPU Parallel 1st way, (0, 0, 1, 1) is 0.0
Calculated 2-RDM element with Parallel after GPU Parallel 1st way, (0, 1, 0, 1) is -0.11215
Calculated 2-RDM element with Parallel after GPU Parallel 1st way, (0, 1, 1, 1) is 0.0
Calculated 2-RDM element with Parallel after GPU Parallel 1st way, (0, 2, 0, 2) is -0.7056
Calculated 2-RDM element with Parallel after GPU Parallel 1st way, (0, 2, 0, 3) is -0.012424999999999999
Calculated 2-RDM element with Parallel after GPU Parallel 1st way, (0, 2, 1, 2) is -0.0782
Calculated 2-RDM element with Parallel after GPU Parallel 1st way, (0, 2, 1, 3) is 0.0968625
Calculated 2-RDM element with Parallel after GPU Parallel 1st way, (0, 3, 0, 3) is -0.1645
Calculated 2-RDM element with Parallel after GPU Parallel 1st way, (0, 3, 1, 2) is -0.0008625000000000022
Calculated 2-RDM element with Parallel after GPU Parallel 1st way, (0, 3, 1, 3) is -0.003650000000000004
Calculated 2-RDM element with Parallel after GPU Parallel 1st way, (0, 3, 2, 0) is 0.012424999999999999
Calculated 2-RDM element with Parallel after GPU Parallel 1st way, (1, 0, 0, 0) is 0.0
Calculated 2-RDM element with Parallel after GPU Parallel 1st way, (1, 0, 1, 0) is -0.11215000000000006
Calculated 2-RDM element with Parallel after GPU Parallel 1st way, (1, 1, 1, 0) is 0.0
Calculated 2-RDM element with Parallel after GPU Parallel 1st way, (1, 1, 1, 1) is 0.0
Calculated 2-RDM element with Parallel after GPU Parallel 1st way, (1, 2, 1, 2) is -0.07430000000000003
Calculated 2-RDM element with Parallel after GPU Parallel 1st way, (1, 2, 1, 3) is 0.012400000000000001
Calculated 2-RDM element with Parallel after GPU Parallel 1st way, (1, 2, 2, 0) is 0.0782
Calculated 2-RDM element with Parallel after GPU Parallel 1st way, (1, 2, 3, 0) is 0.0008625000000000022
Calculated 2-RDM element with Parallel after GPU Parallel 1st way, (1, 3, 1, 3) is -0.12060000000000001
Calculated 2-RDM element with Parallel after GPU Parallel 1st way, (1, 3, 2, 0) is -0.0968625
Calculated 2-RDM element with Parallel after GPU Parallel 1st way, (1, 3, 2, 1) is -0.012400000000000001
Calculated 2-RDM element with Parallel after GPU Parallel 1st way, (1, 3, 3, 0) is 0.003650000000000004
Calculated 2-RDM element with Parallel after GPU Parallel 1st way, (2, 0, 2, 0) is -0.7056
Calculated 2-RDM element with Parallel after GPU Parallel 1st way, (2, 0, 2, 1) is -0.0782
Calculated 2-RDM element with Parallel after GPU Parallel 1st way, (2, 0, 3, 0) is -0.012424999999999999
Calculated 2-RDM element with Parallel after GPU Parallel 1st way, (2, 0, 3, 1) is 0.0968625
Calculated 2-RDM element with Parallel after GPU Parallel 1st way, (2, 1, 0, 2) is 0.0782
Calculated 2-RDM element with Parallel after GPU Parallel 1st way, (2, 1, 0, 3) is 0.0008625000000000022
Calculated 2-RDM element with Parallel after GPU Parallel 1st way, (2, 1, 2, 1) is -0.0743
Calculated 2-RDM element with Parallel after GPU Parallel 1st way, (2, 1, 3, 1) is 0.012400000000000001
Calculated 2-RDM element with Parallel after GPU Parallel 1st way, (2, 2, 2, 2) is 0.0
Calculated 2-RDM element with Parallel after GPU Parallel 1st way, (2, 2, 2, 3) is 0.0
Calculated 2-RDM element with Parallel after GPU Parallel 1st way, (2, 2, 3, 3) is 0.0
Calculated 2-RDM element with Parallel after GPU Parallel 1st way, (2, 3, 2, 3) is -0.04794999999999999
Calculated 2-RDM element with Parallel after GPU Parallel 1st way, (2, 3, 3, 3) is 0.0
Calculated 2-RDM element with Parallel after GPU Parallel 1st way, (3, 0, 0, 2) is 0.012424999999999999
Calculated 2-RDM element with Parallel after GPU Parallel 1st way, (3, 0, 2, 1) is -0.0008625000000000022
Calculated 2-RDM element with Parallel after GPU Parallel 1st way, (3, 0, 3, 0) is -0.1645
Calculated 2-RDM element with Parallel after GPU Parallel 1st way, (3, 0, 3, 1) is -0.003650000000000004
Calculated 2-RDM element with Parallel after GPU Parallel 1st way, (3, 1, 0, 2) is -0.09686249999999999
Calculated 2-RDM element with Parallel after GPU Parallel 1st way, (3, 1, 0, 3) is 0.003650000000000004
Calculated 2-RDM element with Parallel after GPU Parallel 1st way, (3, 1, 1, 2) is -0.012400000000000001
Calculated 2-RDM element with Parallel after GPU Parallel 1st way, (3, 1, 3, 1) is -0.12060000000000001
Calculated 2-RDM element with Parallel after GPU Parallel 1st way, (3, 2, 2, 2) is 0.0
Calculated 2-RDM element with Parallel after GPU Parallel 1st way, (3, 2, 3, 2) is -0.04794999999999999
Calculated 2-RDM element with Parallel after GPU Parallel 1st way, (3, 3, 3, 2) is 0.0
Calculated 2-RDM element with Parallel after GPU Parallel 1st way, (3, 3, 3, 3) is 0.0
Execution time of get_two_rdm_Parallel: 1.738663911819458 seconds
Calculated 1-RDM element (1, 1) is 0.04224484986044069
Calculated 1-RDM element (0, 0) is 0.9577551501395529
Calculated 1-RDM element (3, 3) is 0.042244842219476775
Calculated 1-RDM element (2, 2) is 0.9577551577805168
Calculated 1-RDM element (0, 3) is 4.615385943874254e-17
Calculated 1-RDM element (0, 1) is 9.855998396249172e-05
Calculated 1-RDM element (1, 0) is 9.855998396249172e-05
Calculated 1-RDM element (2, 1) is 3.431370905266085e-17
Calculated 1-RDM element (1, 2) is 3.431370905266085e-17
Calculated 1-RDM element (3, 2) is -5.214105094460585e-05
Calculated 1-RDM element (2, 0) is -1.065469027705996e-21
Calculated 1-RDM element (3, 0) is 4.615385943874254e-17
Calculated 1-RDM element (2, 3) is -5.214105094460585e-05
Calculated 1-RDM element (3, 1) is 3.0144617383407285e-21
Calculated 1-RDM element (0, 2) is -1.065469027705996e-21
Calculated 1-RDM element (1, 3) is 3.0144617383407285e-21
Execution time of get_one_rdm: 1.1232631206512451 seconds
Calculated 1-RDM element with wavefunction (0, 0) is 0.9577551501395497
Calculated 1-RDM element with wavefunction (0, 1) is 9.855998396249172e-05
Calculated 1-RDM element with wavefunction (0, 2) is -1.0654690277067885e-21
Calculated 1-RDM element with wavefunction (1, 3) is 3.0144617383381917e-21
Calculated 1-RDM element with wavefunction (1, 1) is 0.042244849860437535
Calculated 1-RDM element with wavefunction (2, 0) is -1.0654690277067885e-21
Calculated 1-RDM element with wavefunction (1, 0) is 9.855998396249172e-05
Calculated 1-RDM element with wavefunction (1, 2) is 3.431370905266084e-17
Calculated 1-RDM element with wavefunction (3, 2) is -5.214105094460585e-05
Calculated 1-RDM element with wavefunction (3, 0) is 4.6153859438742534e-17
Calculated 1-RDM element with wavefunction (2, 1) is 3.431370905266084e-17
Calculated 1-RDM element with wavefunction (2, 3) is -5.214105094460585e-05
Calculated 1-RDM element with wavefunction (3, 1) is 3.0144617383381917e-21
Calculated 1-RDM element with wavefunction (3, 3) is 0.0422448422194736
Calculated 1-RDM element with wavefunction (2, 2) is 0.9577551577805136
Calculated 1-RDM element with wavefunction (0, 3) is 4.6153859438742534e-17
Execution time of get_one_rdm_wavefunction: 0.06330537796020508 seconds
Calculated 1-RDM element (0, 0) is 0.8704000000000001
Calculated 1-RDM element (1, 1) is 0.1894
Calculated 1-RDM element (2, 2) is 0.7765
Calculated 1-RDM element (3, 3) is 0.2365
Calculated 1-RDM element (0, 1) is 0.07475000000000001
Calculated 1-RDM element (1, 0) is 0.09415000000000001
Calculated 1-RDM element (1, 3) is 0.0011
Calculated 1-RDM element (2, 1) is -0.0026499999999999996
Calculated 1-RDM element (0, 2) is 0.0011
Calculated 1-RDM element (0, 3) is -0.00215
Calculated 1-RDM element (3, 1) is 0.0037
Calculated 1-RDM element (1, 2) is -0.00475
Calculated 1-RDM element (3, 2) is -0.0034999999999999996
Calculated 1-RDM element (3, 0) is -0.00395
Calculated 1-RDM element (2, 3) is -0.00255
Calculated 1-RDM element (2, 0) is -0.00385
Execution time of get_one_rdm: 2.002821922302246 seconds
--- [DONE]  Processing for d = 1.10. Data saved. ---
--- [START] Processing for d = 1.3 ---
Attempting to load file: /home/u2600410/H2/H2_1.3_sto-3g.pkl
Using CPU for noisy estimator...
Number of qubits: 4
Execution time of Gene_Qiskit_VQE_hamiltonian: 0.0017066001892089844 seconds
VQE Optimal Energy: -1.03518626
{   'aux_operators_evaluated': None,
    'cost_function_evals': 55,
    'eigenvalue': -1.0351862646523329,
    'optimal_circuit': <qiskit_nature.second_q.circuit.library.ansatzes.uccsd.UCCSD object at 0x153c0c2f1580>,
    'optimal_parameters': {   ParameterVectorElement(t[2]): -0.27935823806731225,
                              ParameterVectorElement(t[1]): 4.7418807422572615e-05,
                              ParameterVectorElement(t[0]): 1.4883043931796907e-05},
    'optimal_point': array([ 1.48830439e-05,  4.74188074e-05, -2.79358238e-01]),
    'optimal_value': -1.0351862646523329,
    'optimizer_evals': None,
    'optimizer_result': <qiskit_algorithms.optimizers.optimizer.OptimizerResult object at 0x153c0c42b500>,
    'optimizer_time': 1.7030179500579834}
VQE Optimal Energy: -0.83970582
{   'aux_operators_evaluated': None,
    'cost_function_evals': 43,
    'eigenvalue': -0.8397058166678382,
    'optimal_circuit': <qiskit_nature.second_q.circuit.library.ansatzes.uccsd.UCCSD object at 0x153c0a234620>,
    'optimal_parameters': {   ParameterVectorElement(t[2]): -0.34662949986545477,
                              ParameterVectorElement(t[0]): 0.017744716140196733,
                              ParameterVectorElement(t[1]): -0.11674807050368298},
    'optimal_point': array([ 0.01774472, -0.11674807, -0.3466295 ]),
    'optimal_value': -0.8397058166678382,
    'optimizer_evals': None,
    'optimizer_result': <qiskit_algorithms.optimizers.optimizer.OptimizerResult object at 0x153c09e068a0>,
    'optimizer_time': 6.521734237670898}
{'IIII': 1.0, 'IIZI': 0.54, 'IIIZ': -0.6476, 'IIZZ': -0.6836, 'IZII': -0.4378, 'IZIZ': 0.5564, 'XYII': 0.0134, 'YYII': 0.1554, 'XYIZ': 0.0164, 'YYIZ': -0.1158, 'XXII': 0.1362, 'YXII': -0.006, 'XXIZ': -0.1192, 'YXIZ': 0.0104, 'IIXY': 0.0116, 'IZXY': 0.0058, 'IIYY': -0.0846, 'IZYY': -0.015, 'IIXX': -0.084, 'IZXX': -0.0176, 'IIYX': 0.0038, 'IZYX': -0.011, 'XYXY': 0.3716, 'YYXY': 0.0006, 'XYYY': 0.0044, 'YYYY': -0.3782, 'XXXY': -0.01, 'YXXY': -0.3596, 'XXYY': -0.3674, 'YXYY': -0.0042, 'XYXX': 0.0028, 'YYXX': -0.3314, 'XYYX': -0.3788, 'YYYX': -0.013, 'XXXX': -0.3832, 'YXXX': -0.0072, 'XXYX': 0.006, 'YXYX': 0.366, 'ZIII': 0.4336, 'ZIIZ': -0.5616, 'ZIXY': -0.0068, 'ZIYY': 0.0326, 'ZIXX': 0.034, 'ZIYX': -0.0062, 'IZZI': -0.6506, 'XYZI': 0.0152, 'YYZI': 0.1084, 'XXZI': 0.1242, 'YXZI': 0.0008, 'ZIZI': 0.6348, 'ZZII': -0.804}
Calculated 2-RDM element with Parallel after GPU Parallel 1st way, (0, 0, 0, 0) is 0.0
Calculated 2-RDM element with Parallel after GPU Parallel 1st way, (0, 0, 0, 1) is 0.0
Calculated 2-RDM element with Parallel after GPU Parallel 1st way, (0, 0, 1, 1) is 0.0
Calculated 2-RDM element with Parallel after GPU Parallel 1st way, (0, 1, 0, 1) is -0.10599999999999998
Calculated 2-RDM element with Parallel after GPU Parallel 1st way, (0, 1, 1, 1) is 0.0
Calculated 2-RDM element with Parallel after GPU Parallel 1st way, (0, 2, 0, 2) is -0.66045
Calculated 2-RDM element with Parallel after GPU Parallel 1st way, (0, 2, 0, 3) is -0.065825
Calculated 2-RDM element with Parallel after GPU Parallel 1st way, (0, 2, 1, 2) is 0.017
Calculated 2-RDM element with Parallel after GPU Parallel 1st way, (0, 2, 1, 3) is 0.1835125
Calculated 2-RDM element with Parallel after GPU Parallel 1st way, (0, 3, 0, 3) is -0.1631
Calculated 2-RDM element with Parallel after GPU Parallel 1st way, (0, 3, 1, 2) is -0.0009875000000000023
Calculated 2-RDM element with Parallel after GPU Parallel 1st way, (0, 3, 1, 3) is 0.0294
Calculated 2-RDM element with Parallel after GPU Parallel 1st way, (0, 3, 2, 0) is 0.065825
Calculated 2-RDM element with Parallel after GPU Parallel 1st way, (1, 0, 0, 0) is 0.0
Calculated 2-RDM element with Parallel after GPU Parallel 1st way, (1, 0, 1, 0) is -0.10599999999999998
Calculated 2-RDM element with Parallel after GPU Parallel 1st way, (1, 1, 1, 0) is 0.0
Calculated 2-RDM element with Parallel after GPU Parallel 1st way, (1, 1, 1, 1) is 0.0
Calculated 2-RDM element with Parallel after GPU Parallel 1st way, (1, 2, 1, 2) is -0.061799999999999994
Calculated 2-RDM element with Parallel after GPU Parallel 1st way, (1, 2, 1, 3) is -0.007375
Calculated 2-RDM element with Parallel after GPU Parallel 1st way, (1, 2, 2, 0) is -0.017
Calculated 2-RDM element with Parallel after GPU Parallel 1st way, (1, 2, 3, 0) is 0.0009875000000000023
Calculated 2-RDM element with Parallel after GPU Parallel 1st way, (1, 3, 1, 3) is -0.1653
Calculated 2-RDM element with Parallel after GPU Parallel 1st way, (1, 3, 2, 0) is -0.1835125
Calculated 2-RDM element with Parallel after GPU Parallel 1st way, (1, 3, 2, 1) is 0.007375
Calculated 2-RDM element with Parallel after GPU Parallel 1st way, (1, 3, 3, 0) is -0.0294
Calculated 2-RDM element with Parallel after GPU Parallel 1st way, (2, 0, 2, 0) is -0.66045
Calculated 2-RDM element with Parallel after GPU Parallel 1st way, (2, 0, 2, 1) is 0.017
Calculated 2-RDM element with Parallel after GPU Parallel 1st way, (2, 0, 3, 0) is -0.065825
Calculated 2-RDM element with Parallel after GPU Parallel 1st way, (2, 0, 3, 1) is 0.1835125
Calculated 2-RDM element with Parallel after GPU Parallel 1st way, (2, 1, 0, 2) is -0.017
Calculated 2-RDM element with Parallel after GPU Parallel 1st way, (2, 1, 0, 3) is 0.0009875000000000023
Calculated 2-RDM element with Parallel after GPU Parallel 1st way, (2, 1, 2, 1) is -0.061799999999999994
Calculated 2-RDM element with Parallel after GPU Parallel 1st way, (2, 1, 3, 1) is -0.007375
Calculated 2-RDM element with Parallel after GPU Parallel 1st way, (2, 2, 2, 2) is 0.0
Calculated 2-RDM element with Parallel after GPU Parallel 1st way, (2, 2, 2, 3) is 0.0
Calculated 2-RDM element with Parallel after GPU Parallel 1st way, (2, 2, 3, 3) is 0.0
Calculated 2-RDM element with Parallel after GPU Parallel 1st way, (2, 3, 2, 3) is -0.05004999999999998
Calculated 2-RDM element with Parallel after GPU Parallel 1st way, (2, 3, 3, 3) is 0.0
Calculated 2-RDM element with Parallel after GPU Parallel 1st way, (3, 0, 0, 2) is 0.065825
Calculated 2-RDM element with Parallel after GPU Parallel 1st way, (3, 0, 2, 1) is -0.0009875000000000023
Calculated 2-RDM element with Parallel after GPU Parallel 1st way, (3, 0, 3, 0) is -0.1631
Calculated 2-RDM element with Parallel after GPU Parallel 1st way, (3, 0, 3, 1) is 0.0294
Calculated 2-RDM element with Parallel after GPU Parallel 1st way, (3, 1, 0, 2) is -0.1835125
Calculated 2-RDM element with Parallel after GPU Parallel 1st way, (3, 1, 0, 3) is -0.0294
Calculated 2-RDM element with Parallel after GPU Parallel 1st way, (3, 1, 1, 2) is 0.007375
Calculated 2-RDM element with Parallel after GPU Parallel 1st way, (3, 1, 3, 1) is -0.1653
Calculated 2-RDM element with Parallel after GPU Parallel 1st way, (3, 2, 2, 2) is 0.0
Calculated 2-RDM element with Parallel after GPU Parallel 1st way, (3, 2, 3, 2) is -0.05004999999999998
Calculated 2-RDM element with Parallel after GPU Parallel 1st way, (3, 3, 3, 2) is 0.0
Calculated 2-RDM element with Parallel after GPU Parallel 1st way, (3, 3, 3, 3) is 0.0
Execution time of get_two_rdm_Parallel: 4.494159698486328 seconds
Calculated 2-RDM element with Parallel after GPU Parallel 2nd way, (0, 0, 0, 0) is 0.0
Calculated 2-RDM element with Parallel after GPU Parallel 2nd way, (0, 0, 0, 1) is 0.0
Calculated 2-RDM element with Parallel after GPU Parallel 2nd way, (0, 0, 1, 1) is 0.0
Calculated 2-RDM element with Parallel after GPU Parallel 2nd way, (0, 1, 0, 1) is -0.11065
Calculated 2-RDM element with Parallel after GPU Parallel 2nd way, (0, 1, 1, 1) is 0.0
Calculated 2-RDM element with Parallel after GPU Parallel 2nd way, (0, 2, 0, 2) is -0.66435
Calculated 2-RDM element with Parallel after GPU Parallel 2nd way, (0, 2, 0, 3) is -0.062275
Calculated 2-RDM element with Parallel after GPU Parallel 2nd way, (0, 2, 1, 2) is 0.009000000000000001
Calculated 2-RDM element with Parallel after GPU Parallel 2nd way, (0, 2, 1, 3) is 0.183175
Calculated 2-RDM element with Parallel after GPU Parallel 2nd way, (0, 3, 0, 3) is -0.17489999999999997
Calculated 2-RDM element with Parallel after GPU Parallel 2nd way, (0, 3, 1, 2) is 0.0003499999999999996
Calculated 2-RDM element with Parallel after GPU Parallel 2nd way, (0, 3, 1, 3) is 0.024100000000000003
Calculated 2-RDM element with Parallel after GPU Parallel 2nd way, (0, 3, 2, 0) is 0.062275
Calculated 2-RDM element with Parallel after GPU Parallel 2nd way, (1, 0, 0, 0) is 0.0
Calculated 2-RDM element with Parallel after GPU Parallel 2nd way, (1, 0, 1, 0) is -0.11064999999999994
Calculated 2-RDM element with Parallel after GPU Parallel 2nd way, (1, 1, 1, 0) is 0.0
Calculated 2-RDM element with Parallel after GPU Parallel 2nd way, (1, 1, 1, 1) is 0.0
Calculated 2-RDM element with Parallel after GPU Parallel 2nd way, (1, 2, 1, 2) is -0.06184999999999999
Calculated 2-RDM element with Parallel after GPU Parallel 2nd way, (1, 2, 1, 3) is -0.004449999999999997
Calculated 2-RDM element with Parallel after GPU Parallel 2nd way, (1, 2, 2, 0) is -0.009
Calculated 2-RDM element with Parallel after GPU Parallel 2nd way, (1, 2, 3, 0) is -0.0003499999999999996
Calculated 2-RDM element with Parallel after GPU Parallel 2nd way, (1, 3, 1, 3) is -0.16415
Calculated 2-RDM element with Parallel after GPU Parallel 2nd way, (1, 3, 2, 0) is -0.183175
Calculated 2-RDM element with Parallel after GPU Parallel 2nd way, (1, 3, 2, 1) is 0.004449999999999999
Calculated 2-RDM element with Parallel after GPU Parallel 2nd way, (1, 3, 3, 0) is -0.024099999999999996
Calculated 2-RDM element with Parallel after GPU Parallel 2nd way, (2, 0, 2, 0) is -0.66435
Calculated 2-RDM element with Parallel after GPU Parallel 2nd way, (2, 0, 2, 1) is 0.009000000000000001
Calculated 2-RDM element with Parallel after GPU Parallel 2nd way, (2, 0, 3, 0) is -0.062275
Calculated 2-RDM element with Parallel after GPU Parallel 2nd way, (2, 0, 3, 1) is 0.183175
Calculated 2-RDM element with Parallel after GPU Parallel 2nd way, (2, 1, 0, 2) is -0.009
Calculated 2-RDM element with Parallel after GPU Parallel 2nd way, (2, 1, 0, 3) is -0.0003499999999999996
Calculated 2-RDM element with Parallel after GPU Parallel 2nd way, (2, 1, 2, 1) is -0.06184999999999999
Calculated 2-RDM element with Parallel after GPU Parallel 2nd way, (2, 1, 3, 1) is -0.004449999999999997
Calculated 2-RDM element with Parallel after GPU Parallel 2nd way, (2, 2, 2, 2) is 0.0
Calculated 2-RDM element with Parallel after GPU Parallel 2nd way, (2, 2, 2, 3) is 0.0
Calculated 2-RDM element with Parallel after GPU Parallel 2nd way, (2, 2, 3, 3) is 0.0
Calculated 2-RDM element with Parallel after GPU Parallel 2nd way, (2, 3, 2, 3) is -0.04895000000000002
Calculated 2-RDM element with Parallel after GPU Parallel 2nd way, (2, 3, 3, 3) is 0.0
Calculated 2-RDM element with Parallel after GPU Parallel 2nd way, (3, 0, 0, 2) is 0.062275
Calculated 2-RDM element with Parallel after GPU Parallel 2nd way, (3, 0, 2, 1) is 0.0003499999999999996
Calculated 2-RDM element with Parallel after GPU Parallel 2nd way, (3, 0, 3, 0) is -0.17489999999999997
Calculated 2-RDM element with Parallel after GPU Parallel 2nd way, (3, 0, 3, 1) is 0.024100000000000003
Calculated 2-RDM element with Parallel after GPU Parallel 2nd way, (3, 1, 0, 2) is -0.183175
Calculated 2-RDM element with Parallel after GPU Parallel 2nd way, (3, 1, 0, 3) is -0.024099999999999996
Calculated 2-RDM element with Parallel after GPU Parallel 2nd way, (3, 1, 1, 2) is 0.004449999999999999
Calculated 2-RDM element with Parallel after GPU Parallel 2nd way, (3, 1, 3, 1) is -0.16415
Calculated 2-RDM element with Parallel after GPU Parallel 2nd way, (3, 2, 2, 2) is 0.0
Calculated 2-RDM element with Parallel after GPU Parallel 2nd way, (3, 2, 3, 2) is -0.04895000000000002
Calculated 2-RDM element with Parallel after GPU Parallel 2nd way, (3, 3, 3, 2) is 0.0
Calculated 2-RDM element with Parallel after GPU Parallel 2nd way, (3, 3, 3, 3) is 0.0
Execution time of get_two_rdm_Parallel2: 1.79844069480896 seconds
{'IIII': 1.0, 'IIZI': 0.5396, 'IIIZ': -0.675, 'IIZZ': -0.688, 'IZII': -0.4192, 'IZIZ': 0.5358, 'XYII': -0.0138, 'YYII': 0.138, 'XYIZ': -0.0016, 'YYIZ': -0.1248, 'XXII': 0.1458, 'YXII': 0.0132, 'XXIZ': -0.1056, 'YXIZ': 0.0022, 'IIXY': 0.014, 'IZXY': -0.0082, 'IIYY': -0.049, 'IZYY': -0.0176, 'IIXX': -0.0796, 'IZXX': -0.034, 'IIYX': 0.0074, 'IZYX': 0.0088, 'XYXY': 0.3642, 'YYXY': -0.0194, 'XYYY': 0.0078, 'YYYY': -0.4, 'XXXY': 0.0, 'YXXY': -0.3646, 'XXYY': -0.396, 'YXYY': -0.0058, 'XYXX': -0.01, 'YYXX': -0.3768, 'XYYX': -0.3434, 'YYYX': 0.0068, 'XXXX': -0.369, 'YXXX': -0.0006, 'XXYX': 0.002, 'YXYX': 0.3738, 'ZIII': 0.4288, 'ZIIZ': -0.547, 'ZIXY': 0.009, 'ZIYY': 0.031, 'ZIXX': 0.0264, 'ZIYX': -0.005, 'IZZI': -0.6376, 'XYZI': -0.013, 'YYZI': 0.138, 'XXZI': 0.1218, 'YXZI': -0.0002, 'ZIZI': 0.6324, 'ZZII': -0.797}
Calculated 2-RDM element with Parallel after GPU Parallel 3th way, (0, 0, 0, 0) is 0.0
Calculated 2-RDM element with Parallel after GPU Parallel 3th way, (0, 0, 1, 1) is 0.0
Calculated 2-RDM element with Parallel after GPU Parallel 3th way, (0, 1, 0, 1) is -0.11185000000000006
Calculated 2-RDM element with Parallel after GPU Parallel 3th way, (0, 0, 0, 1) is 0.0
Calculated 2-RDM element with Parallel after GPU Parallel 3th way, (0, 1, 1, 1) is 0.0
Calculated 2-RDM element with Parallel after GPU Parallel 3th way, (0, 2, 1, 3) is 0.18673749999999997
Calculated 2-RDM element with Parallel after GPU Parallel 3th way, (0, 2, 0, 2) is -0.6575
Calculated 2-RDM element with Parallel after GPU Parallel 3th way, (0, 2, 0, 3) is -0.064275
Calculated 2-RDM element with Parallel after GPU Parallel 3th way, (0, 3, 1, 2) is 0.0059875
Calculated 2-RDM element with Parallel after GPU Parallel 3th way, (1, 1, 1, 0) is 0.0
Calculated 2-RDM element with Parallel after GPU Parallel 3th way, (0, 2, 1, 2) is 0.009624999999999998
Calculated 2-RDM element with Parallel after GPU Parallel 3th way, (1, 2, 3, 0) is -0.0059875
Calculated 2-RDM element with Parallel after GPU Parallel 3th way, (1, 0, 0, 0) is 0.0
Calculated 2-RDM element with Parallel after GPU Parallel 3th way, (1, 2, 1, 3) is -0.0030000000000000027
Calculated 2-RDM element with Parallel after GPU Parallel 3th way, (1, 1, 1, 1) is 0.0
Calculated 2-RDM element with Parallel after GPU Parallel 3th way, (1, 2, 1, 2) is -0.060500000000000026
Calculated 2-RDM element with Parallel after GPU Parallel 3th way, (2, 0, 3, 0) is -0.064275
Calculated 2-RDM element with Parallel after GPU Parallel 3th way, (1, 3, 2, 0) is -0.18673749999999997
Calculated 2-RDM element with Parallel after GPU Parallel 3th way, (2, 0, 2, 0) is -0.6575
Calculated 2-RDM element with Parallel after GPU Parallel 3th way, (1, 3, 3, 0) is -0.02325
Calculated 2-RDM element with Parallel after GPU Parallel 3th way, (1, 0, 1, 0) is -0.11185000000000006
Calculated 2-RDM element with Parallel after GPU Parallel 3th way, (2, 2, 2, 3) is 0.0
Calculated 2-RDM element with Parallel after GPU Parallel 3th way, (1, 3, 1, 3) is -0.16599999999999998
Calculated 2-RDM element with Parallel after GPU Parallel 3th way, (2, 1, 0, 3) is -0.0059875
Calculated 2-RDM element with Parallel after GPU Parallel 3th way, (1, 2, 2, 0) is -0.009624999999999998
Calculated 2-RDM element with Parallel after GPU Parallel 3th way, (0, 3, 0, 3) is -0.17479999999999998
Calculated 2-RDM element with Parallel after GPU Parallel 3th way, (2, 0, 3, 1) is 0.18673749999999997
Calculated 2-RDM element with Parallel after GPU Parallel 3th way, (0, 3, 2, 0) is 0.064275
Calculated 2-RDM element with Parallel after GPU Parallel 3th way, (2, 3, 2, 3) is -0.048349999999999976
Calculated 2-RDM element with Parallel after GPU Parallel 3th way, (0, 3, 1, 3) is 0.02325
Calculated 2-RDM element with Parallel after GPU Parallel 3th way, (2, 1, 0, 2) is -0.009624999999999998
Calculated 2-RDM element with Parallel after GPU Parallel 3th way, (2, 1, 2, 1) is -0.060500000000000026
Calculated 2-RDM element with Parallel after GPU Parallel 3th way, (2, 2, 2, 2) is 0.0
Calculated 2-RDM element with Parallel after GPU Parallel 3th way, (2, 0, 2, 1) is 0.009624999999999998
Calculated 2-RDM element with Parallel after GPU Parallel 3th way, (3, 0, 3, 0) is -0.17479999999999998
Calculated 2-RDM element with Parallel after GPU Parallel 3th way, (1, 3, 2, 1) is 0.0030000000000000027
Calculated 2-RDM element with Parallel after GPU Parallel 3th way, (3, 2, 2, 2) is 0.0
Calculated 2-RDM element with Parallel after GPU Parallel 3th way, (2, 2, 3, 3) is 0.0
Calculated 2-RDM element with Parallel after GPU Parallel 3th way, (3, 0, 2, 1) is 0.0059875
Calculated 2-RDM element with Parallel after GPU Parallel 3th way, (3, 3, 3, 2) is 0.0
Calculated 2-RDM element with Parallel after GPU Parallel 3th way, (3, 1, 0, 3) is -0.02325
Calculated 2-RDM element with Parallel after GPU Parallel 3th way, (2, 1, 3, 1) is -0.0030000000000000027
Calculated 2-RDM element with Parallel after GPU Parallel 3th way, (3, 1, 1, 2) is 0.0030000000000000027
Calculated 2-RDM element with Parallel after GPU Parallel 3th way, (2, 3, 3, 3) is 0.0
Calculated 2-RDM element with Parallel after GPU Parallel 3th way, (3, 3, 3, 3) is 0.0
Calculated 2-RDM element with Parallel after GPU Parallel 3th way, (3, 1, 3, 1) is -0.16599999999999998
Calculated 2-RDM element with Parallel after GPU Parallel 3th way, (3, 2, 3, 2) is -0.048349999999999976
Calculated 2-RDM element with Parallel after GPU Parallel 3th way, (3, 0, 3, 1) is 0.02325
Calculated 2-RDM element with Parallel after GPU Parallel 3th way, (3, 1, 0, 2) is -0.18673749999999997
Calculated 2-RDM element with Parallel after GPU Parallel 3th way, (3, 0, 0, 2) is 0.064275
Execution time of get_two_rdm_Parallel3: 1.8879730701446533 seconds
Number of 'cx' gates before replacing gates: 56
Number of 'h' gates before replacing gates: 72
Number of 's' gates before replacing gates: 24
Number of 'rz' gates before replacing gates: 32
Number of 'x' gates before replacing gates: 0
Number of 'y' gates before replacing gates: 0
Number of parameterized gates before replacing gates: 0
{ParameterVectorElement(t[0]): 1.4883043931796907e-05, ParameterVectorElement(t[1]): 4.7418807422572615e-05, ParameterVectorElement(t[2]): -0.27935823806731225}
Total parameter gates replaced: 0
Number of 'cx' gates after replacing gates: 56
Number of 'h' gates after replacing gates: 72
Number of 's' gates after replacing gates: 24
Number of 'rz' gates after replacing gates: 32
Number of 'x' gates after replacing gates: 0
Number of 'y' gates after replacing gates: 0
Number of 'z' gates after replacing gates: 0
Gate replacement successful.
Calculated 1-RDM element with wavefunction (0, 0) is 0.9239681018854303
Calculated 1-RDM element with wavefunction (0, 1) is -1.2308608202756399e-06
Calculated 1-RDM element with wavefunction (1, 0) is -1.2308608202756399e-06
Calculated 1-RDM element with wavefunction (1, 3) is 3.455854313540077e-21
Calculated 1-RDM element with wavefunction (0, 2) is -2.0465019501422644e-21
Calculated 1-RDM element with wavefunction (0, 3) is -3.9776461501102437e-17
Calculated 1-RDM element with wavefunction (2, 0) is -2.0465019501422644e-21
Calculated 1-RDM element with wavefunction (2, 3) is -4.147667024269527e-05
Calculated 1-RDM element with wavefunction (1, 2) is -6.947000990011363e-17
Calculated 1-RDM element with wavefunction (3, 1) is 3.455854313540077e-21
Calculated 1-RDM element with wavefunction (2, 1) is -6.947000990011363e-17
Calculated 1-RDM element with wavefunction (3, 3) is 0.07603190014159592
Calculated 1-RDM element with wavefunction (1, 1) is 0.07603189811455761
Calculated 1-RDM element with wavefunction (3, 0) is -3.9776461501102437e-17
Calculated 1-RDM element with wavefunction (2, 2) is 0.9239680998583921
Calculated 1-RDM element with wavefunction (3, 2) is -4.147667024269527e-05
Execution time of get_one_rdm_wavefunction: 0.07024097442626953 seconds
Calculated 2-RDM element with wavefunction (0, 0, 0, 0) is 0.0
Calculated 2-RDM element with wavefunction (0, 1, 0, 1) is -2.8241591331780437e-32
Calculated 2-RDM element with wavefunction (0, 0, 1, 1) is 0.0
Calculated 2-RDM element with wavefunction (0, 1, 1, 1) is 0.0
Calculated 2-RDM element with wavefunction (0, 2, 0, 2) is -0.9239680996368871
Calculated 2-RDM element with wavefunction (0, 0, 0, 1) is 0.0
Calculated 2-RDM element with wavefunction (0, 3, 1, 2) is -7.057361929060066e-10
Calculated 2-RDM element with wavefunction (1, 1, 1, 0) is 0.0
Calculated 2-RDM element with wavefunction (0, 2, 1, 2) is 1.4306066907668889e-05
Calculated 2-RDM element with wavefunction (0, 2, 0, 3) is 4.5580503237740535e-05
Calculated 2-RDM element with wavefunction (0, 3, 1, 3) is -1.3075206087393249e-05
Calculated 2-RDM element with wavefunction (1, 0, 0, 0) is 0.0
Calculated 2-RDM element with wavefunction (1, 1, 1, 1) is 0.0
Calculated 2-RDM element with wavefunction (0, 3, 0, 3) is -2.248543295187518e-09
Calculated 2-RDM element with wavefunction (0, 2, 1, 3) is 0.2650491430056503
Calculated 2-RDM element with wavefunction (1, 3, 1, 3) is -0.07603189789305262
Calculated 2-RDM element with wavefunction (1, 2, 1, 2) is -2.2150499616505182e-10
Calculated 2-RDM element with wavefunction (1, 2, 1, 3) is -4.1038329950452705e-06
Calculated 2-RDM element with wavefunction (2, 1, 0, 2) is -1.4306066907668889e-05
Calculated 2-RDM element with wavefunction (2, 0, 3, 0) is 4.5580503237740535e-05
Calculated 2-RDM element with wavefunction (1, 0, 1, 0) is -2.8241591331780437e-32
Calculated 2-RDM element with wavefunction (0, 3, 2, 0) is -4.5580503237740535e-05
Calculated 2-RDM element with wavefunction (1, 2, 2, 0) is -1.4306066907668889e-05
Calculated 2-RDM element with wavefunction (1, 2, 3, 0) is 7.057361929060066e-10
Calculated 2-RDM element with wavefunction (2, 0, 2, 1) is 1.4306066907668889e-05
Calculated 2-RDM element with wavefunction (2, 3, 3, 3) is 0.0
Calculated 2-RDM element with wavefunction (2, 2, 3, 3) is 0.0
Calculated 2-RDM element with wavefunction (1, 3, 2, 1) is 4.1038329950452705e-06
Calculated 2-RDM element with wavefunction (2, 0, 3, 1) is 0.2650491430056503
Calculated 2-RDM element with wavefunction (3, 0, 2, 1) is -7.057361929060066e-10
Calculated 2-RDM element with wavefunction (2, 1, 2, 1) is -2.2150499616505182e-10
Calculated 2-RDM element with wavefunction (3, 0, 3, 0) is -2.248543295187518e-09
Calculated 2-RDM element with wavefunction (2, 1, 0, 3) is 7.057361929060066e-10
Calculated 2-RDM element with wavefunction (3, 2, 3, 2) is -3.8521671727771676e-32
Calculated 2-RDM element with wavefunction (3, 0, 0, 2) is -4.5580503237740535e-05
Calculated 2-RDM element with wavefunction (2, 2, 2, 3) is 0.0
Calculated 2-RDM element with wavefunction (2, 0, 2, 0) is -0.9239680996368871
Calculated 2-RDM element with wavefunction (1, 3, 2, 0) is -0.2650491430056503
Calculated 2-RDM element with wavefunction (2, 1, 3, 1) is -4.1038329950452705e-06
Calculated 2-RDM element with wavefunction (3, 1, 3, 1) is -0.07603189789305262
Calculated 2-RDM element with wavefunction (3, 3, 3, 2) is 0.0
Calculated 2-RDM element with wavefunction (2, 2, 2, 2) is 0.0
Calculated 2-RDM element with wavefunction (3, 0, 3, 1) is -1.3075206087393249e-05
Calculated 2-RDM element with wavefunction (3, 1, 0, 3) is 1.3075206087393249e-05
Calculated 2-RDM element with wavefunction (1, 3, 3, 0) is 1.3075206087393249e-05
Calculated 2-RDM element with wavefunction (3, 3, 3, 3) is 0.0
Calculated 2-RDM element with wavefunction (3, 1, 1, 2) is 4.1038329950452705e-06
Calculated 2-RDM element with wavefunction (3, 1, 0, 2) is -0.2650491430056503
Calculated 2-RDM element with wavefunction (2, 3, 2, 3) is -3.8521671727771676e-32
Calculated 2-RDM element with wavefunction (3, 2, 2, 2) is 0.0
Execution time of get_two_rdm_wavefunction: 0.19368338584899902 seconds
Calculated 2-RDM element (0, 0, 1, 1) is 0.0
Calculated 2-RDM element (1, 1, 1, 0) is 0.0
Calculated 2-RDM element (0, 0, 0, 0) is 0.0
Calculated 2-RDM element (1, 1, 1, 1) is 0.0
Calculated 2-RDM element (0, 0, 0, 1) is 0.0
Calculated 2-RDM element (0, 1, 1, 1) is 0.0
Calculated 2-RDM element (1, 0, 0, 0) is 0.0
Calculated 2-RDM element (2, 2, 2, 2) is 0.0
Calculated 2-RDM element (2, 2, 3, 3) is 0.0
Calculated 2-RDM element (2, 3, 3, 3) is 0.0
Calculated 2-RDM element (2, 2, 2, 3) is 0.0
Calculated 2-RDM element (3, 2, 2, 2) is 0.0
Calculated 2-RDM element (3, 3, 3, 2) is 0.0
Calculated 2-RDM element (3, 3, 3, 3) is 0.0
Calculated 2-RDM element (1, 0, 1, 0) is -0.10860000000000003
Calculated 2-RDM element (0, 2, 0, 2) is -0.69675
Calculated 2-RDM element (1, 2, 1, 2) is -0.07194999999999999
Calculated 2-RDM element (2, 0, 2, 0) is -0.6918500000000001
Calculated 2-RDM element (0, 3, 0, 3) is -0.16635
Calculated 2-RDM element (1, 3, 1, 3) is -0.14439999999999997
Calculated 2-RDM element (2, 1, 2, 1) is -0.05990000000000001
Calculated 2-RDM element (0, 1, 0, 1) is -0.11400000000000005
Calculated 2-RDM element (2, 3, 2, 3) is -0.049000000000000044
Calculated 2-RDM element (3, 0, 3, 0) is -0.16665
Calculated 2-RDM element (3, 1, 3, 1) is -0.14415
Calculated 2-RDM element (3, 2, 3, 2) is -0.048000000000000015
Calculated 2-RDM element (0, 3, 2, 0) is -0.00020000000000000004
Calculated 2-RDM element (0, 2, 0, 3) is 0.00165
Calculated 2-RDM element (1, 2, 1, 3) is -0.00295
Calculated 2-RDM element (1, 2, 2, 0) is 0.00185
Calculated 2-RDM element (1, 3, 3, 0) is -0.0037249999999999996
Calculated 2-RDM element (1, 3, 2, 1) is 0.0025499999999999997
Calculated 2-RDM element (2, 0, 2, 1) is -0.0006
Calculated 2-RDM element (2, 1, 3, 1) is -0.0022749999999999997
Calculated 2-RDM element (0, 3, 1, 3) is -0.004900000000000001
Calculated 2-RDM element (0, 2, 1, 2) is -0.0012499999999999998
Calculated 2-RDM element (3, 0, 3, 1) is -0.0022
Calculated 2-RDM element (3, 0, 0, 2) is 0.00155
Calculated 2-RDM element (3, 1, 0, 3) is -0.0025
Calculated 2-RDM element (2, 0, 3, 0) is 0.00455
Calculated 2-RDM element (2, 1, 0, 2) is -0.0008750000000000002
Calculated 2-RDM element (3, 1, 1, 2) is 0.002725
Calculated 2-RDM element (1, 3, 2, 0) is -0.15644999999999998
Calculated 2-RDM element (2, 0, 3, 1) is 0.157325
Calculated 2-RDM element (3, 0, 2, 1) is 0.0006250000000000006
Calculated 2-RDM element (2, 1, 0, 3) is 1.2500000000002093e-05
Calculated 2-RDM element (0, 2, 1, 3) is 0.15325
Calculated 2-RDM element (1, 2, 3, 0) is -0.00028750000000000303
Calculated 2-RDM element (0, 3, 1, 2) is 0.0006000000000000033
Calculated 2-RDM element (3, 1, 0, 2) is -0.158475
Execution time of get_two_rdm: 12.361109256744385 seconds
Calculated 1-RDM element (0, 0) is 0.8537
Calculated 1-RDM element (1, 1) is 0.2057
Calculated 1-RDM element (2, 2) is 0.7468
Calculated 1-RDM element (3, 3) is 0.25029999999999997
Calculated 1-RDM element (0, 1) is 0.0013
Calculated 1-RDM element (0, 2) is -0.00025
Calculated 1-RDM element (0, 3) is 0.00465
Calculated 1-RDM element (1, 0) is 0.0007
Calculated 1-RDM element (1, 3) is -0.0015500000000000002
Calculated 1-RDM element (2, 3) is 0.004
Calculated 1-RDM element (2, 0) is 5.000000000000002e-05
Calculated 1-RDM element (3, 1) is -0.0018
Calculated 1-RDM element (2, 1) is 0.0028
Calculated 1-RDM element (1, 2) is 0.00385
Calculated 1-RDM element (3, 0) is -0.0006999999999999999
Calculated 1-RDM element (3, 2) is 0.00835
Execution time of get_one_rdm: 2.1544747352600098 seconds
Calculated 2-RDM element (0, 0, 1, 1) is 0.0
Calculated 2-RDM element (0, 0, 0, 0) is 0.0
Calculated 2-RDM element (0, 0, 0, 1) is 0.0
Calculated 2-RDM element (0, 1, 1, 1) is 0.0
Calculated 2-RDM element (1, 1, 1, 1) is 0.0
Calculated 2-RDM element (1, 0, 0, 0) is 0.0
Calculated 2-RDM element (1, 1, 1, 0) is 0.0
Calculated 2-RDM element (2, 2, 3, 3) is 0.0
Calculated 2-RDM element (2, 2, 2, 3) is 0.0
Calculated 2-RDM element (2, 3, 3, 3) is 0.0
Calculated 2-RDM element (2, 2, 2, 2) is 0.0
Calculated 2-RDM element (3, 2, 2, 2) is 0.0
Calculated 2-RDM element (3, 3, 3, 2) is 0.0
Calculated 2-RDM element (3, 3, 3, 3) is 0.0
Calculated 2-RDM element (0, 2, 0, 2) is -0.923968099636888
Calculated 2-RDM element (2, 0, 2, 0) is -0.923968099636888
Calculated 2-RDM element (0, 1, 0, 1) is -1.582067810090848e-15
Calculated 2-RDM element (0, 3, 0, 3) is -2.248544850314005e-09
Calculated 2-RDM element (2, 3, 2, 3) is -1.609823385706477e-15
Calculated 2-RDM element (1, 2, 1, 2) is -2.2150661860287357e-10
Calculated 2-RDM element (2, 1, 2, 1) is -2.2150661860287357e-10
Calculated 2-RDM element (1, 3, 1, 3) is -0.07603189789305417
Calculated 2-RDM element (1, 0, 1, 0) is -1.582067810090848e-15
Calculated 2-RDM element (3, 0, 3, 0) is -2.248544850314005e-09
Calculated 2-RDM element (3, 2, 3, 2) is -1.609823385706477e-15
Calculated 2-RDM element (3, 1, 3, 1) is -0.07603189789305417
Calculated 2-RDM element (0, 2, 0, 3) is 4.5580503237998155e-05
Calculated 2-RDM element (0, 2, 1, 2) is 1.4306066907664974e-05
Calculated 2-RDM element (2, 0, 3, 0) is 4.5580503237998155e-05
Calculated 2-RDM element (0, 3, 1, 3) is -1.307520608746715e-05
Calculated 2-RDM element (1, 2, 2, 0) is -1.4306066907664974e-05
Calculated 2-RDM element (1, 3, 3, 0) is 1.307520608746715e-05
Calculated 2-RDM element (0, 3, 2, 0) is -4.5580503237998155e-05
Calculated 2-RDM element (1, 2, 1, 3) is -4.103832995044149e-06
Calculated 2-RDM element (1, 3, 2, 1) is 4.103832995044149e-06
Calculated 2-RDM element (2, 1, 0, 2) is -1.4306066907664974e-05
Calculated 2-RDM element (3, 0, 0, 2) is -4.5580503237998155e-05
Calculated 2-RDM element (3, 1, 0, 3) is 1.307520608746715e-05
Calculated 2-RDM element (2, 1, 3, 1) is -4.103832995044149e-06
Calculated 2-RDM element (3, 1, 1, 2) is 4.103832995044149e-06
Calculated 2-RDM element (2, 0, 2, 1) is 1.4306066907664974e-05
Calculated 2-RDM element (3, 0, 3, 1) is -1.307520608746715e-05
Calculated 2-RDM element (3, 1, 0, 2) is -0.2650491430056501
Calculated 2-RDM element (3, 0, 2, 1) is -7.057361917084393e-10
Calculated 2-RDM element (1, 2, 3, 0) is 7.057361917084393e-10
Calculated 2-RDM element (1, 3, 2, 0) is -0.2650491430056501
Calculated 2-RDM element (0, 3, 1, 2) is -7.057361917084393e-10
Calculated 2-RDM element (0, 2, 1, 3) is 0.2650491430056501
Calculated 2-RDM element (2, 1, 0, 3) is 7.057361917084393e-10
Calculated 2-RDM element (2, 0, 3, 1) is 0.2650491430056501
Execution time of get_two_rdm: 4.8927764892578125 seconds
Calculated 2-RDM element with wavefunction (0, 0, 0, 0) is 0.0
Calculated 2-RDM element with wavefunction (0, 1, 0, 1) is -2.1652799250011767e-32
Calculated 2-RDM element with wavefunction (0, 0, 1, 1) is 0.0
Calculated 2-RDM element with wavefunction (0, 2, 0, 2) is -0.9239680996368863
Calculated 2-RDM element with wavefunction (0, 0, 0, 1) is 0.0
Calculated 2-RDM element with wavefunction (0, 2, 0, 3) is 4.558050323799815e-05
Calculated 2-RDM element with wavefunction (0, 1, 1, 1) is 0.0
Calculated 2-RDM element with wavefunction (1, 1, 1, 1) is 0.0
Calculated 2-RDM element with wavefunction (1, 2, 1, 3) is -4.103832995044147e-06
Calculated 2-RDM element with wavefunction (0, 3, 1, 2) is -7.057361929098029e-10
Calculated 2-RDM element with wavefunction (1, 0, 0, 0) is 0.0
Calculated 2-RDM element with wavefunction (1, 2, 1, 2) is -2.215049961649308e-10
Calculated 2-RDM element with wavefunction (2, 0, 2, 1) is 1.4306066907664976e-05
Calculated 2-RDM element with wavefunction (2, 0, 2, 0) is -0.9239680996368863
Calculated 2-RDM element with wavefunction (0, 2, 1, 3) is 0.2650491430056501
Calculated 2-RDM element with wavefunction (1, 1, 1, 0) is 0.0
Calculated 2-RDM element with wavefunction (1, 2, 2, 0) is -1.4306066907664976e-05
Calculated 2-RDM element with wavefunction (0, 3, 0, 3) is -2.2485432952129375e-09
Calculated 2-RDM element with wavefunction (1, 3, 2, 1) is 4.103832995044147e-06
Calculated 2-RDM element with wavefunction (1, 3, 3, 0) is 1.307520608746715e-05
Calculated 2-RDM element with wavefunction (2, 2, 2, 2) is 0.0
Calculated 2-RDM element with wavefunction (0, 3, 2, 0) is -4.558050323799815e-05
Calculated 2-RDM element with wavefunction (2, 1, 2, 1) is -2.215049961649308e-10
Calculated 2-RDM element with wavefunction (2, 1, 3, 1) is -4.103832995044147e-06
Calculated 2-RDM element with wavefunction (1, 3, 2, 0) is -0.2650491430056501
Calculated 2-RDM element with wavefunction (2, 3, 3, 3) is 0.0
Calculated 2-RDM element with wavefunction (2, 1, 0, 3) is 7.057361929098029e-10
Calculated 2-RDM element with wavefunction (2, 2, 3, 3) is 0.0
Calculated 2-RDM element with wavefunction (2, 0, 3, 0) is 4.558050323799815e-05
Calculated 2-RDM element with wavefunction (2, 0, 3, 1) is 0.2650491430056501
Calculated 2-RDM element with wavefunction (1, 2, 3, 0) is 7.057361929098029e-10
Calculated 2-RDM element with wavefunction (1, 3, 1, 3) is -0.07603189789305256
Calculated 2-RDM element with wavefunction (2, 1, 0, 2) is -1.4306066907664976e-05
Calculated 2-RDM element with wavefunction (3, 0, 3, 0) is -2.2485432952129375e-09
Calculated 2-RDM element with wavefunction (0, 3, 1, 3) is -1.307520608746715e-05
Calculated 2-RDM element with wavefunction (3, 0, 3, 1) is -1.307520608746715e-05
Calculated 2-RDM element with wavefunction (2, 2, 2, 3) is 0.0
Calculated 2-RDM element with wavefunction (0, 2, 1, 2) is 1.4306066907664976e-05
Calculated 2-RDM element with wavefunction (3, 0, 2, 1) is -7.057361929098029e-10
Calculated 2-RDM element with wavefunction (3, 0, 0, 2) is -4.558050323799815e-05
Calculated 2-RDM element with wavefunction (3, 1, 0, 3) is 1.307520608746715e-05
Calculated 2-RDM element with wavefunction (1, 0, 1, 0) is -2.1652799250011767e-32
Calculated 2-RDM element with wavefunction (3, 3, 3, 3) is 0.0
Calculated 2-RDM element with wavefunction (2, 3, 2, 3) is -8.700369662288135e-33
Calculated 2-RDM element with wavefunction (3, 3, 3, 2) is 0.0
Calculated 2-RDM element with wavefunction (3, 2, 3, 2) is -8.700369662288135e-33
Calculated 2-RDM element with wavefunction (3, 1, 0, 2) is -0.2650491430056501
Calculated 2-RDM element with wavefunction (3, 1, 3, 1) is -0.07603189789305256
Calculated 2-RDM element with wavefunction (3, 2, 2, 2) is 0.0
Calculated 2-RDM element with wavefunction (3, 1, 1, 2) is 4.103832995044147e-06
Execution time of get_two_rdm_wavefunction: 0.17075300216674805 seconds
Calculated 2-RDM element (0, 0, 0, 1) is 0.0
Calculated 2-RDM element (0, 0, 1, 1) is 0.0
Calculated 2-RDM element (0, 1, 1, 1) is 0.0
Calculated 2-RDM element (0, 0, 0, 0) is 0.0
Calculated 2-RDM element (1, 0, 0, 0) is 0.0
Calculated 2-RDM element (1, 1, 1, 1) is 0.0
Calculated 2-RDM element (1, 1, 1, 0) is 0.0
Calculated 2-RDM element (2, 2, 2, 3) is 0.0
Calculated 2-RDM element (2, 2, 2, 2) is 0.0
Calculated 2-RDM element (2, 2, 3, 3) is 0.0
Calculated 2-RDM element (2, 3, 3, 3) is 0.0
Calculated 2-RDM element (3, 2, 2, 2) is 0.0
Calculated 2-RDM element (3, 3, 3, 2) is 0.0
Calculated 2-RDM element (3, 3, 3, 3) is 0.0
Calculated 2-RDM element (0, 1, 0, 1) is -0.10894999999999994
Calculated 2-RDM element (0, 2, 0, 2) is -0.65555
Calculated 2-RDM element (0, 3, 0, 3) is -0.17060000000000003
Calculated 2-RDM element (1, 2, 1, 2) is -0.06494999999999998
Calculated 2-RDM element (1, 0, 1, 0) is -0.1058
Calculated 2-RDM element (2, 0, 2, 0) is -0.6575
Calculated 2-RDM element (1, 3, 1, 3) is -0.16504999999999997
Calculated 2-RDM element (2, 1, 2, 1) is -0.06569999999999998
Calculated 2-RDM element (3, 0, 3, 0) is -0.16474999999999998
Calculated 2-RDM element (2, 3, 2, 3) is -0.04274999999999998
Calculated 2-RDM element (3, 1, 3, 1) is -0.16565000000000002
Calculated 2-RDM element (3, 2, 3, 2) is -0.04989999999999997
Calculated 2-RDM element (0, 2, 1, 2) is 0.013325000000000002
Calculated 2-RDM element (0, 3, 1, 3) is 0.023925
Calculated 2-RDM element (0, 2, 0, 3) is -0.062325
Calculated 2-RDM element (1, 2, 1, 3) is -0.004324999999999999
Calculated 2-RDM element (1, 2, 2, 0) is -0.0086
Calculated 2-RDM element (1, 3, 3, 0) is -0.026275
Calculated 2-RDM element (1, 3, 2, 1) is 0.0017999999999999995
Calculated 2-RDM element (0, 3, 2, 0) is 0.0624
Calculated 2-RDM element (2, 0, 2, 1) is 0.008674999999999999
Calculated 2-RDM element (2, 1, 3, 1) is -0.003949999999999999
Calculated 2-RDM element (2, 1, 0, 2) is -0.012275000000000001
Calculated 2-RDM element (2, 0, 3, 0) is -0.0639
Calculated 2-RDM element (3, 0, 0, 2) is 0.06035
Calculated 2-RDM element (3, 1, 0, 3) is -0.02415
Calculated 2-RDM element (3, 0, 3, 1) is 0.021
Calculated 2-RDM element (3, 1, 1, 2) is 0.005874999999999998
Calculated 2-RDM element (0, 2, 1, 3) is 0.1843375
Calculated 2-RDM element (1, 2, 3, 0) is -0.0018374999999999989
Calculated 2-RDM element (0, 3, 1, 2) is 0.0006500000000000082
Calculated 2-RDM element (2, 0, 3, 1) is 0.186
Calculated 2-RDM element (1, 3, 2, 0) is -0.18241249999999998
Calculated 2-RDM element (3, 0, 2, 1) is 0.002524999999999996
Calculated 2-RDM element (3, 1, 0, 2) is -0.18603750000000002
Calculated 2-RDM element (2, 1, 0, 3) is -0.002700000000000001
Execution time of get_two_rdm: 10.22488284111023 seconds
{'IIII': 1.0, 'IIZI': 0.5222, 'IIIZ': -0.6526, 'IIZZ': -0.6958, 'IZII': -0.451, 'IZIZ': 0.5522, 'XYII': 0.003, 'YYII': 0.1546, 'XYIZ': 0.0206, 'YYIZ': -0.108, 'XXII': 0.1198, 'YXII': 0.0014, 'XXIZ': -0.143, 'YXIZ': 0.0072, 'IIXY': -0.0038, 'IZXY': -0.0062, 'IIYY': -0.0674, 'IZYY': -0.0298, 'IIXX': -0.08, 'IZXX': -0.02, 'IIYX': 0.0018, 'IZYX': -0.0116, 'XYXY': 0.3568, 'YYXY': -0.0082, 'XYYY': -0.012, 'YYYY': -0.3772, 'XXXY': 0.0236, 'YXXY': -0.3804, 'XXYY': -0.378, 'YXYY': -0.0078, 'XYXX': -0.0086, 'YYXX': -0.3636, 'XYYX': -0.3532, 'YYYX': 0.007, 'XXXX': -0.3876, 'YXXX': 0.0032, 'XXYX': 0.003, 'YXYX': 0.3554, 'ZIII': 0.4366, 'ZIIZ': -0.5438, 'ZIXY': -0.0174, 'ZIYY': 0.018, 'ZIXX': 0.026, 'ZIYX': 0.0054, 'IZZI': -0.6316, 'XYZI': -0.003, 'YYZI': 0.1152, 'XXZI': 0.1128, 'YXZI': 0.0024, 'ZIZI': 0.6312, 'ZZII': -0.8104}
Calculated 2-RDM element with Parallel after GPU Parallel 1st way, (0, 0, 0, 0) is 0.0
Calculated 2-RDM element with Parallel after GPU Parallel 1st way, (0, 0, 0, 1) is 0.0
Calculated 2-RDM element with Parallel after GPU Parallel 1st way, (0, 0, 1, 1) is 0.0
Calculated 2-RDM element with Parallel after GPU Parallel 1st way, (0, 1, 0, 1) is -0.10864999999999997
Calculated 2-RDM element with Parallel after GPU Parallel 1st way, (0, 1, 1, 1) is 0.0
Calculated 2-RDM element with Parallel after GPU Parallel 1st way, (0, 2, 0, 2) is -0.66395
Calculated 2-RDM element with Parallel after GPU Parallel 1st way, (0, 2, 0, 3) is -0.065675
Calculated 2-RDM element with Parallel after GPU Parallel 1st way, (0, 2, 1, 2) is 0.0122
Calculated 2-RDM element with Parallel after GPU Parallel 1st way, (0, 2, 1, 3) is 0.1845125
Calculated 2-RDM element with Parallel after GPU Parallel 1st way, (0, 3, 0, 3) is -0.16805
Calculated 2-RDM element with Parallel after GPU Parallel 1st way, (0, 3, 1, 2) is 0.0037874999999999957
Calculated 2-RDM element with Parallel after GPU Parallel 1st way, (0, 3, 1, 3) is 0.023925
Calculated 2-RDM element with Parallel after GPU Parallel 1st way, (0, 3, 2, 0) is 0.065675
Calculated 2-RDM element with Parallel after GPU Parallel 1st way, (1, 0, 0, 0) is 0.0
Calculated 2-RDM element with Parallel after GPU Parallel 1st way, (1, 0, 1, 0) is -0.10865000000000002
Calculated 2-RDM element with Parallel after GPU Parallel 1st way, (1, 1, 1, 0) is 0.0
Calculated 2-RDM element with Parallel after GPU Parallel 1st way, (1, 1, 1, 1) is 0.0
Calculated 2-RDM element with Parallel after GPU Parallel 1st way, (1, 2, 1, 2) is -0.0743
Calculated 2-RDM element with Parallel after GPU Parallel 1st way, (1, 2, 1, 3) is -0.005800000000000001
Calculated 2-RDM element with Parallel after GPU Parallel 1st way, (1, 2, 2, 0) is -0.012200000000000003
Calculated 2-RDM element with Parallel after GPU Parallel 1st way, (1, 2, 3, 0) is -0.0037874999999999957
Calculated 2-RDM element with Parallel after GPU Parallel 1st way, (1, 3, 1, 3) is -0.1681
Calculated 2-RDM element with Parallel after GPU Parallel 1st way, (1, 3, 2, 0) is -0.1845125
Calculated 2-RDM element with Parallel after GPU Parallel 1st way, (1, 3, 2, 1) is 0.0058
Calculated 2-RDM element with Parallel after GPU Parallel 1st way, (1, 3, 3, 0) is -0.023925
Calculated 2-RDM element with Parallel after GPU Parallel 1st way, (2, 0, 2, 0) is -0.66395
Calculated 2-RDM element with Parallel after GPU Parallel 1st way, (2, 0, 2, 1) is 0.0122
Calculated 2-RDM element with Parallel after GPU Parallel 1st way, (2, 0, 3, 0) is -0.065675
Calculated 2-RDM element with Parallel after GPU Parallel 1st way, (2, 0, 3, 1) is 0.18451249999999997
Calculated 2-RDM element with Parallel after GPU Parallel 1st way, (2, 1, 0, 2) is -0.012200000000000003
Calculated 2-RDM element with Parallel after GPU Parallel 1st way, (2, 1, 0, 3) is -0.0037874999999999957
Calculated 2-RDM element with Parallel after GPU Parallel 1st way, (2, 1, 2, 1) is -0.0743
Calculated 2-RDM element with Parallel after GPU Parallel 1st way, (2, 1, 3, 1) is -0.005800000000000001
Calculated 2-RDM element with Parallel after GPU Parallel 1st way, (2, 2, 2, 2) is 0.0
Calculated 2-RDM element with Parallel after GPU Parallel 1st way, (2, 2, 2, 3) is 0.0
Calculated 2-RDM element with Parallel after GPU Parallel 1st way, (2, 2, 3, 3) is 0.0
Calculated 2-RDM element with Parallel after GPU Parallel 1st way, (2, 3, 2, 3) is -0.05099999999999999
Calculated 2-RDM element with Parallel after GPU Parallel 1st way, (2, 3, 3, 3) is 0.0
Calculated 2-RDM element with Parallel after GPU Parallel 1st way, (3, 0, 0, 2) is 0.065675
Calculated 2-RDM element with Parallel after GPU Parallel 1st way, (3, 0, 2, 1) is 0.0037874999999999957
Calculated 2-RDM element with Parallel after GPU Parallel 1st way, (3, 0, 3, 0) is -0.16805000000000006
Calculated 2-RDM element with Parallel after GPU Parallel 1st way, (3, 0, 3, 1) is 0.023925
Calculated 2-RDM element with Parallel after GPU Parallel 1st way, (3, 1, 0, 2) is -0.1845125
Calculated 2-RDM element with Parallel after GPU Parallel 1st way, (3, 1, 0, 3) is -0.023925
Calculated 2-RDM element with Parallel after GPU Parallel 1st way, (3, 1, 1, 2) is 0.0058
Calculated 2-RDM element with Parallel after GPU Parallel 1st way, (3, 1, 3, 1) is -0.1681
Calculated 2-RDM element with Parallel after GPU Parallel 1st way, (3, 2, 2, 2) is 0.0
Calculated 2-RDM element with Parallel after GPU Parallel 1st way, (3, 2, 3, 2) is -0.051000000000000045
Calculated 2-RDM element with Parallel after GPU Parallel 1st way, (3, 3, 3, 2) is 0.0
Calculated 2-RDM element with Parallel after GPU Parallel 1st way, (3, 3, 3, 3) is 0.0
Execution time of get_two_rdm_Parallel: 1.7417278289794922 seconds
Calculated 1-RDM element (3, 3) is 0.07603190014159905
Calculated 1-RDM element (2, 2) is 0.9239680998583946
Calculated 1-RDM element (0, 0) is 0.9239681018854328
Calculated 1-RDM element (1, 1) is 0.07603189811456079
Calculated 1-RDM element (0, 2) is -1.094474420919684e-21
Calculated 1-RDM element (3, 0) is -2.548291735363263e-17
Calculated 1-RDM element (1, 0) is -1.2308608201978264e-06
Calculated 1-RDM element (2, 0) is -1.094474420919684e-21
Calculated 1-RDM element (1, 2) is 1.0472514390718848e-16
Calculated 1-RDM element (2, 3) is -4.1476670242954e-05
Calculated 1-RDM element (0, 1) is -1.2308608201978264e-06
Calculated 1-RDM element (2, 1) is 1.0472514390718848e-16
Calculated 1-RDM element (0, 3) is -2.548291735363263e-17
Calculated 1-RDM element (3, 2) is -4.1476670242954e-05
Calculated 1-RDM element (3, 1) is -5.0856235723462304e-21
Calculated 1-RDM element (1, 3) is -5.0856235723462304e-21
Execution time of get_one_rdm: 1.3012537956237793 seconds
Calculated 1-RDM element with wavefunction (0, 0) is 0.9239681018854295
Calculated 1-RDM element with wavefunction (0, 1) is -1.2308608201978264e-06
Calculated 1-RDM element with wavefunction (1, 2) is 1.0472514390718849e-16
Calculated 1-RDM element with wavefunction (0, 3) is -2.5482917353632623e-17
Calculated 1-RDM element with wavefunction (1, 1) is 0.07603189811455756
Calculated 1-RDM element with wavefunction (0, 2) is -1.0944744209219951e-21
Calculated 1-RDM element with wavefunction (2, 0) is -1.0944744209219951e-21
Calculated 1-RDM element with wavefunction (1, 0) is -1.2308608201978264e-06
Calculated 1-RDM element with wavefunction (2, 2) is 0.9239680998583913
Calculated 1-RDM element with wavefunction (2, 1) is 1.0472514390718849e-16
Calculated 1-RDM element with wavefunction (3, 3) is 0.07603190014159586
Calculated 1-RDM element with wavefunction (2, 3) is -4.1476670242954e-05
Calculated 1-RDM element with wavefunction (1, 3) is -5.08562357234745e-21
Calculated 1-RDM element with wavefunction (3, 2) is -4.1476670242954e-05
Calculated 1-RDM element with wavefunction (3, 1) is -5.08562357234745e-21
Calculated 1-RDM element with wavefunction (3, 0) is -2.5482917353632623e-17
Execution time of get_one_rdm_wavefunction: 0.06726765632629395 seconds
Calculated 1-RDM element (0, 0) is 0.8240000000000001
Calculated 1-RDM element (2, 2) is 0.7204
Calculated 1-RDM element (1, 1) is 0.2277
Calculated 1-RDM element (3, 3) is 0.28800000000000003
Calculated 1-RDM element (0, 1) is -0.03415
Calculated 1-RDM element (0, 2) is 0.0033
Calculated 1-RDM element (2, 0) is 0.0028
Calculated 1-RDM element (1, 3) is 0.004
Calculated 1-RDM element (0, 3) is -0.00675
Calculated 1-RDM element (2, 1) is 0.00035000000000000005
Calculated 1-RDM element (1, 0) is -0.03725
Calculated 1-RDM element (3, 1) is 0.00185
Calculated 1-RDM element (1, 2) is -0.0026999999999999997
Calculated 1-RDM element (3, 0) is 0.00065
Calculated 1-RDM element (3, 2) is 0.07425000000000001
Calculated 1-RDM element (2, 3) is 0.06385
Execution time of get_one_rdm: 1.8932499885559082 seconds
--- [DONE]  Processing for d = 1.30. Data saved. ---
--- [START] Processing for d = 0.6 ---
Attempting to load file: /home/u2600410/H2/H2_0.6_sto-3g.pkl
Using CPU for noisy estimator...
Number of qubits: 4
Execution time of Gene_Qiskit_VQE_hamiltonian: 0.0006160736083984375 seconds
VQE Optimal Energy: -1.11628599
{   'aux_operators_evaluated': None,
    'cost_function_evals': 47,
    'eigenvalue': -1.1162859946314652,
    'optimal_circuit': <qiskit_nature.second_q.circuit.library.ansatzes.uccsd.UCCSD object at 0x148e8b8fb860>,
    'optimal_parameters': {   ParameterVectorElement(t[2]): -0.08703686989556204,
                              ParameterVectorElement(t[1]): -0.00011109065469838215,
                              ParameterVectorElement(t[0]): -1.8061753041166847e-07},
    'optimal_point': array([-1.80617530e-07, -1.11090655e-04, -8.70368699e-02]),
    'optimal_value': -1.1162859946314652,
    'optimizer_evals': None,
    'optimizer_result': <qiskit_algorithms.optimizers.optimizer.OptimizerResult object at 0x148e8b9320c0>,
    'optimizer_time': 1.41404128074646}
VQE Optimal Energy: -0.69960380
{   'aux_operators_evaluated': None,
    'cost_function_evals': 41,
    'eigenvalue': -0.6996038049903751,
    'optimal_circuit': <qiskit_nature.second_q.circuit.library.ansatzes.uccsd.UCCSD object at 0x148e8bf5e360>,
    'optimal_parameters': {   ParameterVectorElement(t[1]): 0.044259080406846396,
                              ParameterVectorElement(t[0]): -0.048524050737764224,
                              ParameterVectorElement(t[2]): -0.10183939054069455},
    'optimal_point': array([-0.04852405,  0.04425908, -0.10183939]),
    'optimal_value': -0.6996038049903751,
    'optimizer_evals': None,
    'optimizer_result': <qiskit_algorithms.optimizers.optimizer.OptimizerResult object at 0x148e8b9705f0>,
    'optimizer_time': 6.556480169296265}
{'IIII': 1.0, 'IIZI': 0.6646, 'IIIZ': -0.7872, 'IIZZ': -0.6878, 'IZII': -0.5728, 'IZIZ': 0.5626, 'XYII': -0.019, 'YYII': -0.0664, 'XYIZ': 0.0026, 'YYIZ': 0.0424, 'XXII': -0.058, 'YXII': 0.013, 'XXIZ': 0.0532, 'YXIZ': 0.0012, 'IIXY': 0.0028, 'IZXY': -0.0134, 'IIYY': 0.0744, 'IZYY': -0.0602, 'IIXX': 0.062, 'IZXX': -0.0656, 'IIYX': 0.0208, 'IZYX': 0.0038, 'XYXY': 0.1168, 'YYXY': -0.0002, 'XYYY': -0.0036, 'YYYY': -0.1096, 'XXXY': 0.005, 'YXXY': -0.122, 'XXYY': -0.1076, 'YXYY': -0.0024, 'XYXX': 0.0064, 'YYXX': -0.1158, 'XYYX': -0.1236, 'YYYX': -0.004, 'XXXX': -0.1178, 'YXXX': -0.0104, 'XXYX': -0.0004, 'YXYX': 0.1156, 'ZIII': 0.5838, 'ZIIZ': -0.553, 'ZIXY': -0.0172, 'ZIYY': 0.0492, 'ZIXX': 0.0348, 'ZIYX': 0.0, 'IZZI': -0.642, 'XYZI': 0.0072, 'YYZI': -0.0564, 'XXZI': -0.0514, 'YXZI': -0.0016, 'ZIZI': 0.639, 'ZZII': -0.8044}
Calculated 2-RDM element with Parallel after GPU Parallel 1st way, (0, 0, 0, 0) is 0.0
Calculated 2-RDM element with Parallel after GPU Parallel 1st way, (0, 0, 0, 1) is 0.0
Calculated 2-RDM element with Parallel after GPU Parallel 1st way, (0, 0, 1, 1) is 0.0
Calculated 2-RDM element with Parallel after GPU Parallel 1st way, (0, 1, 0, 1) is -0.10870000000000002
Calculated 2-RDM element with Parallel after GPU Parallel 1st way, (0, 1, 1, 1) is 0.0
Calculated 2-RDM element with Parallel after GPU Parallel 1st way, (0, 2, 0, 2) is -0.73065
Calculated 2-RDM element with Parallel after GPU Parallel 1st way, (0, 2, 0, 3) is 0.0275
Calculated 2-RDM element with Parallel after GPU Parallel 1st way, (0, 2, 1, 2) is -0.032775
Calculated 2-RDM element with Parallel after GPU Parallel 1st way, (0, 2, 1, 3) is 0.058050000000000004
Calculated 2-RDM element with Parallel after GPU Parallel 1st way, (0, 3, 0, 3) is -0.1626
Calculated 2-RDM element with Parallel after GPU Parallel 1st way, (0, 3, 1, 2) is -0.0016999999999999984
Calculated 2-RDM element with Parallel after GPU Parallel 1st way, (0, 3, 1, 3) is -0.00655
Calculated 2-RDM element with Parallel after GPU Parallel 1st way, (0, 3, 2, 0) is -0.027499999999999997
Calculated 2-RDM element with Parallel after GPU Parallel 1st way, (1, 0, 0, 0) is 0.0
Calculated 2-RDM element with Parallel after GPU Parallel 1st way, (1, 0, 1, 0) is -0.10869999999999996
Calculated 2-RDM element with Parallel after GPU Parallel 1st way, (1, 1, 1, 0) is 0.0
Calculated 2-RDM element with Parallel after GPU Parallel 1st way, (1, 1, 1, 1) is 0.0
Calculated 2-RDM element with Parallel after GPU Parallel 1st way, (1, 2, 1, 2) is -0.06655
Calculated 2-RDM element with Parallel after GPU Parallel 1st way, (1, 2, 1, 3) is 0.0020750000000000005
Calculated 2-RDM element with Parallel after GPU Parallel 1st way, (1, 2, 2, 0) is 0.032775
Calculated 2-RDM element with Parallel after GPU Parallel 1st way, (1, 2, 3, 0) is 0.0016999999999999993
Calculated 2-RDM element with Parallel after GPU Parallel 1st way, (1, 3, 1, 3) is -0.09765000000000001
Calculated 2-RDM element with Parallel after GPU Parallel 1st way, (1, 3, 2, 0) is -0.058050000000000004
Calculated 2-RDM element with Parallel after GPU Parallel 1st way, (1, 3, 2, 1) is -0.0020750000000000013
Calculated 2-RDM element with Parallel after GPU Parallel 1st way, (1, 3, 3, 0) is 0.006549999999999999
Calculated 2-RDM element with Parallel after GPU Parallel 1st way, (2, 0, 2, 0) is -0.73065
Calculated 2-RDM element with Parallel after GPU Parallel 1st way, (2, 0, 2, 1) is -0.032775
Calculated 2-RDM element with Parallel after GPU Parallel 1st way, (2, 0, 3, 0) is 0.0275
Calculated 2-RDM element with Parallel after GPU Parallel 1st way, (2, 0, 3, 1) is 0.058050000000000004
Calculated 2-RDM element with Parallel after GPU Parallel 1st way, (2, 1, 0, 2) is 0.032775
Calculated 2-RDM element with Parallel after GPU Parallel 1st way, (2, 1, 0, 3) is 0.0017000000000000001
Calculated 2-RDM element with Parallel after GPU Parallel 1st way, (2, 1, 2, 1) is -0.06655
Calculated 2-RDM element with Parallel after GPU Parallel 1st way, (2, 1, 3, 1) is 0.0020750000000000005
Calculated 2-RDM element with Parallel after GPU Parallel 1st way, (2, 2, 2, 2) is 0.0
Calculated 2-RDM element with Parallel after GPU Parallel 1st way, (2, 2, 2, 3) is 0.0
Calculated 2-RDM element with Parallel after GPU Parallel 1st way, (2, 2, 3, 3) is 0.0
Calculated 2-RDM element with Parallel after GPU Parallel 1st way, (2, 3, 2, 3) is -0.04615
Calculated 2-RDM element with Parallel after GPU Parallel 1st way, (2, 3, 3, 3) is 0.0
Calculated 2-RDM element with Parallel after GPU Parallel 1st way, (3, 0, 0, 2) is -0.027499999999999997
Calculated 2-RDM element with Parallel after GPU Parallel 1st way, (3, 0, 2, 1) is -0.0016999999999999993
Calculated 2-RDM element with Parallel after GPU Parallel 1st way, (3, 0, 3, 0) is -0.16259999999999994
Calculated 2-RDM element with Parallel after GPU Parallel 1st way, (3, 0, 3, 1) is -0.00655
Calculated 2-RDM element with Parallel after GPU Parallel 1st way, (3, 1, 0, 2) is -0.058050000000000004
Calculated 2-RDM element with Parallel after GPU Parallel 1st way, (3, 1, 0, 3) is 0.006549999999999999
Calculated 2-RDM element with Parallel after GPU Parallel 1st way, (3, 1, 1, 2) is -0.0020750000000000013
Calculated 2-RDM element with Parallel after GPU Parallel 1st way, (3, 1, 3, 1) is -0.09765000000000001
Calculated 2-RDM element with Parallel after GPU Parallel 1st way, (3, 2, 2, 2) is 0.0
Calculated 2-RDM element with Parallel after GPU Parallel 1st way, (3, 2, 3, 2) is -0.04615
Calculated 2-RDM element with Parallel after GPU Parallel 1st way, (3, 3, 3, 2) is 0.0
Calculated 2-RDM element with Parallel after GPU Parallel 1st way, (3, 3, 3, 3) is 0.0
Execution time of get_two_rdm_Parallel: 4.901778221130371 seconds
Calculated 2-RDM element with Parallel after GPU Parallel 2nd way, (0, 0, 0, 0) is 0.0
Calculated 2-RDM element with Parallel after GPU Parallel 2nd way, (0, 0, 0, 1) is 0.0
Calculated 2-RDM element with Parallel after GPU Parallel 2nd way, (0, 0, 1, 1) is 0.0
Calculated 2-RDM element with Parallel after GPU Parallel 2nd way, (0, 1, 0, 1) is -0.11249999999999999
Calculated 2-RDM element with Parallel after GPU Parallel 2nd way, (0, 1, 1, 1) is 0.0
Calculated 2-RDM element with Parallel after GPU Parallel 2nd way, (0, 2, 0, 2) is -0.72855
Calculated 2-RDM element with Parallel after GPU Parallel 2nd way, (0, 2, 0, 3) is 0.031225000000000003
Calculated 2-RDM element with Parallel after GPU Parallel 2nd way, (0, 2, 1, 2) is -0.0315
Calculated 2-RDM element with Parallel after GPU Parallel 2nd way, (0, 2, 1, 3) is 0.061974999999999995
Calculated 2-RDM element with Parallel after GPU Parallel 2nd way, (0, 3, 0, 3) is -0.16414999999999996
Calculated 2-RDM element with Parallel after GPU Parallel 2nd way, (0, 3, 1, 2) is 0.001975000000000001
Calculated 2-RDM element with Parallel after GPU Parallel 2nd way, (0, 3, 1, 3) is -0.004975000000000002
Calculated 2-RDM element with Parallel after GPU Parallel 2nd way, (0, 3, 2, 0) is -0.031225000000000003
Calculated 2-RDM element with Parallel after GPU Parallel 2nd way, (1, 0, 0, 0) is 0.0
Calculated 2-RDM element with Parallel after GPU Parallel 2nd way, (1, 0, 1, 0) is -0.11249999999999993
Calculated 2-RDM element with Parallel after GPU Parallel 2nd way, (1, 1, 1, 0) is 0.0
Calculated 2-RDM element with Parallel after GPU Parallel 2nd way, (1, 1, 1, 1) is 0.0
Calculated 2-RDM element with Parallel after GPU Parallel 2nd way, (1, 2, 1, 2) is -0.05795
Calculated 2-RDM element with Parallel after GPU Parallel 2nd way, (1, 2, 1, 3) is 0.005925000000000001
Calculated 2-RDM element with Parallel after GPU Parallel 2nd way, (1, 2, 2, 0) is 0.0315
Calculated 2-RDM element with Parallel after GPU Parallel 2nd way, (1, 2, 3, 0) is -0.001975000000000001
Calculated 2-RDM element with Parallel after GPU Parallel 2nd way, (1, 3, 1, 3) is -0.1026
Calculated 2-RDM element with Parallel after GPU Parallel 2nd way, (1, 3, 2, 0) is -0.061974999999999995
Calculated 2-RDM element with Parallel after GPU Parallel 2nd way, (1, 3, 2, 1) is -0.005925000000000001
Calculated 2-RDM element with Parallel after GPU Parallel 2nd way, (1, 3, 3, 0) is 0.004975000000000001
Calculated 2-RDM element with Parallel after GPU Parallel 2nd way, (2, 0, 2, 0) is -0.72855
Calculated 2-RDM element with Parallel after GPU Parallel 2nd way, (2, 0, 2, 1) is -0.0315
Calculated 2-RDM element with Parallel after GPU Parallel 2nd way, (2, 0, 3, 0) is 0.031225000000000003
Calculated 2-RDM element with Parallel after GPU Parallel 2nd way, (2, 0, 3, 1) is 0.061975
Calculated 2-RDM element with Parallel after GPU Parallel 2nd way, (2, 1, 0, 2) is 0.0315
Calculated 2-RDM element with Parallel after GPU Parallel 2nd way, (2, 1, 0, 3) is -0.001975000000000001
Calculated 2-RDM element with Parallel after GPU Parallel 2nd way, (2, 1, 2, 1) is -0.05795
Calculated 2-RDM element with Parallel after GPU Parallel 2nd way, (2, 1, 3, 1) is 0.005925000000000001
Calculated 2-RDM element with Parallel after GPU Parallel 2nd way, (2, 2, 2, 2) is 0.0
Calculated 2-RDM element with Parallel after GPU Parallel 2nd way, (2, 2, 2, 3) is 0.0
Calculated 2-RDM element with Parallel after GPU Parallel 2nd way, (2, 2, 3, 3) is 0.0
Calculated 2-RDM element with Parallel after GPU Parallel 2nd way, (2, 3, 2, 3) is -0.04379999999999998
Calculated 2-RDM element with Parallel after GPU Parallel 2nd way, (2, 3, 3, 3) is 0.0
Calculated 2-RDM element with Parallel after GPU Parallel 2nd way, (3, 0, 0, 2) is -0.031225000000000003
Calculated 2-RDM element with Parallel after GPU Parallel 2nd way, (3, 0, 2, 1) is 0.0019749999999999993
Calculated 2-RDM element with Parallel after GPU Parallel 2nd way, (3, 0, 3, 0) is -0.16414999999999996
Calculated 2-RDM element with Parallel after GPU Parallel 2nd way, (3, 0, 3, 1) is -0.004975000000000002
Calculated 2-RDM element with Parallel after GPU Parallel 2nd way, (3, 1, 0, 2) is -0.061974999999999995
Calculated 2-RDM element with Parallel after GPU Parallel 2nd way, (3, 1, 0, 3) is 0.004975000000000001
Calculated 2-RDM element with Parallel after GPU Parallel 2nd way, (3, 1, 1, 2) is -0.005925000000000001
Calculated 2-RDM element with Parallel after GPU Parallel 2nd way, (3, 1, 3, 1) is -0.1026
Calculated 2-RDM element with Parallel after GPU Parallel 2nd way, (3, 2, 2, 2) is 0.0
Calculated 2-RDM element with Parallel after GPU Parallel 2nd way, (3, 2, 3, 2) is -0.04379999999999998
Calculated 2-RDM element with Parallel after GPU Parallel 2nd way, (3, 3, 3, 2) is 0.0
Calculated 2-RDM element with Parallel after GPU Parallel 2nd way, (3, 3, 3, 3) is 0.0
Execution time of get_two_rdm_Parallel2: 1.7888147830963135 seconds
{'IIII': 1.0, 'IIZI': 0.6652, 'IIIZ': -0.779, 'IIZZ': -0.6898, 'IZII': -0.5578, 'IZIZ': 0.5602, 'XYII': -0.009, 'YYII': -0.0616, 'XYIZ': 0.008, 'YYIZ': 0.0336, 'XXII': -0.0652, 'YXII': 0.011, 'XXIZ': 0.0558, 'YXIZ': 0.0076, 'IIXY': -0.0138, 'IZXY': -0.0088, 'IIYY': 0.069, 'IZYY': -0.045, 'IIXX': 0.0896, 'IZXX': -0.03, 'IIYX': -0.0024, 'IZYX': 0.0192, 'XYXY': 0.1098, 'YYXY': 0.0058, 'XYYY': -0.0166, 'YYYY': -0.1154, 'XXXY': 0.0046, 'YXXY': -0.1138, 'XXYY': -0.1286, 'YXYY': -0.0108, 'XYXX': 0.0048, 'YYXX': -0.1242, 'XYYX': -0.1206, 'YYYX': -0.0014, 'XXXX': -0.1284, 'YXXX': 0.0086, 'XXYX': 0.0128, 'YXYX': 0.132, 'ZIII': 0.584, 'ZIIZ': -0.5716, 'ZIXY': -0.0008, 'ZIYY': 0.0682, 'ZIXX': 0.05, 'ZIYX': -0.0024, 'IZZI': -0.6472, 'XYZI': 0.0118, 'YYZI': -0.042, 'XXZI': -0.04, 'YXZI': 0.0152, 'ZIZI': 0.641, 'ZZII': -0.8222}
Calculated 2-RDM element with Parallel after GPU Parallel 3th way, (0, 0, 0, 0) is 0.0
Calculated 2-RDM element with Parallel after GPU Parallel 3th way, (0, 0, 0, 1) is 0.0
Calculated 2-RDM element with Parallel after GPU Parallel 3th way, (0, 1, 0, 1) is -0.10599999999999998
Calculated 2-RDM element with Parallel after GPU Parallel 3th way, (0, 2, 1, 2) is -0.029200000000000004
Calculated 2-RDM element with Parallel after GPU Parallel 3th way, (0, 1, 1, 1) is 0.0
Calculated 2-RDM element with Parallel after GPU Parallel 3th way, (0, 2, 0, 3) is 0.027024999999999997
Calculated 2-RDM element with Parallel after GPU Parallel 3th way, (0, 0, 1, 1) is 0.0
Calculated 2-RDM element with Parallel after GPU Parallel 3th way, (0, 3, 2, 0) is -0.027024999999999997
Calculated 2-RDM element with Parallel after GPU Parallel 3th way, (1, 1, 1, 0) is 0.0
Calculated 2-RDM element with Parallel after GPU Parallel 3th way, (1, 0, 0, 0) is 0.0
Calculated 2-RDM element with Parallel after GPU Parallel 3th way, (1, 0, 1, 0) is -0.10599999999999998
Calculated 2-RDM element with Parallel after GPU Parallel 3th way, (0, 2, 0, 2) is -0.72425
Calculated 2-RDM element with Parallel after GPU Parallel 3th way, (1, 2, 1, 3) is 0.005599999999999998
Calculated 2-RDM element with Parallel after GPU Parallel 3th way, (1, 3, 2, 0) is -0.06079999999999999
Calculated 2-RDM element with Parallel after GPU Parallel 3th way, (0, 3, 1, 3) is -0.005050000000000002
Calculated 2-RDM element with Parallel after GPU Parallel 3th way, (2, 0, 2, 1) is -0.029200000000000004
Calculated 2-RDM element with Parallel after GPU Parallel 3th way, (1, 2, 1, 2) is -0.06134999999999999
Calculated 2-RDM element with Parallel after GPU Parallel 3th way, (1, 3, 3, 0) is 0.005050000000000002
Calculated 2-RDM element with Parallel after GPU Parallel 3th way, (1, 3, 2, 1) is -0.005599999999999998
Calculated 2-RDM element with Parallel after GPU Parallel 3th way, (2, 0, 2, 0) is -0.72425
Calculated 2-RDM element with Parallel after GPU Parallel 3th way, (0, 3, 0, 3) is -0.15584999999999996
Calculated 2-RDM element with Parallel after GPU Parallel 3th way, (1, 3, 1, 3) is -0.09795000000000001
Calculated 2-RDM element with Parallel after GPU Parallel 3th way, (2, 2, 2, 2) is 0.0
Calculated 2-RDM element with Parallel after GPU Parallel 3th way, (1, 2, 2, 0) is 0.029200000000000004
Calculated 2-RDM element with Parallel after GPU Parallel 3th way, (2, 1, 0, 3) is -0.001275
Calculated 2-RDM element with Parallel after GPU Parallel 3th way, (1, 1, 1, 1) is 0.0
Calculated 2-RDM element with Parallel after GPU Parallel 3th way, (2, 2, 2, 3) is 0.0
Calculated 2-RDM element with Parallel after GPU Parallel 3th way, (2, 1, 3, 1) is 0.005599999999999998
Calculated 2-RDM element with Parallel after GPU Parallel 3th way, (0, 2, 1, 3) is 0.06079999999999999
Calculated 2-RDM element with Parallel after GPU Parallel 3th way, (0, 3, 1, 2) is 0.001275
Calculated 2-RDM element with Parallel after GPU Parallel 3th way, (2, 2, 3, 3) is 0.0
Calculated 2-RDM element with Parallel after GPU Parallel 3th way, (3, 0, 0, 2) is -0.027024999999999997
Calculated 2-RDM element with Parallel after GPU Parallel 3th way, (2, 1, 0, 2) is 0.029200000000000004
Calculated 2-RDM element with Parallel after GPU Parallel 3th way, (2, 0, 3, 1) is 0.06079999999999999
Calculated 2-RDM element with Parallel after GPU Parallel 3th way, (2, 0, 3, 0) is 0.027024999999999997
Calculated 2-RDM element with Parallel after GPU Parallel 3th way, (3, 2, 2, 2) is 0.0
Calculated 2-RDM element with Parallel after GPU Parallel 3th way, (3, 1, 0, 3) is 0.005050000000000002
Calculated 2-RDM element with Parallel after GPU Parallel 3th way, (2, 3, 3, 3) is 0.0
Calculated 2-RDM element with Parallel after GPU Parallel 3th way, (3, 3, 3, 2) is 0.0
Calculated 2-RDM element with Parallel after GPU Parallel 3th way, (1, 2, 3, 0) is -0.001275
Calculated 2-RDM element with Parallel after GPU Parallel 3th way, (3, 0, 2, 1) is 0.001275
Calculated 2-RDM element with Parallel after GPU Parallel 3th way, (2, 3, 2, 3) is -0.03789999999999996
Calculated 2-RDM element with Parallel after GPU Parallel 3th way, (3, 0, 3, 1) is -0.005050000000000002
Calculated 2-RDM element with Parallel after GPU Parallel 3th way, (3, 3, 3, 3) is 0.0
Calculated 2-RDM element with Parallel after GPU Parallel 3th way, (3, 2, 3, 2) is -0.03789999999999996
Calculated 2-RDM element with Parallel after GPU Parallel 3th way, (2, 1, 2, 1) is -0.06134999999999999
Calculated 2-RDM element with Parallel after GPU Parallel 3th way, (3, 0, 3, 0) is -0.15584999999999996
Calculated 2-RDM element with Parallel after GPU Parallel 3th way, (3, 1, 1, 2) is -0.005599999999999998
Calculated 2-RDM element with Parallel after GPU Parallel 3th way, (3, 1, 0, 2) is -0.06079999999999999
Calculated 2-RDM element with Parallel after GPU Parallel 3th way, (3, 1, 3, 1) is -0.09795000000000001
Execution time of get_two_rdm_Parallel3: 1.873537302017212 seconds
Number of 'cx' gates before replacing gates: 56
Number of 'h' gates before replacing gates: 72
Number of 's' gates before replacing gates: 24
Number of 'rz' gates before replacing gates: 32
Number of 'x' gates before replacing gates: 0
Number of 'y' gates before replacing gates: 0
Number of parameterized gates before replacing gates: 0
{ParameterVectorElement(t[0]): -1.8061753041166847e-07, ParameterVectorElement(t[1]): -0.00011109065469838215, ParameterVectorElement(t[2]): -0.08703686989556204}
Total parameter gates replaced: 0
Number of 'cx' gates after replacing gates: 56
Number of 'h' gates after replacing gates: 72
Number of 's' gates after replacing gates: 24
Number of 'rz' gates after replacing gates: 32
Number of 'x' gates after replacing gates: 0
Number of 'y' gates after replacing gates: 0
Number of 'z' gates after replacing gates: 0
Gate replacement successful.
Calculated 1-RDM element with wavefunction (0, 1) is -9.476845805208819e-06
Calculated 1-RDM element with wavefunction (1, 0) is -9.476845805208819e-06
Calculated 1-RDM element with wavefunction (1, 1) is 0.007556306955901593
Calculated 1-RDM element with wavefunction (0, 0) is 0.9924436930440861
Calculated 1-RDM element with wavefunction (0, 2) is 9.887029740503701e-21
Calculated 1-RDM element with wavefunction (0, 3) is -8.785256380708978e-17
Calculated 1-RDM element with wavefunction (1, 2) is 1.72362428861441e-18
Calculated 1-RDM element with wavefunction (2, 2) is 0.9924436807029852
Calculated 1-RDM element with wavefunction (2, 3) is 0.00011065443980708263
Calculated 1-RDM element with wavefunction (2, 0) is 9.887029740503701e-21
Calculated 1-RDM element with wavefunction (2, 1) is 1.72362428861441e-18
Calculated 1-RDM element with wavefunction (3, 2) is 0.00011065443980708263
Calculated 1-RDM element with wavefunction (3, 1) is 1.0389938059248942e-21
Calculated 1-RDM element with wavefunction (1, 3) is 1.0389938059248942e-21
Calculated 1-RDM element with wavefunction (3, 3) is 0.007556319297002481
Calculated 1-RDM element with wavefunction (3, 0) is -8.785256380708978e-17
Execution time of get_one_rdm_wavefunction: 0.07937002182006836 seconds
Calculated 2-RDM element with wavefunction (0, 0, 0, 0) is 0.0
Calculated 2-RDM element with wavefunction (0, 1, 0, 1) is -4.129266807624757e-32
Calculated 2-RDM element with wavefunction (0, 1, 1, 1) is 0.0
Calculated 2-RDM element with wavefunction (0, 2, 1, 2) is -1.7993383342733715e-07
Calculated 2-RDM element with wavefunction (0, 2, 1, 3) is 0.08659797392435878
Calculated 2-RDM element with wavefunction (0, 3, 0, 3) is -1.2341133510563395e-08
Calculated 2-RDM element with wavefunction (0, 0, 0, 1) is 0.0
Calculated 2-RDM element with wavefunction (0, 2, 0, 3) is -0.00011067014035081949
Calculated 2-RDM element with wavefunction (1, 1, 1, 1) is 0.0
Calculated 2-RDM element with wavefunction (0, 0, 1, 1) is 0.0
Calculated 2-RDM element with wavefunction (1, 1, 1, 0) is 0.0
Calculated 2-RDM element with wavefunction (1, 2, 1, 2) is -3.262269188809234e-14
Calculated 2-RDM element with wavefunction (1, 3, 2, 0) is -0.08659797392435878
Calculated 2-RDM element with wavefunction (1, 3, 2, 1) is -1.5700543736863457e-08
Calculated 2-RDM element with wavefunction (1, 2, 2, 0) is 1.7993383342733715e-07
Calculated 2-RDM element with wavefunction (2, 0, 2, 0) is -0.9924436807029525
Calculated 2-RDM element with wavefunction (1, 0, 0, 0) is 0.0
Calculated 2-RDM element with wavefunction (2, 2, 2, 2) is 0.0
Calculated 2-RDM element with wavefunction (2, 1, 0, 2) is 1.7993383342733715e-07
Calculated 2-RDM element with wavefunction (1, 0, 1, 0) is -4.129266807624757e-32
Calculated 2-RDM element with wavefunction (0, 3, 1, 2) is -2.006491953796279e-11
Calculated 2-RDM element with wavefunction (0, 2, 0, 2) is -0.9924436807029525
Calculated 2-RDM element with wavefunction (2, 1, 2, 1) is -3.262269188809234e-14
Calculated 2-RDM element with wavefunction (1, 3, 1, 3) is -0.00755630695586897
Calculated 2-RDM element with wavefunction (1, 2, 3, 0) is 2.006491953796279e-11
Calculated 2-RDM element with wavefunction (2, 0, 2, 1) is -1.7993383342733715e-07
Calculated 2-RDM element with wavefunction (0, 3, 2, 0) is 0.00011067014035081949
Calculated 2-RDM element with wavefunction (1, 3, 3, 0) is -9.656779638636155e-06
Calculated 2-RDM element with wavefunction (2, 0, 3, 0) is -0.00011067014035081949
Calculated 2-RDM element with wavefunction (0, 3, 1, 3) is 9.656779638636155e-06
Calculated 2-RDM element with wavefunction (2, 0, 3, 1) is 0.08659797392435878
Calculated 2-RDM element with wavefunction (2, 2, 2, 3) is 0.0
Calculated 2-RDM element with wavefunction (3, 0, 0, 2) is 0.00011067014035081949
Calculated 2-RDM element with wavefunction (3, 2, 2, 2) is 0.0
Calculated 2-RDM element with wavefunction (1, 2, 1, 3) is 1.5700543736863457e-08
Calculated 2-RDM element with wavefunction (3, 2, 3, 2) is -1.18374093603847e-31
Calculated 2-RDM element with wavefunction (3, 1, 0, 2) is -0.08659797392435878
Calculated 2-RDM element with wavefunction (2, 2, 3, 3) is 0.0
Calculated 2-RDM element with wavefunction (3, 3, 3, 3) is 0.0
Calculated 2-RDM element with wavefunction (2, 3, 3, 3) is 0.0
Calculated 2-RDM element with wavefunction (3, 1, 1, 2) is -1.5700543736863457e-08
Calculated 2-RDM element with wavefunction (2, 1, 0, 3) is 2.006491953796279e-11
Calculated 2-RDM element with wavefunction (3, 0, 3, 0) is -1.2341133510563395e-08
Calculated 2-RDM element with wavefunction (2, 3, 2, 3) is -1.18374093603847e-31
Calculated 2-RDM element with wavefunction (3, 3, 3, 2) is 0.0
Calculated 2-RDM element with wavefunction (2, 1, 3, 1) is 1.5700543736863457e-08
Calculated 2-RDM element with wavefunction (3, 0, 2, 1) is -2.006491953796279e-11
Calculated 2-RDM element with wavefunction (3, 0, 3, 1) is 9.656779638636155e-06
Calculated 2-RDM element with wavefunction (3, 1, 3, 1) is -0.00755630695586897
Calculated 2-RDM element with wavefunction (3, 1, 0, 3) is -9.656779638636155e-06
Execution time of get_two_rdm_wavefunction: 0.18978261947631836 seconds
Calculated 2-RDM element (1, 1, 1, 1) is 0.0
Calculated 2-RDM element (0, 0, 1, 1) is 0.0
Calculated 2-RDM element (0, 1, 1, 1) is 0.0
Calculated 2-RDM element (0, 0, 0, 0) is 0.0
Calculated 2-RDM element (1, 0, 0, 0) is 0.0
Calculated 2-RDM element (1, 1, 1, 0) is 0.0
Calculated 2-RDM element (0, 0, 0, 1) is 0.0
Calculated 2-RDM element (2, 2, 2, 2) is 0.0
Calculated 2-RDM element (2, 3, 3, 3) is 0.0
Calculated 2-RDM element (2, 2, 3, 3) is 0.0
Calculated 2-RDM element (2, 2, 2, 3) is 0.0
Calculated 2-RDM element (3, 2, 2, 2) is 0.0
Calculated 2-RDM element (3, 3, 3, 2) is 0.0
Calculated 2-RDM element (3, 3, 3, 3) is 0.0
Calculated 2-RDM element (1, 0, 1, 0) is -0.11099999999999999
Calculated 2-RDM element (1, 2, 1, 2) is -0.06129999999999999
Calculated 2-RDM element (0, 3, 0, 3) is -0.16505
Calculated 2-RDM element (0, 2, 0, 2) is -0.72955
Calculated 2-RDM element (2, 0, 2, 0) is -0.7322000000000001
Calculated 2-RDM element (1, 3, 1, 3) is -0.10305
Calculated 2-RDM element (0, 1, 0, 1) is -0.10870000000000002
Calculated 2-RDM element (2, 3, 2, 3) is -0.05184999999999998
Calculated 2-RDM element (2, 1, 2, 1) is -0.06029999999999999
Calculated 2-RDM element (3, 0, 3, 0) is -0.1705
Calculated 2-RDM element (3, 2, 3, 2) is -0.04699999999999996
Calculated 2-RDM element (3, 1, 3, 1) is -0.10295000000000001
Calculated 2-RDM element (1, 3, 2, 1) is -0.0049
Calculated 2-RDM element (1, 2, 1, 3) is -0.002225
Calculated 2-RDM element (1, 3, 3, 0) is -0.0007
Calculated 2-RDM element (0, 2, 1, 2) is 0.0031000000000000003
Calculated 2-RDM element (0, 3, 2, 0) is -0.0005499999999999999
Calculated 2-RDM element (0, 2, 0, 3) is 9.999999999999994e-05
Calculated 2-RDM element (1, 2, 2, 0) is 0.00125
Calculated 2-RDM element (0, 3, 1, 3) is -0.003575
Calculated 2-RDM element (2, 0, 3, 0) is -0.0031750000000000003
Calculated 2-RDM element (2, 1, 0, 2) is -0.001
Calculated 2-RDM element (2, 0, 2, 1) is 0.0009500000000000003
Calculated 2-RDM element (3, 0, 3, 1) is 0.00275
Calculated 2-RDM element (3, 0, 0, 2) is -0.0001249999999999999
Calculated 2-RDM element (3, 1, 0, 3) is 0.0018499999999999999
Calculated 2-RDM element (3, 1, 1, 2) is 0.0017499999999999998
Calculated 2-RDM element (2, 1, 3, 1) is -0.0009750000000000001
Calculated 2-RDM element (0, 2, 1, 3) is 0.0508625
Calculated 2-RDM element (1, 3, 2, 0) is -0.0493625
Calculated 2-RDM element (0, 3, 1, 2) is 0.002575
Calculated 2-RDM element (3, 1, 0, 2) is -0.0488875
Calculated 2-RDM element (1, 2, 3, 0) is 0.0019374999999999983
Calculated 2-RDM element (2, 0, 3, 1) is 0.053325
Calculated 2-RDM element (3, 0, 2, 1) is 0.0014000000000000002
Calculated 2-RDM element (2, 1, 0, 3) is 0.0010875000000000017
Execution time of get_two_rdm: 12.549123764038086 seconds
Calculated 1-RDM element (0, 0) is 0.8981
Calculated 1-RDM element (1, 1) is 0.1619
Calculated 1-RDM element (2, 2) is 0.7876000000000001
Calculated 1-RDM element (3, 3) is 0.20629999999999998
Calculated 1-RDM element (1, 2) is 0.0015
Calculated 1-RDM element (0, 3) is -0.0019
Calculated 1-RDM element (0, 1) is -0.0042
Calculated 1-RDM element (1, 0) is 0.0002999999999999999
Calculated 1-RDM element (1, 3) is 0.0029500000000000004
Calculated 1-RDM element (2, 0) is -0.0012
Calculated 1-RDM element (0, 2) is -0.00265
Calculated 1-RDM element (3, 2) is -0.00065
Calculated 1-RDM element (3, 0) is 0.00235
Calculated 1-RDM element (2, 3) is -0.00445
Calculated 1-RDM element (2, 1) is -0.00155
Calculated 1-RDM element (3, 1) is -0.00185
Execution time of get_one_rdm: 1.972496509552002 seconds
Calculated 2-RDM element (0, 0, 0, 0) is 0.0
Calculated 2-RDM element (0, 0, 0, 1) is 0.0
Calculated 2-RDM element (0, 1, 1, 1) is 0.0
Calculated 2-RDM element (1, 0, 0, 0) is 0.0
Calculated 2-RDM element (0, 0, 1, 1) is 0.0
Calculated 2-RDM element (1, 1, 1, 0) is 0.0
Calculated 2-RDM element (1, 1, 1, 1) is 0.0
Calculated 2-RDM element (2, 2, 2, 3) is 0.0
Calculated 2-RDM element (2, 2, 2, 2) is 0.0
Calculated 2-RDM element (2, 2, 3, 3) is 0.0
Calculated 2-RDM element (2, 3, 3, 3) is 0.0
Calculated 2-RDM element (3, 2, 2, 2) is 0.0
Calculated 2-RDM element (3, 3, 3, 3) is 0.0
Calculated 2-RDM element (3, 3, 3, 2) is 0.0
Calculated 2-RDM element (1, 0, 1, 0) is -1.6930901125533637e-15
Calculated 2-RDM element (0, 2, 0, 2) is -0.9924436807029531
Calculated 2-RDM element (0, 3, 0, 3) is -1.234113519710256e-08
Calculated 2-RDM element (1, 2, 1, 2) is -3.4333647036532966e-14
Calculated 2-RDM element (0, 1, 0, 1) is -1.6930901125533637e-15
Calculated 2-RDM element (2, 0, 2, 0) is -0.9924436807029531
Calculated 2-RDM element (1, 3, 1, 3) is -0.00755630695587059
Calculated 2-RDM element (2, 1, 2, 1) is -3.4333647036532966e-14
Calculated 2-RDM element (2, 3, 2, 3) is -1.7208456881689926e-15
Calculated 2-RDM element (3, 0, 3, 0) is -1.234113519710256e-08
Calculated 2-RDM element (3, 1, 3, 1) is -0.00755630695587059
Calculated 2-RDM element (3, 2, 3, 2) is -1.7208456881689926e-15
Calculated 2-RDM element (0, 3, 2, 0) is 0.00011067014035053623
Calculated 2-RDM element (2, 0, 2, 1) is -1.7993383339996216e-07
Calculated 2-RDM element (0, 2, 1, 2) is -1.7993383339996216e-07
Calculated 2-RDM element (0, 2, 0, 3) is -0.00011067014035053623
Calculated 2-RDM element (1, 3, 2, 1) is -1.5700543734478017e-08
Calculated 2-RDM element (0, 3, 1, 3) is 9.656779638611407e-06
Calculated 2-RDM element (2, 1, 3, 1) is 1.5700543734478017e-08
Calculated 2-RDM element (1, 2, 2, 0) is 1.7993383339996216e-07
Calculated 2-RDM element (1, 2, 1, 3) is 1.5700543734478017e-08
Calculated 2-RDM element (2, 1, 0, 2) is 1.7993383339996216e-07
Calculated 2-RDM element (3, 1, 1, 2) is -1.5700543734478017e-08
Calculated 2-RDM element (3, 0, 3, 1) is 9.656779638611407e-06
Calculated 2-RDM element (1, 3, 3, 0) is -9.656779638611407e-06
Calculated 2-RDM element (3, 1, 0, 3) is -9.656779638611407e-06
Calculated 2-RDM element (2, 0, 3, 0) is -0.00011067014035053623
Calculated 2-RDM element (3, 0, 0, 2) is 0.00011067014035053623
Calculated 2-RDM element (0, 3, 1, 2) is -2.0064921946172376e-11
Calculated 2-RDM element (2, 0, 3, 1) is 0.0865979739243584
Calculated 2-RDM element (0, 2, 1, 3) is 0.0865979739243584
Calculated 2-RDM element (2, 1, 0, 3) is 2.0064921946172376e-11
Calculated 2-RDM element (3, 0, 2, 1) is -2.0064921946172376e-11
Calculated 2-RDM element (1, 2, 3, 0) is 2.0064921946172376e-11
Calculated 2-RDM element (1, 3, 2, 0) is -0.0865979739243584
Calculated 2-RDM element (3, 1, 0, 2) is -0.0865979739243584
Execution time of get_two_rdm: 4.837100028991699 seconds
Calculated 2-RDM element with wavefunction (0, 0, 0, 0) is 0.0
Calculated 2-RDM element with wavefunction (0, 0, 0, 1) is 0.0
Calculated 2-RDM element with wavefunction (0, 0, 1, 1) is 0.0
Calculated 2-RDM element with wavefunction (0, 2, 0, 2) is -0.9924436807029514
Calculated 2-RDM element with wavefunction (0, 2, 0, 3) is -0.00011067014035053623
Calculated 2-RDM element with wavefunction (1, 0, 0, 0) is 0.0
Calculated 2-RDM element with wavefunction (0, 1, 0, 1) is -4.206787897563867e-32
Calculated 2-RDM element with wavefunction (0, 1, 1, 1) is 0.0
Calculated 2-RDM element with wavefunction (0, 3, 0, 3) is -1.2341133510500233e-08
Calculated 2-RDM element with wavefunction (0, 2, 1, 3) is 0.0865979739243584
Calculated 2-RDM element with wavefunction (0, 3, 1, 3) is 9.656779638611407e-06
Calculated 2-RDM element with wavefunction (0, 2, 1, 2) is -1.79933833399962e-07
Calculated 2-RDM element with wavefunction (1, 0, 1, 0) is -4.206787897563867e-32
Calculated 2-RDM element with wavefunction (2, 0, 3, 1) is 0.0865979739243584
Calculated 2-RDM element with wavefunction (1, 1, 1, 0) is 0.0
Calculated 2-RDM element with wavefunction (0, 3, 1, 2) is -2.006491953485878e-11
Calculated 2-RDM element with wavefunction (0, 3, 2, 0) is 0.00011067014035053623
Calculated 2-RDM element with wavefunction (1, 2, 1, 3) is 1.5700543734474725e-08
Calculated 2-RDM element with wavefunction (2, 0, 2, 0) is -0.9924436807029514
Calculated 2-RDM element with wavefunction (2, 1, 0, 3) is 2.006491953485878e-11
Calculated 2-RDM element with wavefunction (1, 3, 3, 0) is -9.656779638611407e-06
Calculated 2-RDM element with wavefunction (1, 3, 2, 0) is -0.0865979739243584
Calculated 2-RDM element with wavefunction (2, 0, 2, 1) is -1.79933833399962e-07
Calculated 2-RDM element with wavefunction (2, 2, 3, 3) is 0.0
Calculated 2-RDM element with wavefunction (2, 0, 3, 0) is -0.00011067014035053623
Calculated 2-RDM element with wavefunction (1, 2, 3, 0) is 2.006491953485878e-11
Calculated 2-RDM element with wavefunction (1, 3, 1, 3) is -0.007556306955868912
Calculated 2-RDM element with wavefunction (3, 2, 2, 2) is 0.0
Calculated 2-RDM element with wavefunction (3, 3, 3, 3) is 0.0
Calculated 2-RDM element with wavefunction (1, 1, 1, 1) is 0.0
Calculated 2-RDM element with wavefunction (1, 2, 2, 0) is 1.79933833399962e-07
Calculated 2-RDM element with wavefunction (2, 2, 2, 3) is 0.0
Calculated 2-RDM element with wavefunction (2, 2, 2, 2) is 0.0
Calculated 2-RDM element with wavefunction (3, 0, 2, 1) is -2.006491953485878e-11
Calculated 2-RDM element with wavefunction (3, 1, 1, 2) is -1.5700543734474725e-08
Calculated 2-RDM element with wavefunction (2, 3, 2, 3) is -1.1084631208376336e-32
Calculated 2-RDM element with wavefunction (3, 1, 0, 2) is -0.0865979739243584
Calculated 2-RDM element with wavefunction (2, 1, 0, 2) is 1.79933833399962e-07
Calculated 2-RDM element with wavefunction (3, 0, 3, 1) is 9.656779638611407e-06
Calculated 2-RDM element with wavefunction (1, 2, 1, 2) is -3.2622691878165935e-14
Calculated 2-RDM element with wavefunction (3, 3, 3, 2) is 0.0
Calculated 2-RDM element with wavefunction (2, 1, 2, 1) is -3.2622691878165935e-14
Calculated 2-RDM element with wavefunction (3, 1, 0, 3) is -9.656779638611407e-06
Calculated 2-RDM element with wavefunction (1, 3, 2, 1) is -1.5700543734474725e-08
Calculated 2-RDM element with wavefunction (3, 0, 3, 0) is -1.2341133510500233e-08
Calculated 2-RDM element with wavefunction (3, 1, 3, 1) is -0.007556306955868912
Calculated 2-RDM element with wavefunction (3, 0, 0, 2) is 0.00011067014035053623
Calculated 2-RDM element with wavefunction (2, 3, 3, 3) is 0.0
Calculated 2-RDM element with wavefunction (2, 1, 3, 1) is 1.5700543734474725e-08
Calculated 2-RDM element with wavefunction (3, 2, 3, 2) is -1.1084631208376336e-32
Execution time of get_two_rdm_wavefunction: 0.1524944305419922 seconds
Calculated 2-RDM element (0, 0, 0, 0) is 0.0
Calculated 2-RDM element (0, 0, 0, 1) is 0.0
Calculated 2-RDM element (0, 0, 1, 1) is 0.0
Calculated 2-RDM element (0, 1, 1, 1) is 0.0
Calculated 2-RDM element (1, 1, 1, 0) is 0.0
Calculated 2-RDM element (1, 0, 0, 0) is 0.0
Calculated 2-RDM element (1, 1, 1, 1) is 0.0
Calculated 2-RDM element (2, 2, 2, 2) is 0.0
Calculated 2-RDM element (2, 2, 3, 3) is 0.0
Calculated 2-RDM element (2, 2, 2, 3) is 0.0
Calculated 2-RDM element (2, 3, 3, 3) is 0.0
Calculated 2-RDM element (3, 2, 2, 2) is 0.0
Calculated 2-RDM element (3, 3, 3, 2) is 0.0
Calculated 2-RDM element (3, 3, 3, 3) is 0.0
Calculated 2-RDM element (0, 2, 0, 2) is -0.7311000000000001
Calculated 2-RDM element (0, 1, 0, 1) is -0.10924999999999999
Calculated 2-RDM element (0, 3, 0, 3) is -0.17275000000000001
Calculated 2-RDM element (1, 0, 1, 0) is -0.10999999999999999
Calculated 2-RDM element (1, 3, 1, 3) is -0.1081
Calculated 2-RDM element (1, 2, 1, 2) is -0.06315000000000001
Calculated 2-RDM element (2, 0, 2, 0) is -0.7284499999999999
Calculated 2-RDM element (2, 3, 2, 3) is -0.049199999999999994
Calculated 2-RDM element (2, 1, 2, 1) is -0.06459999999999999
Calculated 2-RDM element (3, 2, 3, 2) is -0.04765
Calculated 2-RDM element (3, 0, 3, 0) is -0.16704999999999998
Calculated 2-RDM element (3, 1, 3, 1) is -0.10245000000000001
Calculated 2-RDM element (0, 2, 0, 3) is 0.024925000000000003
Calculated 2-RDM element (0, 3, 2, 0) is -0.02455
Calculated 2-RDM element (0, 2, 1, 2) is -0.030774999999999997
Calculated 2-RDM element (1, 2, 1, 3) is 0.0038499999999999993
Calculated 2-RDM element (0, 3, 1, 3) is -0.0059250000000000014
Calculated 2-RDM element (2, 0, 2, 1) is -0.033850000000000005
Calculated 2-RDM element (1, 2, 2, 0) is 0.0276
Calculated 2-RDM element (2, 0, 3, 0) is 0.021725
Calculated 2-RDM element (3, 0, 3, 1) is -0.0037749999999999997
Calculated 2-RDM element (2, 1, 3, 1) is 0.0013
Calculated 2-RDM element (1, 3, 2, 1) is -0.0022500000000000003
Calculated 2-RDM element (1, 3, 3, 0) is 0.005924999999999999
Calculated 2-RDM element (3, 0, 0, 2) is -0.027774999999999998
Calculated 2-RDM element (2, 1, 0, 2) is 0.026475000000000002
Calculated 2-RDM element (3, 1, 0, 3) is 0.006449999999999998
Calculated 2-RDM element (3, 1, 1, 2) is -0.002250000000000001
Calculated 2-RDM element (1, 3, 2, 0) is -0.059175
Calculated 2-RDM element (2, 0, 3, 1) is 0.0582625
Calculated 2-RDM element (1, 2, 3, 0) is -0.0006124999999999985
Calculated 2-RDM element (0, 2, 1, 3) is 0.0598625
Calculated 2-RDM element (3, 1, 0, 2) is -0.061149999999999996
Calculated 2-RDM element (0, 3, 1, 2) is -0.0016124999999999994
Calculated 2-RDM element (3, 0, 2, 1) is 0.0005624999999999979
Calculated 2-RDM element (2, 1, 0, 3) is -0.0018250000000000002
Execution time of get_two_rdm: 10.107821226119995 seconds
{'IIII': 1.0, 'IIZI': 0.6668, 'IIIZ': -0.786, 'IIZZ': -0.6798, 'IZII': -0.565, 'IZIZ': 0.5574, 'XYII': -0.0078, 'YYII': -0.055, 'XYIZ': -0.0204, 'YYIZ': 0.0424, 'XXII': -0.0772, 'YXII': 0.0082, 'XXIZ': 0.0516, 'YXIZ': 0.0038, 'IIXY': 0.0082, 'IZXY': 0.0236, 'IIYY': 0.076, 'IZYY': -0.0396, 'IIXX': 0.0818, 'IZXX': -0.0646, 'IIYX': 0.0032, 'IZYX': 0.0038, 'XYXY': 0.1256, 'YYXY': -0.0208, 'XYYY': -0.0108, 'YYYY': -0.1286, 'XXXY': -0.0024, 'YXXY': -0.1216, 'XXYY': -0.1262, 'YXYY': 0.0094, 'XYXX': -0.0164, 'YYXX': -0.1294, 'XYYX': -0.1044, 'YYYX': 0.0062, 'XXXX': -0.106, 'YXXX': -0.0034, 'XXYX': 0.0078, 'YXYX': 0.1126, 'ZIII': 0.5612, 'ZIIZ': -0.56, 'ZIXY': -0.011, 'ZIYY': 0.0518, 'ZIXX': 0.0574, 'ZIYX': -0.001, 'IZZI': -0.6384, 'XYZI': 0.0082, 'YYZI': -0.0488, 'XXZI': -0.0546, 'YXZI': -0.007, 'ZIZI': 0.6352, 'ZZII': -0.8006}
Calculated 2-RDM element with Parallel after GPU Parallel 1st way, (0, 0, 0, 0) is 0.0
Calculated 2-RDM element with Parallel after GPU Parallel 1st way, (0, 0, 0, 1) is 0.0
Calculated 2-RDM element with Parallel after GPU Parallel 1st way, (0, 0, 1, 1) is 0.0
Calculated 2-RDM element with Parallel after GPU Parallel 1st way, (0, 1, 0, 1) is -0.10985000000000006
Calculated 2-RDM element with Parallel after GPU Parallel 1st way, (0, 1, 1, 1) is 0.0
Calculated 2-RDM element with Parallel after GPU Parallel 1st way, (0, 2, 0, 2) is -0.7271
Calculated 2-RDM element with Parallel after GPU Parallel 1st way, (0, 2, 0, 3) is 0.028275
Calculated 2-RDM element with Parallel after GPU Parallel 1st way, (0, 2, 1, 2) is -0.03275
Calculated 2-RDM element with Parallel after GPU Parallel 1st way, (0, 2, 1, 3) is 0.05965
Calculated 2-RDM element with Parallel after GPU Parallel 1st way, (0, 3, 0, 3) is -0.16620000000000001
Calculated 2-RDM element with Parallel after GPU Parallel 1st way, (0, 3, 1, 2) is 0.0016249999999999997
Calculated 2-RDM element with Parallel after GPU Parallel 1st way, (0, 3, 1, 3) is -0.006075
Calculated 2-RDM element with Parallel after GPU Parallel 1st way, (0, 3, 2, 0) is -0.028274999999999998
Calculated 2-RDM element with Parallel after GPU Parallel 1st way, (1, 0, 0, 0) is 0.0
Calculated 2-RDM element with Parallel after GPU Parallel 1st way, (1, 0, 1, 0) is -0.10985000000000006
Calculated 2-RDM element with Parallel after GPU Parallel 1st way, (1, 1, 1, 0) is 0.0
Calculated 2-RDM element with Parallel after GPU Parallel 1st way, (1, 1, 1, 1) is 0.0
Calculated 2-RDM element with Parallel after GPU Parallel 1st way, (1, 2, 1, 2) is -0.06495000000000001
Calculated 2-RDM element with Parallel after GPU Parallel 1st way, (1, 2, 1, 3) is 0.0036
Calculated 2-RDM element with Parallel after GPU Parallel 1st way, (1, 2, 2, 0) is 0.03275
Calculated 2-RDM element with Parallel after GPU Parallel 1st way, (1, 2, 3, 0) is -0.0016249999999999997
Calculated 2-RDM element with Parallel after GPU Parallel 1st way, (1, 3, 1, 3) is -0.1018
Calculated 2-RDM element with Parallel after GPU Parallel 1st way, (1, 3, 2, 0) is -0.059649999999999995
Calculated 2-RDM element with Parallel after GPU Parallel 1st way, (1, 3, 2, 1) is -0.0036
Calculated 2-RDM element with Parallel after GPU Parallel 1st way, (1, 3, 3, 0) is 0.006074999999999999
Calculated 2-RDM element with Parallel after GPU Parallel 1st way, (2, 0, 2, 0) is -0.7271
Calculated 2-RDM element with Parallel after GPU Parallel 1st way, (2, 0, 2, 1) is -0.03275
Calculated 2-RDM element with Parallel after GPU Parallel 1st way, (2, 0, 3, 0) is 0.028275
Calculated 2-RDM element with Parallel after GPU Parallel 1st way, (2, 0, 3, 1) is 0.05965
Calculated 2-RDM element with Parallel after GPU Parallel 1st way, (2, 1, 0, 2) is 0.03275
Calculated 2-RDM element with Parallel after GPU Parallel 1st way, (2, 1, 0, 3) is -0.0016249999999999997
Calculated 2-RDM element with Parallel after GPU Parallel 1st way, (2, 1, 2, 1) is -0.06495000000000001
Calculated 2-RDM element with Parallel after GPU Parallel 1st way, (2, 1, 3, 1) is 0.0036
Calculated 2-RDM element with Parallel after GPU Parallel 1st way, (2, 2, 2, 2) is 0.0
Calculated 2-RDM element with Parallel after GPU Parallel 1st way, (2, 2, 2, 3) is 0.0
Calculated 2-RDM element with Parallel after GPU Parallel 1st way, (2, 2, 3, 3) is 0.0
Calculated 2-RDM element with Parallel after GPU Parallel 1st way, (2, 3, 2, 3) is -0.05080000000000001
Calculated 2-RDM element with Parallel after GPU Parallel 1st way, (2, 3, 3, 3) is 0.0
Calculated 2-RDM element with Parallel after GPU Parallel 1st way, (3, 0, 0, 2) is -0.028274999999999998
Calculated 2-RDM element with Parallel after GPU Parallel 1st way, (3, 0, 2, 1) is 0.0016249999999999997
Calculated 2-RDM element with Parallel after GPU Parallel 1st way, (3, 0, 3, 0) is -0.16620000000000001
Calculated 2-RDM element with Parallel after GPU Parallel 1st way, (3, 0, 3, 1) is -0.006075
Calculated 2-RDM element with Parallel after GPU Parallel 1st way, (3, 1, 0, 2) is -0.059649999999999995
Calculated 2-RDM element with Parallel after GPU Parallel 1st way, (3, 1, 0, 3) is 0.006074999999999999
Calculated 2-RDM element with Parallel after GPU Parallel 1st way, (3, 1, 1, 2) is -0.0036
Calculated 2-RDM element with Parallel after GPU Parallel 1st way, (3, 1, 3, 1) is -0.1018
Calculated 2-RDM element with Parallel after GPU Parallel 1st way, (3, 2, 2, 2) is 0.0
Calculated 2-RDM element with Parallel after GPU Parallel 1st way, (3, 2, 3, 2) is -0.05080000000000001
Calculated 2-RDM element with Parallel after GPU Parallel 1st way, (3, 3, 3, 2) is 0.0
Calculated 2-RDM element with Parallel after GPU Parallel 1st way, (3, 3, 3, 3) is 0.0
Execution time of get_two_rdm_Parallel: 1.7436234951019287 seconds
Calculated 1-RDM element (0, 0) is 0.9924436930440883
Calculated 1-RDM element (1, 1) is 0.007556306955904923
Calculated 1-RDM element (2, 2) is 0.9924436807029875
Calculated 1-RDM element (3, 3) is 0.007556319297005787
Calculated 1-RDM element (0, 2) is 1.5517101532941864e-21
Calculated 1-RDM element (1, 2) is -5.645959201325903e-17
Calculated 1-RDM element (2, 3) is 0.00011065443980680175
Calculated 1-RDM element (0, 3) is -1.8646505183582316e-17
Calculated 1-RDM element (3, 0) is -1.8646505183582316e-17
Calculated 1-RDM element (1, 0) is -9.476845805211444e-06
Calculated 1-RDM element (2, 0) is 1.5517101532941864e-21
Calculated 1-RDM element (1, 3) is -6.163947912569322e-21
Calculated 1-RDM element (3, 1) is -6.163947912569322e-21
Calculated 1-RDM element (0, 1) is -9.476845805211444e-06
Calculated 1-RDM element (2, 1) is -5.645959201325903e-17
Calculated 1-RDM element (3, 2) is 0.00011065443980680175
Execution time of get_one_rdm: 1.4950799942016602 seconds
Calculated 1-RDM element with wavefunction (0, 0) is 0.992443693044085
Calculated 1-RDM element with wavefunction (0, 1) is -9.476845805211444e-06
Calculated 1-RDM element with wavefunction (0, 3) is -1.8646505183582316e-17
Calculated 1-RDM element with wavefunction (0, 2) is 1.5517101532944178e-21
Calculated 1-RDM element with wavefunction (1, 1) is 0.007556306955901535
Calculated 1-RDM element with wavefunction (2, 0) is 1.5517101532944178e-21
Calculated 1-RDM element with wavefunction (1, 0) is -9.476845805211444e-06
Calculated 1-RDM element with wavefunction (1, 3) is -6.163947912569614e-21
Calculated 1-RDM element with wavefunction (1, 2) is -5.645959201325903e-17
Calculated 1-RDM element with wavefunction (3, 2) is 0.00011065443980680175
Calculated 1-RDM element with wavefunction (3, 0) is -1.8646505183582316e-17
Calculated 1-RDM element with wavefunction (2, 1) is -5.645959201325903e-17
Calculated 1-RDM element with wavefunction (2, 3) is 0.00011065443980680175
Calculated 1-RDM element with wavefunction (3, 1) is -6.163947912569614e-21
Calculated 1-RDM element with wavefunction (3, 3) is 0.007556319297002422
Calculated 1-RDM element with wavefunction (2, 2) is 0.992443680702984
Execution time of get_one_rdm_wavefunction: 0.061750173568725586 seconds
Calculated 1-RDM element (0, 0) is 0.891
Calculated 1-RDM element (1, 1) is 0.1664
Calculated 1-RDM element (2, 2) is 0.7877000000000001
Calculated 1-RDM element (3, 3) is 0.2128
Calculated 1-RDM element (0, 1) is 0.029949999999999997
Calculated 1-RDM element (1, 0) is 0.0314
Calculated 1-RDM element (0, 3) is 0.0039
Calculated 1-RDM element (2, 0) is -0.0039
Calculated 1-RDM element (1, 2) is 0.00415
Calculated 1-RDM element (2, 3) is -0.031799999999999995
Calculated 1-RDM element (2, 1) is 0.0055
Calculated 1-RDM element (0, 2) is -0.00245
Calculated 1-RDM element (3, 2) is -0.0298
Calculated 1-RDM element (3, 1) is 0.0016
Calculated 1-RDM element (1, 3) is -0.00039999999999999975
Calculated 1-RDM element (3, 0) is 0.00315
Execution time of get_one_rdm: 1.9135589599609375 seconds
--- [DONE]  Processing for d = 0.60. Data saved. ---
--- [START] Processing for d = 3.1 ---
Attempting to load file: /home/u2600410/H2/H2_3.1_sto-3g.pkl
Using CPU for noisy estimator...
Number of qubits: 4
Execution time of Gene_Qiskit_VQE_hamiltonian: 0.0005517005920410156 seconds
VQE Optimal Energy: -0.93348244
{   'aux_operators_evaluated': None,
    'cost_function_evals': 47,
    'eigenvalue': -0.933482438439279,
    'optimal_circuit': <qiskit_nature.second_q.circuit.library.ansatzes.uccsd.UCCSD object at 0x14a590dca210>,
    'optimal_parameters': {   ParameterVectorElement(t[2]): -0.7541015211230425,
                              ParameterVectorElement(t[1]): -0.023062859048372682,
                              ParameterVectorElement(t[0]): 0.022954427747647183},
    'optimal_point': array([ 0.02295443, -0.02306286, -0.75410152]),
    'optimal_value': -0.933482438439279,
    'optimizer_evals': None,
    'optimizer_result': <qiskit_algorithms.optimizers.optimizer.OptimizerResult object at 0x14a590e446e0>,
    'optimizer_time': 1.4260642528533936}
VQE Optimal Energy: -0.78808746
{   'aux_operators_evaluated': None,
    'cost_function_evals': 44,
    'eigenvalue': -0.7880874618099706,
    'optimal_circuit': <qiskit_nature.second_q.circuit.library.ansatzes.uccsd.UCCSD object at 0x14a58eba1400>,
    'optimal_parameters': {   ParameterVectorElement(t[0]): -0.15116013921633642,
                              ParameterVectorElement(t[2]): -0.7508868180973388,
                              ParameterVectorElement(t[1]): 0.15059219492885487},
    'optimal_point': array([-0.15116014,  0.15059219, -0.75088682]),
    'optimal_value': -0.7880874618099706,
    'optimizer_evals': None,
    'optimizer_result': <qiskit_algorithms.optimizers.optimizer.OptimizerResult object at 0x14a590c8d100>,
    'optimizer_time': 6.85097336769104}
{'IIII': 1.0, 'IIZI': 0.0786, 'IIIZ': -0.1638, 'IIZZ': -0.6972, 'IZII': -0.0162, 'IZIZ': 0.5124, 'XYII': 0.0082, 'YYII': -0.2586, 'XYIZ': -0.0162, 'YYIZ': 0.0008, 'XXII': -0.2152, 'YXII': -0.0076, 'XXIZ': -0.005, 'YXIZ': -0.0048, 'IIXY': 0.006, 'IZXY': 0.0078, 'IIYY': 0.264, 'IZYY': 0.0078, 'IIXX': 0.2766, 'IZXX': -0.0048, 'IIYX': 0.009, 'IZYX': 0.0152, 'XYXY': 0.5454, 'YYXY': 0.0056, 'XYYY': 0.0072, 'YYYY': -0.5842, 'XXXY': 0.0144, 'YXXY': -0.5496, 'XXYY': -0.5932, 'YXYY': 0.0062, 'XYXX': 0.0036, 'YYXX': -0.5722, 'XYYX': -0.519, 'YYYX': 0.0004, 'XXXX': -0.5868, 'YXXX': 0.0172, 'XXYX': 0.005, 'YXYX': 0.541, 'ZIII': 0.0336, 'ZIIZ': -0.5144, 'ZIXY': 0.0034, 'ZIYY': 0.0006, 'ZIXX': -0.0246, 'ZIYX': 0.0066, 'IZZI': -0.6018, 'XYZI': -0.0152, 'YYZI': -0.0134, 'XXZI': -0.0004, 'YXZI': -0.003, 'ZIZI': 0.5988, 'ZZII': -0.799}
Calculated 2-RDM element with Parallel after GPU Parallel 1st way, (0, 0, 0, 0) is 0.0
Calculated 2-RDM element with Parallel after GPU Parallel 1st way, (0, 0, 0, 1) is 0.0
Calculated 2-RDM element with Parallel after GPU Parallel 1st way, (0, 0, 1, 1) is 0.0
Calculated 2-RDM element with Parallel after GPU Parallel 1st way, (0, 1, 0, 1) is -0.09699999999999998
Calculated 2-RDM element with Parallel after GPU Parallel 1st way, (0, 1, 1, 1) is 0.0
Calculated 2-RDM element with Parallel after GPU Parallel 1st way, (0, 2, 0, 2) is -0.4231
Calculated 2-RDM element with Parallel after GPU Parallel 1st way, (0, 2, 0, 3) is 0.0587
Calculated 2-RDM element with Parallel after GPU Parallel 1st way, (0, 2, 1, 2) is -0.06720000000000001
Calculated 2-RDM element with Parallel after GPU Parallel 1st way, (0, 2, 1, 3) is 0.28071250000000003
Calculated 2-RDM element with Parallel after GPU Parallel 1st way, (0, 3, 0, 3) is -0.15395000000000003
Calculated 2-RDM element with Parallel after GPU Parallel 1st way, (0, 3, 1, 2) is 0.0113375
Calculated 2-RDM element with Parallel after GPU Parallel 1st way, (0, 3, 1, 3) is -0.070575
Calculated 2-RDM element with Parallel after GPU Parallel 1st way, (0, 3, 2, 0) is -0.0587
Calculated 2-RDM element with Parallel after GPU Parallel 1st way, (1, 0, 0, 0) is 0.0
Calculated 2-RDM element with Parallel after GPU Parallel 1st way, (1, 0, 1, 0) is -0.09699999999999998
Calculated 2-RDM element with Parallel after GPU Parallel 1st way, (1, 1, 1, 0) is 0.0
Calculated 2-RDM element with Parallel after GPU Parallel 1st way, (1, 1, 1, 1) is 0.0
Calculated 2-RDM element with Parallel after GPU Parallel 1st way, (1, 2, 1, 2) is -0.08395
Calculated 2-RDM element with Parallel after GPU Parallel 1st way, (1, 2, 1, 3) is 0.0575
Calculated 2-RDM element with Parallel after GPU Parallel 1st way, (1, 2, 2, 0) is 0.06720000000000001
Calculated 2-RDM element with Parallel after GPU Parallel 1st way, (1, 2, 3, 0) is -0.0113375
Calculated 2-RDM element with Parallel after GPU Parallel 1st way, (1, 3, 1, 3) is -0.37165000000000004
Calculated 2-RDM element with Parallel after GPU Parallel 1st way, (1, 3, 2, 0) is -0.28071250000000003
Calculated 2-RDM element with Parallel after GPU Parallel 1st way, (1, 3, 2, 1) is -0.057499999999999996
Calculated 2-RDM element with Parallel after GPU Parallel 1st way, (1, 3, 3, 0) is 0.070575
Calculated 2-RDM element with Parallel after GPU Parallel 1st way, (2, 0, 2, 0) is -0.4231
Calculated 2-RDM element with Parallel after GPU Parallel 1st way, (2, 0, 2, 1) is -0.06720000000000001
Calculated 2-RDM element with Parallel after GPU Parallel 1st way, (2, 0, 3, 0) is 0.0587
Calculated 2-RDM element with Parallel after GPU Parallel 1st way, (2, 0, 3, 1) is 0.28071250000000003
Calculated 2-RDM element with Parallel after GPU Parallel 1st way, (2, 1, 0, 2) is 0.06720000000000001
Calculated 2-RDM element with Parallel after GPU Parallel 1st way, (2, 1, 0, 3) is -0.0113375
Calculated 2-RDM element with Parallel after GPU Parallel 1st way, (2, 1, 2, 1) is -0.08395
Calculated 2-RDM element with Parallel after GPU Parallel 1st way, (2, 1, 3, 1) is 0.0575
Calculated 2-RDM element with Parallel after GPU Parallel 1st way, (2, 2, 2, 2) is 0.0
Calculated 2-RDM element with Parallel after GPU Parallel 1st way, (2, 2, 2, 3) is 0.0
Calculated 2-RDM element with Parallel after GPU Parallel 1st way, (2, 2, 3, 3) is 0.0
Calculated 2-RDM element with Parallel after GPU Parallel 1st way, (2, 3, 2, 3) is -0.045899999999999996
Calculated 2-RDM element with Parallel after GPU Parallel 1st way, (2, 3, 3, 3) is 0.0
Calculated 2-RDM element with Parallel after GPU Parallel 1st way, (3, 0, 0, 2) is -0.0587
Calculated 2-RDM element with Parallel after GPU Parallel 1st way, (3, 0, 2, 1) is 0.0113375
Calculated 2-RDM element with Parallel after GPU Parallel 1st way, (3, 0, 3, 0) is -0.15394999999999998
Calculated 2-RDM element with Parallel after GPU Parallel 1st way, (3, 0, 3, 1) is -0.070575
Calculated 2-RDM element with Parallel after GPU Parallel 1st way, (3, 1, 0, 2) is -0.28071250000000003
Calculated 2-RDM element with Parallel after GPU Parallel 1st way, (3, 1, 0, 3) is 0.070575
Calculated 2-RDM element with Parallel after GPU Parallel 1st way, (3, 1, 1, 2) is -0.057499999999999996
Calculated 2-RDM element with Parallel after GPU Parallel 1st way, (3, 1, 3, 1) is -0.37165000000000004
Calculated 2-RDM element with Parallel after GPU Parallel 1st way, (3, 2, 2, 2) is 0.0
Calculated 2-RDM element with Parallel after GPU Parallel 1st way, (3, 2, 3, 2) is -0.045899999999999996
Calculated 2-RDM element with Parallel after GPU Parallel 1st way, (3, 3, 3, 2) is 0.0
Calculated 2-RDM element with Parallel after GPU Parallel 1st way, (3, 3, 3, 3) is 0.0
Execution time of get_two_rdm_Parallel: 4.569143772125244 seconds
Calculated 2-RDM element with Parallel after GPU Parallel 2nd way, (0, 0, 0, 0) is 0.0
Calculated 2-RDM element with Parallel after GPU Parallel 2nd way, (0, 0, 0, 1) is 0.0
Calculated 2-RDM element with Parallel after GPU Parallel 2nd way, (0, 0, 1, 1) is 0.0
Calculated 2-RDM element with Parallel after GPU Parallel 2nd way, (0, 1, 0, 1) is -0.09950000000000003
Calculated 2-RDM element with Parallel after GPU Parallel 2nd way, (0, 1, 1, 1) is 0.0
Calculated 2-RDM element with Parallel after GPU Parallel 2nd way, (0, 2, 0, 2) is -0.42410000000000003
Calculated 2-RDM element with Parallel after GPU Parallel 2nd way, (0, 2, 0, 3) is 0.06489999999999999
Calculated 2-RDM element with Parallel after GPU Parallel 2nd way, (0, 2, 1, 2) is -0.07085
Calculated 2-RDM element with Parallel after GPU Parallel 2nd way, (0, 2, 1, 3) is 0.280425
Calculated 2-RDM element with Parallel after GPU Parallel 2nd way, (0, 3, 0, 3) is -0.16165000000000002
Calculated 2-RDM element with Parallel after GPU Parallel 2nd way, (0, 3, 1, 2) is 0.010775
Calculated 2-RDM element with Parallel after GPU Parallel 2nd way, (0, 3, 1, 3) is -0.0744
Calculated 2-RDM element with Parallel after GPU Parallel 2nd way, (0, 3, 2, 0) is -0.0649
Calculated 2-RDM element with Parallel after GPU Parallel 2nd way, (1, 0, 0, 0) is 0.0
Calculated 2-RDM element with Parallel after GPU Parallel 2nd way, (1, 0, 1, 0) is -0.09950000000000003
Calculated 2-RDM element with Parallel after GPU Parallel 2nd way, (1, 1, 1, 0) is 0.0
Calculated 2-RDM element with Parallel after GPU Parallel 2nd way, (1, 1, 1, 1) is 0.0
Calculated 2-RDM element with Parallel after GPU Parallel 2nd way, (1, 2, 1, 2) is -0.08650000000000002
Calculated 2-RDM element with Parallel after GPU Parallel 2nd way, (1, 2, 1, 3) is 0.06312499999999999
Calculated 2-RDM element with Parallel after GPU Parallel 2nd way, (1, 2, 2, 0) is 0.07085
Calculated 2-RDM element with Parallel after GPU Parallel 2nd way, (1, 2, 3, 0) is -0.010775
Calculated 2-RDM element with Parallel after GPU Parallel 2nd way, (1, 3, 1, 3) is -0.37760000000000005
Calculated 2-RDM element with Parallel after GPU Parallel 2nd way, (1, 3, 2, 0) is -0.28042500000000004
Calculated 2-RDM element with Parallel after GPU Parallel 2nd way, (1, 3, 2, 1) is -0.06312499999999999
Calculated 2-RDM element with Parallel after GPU Parallel 2nd way, (1, 3, 3, 0) is 0.0744
Calculated 2-RDM element with Parallel after GPU Parallel 2nd way, (2, 0, 2, 0) is -0.42410000000000003
Calculated 2-RDM element with Parallel after GPU Parallel 2nd way, (2, 0, 2, 1) is -0.07085
Calculated 2-RDM element with Parallel after GPU Parallel 2nd way, (2, 0, 3, 0) is 0.06489999999999999
Calculated 2-RDM element with Parallel after GPU Parallel 2nd way, (2, 0, 3, 1) is 0.280425
Calculated 2-RDM element with Parallel after GPU Parallel 2nd way, (2, 1, 0, 2) is 0.07085
Calculated 2-RDM element with Parallel after GPU Parallel 2nd way, (2, 1, 0, 3) is -0.010775
Calculated 2-RDM element with Parallel after GPU Parallel 2nd way, (2, 1, 2, 1) is -0.08650000000000002
Calculated 2-RDM element with Parallel after GPU Parallel 2nd way, (2, 1, 3, 1) is 0.06312499999999999
Calculated 2-RDM element with Parallel after GPU Parallel 2nd way, (2, 2, 2, 2) is 0.0
Calculated 2-RDM element with Parallel after GPU Parallel 2nd way, (2, 2, 2, 3) is 0.0
Calculated 2-RDM element with Parallel after GPU Parallel 2nd way, (2, 2, 3, 3) is 0.0
Calculated 2-RDM element with Parallel after GPU Parallel 2nd way, (2, 3, 2, 3) is -0.048500000000000015
Calculated 2-RDM element with Parallel after GPU Parallel 2nd way, (2, 3, 3, 3) is 0.0
Calculated 2-RDM element with Parallel after GPU Parallel 2nd way, (3, 0, 0, 2) is -0.0649
Calculated 2-RDM element with Parallel after GPU Parallel 2nd way, (3, 0, 2, 1) is 0.010775
Calculated 2-RDM element with Parallel after GPU Parallel 2nd way, (3, 0, 3, 0) is -0.16165000000000002
Calculated 2-RDM element with Parallel after GPU Parallel 2nd way, (3, 0, 3, 1) is -0.0744
Calculated 2-RDM element with Parallel after GPU Parallel 2nd way, (3, 1, 0, 2) is -0.28042500000000004
Calculated 2-RDM element with Parallel after GPU Parallel 2nd way, (3, 1, 0, 3) is 0.0744
Calculated 2-RDM element with Parallel after GPU Parallel 2nd way, (3, 1, 1, 2) is -0.06312499999999999
Calculated 2-RDM element with Parallel after GPU Parallel 2nd way, (3, 1, 3, 1) is -0.37760000000000005
Calculated 2-RDM element with Parallel after GPU Parallel 2nd way, (3, 2, 2, 2) is 0.0
Calculated 2-RDM element with Parallel after GPU Parallel 2nd way, (3, 2, 3, 2) is -0.048500000000000015
Calculated 2-RDM element with Parallel after GPU Parallel 2nd way, (3, 3, 3, 2) is 0.0
Calculated 2-RDM element with Parallel after GPU Parallel 2nd way, (3, 3, 3, 3) is 0.0
Execution time of get_two_rdm_Parallel2: 1.7536051273345947 seconds
{'IIII': 1.0, 'IIZI': 0.0706, 'IIIZ': -0.1548, 'IIZZ': -0.681, 'IZII': -0.0016, 'IZIZ': 0.5024, 'XYII': 0.0024, 'YYII': -0.2618, 'XYIZ': -0.002, 'YYIZ': -0.0104, 'XXII': -0.25, 'YXII': 0.0122, 'XXIZ': -0.0064, 'YXIZ': -0.0072, 'IIXY': 0.018, 'IZXY': 0.0154, 'IIYY': 0.2836, 'IZYY': 0.0, 'IIXX': 0.273, 'IZXX': 0.0084, 'IIYX': -0.0144, 'IZYX': -0.0014, 'XYXY': 0.5358, 'YYXY': -0.0102, 'XYYY': -0.0078, 'YYYY': -0.5722, 'XXXY': 0.0088, 'YXXY': -0.5506, 'XXYY': -0.585, 'YXYY': -0.01, 'XYXX': -0.0058, 'YYXX': -0.5766, 'XYYX': -0.5242, 'YYYX': -0.0008, 'XXXX': -0.5644, 'YXXX': -0.0142, 'XXYX': -0.0036, 'YXYX': 0.5442, 'ZIII': 0.0106, 'ZIIZ': -0.5158, 'ZIXY': 0.0164, 'ZIYY': -0.0074, 'ZIXX': 0.0004, 'ZIYX': 0.008, 'IZZI': -0.591, 'XYZI': 0.0058, 'YYZI': -0.0052, 'XXZI': 0.0096, 'YXZI': -0.0038, 'ZIZI': 0.584, 'ZZII': -0.8008}
Calculated 2-RDM element with Parallel after GPU Parallel 3th way, (0, 0, 0, 0) is 0.0
Calculated 2-RDM element with Parallel after GPU Parallel 3th way, (0, 0, 1, 1) is 0.0
Calculated 2-RDM element with Parallel after GPU Parallel 3th way, (0, 0, 0, 1) is 0.0
Calculated 2-RDM element with Parallel after GPU Parallel 3th way, (0, 1, 0, 1) is -0.1008
Calculated 2-RDM element with Parallel after GPU Parallel 3th way, (0, 2, 0, 2) is -0.4147
Calculated 2-RDM element with Parallel after GPU Parallel 3th way, (0, 1, 1, 1) is 0.0
Calculated 2-RDM element with Parallel after GPU Parallel 3th way, (0, 2, 0, 3) is 0.06187499999999999
Calculated 2-RDM element with Parallel after GPU Parallel 3th way, (0, 2, 1, 3) is 0.27831249999999996
Calculated 2-RDM element with Parallel after GPU Parallel 3th way, (0, 3, 0, 3) is -0.15710000000000002
Calculated 2-RDM element with Parallel after GPU Parallel 3th way, (0, 3, 2, 0) is -0.06187499999999999
Calculated 2-RDM element with Parallel after GPU Parallel 3th way, (0, 3, 1, 2) is 0.008962499999999998
Calculated 2-RDM element with Parallel after GPU Parallel 3th way, (0, 2, 1, 2) is -0.068525
Calculated 2-RDM element with Parallel after GPU Parallel 3th way, (1, 1, 1, 1) is 0.0
Calculated 2-RDM element with Parallel after GPU Parallel 3th way, (1, 0, 0, 0) is 0.0
Calculated 2-RDM element with Parallel after GPU Parallel 3th way, (1, 2, 1, 2) is -0.08500000000000002
Calculated 2-RDM element with Parallel after GPU Parallel 3th way, (1, 2, 2, 0) is 0.068525
Calculated 2-RDM element with Parallel after GPU Parallel 3th way, (1, 3, 2, 0) is -0.27831249999999996
Calculated 2-RDM element with Parallel after GPU Parallel 3th way, (1, 1, 1, 0) is 0.0
Calculated 2-RDM element with Parallel after GPU Parallel 3th way, (1, 0, 1, 0) is -0.1008
Calculated 2-RDM element with Parallel after GPU Parallel 3th way, (1, 3, 2, 1) is -0.064525
Calculated 2-RDM element with Parallel after GPU Parallel 3th way, (2, 0, 3, 0) is 0.06187499999999999
Calculated 2-RDM element with Parallel after GPU Parallel 3th way, (2, 0, 2, 1) is -0.068525
Calculated 2-RDM element with Parallel after GPU Parallel 3th way, (0, 3, 1, 3) is -0.07045
Calculated 2-RDM element with Parallel after GPU Parallel 3th way, (2, 1, 0, 3) is -0.008962499999999998
Calculated 2-RDM element with Parallel after GPU Parallel 3th way, (2, 2, 2, 2) is 0.0
Calculated 2-RDM element with Parallel after GPU Parallel 3th way, (2, 0, 2, 0) is -0.4147
Calculated 2-RDM element with Parallel after GPU Parallel 3th way, (2, 1, 0, 2) is 0.068525
Calculated 2-RDM element with Parallel after GPU Parallel 3th way, (1, 2, 1, 3) is 0.064525
Calculated 2-RDM element with Parallel after GPU Parallel 3th way, (2, 0, 3, 1) is 0.27831249999999996
Calculated 2-RDM element with Parallel after GPU Parallel 3th way, (2, 3, 3, 3) is 0.0
Calculated 2-RDM element with Parallel after GPU Parallel 3th way, (1, 3, 1, 3) is -0.3757
Calculated 2-RDM element with Parallel after GPU Parallel 3th way, (1, 2, 3, 0) is -0.008962499999999998
Calculated 2-RDM element with Parallel after GPU Parallel 3th way, (3, 0, 3, 1) is -0.07045
Calculated 2-RDM element with Parallel after GPU Parallel 3th way, (2, 1, 2, 1) is -0.08500000000000002
Calculated 2-RDM element with Parallel after GPU Parallel 3th way, (3, 0, 3, 0) is -0.15710000000000002
Calculated 2-RDM element with Parallel after GPU Parallel 3th way, (3, 0, 2, 1) is 0.008962499999999998
Calculated 2-RDM element with Parallel after GPU Parallel 3th way, (2, 3, 2, 3) is -0.04755000000000001
Calculated 2-RDM element with Parallel after GPU Parallel 3th way, (3, 1, 1, 2) is -0.064525
Calculated 2-RDM element with Parallel after GPU Parallel 3th way, (3, 3, 3, 3) is 0.0
Calculated 2-RDM element with Parallel after GPU Parallel 3th way, (2, 1, 3, 1) is 0.064525
Calculated 2-RDM element with Parallel after GPU Parallel 3th way, (3, 1, 0, 2) is -0.27831249999999996
Calculated 2-RDM element with Parallel after GPU Parallel 3th way, (3, 1, 0, 3) is 0.07045
Calculated 2-RDM element with Parallel after GPU Parallel 3th way, (3, 3, 3, 2) is 0.0
Calculated 2-RDM element with Parallel after GPU Parallel 3th way, (3, 0, 0, 2) is -0.06187499999999999
Calculated 2-RDM element with Parallel after GPU Parallel 3th way, (3, 1, 3, 1) is -0.3757
Calculated 2-RDM element with Parallel after GPU Parallel 3th way, (3, 2, 2, 2) is 0.0
Calculated 2-RDM element with Parallel after GPU Parallel 3th way, (1, 3, 3, 0) is 0.07045
Calculated 2-RDM element with Parallel after GPU Parallel 3th way, (2, 2, 2, 3) is 0.0
Calculated 2-RDM element with Parallel after GPU Parallel 3th way, (3, 2, 3, 2) is -0.04755000000000001
Calculated 2-RDM element with Parallel after GPU Parallel 3th way, (2, 2, 3, 3) is 0.0
Execution time of get_two_rdm_Parallel3: 2.029862403869629 seconds
Number of 'cx' gates before replacing gates: 56
Number of 'h' gates before replacing gates: 72
Number of 's' gates before replacing gates: 24
Number of 'rz' gates before replacing gates: 32
Number of 'x' gates before replacing gates: 0
Number of 'y' gates before replacing gates: 0
Number of parameterized gates before replacing gates: 0
{ParameterVectorElement(t[0]): 0.022954427747647183, ParameterVectorElement(t[1]): -0.023062859048372682, ParameterVectorElement(t[2]): -0.7541015211230425}
Total parameter gates replaced: 0
Number of 'cx' gates after replacing gates: 56
Number of 'h' gates after replacing gates: 72
Number of 's' gates after replacing gates: 24
Number of 'rz' gates after replacing gates: 32
Number of 'x' gates after replacing gates: 0
Number of 'y' gates after replacing gates: 0
Number of 'z' gates after replacing gates: 0
Gate replacement successful.
Calculated 1-RDM element with wavefunction (0, 0) is 0.530717609360087
Calculated 1-RDM element with wavefunction (0, 3) is 4.5300396736363884e-17
Calculated 1-RDM element with wavefunction (0, 1) is -0.032492696563928974
Calculated 1-RDM element with wavefunction (0, 2) is 1.887503719337824e-18
Calculated 1-RDM element with wavefunction (1, 0) is -0.032492696563928974
Calculated 1-RDM element with wavefunction (2, 0) is 1.887503719337824e-18
Calculated 1-RDM element with wavefunction (1, 2) is 4.8875457617647766e-17
Calculated 1-RDM element with wavefunction (1, 1) is 0.4692823906398999
Calculated 1-RDM element with wavefunction (2, 2) is 0.530712621406676
Calculated 1-RDM element with wavefunction (2, 1) is 4.8875457617647766e-17
Calculated 1-RDM element with wavefunction (1, 3) is 1.8947316620111556e-18
Calculated 1-RDM element with wavefunction (3, 0) is 4.5300396736363884e-17
Calculated 1-RDM element with wavefunction (3, 2) is 0.032497411298819764
Calculated 1-RDM element with wavefunction (3, 3) is 0.469287378593311
Calculated 1-RDM element with wavefunction (3, 1) is 1.8947316620111556e-18
Calculated 1-RDM element with wavefunction (2, 3) is 0.032497411298819764
Execution time of get_one_rdm_wavefunction: 0.07396984100341797 seconds
Calculated 2-RDM element with wavefunction (0, 0, 0, 0) is 0.0
Calculated 2-RDM element with wavefunction (0, 0, 0, 1) is 0.0
Calculated 2-RDM element with wavefunction (0, 0, 1, 1) is 0.0
Calculated 2-RDM element with wavefunction (0, 2, 0, 2) is -0.5301860883500619
Calculated 2-RDM element with wavefunction (0, 1, 0, 1) is -7.032772293089064e-32
Calculated 2-RDM element with wavefunction (0, 3, 1, 2) is 0.0005290211546461977
Calculated 2-RDM element with wavefunction (0, 1, 1, 1) is 0.0
Calculated 2-RDM element with wavefunction (0, 3, 1, 3) is 0.015784599674299602
Calculated 2-RDM element with wavefunction (0, 3, 0, 3) is -0.0005315210100252047
Calculated 2-RDM element with wavefunction (0, 2, 1, 2) is 0.016708096889629376
Calculated 2-RDM element with wavefunction (1, 1, 1, 1) is 0.0
Calculated 2-RDM element with wavefunction (0, 2, 0, 3) is -0.016787049924901553
Calculated 2-RDM element with wavefunction (1, 0, 0, 0) is 0.0
Calculated 2-RDM element with wavefunction (1, 1, 1, 0) is 0.0
Calculated 2-RDM element with wavefunction (0, 2, 1, 3) is 0.49852566084732386
Calculated 2-RDM element with wavefunction (1, 2, 2, 0) is -0.016708096889629376
Calculated 2-RDM element with wavefunction (0, 3, 2, 0) is 0.016787049924901553
Calculated 2-RDM element with wavefunction (1, 2, 1, 2) is -0.0005265330566141216
Calculated 2-RDM element with wavefunction (2, 0, 3, 0) is -0.016787049924901553
Calculated 2-RDM element with wavefunction (1, 2, 3, 0) is -0.0005290211546461977
Calculated 2-RDM element with wavefunction (1, 3, 1, 3) is -0.4687558575832858
Calculated 2-RDM element with wavefunction (2, 0, 2, 0) is -0.5301860883500619
Calculated 2-RDM element with wavefunction (2, 1, 0, 3) is -0.0005290211546461977
Calculated 2-RDM element with wavefunction (1, 3, 2, 1) is 0.015710361373918215
Calculated 2-RDM element with wavefunction (2, 1, 0, 2) is -0.016708096889629376
Calculated 2-RDM element with wavefunction (1, 2, 1, 3) is -0.015710361373918215
Calculated 2-RDM element with wavefunction (2, 1, 2, 1) is -0.0005265330566141216
Calculated 2-RDM element with wavefunction (2, 0, 2, 1) is 0.016708096889629376
Calculated 2-RDM element with wavefunction (1, 3, 3, 0) is -0.015784599674299602
Calculated 2-RDM element with wavefunction (1, 3, 2, 0) is -0.49852566084732386
Calculated 2-RDM element with wavefunction (2, 2, 2, 2) is 0.0
Calculated 2-RDM element with wavefunction (2, 1, 3, 1) is -0.015710361373918215
Calculated 2-RDM element with wavefunction (1, 0, 1, 0) is -7.032772293089064e-32
Calculated 2-RDM element with wavefunction (3, 0, 3, 1) is 0.015784599674299602
Calculated 2-RDM element with wavefunction (3, 0, 0, 2) is 0.016787049924901553
Calculated 2-RDM element with wavefunction (2, 2, 3, 3) is 0.0
Calculated 2-RDM element with wavefunction (3, 1, 1, 2) is 0.015710361373918215
Calculated 2-RDM element with wavefunction (2, 0, 3, 1) is 0.49852566084732386
Calculated 2-RDM element with wavefunction (3, 0, 3, 0) is -0.0005315210100252047
Calculated 2-RDM element with wavefunction (3, 3, 3, 2) is 0.0
Calculated 2-RDM element with wavefunction (2, 3, 3, 3) is 0.0
Calculated 2-RDM element with wavefunction (2, 2, 2, 3) is 0.0
Calculated 2-RDM element with wavefunction (3, 1, 0, 2) is -0.49852566084732386
Calculated 2-RDM element with wavefunction (3, 2, 2, 2) is 0.0
Calculated 2-RDM element with wavefunction (3, 0, 2, 1) is 0.0005290211546461977
Calculated 2-RDM element with wavefunction (3, 1, 3, 1) is -0.4687558575832858
Calculated 2-RDM element with wavefunction (3, 1, 0, 3) is -0.015784599674299602
Calculated 2-RDM element with wavefunction (3, 3, 3, 3) is 0.0
Calculated 2-RDM element with wavefunction (2, 3, 2, 3) is -1.265573548996869e-31
Calculated 2-RDM element with wavefunction (3, 2, 3, 2) is -1.265573548996869e-31
Execution time of get_two_rdm_wavefunction: 0.17439651489257812 seconds
Calculated 2-RDM element (0, 0, 1, 1) is 0.0
Calculated 2-RDM element (0, 1, 1, 1) is 0.0
Calculated 2-RDM element (0, 0, 0, 0) is 0.0
Calculated 2-RDM element (0, 0, 0, 1) is 0.0
Calculated 2-RDM element (2, 2, 2, 2) is 0.0
Calculated 2-RDM element (2, 2, 2, 3) is 0.0
Calculated 2-RDM element (1, 1, 1, 0) is 0.0
Calculated 2-RDM element (1, 0, 0, 0) is 0.0
Calculated 2-RDM element (2, 3, 3, 3) is 0.0
Calculated 2-RDM element (2, 2, 3, 3) is 0.0
Calculated 2-RDM element (1, 1, 1, 1) is 0.0
Calculated 2-RDM element (3, 2, 2, 2) is 0.0
Calculated 2-RDM element (3, 3, 3, 2) is 0.0
Calculated 2-RDM element (3, 3, 3, 3) is 0.0
Calculated 2-RDM element (1, 0, 1, 0) is -0.10074999999999998
Calculated 2-RDM element (1, 2, 1, 2) is -0.07055
Calculated 2-RDM element (1, 3, 1, 3) is -0.37085
Calculated 2-RDM element (2, 0, 2, 0) is -0.4495
Calculated 2-RDM element (0, 2, 0, 2) is -0.44520000000000004
Calculated 2-RDM element (0, 1, 0, 1) is -0.09195000000000003
Calculated 2-RDM element (0, 3, 0, 3) is -0.14594999999999997
Calculated 2-RDM element (2, 1, 2, 1) is -0.07330000000000003
Calculated 2-RDM element (2, 3, 2, 3) is -0.04550000000000001
Calculated 2-RDM element (3, 1, 3, 1) is -0.37575000000000003
Calculated 2-RDM element (3, 0, 3, 0) is -0.14470000000000002
Calculated 2-RDM element (3, 2, 3, 2) is -0.05349999999999999
Calculated 2-RDM element (1, 3, 2, 1) is 0.016800000000000002
Calculated 2-RDM element (1, 2, 1, 3) is -0.008475
Calculated 2-RDM element (1, 2, 2, 0) is -0.0106
Calculated 2-RDM element (2, 0, 2, 1) is 0.009325000000000002
Calculated 2-RDM element (2, 1, 0, 2) is -0.010124999999999999
Calculated 2-RDM element (1, 3, 3, 0) is -0.0097
Calculated 2-RDM element (0, 2, 1, 2) is 0.01345
Calculated 2-RDM element (2, 0, 3, 0) is -0.011399999999999999
Calculated 2-RDM element (0, 2, 0, 3) is -0.008
Calculated 2-RDM element (0, 3, 1, 3) is 0.007249999999999999
Calculated 2-RDM element (0, 3, 2, 0) is 0.0115
Calculated 2-RDM element (2, 1, 3, 1) is -0.01005
Calculated 2-RDM element (3, 0, 0, 2) is 0.009375
Calculated 2-RDM element (3, 0, 3, 1) is 0.012025000000000001
Calculated 2-RDM element (3, 1, 1, 2) is 0.009625
Calculated 2-RDM element (3, 1, 0, 3) is -0.0077750000000000015
Calculated 2-RDM element (1, 2, 3, 0) is 0.001612499999999989
Calculated 2-RDM element (2, 1, 0, 3) is -0.0005874999999999977
Calculated 2-RDM element (1, 3, 2, 0) is -0.293275
Calculated 2-RDM element (0, 3, 1, 2) is 0.0011375000000000066
Calculated 2-RDM element (3, 0, 2, 1) is 0.00018749999999999323
Calculated 2-RDM element (0, 2, 1, 3) is 0.2943875
Calculated 2-RDM element (2, 0, 3, 1) is 0.2926
Calculated 2-RDM element (3, 1, 0, 2) is -0.29236249999999997
Execution time of get_two_rdm: 13.029312133789062 seconds
Calculated 1-RDM element (1, 1) is 0.4565
Calculated 1-RDM element (2, 2) is 0.5173
Calculated 1-RDM element (0, 0) is 0.5913
Calculated 1-RDM element (3, 3) is 0.4799
Calculated 1-RDM element (0, 3) is 0.0026999999999999997
Calculated 1-RDM element (0, 1) is -0.0174
Calculated 1-RDM element (0, 2) is -0.0040999999999999995
Calculated 1-RDM element (1, 2) is 0.0016
Calculated 1-RDM element (1, 0) is -0.014700000000000001
Calculated 1-RDM element (3, 0) is 0.0016000000000000003
Calculated 1-RDM element (2, 0) is 0.0036
Calculated 1-RDM element (1, 3) is -0.00125
Calculated 1-RDM element (2, 1) is 0.00335
Calculated 1-RDM element (2, 3) is 0.0179
Calculated 1-RDM element (3, 1) is -0.00105
Calculated 1-RDM element (3, 2) is 0.01445
Execution time of get_one_rdm: 2.028961658477783 seconds
Calculated 2-RDM element (0, 0, 0, 0) is 0.0
Calculated 2-RDM element (1, 0, 0, 0) is 0.0
Calculated 2-RDM element (0, 0, 1, 1) is 0.0
Calculated 2-RDM element (0, 0, 0, 1) is 0.0
Calculated 2-RDM element (0, 1, 1, 1) is 0.0
Calculated 2-RDM element (1, 1, 1, 0) is 0.0
Calculated 2-RDM element (1, 1, 1, 1) is 0.0
Calculated 2-RDM element (2, 2, 3, 3) is 0.0
Calculated 2-RDM element (2, 2, 2, 3) is 0.0
Calculated 2-RDM element (2, 2, 2, 2) is 0.0
Calculated 2-RDM element (2, 3, 3, 3) is 0.0
Calculated 2-RDM element (3, 2, 2, 2) is 0.0
Calculated 2-RDM element (3, 3, 3, 2) is 0.0
Calculated 2-RDM element (3, 3, 3, 3) is 0.0
Calculated 2-RDM element (0, 1, 0, 1) is -1.7486012637846216e-15
Calculated 2-RDM element (1, 0, 1, 0) is -1.7486012637846216e-15
Calculated 2-RDM element (0, 3, 0, 3) is -0.0005315210100269585
Calculated 2-RDM element (0, 2, 0, 2) is -0.5301860883500633
Calculated 2-RDM element (1, 3, 1, 3) is -0.468755857583287
Calculated 2-RDM element (1, 2, 1, 2) is -0.0005265330566158188
Calculated 2-RDM element (2, 3, 2, 3) is -1.7208456881689926e-15
Calculated 2-RDM element (3, 0, 3, 0) is -0.0005315210100269585
Calculated 2-RDM element (2, 0, 2, 0) is -0.5301860883500633
Calculated 2-RDM element (2, 1, 2, 1) is -0.0005265330566158188
Calculated 2-RDM element (3, 1, 3, 1) is -0.468755857583287
Calculated 2-RDM element (3, 2, 3, 2) is -1.7208456881689926e-15
Calculated 2-RDM element (0, 3, 1, 3) is 0.015784599674299807
Calculated 2-RDM element (0, 2, 0, 3) is -0.01678704992490178
Calculated 2-RDM element (0, 3, 2, 0) is 0.01678704992490178
Calculated 2-RDM element (0, 2, 1, 2) is 0.016708096889629417
Calculated 2-RDM element (2, 0, 2, 1) is 0.016708096889629417
Calculated 2-RDM element (2, 0, 3, 0) is -0.01678704992490178
Calculated 2-RDM element (3, 1, 1, 2) is 0.015710361373918243
Calculated 2-RDM element (1, 3, 3, 0) is -0.015784599674299807
Calculated 2-RDM element (1, 2, 2, 0) is -0.016708096889629417
Calculated 2-RDM element (1, 2, 1, 3) is -0.015710361373918243
Calculated 2-RDM element (2, 1, 3, 1) is -0.015710361373918243
Calculated 2-RDM element (3, 0, 3, 1) is 0.015784599674299807
Calculated 2-RDM element (1, 3, 2, 1) is 0.015710361373918243
Calculated 2-RDM element (3, 0, 0, 2) is 0.01678704992490178
Calculated 2-RDM element (2, 1, 0, 2) is -0.016708096889629417
Calculated 2-RDM element (3, 1, 0, 3) is -0.015784599674299807
Calculated 2-RDM element (0, 2, 1, 3) is 0.4985256608473234
Calculated 2-RDM element (3, 0, 2, 1) is 0.0005290211546461893
Calculated 2-RDM element (2, 1, 0, 3) is -0.0005290211546461893
Calculated 2-RDM element (0, 3, 1, 2) is 0.0005290211546461893
Calculated 2-RDM element (1, 3, 2, 0) is -0.4985256608473234
Calculated 2-RDM element (2, 0, 3, 1) is 0.4985256608473234
Calculated 2-RDM element (1, 2, 3, 0) is -0.0005290211546461893
Calculated 2-RDM element (3, 1, 0, 2) is -0.4985256608473234
Execution time of get_two_rdm: 4.990009784698486 seconds
Calculated 2-RDM element with wavefunction (0, 0, 0, 0) is 0.0
Calculated 2-RDM element with wavefunction (0, 1, 1, 1) is 0.0
Calculated 2-RDM element with wavefunction (0, 0, 1, 1) is 0.0
Calculated 2-RDM element with wavefunction (0, 1, 0, 1) is -3.635807573005079e-32
Calculated 2-RDM element with wavefunction (0, 2, 0, 2) is -0.5301860883500615
Calculated 2-RDM element with wavefunction (0, 0, 0, 1) is 0.0
Calculated 2-RDM element with wavefunction (0, 3, 1, 2) is 0.0005290211546462063
Calculated 2-RDM element with wavefunction (1, 0, 1, 0) is -3.635807573005079e-32
Calculated 2-RDM element with wavefunction (1, 1, 1, 1) is 0.0
Calculated 2-RDM element with wavefunction (0, 3, 1, 3) is 0.015784599674299807
Calculated 2-RDM element with wavefunction (1, 2, 1, 3) is -0.015710361373918243
Calculated 2-RDM element with wavefunction (0, 3, 0, 3) is -0.0005315210100252192
Calculated 2-RDM element with wavefunction (1, 0, 0, 0) is 0.0
Calculated 2-RDM element with wavefunction (0, 2, 1, 2) is 0.016708096889629414
Calculated 2-RDM element with wavefunction (1, 2, 2, 0) is -0.016708096889629414
Calculated 2-RDM element with wavefunction (1, 2, 1, 2) is -0.0005265330566141243
Calculated 2-RDM element with wavefunction (0, 2, 1, 3) is 0.4985256608473234
Calculated 2-RDM element with wavefunction (0, 3, 2, 0) is 0.01678704992490178
Calculated 2-RDM element with wavefunction (1, 1, 1, 0) is 0.0
Calculated 2-RDM element with wavefunction (2, 0, 2, 1) is 0.016708096889629414
Calculated 2-RDM element with wavefunction (2, 2, 2, 3) is 0.0
Calculated 2-RDM element with wavefunction (1, 3, 3, 0) is -0.015784599674299807
Calculated 2-RDM element with wavefunction (2, 2, 2, 2) is 0.0
Calculated 2-RDM element with wavefunction (2, 0, 3, 1) is 0.4985256608473234
Calculated 2-RDM element with wavefunction (1, 2, 3, 0) is -0.0005290211546462063
Calculated 2-RDM element with wavefunction (2, 1, 2, 1) is -0.0005265330566141243
Calculated 2-RDM element with wavefunction (2, 0, 3, 0) is -0.01678704992490178
Calculated 2-RDM element with wavefunction (1, 3, 1, 3) is -0.46875585758328525
Calculated 2-RDM element with wavefunction (1, 3, 2, 0) is -0.4985256608473234
Calculated 2-RDM element with wavefunction (2, 0, 2, 0) is -0.5301860883500615
Calculated 2-RDM element with wavefunction (0, 2, 0, 3) is -0.01678704992490178
Calculated 2-RDM element with wavefunction (3, 0, 3, 0) is -0.0005315210100252192
Calculated 2-RDM element with wavefunction (3, 0, 2, 1) is 0.0005290211546462063
Calculated 2-RDM element with wavefunction (2, 2, 3, 3) is 0.0
Calculated 2-RDM element with wavefunction (2, 3, 3, 3) is 0.0
Calculated 2-RDM element with wavefunction (3, 1, 1, 2) is 0.015710361373918243
Calculated 2-RDM element with wavefunction (2, 1, 0, 2) is -0.016708096889629414
Calculated 2-RDM element with wavefunction (2, 1, 3, 1) is -0.015710361373918243
Calculated 2-RDM element with wavefunction (1, 3, 2, 1) is 0.015710361373918243
Calculated 2-RDM element with wavefunction (3, 0, 0, 2) is 0.01678704992490178
Calculated 2-RDM element with wavefunction (3, 0, 3, 1) is 0.015784599674299807
Calculated 2-RDM element with wavefunction (2, 1, 0, 3) is -0.0005290211546462063
Calculated 2-RDM element with wavefunction (3, 3, 3, 2) is 0.0
Calculated 2-RDM element with wavefunction (3, 2, 3, 2) is -1.6570341218739303e-32
Calculated 2-RDM element with wavefunction (2, 3, 2, 3) is -1.6570341218739303e-32
Calculated 2-RDM element with wavefunction (3, 1, 3, 1) is -0.46875585758328525
Calculated 2-RDM element with wavefunction (3, 2, 2, 2) is 0.0
Calculated 2-RDM element with wavefunction (3, 1, 0, 3) is -0.015784599674299807
Calculated 2-RDM element with wavefunction (3, 3, 3, 3) is 0.0
Calculated 2-RDM element with wavefunction (3, 1, 0, 2) is -0.4985256608473234
Execution time of get_two_rdm_wavefunction: 0.216552734375 seconds
Calculated 2-RDM element (0, 0, 0, 0) is 0.0
Calculated 2-RDM element (0, 0, 0, 1) is 0.0
Calculated 2-RDM element (0, 0, 1, 1) is 0.0
Calculated 2-RDM element (0, 1, 1, 1) is 0.0
Calculated 2-RDM element (1, 0, 0, 0) is 0.0
Calculated 2-RDM element (1, 1, 1, 0) is 0.0
Calculated 2-RDM element (1, 1, 1, 1) is 0.0
Calculated 2-RDM element (2, 2, 2, 2) is 0.0
Calculated 2-RDM element (2, 2, 3, 3) is 0.0
Calculated 2-RDM element (2, 2, 2, 3) is 0.0
Calculated 2-RDM element (2, 3, 3, 3) is 0.0
Calculated 2-RDM element (3, 2, 2, 2) is 0.0
Calculated 2-RDM element (3, 3, 3, 2) is 0.0
Calculated 2-RDM element (3, 3, 3, 3) is 0.0
Calculated 2-RDM element (0, 1, 0, 1) is -0.09494999999999998
Calculated 2-RDM element (1, 0, 1, 0) is -0.09654999999999994
Calculated 2-RDM element (0, 3, 0, 3) is -0.15865
Calculated 2-RDM element (0, 2, 0, 2) is -0.42195000000000005
Calculated 2-RDM element (1, 3, 1, 3) is -0.38160000000000005
Calculated 2-RDM element (2, 0, 2, 0) is -0.42310000000000003
Calculated 2-RDM element (1, 2, 1, 2) is -0.08535000000000001
Calculated 2-RDM element (2, 3, 2, 3) is -0.04225000000000001
Calculated 2-RDM element (2, 1, 2, 1) is -0.08665
Calculated 2-RDM element (3, 0, 3, 0) is -0.1552
Calculated 2-RDM element (3, 1, 3, 1) is -0.3792
Calculated 2-RDM element (3, 2, 3, 2) is -0.04730000000000001
Calculated 2-RDM element (0, 2, 1, 2) is -0.068825
Calculated 2-RDM element (0, 2, 0, 3) is 0.057975000000000006
Calculated 2-RDM element (0, 3, 2, 0) is -0.060024999999999995
Calculated 2-RDM element (0, 3, 1, 3) is -0.064025
Calculated 2-RDM element (1, 2, 2, 0) is 0.067325
Calculated 2-RDM element (2, 0, 3, 0) is 0.063125
Calculated 2-RDM element (1, 2, 1, 3) is 0.06402500000000001
Calculated 2-RDM element (2, 0, 2, 1) is -0.066
Calculated 2-RDM element (1, 3, 3, 0) is 0.065875
Calculated 2-RDM element (2, 1, 0, 2) is 0.06755
Calculated 2-RDM element (2, 1, 3, 1) is 0.06012499999999999
Calculated 2-RDM element (1, 3, 2, 1) is -0.06344999999999999
Calculated 2-RDM element (3, 0, 3, 1) is -0.06332499999999999
Calculated 2-RDM element (3, 1, 0, 3) is 0.072475
Calculated 2-RDM element (3, 0, 0, 2) is -0.06385
Calculated 2-RDM element (3, 1, 1, 2) is -0.0591
Calculated 2-RDM element (3, 0, 2, 1) is 0.010787499999999998
Calculated 2-RDM element (1, 2, 3, 0) is -0.015012499999999998
Calculated 2-RDM element (1, 3, 2, 0) is -0.27995
Calculated 2-RDM element (2, 1, 0, 3) is -0.011912500000000006
Calculated 2-RDM element (0, 3, 1, 2) is 0.011637499999999988
Calculated 2-RDM element (0, 2, 1, 3) is 0.277725
Calculated 2-RDM element (2, 0, 3, 1) is 0.279225
Calculated 2-RDM element (3, 1, 0, 2) is -0.28226249999999997
Execution time of get_two_rdm: 10.184123754501343 seconds
{'IIII': 1.0, 'IIZI': 0.078, 'IIIZ': -0.153, 'IIZZ': -0.6872, 'IZII': -0.019, 'IZIZ': 0.5166, 'XYII': 0.0194, 'YYII': -0.2564, 'XYIZ': 0.009, 'YYIZ': -0.0046, 'XXII': -0.2494, 'YXII': 0.0286, 'XXIZ': 0.013, 'YXIZ': 0.0072, 'IIXY': 0.0044, 'IZXY': -0.0026, 'IIYY': 0.2716, 'IZYY': -0.0104, 'IIXX': 0.2692, 'IZXX': 0.0064, 'IIYX': 0.0276, 'IZYX': 0.0046, 'XYXY': 0.5328, 'YYXY': 0.021, 'XYYY': -0.0044, 'YYYY': -0.5962, 'XXXY': 0.0172, 'YXXY': -0.5456, 'XXYY': -0.5854, 'YXYY': -0.0032, 'XYXX': -0.0062, 'YYXX': -0.564, 'XYYX': -0.5294, 'YYYX': 0.0104, 'XXXX': -0.5838, 'YXXX': 0.0014, 'XXYX': -0.0064, 'YXYX': 0.5384, 'ZIII': 0.0052, 'ZIIZ': -0.4998, 'ZIXY': -0.0176, 'ZIYY': 0.0002, 'ZIXX': -0.0054, 'ZIYX': 0.006, 'IZZI': -0.591, 'XYZI': -0.0096, 'YYZI': 0.004, 'XXZI': -0.0082, 'YXZI': 0.0124, 'ZIZI': 0.6006, 'ZZII': -0.8088}
Calculated 2-RDM element with Parallel after GPU Parallel 1st way, (0, 0, 0, 0) is 0.0
Calculated 2-RDM element with Parallel after GPU Parallel 1st way, (0, 0, 0, 1) is 0.0
Calculated 2-RDM element with Parallel after GPU Parallel 1st way, (0, 0, 1, 1) is 0.0
Calculated 2-RDM element with Parallel after GPU Parallel 1st way, (0, 1, 0, 1) is -0.09694999999999998
Calculated 2-RDM element with Parallel after GPU Parallel 1st way, (0, 1, 1, 1) is 0.0
Calculated 2-RDM element with Parallel after GPU Parallel 1st way, (0, 2, 0, 2) is -0.42214999999999997
Calculated 2-RDM element with Parallel after GPU Parallel 1st way, (0, 2, 0, 3) is 0.06427500000000001
Calculated 2-RDM element with Parallel after GPU Parallel 1st way, (0, 2, 1, 2) is -0.06810000000000001
Calculated 2-RDM element with Parallel after GPU Parallel 1st way, (0, 2, 1, 3) is 0.279725
Calculated 2-RDM element with Parallel after GPU Parallel 1st way, (0, 3, 0, 3) is -0.16199999999999998
Calculated 2-RDM element with Parallel after GPU Parallel 1st way, (0, 3, 1, 2) is 0.011449999999999995
Calculated 2-RDM element with Parallel after GPU Parallel 1st way, (0, 3, 1, 3) is -0.06824999999999999
Calculated 2-RDM element with Parallel after GPU Parallel 1st way, (0, 3, 2, 0) is -0.064275
Calculated 2-RDM element with Parallel after GPU Parallel 1st way, (1, 0, 0, 0) is 0.0
Calculated 2-RDM element with Parallel after GPU Parallel 1st way, (1, 0, 1, 0) is -0.09694999999999998
Calculated 2-RDM element with Parallel after GPU Parallel 1st way, (1, 1, 1, 0) is 0.0
Calculated 2-RDM element with Parallel after GPU Parallel 1st way, (1, 1, 1, 1) is 0.0
Calculated 2-RDM element with Parallel after GPU Parallel 1st way, (1, 2, 1, 2) is -0.0875
Calculated 2-RDM element with Parallel after GPU Parallel 1st way, (1, 2, 1, 3) is 0.0627
Calculated 2-RDM element with Parallel after GPU Parallel 1st way, (1, 2, 2, 0) is 0.0681
Calculated 2-RDM element with Parallel after GPU Parallel 1st way, (1, 2, 3, 0) is -0.011449999999999995
Calculated 2-RDM element with Parallel after GPU Parallel 1st way, (1, 3, 1, 3) is -0.37935
Calculated 2-RDM element with Parallel after GPU Parallel 1st way, (1, 3, 2, 0) is -0.279725
Calculated 2-RDM element with Parallel after GPU Parallel 1st way, (1, 3, 2, 1) is -0.0627
Calculated 2-RDM element with Parallel after GPU Parallel 1st way, (1, 3, 3, 0) is 0.06825
Calculated 2-RDM element with Parallel after GPU Parallel 1st way, (2, 0, 2, 0) is -0.42214999999999997
Calculated 2-RDM element with Parallel after GPU Parallel 1st way, (2, 0, 2, 1) is -0.06810000000000001
Calculated 2-RDM element with Parallel after GPU Parallel 1st way, (2, 0, 3, 0) is 0.06427500000000001
Calculated 2-RDM element with Parallel after GPU Parallel 1st way, (2, 0, 3, 1) is 0.279725
Calculated 2-RDM element with Parallel after GPU Parallel 1st way, (2, 1, 0, 2) is 0.0681
Calculated 2-RDM element with Parallel after GPU Parallel 1st way, (2, 1, 0, 3) is -0.011449999999999995
Calculated 2-RDM element with Parallel after GPU Parallel 1st way, (2, 1, 2, 1) is -0.08750000000000002
Calculated 2-RDM element with Parallel after GPU Parallel 1st way, (2, 1, 3, 1) is 0.0627
Calculated 2-RDM element with Parallel after GPU Parallel 1st way, (2, 2, 2, 2) is 0.0
Calculated 2-RDM element with Parallel after GPU Parallel 1st way, (2, 2, 2, 3) is 0.0
Calculated 2-RDM element with Parallel after GPU Parallel 1st way, (2, 2, 3, 3) is 0.0
Calculated 2-RDM element with Parallel after GPU Parallel 1st way, (2, 3, 2, 3) is -0.05125000000000002
Calculated 2-RDM element with Parallel after GPU Parallel 1st way, (2, 3, 3, 3) is 0.0
Calculated 2-RDM element with Parallel after GPU Parallel 1st way, (3, 0, 0, 2) is -0.064275
Calculated 2-RDM element with Parallel after GPU Parallel 1st way, (3, 0, 2, 1) is 0.011449999999999995
Calculated 2-RDM element with Parallel after GPU Parallel 1st way, (3, 0, 3, 0) is -0.16199999999999998
Calculated 2-RDM element with Parallel after GPU Parallel 1st way, (3, 0, 3, 1) is -0.06824999999999999
Calculated 2-RDM element with Parallel after GPU Parallel 1st way, (3, 1, 0, 2) is -0.279725
Calculated 2-RDM element with Parallel after GPU Parallel 1st way, (3, 1, 0, 3) is 0.06825
Calculated 2-RDM element with Parallel after GPU Parallel 1st way, (3, 1, 1, 2) is -0.0627
Calculated 2-RDM element with Parallel after GPU Parallel 1st way, (3, 1, 3, 1) is -0.37935
Calculated 2-RDM element with Parallel after GPU Parallel 1st way, (3, 2, 2, 2) is 0.0
Calculated 2-RDM element with Parallel after GPU Parallel 1st way, (3, 2, 3, 2) is -0.05124999999999996
Calculated 2-RDM element with Parallel after GPU Parallel 1st way, (3, 3, 3, 2) is 0.0
Calculated 2-RDM element with Parallel after GPU Parallel 1st way, (3, 3, 3, 3) is 0.0
Execution time of get_two_rdm_Parallel: 1.6985950469970703 seconds
Calculated 1-RDM element (0, 0) is 0.5307176093600903
Calculated 1-RDM element (3, 3) is 0.46928737859331393
Calculated 1-RDM element (2, 2) is 0.5307126214066791
Calculated 1-RDM element (1, 1) is 0.4692823906399028
Calculated 1-RDM element (1, 3) is 1.097669882480472e-18
Calculated 1-RDM element (0, 2) is 1.1046239833164856e-18
Calculated 1-RDM element (2, 1) is -4.426309703596364e-17
Calculated 1-RDM element (1, 0) is -0.032492696563929224
Calculated 1-RDM element (3, 2) is 0.03249741129882002
Calculated 1-RDM element (1, 2) is -4.426309703596364e-17
Calculated 1-RDM element (0, 3) is -4.63447587663592e-17
Calculated 1-RDM element (0, 1) is -0.032492696563929224
Calculated 1-RDM element (2, 3) is 0.03249741129882002
Calculated 1-RDM element (2, 0) is 1.1046239833164856e-18
Calculated 1-RDM element (3, 0) is -4.63447587663592e-17
Calculated 1-RDM element (3, 1) is 1.097669882480472e-18
Execution time of get_one_rdm: 1.50736665725708 seconds
Calculated 1-RDM element with wavefunction (0, 0) is 0.5307176093600867
Calculated 1-RDM element with wavefunction (0, 1) is -0.032492696563929224
Calculated 1-RDM element with wavefunction (1, 3) is 1.0976698824804739e-18
Calculated 1-RDM element with wavefunction (2, 2) is 0.5307126214066756
Calculated 1-RDM element with wavefunction (0, 2) is 1.1046239833164866e-18
Calculated 1-RDM element with wavefunction (1, 0) is -0.032492696563929224
Calculated 1-RDM element with wavefunction (0, 3) is -4.63447587663592e-17
Calculated 1-RDM element with wavefunction (2, 1) is -4.426309703596364e-17
Calculated 1-RDM element with wavefunction (1, 2) is -4.426309703596364e-17
Calculated 1-RDM element with wavefunction (1, 1) is 0.46928239063989935
Calculated 1-RDM element with wavefunction (2, 3) is 0.03249741129882002
Calculated 1-RDM element with wavefunction (3, 0) is -4.63447587663592e-17
Calculated 1-RDM element with wavefunction (3, 2) is 0.03249741129882002
Calculated 1-RDM element with wavefunction (3, 1) is 1.0976698824804739e-18
Calculated 1-RDM element with wavefunction (3, 3) is 0.4692873785933105
Calculated 1-RDM element with wavefunction (2, 0) is 1.1046239833164866e-18
Execution time of get_one_rdm_wavefunction: 0.07964611053466797 seconds
Calculated 1-RDM element (0, 0) is 0.5685
Calculated 1-RDM element (1, 1) is 0.4545
Calculated 1-RDM element (2, 2) is 0.5111
Calculated 1-RDM element (3, 3) is 0.4836
Calculated 1-RDM element (2, 1) is 0.0056
Calculated 1-RDM element (1, 3) is 0.0022500000000000003
Calculated 1-RDM element (0, 3) is -0.0039
Calculated 1-RDM element (1, 2) is -0.0033
Calculated 1-RDM element (0, 1) is 0.12955
Calculated 1-RDM element (1, 0) is 0.1418
Calculated 1-RDM element (3, 0) is 0.002
Calculated 1-RDM element (0, 2) is -0.00685
Calculated 1-RDM element (3, 2) is -0.1255
Calculated 1-RDM element (2, 0) is 0.0025
Calculated 1-RDM element (3, 1) is -0.0032
Calculated 1-RDM element (2, 3) is -0.125
Execution time of get_one_rdm: 2.02644419670105 seconds
--- [DONE]  Processing for d = 3.10. Data saved. ---
--- [START] Processing for d = 1.9 ---
Attempting to load file: /home/u2600410/H2/H2_1.9_sto-3g.pkl
Using CPU for noisy estimator...
Number of qubits: 4
Execution time of Gene_Qiskit_VQE_hamiltonian: 0.0006783008575439453 seconds
VQE Optimal Energy: -0.95433884
{   'aux_operators_evaluated': None,
    'cost_function_evals': 138,
    'eigenvalue': -0.9543388432974516,
    'optimal_circuit': <qiskit_nature.second_q.circuit.library.ansatzes.uccsd.UCCSD object at 0x14c7027c2c00>,
    'optimal_parameters': {   ParameterVectorElement(t[2]): -0.5310186781657742,
                              ParameterVectorElement(t[1]): 0.0004049974759631761,
                              ParameterVectorElement(t[0]): -0.0003254186849444954},
    'optimal_point': array([-3.25418685e-04,  4.04997476e-04, -5.31018678e-01]),
    'optimal_value': -0.9543388432974516,
    'optimizer_evals': None,
    'optimizer_result': <qiskit_algorithms.optimizers.optimizer.OptimizerResult object at 0x14c71d035c70>,
    'optimizer_time': 3.7771594524383545}
VQE Optimal Energy: -0.81023345
{   'aux_operators_evaluated': None,
    'cost_function_evals': 40,
    'eigenvalue': -0.8102334494088419,
    'optimal_circuit': <qiskit_nature.second_q.circuit.library.ansatzes.uccsd.UCCSD object at 0x14c7001e0c80>,
    'optimal_parameters': {   ParameterVectorElement(t[2]): -0.5980615615019041,
                              ParameterVectorElement(t[1]): 0.022719885268961196,
                              ParameterVectorElement(t[0]): 0.0605216253474784},
    'optimal_point': array([ 0.06052163,  0.02271989, -0.59806156]),
    'optimal_value': -0.8102334494088419,
    'optimizer_evals': None,
    'optimizer_result': <qiskit_algorithms.optimizers.optimizer.OptimizerResult object at 0x14c7002c9d60>,
    'optimizer_time': 5.374936819076538}
{'IIII': 1.0, 'IIZI': 0.2926, 'IIIZ': -0.3716, 'IIZZ': -0.677, 'IZII': -0.2144, 'IZIZ': 0.531, 'XYII': 0.008, 'YYII': 0.0272, 'XYIZ': 0.0096, 'YYIZ': 0.0548, 'XXII': 0.0232, 'YXII': -0.0076, 'XXIZ': 0.0532, 'YXIZ': -0.0012, 'IIXY': -0.0198, 'IZXY': 0.004, 'IIYY': -0.0396, 'IZYY': 0.091, 'IIXX': -0.0566, 'IZXX': 0.0752, 'IIYX': 0.0006, 'IZYX': 0.0032, 'XYXY': 0.5422, 'YYXY': -0.0098, 'XYYY': 0.006, 'YYYY': -0.5462, 'XXXY': -0.005, 'YXXY': -0.5438, 'XXYY': -0.5538, 'YXYY': 0.0064, 'XYXX': -0.002, 'YYXX': -0.5322, 'XYYX': -0.5354, 'YYYX': -0.0054, 'XXXX': -0.5422, 'YXXX': 0.0048, 'XXYX': 0.018, 'YXYX': 0.5526, 'ZIII': 0.2066, 'ZIIZ': -0.5692, 'ZIXY': -0.0094, 'ZIYY': -0.052, 'ZIXX': -0.0574, 'ZIYX': -0.0018, 'IZZI': -0.6458, 'XYZI': 0.0044, 'YYZI': -0.0616, 'XXZI': -0.059, 'YXZI': 0.0174, 'ZIZI': 0.6394, 'ZZII': -0.8036}
Calculated 2-RDM element with Parallel after GPU Parallel 1st way, (0, 0, 0, 0) is 0.0
Calculated 2-RDM element with Parallel after GPU Parallel 1st way, (0, 0, 0, 1) is 0.0
Calculated 2-RDM element with Parallel after GPU Parallel 1st way, (0, 0, 1, 1) is 0.0
Calculated 2-RDM element with Parallel after GPU Parallel 1st way, (0, 1, 0, 1) is -0.10049999999999998
Calculated 2-RDM element with Parallel after GPU Parallel 1st way, (0, 1, 1, 1) is 0.0
Calculated 2-RDM element with Parallel after GPU Parallel 1st way, (0, 2, 0, 2) is -0.52925
Calculated 2-RDM element with Parallel after GPU Parallel 1st way, (0, 2, 0, 3) is 0.0072
Calculated 2-RDM element with Parallel after GPU Parallel 1st way, (0, 2, 1, 2) is 0.032799999999999996
Calculated 2-RDM element with Parallel after GPU Parallel 1st way, (0, 2, 1, 3) is 0.271775
Calculated 2-RDM element with Parallel after GPU Parallel 1st way, (0, 3, 0, 3) is -0.14895
Calculated 2-RDM element with Parallel after GPU Parallel 1st way, (0, 3, 1, 2) is 2.5000000000004186e-05
Calculated 2-RDM element with Parallel after GPU Parallel 1st way, (0, 3, 1, 3) is -0.0016499999999999996
Calculated 2-RDM element with Parallel after GPU Parallel 1st way, (0, 3, 2, 0) is -0.0072
Calculated 2-RDM element with Parallel after GPU Parallel 1st way, (1, 0, 0, 0) is 0.0
Calculated 2-RDM element with Parallel after GPU Parallel 1st way, (1, 0, 1, 0) is -0.10049999999999998
Calculated 2-RDM element with Parallel after GPU Parallel 1st way, (1, 1, 1, 0) is 0.0
Calculated 2-RDM element with Parallel after GPU Parallel 1st way, (1, 1, 1, 1) is 0.0
Calculated 2-RDM element with Parallel after GPU Parallel 1st way, (1, 2, 1, 2) is -0.06899999999999998
Calculated 2-RDM element with Parallel after GPU Parallel 1st way, (1, 2, 1, 3) is -0.021374999999999998
Calculated 2-RDM element with Parallel after GPU Parallel 1st way, (1, 2, 2, 0) is -0.032799999999999996
Calculated 2-RDM element with Parallel after GPU Parallel 1st way, (1, 2, 3, 0) is -2.5000000000004186e-05
Calculated 2-RDM element with Parallel after GPU Parallel 1st way, (1, 3, 1, 3) is -0.28504999999999997
Calculated 2-RDM element with Parallel after GPU Parallel 1st way, (1, 3, 2, 0) is -0.271775
Calculated 2-RDM element with Parallel after GPU Parallel 1st way, (1, 3, 2, 1) is 0.021374999999999998
Calculated 2-RDM element with Parallel after GPU Parallel 1st way, (1, 3, 3, 0) is 0.0016499999999999996
Calculated 2-RDM element with Parallel after GPU Parallel 1st way, (2, 0, 2, 0) is -0.52925
Calculated 2-RDM element with Parallel after GPU Parallel 1st way, (2, 0, 2, 1) is 0.032799999999999996
Calculated 2-RDM element with Parallel after GPU Parallel 1st way, (2, 0, 3, 0) is 0.0072
Calculated 2-RDM element with Parallel after GPU Parallel 1st way, (2, 0, 3, 1) is 0.271775
Calculated 2-RDM element with Parallel after GPU Parallel 1st way, (2, 1, 0, 2) is -0.032799999999999996
Calculated 2-RDM element with Parallel after GPU Parallel 1st way, (2, 1, 0, 3) is -2.5000000000004186e-05
Calculated 2-RDM element with Parallel after GPU Parallel 1st way, (2, 1, 2, 1) is -0.069
Calculated 2-RDM element with Parallel after GPU Parallel 1st way, (2, 1, 3, 1) is -0.021374999999999998
Calculated 2-RDM element with Parallel after GPU Parallel 1st way, (2, 2, 2, 2) is 0.0
Calculated 2-RDM element with Parallel after GPU Parallel 1st way, (2, 2, 2, 3) is 0.0
Calculated 2-RDM element with Parallel after GPU Parallel 1st way, (2, 2, 3, 3) is 0.0
Calculated 2-RDM element with Parallel after GPU Parallel 1st way, (2, 3, 2, 3) is -0.05105000000000001
Calculated 2-RDM element with Parallel after GPU Parallel 1st way, (2, 3, 3, 3) is 0.0
Calculated 2-RDM element with Parallel after GPU Parallel 1st way, (3, 0, 0, 2) is -0.0072
Calculated 2-RDM element with Parallel after GPU Parallel 1st way, (3, 0, 2, 1) is 2.5000000000004186e-05
Calculated 2-RDM element with Parallel after GPU Parallel 1st way, (3, 0, 3, 0) is -0.14895
Calculated 2-RDM element with Parallel after GPU Parallel 1st way, (3, 0, 3, 1) is -0.0016499999999999996
Calculated 2-RDM element with Parallel after GPU Parallel 1st way, (3, 1, 0, 2) is -0.271775
Calculated 2-RDM element with Parallel after GPU Parallel 1st way, (3, 1, 0, 3) is 0.0016499999999999996
Calculated 2-RDM element with Parallel after GPU Parallel 1st way, (3, 1, 1, 2) is 0.021374999999999998
Calculated 2-RDM element with Parallel after GPU Parallel 1st way, (3, 1, 3, 1) is -0.28505
Calculated 2-RDM element with Parallel after GPU Parallel 1st way, (3, 2, 2, 2) is 0.0
Calculated 2-RDM element with Parallel after GPU Parallel 1st way, (3, 2, 3, 2) is -0.05105000000000001
Calculated 2-RDM element with Parallel after GPU Parallel 1st way, (3, 3, 3, 2) is 0.0
Calculated 2-RDM element with Parallel after GPU Parallel 1st way, (3, 3, 3, 3) is 0.0
Execution time of get_two_rdm_Parallel: 3.9803030490875244 seconds
Calculated 2-RDM element with Parallel after GPU Parallel 2nd way, (0, 0, 0, 0) is 0.0
Calculated 2-RDM element with Parallel after GPU Parallel 2nd way, (0, 0, 0, 1) is 0.0
Calculated 2-RDM element with Parallel after GPU Parallel 2nd way, (0, 0, 1, 1) is 0.0
Calculated 2-RDM element with Parallel after GPU Parallel 2nd way, (0, 1, 0, 1) is -0.1064
Calculated 2-RDM element with Parallel after GPU Parallel 2nd way, (0, 1, 1, 1) is 0.0
Calculated 2-RDM element with Parallel after GPU Parallel 2nd way, (0, 2, 0, 2) is -0.5406
Calculated 2-RDM element with Parallel after GPU Parallel 2nd way, (0, 2, 0, 3) is 0.0093
Calculated 2-RDM element with Parallel after GPU Parallel 2nd way, (0, 2, 1, 2) is 0.029700000000000004
Calculated 2-RDM element with Parallel after GPU Parallel 2nd way, (0, 2, 1, 3) is 0.27307499999999996
Calculated 2-RDM element with Parallel after GPU Parallel 2nd way, (0, 3, 0, 3) is -0.15475000000000003
Calculated 2-RDM element with Parallel after GPU Parallel 2nd way, (0, 3, 1, 2) is -0.00017500000000000154
Calculated 2-RDM element with Parallel after GPU Parallel 2nd way, (0, 3, 1, 3) is -0.006
Calculated 2-RDM element with Parallel after GPU Parallel 2nd way, (0, 3, 2, 0) is -0.0093
Calculated 2-RDM element with Parallel after GPU Parallel 2nd way, (1, 0, 0, 0) is 0.0
Calculated 2-RDM element with Parallel after GPU Parallel 2nd way, (1, 0, 1, 0) is -0.1064
Calculated 2-RDM element with Parallel after GPU Parallel 2nd way, (1, 1, 1, 0) is 0.0
Calculated 2-RDM element with Parallel after GPU Parallel 2nd way, (1, 1, 1, 1) is 0.0
Calculated 2-RDM element with Parallel after GPU Parallel 2nd way, (1, 2, 1, 2) is -0.07184999999999997
Calculated 2-RDM element with Parallel after GPU Parallel 2nd way, (1, 2, 1, 3) is -0.022000000000000002
Calculated 2-RDM element with Parallel after GPU Parallel 2nd way, (1, 2, 2, 0) is -0.029699999999999997
Calculated 2-RDM element with Parallel after GPU Parallel 2nd way, (1, 2, 3, 0) is 0.00017500000000000154
Calculated 2-RDM element with Parallel after GPU Parallel 2nd way, (1, 3, 1, 3) is -0.2931
Calculated 2-RDM element with Parallel after GPU Parallel 2nd way, (1, 3, 2, 0) is -0.273075
Calculated 2-RDM element with Parallel after GPU Parallel 2nd way, (1, 3, 2, 1) is 0.022
Calculated 2-RDM element with Parallel after GPU Parallel 2nd way, (1, 3, 3, 0) is 0.006
Calculated 2-RDM element with Parallel after GPU Parallel 2nd way, (2, 0, 2, 0) is -0.5406
Calculated 2-RDM element with Parallel after GPU Parallel 2nd way, (2, 0, 2, 1) is 0.029700000000000004
Calculated 2-RDM element with Parallel after GPU Parallel 2nd way, (2, 0, 3, 0) is 0.0093
Calculated 2-RDM element with Parallel after GPU Parallel 2nd way, (2, 0, 3, 1) is 0.27307499999999996
Calculated 2-RDM element with Parallel after GPU Parallel 2nd way, (2, 1, 0, 2) is -0.029699999999999997
Calculated 2-RDM element with Parallel after GPU Parallel 2nd way, (2, 1, 0, 3) is 0.00017500000000000154
Calculated 2-RDM element with Parallel after GPU Parallel 2nd way, (2, 1, 2, 1) is -0.07185
Calculated 2-RDM element with Parallel after GPU Parallel 2nd way, (2, 1, 3, 1) is -0.022000000000000002
Calculated 2-RDM element with Parallel after GPU Parallel 2nd way, (2, 2, 2, 2) is 0.0
Calculated 2-RDM element with Parallel after GPU Parallel 2nd way, (2, 2, 2, 3) is 0.0
Calculated 2-RDM element with Parallel after GPU Parallel 2nd way, (2, 2, 3, 3) is 0.0
Calculated 2-RDM element with Parallel after GPU Parallel 2nd way, (2, 3, 2, 3) is -0.047000000000000014
Calculated 2-RDM element with Parallel after GPU Parallel 2nd way, (2, 3, 3, 3) is 0.0
Calculated 2-RDM element with Parallel after GPU Parallel 2nd way, (3, 0, 0, 2) is -0.0093
Calculated 2-RDM element with Parallel after GPU Parallel 2nd way, (3, 0, 2, 1) is -0.00017500000000000154
Calculated 2-RDM element with Parallel after GPU Parallel 2nd way, (3, 0, 3, 0) is -0.15474999999999997
Calculated 2-RDM element with Parallel after GPU Parallel 2nd way, (3, 0, 3, 1) is -0.006
Calculated 2-RDM element with Parallel after GPU Parallel 2nd way, (3, 1, 0, 2) is -0.273075
Calculated 2-RDM element with Parallel after GPU Parallel 2nd way, (3, 1, 0, 3) is 0.006
Calculated 2-RDM element with Parallel after GPU Parallel 2nd way, (3, 1, 1, 2) is 0.022
Calculated 2-RDM element with Parallel after GPU Parallel 2nd way, (3, 1, 3, 1) is -0.2931
Calculated 2-RDM element with Parallel after GPU Parallel 2nd way, (3, 2, 2, 2) is 0.0
Calculated 2-RDM element with Parallel after GPU Parallel 2nd way, (3, 2, 3, 2) is -0.046999999999999986
Calculated 2-RDM element with Parallel after GPU Parallel 2nd way, (3, 3, 3, 2) is 0.0
Calculated 2-RDM element with Parallel after GPU Parallel 2nd way, (3, 3, 3, 3) is 0.0
Execution time of get_two_rdm_Parallel2: 1.9751808643341064 seconds
{'IIII': 1.0, 'IIZI': 0.2904, 'IIIZ': -0.377, 'IIZZ': -0.69, 'IZII': -0.226, 'IZIZ': 0.576, 'XYII': -0.0076, 'YYII': 0.0016, 'XYIZ': -0.0034, 'YYIZ': 0.0594, 'XXII': 0.03, 'YXII': -0.0058, 'XXIZ': 0.0512, 'YXIZ': 0.0046, 'IIXY': 0.0112, 'IZXY': 0.0, 'IIYY': -0.048, 'IZYY': 0.0518, 'IIXX': -0.056, 'IZXX': 0.067, 'IIYX': 0.001, 'IZYX': -0.0074, 'XYXY': 0.539, 'YYXY': 0.0034, 'XYYY': -0.0204, 'YYYY': -0.5426, 'XXXY': -0.0186, 'YXXY': -0.5586, 'XXYY': -0.5522, 'YXYY': -0.0168, 'XYXX': 0.0072, 'YYXX': -0.5226, 'XYYX': -0.5304, 'YYYX': -0.0116, 'XXXX': -0.5316, 'YXXX': 0.0014, 'XXYX': 0.0032, 'YXYX': 0.5326, 'ZIII': 0.2084, 'ZIIZ': -0.546, 'ZIXY': -0.0098, 'ZIYY': -0.0748, 'ZIXX': -0.057, 'ZIYX': 0.0102, 'IZZI': -0.6382, 'XYZI': 0.0074, 'YYZI': -0.064, 'XXZI': -0.0724, 'YXZI': 0.0094, 'ZIZI': 0.6556, 'ZZII': -0.8164}
Calculated 2-RDM element with Parallel after GPU Parallel 3th way, (0, 0, 0, 1) is 0.0
Calculated 2-RDM element with Parallel after GPU Parallel 3th way, (0, 1, 1, 1) is 0.0
Calculated 2-RDM element with Parallel after GPU Parallel 3th way, (0, 0, 0, 0) is 0.0
Calculated 2-RDM element with Parallel after GPU Parallel 3th way, (0, 3, 0, 3) is -0.15565
Calculated 2-RDM element with Parallel after GPU Parallel 3th way, (0, 2, 1, 2) is 0.02785
Calculated 2-RDM element with Parallel after GPU Parallel 3th way, (0, 1, 0, 1) is -0.09915000000000002
Calculated 2-RDM element with Parallel after GPU Parallel 3th way, (0, 2, 0, 2) is -0.54475
Calculated 2-RDM element with Parallel after GPU Parallel 3th way, (0, 3, 1, 2) is -0.0007250000000000034
Calculated 2-RDM element with Parallel after GPU Parallel 3th way, (1, 0, 0, 0) is 0.0
Calculated 2-RDM element with Parallel after GPU Parallel 3th way, (0, 2, 1, 3) is 0.26935000000000003
Calculated 2-RDM element with Parallel after GPU Parallel 3th way, (0, 3, 2, 0) is -0.009875
Calculated 2-RDM element with Parallel after GPU Parallel 3th way, (1, 0, 1, 0) is -0.09915000000000002
Calculated 2-RDM element with Parallel after GPU Parallel 3th way, (0, 3, 1, 3) is -0.003475
Calculated 2-RDM element with Parallel after GPU Parallel 3th way, (0, 0, 1, 1) is 0.0
Calculated 2-RDM element with Parallel after GPU Parallel 3th way, (1, 2, 1, 3) is -0.021
Calculated 2-RDM element with Parallel after GPU Parallel 3th way, (0, 2, 0, 3) is 0.009875
Calculated 2-RDM element with Parallel after GPU Parallel 3th way, (1, 1, 1, 1) is 0.0
Calculated 2-RDM element with Parallel after GPU Parallel 3th way, (1, 1, 1, 0) is 0.0
Calculated 2-RDM element with Parallel after GPU Parallel 3th way, (1, 3, 1, 3) is -0.2892
Calculated 2-RDM element with Parallel after GPU Parallel 3th way, (1, 2, 1, 2) is -0.07435
Calculated 2-RDM element with Parallel after GPU Parallel 3th way, (1, 2, 2, 0) is -0.02785
Calculated 2-RDM element with Parallel after GPU Parallel 3th way, (2, 1, 0, 2) is -0.02785
Calculated 2-RDM element with Parallel after GPU Parallel 3th way, (1, 2, 3, 0) is 0.0007250000000000034
Calculated 2-RDM element with Parallel after GPU Parallel 3th way, (1, 3, 2, 1) is 0.021
Calculated 2-RDM element with Parallel after GPU Parallel 3th way, (1, 3, 3, 0) is 0.003475
Calculated 2-RDM element with Parallel after GPU Parallel 3th way, (2, 0, 2, 0) is -0.54475
Calculated 2-RDM element with Parallel after GPU Parallel 3th way, (1, 3, 2, 0) is -0.26935000000000003
Calculated 2-RDM element with Parallel after GPU Parallel 3th way, (2, 0, 3, 0) is 0.009875
Calculated 2-RDM element with Parallel after GPU Parallel 3th way, (2, 2, 2, 3) is 0.0
Calculated 2-RDM element with Parallel after GPU Parallel 3th way, (3, 0, 3, 0) is -0.15565
Calculated 2-RDM element with Parallel after GPU Parallel 3th way, (2, 2, 2, 2) is 0.0
Calculated 2-RDM element with Parallel after GPU Parallel 3th way, (3, 0, 3, 1) is -0.003475
Calculated 2-RDM element with Parallel after GPU Parallel 3th way, (2, 0, 2, 1) is 0.02785
Calculated 2-RDM element with Parallel after GPU Parallel 3th way, (2, 0, 3, 1) is 0.26935000000000003
Calculated 2-RDM element with Parallel after GPU Parallel 3th way, (2, 1, 0, 3) is 0.0007250000000000034
Calculated 2-RDM element with Parallel after GPU Parallel 3th way, (3, 1, 0, 3) is 0.003475
Calculated 2-RDM element with Parallel after GPU Parallel 3th way, (2, 1, 3, 1) is -0.021
Calculated 2-RDM element with Parallel after GPU Parallel 3th way, (3, 1, 1, 2) is 0.021
Calculated 2-RDM element with Parallel after GPU Parallel 3th way, (3, 1, 3, 1) is -0.2892
Calculated 2-RDM element with Parallel after GPU Parallel 3th way, (2, 2, 3, 3) is 0.0
Calculated 2-RDM element with Parallel after GPU Parallel 3th way, (3, 0, 2, 1) is -0.0007250000000000034
Calculated 2-RDM element with Parallel after GPU Parallel 3th way, (3, 3, 3, 2) is 0.0
Calculated 2-RDM element with Parallel after GPU Parallel 3th way, (2, 3, 3, 3) is 0.0
Calculated 2-RDM element with Parallel after GPU Parallel 3th way, (3, 2, 2, 2) is 0.0
Calculated 2-RDM element with Parallel after GPU Parallel 3th way, (2, 1, 2, 1) is -0.07435
Calculated 2-RDM element with Parallel after GPU Parallel 3th way, (3, 1, 0, 2) is -0.26935000000000003
Calculated 2-RDM element with Parallel after GPU Parallel 3th way, (3, 0, 0, 2) is -0.009875
Calculated 2-RDM element with Parallel after GPU Parallel 3th way, (3, 3, 3, 3) is 0.0
Calculated 2-RDM element with Parallel after GPU Parallel 3th way, (2, 3, 2, 3) is -0.05030000000000001
Calculated 2-RDM element with Parallel after GPU Parallel 3th way, (3, 2, 3, 2) is -0.05030000000000001
Execution time of get_two_rdm_Parallel3: 1.8598105907440186 seconds
Number of 'cx' gates before replacing gates: 56
Number of 'h' gates before replacing gates: 72
Number of 's' gates before replacing gates: 24
Number of 'rz' gates before replacing gates: 32
Number of 'x' gates before replacing gates: 0
Number of 'y' gates before replacing gates: 0
Number of parameterized gates before replacing gates: 0
{ParameterVectorElement(t[0]): -0.0003254186849444954, ParameterVectorElement(t[1]): 0.0004049974759631761, ParameterVectorElement(t[2]): -0.5310186781657742}
Total parameter gates replaced: 0
Number of 'cx' gates after replacing gates: 56
Number of 'h' gates after replacing gates: 72
Number of 's' gates after replacing gates: 24
Number of 'rz' gates after replacing gates: 32
Number of 'x' gates after replacing gates: 0
Number of 'y' gates after replacing gates: 0
Number of 'z' gates after replacing gates: 0
Gate replacement successful.
Calculated 1-RDM element with wavefunction (0, 0) is 0.7435467329800093
Calculated 1-RDM element with wavefunction (0, 2) is 1.8159198881009343e-20
Calculated 1-RDM element with wavefunction (0, 1) is 0.0004857013105778195
Calculated 1-RDM element with wavefunction (0, 3) is -6.809881572736857e-18
Calculated 1-RDM element with wavefunction (1, 0) is 0.0004857013105778195
Calculated 1-RDM element with wavefunction (2, 3) is -0.000514021764322081
Calculated 1-RDM element with wavefunction (1, 2) is -2.5418200730517436e-17
Calculated 1-RDM element with wavefunction (1, 1) is 0.25645326701997856
Calculated 1-RDM element with wavefunction (3, 0) is -6.809881572736857e-18
Calculated 1-RDM element with wavefunction (2, 1) is -2.5418200730517436e-17
Calculated 1-RDM element with wavefunction (3, 1) is 2.0032995363323265e-20
Calculated 1-RDM element with wavefunction (2, 2) is 0.7435466748543794
Calculated 1-RDM element with wavefunction (2, 0) is 1.8159198881009343e-20
Calculated 1-RDM element with wavefunction (3, 2) is -0.000514021764322081
Calculated 1-RDM element with wavefunction (3, 3) is 0.2564533251456083
Calculated 1-RDM element with wavefunction (1, 3) is 2.0032995363323265e-20
Execution time of get_one_rdm_wavefunction: 0.06940579414367676 seconds
Calculated 2-RDM element with wavefunction (0, 0, 0, 1) is 0.0
Calculated 2-RDM element with wavefunction (0, 0, 0, 0) is 0.0
Calculated 2-RDM element with wavefunction (0, 0, 1, 1) is 0.0
Calculated 2-RDM element with wavefunction (0, 1, 1, 1) is 0.0
Calculated 2-RDM element with wavefunction (0, 1, 0, 1) is -2.3047467712906953e-32
Calculated 2-RDM element with wavefunction (0, 2, 0, 2) is -0.74354656895708
Calculated 2-RDM element with wavefunction (0, 2, 0, 3) is 0.000349225838443076
Calculated 2-RDM element with wavefunction (0, 2, 1, 2) is -0.0002806057263013494
Calculated 2-RDM element with wavefunction (0, 2, 1, 3) is 0.43667478522461695
Calculated 2-RDM element with wavefunction (0, 3, 0, 3) is -1.640229291990846e-07
Calculated 2-RDM element with wavefunction (1, 0, 0, 0) is 0.0
Calculated 2-RDM element with wavefunction (1, 0, 1, 0) is -2.3047467712906953e-32
Calculated 2-RDM element with wavefunction (0, 3, 1, 2) is 1.317937223178467e-07
Calculated 2-RDM element with wavefunction (1, 2, 1, 3) is 0.00016479592587900495
Calculated 2-RDM element with wavefunction (2, 0, 2, 0) is -0.74354656895708
Calculated 2-RDM element with wavefunction (1, 2, 3, 0) is -1.317937223178467e-07
Calculated 2-RDM element with wavefunction (0, 3, 2, 0) is -0.000349225838443076
Calculated 2-RDM element with wavefunction (1, 2, 1, 2) is -1.0589729940325088e-07
Calculated 2-RDM element with wavefunction (0, 3, 1, 3) is -0.00020509558427647006
Calculated 2-RDM element with wavefunction (1, 1, 1, 0) is 0.0
Calculated 2-RDM element with wavefunction (1, 3, 1, 3) is -0.25645316112267913
Calculated 2-RDM element with wavefunction (2, 1, 2, 1) is -1.0589729940325088e-07
Calculated 2-RDM element with wavefunction (1, 2, 2, 0) is 0.0002806057263013494
Calculated 2-RDM element with wavefunction (2, 1, 3, 1) is 0.00016479592587900495
Calculated 2-RDM element with wavefunction (2, 2, 2, 2) is 0.0
Calculated 2-RDM element with wavefunction (1, 3, 2, 1) is -0.00016479592587900495
Calculated 2-RDM element with wavefunction (2, 1, 0, 3) is -1.317937223178467e-07
Calculated 2-RDM element with wavefunction (1, 3, 3, 0) is 0.00020509558427647006
Calculated 2-RDM element with wavefunction (2, 0, 3, 0) is 0.000349225838443076
Calculated 2-RDM element with wavefunction (1, 1, 1, 1) is 0.0
Calculated 2-RDM element with wavefunction (2, 0, 2, 1) is -0.0002806057263013494
Calculated 2-RDM element with wavefunction (2, 0, 3, 1) is 0.43667478522461695
Calculated 2-RDM element with wavefunction (2, 1, 0, 2) is 0.0002806057263013494
Calculated 2-RDM element with wavefunction (2, 2, 2, 3) is 0.0
Calculated 2-RDM element with wavefunction (2, 2, 3, 3) is 0.0
Calculated 2-RDM element with wavefunction (1, 3, 2, 0) is -0.43667478522461695
Calculated 2-RDM element with wavefunction (3, 1, 0, 3) is 0.00020509558427647006
Calculated 2-RDM element with wavefunction (3, 0, 2, 1) is 1.317937223178467e-07
Calculated 2-RDM element with wavefunction (2, 3, 3, 3) is 0.0
Calculated 2-RDM element with wavefunction (3, 0, 0, 2) is -0.000349225838443076
Calculated 2-RDM element with wavefunction (3, 0, 3, 0) is -1.640229291990846e-07
Calculated 2-RDM element with wavefunction (3, 1, 3, 1) is -0.25645316112267913
Calculated 2-RDM element with wavefunction (3, 3, 3, 2) is 0.0
Calculated 2-RDM element with wavefunction (3, 0, 3, 1) is -0.00020509558427647006
Calculated 2-RDM element with wavefunction (3, 1, 1, 2) is -0.00016479592587900495
Calculated 2-RDM element with wavefunction (3, 2, 2, 2) is 0.0
Calculated 2-RDM element with wavefunction (3, 1, 0, 2) is -0.43667478522461695
Calculated 2-RDM element with wavefunction (3, 3, 3, 3) is 0.0
Calculated 2-RDM element with wavefunction (3, 2, 3, 2) is -5.399272910917141e-32
Calculated 2-RDM element with wavefunction (2, 3, 2, 3) is -5.399272910917141e-32
Execution time of get_two_rdm_wavefunction: 0.16534757614135742 seconds
Calculated 2-RDM element (0, 0, 0, 1) is 0.0
Calculated 2-RDM element (0, 0, 0, 0) is 0.0
Calculated 2-RDM element (1, 1, 1, 1) is 0.0
Calculated 2-RDM element (0, 0, 1, 1) is 0.0
Calculated 2-RDM element (2, 2, 2, 3) is 0.0
Calculated 2-RDM element (2, 2, 2, 2) is 0.0
Calculated 2-RDM element (2, 2, 3, 3) is 0.0
Calculated 2-RDM element (0, 1, 1, 1) is 0.0
Calculated 2-RDM element (1, 0, 0, 0) is 0.0
Calculated 2-RDM element (2, 3, 3, 3) is 0.0
Calculated 2-RDM element (1, 1, 1, 0) is 0.0
Calculated 2-RDM element (3, 3, 3, 2) is 0.0
Calculated 2-RDM element (3, 2, 2, 2) is 0.0
Calculated 2-RDM element (3, 3, 3, 3) is 0.0
Calculated 2-RDM element (1, 3, 1, 3) is -0.25270000000000004
Calculated 2-RDM element (0, 1, 0, 1) is -0.10309999999999997
Calculated 2-RDM element (1, 2, 1, 2) is -0.06624999999999998
Calculated 2-RDM element (1, 0, 1, 0) is -0.09959999999999997
Calculated 2-RDM element (0, 3, 0, 3) is -0.15750000000000003
Calculated 2-RDM element (0, 2, 0, 2) is -0.5838
Calculated 2-RDM element (2, 3, 2, 3) is -0.05554999999999999
Calculated 2-RDM element (2, 0, 2, 0) is -0.5770500000000001
Calculated 2-RDM element (2, 1, 2, 1) is -0.06310000000000002
Calculated 2-RDM element (3, 0, 3, 0) is -0.15724999999999995
Calculated 2-RDM element (3, 2, 3, 2) is -0.04929999999999993
Calculated 2-RDM element (3, 1, 3, 1) is -0.25465000000000004
Calculated 2-RDM element (1, 2, 1, 3) is 0.00435
Calculated 2-RDM element (2, 0, 3, 0) is 0.0025250000000000003
Calculated 2-RDM element (2, 1, 3, 1) is 0.002225
Calculated 2-RDM element (2, 0, 2, 1) is -0.0011
Calculated 2-RDM element (1, 3, 3, 0) is -0.0017249999999999998
Calculated 2-RDM element (0, 2, 1, 2) is -0.0016749999999999998
Calculated 2-RDM element (0, 3, 2, 0) is -0.0013
Calculated 2-RDM element (0, 3, 1, 3) is -0.0021750000000000003
Calculated 2-RDM element (2, 1, 0, 2) is -0.00085
Calculated 2-RDM element (3, 0, 0, 2) is -0.00030000000000000003
Calculated 2-RDM element (1, 2, 2, 0) is 0.0031
Calculated 2-RDM element (0, 2, 0, 3) is 0.0017500000000000003
Calculated 2-RDM element (3, 1, 0, 3) is -0.0025
Calculated 2-RDM element (3, 0, 3, 1) is 0.0011000000000000003
Calculated 2-RDM element (1, 3, 2, 1) is 0.002275
Calculated 2-RDM element (3, 1, 1, 2) is 0.00235
Calculated 2-RDM element (0, 2, 1, 3) is 0.2575125
Calculated 2-RDM element (2, 0, 3, 1) is 0.25595
Calculated 2-RDM element (2, 1, 0, 3) is 0.0022374999999999964
Calculated 2-RDM element (0, 3, 1, 2) is -0.0009125000000000175
Calculated 2-RDM element (1, 3, 2, 0) is -0.2562
Calculated 2-RDM element (1, 2, 3, 0) is 0.000575000000000013
Calculated 2-RDM element (3, 1, 0, 2) is -0.2569
Calculated 2-RDM element (3, 0, 2, 1) is -0.0018875000000000003
Execution time of get_two_rdm: 13.896490573883057 seconds
Calculated 1-RDM element (0, 0) is 0.7364999999999999
Calculated 1-RDM element (2, 2) is 0.6471
Calculated 1-RDM element (1, 1) is 0.30879999999999996
Calculated 1-RDM element (3, 3) is 0.362
Calculated 1-RDM element (0, 3) is 0.0035499999999999998
Calculated 1-RDM element (2, 0) is -0.00895
Calculated 1-RDM element (0, 1) is -0.0072
Calculated 1-RDM element (1, 2) is 0.0
Calculated 1-RDM element (0, 2) is 0.00039999999999999996
Calculated 1-RDM element (1, 3) is 0.0015
Calculated 1-RDM element (1, 0) is 0.0006
Calculated 1-RDM element (3, 1) is 0.0015
Calculated 1-RDM element (2, 3) is -0.0028000000000000004
Calculated 1-RDM element (3, 2) is 0.007500000000000001
Calculated 1-RDM element (2, 1) is 0.0018499999999999999
Calculated 1-RDM element (3, 0) is 0.0025
Execution time of get_one_rdm: 1.9576117992401123 seconds
Calculated 2-RDM element (0, 0, 0, 0) is 0.0
Calculated 2-RDM element (0, 0, 0, 1) is 0.0
Calculated 2-RDM element (0, 1, 1, 1) is 0.0
Calculated 2-RDM element (0, 0, 1, 1) is 0.0
Calculated 2-RDM element (1, 0, 0, 0) is 0.0
Calculated 2-RDM element (1, 1, 1, 0) is 0.0
Calculated 2-RDM element (1, 1, 1, 1) is 0.0
Calculated 2-RDM element (2, 2, 2, 2) is 0.0
Calculated 2-RDM element (2, 2, 3, 3) is 0.0
Calculated 2-RDM element (2, 2, 2, 3) is 0.0
Calculated 2-RDM element (2, 3, 3, 3) is 0.0
Calculated 2-RDM element (3, 2, 2, 2) is 0.0
Calculated 2-RDM element (3, 3, 3, 2) is 0.0
Calculated 2-RDM element (3, 3, 3, 3) is 0.0
Calculated 2-RDM element (0, 1, 0, 1) is -1.6653345369377348e-15
Calculated 2-RDM element (1, 3, 1, 3) is -0.2564531611226805
Calculated 2-RDM element (0, 2, 0, 2) is -0.7435465689570814
Calculated 2-RDM element (0, 3, 0, 3) is -1.6402293079309516e-07
Calculated 2-RDM element (1, 2, 1, 2) is -1.0589730098375938e-07
Calculated 2-RDM element (1, 0, 1, 0) is -1.6653345369377348e-15
Calculated 2-RDM element (3, 0, 3, 0) is -1.6402293079309516e-07
Calculated 2-RDM element (2, 0, 2, 0) is -0.7435465689570814
Calculated 2-RDM element (2, 1, 2, 1) is -1.0589730098375938e-07
Calculated 2-RDM element (2, 3, 2, 3) is -1.609823385706477e-15
Calculated 2-RDM element (3, 1, 3, 1) is -0.2564531611226805
Calculated 2-RDM element (3, 2, 3, 2) is -1.609823385706477e-15
Calculated 2-RDM element (2, 0, 2, 1) is -0.0002806057263013366
Calculated 2-RDM element (0, 3, 2, 0) is -0.00034922583844300816
Calculated 2-RDM element (1, 2, 1, 3) is 0.00016479592587899736
Calculated 2-RDM element (2, 0, 3, 0) is 0.00034922583844300816
Calculated 2-RDM element (0, 2, 0, 3) is 0.00034922583844300816
Calculated 2-RDM element (0, 2, 1, 2) is -0.0002806057263013366
Calculated 2-RDM element (0, 3, 1, 3) is -0.00020509558427643022
Calculated 2-RDM element (3, 0, 3, 1) is -0.00020509558427643022
Calculated 2-RDM element (1, 3, 2, 1) is -0.00016479592587899736
Calculated 2-RDM element (3, 0, 0, 2) is -0.00034922583844300816
Calculated 2-RDM element (1, 3, 3, 0) is 0.00020509558427643022
Calculated 2-RDM element (2, 1, 0, 2) is 0.0002806057263013366
Calculated 2-RDM element (3, 1, 0, 3) is 0.00020509558427643022
Calculated 2-RDM element (2, 1, 3, 1) is 0.00016479592587899736
Calculated 2-RDM element (3, 1, 1, 2) is -0.00016479592587899736
Calculated 2-RDM element (1, 2, 2, 0) is 0.0002806057263013366
Calculated 2-RDM element (0, 3, 1, 2) is 1.3179372232441366e-07
Calculated 2-RDM element (2, 0, 3, 1) is 0.43667478522461667
Calculated 2-RDM element (3, 1, 0, 2) is -0.43667478522461667
Calculated 2-RDM element (0, 2, 1, 3) is 0.43667478522461667
Calculated 2-RDM element (1, 3, 2, 0) is -0.43667478522461667
Calculated 2-RDM element (2, 1, 0, 3) is -1.3179372232441366e-07
Calculated 2-RDM element (1, 2, 3, 0) is -1.3179372232441366e-07
Calculated 2-RDM element (3, 0, 2, 1) is 1.3179372232441366e-07
Execution time of get_two_rdm: 6.012507677078247 seconds
Calculated 2-RDM element with wavefunction (0, 0, 0, 1) is 0.0
Calculated 2-RDM element with wavefunction (0, 0, 0, 0) is 0.0
Calculated 2-RDM element with wavefunction (0, 0, 1, 1) is 0.0
Calculated 2-RDM element with wavefunction (0, 1, 0, 1) is -1.6920473893214975e-32
Calculated 2-RDM element with wavefunction (0, 2, 1, 3) is 0.4366747852246166
Calculated 2-RDM element with wavefunction (0, 1, 1, 1) is 0.0
Calculated 2-RDM element with wavefunction (0, 3, 0, 3) is -1.6402292919902102e-07
Calculated 2-RDM element with wavefunction (0, 3, 1, 2) is 1.3179372231781515e-07
Calculated 2-RDM element with wavefunction (0, 2, 0, 2) is -0.7435465689570797
Calculated 2-RDM element with wavefunction (0, 3, 2, 0) is -0.0003492258384430082
Calculated 2-RDM element with wavefunction (1, 0, 0, 0) is 0.0
Calculated 2-RDM element with wavefunction (1, 1, 1, 1) is 0.0
Calculated 2-RDM element with wavefunction (1, 2, 1, 3) is 0.00016479592587899736
Calculated 2-RDM element with wavefunction (0, 2, 0, 3) is 0.0003492258384430082
Calculated 2-RDM element with wavefunction (0, 2, 1, 2) is -0.0002806057263013366
Calculated 2-RDM element with wavefunction (1, 3, 2, 1) is -0.00016479592587899736
Calculated 2-RDM element with wavefunction (1, 0, 1, 0) is -1.6920473893214975e-32
Calculated 2-RDM element with wavefunction (2, 0, 3, 1) is 0.4366747852246166
Calculated 2-RDM element with wavefunction (0, 3, 1, 3) is -0.00020509558427643024
Calculated 2-RDM element with wavefunction (1, 3, 2, 0) is -0.4366747852246166
Calculated 2-RDM element with wavefunction (1, 1, 1, 0) is 0.0
Calculated 2-RDM element with wavefunction (2, 2, 2, 2) is 0.0
Calculated 2-RDM element with wavefunction (2, 1, 0, 2) is 0.0002806057263013366
Calculated 2-RDM element with wavefunction (2, 0, 2, 0) is -0.7435465689570797
Calculated 2-RDM element with wavefunction (1, 2, 1, 2) is -1.058972994032412e-07
Calculated 2-RDM element with wavefunction (1, 2, 3, 0) is -1.3179372231781515e-07
Calculated 2-RDM element with wavefunction (2, 1, 3, 1) is 0.00016479592587899736
Calculated 2-RDM element with wavefunction (2, 1, 0, 3) is -1.3179372231781515e-07
Calculated 2-RDM element with wavefunction (1, 3, 3, 0) is 0.00020509558427643024
Calculated 2-RDM element with wavefunction (2, 2, 2, 3) is 0.0
Calculated 2-RDM element with wavefunction (2, 3, 3, 3) is 0.0
Calculated 2-RDM element with wavefunction (1, 2, 2, 0) is 0.0002806057263013366
Calculated 2-RDM element with wavefunction (3, 1, 0, 2) is -0.4366747852246166
Calculated 2-RDM element with wavefunction (1, 3, 1, 3) is -0.2564531611226789
Calculated 2-RDM element with wavefunction (2, 0, 2, 1) is -0.0002806057263013366
Calculated 2-RDM element with wavefunction (2, 1, 2, 1) is -1.058972994032412e-07
Calculated 2-RDM element with wavefunction (2, 2, 3, 3) is 0.0
Calculated 2-RDM element with wavefunction (2, 3, 2, 3) is -3.6168483011348115e-32
Calculated 2-RDM element with wavefunction (3, 0, 3, 1) is -0.00020509558427643024
Calculated 2-RDM element with wavefunction (2, 0, 3, 0) is 0.0003492258384430082
Calculated 2-RDM element with wavefunction (3, 0, 2, 1) is 1.3179372231781515e-07
Calculated 2-RDM element with wavefunction (3, 1, 1, 2) is -0.00016479592587899736
Calculated 2-RDM element with wavefunction (3, 1, 3, 1) is -0.2564531611226789
Calculated 2-RDM element with wavefunction (3, 3, 3, 3) is 0.0
Calculated 2-RDM element with wavefunction (3, 0, 3, 0) is -1.6402292919902102e-07
Calculated 2-RDM element with wavefunction (3, 2, 2, 2) is 0.0
Calculated 2-RDM element with wavefunction (3, 1, 0, 3) is 0.00020509558427643024
Calculated 2-RDM element with wavefunction (3, 0, 0, 2) is -0.0003492258384430082
Calculated 2-RDM element with wavefunction (3, 3, 3, 2) is 0.0
Calculated 2-RDM element with wavefunction (3, 2, 3, 2) is -3.6168483011348115e-32
Execution time of get_two_rdm_wavefunction: 0.24135708808898926 seconds
Calculated 2-RDM element (0, 0, 0, 0) is 0.0
Calculated 2-RDM element (0, 0, 0, 1) is 0.0
Calculated 2-RDM element (0, 1, 1, 1) is 0.0
Calculated 2-RDM element (0, 0, 1, 1) is 0.0
Calculated 2-RDM element (1, 0, 0, 0) is 0.0
Calculated 2-RDM element (1, 1, 1, 0) is 0.0
Calculated 2-RDM element (1, 1, 1, 1) is 0.0
Calculated 2-RDM element (2, 2, 3, 3) is 0.0
Calculated 2-RDM element (2, 3, 3, 3) is 0.0
Calculated 2-RDM element (2, 2, 2, 2) is 0.0
Calculated 2-RDM element (2, 2, 2, 3) is 0.0
Calculated 2-RDM element (3, 2, 2, 2) is 0.0
Calculated 2-RDM element (3, 3, 3, 2) is 0.0
Calculated 2-RDM element (3, 3, 3, 3) is 0.0
Calculated 2-RDM element (0, 3, 0, 3) is -0.15159999999999998
Calculated 2-RDM element (0, 2, 0, 2) is -0.5418499999999999
Calculated 2-RDM element (0, 1, 0, 1) is -0.10045000000000004
Calculated 2-RDM element (1, 0, 1, 0) is -0.10919999999999996
Calculated 2-RDM element (1, 2, 1, 2) is -0.07014999999999999
Calculated 2-RDM element (1, 3, 1, 3) is -0.28099999999999997
Calculated 2-RDM element (2, 0, 2, 0) is -0.53845
Calculated 2-RDM element (3, 0, 3, 0) is -0.15124999999999994
Calculated 2-RDM element (2, 1, 2, 1) is -0.06620000000000001
Calculated 2-RDM element (2, 3, 2, 3) is -0.05005000000000001
Calculated 2-RDM element (3, 2, 3, 2) is -0.04180000000000003
Calculated 2-RDM element (3, 1, 3, 1) is -0.28725
Calculated 2-RDM element (0, 2, 0, 3) is 0.01085
Calculated 2-RDM element (1, 2, 1, 3) is -0.02305
Calculated 2-RDM element (0, 3, 1, 3) is -0.005125000000000001
Calculated 2-RDM element (1, 3, 3, 0) is 0.0010749999999999996
Calculated 2-RDM element (1, 2, 2, 0) is -0.031
Calculated 2-RDM element (0, 3, 2, 0) is -0.007925000000000001
Calculated 2-RDM element (2, 0, 2, 1) is 0.02835
Calculated 2-RDM element (0, 2, 1, 2) is 0.027525
Calculated 2-RDM element (1, 3, 2, 1) is 0.01885
Calculated 2-RDM element (2, 1, 0, 2) is -0.029900000000000003
Calculated 2-RDM element (2, 0, 3, 0) is 0.0078000000000000005
Calculated 2-RDM element (3, 1, 0, 3) is 0.0019500000000000003
Calculated 2-RDM element (2, 1, 3, 1) is -0.019525
Calculated 2-RDM element (3, 0, 0, 2) is -0.0082
Calculated 2-RDM element (3, 0, 3, 1) is -0.008674999999999999
Calculated 2-RDM element (3, 1, 1, 2) is 0.0264
Calculated 2-RDM element (0, 3, 1, 2) is -0.001350000000000004
Calculated 2-RDM element (1, 2, 3, 0) is 0.0014874999999999888
Calculated 2-RDM element (0, 2, 1, 3) is 0.2720375
Calculated 2-RDM element (1, 3, 2, 0) is -0.2729
Calculated 2-RDM element (2, 0, 3, 1) is 0.2729
Calculated 2-RDM element (2, 1, 0, 3) is 0.0008250000000000202
Calculated 2-RDM element (3, 0, 2, 1) is 0.000449999999999999
Calculated 2-RDM element (3, 1, 0, 2) is -0.2719125
Execution time of get_two_rdm: 10.265101671218872 seconds
{'IIII': 1.0, 'IIZI': 0.2794, 'IIIZ': -0.3902, 'IIZZ': -0.6912, 'IZII': -0.227, 'IZIZ': 0.5494, 'XYII': -0.01, 'YYII': 0.0058, 'XYIZ': -0.0048, 'YYIZ': 0.051, 'XXII': 0.0114, 'YXII': 0.0066, 'XXIZ': 0.067, 'YXIZ': -0.0222, 'IIXY': -0.0142, 'IZXY': -0.0058, 'IIYY': -0.0516, 'IZYY': 0.064, 'IIXX': -0.0724, 'IZXX': 0.0712, 'IIYX': 0.0054, 'IZYX': -0.0084, 'XYXY': 0.5348, 'YYXY': -0.0234, 'XYYY': 0.008, 'YYYY': -0.5568, 'XXXY': 0.0002, 'YXXY': -0.553, 'XXYY': -0.5528, 'YXYY': 0.0114, 'XYXX': -0.0158, 'YYXX': -0.5178, 'XYYX': -0.5306, 'YYYX': 0.0086, 'XXXX': -0.5386, 'YXXX': 0.0076, 'XXYX': -0.0028, 'YXYX': 0.5486, 'ZIII': 0.2156, 'ZIIZ': -0.5498, 'ZIXY': 0.0252, 'ZIYY': -0.0618, 'ZIXX': -0.0688, 'ZIYX': 0.0212, 'IZZI': -0.6528, 'XYZI': -0.0042, 'YYZI': -0.0768, 'XXZI': -0.0712, 'YXZI': -0.0134, 'ZIZI': 0.6348, 'ZZII': -0.7992}
Calculated 2-RDM element with Parallel after GPU Parallel 1st way, (0, 0, 0, 0) is 0.0
Calculated 2-RDM element with Parallel after GPU Parallel 1st way, (0, 0, 0, 1) is 0.0
Calculated 2-RDM element with Parallel after GPU Parallel 1st way, (0, 0, 1, 1) is 0.0
Calculated 2-RDM element with Parallel after GPU Parallel 1st way, (0, 1, 0, 1) is -0.1049
Calculated 2-RDM element with Parallel after GPU Parallel 1st way, (0, 1, 1, 1) is 0.0
Calculated 2-RDM element with Parallel after GPU Parallel 1st way, (0, 2, 0, 2) is -0.54165
Calculated 2-RDM element with Parallel after GPU Parallel 1st way, (0, 2, 0, 3) is 0.0126
Calculated 2-RDM element with Parallel after GPU Parallel 1st way, (0, 2, 1, 2) is 0.0324
Calculated 2-RDM element with Parallel after GPU Parallel 1st way, (0, 2, 1, 3) is 0.2708125
Calculated 2-RDM element with Parallel after GPU Parallel 1st way, (0, 3, 0, 3) is -0.15619999999999998
Calculated 2-RDM element with Parallel after GPU Parallel 1st way, (0, 3, 1, 2) is -6.2500000000007e-05
Calculated 2-RDM element with Parallel after GPU Parallel 1st way, (0, 3, 1, 3) is -0.0008249999999999993
Calculated 2-RDM element with Parallel after GPU Parallel 1st way, (0, 3, 2, 0) is -0.0126
Calculated 2-RDM element with Parallel after GPU Parallel 1st way, (1, 0, 0, 0) is 0.0
Calculated 2-RDM element with Parallel after GPU Parallel 1st way, (1, 0, 1, 0) is -0.10490000000000005
Calculated 2-RDM element with Parallel after GPU Parallel 1st way, (1, 1, 1, 0) is 0.0
Calculated 2-RDM element with Parallel after GPU Parallel 1st way, (1, 1, 1, 1) is 0.0
Calculated 2-RDM element with Parallel after GPU Parallel 1st way, (1, 2, 1, 2) is -0.07370000000000002
Calculated 2-RDM element with Parallel after GPU Parallel 1st way, (1, 2, 1, 3) is -0.02065
Calculated 2-RDM element with Parallel after GPU Parallel 1st way, (1, 2, 2, 0) is -0.0324
Calculated 2-RDM element with Parallel after GPU Parallel 1st way, (1, 2, 3, 0) is 6.2500000000007e-05
Calculated 2-RDM element with Parallel after GPU Parallel 1st way, (1, 3, 1, 3) is -0.28495000000000004
Calculated 2-RDM element with Parallel after GPU Parallel 1st way, (1, 3, 2, 0) is -0.2708125
Calculated 2-RDM element with Parallel after GPU Parallel 1st way, (1, 3, 2, 1) is 0.02065
Calculated 2-RDM element with Parallel after GPU Parallel 1st way, (1, 3, 3, 0) is 0.0008249999999999993
Calculated 2-RDM element with Parallel after GPU Parallel 1st way, (2, 0, 2, 0) is -0.5416500000000001
Calculated 2-RDM element with Parallel after GPU Parallel 1st way, (2, 0, 2, 1) is 0.0324
Calculated 2-RDM element with Parallel after GPU Parallel 1st way, (2, 0, 3, 0) is 0.0126
Calculated 2-RDM element with Parallel after GPU Parallel 1st way, (2, 0, 3, 1) is 0.2708125
Calculated 2-RDM element with Parallel after GPU Parallel 1st way, (2, 1, 0, 2) is -0.0324
Calculated 2-RDM element with Parallel after GPU Parallel 1st way, (2, 1, 0, 3) is 6.2500000000007e-05
Calculated 2-RDM element with Parallel after GPU Parallel 1st way, (2, 1, 2, 1) is -0.07369999999999999
Calculated 2-RDM element with Parallel after GPU Parallel 1st way, (2, 1, 3, 1) is -0.02065
Calculated 2-RDM element with Parallel after GPU Parallel 1st way, (2, 2, 2, 2) is 0.0
Calculated 2-RDM element with Parallel after GPU Parallel 1st way, (2, 2, 2, 3) is 0.0
Calculated 2-RDM element with Parallel after GPU Parallel 1st way, (2, 2, 3, 3) is 0.0
Calculated 2-RDM element with Parallel after GPU Parallel 1st way, (2, 3, 2, 3) is -0.053050000000000014
Calculated 2-RDM element with Parallel after GPU Parallel 1st way, (2, 3, 3, 3) is 0.0
Calculated 2-RDM element with Parallel after GPU Parallel 1st way, (3, 0, 0, 2) is -0.0126
Calculated 2-RDM element with Parallel after GPU Parallel 1st way, (3, 0, 2, 1) is -6.2500000000007e-05
Calculated 2-RDM element with Parallel after GPU Parallel 1st way, (3, 0, 3, 0) is -0.15620000000000003
Calculated 2-RDM element with Parallel after GPU Parallel 1st way, (3, 0, 3, 1) is -0.0008249999999999993
Calculated 2-RDM element with Parallel after GPU Parallel 1st way, (3, 1, 0, 2) is -0.2708125
Calculated 2-RDM element with Parallel after GPU Parallel 1st way, (3, 1, 0, 3) is 0.0008249999999999993
Calculated 2-RDM element with Parallel after GPU Parallel 1st way, (3, 1, 1, 2) is 0.02065
Calculated 2-RDM element with Parallel after GPU Parallel 1st way, (3, 1, 3, 1) is -0.28495000000000004
Calculated 2-RDM element with Parallel after GPU Parallel 1st way, (3, 2, 2, 2) is 0.0
Calculated 2-RDM element with Parallel after GPU Parallel 1st way, (3, 2, 3, 2) is -0.053050000000000014
Calculated 2-RDM element with Parallel after GPU Parallel 1st way, (3, 3, 3, 2) is 0.0
Calculated 2-RDM element with Parallel after GPU Parallel 1st way, (3, 3, 3, 3) is 0.0
Execution time of get_two_rdm_Parallel: 1.8505523204803467 seconds
Calculated 1-RDM element (1, 1) is 0.2564532670199815
Calculated 1-RDM element (2, 2) is 0.7435466748543823
Calculated 1-RDM element (0, 0) is 0.7435467329800122
Calculated 1-RDM element (3, 3) is 0.25645332514561137
Calculated 1-RDM element (1, 0) is 0.0004857013105777668
Calculated 1-RDM element (0, 1) is 0.0004857013105777668
Calculated 1-RDM element (2, 1) is 5.671215423173334e-17
Calculated 1-RDM element (3, 2) is -0.0005140217643220056
Calculated 1-RDM element (3, 1) is 9.488144696387365e-21
Calculated 1-RDM element (1, 3) is 9.488144696387365e-21
Calculated 1-RDM element (1, 2) is 5.671215423173334e-17
Calculated 1-RDM element (2, 3) is -0.0005140217643220056
Calculated 1-RDM element (2, 0) is 1.6828331282574704e-20
Calculated 1-RDM element (0, 2) is 1.6828331282574704e-20
Calculated 1-RDM element (0, 3) is 6.953428696889212e-17
Calculated 1-RDM element (3, 0) is 6.953428696889212e-17
Execution time of get_one_rdm: 2.0229837894439697 seconds
Calculated 1-RDM element with wavefunction (0, 0) is 0.743546732980009
Calculated 1-RDM element with wavefunction (0, 1) is 0.0004857013105777668
Calculated 1-RDM element with wavefunction (0, 3) is 6.953428696889211e-17
Calculated 1-RDM element with wavefunction (1, 0) is 0.0004857013105777668
Calculated 1-RDM element with wavefunction (1, 1) is 0.25645326701997834
Calculated 1-RDM element with wavefunction (1, 3) is 9.488144696385913e-21
Calculated 1-RDM element with wavefunction (0, 2) is 1.6828331282570262e-20
Calculated 1-RDM element with wavefunction (3, 3) is 0.2564533251456081
Calculated 1-RDM element with wavefunction (1, 2) is 5.671215423173334e-17
Calculated 1-RDM element with wavefunction (2, 0) is 1.6828331282570262e-20
Calculated 1-RDM element with wavefunction (2, 1) is 5.671215423173334e-17
Calculated 1-RDM element with wavefunction (2, 2) is 0.7435466748543791
Calculated 1-RDM element with wavefunction (3, 0) is 6.953428696889211e-17
Calculated 1-RDM element with wavefunction (3, 1) is 9.488144696385913e-21
Calculated 1-RDM element with wavefunction (2, 3) is -0.0005140217643220056
Calculated 1-RDM element with wavefunction (3, 2) is -0.0005140217643220056
Execution time of get_one_rdm_wavefunction: 0.08777976036071777 seconds
Calculated 1-RDM element (0, 0) is 0.6960999999999999
Calculated 1-RDM element (1, 1) is 0.352
Calculated 1-RDM element (2, 2) is 0.5997
Calculated 1-RDM element (3, 3) is 0.3922
Calculated 1-RDM element (2, 0) is 0.0076500000000000005
Calculated 1-RDM element (0, 3) is -0.0002000000000000001
Calculated 1-RDM element (0, 2) is 0.0021999999999999997
Calculated 1-RDM element (1, 2) is -0.0043
Calculated 1-RDM element (1, 0) is -0.0314
Calculated 1-RDM element (0, 1) is -0.02695
Calculated 1-RDM element (3, 2) is -0.0009500000000000001
Calculated 1-RDM element (1, 3) is -0.0011
Calculated 1-RDM element (3, 1) is -0.0011999999999999997
Calculated 1-RDM element (2, 1) is -0.00105
Calculated 1-RDM element (3, 0) is 0.0023
Calculated 1-RDM element (2, 3) is 0.0049
Execution time of get_one_rdm: 1.8987278938293457 seconds
--- [DONE]  Processing for d = 1.90. Data saved. ---
--- [START] Processing for d = 2.5 ---
Attempting to load file: /home/u2600410/H2/H2_2.5_sto-3g.pkl
Using CPU for noisy estimator...
Number of qubits: 4
Execution time of Gene_Qiskit_VQE_hamiltonian: 0.0006530284881591797 seconds
VQE Optimal Energy: -0.93605424
{   'aux_operators_evaluated': None,
    'cost_function_evals': 870,
    'eigenvalue': -0.9360542436790842,
    'optimal_circuit': <qiskit_nature.second_q.circuit.library.ansatzes.uccsd.UCCSD object at 0x14d40566c350>,
    'optimal_parameters': {   ParameterVectorElement(t[2]): -0.6902347618133071,
                              ParameterVectorElement(t[1]): -0.008636613105575062,
                              ParameterVectorElement(t[0]): 0.008749093747147092},
    'optimal_point': array([ 0.00874909, -0.00863661, -0.69023476]),
    'optimal_value': -0.9360542436790842,
    'optimizer_evals': None,
    'optimizer_result': <qiskit_algorithms.optimizers.optimizer.OptimizerResult object at 0x14d3ee94ad20>,
    'optimizer_time': 22.662975788116455}
VQE Optimal Energy: -0.79228587
{   'aux_operators_evaluated': None,
    'cost_function_evals': 46,
    'eigenvalue': -0.7922858693908765,
    'optimal_circuit': <qiskit_nature.second_q.circuit.library.ansatzes.uccsd.UCCSD object at 0x14d3e7772150>,
    'optimal_parameters': {   ParameterVectorElement(t[2]): -0.6823561138527655,
                              ParameterVectorElement(t[0]): 0.13378198128271537,
                              ParameterVectorElement(t[1]): -0.18879523298565715},
    'optimal_point': array([ 0.13378198, -0.18879523, -0.68235611]),
    'optimal_value': -0.7922858693908765,
    'optimizer_evals': None,
    'optimizer_result': <qiskit_algorithms.optimizers.optimizer.OptimizerResult object at 0x14d3ef083d70>,
    'optimizer_time': 6.610631942749023}
{'IIII': 1.0, 'IIZI': 0.1638, 'IIIZ': -0.237, 'IIZZ': -0.69, 'IZII': -0.0824, 'IZIZ': 0.495, 'XYII': -0.0118, 'YYII': 0.2738, 'XYIZ': -0.0054, 'YYIZ': -0.0536, 'XXII': 0.2718, 'YXII': 0.0116, 'XXIZ': -0.0436, 'YXIZ': -0.0096, 'IIXY': 0.0048, 'IZXY': 0.0062, 'IIYY': -0.269, 'IZYY': -0.0458, 'IIXX': -0.2836, 'IZXX': -0.0256, 'IIYX': 0.0234, 'IZYX': 0.0054, 'XYXY': 0.5212, 'YYXY': 0.0058, 'XYYY': -0.0158, 'YYYY': -0.593, 'XXXY': 0.0198, 'YXXY': -0.5338, 'XXYY': -0.5916, 'YXYY': -0.0192, 'XYXX': 0.0016, 'YYXX': -0.569, 'XYYX': -0.527, 'YYYX': -0.0042, 'XXXX': -0.5706, 'YXXX': -0.0004, 'XXYX': 0.0096, 'YXYX': 0.5198, 'ZIII': 0.0572, 'ZIIZ': -0.5006, 'ZIXY': 0.0126, 'ZIYY': 0.0244, 'ZIXX': 0.0272, 'ZIYX': 0.009, 'IZZI': -0.5908, 'XYZI': 0.0028, 'YYZI': 0.0652, 'XXZI': 0.06, 'YXZI': -0.005, 'ZIZI': 0.5982, 'ZZII': -0.809}
Calculated 2-RDM element with Parallel after GPU Parallel 1st way, (0, 0, 0, 0) is 0.0
Calculated 2-RDM element with Parallel after GPU Parallel 1st way, (0, 0, 0, 1) is 0.0
Calculated 2-RDM element with Parallel after GPU Parallel 1st way, (0, 0, 1, 1) is 0.0
Calculated 2-RDM element with Parallel after GPU Parallel 1st way, (0, 1, 0, 1) is -0.0958
Calculated 2-RDM element with Parallel after GPU Parallel 1st way, (0, 1, 1, 1) is 0.0
Calculated 2-RDM element with Parallel after GPU Parallel 1st way, (0, 2, 0, 2) is -0.4536
Calculated 2-RDM element with Parallel after GPU Parallel 1st way, (0, 2, 0, 3) is -0.08034999999999999
Calculated 2-RDM element with Parallel after GPU Parallel 1st way, (0, 2, 1, 2) is 0.06015
Calculated 2-RDM element with Parallel after GPU Parallel 1st way, (0, 2, 1, 3) is 0.276625
Calculated 2-RDM element with Parallel after GPU Parallel 1st way, (0, 3, 0, 3) is -0.16979999999999998
Calculated 2-RDM element with Parallel after GPU Parallel 1st way, (0, 3, 1, 2) is 0.013899999999999989
Calculated 2-RDM element with Parallel after GPU Parallel 1st way, (0, 3, 1, 3) is 0.075525
Calculated 2-RDM element with Parallel after GPU Parallel 1st way, (0, 3, 2, 0) is 0.08034999999999999
Calculated 2-RDM element with Parallel after GPU Parallel 1st way, (1, 0, 0, 0) is 0.0
Calculated 2-RDM element with Parallel after GPU Parallel 1st way, (1, 0, 1, 0) is -0.09580000000000005
Calculated 2-RDM element with Parallel after GPU Parallel 1st way, (1, 1, 1, 0) is 0.0
Calculated 2-RDM element with Parallel after GPU Parallel 1st way, (1, 1, 1, 1) is 0.0
Calculated 2-RDM element with Parallel after GPU Parallel 1st way, (1, 2, 1, 2) is -0.08195000000000002
Calculated 2-RDM element with Parallel after GPU Parallel 1st way, (1, 2, 1, 3) is -0.05255
Calculated 2-RDM element with Parallel after GPU Parallel 1st way, (1, 2, 2, 0) is -0.06015
Calculated 2-RDM element with Parallel after GPU Parallel 1st way, (1, 2, 3, 0) is -0.013899999999999989
Calculated 2-RDM element with Parallel after GPU Parallel 1st way, (1, 3, 1, 3) is -0.34429999999999994
Calculated 2-RDM element with Parallel after GPU Parallel 1st way, (1, 3, 2, 0) is -0.276625
Calculated 2-RDM element with Parallel after GPU Parallel 1st way, (1, 3, 2, 1) is 0.05255
Calculated 2-RDM element with Parallel after GPU Parallel 1st way, (1, 3, 3, 0) is -0.07552500000000001
Calculated 2-RDM element with Parallel after GPU Parallel 1st way, (2, 0, 2, 0) is -0.4536
Calculated 2-RDM element with Parallel after GPU Parallel 1st way, (2, 0, 2, 1) is 0.06015
Calculated 2-RDM element with Parallel after GPU Parallel 1st way, (2, 0, 3, 0) is -0.08034999999999999
Calculated 2-RDM element with Parallel after GPU Parallel 1st way, (2, 0, 3, 1) is 0.276625
Calculated 2-RDM element with Parallel after GPU Parallel 1st way, (2, 1, 0, 2) is -0.06015
Calculated 2-RDM element with Parallel after GPU Parallel 1st way, (2, 1, 0, 3) is -0.013899999999999989
Calculated 2-RDM element with Parallel after GPU Parallel 1st way, (2, 1, 2, 1) is -0.08195000000000002
Calculated 2-RDM element with Parallel after GPU Parallel 1st way, (2, 1, 3, 1) is -0.05255
Calculated 2-RDM element with Parallel after GPU Parallel 1st way, (2, 2, 2, 2) is 0.0
Calculated 2-RDM element with Parallel after GPU Parallel 1st way, (2, 2, 2, 3) is 0.0
Calculated 2-RDM element with Parallel after GPU Parallel 1st way, (2, 2, 3, 3) is 0.0
Calculated 2-RDM element with Parallel after GPU Parallel 1st way, (2, 3, 2, 3) is -0.05404999999999996
Calculated 2-RDM element with Parallel after GPU Parallel 1st way, (2, 3, 3, 3) is 0.0
Calculated 2-RDM element with Parallel after GPU Parallel 1st way, (3, 0, 0, 2) is 0.08034999999999999
Calculated 2-RDM element with Parallel after GPU Parallel 1st way, (3, 0, 2, 1) is 0.013899999999999989
Calculated 2-RDM element with Parallel after GPU Parallel 1st way, (3, 0, 3, 0) is -0.16980000000000003
Calculated 2-RDM element with Parallel after GPU Parallel 1st way, (3, 0, 3, 1) is 0.075525
Calculated 2-RDM element with Parallel after GPU Parallel 1st way, (3, 1, 0, 2) is -0.276625
Calculated 2-RDM element with Parallel after GPU Parallel 1st way, (3, 1, 0, 3) is -0.07552500000000001
Calculated 2-RDM element with Parallel after GPU Parallel 1st way, (3, 1, 1, 2) is 0.05255
Calculated 2-RDM element with Parallel after GPU Parallel 1st way, (3, 1, 3, 1) is -0.3443
Calculated 2-RDM element with Parallel after GPU Parallel 1st way, (3, 2, 2, 2) is 0.0
Calculated 2-RDM element with Parallel after GPU Parallel 1st way, (3, 2, 3, 2) is -0.054050000000000015
Calculated 2-RDM element with Parallel after GPU Parallel 1st way, (3, 3, 3, 2) is 0.0
Calculated 2-RDM element with Parallel after GPU Parallel 1st way, (3, 3, 3, 3) is 0.0
Execution time of get_two_rdm_Parallel: 3.7687532901763916 seconds
Calculated 2-RDM element with Parallel after GPU Parallel 2nd way, (0, 0, 0, 0) is 0.0
Calculated 2-RDM element with Parallel after GPU Parallel 2nd way, (0, 0, 0, 1) is 0.0
Calculated 2-RDM element with Parallel after GPU Parallel 2nd way, (0, 0, 1, 1) is 0.0
Calculated 2-RDM element with Parallel after GPU Parallel 2nd way, (0, 1, 0, 1) is -0.09999999999999998
Calculated 2-RDM element with Parallel after GPU Parallel 2nd way, (0, 1, 1, 1) is 0.0
Calculated 2-RDM element with Parallel after GPU Parallel 2nd way, (0, 2, 0, 2) is -0.45740000000000003
Calculated 2-RDM element with Parallel after GPU Parallel 2nd way, (0, 2, 0, 3) is -0.07905000000000001
Calculated 2-RDM element with Parallel after GPU Parallel 2nd way, (0, 2, 1, 2) is 0.063525
Calculated 2-RDM element with Parallel after GPU Parallel 2nd way, (0, 2, 1, 3) is 0.273125
Calculated 2-RDM element with Parallel after GPU Parallel 2nd way, (0, 3, 0, 3) is -0.1752
Calculated 2-RDM element with Parallel after GPU Parallel 2nd way, (0, 3, 1, 2) is 0.011600000000000006
Calculated 2-RDM element with Parallel after GPU Parallel 2nd way, (0, 3, 1, 3) is 0.0748
Calculated 2-RDM element with Parallel after GPU Parallel 2nd way, (0, 3, 2, 0) is 0.07905000000000001
Calculated 2-RDM element with Parallel after GPU Parallel 2nd way, (1, 0, 0, 0) is 0.0
Calculated 2-RDM element with Parallel after GPU Parallel 2nd way, (1, 0, 1, 0) is -0.09999999999999998
Calculated 2-RDM element with Parallel after GPU Parallel 2nd way, (1, 1, 1, 0) is 0.0
Calculated 2-RDM element with Parallel after GPU Parallel 2nd way, (1, 1, 1, 1) is 0.0
Calculated 2-RDM element with Parallel after GPU Parallel 2nd way, (1, 2, 1, 2) is -0.08050000000000002
Calculated 2-RDM element with Parallel after GPU Parallel 2nd way, (1, 2, 1, 3) is -0.05640000000000001
Calculated 2-RDM element with Parallel after GPU Parallel 2nd way, (1, 2, 2, 0) is -0.063525
Calculated 2-RDM element with Parallel after GPU Parallel 2nd way, (1, 2, 3, 0) is -0.011600000000000006
Calculated 2-RDM element with Parallel after GPU Parallel 2nd way, (1, 3, 1, 3) is -0.33915
Calculated 2-RDM element with Parallel after GPU Parallel 2nd way, (1, 3, 2, 0) is -0.273125
Calculated 2-RDM element with Parallel after GPU Parallel 2nd way, (1, 3, 2, 1) is 0.056400000000000006
Calculated 2-RDM element with Parallel after GPU Parallel 2nd way, (1, 3, 3, 0) is -0.0748
Calculated 2-RDM element with Parallel after GPU Parallel 2nd way, (2, 0, 2, 0) is -0.45740000000000003
Calculated 2-RDM element with Parallel after GPU Parallel 2nd way, (2, 0, 2, 1) is 0.063525
Calculated 2-RDM element with Parallel after GPU Parallel 2nd way, (2, 0, 3, 0) is -0.07905000000000001
Calculated 2-RDM element with Parallel after GPU Parallel 2nd way, (2, 0, 3, 1) is 0.273125
Calculated 2-RDM element with Parallel after GPU Parallel 2nd way, (2, 1, 0, 2) is -0.063525
Calculated 2-RDM element with Parallel after GPU Parallel 2nd way, (2, 1, 0, 3) is -0.011600000000000006
Calculated 2-RDM element with Parallel after GPU Parallel 2nd way, (2, 1, 2, 1) is -0.08049999999999999
Calculated 2-RDM element with Parallel after GPU Parallel 2nd way, (2, 1, 3, 1) is -0.05640000000000001
Calculated 2-RDM element with Parallel after GPU Parallel 2nd way, (2, 2, 2, 2) is 0.0
Calculated 2-RDM element with Parallel after GPU Parallel 2nd way, (2, 2, 2, 3) is 0.0
Calculated 2-RDM element with Parallel after GPU Parallel 2nd way, (2, 2, 3, 3) is 0.0
Calculated 2-RDM element with Parallel after GPU Parallel 2nd way, (2, 3, 2, 3) is -0.05265000000000003
Calculated 2-RDM element with Parallel after GPU Parallel 2nd way, (2, 3, 3, 3) is 0.0
Calculated 2-RDM element with Parallel after GPU Parallel 2nd way, (3, 0, 0, 2) is 0.07905000000000001
Calculated 2-RDM element with Parallel after GPU Parallel 2nd way, (3, 0, 2, 1) is 0.011600000000000006
Calculated 2-RDM element with Parallel after GPU Parallel 2nd way, (3, 0, 3, 0) is -0.1752
Calculated 2-RDM element with Parallel after GPU Parallel 2nd way, (3, 0, 3, 1) is 0.0748
Calculated 2-RDM element with Parallel after GPU Parallel 2nd way, (3, 1, 0, 2) is -0.27312499999999995
Calculated 2-RDM element with Parallel after GPU Parallel 2nd way, (3, 1, 0, 3) is -0.0748
Calculated 2-RDM element with Parallel after GPU Parallel 2nd way, (3, 1, 1, 2) is 0.056400000000000006
Calculated 2-RDM element with Parallel after GPU Parallel 2nd way, (3, 1, 3, 1) is -0.33915
Calculated 2-RDM element with Parallel after GPU Parallel 2nd way, (3, 2, 2, 2) is 0.0
Calculated 2-RDM element with Parallel after GPU Parallel 2nd way, (3, 2, 3, 2) is -0.05265000000000003
Calculated 2-RDM element with Parallel after GPU Parallel 2nd way, (3, 3, 3, 2) is 0.0
Calculated 2-RDM element with Parallel after GPU Parallel 2nd way, (3, 3, 3, 3) is 0.0
Execution time of get_two_rdm_Parallel2: 1.6769096851348877 seconds
{'IIII': 1.0, 'IIZI': 0.1592, 'IIIZ': -0.2696, 'IIZZ': -0.6828, 'IZII': -0.09, 'IZIZ': 0.493, 'XYII': 0.0006, 'YYII': 0.2614, 'XYIZ': 0.006, 'YYIZ': -0.0558, 'XXII': 0.2574, 'YXII': -0.0034, 'XXIZ': -0.0478, 'YXIZ': 0.0096, 'IIXY': 0.0042, 'IZXY': -0.0206, 'IIYY': -0.2814, 'IZYY': -0.0236, 'IIXX': -0.2902, 'IZXX': -0.0238, 'IIYX': 0.0034, 'IZYX': -0.0086, 'XYXY': 0.522, 'YYXY': 0.0006, 'XYYY': 0.0104, 'YYYY': -0.5778, 'XXXY': 0.0116, 'YXXY': -0.5334, 'XXYY': -0.5804, 'YXYY': -0.0034, 'XYXX': -0.011, 'YYXX': -0.565, 'XYYX': -0.5248, 'YYYX': 0.0024, 'XXXX': -0.5752, 'YXXX': -0.013, 'XXYX': 0.0172, 'YXYX': 0.5244, 'ZIII': 0.0744, 'ZIIZ': -0.4978, 'ZIXY': -0.0022, 'ZIYY': 0.0246, 'ZIXX': 0.0328, 'ZIYX': -0.0096, 'IZZI': -0.5814, 'XYZI': -0.0054, 'YYZI': 0.0564, 'XXZI': 0.062, 'YXZI': -0.0012, 'ZIZI': 0.5764, 'ZZII': -0.8052}
Calculated 2-RDM element with Parallel after GPU Parallel 3th way, (0, 0, 0, 0) is 0.0
Calculated 2-RDM element with Parallel after GPU Parallel 3th way, (0, 0, 0, 1) is 0.0
Calculated 2-RDM element with Parallel after GPU Parallel 3th way, (0, 1, 0, 1) is -0.10690000000000002
Calculated 2-RDM element with Parallel after GPU Parallel 3th way, (0, 0, 1, 1) is 0.0
Calculated 2-RDM element with Parallel after GPU Parallel 3th way, (0, 3, 1, 2) is 0.012112500000000005
Calculated 2-RDM element with Parallel after GPU Parallel 3th way, (0, 3, 0, 3) is -0.17435
Calculated 2-RDM element with Parallel after GPU Parallel 3th way, (1, 0, 0, 0) is 0.0
Calculated 2-RDM element with Parallel after GPU Parallel 3th way, (0, 2, 0, 3) is -0.0778
Calculated 2-RDM element with Parallel after GPU Parallel 3th way, (1, 2, 1, 2) is -0.08734999999999998
Calculated 2-RDM element with Parallel after GPU Parallel 3th way, (1, 1, 1, 1) is 0.0
Calculated 2-RDM element with Parallel after GPU Parallel 3th way, (0, 2, 0, 2) is -0.46315000000000006
Calculated 2-RDM element with Parallel after GPU Parallel 3th way, (0, 1, 1, 1) is 0.0
Calculated 2-RDM element with Parallel after GPU Parallel 3th way, (1, 2, 3, 0) is -0.012112500000000005
Calculated 2-RDM element with Parallel after GPU Parallel 3th way, (1, 3, 1, 3) is -0.3357
Calculated 2-RDM element with Parallel after GPU Parallel 3th way, (1, 3, 3, 0) is -0.078625
Calculated 2-RDM element with Parallel after GPU Parallel 3th way, (1, 0, 1, 0) is -0.10690000000000002
Calculated 2-RDM element with Parallel after GPU Parallel 3th way, (0, 3, 1, 3) is 0.078625
Calculated 2-RDM element with Parallel after GPU Parallel 3th way, (0, 2, 1, 3) is 0.27518750000000003
Calculated 2-RDM element with Parallel after GPU Parallel 3th way, (1, 3, 2, 1) is 0.050050000000000004
Calculated 2-RDM element with Parallel after GPU Parallel 3th way, (0, 3, 2, 0) is 0.0778
Calculated 2-RDM element with Parallel after GPU Parallel 3th way, (1, 1, 1, 0) is 0.0
Calculated 2-RDM element with Parallel after GPU Parallel 3th way, (2, 1, 0, 3) is -0.012112500000000005
Calculated 2-RDM element with Parallel after GPU Parallel 3th way, (0, 2, 1, 2) is 0.065525
Calculated 2-RDM element with Parallel after GPU Parallel 3th way, (2, 0, 3, 1) is 0.27518750000000003
Calculated 2-RDM element with Parallel after GPU Parallel 3th way, (2, 1, 3, 1) is -0.050050000000000004
Calculated 2-RDM element with Parallel after GPU Parallel 3th way, (1, 2, 2, 0) is -0.065525
Calculated 2-RDM element with Parallel after GPU Parallel 3th way, (2, 2, 3, 3) is 0.0
Calculated 2-RDM element with Parallel after GPU Parallel 3th way, (2, 2, 2, 3) is 0.0
Calculated 2-RDM element with Parallel after GPU Parallel 3th way, (2, 2, 2, 2) is 0.0
Calculated 2-RDM element with Parallel after GPU Parallel 3th way, (2, 0, 2, 0) is -0.46315000000000006
Calculated 2-RDM element with Parallel after GPU Parallel 3th way, (1, 3, 2, 0) is -0.27518750000000003
Calculated 2-RDM element with Parallel after GPU Parallel 3th way, (1, 2, 1, 3) is -0.050050000000000004
Calculated 2-RDM element with Parallel after GPU Parallel 3th way, (3, 1, 3, 1) is -0.3357
Calculated 2-RDM element with Parallel after GPU Parallel 3th way, (2, 3, 3, 3) is 0.0
Calculated 2-RDM element with Parallel after GPU Parallel 3th way, (3, 0, 0, 2) is 0.0778
Calculated 2-RDM element with Parallel after GPU Parallel 3th way, (3, 2, 2, 2) is 0.0
Calculated 2-RDM element with Parallel after GPU Parallel 3th way, (3, 0, 3, 1) is 0.078625
Calculated 2-RDM element with Parallel after GPU Parallel 3th way, (2, 1, 0, 2) is -0.065525
Calculated 2-RDM element with Parallel after GPU Parallel 3th way, (3, 3, 3, 3) is 0.0
Calculated 2-RDM element with Parallel after GPU Parallel 3th way, (3, 1, 0, 3) is -0.078625
Calculated 2-RDM element with Parallel after GPU Parallel 3th way, (3, 2, 3, 2) is -0.05260000000000001
Calculated 2-RDM element with Parallel after GPU Parallel 3th way, (2, 0, 3, 0) is -0.0778
Calculated 2-RDM element with Parallel after GPU Parallel 3th way, (3, 0, 2, 1) is 0.012112500000000005
Calculated 2-RDM element with Parallel after GPU Parallel 3th way, (3, 1, 1, 2) is 0.050050000000000004
Calculated 2-RDM element with Parallel after GPU Parallel 3th way, (2, 3, 2, 3) is -0.05260000000000001
Calculated 2-RDM element with Parallel after GPU Parallel 3th way, (3, 3, 3, 2) is 0.0
Calculated 2-RDM element with Parallel after GPU Parallel 3th way, (2, 1, 2, 1) is -0.08734999999999998
Calculated 2-RDM element with Parallel after GPU Parallel 3th way, (3, 0, 3, 0) is -0.17435
Calculated 2-RDM element with Parallel after GPU Parallel 3th way, (2, 0, 2, 1) is 0.065525
Calculated 2-RDM element with Parallel after GPU Parallel 3th way, (3, 1, 0, 2) is -0.27518750000000003
Execution time of get_two_rdm_Parallel3: 1.8896386623382568 seconds
Number of 'cx' gates before replacing gates: 56
Number of 'h' gates before replacing gates: 72
Number of 's' gates before replacing gates: 24
Number of 'rz' gates before replacing gates: 32
Number of 'x' gates before replacing gates: 0
Number of 'y' gates before replacing gates: 0
Number of parameterized gates before replacing gates: 0
{ParameterVectorElement(t[0]): 0.008749093747147092, ParameterVectorElement(t[1]): -0.008636613105575062, ParameterVectorElement(t[2]): -0.6902347618133071}
Total parameter gates replaced: 0
Number of 'cx' gates after replacing gates: 56
Number of 'h' gates after replacing gates: 72
Number of 's' gates after replacing gates: 24
Number of 'rz' gates after replacing gates: 32
Number of 'x' gates after replacing gates: 0
Number of 'y' gates after replacing gates: 0
Number of 'z' gates after replacing gates: 0
Gate replacement successful.
Calculated 1-RDM element with wavefunction (0, 0) is 0.5945004394305339
Calculated 1-RDM element with wavefunction (1, 1) is 0.40549956056945424
Calculated 1-RDM element with wavefunction (0, 1) is -0.012244025507823046
Calculated 1-RDM element with wavefunction (2, 0) is -9.442284452214767e-19
Calculated 1-RDM element with wavefunction (2, 1) is -2.109658207832947e-16
Calculated 1-RDM element with wavefunction (2, 2) is 0.5945023948874769
Calculated 1-RDM element with wavefunction (0, 3) is -1.9663292589145152e-16
Calculated 1-RDM element with wavefunction (2, 3) is 0.01222892365384607
Calculated 1-RDM element with wavefunction (3, 0) is -1.9663292589145152e-16
Calculated 1-RDM element with wavefunction (1, 3) is -9.116601677366643e-19
Calculated 1-RDM element with wavefunction (3, 2) is 0.01222892365384607
Calculated 1-RDM element with wavefunction (1, 0) is -0.012244025507823046
Calculated 1-RDM element with wavefunction (3, 1) is -9.116601677366643e-19
Calculated 1-RDM element with wavefunction (0, 2) is -9.442284452214767e-19
Calculated 1-RDM element with wavefunction (3, 3) is 0.4054976051125112
Calculated 1-RDM element with wavefunction (1, 2) is -2.109658207832947e-16
Execution time of get_one_rdm_wavefunction: 0.0768728256225586 seconds
Calculated 2-RDM element with wavefunction (0, 0, 0, 0) is 0.0
Calculated 2-RDM element with wavefunction (0, 0, 0, 1) is 0.0
Calculated 2-RDM element with wavefunction (0, 2, 1, 2) is 0.006745127725222747
Calculated 2-RDM element with wavefunction (0, 1, 1, 1) is 0.0
Calculated 2-RDM element with wavefunction (0, 2, 0, 2) is -0.5944258559085995
Calculated 2-RDM element with wavefunction (0, 1, 0, 1) is -7.171677683547549e-32
Calculated 2-RDM element with wavefunction (0, 3, 0, 3) is -7.458352193433824e-05
Calculated 2-RDM element with wavefunction (0, 3, 1, 2) is 7.555492445853148e-05
Calculated 2-RDM element with wavefunction (0, 2, 0, 3) is -0.006658406255441073
Calculated 2-RDM element with wavefunction (0, 0, 1, 1) is 0.0
Calculated 2-RDM element with wavefunction (1, 0, 1, 0) is -7.171677683547549e-32
Calculated 2-RDM element with wavefunction (0, 2, 1, 3) is 0.49091132255635467
Calculated 2-RDM element with wavefunction (0, 3, 2, 0) is 0.006658406255441073
Calculated 2-RDM element with wavefunction (1, 2, 1, 3) is -0.005570517398404996
Calculated 2-RDM element with wavefunction (1, 0, 0, 0) is 0.0
Calculated 2-RDM element with wavefunction (1, 3, 2, 1) is 0.005570517398404996
Calculated 2-RDM element with wavefunction (1, 1, 1, 0) is 0.0
Calculated 2-RDM element with wavefunction (0, 3, 1, 3) is 0.005498897782600298
Calculated 2-RDM element with wavefunction (1, 1, 1, 1) is 0.0
Calculated 2-RDM element with wavefunction (2, 0, 2, 0) is -0.5944258559085995
Calculated 2-RDM element with wavefunction (2, 1, 2, 1) is -7.65389788773998e-05
Calculated 2-RDM element with wavefunction (1, 2, 1, 2) is -7.65389788773998e-05
Calculated 2-RDM element with wavefunction (2, 0, 2, 1) is 0.006745127725222747
Calculated 2-RDM element with wavefunction (1, 2, 2, 0) is -0.006745127725222747
Calculated 2-RDM element with wavefunction (2, 2, 2, 2) is 0.0
Calculated 2-RDM element with wavefunction (2, 2, 2, 3) is 0.0
Calculated 2-RDM element with wavefunction (2, 1, 3, 1) is -0.005570517398404996
Calculated 2-RDM element with wavefunction (1, 3, 3, 0) is -0.005498897782600298
Calculated 2-RDM element with wavefunction (1, 3, 2, 0) is -0.49091132255635467
Calculated 2-RDM element with wavefunction (1, 2, 3, 0) is -7.555492445853148e-05
Calculated 2-RDM element with wavefunction (1, 3, 1, 3) is -0.40542302159057686
Calculated 2-RDM element with wavefunction (2, 1, 0, 2) is -0.006745127725222747
Calculated 2-RDM element with wavefunction (3, 0, 3, 0) is -7.458352193433824e-05
Calculated 2-RDM element with wavefunction (3, 2, 2, 2) is 0.0
Calculated 2-RDM element with wavefunction (3, 1, 0, 3) is -0.005498897782600298
Calculated 2-RDM element with wavefunction (3, 0, 2, 1) is 7.555492445853148e-05
Calculated 2-RDM element with wavefunction (3, 0, 3, 1) is 0.005498897782600298
Calculated 2-RDM element with wavefunction (2, 3, 2, 3) is -7.823698633946684e-32
Calculated 2-RDM element with wavefunction (2, 2, 3, 3) is 0.0
Calculated 2-RDM element with wavefunction (3, 3, 3, 2) is 0.0
Calculated 2-RDM element with wavefunction (2, 0, 3, 0) is -0.006658406255441073
Calculated 2-RDM element with wavefunction (2, 3, 3, 3) is 0.0
Calculated 2-RDM element with wavefunction (2, 0, 3, 1) is 0.49091132255635467
Calculated 2-RDM element with wavefunction (3, 3, 3, 3) is 0.0
Calculated 2-RDM element with wavefunction (2, 1, 0, 3) is -7.555492445853148e-05
Calculated 2-RDM element with wavefunction (3, 1, 1, 2) is 0.005570517398404996
Calculated 2-RDM element with wavefunction (3, 0, 0, 2) is 0.006658406255441073
Calculated 2-RDM element with wavefunction (3, 1, 0, 2) is -0.49091132255635467
Calculated 2-RDM element with wavefunction (3, 1, 3, 1) is -0.40542302159057686
Calculated 2-RDM element with wavefunction (3, 2, 3, 2) is -7.823698633946684e-32
Execution time of get_two_rdm_wavefunction: 0.18542695045471191 seconds
Calculated 2-RDM element (0, 0, 0, 0) is 0.0
Calculated 2-RDM element (0, 0, 0, 1) is 0.0
Calculated 2-RDM element (0, 1, 1, 1) is 0.0
Calculated 2-RDM element (0, 0, 1, 1) is 0.0
Calculated 2-RDM element (1, 1, 1, 1) is 0.0
Calculated 2-RDM element (1, 0, 0, 0) is 0.0
Calculated 2-RDM element (1, 1, 1, 0) is 0.0
Calculated 2-RDM element (2, 2, 2, 3) is 0.0
Calculated 2-RDM element (2, 3, 3, 3) is 0.0
Calculated 2-RDM element (2, 2, 3, 3) is 0.0
Calculated 2-RDM element (2, 2, 2, 2) is 0.0
Calculated 2-RDM element (3, 2, 2, 2) is 0.0
Calculated 2-RDM element (3, 3, 3, 2) is 0.0
Calculated 2-RDM element (3, 3, 3, 3) is 0.0
Calculated 2-RDM element (1, 2, 1, 2) is -0.0741
Calculated 2-RDM element (1, 3, 1, 3) is -0.3413
Calculated 2-RDM element (2, 0, 2, 0) is -0.49139999999999995
Calculated 2-RDM element (0, 1, 0, 1) is -0.11015
Calculated 2-RDM element (0, 2, 0, 2) is -0.48749999999999993
Calculated 2-RDM element (1, 0, 1, 0) is -0.09864999999999999
Calculated 2-RDM element (2, 1, 2, 1) is -0.06689999999999999
Calculated 2-RDM element (0, 3, 0, 3) is -0.14884999999999998
Calculated 2-RDM element (3, 0, 3, 0) is -0.14839999999999998
Calculated 2-RDM element (3, 1, 3, 1) is -0.33165
Calculated 2-RDM element (2, 3, 2, 3) is -0.043550000000000005
Calculated 2-RDM element (3, 2, 3, 2) is -0.04854999999999998
Calculated 2-RDM element (0, 2, 1, 2) is 0.005025
Calculated 2-RDM element (0, 2, 0, 3) is -0.0037999999999999996
Calculated 2-RDM element (1, 3, 3, 0) is -0.00555
Calculated 2-RDM element (1, 2, 2, 0) is -0.0053750000000000004
Calculated 2-RDM element (1, 2, 1, 3) is -0.002025
Calculated 2-RDM element (2, 0, 2, 1) is 0.002925
Calculated 2-RDM element (1, 3, 2, 1) is 0.003225
Calculated 2-RDM element (0, 3, 1, 3) is 0.0010250000000000003
Calculated 2-RDM element (2, 0, 3, 0) is -0.0048000000000000004
Calculated 2-RDM element (0, 3, 2, 0) is 0.0007749999999999996
Calculated 2-RDM element (2, 1, 0, 2) is -0.00715
Calculated 2-RDM element (2, 1, 3, 1) is -0.006549999999999999
Calculated 2-RDM element (3, 0, 0, 2) is 0.004350000000000001
Calculated 2-RDM element (3, 1, 0, 3) is -0.0005750000000000003
Calculated 2-RDM element (3, 0, 3, 1) is 0.0047
Calculated 2-RDM element (3, 1, 1, 2) is 0.0066749999999999995
Calculated 2-RDM element (0, 2, 1, 3) is 0.28938749999999996
Calculated 2-RDM element (1, 3, 2, 0) is -0.28783749999999997
Calculated 2-RDM element (2, 1, 0, 3) is -0.0017500000000000154
Calculated 2-RDM element (2, 0, 3, 1) is 0.28859999999999997
Calculated 2-RDM element (1, 2, 3, 0) is -0.0015000000000000083
Calculated 2-RDM element (0, 3, 1, 2) is -0.0021374999999999797
Calculated 2-RDM element (3, 0, 2, 1) is 0.0024999999999999883
Calculated 2-RDM element (3, 1, 0, 2) is -0.287625
Execution time of get_two_rdm: 13.924226760864258 seconds
Calculated 1-RDM element (0, 0) is 0.6361
Calculated 1-RDM element (1, 1) is 0.4102
Calculated 1-RDM element (2, 2) is 0.5547
Calculated 1-RDM element (3, 3) is 0.4427
Calculated 1-RDM element (0, 1) is -0.0113
Calculated 1-RDM element (0, 2) is -0.00295
Calculated 1-RDM element (1, 0) is -0.0029
Calculated 1-RDM element (1, 3) is -0.0007500000000000002
Calculated 1-RDM element (0, 3) is 0.0043
Calculated 1-RDM element (1, 2) is -0.00575
Calculated 1-RDM element (2, 0) is -0.0023000000000000004
Calculated 1-RDM element (3, 2) is -0.00025
Calculated 1-RDM element (3, 1) is 0.00215
Calculated 1-RDM element (2, 1) is -0.0026
Calculated 1-RDM element (2, 3) is 0.0081
Calculated 1-RDM element (3, 0) is 0.0005499999999999999
Execution time of get_one_rdm: 2.104686975479126 seconds
Calculated 2-RDM element (1, 0, 0, 0) is 0.0
Calculated 2-RDM element (0, 1, 1, 1) is 0.0
Calculated 2-RDM element (0, 0, 0, 1) is 0.0
Calculated 2-RDM element (1, 1, 1, 1) is 0.0
Calculated 2-RDM element (0, 0, 1, 1) is 0.0
Calculated 2-RDM element (1, 1, 1, 0) is 0.0
Calculated 2-RDM element (0, 0, 0, 0) is 0.0
Calculated 2-RDM element (2, 2, 2, 3) is 0.0
Calculated 2-RDM element (2, 2, 2, 2) is 0.0
Calculated 2-RDM element (2, 3, 3, 3) is 0.0
Calculated 2-RDM element (2, 2, 3, 3) is 0.0
Calculated 2-RDM element (3, 2, 2, 2) is 0.0
Calculated 2-RDM element (3, 3, 3, 2) is 0.0
Calculated 2-RDM element (3, 3, 3, 3) is 0.0
Calculated 2-RDM element (1, 0, 1, 0) is -1.7763568394002505e-15
Calculated 2-RDM element (0, 2, 0, 2) is -0.5944258559085998
Calculated 2-RDM element (1, 2, 1, 2) is -7.653897887915928e-05
Calculated 2-RDM element (0, 1, 0, 1) is -1.7763568394002505e-15
Calculated 2-RDM element (3, 0, 3, 0) is -7.458352193612239e-05
Calculated 2-RDM element (1, 3, 1, 3) is -0.40542302159057786
Calculated 2-RDM element (0, 3, 0, 3) is -7.458352193612239e-05
Calculated 2-RDM element (2, 0, 2, 0) is -0.5944258559085998
Calculated 2-RDM element (2, 3, 2, 3) is -1.7763568394002505e-15
Calculated 2-RDM element (2, 1, 2, 1) is -7.653897887915928e-05
Calculated 2-RDM element (3, 1, 3, 1) is -0.40542302159057786
Calculated 2-RDM element (3, 2, 3, 2) is -1.7763568394002505e-15
Calculated 2-RDM element (0, 2, 1, 2) is 0.006745127725222825
Calculated 2-RDM element (0, 3, 1, 3) is 0.005498897782600237
Calculated 2-RDM element (2, 0, 2, 1) is 0.006745127725222825
Calculated 2-RDM element (1, 2, 2, 0) is -0.006745127725222825
Calculated 2-RDM element (2, 0, 3, 0) is -0.006658406255440999
Calculated 2-RDM element (0, 2, 0, 3) is -0.006658406255440999
Calculated 2-RDM element (3, 1, 0, 3) is -0.005498897782600237
Calculated 2-RDM element (0, 3, 2, 0) is 0.006658406255440999
Calculated 2-RDM element (1, 2, 1, 3) is -0.005570517398405061
Calculated 2-RDM element (1, 3, 2, 1) is 0.005570517398405061
Calculated 2-RDM element (2, 1, 0, 2) is -0.006745127725222825
Calculated 2-RDM element (2, 1, 3, 1) is -0.005570517398405061
Calculated 2-RDM element (1, 3, 3, 0) is -0.005498897782600237
Calculated 2-RDM element (3, 0, 3, 1) is 0.005498897782600237
Calculated 2-RDM element (3, 0, 0, 2) is 0.006658406255440999
Calculated 2-RDM element (3, 1, 1, 2) is 0.005570517398405061
Calculated 2-RDM element (0, 2, 1, 3) is 0.4909113225563535
Calculated 2-RDM element (2, 1, 0, 3) is -7.555492445854295e-05
Calculated 2-RDM element (0, 3, 1, 2) is 7.555492445854295e-05
Calculated 2-RDM element (3, 1, 0, 2) is -0.4909113225563535
Calculated 2-RDM element (3, 0, 2, 1) is 7.555492445854295e-05
Calculated 2-RDM element (2, 0, 3, 1) is 0.4909113225563535
Calculated 2-RDM element (1, 2, 3, 0) is -7.555492445854295e-05
Calculated 2-RDM element (1, 3, 2, 0) is -0.4909113225563535
Execution time of get_two_rdm: 12.33720588684082 seconds
Calculated 2-RDM element with wavefunction (0, 0, 0, 0) is 0.0
Calculated 2-RDM element with wavefunction (0, 0, 0, 1) is 0.0
Calculated 2-RDM element with wavefunction (0, 1, 1, 1) is 0.0
Calculated 2-RDM element with wavefunction (0, 1, 0, 1) is -4.5779095080197105e-32
Calculated 2-RDM element with wavefunction (0, 0, 1, 1) is 0.0
Calculated 2-RDM element with wavefunction (0, 2, 0, 2) is -0.594425855908598
Calculated 2-RDM element with wavefunction (0, 2, 0, 3) is -0.006658406255440998
Calculated 2-RDM element with wavefunction (1, 0, 1, 0) is -4.5779095080197105e-32
Calculated 2-RDM element with wavefunction (1, 0, 0, 0) is 0.0
Calculated 2-RDM element with wavefunction (0, 3, 0, 3) is -7.458352193433675e-05
Calculated 2-RDM element with wavefunction (0, 3, 2, 0) is 0.006658406255440998
Calculated 2-RDM element with wavefunction (1, 1, 1, 1) is 0.0
Calculated 2-RDM element with wavefunction (1, 2, 1, 2) is -7.653897887740175e-05
Calculated 2-RDM element with wavefunction (1, 1, 1, 0) is 0.0
Calculated 2-RDM element with wavefunction (1, 2, 1, 3) is -0.005570517398405061
Calculated 2-RDM element with wavefunction (0, 3, 1, 3) is 0.005498897782600237
Calculated 2-RDM element with wavefunction (0, 2, 1, 3) is 0.4909113225563535
Calculated 2-RDM element with wavefunction (1, 3, 2, 0) is -0.4909113225563535
Calculated 2-RDM element with wavefunction (1, 2, 2, 0) is -0.006745127725222825
Calculated 2-RDM element with wavefunction (2, 0, 2, 1) is 0.006745127725222825
Calculated 2-RDM element with wavefunction (1, 3, 1, 3) is -0.405423021590576
Calculated 2-RDM element with wavefunction (0, 3, 1, 2) is 7.555492445853169e-05
Calculated 2-RDM element with wavefunction (2, 0, 2, 0) is -0.594425855908598
Calculated 2-RDM element with wavefunction (2, 2, 2, 2) is 0.0
Calculated 2-RDM element with wavefunction (0, 2, 1, 2) is 0.006745127725222825
Calculated 2-RDM element with wavefunction (2, 1, 0, 2) is -0.006745127725222825
Calculated 2-RDM element with wavefunction (2, 3, 3, 3) is 0.0
Calculated 2-RDM element with wavefunction (1, 2, 3, 0) is -7.555492445853169e-05
Calculated 2-RDM element with wavefunction (3, 0, 2, 1) is 7.555492445853169e-05
Calculated 2-RDM element with wavefunction (2, 1, 2, 1) is -7.653897887740175e-05
Calculated 2-RDM element with wavefunction (3, 1, 1, 2) is 0.005570517398405061
Calculated 2-RDM element with wavefunction (2, 2, 3, 3) is 0.0
Calculated 2-RDM element with wavefunction (2, 0, 3, 1) is 0.4909113225563535
Calculated 2-RDM element with wavefunction (3, 0, 3, 1) is 0.005498897782600237
Calculated 2-RDM element with wavefunction (3, 0, 0, 2) is 0.006658406255440998
Calculated 2-RDM element with wavefunction (2, 1, 0, 3) is -7.555492445853169e-05
Calculated 2-RDM element with wavefunction (3, 3, 3, 2) is 0.0
Calculated 2-RDM element with wavefunction (2, 1, 3, 1) is -0.005570517398405061
Calculated 2-RDM element with wavefunction (1, 3, 3, 0) is -0.005498897782600237
Calculated 2-RDM element with wavefunction (2, 0, 3, 0) is -0.006658406255440998
Calculated 2-RDM element with wavefunction (3, 1, 0, 3) is -0.005498897782600237
Calculated 2-RDM element with wavefunction (2, 2, 2, 3) is 0.0
Calculated 2-RDM element with wavefunction (3, 2, 2, 2) is 0.0
Calculated 2-RDM element with wavefunction (2, 3, 2, 3) is -1.6184315749592644e-32
Calculated 2-RDM element with wavefunction (3, 0, 3, 0) is -7.458352193433675e-05
Calculated 2-RDM element with wavefunction (1, 3, 2, 1) is 0.005570517398405061
Calculated 2-RDM element with wavefunction (3, 2, 3, 2) is -1.6184315749592644e-32
Calculated 2-RDM element with wavefunction (3, 3, 3, 3) is 0.0
Calculated 2-RDM element with wavefunction (3, 1, 3, 1) is -0.405423021590576
Calculated 2-RDM element with wavefunction (3, 1, 0, 2) is -0.4909113225563535
Execution time of get_two_rdm_wavefunction: 0.33507776260375977 seconds
Calculated 2-RDM element (0, 0, 0, 0) is 0.0
Calculated 2-RDM element (0, 0, 0, 1) is 0.0
Calculated 2-RDM element (0, 0, 1, 1) is 0.0
Calculated 2-RDM element (0, 1, 1, 1) is 0.0
Calculated 2-RDM element (1, 0, 0, 0) is 0.0
Calculated 2-RDM element (1, 1, 1, 1) is 0.0
Calculated 2-RDM element (1, 1, 1, 0) is 0.0
Calculated 2-RDM element (2, 2, 2, 2) is 0.0
Calculated 2-RDM element (2, 2, 2, 3) is 0.0
Calculated 2-RDM element (2, 2, 3, 3) is 0.0
Calculated 2-RDM element (2, 3, 3, 3) is 0.0
Calculated 2-RDM element (3, 2, 2, 2) is 0.0
Calculated 2-RDM element (3, 3, 3, 2) is 0.0
Calculated 2-RDM element (3, 3, 3, 3) is 0.0
Calculated 2-RDM element (0, 2, 0, 2) is -0.45794999999999997
Calculated 2-RDM element (0, 1, 0, 1) is -0.10039999999999999
Calculated 2-RDM element (0, 3, 0, 3) is -0.15974999999999998
Calculated 2-RDM element (1, 0, 1, 0) is -0.0998
Calculated 2-RDM element (1, 3, 1, 3) is -0.3298
Calculated 2-RDM element (1, 2, 1, 2) is -0.08125000000000002
Calculated 2-RDM element (2, 1, 2, 1) is -0.07749999999999999
Calculated 2-RDM element (3, 1, 3, 1) is -0.33809999999999996
Calculated 2-RDM element (2, 0, 2, 0) is -0.4602
Calculated 2-RDM element (3, 0, 3, 0) is -0.1679
Calculated 2-RDM element (2, 3, 2, 3) is -0.04744999999999999
Calculated 2-RDM element (3, 2, 3, 2) is -0.044300000000000006
Calculated 2-RDM element (0, 2, 1, 2) is 0.065425
Calculated 2-RDM element (0, 2, 0, 3) is -0.083325
Calculated 2-RDM element (1, 3, 2, 1) is 0.051375000000000004
Calculated 2-RDM element (1, 2, 1, 3) is -0.055475
Calculated 2-RDM element (0, 3, 2, 0) is 0.0849
Calculated 2-RDM element (2, 0, 2, 1) is 0.062575
Calculated 2-RDM element (2, 1, 0, 2) is -0.059125
Calculated 2-RDM element (1, 2, 2, 0) is -0.06515
Calculated 2-RDM element (2, 0, 3, 0) is -0.07719999999999999
Calculated 2-RDM element (0, 3, 1, 3) is 0.08444999999999998
Calculated 2-RDM element (2, 1, 3, 1) is -0.050574999999999995
Calculated 2-RDM element (3, 0, 0, 2) is 0.0822
Calculated 2-RDM element (1, 3, 3, 0) is -0.07677500000000001
Calculated 2-RDM element (3, 0, 3, 1) is 0.077925
Calculated 2-RDM element (3, 1, 1, 2) is 0.05355000000000001
Calculated 2-RDM element (3, 1, 0, 3) is -0.07515
Calculated 2-RDM element (1, 3, 2, 0) is -0.27513750000000003
Calculated 2-RDM element (0, 2, 1, 3) is 0.2748125
Calculated 2-RDM element (1, 2, 3, 0) is -0.012312500000000011
Calculated 2-RDM element (2, 0, 3, 1) is 0.27505
Calculated 2-RDM element (0, 3, 1, 2) is 0.01277499999999998
Calculated 2-RDM element (2, 1, 0, 3) is -0.012325000000000003
Calculated 2-RDM element (3, 1, 0, 2) is -0.27377499999999994
Calculated 2-RDM element (3, 0, 2, 1) is 0.012162499999999993
Execution time of get_two_rdm: 9.476024627685547 seconds
{'IIII': 1.0, 'IIZI': 0.1498, 'IIIZ': -0.2528, 'IIZZ': -0.6906, 'IZII': -0.0686, 'IZIZ': 0.4984, 'XYII': 0.0034, 'YYII': 0.2478, 'XYIZ': 0.0046, 'YYIZ': -0.0512, 'XXII': 0.261, 'YXII': -0.0136, 'XXIZ': -0.0454, 'YXIZ': 0.0086, 'IIXY': -0.0134, 'IZXY': 0.0054, 'IIYY': -0.2788, 'IZYY': -0.0302, 'IIXX': -0.2664, 'IZXX': -0.0326, 'IIYX': 0.0006, 'IZYX': 0.0138, 'XYXY': 0.5338, 'YYXY': 0.0094, 'XYYY': -0.0176, 'YYYY': -0.578, 'XXXY': -0.0008, 'YXXY': -0.5456, 'XXYY': -0.5772, 'YXYY': 0.0004, 'XYXX': -0.0012, 'YYXX': -0.5642, 'XYYX': -0.517, 'YYYX': 0.018, 'XXXX': -0.569, 'YXXX': -0.0054, 'XXYX': 0.0004, 'YXYX': 0.544, 'ZIII': 0.0914, 'ZIIZ': -0.507, 'ZIXY': 0.0098, 'ZIYY': 0.03, 'ZIXX': 0.0324, 'ZIYX': 0.0062, 'IZZI': -0.5896, 'XYZI': 0.0036, 'YYZI': 0.0496, 'XXZI': 0.0646, 'YXZI': 0.0086, 'ZIZI': 0.5826, 'ZZII': -0.808}
Calculated 2-RDM element with Parallel after GPU Parallel 1st way, (0, 0, 0, 0) is 0.0
Calculated 2-RDM element with Parallel after GPU Parallel 1st way, (0, 0, 0, 1) is 0.0
Calculated 2-RDM element with Parallel after GPU Parallel 1st way, (0, 0, 1, 1) is 0.0
Calculated 2-RDM element with Parallel after GPU Parallel 1st way, (0, 1, 0, 1) is -0.10310000000000005
Calculated 2-RDM element with Parallel after GPU Parallel 1st way, (0, 1, 1, 1) is 0.0
Calculated 2-RDM element with Parallel after GPU Parallel 1st way, (0, 2, 0, 2) is -0.45495
Calculated 2-RDM element with Parallel after GPU Parallel 1st way, (0, 2, 0, 3) is -0.075675
Calculated 2-RDM element with Parallel after GPU Parallel 1st way, (0, 2, 1, 2) is 0.0603
Calculated 2-RDM element with Parallel after GPU Parallel 1st way, (0, 2, 1, 3) is 0.2768
Calculated 2-RDM element with Parallel after GPU Parallel 1st way, (0, 3, 0, 3) is -0.1636
Calculated 2-RDM element with Parallel after GPU Parallel 1st way, (0, 3, 1, 2) is 0.009249999999999994
Calculated 2-RDM element with Parallel after GPU Parallel 1st way, (0, 3, 1, 3) is 0.07594999999999999
Calculated 2-RDM element with Parallel after GPU Parallel 1st way, (0, 3, 2, 0) is 0.075675
Calculated 2-RDM element with Parallel after GPU Parallel 1st way, (1, 0, 0, 0) is 0.0
Calculated 2-RDM element with Parallel after GPU Parallel 1st way, (1, 0, 1, 0) is -0.10310000000000005
Calculated 2-RDM element with Parallel after GPU Parallel 1st way, (1, 1, 1, 0) is 0.0
Calculated 2-RDM element with Parallel after GPU Parallel 1st way, (1, 1, 1, 1) is 0.0
Calculated 2-RDM element with Parallel after GPU Parallel 1st way, (1, 2, 1, 2) is -0.08230000000000001
Calculated 2-RDM element with Parallel after GPU Parallel 1st way, (1, 2, 1, 3) is -0.049325
Calculated 2-RDM element with Parallel after GPU Parallel 1st way, (1, 2, 2, 0) is -0.060300000000000006
Calculated 2-RDM element with Parallel after GPU Parallel 1st way, (1, 2, 3, 0) is -0.009249999999999994
Calculated 2-RDM element with Parallel after GPU Parallel 1st way, (1, 3, 1, 3) is -0.33535
Calculated 2-RDM element with Parallel after GPU Parallel 1st way, (1, 3, 2, 0) is -0.2768
Calculated 2-RDM element with Parallel after GPU Parallel 1st way, (1, 3, 2, 1) is 0.04932500000000001
Calculated 2-RDM element with Parallel after GPU Parallel 1st way, (1, 3, 3, 0) is -0.07595
Calculated 2-RDM element with Parallel after GPU Parallel 1st way, (2, 0, 2, 0) is -0.45495
Calculated 2-RDM element with Parallel after GPU Parallel 1st way, (2, 0, 2, 1) is 0.0603
Calculated 2-RDM element with Parallel after GPU Parallel 1st way, (2, 0, 3, 0) is -0.075675
Calculated 2-RDM element with Parallel after GPU Parallel 1st way, (2, 0, 3, 1) is 0.2768
Calculated 2-RDM element with Parallel after GPU Parallel 1st way, (2, 1, 0, 2) is -0.060300000000000006
Calculated 2-RDM element with Parallel after GPU Parallel 1st way, (2, 1, 0, 3) is -0.009249999999999994
Calculated 2-RDM element with Parallel after GPU Parallel 1st way, (2, 1, 2, 1) is -0.08230000000000001
Calculated 2-RDM element with Parallel after GPU Parallel 1st way, (2, 1, 3, 1) is -0.049325
Calculated 2-RDM element with Parallel after GPU Parallel 1st way, (2, 2, 2, 2) is 0.0
Calculated 2-RDM element with Parallel after GPU Parallel 1st way, (2, 2, 2, 3) is 0.0
Calculated 2-RDM element with Parallel after GPU Parallel 1st way, (2, 2, 3, 3) is 0.0
Calculated 2-RDM element with Parallel after GPU Parallel 1st way, (2, 3, 2, 3) is -0.042299999999999977
Calculated 2-RDM element with Parallel after GPU Parallel 1st way, (2, 3, 3, 3) is 0.0
Calculated 2-RDM element with Parallel after GPU Parallel 1st way, (3, 0, 0, 2) is 0.075675
Calculated 2-RDM element with Parallel after GPU Parallel 1st way, (3, 0, 2, 1) is 0.009249999999999994
Calculated 2-RDM element with Parallel after GPU Parallel 1st way, (3, 0, 3, 0) is -0.16360000000000005
Calculated 2-RDM element with Parallel after GPU Parallel 1st way, (3, 0, 3, 1) is 0.07594999999999999
Calculated 2-RDM element with Parallel after GPU Parallel 1st way, (3, 1, 0, 2) is -0.2768
Calculated 2-RDM element with Parallel after GPU Parallel 1st way, (3, 1, 0, 3) is -0.07595
Calculated 2-RDM element with Parallel after GPU Parallel 1st way, (3, 1, 1, 2) is 0.04932500000000001
Calculated 2-RDM element with Parallel after GPU Parallel 1st way, (3, 1, 3, 1) is -0.33535000000000004
Calculated 2-RDM element with Parallel after GPU Parallel 1st way, (3, 2, 2, 2) is 0.0
Calculated 2-RDM element with Parallel after GPU Parallel 1st way, (3, 2, 3, 2) is -0.042299999999999977
Calculated 2-RDM element with Parallel after GPU Parallel 1st way, (3, 3, 3, 2) is 0.0
Calculated 2-RDM element with Parallel after GPU Parallel 1st way, (3, 3, 3, 3) is 0.0
Execution time of get_two_rdm_Parallel: 1.701310396194458 seconds
Calculated 1-RDM element (0, 0) is 0.5945004394305359
Calculated 1-RDM element (1, 1) is 0.405499560569457
Calculated 1-RDM element (3, 3) is 0.405497605112514
Calculated 1-RDM element (2, 2) is 0.5945023948874789
Calculated 1-RDM element (1, 2) is -1.2722737117301641e-17
Calculated 1-RDM element (0, 3) is -6.8132822452442014e-18
Calculated 1-RDM element (1, 0) is -0.012244025507823062
Calculated 1-RDM element (1, 3) is -3.818110957597881e-19
Calculated 1-RDM element (0, 2) is -3.8337207823270147e-19
Calculated 1-RDM element (0, 1) is -0.012244025507823062
Calculated 1-RDM element (3, 1) is -3.818110957597881e-19
Calculated 1-RDM element (2, 1) is -1.2722737117301641e-17
Calculated 1-RDM element (2, 3) is 0.01222892365384606
Calculated 1-RDM element (3, 2) is 0.01222892365384606
Calculated 1-RDM element (2, 0) is -3.8337207823270147e-19
Calculated 1-RDM element (3, 0) is -6.8132822452442014e-18
Execution time of get_one_rdm: 2.2440919876098633 seconds
Calculated 1-RDM element with wavefunction (0, 1) is -0.012244025507823062
Calculated 1-RDM element with wavefunction (1, 0) is -0.012244025507823062
Calculated 1-RDM element with wavefunction (0, 2) is -3.8337207823270137e-19
Calculated 1-RDM element with wavefunction (0, 0) is 0.5945004394305323
Calculated 1-RDM element with wavefunction (2, 1) is -1.2722737117301644e-17
Calculated 1-RDM element with wavefunction (2, 3) is 0.01222892365384606
Calculated 1-RDM element with wavefunction (1, 2) is -1.2722737117301644e-17
Calculated 1-RDM element with wavefunction (0, 3) is -6.8132822452442014e-18
Calculated 1-RDM element with wavefunction (3, 2) is 0.01222892365384606
Calculated 1-RDM element with wavefunction (2, 2) is 0.5945023948874754
Calculated 1-RDM element with wavefunction (3, 1) is -3.8181109575978964e-19
Calculated 1-RDM element with wavefunction (1, 1) is 0.4054995605694534
Calculated 1-RDM element with wavefunction (3, 0) is -6.8132822452442014e-18
Calculated 1-RDM element with wavefunction (3, 3) is 0.4054976051125104
Calculated 1-RDM element with wavefunction (1, 3) is -3.8181109575978964e-19
Calculated 1-RDM element with wavefunction (2, 0) is -3.8337207823270137e-19
Execution time of get_one_rdm_wavefunction: 0.08458757400512695 seconds
Calculated 1-RDM element (0, 0) is 0.6174999999999999
Calculated 1-RDM element (1, 1) is 0.4312
Calculated 1-RDM element (2, 2) is 0.5274
Calculated 1-RDM element (3, 3) is 0.47
Calculated 1-RDM element (0, 2) is 0.0006000000000000001
Calculated 1-RDM element (1, 0) is -0.13290000000000002
Calculated 1-RDM element (0, 1) is -0.13735
Calculated 1-RDM element (1, 3) is 0.005
Calculated 1-RDM element (2, 0) is 0.00195
Calculated 1-RDM element (0, 3) is 0.00835
Calculated 1-RDM element (1, 2) is -0.0004500000000000001
Calculated 1-RDM element (2, 3) is 0.13065
Calculated 1-RDM element (3, 0) is -0.004
Calculated 1-RDM element (2, 1) is 0.00485
Calculated 1-RDM element (3, 2) is 0.1413
Calculated 1-RDM element (3, 1) is -0.0046
Execution time of get_one_rdm: 1.7748222351074219 seconds
--- [DONE]  Processing for d = 2.50. Data saved. ---
--- [START] Processing for d = 2.2 ---
Attempting to load file: /home/u2600410/H2/H2_2.2_sto-3g.pkl
Using CPU for noisy estimator...
Number of qubits: 4
Execution time of Gene_Qiskit_VQE_hamiltonian: 0.0017178058624267578 seconds
VQE Optimal Energy: -0.94122376
{   'aux_operators_evaluated': None,
    'cost_function_evals': 177,
    'eigenvalue': -0.9412237566067341,
    'optimal_circuit': <qiskit_nature.second_q.circuit.library.ansatzes.uccsd.UCCSD object at 0x14f25c79a660>,
    'optimal_parameters': {   ParameterVectorElement(t[2]): -0.6264146360644844,
                              ParameterVectorElement(t[1]): -0.0033331969949505487,
                              ParameterVectorElement(t[0]): 0.003283592727708477},
    'optimal_point': array([ 0.00328359, -0.0033332 , -0.62641464]),
    'optimal_value': -0.9412237566067341,
    'optimizer_evals': None,
    'optimizer_result': <qiskit_algorithms.optimizers.optimizer.OptimizerResult object at 0x14f25c8eade0>,
    'optimizer_time': 4.743275165557861}
VQE Optimal Energy: -0.80087053
{   'aux_operators_evaluated': None,
    'cost_function_evals': 45,
    'eigenvalue': -0.8008705344101165,
    'optimal_circuit': <qiskit_nature.second_q.circuit.library.ansatzes.uccsd.UCCSD object at 0x14f25a45eae0>,
    'optimal_parameters': {   ParameterVectorElement(t[0]): 0.013940272968381177,
                              ParameterVectorElement(t[1]): -0.07763879203221014,
                              ParameterVectorElement(t[2]): -0.6339976819635994},
    'optimal_point': array([ 0.01394027, -0.07763879, -0.63399768]),
    'optimal_value': -0.8008705344101165,
    'optimizer_evals': None,
    'optimizer_result': <qiskit_algorithms.optimizers.optimizer.OptimizerResult object at 0x14f25a731a90>,
    'optimizer_time': 6.301524639129639}
{'IIII': 1.0, 'IIZI': 0.2356, 'IIIZ': -0.3578, 'IIZZ': -0.6856, 'IZII': -0.1676, 'IZIZ': 0.5596, 'XYII': 0.0138, 'YYII': 0.0974, 'XYIZ': -0.0086, 'YYIZ': -0.0528, 'XXII': 0.098, 'YXII': -0.0042, 'XXIZ': -0.0602, 'YXIZ': 0.0034, 'IIXY': -0.0014, 'IZXY': 0.0106, 'IIYY': -0.0678, 'IZYY': -0.0528, 'IIXX': -0.0796, 'IZXX': -0.0536, 'IIYX': 0.0014, 'IZYX': -0.0038, 'XYXY': 0.5638, 'YYXY': 0.0154, 'XYYY': -0.0088, 'YYYY': -0.5666, 'XXXY': 0.0046, 'YXXY': -0.5698, 'XXYY': -0.5584, 'YXYY': -0.0084, 'XYXX': 0.0168, 'YYXX': -0.5376, 'XYYX': -0.56, 'YYYX': -0.0128, 'XXXX': -0.5342, 'YXXX': 0.0062, 'XXYX': -0.016, 'YXYX': 0.5536, 'ZIII': 0.1586, 'ZIIZ': -0.5496, 'ZIXY': -0.0092, 'ZIYY': 0.0278, 'ZIXX': 0.044, 'ZIYX': -0.013, 'IZZI': -0.6398, 'XYZI': 0.002, 'YYZI': 0.0712, 'XXZI': 0.0718, 'YXZI': 0.0122, 'ZIZI': 0.6452, 'ZZII': -0.8108}
Calculated 2-RDM element with Parallel after GPU Parallel 1st way, (0, 0, 0, 0) is 0.0
Calculated 2-RDM element with Parallel after GPU Parallel 1st way, (0, 0, 0, 1) is 0.0
Calculated 2-RDM element with Parallel after GPU Parallel 1st way, (0, 0, 1, 1) is 0.0
Calculated 2-RDM element with Parallel after GPU Parallel 1st way, (0, 1, 0, 1) is -0.10914999999999997
Calculated 2-RDM element with Parallel after GPU Parallel 1st way, (0, 1, 1, 1) is 0.0
Calculated 2-RDM element with Parallel after GPU Parallel 1st way, (0, 2, 0, 2) is -0.52125
Calculated 2-RDM element with Parallel after GPU Parallel 1st way, (0, 2, 0, 3) is -0.03855
Calculated 2-RDM element with Parallel after GPU Parallel 1st way, (0, 2, 1, 2) is 0.005125
Calculated 2-RDM element with Parallel after GPU Parallel 1st way, (0, 2, 1, 3) is 0.27775
Calculated 2-RDM element with Parallel after GPU Parallel 1st way, (0, 3, 0, 3) is -0.16240000000000002
Calculated 2-RDM element with Parallel after GPU Parallel 1st way, (0, 3, 1, 2) is -0.00315
Calculated 2-RDM element with Parallel after GPU Parallel 1st way, (0, 3, 1, 3) is 0.0274
Calculated 2-RDM element with Parallel after GPU Parallel 1st way, (0, 3, 2, 0) is 0.03855
Calculated 2-RDM element with Parallel after GPU Parallel 1st way, (1, 0, 0, 0) is 0.0
Calculated 2-RDM element with Parallel after GPU Parallel 1st way, (1, 0, 1, 0) is -0.10915000000000002
Calculated 2-RDM element with Parallel after GPU Parallel 1st way, (1, 1, 1, 0) is 0.0
Calculated 2-RDM element with Parallel after GPU Parallel 1st way, (1, 1, 1, 1) is 0.0
Calculated 2-RDM element with Parallel after GPU Parallel 1st way, (1, 2, 1, 2) is -0.07304999999999998
Calculated 2-RDM element with Parallel after GPU Parallel 1st way, (1, 2, 1, 3) is -0.00655
Calculated 2-RDM element with Parallel after GPU Parallel 1st way, (1, 2, 2, 0) is -0.005124999999999999
Calculated 2-RDM element with Parallel after GPU Parallel 1st way, (1, 2, 3, 0) is 0.00315
Calculated 2-RDM element with Parallel after GPU Parallel 1st way, (1, 3, 1, 3) is -0.31275
Calculated 2-RDM element with Parallel after GPU Parallel 1st way, (1, 3, 2, 0) is -0.27775
Calculated 2-RDM element with Parallel after GPU Parallel 1st way, (1, 3, 2, 1) is 0.00655
Calculated 2-RDM element with Parallel after GPU Parallel 1st way, (1, 3, 3, 0) is -0.0274
Calculated 2-RDM element with Parallel after GPU Parallel 1st way, (2, 0, 2, 0) is -0.52125
Calculated 2-RDM element with Parallel after GPU Parallel 1st way, (2, 0, 2, 1) is 0.005125
Calculated 2-RDM element with Parallel after GPU Parallel 1st way, (2, 0, 3, 0) is -0.03855
Calculated 2-RDM element with Parallel after GPU Parallel 1st way, (2, 0, 3, 1) is 0.27775
Calculated 2-RDM element with Parallel after GPU Parallel 1st way, (2, 1, 0, 2) is -0.005124999999999999
Calculated 2-RDM element with Parallel after GPU Parallel 1st way, (2, 1, 0, 3) is 0.00315
Calculated 2-RDM element with Parallel after GPU Parallel 1st way, (2, 1, 2, 1) is -0.07304999999999998
Calculated 2-RDM element with Parallel after GPU Parallel 1st way, (2, 1, 3, 1) is -0.00655
Calculated 2-RDM element with Parallel after GPU Parallel 1st way, (2, 2, 2, 2) is 0.0
Calculated 2-RDM element with Parallel after GPU Parallel 1st way, (2, 2, 2, 3) is 0.0
Calculated 2-RDM element with Parallel after GPU Parallel 1st way, (2, 2, 3, 3) is 0.0
Calculated 2-RDM element with Parallel after GPU Parallel 1st way, (2, 3, 2, 3) is -0.04955000000000004
Calculated 2-RDM element with Parallel after GPU Parallel 1st way, (2, 3, 3, 3) is 0.0
Calculated 2-RDM element with Parallel after GPU Parallel 1st way, (3, 0, 0, 2) is 0.03855
Calculated 2-RDM element with Parallel after GPU Parallel 1st way, (3, 0, 2, 1) is -0.00315
Calculated 2-RDM element with Parallel after GPU Parallel 1st way, (3, 0, 3, 0) is -0.16240000000000002
Calculated 2-RDM element with Parallel after GPU Parallel 1st way, (3, 0, 3, 1) is 0.0274
Calculated 2-RDM element with Parallel after GPU Parallel 1st way, (3, 1, 0, 2) is -0.27775
Calculated 2-RDM element with Parallel after GPU Parallel 1st way, (3, 1, 0, 3) is -0.0274
Calculated 2-RDM element with Parallel after GPU Parallel 1st way, (3, 1, 1, 2) is 0.00655
Calculated 2-RDM element with Parallel after GPU Parallel 1st way, (3, 1, 3, 1) is -0.31275
Calculated 2-RDM element with Parallel after GPU Parallel 1st way, (3, 2, 2, 2) is 0.0
Calculated 2-RDM element with Parallel after GPU Parallel 1st way, (3, 2, 3, 2) is -0.04954999999999998
Calculated 2-RDM element with Parallel after GPU Parallel 1st way, (3, 3, 3, 2) is 0.0
Calculated 2-RDM element with Parallel after GPU Parallel 1st way, (3, 3, 3, 3) is 0.0
Execution time of get_two_rdm_Parallel: 5.81070613861084 seconds
Calculated 2-RDM element with Parallel after GPU Parallel 2nd way, (0, 0, 0, 0) is 0.0
Calculated 2-RDM element with Parallel after GPU Parallel 2nd way, (0, 0, 0, 1) is 0.0
Calculated 2-RDM element with Parallel after GPU Parallel 2nd way, (0, 0, 1, 1) is 0.0
Calculated 2-RDM element with Parallel after GPU Parallel 2nd way, (0, 1, 0, 1) is -0.10455000000000003
Calculated 2-RDM element with Parallel after GPU Parallel 2nd way, (0, 1, 1, 1) is 0.0
Calculated 2-RDM element with Parallel after GPU Parallel 2nd way, (0, 2, 0, 2) is -0.5217
Calculated 2-RDM element with Parallel after GPU Parallel 2nd way, (0, 2, 0, 3) is -0.037175
Calculated 2-RDM element with Parallel after GPU Parallel 2nd way, (0, 2, 1, 2) is 0.007600000000000001
Calculated 2-RDM element with Parallel after GPU Parallel 2nd way, (0, 2, 1, 3) is 0.279275
Calculated 2-RDM element with Parallel after GPU Parallel 2nd way, (0, 3, 0, 3) is -0.15655000000000002
Calculated 2-RDM element with Parallel after GPU Parallel 2nd way, (0, 3, 1, 2) is 0.0008499999999999966
Calculated 2-RDM element with Parallel after GPU Parallel 2nd way, (0, 3, 1, 3) is 0.027575000000000002
Calculated 2-RDM element with Parallel after GPU Parallel 2nd way, (0, 3, 2, 0) is 0.037175
Calculated 2-RDM element with Parallel after GPU Parallel 2nd way, (1, 0, 0, 0) is 0.0
Calculated 2-RDM element with Parallel after GPU Parallel 2nd way, (1, 0, 1, 0) is -0.10454999999999998
Calculated 2-RDM element with Parallel after GPU Parallel 2nd way, (1, 1, 1, 0) is 0.0
Calculated 2-RDM element with Parallel after GPU Parallel 2nd way, (1, 1, 1, 1) is 0.0
Calculated 2-RDM element with Parallel after GPU Parallel 2nd way, (1, 2, 1, 2) is -0.06534999999999996
Calculated 2-RDM element with Parallel after GPU Parallel 2nd way, (1, 2, 1, 3) is -0.007574999999999999
Calculated 2-RDM element with Parallel after GPU Parallel 2nd way, (1, 2, 2, 0) is -0.0076
Calculated 2-RDM element with Parallel after GPU Parallel 2nd way, (1, 2, 3, 0) is -0.0008499999999999966
Calculated 2-RDM element with Parallel after GPU Parallel 2nd way, (1, 3, 1, 3) is -0.3023
Calculated 2-RDM element with Parallel after GPU Parallel 2nd way, (1, 3, 2, 0) is -0.27927500000000005
Calculated 2-RDM element with Parallel after GPU Parallel 2nd way, (1, 3, 2, 1) is 0.007574999999999998
Calculated 2-RDM element with Parallel after GPU Parallel 2nd way, (1, 3, 3, 0) is -0.027575000000000002
Calculated 2-RDM element with Parallel after GPU Parallel 2nd way, (2, 0, 2, 0) is -0.5216999999999999
Calculated 2-RDM element with Parallel after GPU Parallel 2nd way, (2, 0, 2, 1) is 0.007600000000000001
Calculated 2-RDM element with Parallel after GPU Parallel 2nd way, (2, 0, 3, 0) is -0.037175
Calculated 2-RDM element with Parallel after GPU Parallel 2nd way, (2, 0, 3, 1) is 0.279275
Calculated 2-RDM element with Parallel after GPU Parallel 2nd way, (2, 1, 0, 2) is -0.0076
Calculated 2-RDM element with Parallel after GPU Parallel 2nd way, (2, 1, 0, 3) is -0.0008499999999999966
Calculated 2-RDM element with Parallel after GPU Parallel 2nd way, (2, 1, 2, 1) is -0.06534999999999996
Calculated 2-RDM element with Parallel after GPU Parallel 2nd way, (2, 1, 3, 1) is -0.007574999999999999
Calculated 2-RDM element with Parallel after GPU Parallel 2nd way, (2, 2, 2, 2) is 0.0
Calculated 2-RDM element with Parallel after GPU Parallel 2nd way, (2, 2, 2, 3) is 0.0
Calculated 2-RDM element with Parallel after GPU Parallel 2nd way, (2, 2, 3, 3) is 0.0
Calculated 2-RDM element with Parallel after GPU Parallel 2nd way, (2, 3, 2, 3) is -0.046749999999999986
Calculated 2-RDM element with Parallel after GPU Parallel 2nd way, (2, 3, 3, 3) is 0.0
Calculated 2-RDM element with Parallel after GPU Parallel 2nd way, (3, 0, 0, 2) is 0.037175
Calculated 2-RDM element with Parallel after GPU Parallel 2nd way, (3, 0, 2, 1) is 0.0008499999999999966
Calculated 2-RDM element with Parallel after GPU Parallel 2nd way, (3, 0, 3, 0) is -0.15654999999999997
Calculated 2-RDM element with Parallel after GPU Parallel 2nd way, (3, 0, 3, 1) is 0.027575000000000002
Calculated 2-RDM element with Parallel after GPU Parallel 2nd way, (3, 1, 0, 2) is -0.27927500000000005
Calculated 2-RDM element with Parallel after GPU Parallel 2nd way, (3, 1, 0, 3) is -0.027575000000000002
Calculated 2-RDM element with Parallel after GPU Parallel 2nd way, (3, 1, 1, 2) is 0.007574999999999998
Calculated 2-RDM element with Parallel after GPU Parallel 2nd way, (3, 1, 3, 1) is -0.3023
Calculated 2-RDM element with Parallel after GPU Parallel 2nd way, (3, 2, 2, 2) is 0.0
Calculated 2-RDM element with Parallel after GPU Parallel 2nd way, (3, 2, 3, 2) is -0.046749999999999986
Calculated 2-RDM element with Parallel after GPU Parallel 2nd way, (3, 3, 3, 2) is 0.0
Calculated 2-RDM element with Parallel after GPU Parallel 2nd way, (3, 3, 3, 3) is 0.0
Execution time of get_two_rdm_Parallel2: 1.9019343852996826 seconds
{'IIII': 1.0, 'IIZI': 0.2668, 'IIIZ': -0.3342, 'IIZZ': -0.6852, 'IZII': -0.1842, 'IZIZ': 0.5532, 'XYII': 0.004, 'YYII': 0.1078, 'XYIZ': -0.002, 'YYIZ': -0.0602, 'XXII': 0.0792, 'YXII': 0.0026, 'XXIZ': -0.0644, 'YXIZ': -0.0032, 'IIXY': 0.0032, 'IZXY': -0.0058, 'IIYY': -0.0794, 'IZYY': -0.0376, 'IIXX': -0.0576, 'IZXX': -0.0262, 'IIYX': 0.0068, 'IZYX': 0.001, 'XYXY': 0.552, 'YYXY': 0.0004, 'XYYY': -0.001, 'YYYY': -0.5536, 'XXXY': 0.0056, 'YXXY': -0.5658, 'XXYY': -0.5746, 'YXYY': -0.0038, 'XYXX': -0.005, 'YYXX': -0.5328, 'XYYX': -0.5492, 'YYYX': -0.0012, 'XXXX': -0.5552, 'YXXX': -0.0022, 'XXYX': -0.0092, 'YXYX': 0.5642, 'ZIII': 0.1638, 'ZIIZ': -0.5526, 'ZIXY': -0.0034, 'ZIYY': 0.0362, 'ZIXX': 0.0342, 'ZIYX': 0.0088, 'IZZI': -0.656, 'XYZI': 0.0028, 'YYZI': 0.0644, 'XXZI': 0.0578, 'YXZI': -0.0142, 'ZIZI': 0.6356, 'ZZII': -0.8018}
Calculated 2-RDM element with Parallel after GPU Parallel 3th way, (0, 0, 0, 0) is 0.0
Calculated 2-RDM element with Parallel after GPU Parallel 3th way, (0, 0, 0, 1) is 0.0
Calculated 2-RDM element with Parallel after GPU Parallel 3th way, (0, 0, 1, 1) is 0.0
Calculated 2-RDM element with Parallel after GPU Parallel 3th way, (0, 2, 0, 2) is -0.5179
Calculated 2-RDM element with Parallel after GPU Parallel 3th way, (0, 1, 0, 1) is -0.09555000000000002
Calculated 2-RDM element with Parallel after GPU Parallel 3th way, (0, 2, 0, 3) is -0.03895
Calculated 2-RDM element with Parallel after GPU Parallel 3th way, (0, 1, 1, 1) is 0.0
Calculated 2-RDM element with Parallel after GPU Parallel 3th way, (0, 3, 1, 3) is 0.025925000000000004
Calculated 2-RDM element with Parallel after GPU Parallel 3th way, (0, 3, 0, 3) is -0.15445000000000003
Calculated 2-RDM element with Parallel after GPU Parallel 3th way, (0, 2, 1, 2) is 0.009150000000000002
Calculated 2-RDM element with Parallel after GPU Parallel 3th way, (1, 1, 1, 0) is 0.0
Calculated 2-RDM element with Parallel after GPU Parallel 3th way, (0, 2, 1, 3) is 0.2779625
Calculated 2-RDM element with Parallel after GPU Parallel 3th way, (1, 2, 1, 2) is -0.06535000000000002
Calculated 2-RDM element with Parallel after GPU Parallel 3th way, (0, 3, 1, 2) is -0.0009375000000000078
Calculated 2-RDM element with Parallel after GPU Parallel 3th way, (1, 2, 2, 0) is -0.009150000000000002
Calculated 2-RDM element with Parallel after GPU Parallel 3th way, (1, 0, 0, 0) is 0.0
Calculated 2-RDM element with Parallel after GPU Parallel 3th way, (0, 3, 2, 0) is 0.03895
Calculated 2-RDM element with Parallel after GPU Parallel 3th way, (1, 0, 1, 0) is -0.09555000000000002
Calculated 2-RDM element with Parallel after GPU Parallel 3th way, (1, 1, 1, 1) is 0.0
Calculated 2-RDM element with Parallel after GPU Parallel 3th way, (1, 3, 1, 3) is -0.30125
Calculated 2-RDM element with Parallel after GPU Parallel 3th way, (2, 0, 3, 0) is -0.03895
Calculated 2-RDM element with Parallel after GPU Parallel 3th way, (2, 0, 2, 1) is 0.009150000000000002
Calculated 2-RDM element with Parallel after GPU Parallel 3th way, (2, 2, 3, 3) is 0.0
Calculated 2-RDM element with Parallel after GPU Parallel 3th way, (1, 2, 1, 3) is -0.008100000000000001
Calculated 2-RDM element with Parallel after GPU Parallel 3th way, (2, 0, 3, 1) is 0.2779625
Calculated 2-RDM element with Parallel after GPU Parallel 3th way, (1, 2, 3, 0) is 0.0009375000000000078
Calculated 2-RDM element with Parallel after GPU Parallel 3th way, (1, 3, 3, 0) is -0.025925000000000004
Calculated 2-RDM element with Parallel after GPU Parallel 3th way, (2, 2, 2, 3) is 0.0
Calculated 2-RDM element with Parallel after GPU Parallel 3th way, (1, 3, 2, 1) is 0.008100000000000001
Calculated 2-RDM element with Parallel after GPU Parallel 3th way, (2, 2, 2, 2) is 0.0
Calculated 2-RDM element with Parallel after GPU Parallel 3th way, (3, 0, 2, 1) is -0.0009375000000000078
Calculated 2-RDM element with Parallel after GPU Parallel 3th way, (1, 3, 2, 0) is -0.2779625
Calculated 2-RDM element with Parallel after GPU Parallel 3th way, (3, 0, 3, 0) is -0.15445000000000003
Calculated 2-RDM element with Parallel after GPU Parallel 3th way, (3, 3, 3, 3) is 0.0
Calculated 2-RDM element with Parallel after GPU Parallel 3th way, (2, 3, 3, 3) is 0.0
Calculated 2-RDM element with Parallel after GPU Parallel 3th way, (2, 1, 0, 2) is -0.009150000000000002
Calculated 2-RDM element with Parallel after GPU Parallel 3th way, (3, 0, 3, 1) is 0.025925000000000004
Calculated 2-RDM element with Parallel after GPU Parallel 3th way, (3, 2, 3, 2) is -0.054650000000000004
Calculated 2-RDM element with Parallel after GPU Parallel 3th way, (3, 2, 2, 2) is 0.0
Calculated 2-RDM element with Parallel after GPU Parallel 3th way, (2, 0, 2, 0) is -0.5179
Calculated 2-RDM element with Parallel after GPU Parallel 3th way, (3, 0, 0, 2) is 0.03895
Calculated 2-RDM element with Parallel after GPU Parallel 3th way, (2, 1, 0, 3) is 0.0009375000000000078
Calculated 2-RDM element with Parallel after GPU Parallel 3th way, (3, 3, 3, 2) is 0.0
Calculated 2-RDM element with Parallel after GPU Parallel 3th way, (2, 3, 2, 3) is -0.054650000000000004
Calculated 2-RDM element with Parallel after GPU Parallel 3th way, (3, 1, 0, 2) is -0.2779625
Calculated 2-RDM element with Parallel after GPU Parallel 3th way, (2, 1, 3, 1) is -0.008100000000000001
Calculated 2-RDM element with Parallel after GPU Parallel 3th way, (3, 1, 0, 3) is -0.025925000000000004
Calculated 2-RDM element with Parallel after GPU Parallel 3th way, (2, 1, 2, 1) is -0.06535000000000002
Calculated 2-RDM element with Parallel after GPU Parallel 3th way, (3, 1, 1, 2) is 0.008100000000000001
Calculated 2-RDM element with Parallel after GPU Parallel 3th way, (3, 1, 3, 1) is -0.30125
Execution time of get_two_rdm_Parallel3: 2.007822036743164 seconds
Number of 'cx' gates before replacing gates: 56
Number of 'h' gates before replacing gates: 72
Number of 's' gates before replacing gates: 24
Number of 'rz' gates before replacing gates: 32
Number of 'x' gates before replacing gates: 0
Number of 'y' gates before replacing gates: 0
Number of parameterized gates before replacing gates: 0
{ParameterVectorElement(t[0]): 0.003283592727708477, ParameterVectorElement(t[1]): -0.0033331969949505487, ParameterVectorElement(t[2]): -0.6264146360644844}
Total parameter gates replaced: 0
Number of 'cx' gates after replacing gates: 56
Number of 'h' gates after replacing gates: 72
Number of 's' gates after replacing gates: 24
Number of 'rz' gates after replacing gates: 32
Number of 'x' gates after replacing gates: 0
Number of 'y' gates after replacing gates: 0
Number of 'z' gates after replacing gates: 0
Gate replacement successful.
Calculated 1-RDM element with wavefunction (0, 0) is 0.6563044300018247
Calculated 1-RDM element with wavefunction (1, 0) is -0.004614142799706525
Calculated 1-RDM element with wavefunction (0, 1) is -0.004614142799706525
Calculated 1-RDM element with wavefunction (0, 2) is -4.1756904002258927e-19
Calculated 1-RDM element with wavefunction (0, 3) is -2.0087273008551257e-17
Calculated 1-RDM element with wavefunction (1, 1) is 0.3436955699981622
Calculated 1-RDM element with wavefunction (2, 3) is 0.004625247854334651
Calculated 1-RDM element with wavefunction (1, 2) is -4.842595268546894e-17
Calculated 1-RDM element with wavefunction (3, 2) is 0.004625247854334651
Calculated 1-RDM element with wavefunction (2, 0) is -4.1756904002258927e-19
Calculated 1-RDM element with wavefunction (1, 3) is -4.2000289270643313e-19
Calculated 1-RDM element with wavefunction (2, 2) is 0.6563041017832142
Calculated 1-RDM element with wavefunction (3, 3) is 0.34369589821677277
Calculated 1-RDM element with wavefunction (3, 1) is -4.2000289270643313e-19
Calculated 1-RDM element with wavefunction (3, 0) is -2.0087273008551257e-17
Calculated 1-RDM element with wavefunction (2, 1) is -4.842595268546894e-17
Execution time of get_one_rdm_wavefunction: 0.0712897777557373 seconds
Calculated 2-RDM element with wavefunction (0, 0, 0, 0) is 0.0
Calculated 2-RDM element with wavefunction (0, 0, 1, 1) is 0.0
Calculated 2-RDM element with wavefunction (0, 1, 0, 1) is -8.38261975106039e-32
Calculated 2-RDM element with wavefunction (0, 2, 1, 3) is 0.4749295007173572
Calculated 2-RDM element with wavefunction (0, 1, 1, 1) is 0.0
Calculated 2-RDM element with wavefunction (0, 0, 0, 1) is 0.0
Calculated 2-RDM element with wavefunction (1, 0, 0, 0) is 0.0
Calculated 2-RDM element with wavefunction (0, 3, 0, 3) is -1.1110041272560953e-05
Calculated 2-RDM element with wavefunction (1, 1, 1, 0) is 0.0
Calculated 2-RDM element with wavefunction (1, 1, 1, 1) is 0.0
Calculated 2-RDM element with wavefunction (0, 3, 2, 0) is 0.002700267740737534
Calculated 2-RDM element with wavefunction (1, 2, 1, 2) is -1.0781822662026448e-05
Calculated 2-RDM element with wavefunction (1, 2, 1, 3) is -0.0019249801135971165
Calculated 2-RDM element with wavefunction (1, 2, 3, 0) is -1.0944701675630397e-05
Calculated 2-RDM element with wavefunction (2, 0, 2, 1) is 0.0026600823652825597
Calculated 2-RDM element with wavefunction (0, 2, 1, 2) is 0.0026600823652825597
Calculated 2-RDM element with wavefunction (0, 3, 1, 3) is 0.001954060434423965
Calculated 2-RDM element with wavefunction (0, 2, 0, 2) is -0.6562933199605522
Calculated 2-RDM element with wavefunction (0, 2, 0, 3) is -0.002700267740737534
Calculated 2-RDM element with wavefunction (2, 2, 2, 2) is 0.0
Calculated 2-RDM element with wavefunction (2, 0, 2, 0) is -0.6562933199605522
Calculated 2-RDM element with wavefunction (0, 3, 1, 2) is 1.0944701675630397e-05
Calculated 2-RDM element with wavefunction (1, 3, 3, 0) is -0.001954060434423965
Calculated 2-RDM element with wavefunction (2, 2, 3, 3) is 0.0
Calculated 2-RDM element with wavefunction (1, 3, 2, 1) is 0.0019249801135971165
Calculated 2-RDM element with wavefunction (1, 2, 2, 0) is -0.0026600823652825597
Calculated 2-RDM element with wavefunction (2, 0, 3, 0) is -0.002700267740737534
Calculated 2-RDM element with wavefunction (3, 0, 3, 1) is 0.001954060434423965
Calculated 2-RDM element with wavefunction (1, 3, 2, 0) is -0.4749295007173572
Calculated 2-RDM element with wavefunction (1, 3, 1, 3) is -0.3436847881755002
Calculated 2-RDM element with wavefunction (3, 1, 1, 2) is 0.0019249801135971165
Calculated 2-RDM element with wavefunction (1, 0, 1, 0) is -8.38261975106039e-32
Calculated 2-RDM element with wavefunction (3, 2, 2, 2) is 0.0
Calculated 2-RDM element with wavefunction (2, 3, 2, 3) is -1.1665546021333263e-32
Calculated 2-RDM element with wavefunction (3, 1, 0, 3) is -0.001954060434423965
Calculated 2-RDM element with wavefunction (3, 3, 3, 2) is 0.0
Calculated 2-RDM element with wavefunction (2, 1, 2, 1) is -1.0781822662026448e-05
Calculated 2-RDM element with wavefunction (3, 0, 3, 0) is -1.1110041272560953e-05
Calculated 2-RDM element with wavefunction (2, 3, 3, 3) is 0.0
Calculated 2-RDM element with wavefunction (2, 2, 2, 3) is 0.0
Calculated 2-RDM element with wavefunction (3, 0, 0, 2) is 0.002700267740737534
Calculated 2-RDM element with wavefunction (2, 0, 3, 1) is 0.4749295007173572
Calculated 2-RDM element with wavefunction (2, 1, 3, 1) is -0.0019249801135971165
Calculated 2-RDM element with wavefunction (3, 0, 2, 1) is 1.0944701675630397e-05
Calculated 2-RDM element with wavefunction (3, 1, 0, 2) is -0.4749295007173572
Calculated 2-RDM element with wavefunction (3, 1, 3, 1) is -0.3436847881755002
Calculated 2-RDM element with wavefunction (3, 2, 3, 2) is -1.1665546021333263e-32
Calculated 2-RDM element with wavefunction (3, 3, 3, 3) is 0.0
Calculated 2-RDM element with wavefunction (2, 1, 0, 2) is -0.0026600823652825597
Calculated 2-RDM element with wavefunction (2, 1, 0, 3) is -1.0944701675630397e-05
Execution time of get_two_rdm_wavefunction: 0.2532212734222412 seconds
Calculated 2-RDM element (0, 0, 0, 1) is 0.0
Calculated 2-RDM element (0, 0, 1, 1) is 0.0
Calculated 2-RDM element (0, 0, 0, 0) is 0.0
Calculated 2-RDM element (0, 1, 1, 1) is 0.0
Calculated 2-RDM element (1, 1, 1, 0) is 0.0
Calculated 2-RDM element (1, 0, 0, 0) is 0.0
Calculated 2-RDM element (1, 1, 1, 1) is 0.0
Calculated 2-RDM element (2, 2, 2, 2) is 0.0
Calculated 2-RDM element (2, 2, 2, 3) is 0.0
Calculated 2-RDM element (2, 3, 3, 3) is 0.0
Calculated 2-RDM element (2, 2, 3, 3) is 0.0
Calculated 2-RDM element (3, 2, 2, 2) is 0.0
Calculated 2-RDM element (3, 3, 3, 2) is 0.0
Calculated 2-RDM element (3, 3, 3, 3) is 0.0
Calculated 2-RDM element (1, 2, 1, 2) is -0.06864999999999999
Calculated 2-RDM element (0, 2, 0, 2) is -0.51935
Calculated 2-RDM element (1, 0, 1, 0) is -0.09315000000000001
Calculated 2-RDM element (2, 0, 2, 0) is -0.5237499999999999
Calculated 2-RDM element (1, 3, 1, 3) is -0.29990000000000006
Calculated 2-RDM element (0, 1, 0, 1) is -0.0947
Calculated 2-RDM element (0, 3, 0, 3) is -0.14949999999999997
Calculated 2-RDM element (2, 1, 2, 1) is -0.05965000000000001
Calculated 2-RDM element (3, 0, 3, 0) is -0.15574999999999997
Calculated 2-RDM element (2, 3, 2, 3) is -0.0504
Calculated 2-RDM element (3, 1, 3, 1) is -0.30025
Calculated 2-RDM element (3, 2, 3, 2) is -0.04945000000000002
Calculated 2-RDM element (1, 3, 3, 0) is 0.00044999999999999977
Calculated 2-RDM element (1, 2, 1, 3) is -0.004325
Calculated 2-RDM element (1, 3, 2, 1) is 0.0034
Calculated 2-RDM element (2, 0, 2, 1) is -0.002625
Calculated 2-RDM element (0, 2, 1, 2) is 0.0049
Calculated 2-RDM element (1, 2, 2, 0) is 0.0039
Calculated 2-RDM element (0, 2, 0, 3) is -0.0015749999999999998
Calculated 2-RDM element (0, 3, 2, 0) is 0.00165
Calculated 2-RDM element (2, 0, 3, 0) is -0.0012000000000000001
Calculated 2-RDM element (2, 1, 3, 1) is -0.0035499999999999998
Calculated 2-RDM element (2, 1, 0, 2) is -0.0033250000000000003
Calculated 2-RDM element (0, 3, 1, 3) is -0.0003750000000000001
Calculated 2-RDM element (3, 0, 3, 1) is 0.00315
Calculated 2-RDM element (3, 0, 0, 2) is 0.001425
Calculated 2-RDM element (3, 1, 1, 2) is 0.0012000000000000003
Calculated 2-RDM element (3, 1, 0, 3) is -0.003125
Calculated 2-RDM element (1, 2, 3, 0) is 0.0029125000000000054
Calculated 2-RDM element (2, 0, 3, 1) is 0.2757625
Calculated 2-RDM element (0, 2, 1, 3) is 0.2778
Calculated 2-RDM element (0, 3, 1, 2) is -8.74999999999973e-05
Calculated 2-RDM element (2, 1, 0, 3) is 0.0006750000000000089
Calculated 2-RDM element (1, 3, 2, 0) is -0.27675
Calculated 2-RDM element (3, 1, 0, 2) is -0.27802499999999997
Calculated 2-RDM element (3, 0, 2, 1) is -0.001387499999999993
Execution time of get_two_rdm: 13.56402325630188 seconds
Calculated 1-RDM element (0, 0) is 0.6752
Calculated 1-RDM element (1, 1) is 0.3725
Calculated 1-RDM element (2, 2) is 0.5938
Calculated 1-RDM element (3, 3) is 0.4109
Calculated 1-RDM element (0, 1) is -0.00515
Calculated 1-RDM element (0, 2) is -0.0015999999999999999
Calculated 1-RDM element (1, 0) is -0.00665
Calculated 1-RDM element (0, 3) is -0.00014999999999999996
Calculated 1-RDM element (2, 1) is -0.0039499999999999995
Calculated 1-RDM element (1, 2) is -0.00915
Calculated 1-RDM element (2, 0) is -0.00165
Calculated 1-RDM element (2, 3) is 0.0073
Calculated 1-RDM element (1, 3) is 0.00035000000000000005
Calculated 1-RDM element (3, 0) is 0.00275
Calculated 1-RDM element (3, 2) is -0.0026
Calculated 1-RDM element (3, 1) is -0.00014999999999999996
Execution time of get_one_rdm: 1.920454978942871 seconds
Calculated 2-RDM element (0, 1, 1, 1) is 0.0
Calculated 2-RDM element (0, 0, 0, 1) is 0.0
Calculated 2-RDM element (0, 0, 0, 0) is 0.0
Calculated 2-RDM element (1, 0, 0, 0) is 0.0
Calculated 2-RDM element (1, 1, 1, 1) is 0.0
Calculated 2-RDM element (1, 1, 1, 0) is 0.0
Calculated 2-RDM element (0, 0, 1, 1) is 0.0
Calculated 2-RDM element (2, 2, 2, 2) is 0.0
Calculated 2-RDM element (2, 2, 2, 3) is 0.0
Calculated 2-RDM element (2, 3, 3, 3) is 0.0
Calculated 2-RDM element (2, 2, 3, 3) is 0.0
Calculated 2-RDM element (3, 2, 2, 2) is 0.0
Calculated 2-RDM element (3, 3, 3, 2) is 0.0
Calculated 2-RDM element (3, 3, 3, 3) is 0.0
Calculated 2-RDM element (0, 2, 0, 2) is -0.6562933199605527
Calculated 2-RDM element (0, 1, 0, 1) is -1.8318679906315083e-15
Calculated 2-RDM element (0, 3, 0, 3) is -1.1110041274464688e-05
Calculated 2-RDM element (1, 0, 1, 0) is -1.8318679906315083e-15
Calculated 2-RDM element (1, 2, 1, 2) is -1.07818226638412e-05
Calculated 2-RDM element (2, 0, 2, 0) is -0.6562933199605527
Calculated 2-RDM element (1, 3, 1, 3) is -0.34368478817550135
Calculated 2-RDM element (2, 1, 2, 1) is -1.07818226638412e-05
Calculated 2-RDM element (3, 0, 3, 0) is -1.1110041274464688e-05
Calculated 2-RDM element (2, 3, 2, 3) is -1.8318679906315083e-15
Calculated 2-RDM element (3, 1, 3, 1) is -0.34368478817550135
Calculated 2-RDM element (3, 2, 3, 2) is -1.8318679906315083e-15
Calculated 2-RDM element (0, 3, 1, 3) is 0.001954060434423841
Calculated 2-RDM element (0, 2, 1, 2) is 0.002660082365282427
Calculated 2-RDM element (1, 3, 2, 1) is 0.0019249801135970204
Calculated 2-RDM element (1, 2, 1, 3) is -0.0019249801135970204
Calculated 2-RDM element (2, 0, 3, 0) is -0.002700267740737363
Calculated 2-RDM element (1, 2, 2, 0) is -0.002660082365282427
Calculated 2-RDM element (0, 2, 0, 3) is -0.002700267740737363
Calculated 2-RDM element (2, 1, 3, 1) is -0.0019249801135970204
Calculated 2-RDM element (2, 1, 0, 2) is -0.002660082365282427
Calculated 2-RDM element (3, 0, 0, 2) is 0.002700267740737363
Calculated 2-RDM element (0, 3, 2, 0) is 0.002700267740737363
Calculated 2-RDM element (1, 3, 3, 0) is -0.001954060434423841
Calculated 2-RDM element (2, 0, 2, 1) is 0.002660082365282427
Calculated 2-RDM element (3, 1, 1, 2) is 0.0019249801135970204
Calculated 2-RDM element (3, 1, 0, 3) is -0.001954060434423841
Calculated 2-RDM element (3, 0, 3, 1) is 0.001954060434423841
Calculated 2-RDM element (3, 1, 0, 2) is -0.4749295007173563
Calculated 2-RDM element (1, 2, 3, 0) is -1.0944701675619228e-05
Calculated 2-RDM element (2, 0, 3, 1) is 0.4749295007173563
Calculated 2-RDM element (1, 3, 2, 0) is -0.4749295007173563
Calculated 2-RDM element (0, 3, 1, 2) is 1.0944701675619228e-05
Calculated 2-RDM element (0, 2, 1, 3) is 0.4749295007173563
Calculated 2-RDM element (3, 0, 2, 1) is 1.0944701675619228e-05
Calculated 2-RDM element (2, 1, 0, 3) is -1.0944701675619228e-05
Execution time of get_two_rdm: 9.465673923492432 seconds
Calculated 2-RDM element with wavefunction (0, 0, 1, 1) is 0.0
Calculated 2-RDM element with wavefunction (0, 0, 0, 0) is 0.0
Calculated 2-RDM element with wavefunction (0, 1, 0, 1) is -9.139720389423037e-33
Calculated 2-RDM element with wavefunction (0, 2, 0, 2) is -0.656293319960551
Calculated 2-RDM element with wavefunction (0, 2, 0, 3) is -0.002700267740737363
Calculated 2-RDM element with wavefunction (1, 0, 0, 0) is 0.0
Calculated 2-RDM element with wavefunction (0, 2, 1, 2) is 0.0026600823652824265
Calculated 2-RDM element with wavefunction (0, 0, 0, 1) is 0.0
Calculated 2-RDM element with wavefunction (0, 1, 1, 1) is 0.0
Calculated 2-RDM element with wavefunction (1, 2, 1, 3) is -0.00192498011359702
Calculated 2-RDM element with wavefunction (1, 2, 1, 2) is -1.0781822662025389e-05
Calculated 2-RDM element with wavefunction (0, 3, 1, 3) is 0.0019540604344238416
Calculated 2-RDM element with wavefunction (0, 3, 2, 0) is 0.002700267740737363
Calculated 2-RDM element with wavefunction (0, 3, 0, 3) is -1.1110041272559569e-05
Calculated 2-RDM element with wavefunction (1, 1, 1, 0) is 0.0
Calculated 2-RDM element with wavefunction (1, 3, 1, 3) is -0.3436847881754995
Calculated 2-RDM element with wavefunction (0, 2, 1, 3) is 0.47492950071735623
Calculated 2-RDM element with wavefunction (2, 2, 2, 2) is 0.0
Calculated 2-RDM element with wavefunction (1, 1, 1, 1) is 0.0
Calculated 2-RDM element with wavefunction (1, 0, 1, 0) is -9.139720389423037e-33
Calculated 2-RDM element with wavefunction (1, 3, 2, 0) is -0.47492950071735623
Calculated 2-RDM element with wavefunction (2, 0, 2, 0) is -0.656293319960551
Calculated 2-RDM element with wavefunction (2, 3, 2, 3) is -7.403428912767148e-32
Calculated 2-RDM element with wavefunction (2, 0, 2, 1) is 0.0026600823652824265
Calculated 2-RDM element with wavefunction (2, 2, 3, 3) is 0.0
Calculated 2-RDM element with wavefunction (0, 3, 1, 2) is 1.0944701675629178e-05
Calculated 2-RDM element with wavefunction (1, 2, 3, 0) is -1.0944701675629178e-05
Calculated 2-RDM element with wavefunction (3, 0, 0, 2) is 0.002700267740737363
Calculated 2-RDM element with wavefunction (3, 1, 1, 2) is 0.00192498011359702
Calculated 2-RDM element with wavefunction (3, 0, 3, 0) is -1.1110041272559569e-05
Calculated 2-RDM element with wavefunction (1, 2, 2, 0) is -0.0026600823652824265
Calculated 2-RDM element with wavefunction (3, 0, 2, 1) is 1.0944701675629178e-05
Calculated 2-RDM element with wavefunction (2, 0, 3, 1) is 0.47492950071735623
Calculated 2-RDM element with wavefunction (2, 1, 0, 3) is -1.0944701675629178e-05
Calculated 2-RDM element with wavefunction (2, 2, 2, 3) is 0.0
Calculated 2-RDM element with wavefunction (1, 3, 2, 1) is 0.00192498011359702
Calculated 2-RDM element with wavefunction (2, 3, 3, 3) is 0.0
Calculated 2-RDM element with wavefunction (2, 1, 0, 2) is -0.0026600823652824265
Calculated 2-RDM element with wavefunction (3, 1, 3, 1) is -0.3436847881754995
Calculated 2-RDM element with wavefunction (3, 3, 3, 3) is 0.0
Calculated 2-RDM element with wavefunction (2, 1, 2, 1) is -1.0781822662025389e-05
Calculated 2-RDM element with wavefunction (3, 2, 3, 2) is -7.403428912767148e-32
Calculated 2-RDM element with wavefunction (1, 3, 3, 0) is -0.0019540604344238416
Calculated 2-RDM element with wavefunction (3, 2, 2, 2) is 0.0
Calculated 2-RDM element with wavefunction (2, 1, 3, 1) is -0.00192498011359702
Calculated 2-RDM element with wavefunction (3, 1, 0, 2) is -0.47492950071735623
Calculated 2-RDM element with wavefunction (2, 0, 3, 0) is -0.002700267740737363
Calculated 2-RDM element with wavefunction (3, 3, 3, 2) is 0.0
Calculated 2-RDM element with wavefunction (3, 1, 0, 3) is -0.0019540604344238416
Calculated 2-RDM element with wavefunction (3, 0, 3, 1) is 0.0019540604344238416
Execution time of get_two_rdm_wavefunction: 0.2803380489349365 seconds
Calculated 2-RDM element (0, 0, 0, 0) is 0.0
Calculated 2-RDM element (0, 0, 1, 1) is 0.0
Calculated 2-RDM element (0, 1, 1, 1) is 0.0
Calculated 2-RDM element (0, 0, 0, 1) is 0.0
Calculated 2-RDM element (1, 0, 0, 0) is 0.0
Calculated 2-RDM element (1, 1, 1, 0) is 0.0
Calculated 2-RDM element (1, 1, 1, 1) is 0.0
Calculated 2-RDM element (2, 2, 2, 2) is 0.0
Calculated 2-RDM element (2, 2, 2, 3) is 0.0
Calculated 2-RDM element (2, 2, 3, 3) is 0.0
Calculated 2-RDM element (2, 3, 3, 3) is 0.0
Calculated 2-RDM element (3, 2, 2, 2) is 0.0
Calculated 2-RDM element (3, 3, 3, 2) is 0.0
Calculated 2-RDM element (3, 3, 3, 3) is 0.0
Calculated 2-RDM element (0, 2, 0, 2) is -0.5165
Calculated 2-RDM element (0, 3, 0, 3) is -0.15284999999999999
Calculated 2-RDM element (1, 0, 1, 0) is -0.09705
Calculated 2-RDM element (0, 1, 0, 1) is -0.10245000000000001
Calculated 2-RDM element (1, 2, 1, 2) is -0.06355
Calculated 2-RDM element (1, 3, 1, 3) is -0.29625
Calculated 2-RDM element (2, 0, 2, 0) is -0.5166000000000001
Calculated 2-RDM element (2, 1, 2, 1) is -0.0701
Calculated 2-RDM element (2, 3, 2, 3) is -0.052399999999999974
Calculated 2-RDM element (3, 2, 3, 2) is -0.048949999999999994
Calculated 2-RDM element (3, 0, 3, 0) is -0.15259999999999999
Calculated 2-RDM element (3, 1, 3, 1) is -0.3034
Calculated 2-RDM element (0, 2, 1, 2) is 0.004650000000000001
Calculated 2-RDM element (1, 2, 1, 3) is -0.0034750000000000007
Calculated 2-RDM element (0, 2, 0, 3) is -0.042199999999999994
Calculated 2-RDM element (0, 3, 2, 0) is 0.03605
Calculated 2-RDM element (1, 2, 2, 0) is -0.004824999999999999
Calculated 2-RDM element (2, 0, 3, 0) is -0.0369
Calculated 2-RDM element (1, 3, 3, 0) is -0.028925
Calculated 2-RDM element (0, 3, 1, 3) is 0.028925
Calculated 2-RDM element (1, 3, 2, 1) is 0.007149999999999998
Calculated 2-RDM element (2, 0, 2, 1) is 0.008575000000000001
Calculated 2-RDM element (2, 1, 0, 2) is -0.007875
Calculated 2-RDM element (3, 1, 0, 3) is -0.0308
Calculated 2-RDM element (3, 0, 3, 1) is 0.0266
Calculated 2-RDM element (2, 1, 3, 1) is -0.0022500000000000003
Calculated 2-RDM element (3, 1, 1, 2) is 0.008475
Calculated 2-RDM element (3, 0, 0, 2) is 0.035649999999999994
Calculated 2-RDM element (0, 2, 1, 3) is 0.2776
Calculated 2-RDM element (2, 0, 3, 1) is 0.276975
Calculated 2-RDM element (2, 1, 0, 3) is 0.00034999999999999615
Calculated 2-RDM element (0, 3, 1, 2) is -0.0009624999999999911
Calculated 2-RDM element (1, 3, 2, 0) is -0.2784375
Calculated 2-RDM element (1, 2, 3, 0) is -0.0020125000000000004
Calculated 2-RDM element (3, 0, 2, 1) is 0.0018749999999999947
Calculated 2-RDM element (3, 1, 0, 2) is -0.277625
Execution time of get_two_rdm: 9.861254930496216 seconds
{'IIII': 1.0, 'IIZI': 0.2472, 'IIIZ': -0.3478, 'IIZZ': -0.683, 'IZII': -0.1658, 'IZIZ': 0.536, 'XYII': 0.0136, 'YYII': 0.0854, 'XYIZ': -0.0028, 'YYIZ': -0.0702, 'XXII': 0.1136, 'YXII': 0.0058, 'XXIZ': -0.0468, 'YXIZ': -0.02, 'IIXY': 0.0094, 'IZXY': -0.0058, 'IIYY': -0.0688, 'IZYY': -0.0374, 'IIXX': -0.1, 'IZXX': -0.0484, 'IIYX': 0.001, 'IZYX': 0.0036, 'XYXY': 0.5648, 'YYXY': 0.0, 'XYYY': -0.0214, 'YYYY': -0.5468, 'XXXY': 0.0176, 'YXXY': -0.5724, 'XXYY': -0.5646, 'YXYY': -0.0016, 'XYXX': -0.0082, 'YYXX': -0.5546, 'XYYX': -0.544, 'YYYX': -0.0074, 'XXXX': -0.5544, 'YXXX': -0.0036, 'XXYX': 0.006, 'YXYX': 0.5648, 'ZIII': 0.1684, 'ZIIZ': -0.548, 'ZIXY': 0.0126, 'ZIYY': 0.0438, 'ZIXX': 0.0432, 'ZIYX': -0.006, 'IZZI': -0.6434, 'XYZI': -0.0066, 'YYZI': 0.0644, 'XXZI': 0.0608, 'YXZI': -0.0144, 'ZIZI': 0.6564, 'ZZII': -0.7978}
Calculated 2-RDM element with Parallel after GPU Parallel 1st way, (0, 0, 0, 0) is 0.0
Calculated 2-RDM element with Parallel after GPU Parallel 1st way, (0, 0, 0, 1) is 0.0
Calculated 2-RDM element with Parallel after GPU Parallel 1st way, (0, 0, 1, 1) is 0.0
Calculated 2-RDM element with Parallel after GPU Parallel 1st way, (0, 1, 0, 1) is -0.10439999999999999
Calculated 2-RDM element with Parallel after GPU Parallel 1st way, (0, 1, 1, 1) is 0.0
Calculated 2-RDM element with Parallel after GPU Parallel 1st way, (0, 2, 0, 2) is -0.5124
Calculated 2-RDM element with Parallel after GPU Parallel 1st way, (0, 2, 0, 3) is -0.0395
Calculated 2-RDM element with Parallel after GPU Parallel 1st way, (0, 2, 1, 2) is 0.010375000000000002
Calculated 2-RDM element with Parallel after GPU Parallel 1st way, (0, 2, 1, 3) is 0.27914999999999995
Calculated 2-RDM element with Parallel after GPU Parallel 1st way, (0, 3, 0, 3) is -0.15785
Calculated 2-RDM element with Parallel after GPU Parallel 1st way, (0, 3, 1, 2) is -0.0016000000000000042
Calculated 2-RDM element with Parallel after GPU Parallel 1st way, (0, 3, 1, 3) is 0.031975
Calculated 2-RDM element with Parallel after GPU Parallel 1st way, (0, 3, 2, 0) is 0.0395
Calculated 2-RDM element with Parallel after GPU Parallel 1st way, (1, 0, 0, 0) is 0.0
Calculated 2-RDM element with Parallel after GPU Parallel 1st way, (1, 0, 1, 0) is -0.10439999999999994
Calculated 2-RDM element with Parallel after GPU Parallel 1st way, (1, 1, 1, 0) is 0.0
Calculated 2-RDM element with Parallel after GPU Parallel 1st way, (1, 1, 1, 1) is 0.0
Calculated 2-RDM element with Parallel after GPU Parallel 1st way, (1, 2, 1, 2) is -0.0688
Calculated 2-RDM element with Parallel after GPU Parallel 1st way, (1, 2, 1, 3) is -0.009225
Calculated 2-RDM element with Parallel after GPU Parallel 1st way, (1, 2, 2, 0) is -0.010375
Calculated 2-RDM element with Parallel after GPU Parallel 1st way, (1, 2, 3, 0) is 0.0016000000000000042
Calculated 2-RDM element with Parallel after GPU Parallel 1st way, (1, 3, 1, 3) is -0.31020000000000003
Calculated 2-RDM element with Parallel after GPU Parallel 1st way, (1, 3, 2, 0) is -0.27915
Calculated 2-RDM element with Parallel after GPU Parallel 1st way, (1, 3, 2, 1) is 0.009225000000000002
Calculated 2-RDM element with Parallel after GPU Parallel 1st way, (1, 3, 3, 0) is -0.031974999999999996
Calculated 2-RDM element with Parallel after GPU Parallel 1st way, (2, 0, 2, 0) is -0.5124
Calculated 2-RDM element with Parallel after GPU Parallel 1st way, (2, 0, 2, 1) is 0.010375000000000002
Calculated 2-RDM element with Parallel after GPU Parallel 1st way, (2, 0, 3, 0) is -0.0395
Calculated 2-RDM element with Parallel after GPU Parallel 1st way, (2, 0, 3, 1) is 0.27915
Calculated 2-RDM element with Parallel after GPU Parallel 1st way, (2, 1, 0, 2) is -0.010375
Calculated 2-RDM element with Parallel after GPU Parallel 1st way, (2, 1, 0, 3) is 0.0016000000000000042
Calculated 2-RDM element with Parallel after GPU Parallel 1st way, (2, 1, 2, 1) is -0.06880000000000003
Calculated 2-RDM element with Parallel after GPU Parallel 1st way, (2, 1, 3, 1) is -0.009225
Calculated 2-RDM element with Parallel after GPU Parallel 1st way, (2, 2, 2, 2) is 0.0
Calculated 2-RDM element with Parallel after GPU Parallel 1st way, (2, 2, 2, 3) is 0.0
Calculated 2-RDM element with Parallel after GPU Parallel 1st way, (2, 2, 3, 3) is 0.0
Calculated 2-RDM element with Parallel after GPU Parallel 1st way, (2, 3, 2, 3) is -0.04990000000000003
Calculated 2-RDM element with Parallel after GPU Parallel 1st way, (2, 3, 3, 3) is 0.0
Calculated 2-RDM element with Parallel after GPU Parallel 1st way, (3, 0, 0, 2) is 0.0395
Calculated 2-RDM element with Parallel after GPU Parallel 1st way, (3, 0, 2, 1) is -0.0016000000000000042
Calculated 2-RDM element with Parallel after GPU Parallel 1st way, (3, 0, 3, 0) is -0.15784999999999993
Calculated 2-RDM element with Parallel after GPU Parallel 1st way, (3, 0, 3, 1) is 0.031975
Calculated 2-RDM element with Parallel after GPU Parallel 1st way, (3, 1, 0, 2) is -0.27915
Calculated 2-RDM element with Parallel after GPU Parallel 1st way, (3, 1, 0, 3) is -0.031974999999999996
Calculated 2-RDM element with Parallel after GPU Parallel 1st way, (3, 1, 1, 2) is 0.009225000000000002
Calculated 2-RDM element with Parallel after GPU Parallel 1st way, (3, 1, 3, 1) is -0.31020000000000003
Calculated 2-RDM element with Parallel after GPU Parallel 1st way, (3, 2, 2, 2) is 0.0
Calculated 2-RDM element with Parallel after GPU Parallel 1st way, (3, 2, 3, 2) is -0.0499
Calculated 2-RDM element with Parallel after GPU Parallel 1st way, (3, 3, 3, 2) is 0.0
Calculated 2-RDM element with Parallel after GPU Parallel 1st way, (3, 3, 3, 3) is 0.0
Execution time of get_two_rdm_Parallel: 1.6247103214263916 seconds
Calculated 1-RDM element (3, 3) is 0.3436958982167758
Calculated 1-RDM element (1, 1) is 0.3436955699981652
Calculated 1-RDM element (2, 2) is 0.6563041017832166
Calculated 1-RDM element (0, 0) is 0.6563044300018273
Calculated 1-RDM element (2, 3) is 0.0046252478543343835
Calculated 1-RDM element (1, 3) is -1.660086352421813e-19
Calculated 1-RDM element (2, 1) is 4.746750096509494e-17
Calculated 1-RDM element (3, 2) is 0.0046252478543343835
Calculated 1-RDM element (0, 2) is -1.6978468919881207e-19
Calculated 1-RDM element (1, 0) is -0.004614142799706268
Calculated 1-RDM element (0, 3) is 5.882884091350609e-17
Calculated 1-RDM element (1, 2) is 4.746750096509494e-17
Calculated 1-RDM element (0, 1) is -0.004614142799706268
Calculated 1-RDM element (3, 0) is 5.882884091350609e-17
Calculated 1-RDM element (2, 0) is -1.6978468919881207e-19
Calculated 1-RDM element (3, 1) is -1.660086352421813e-19
Execution time of get_one_rdm: 2.0634374618530273 seconds
Calculated 1-RDM element with wavefunction (0, 0) is 0.6563044300018235
Calculated 1-RDM element with wavefunction (0, 1) is -0.004614142799706268
Calculated 1-RDM element with wavefunction (2, 1) is 4.746750096509494e-17
Calculated 1-RDM element with wavefunction (1, 1) is 0.34369556999816153
Calculated 1-RDM element with wavefunction (1, 2) is 4.746750096509494e-17
Calculated 1-RDM element with wavefunction (1, 3) is -1.6600863524217896e-19
Calculated 1-RDM element with wavefunction (0, 2) is -1.6978468919881087e-19
Calculated 1-RDM element with wavefunction (2, 0) is -1.6978468919881087e-19
Calculated 1-RDM element with wavefunction (3, 3) is 0.3436958982167721
Calculated 1-RDM element with wavefunction (1, 0) is -0.004614142799706268
Calculated 1-RDM element with wavefunction (2, 2) is 0.656304101783213
Calculated 1-RDM element with wavefunction (3, 1) is -1.6600863524217896e-19
Calculated 1-RDM element with wavefunction (2, 3) is 0.0046252478543343835
Calculated 1-RDM element with wavefunction (3, 2) is 0.0046252478543343835
Calculated 1-RDM element with wavefunction (0, 3) is 5.882884091350608e-17
Calculated 1-RDM element with wavefunction (3, 0) is 5.882884091350608e-17
Execution time of get_one_rdm_wavefunction: 0.08454203605651855 seconds
Calculated 1-RDM element (0, 0) is 0.6705
Calculated 1-RDM element (1, 1) is 0.371
Calculated 1-RDM element (2, 2) is 0.5879
Calculated 1-RDM element (3, 3) is 0.4123
Calculated 1-RDM element (0, 1) is -0.0464
Calculated 1-RDM element (1, 0) is -0.035500000000000004
Calculated 1-RDM element (0, 3) is -0.0014500000000000001
Calculated 1-RDM element (1, 2) is 4.9999999999999914e-05
Calculated 1-RDM element (2, 0) is 0.0049
Calculated 1-RDM element (0, 2) is -0.0009
Calculated 1-RDM element (3, 2) is 0.042800000000000005
Calculated 1-RDM element (3, 0) is -0.0048000000000000004
Calculated 1-RDM element (2, 1) is -0.0008500000000000003
Calculated 1-RDM element (1, 3) is -0.00175
Calculated 1-RDM element (2, 3) is 0.0392
Calculated 1-RDM element (3, 1) is -0.0021
Execution time of get_one_rdm: 1.934300184249878 seconds
--- [DONE]  Processing for d = 2.20. Data saved. ---
--- [START] Processing for d = 3.4 ---
Attempting to load file: /home/u2600410/H2/H2_3.4_sto-3g.pkl
Using CPU for noisy estimator...
Number of qubits: 4
Execution time of Gene_Qiskit_VQE_hamiltonian: 0.0016565322875976562 seconds
VQE Optimal Energy: -0.93325555
{   'aux_operators_evaluated': None,
    'cost_function_evals': 56,
    'eigenvalue': -0.9332555533803534,
    'optimal_circuit': <qiskit_nature.second_q.circuit.library.ansatzes.uccsd.UCCSD object at 0x14d120435580>,
    'optimal_parameters': {   ParameterVectorElement(t[2]): -0.748387438506559,
                              ParameterVectorElement(t[1]): -0.14152679756761588,
                              ParameterVectorElement(t[0]): 0.1417615522791069},
    'optimal_point': array([ 0.14176155, -0.1415268 , -0.74838744]),
    'optimal_value': -0.9332555533803534,
    'optimizer_evals': None,
    'optimizer_result': <qiskit_algorithms.optimizers.optimizer.OptimizerResult object at 0x14d12035d3a0>,
    'optimizer_time': 1.7615594863891602}
VQE Optimal Energy: -0.78760578
{   'aux_operators_evaluated': None,
    'cost_function_evals': 44,
    'eigenvalue': -0.7876057831090708,
    'optimal_circuit': <qiskit_nature.second_q.circuit.library.ansatzes.uccsd.UCCSD object at 0x14d11e0596d0>,
    'optimal_parameters': {   ParameterVectorElement(t[2]): -0.7591292065007867,
                              ParameterVectorElement(t[0]): -0.05448108729486917,
                              ParameterVectorElement(t[1]): 0.025865593607168287},
    'optimal_point': array([-0.05448109,  0.02586559, -0.75912921]),
    'optimal_value': -0.7876057831090708,
    'optimizer_evals': None,
    'optimizer_result': <qiskit_algorithms.optimizers.optimizer.OptimizerResult object at 0x14d11e0585c0>,
    'optimizer_time': 6.622205972671509}
{'IIII': 1.0, 'IIZI': 0.0854, 'IIIZ': -0.1742, 'IIZZ': -0.681, 'IZII': -0.0488, 'IZIZ': 0.5586, 'XYII': -0.0088, 'YYII': -0.0548, 'XYIZ': 0.0066, 'YYIZ': -0.035, 'XXII': -0.0716, 'YXII': 0.0016, 'XXIZ': -0.0192, 'YXIZ': -0.0022, 'IIXY': 0.0086, 'IZXY': 0.0038, 'IIYY': 0.052, 'IZYY': -0.016, 'IIXX': 0.0736, 'IZXX': -0.0102, 'IIYX': 0.011, 'IZYX': -0.0046, 'XYXY': 0.5864, 'YYXY': 0.002, 'XYYY': 0.0036, 'YYYY': -0.5926, 'XXXY': 0.0016, 'YXXY': -0.583, 'XXYY': -0.5994, 'YXYY': -0.0016, 'XYXX': 0.0044, 'YYXX': -0.5708, 'XYYX': -0.5948, 'YYYX': -0.0008, 'XXXX': -0.5728, 'YXXX': 0.001, 'XXYX': -0.0172, 'YXYX': 0.577, 'ZIII': 0.035, 'ZIIZ': -0.5624, 'ZIXY': -0.0104, 'ZIYY': 0.0234, 'ZIXX': 0.0152, 'ZIYX': 0.0036, 'IZZI': -0.6586, 'XYZI': -0.0024, 'YYZI': 0.0178, 'XXZI': 0.0382, 'YXZI': -0.0076, 'ZIZI': 0.6432, 'ZZII': -0.8068}
Calculated 2-RDM element with Parallel after GPU Parallel 1st way, (0, 0, 0, 0) is 0.0
Calculated 2-RDM element with Parallel after GPU Parallel 1st way, (0, 0, 0, 1) is 0.0
Calculated 2-RDM element with Parallel after GPU Parallel 1st way, (0, 0, 1, 1) is 0.0
Calculated 2-RDM element with Parallel after GPU Parallel 1st way, (0, 1, 0, 1) is -0.10194999999999999
Calculated 2-RDM element with Parallel after GPU Parallel 1st way, (0, 1, 1, 1) is 0.0
Calculated 2-RDM element with Parallel after GPU Parallel 1st way, (0, 2, 0, 2) is -0.44539999999999996
Calculated 2-RDM element with Parallel after GPU Parallel 1st way, (0, 2, 0, 3) is 0.009025
Calculated 2-RDM element with Parallel after GPU Parallel 1st way, (0, 2, 1, 2) is -0.018975
Calculated 2-RDM element with Parallel after GPU Parallel 1st way, (0, 2, 1, 3) is 0.2923
Calculated 2-RDM element with Parallel after GPU Parallel 1st way, (0, 3, 0, 3) is -0.1442
Calculated 2-RDM element with Parallel after GPU Parallel 1st way, (0, 3, 1, 2) is -0.00034999999999999615
Calculated 2-RDM element with Parallel after GPU Parallel 1st way, (0, 3, 1, 3) is -0.010875
Calculated 2-RDM element with Parallel after GPU Parallel 1st way, (0, 3, 2, 0) is -0.009025
Calculated 2-RDM element with Parallel after GPU Parallel 1st way, (1, 0, 0, 0) is 0.0
Calculated 2-RDM element with Parallel after GPU Parallel 1st way, (1, 0, 1, 0) is -0.10194999999999999
Calculated 2-RDM element with Parallel after GPU Parallel 1st way, (1, 1, 1, 0) is 0.0
Calculated 2-RDM element with Parallel after GPU Parallel 1st way, (1, 1, 1, 1) is 0.0
Calculated 2-RDM element with Parallel after GPU Parallel 1st way, (1, 2, 1, 2) is -0.07619999999999999
Calculated 2-RDM element with Parallel after GPU Parallel 1st way, (1, 2, 1, 3) is 0.0228
Calculated 2-RDM element with Parallel after GPU Parallel 1st way, (1, 2, 2, 0) is 0.018975
Calculated 2-RDM element with Parallel after GPU Parallel 1st way, (1, 2, 3, 0) is 0.00034999999999999615
Calculated 2-RDM element with Parallel after GPU Parallel 1st way, (1, 3, 1, 3) is -0.3807
Calculated 2-RDM element with Parallel after GPU Parallel 1st way, (1, 3, 2, 0) is -0.2923
Calculated 2-RDM element with Parallel after GPU Parallel 1st way, (1, 3, 2, 1) is -0.0228
Calculated 2-RDM element with Parallel after GPU Parallel 1st way, (1, 3, 3, 0) is 0.010875
Calculated 2-RDM element with Parallel after GPU Parallel 1st way, (2, 0, 2, 0) is -0.44539999999999996
Calculated 2-RDM element with Parallel after GPU Parallel 1st way, (2, 0, 2, 1) is -0.018975
Calculated 2-RDM element with Parallel after GPU Parallel 1st way, (2, 0, 3, 0) is 0.009025
Calculated 2-RDM element with Parallel after GPU Parallel 1st way, (2, 0, 3, 1) is 0.2923
Calculated 2-RDM element with Parallel after GPU Parallel 1st way, (2, 1, 0, 2) is 0.018975
Calculated 2-RDM element with Parallel after GPU Parallel 1st way, (2, 1, 0, 3) is 0.00034999999999999615
Calculated 2-RDM element with Parallel after GPU Parallel 1st way, (2, 1, 2, 1) is -0.07619999999999999
Calculated 2-RDM element with Parallel after GPU Parallel 1st way, (2, 1, 3, 1) is 0.0228
Calculated 2-RDM element with Parallel after GPU Parallel 1st way, (2, 2, 2, 2) is 0.0
Calculated 2-RDM element with Parallel after GPU Parallel 1st way, (2, 2, 2, 3) is 0.0
Calculated 2-RDM element with Parallel after GPU Parallel 1st way, (2, 2, 3, 3) is 0.0
Calculated 2-RDM element with Parallel after GPU Parallel 1st way, (2, 3, 2, 3) is -0.05175000000000002
Calculated 2-RDM element with Parallel after GPU Parallel 1st way, (2, 3, 3, 3) is 0.0
Calculated 2-RDM element with Parallel after GPU Parallel 1st way, (3, 0, 0, 2) is -0.009025
Calculated 2-RDM element with Parallel after GPU Parallel 1st way, (3, 0, 2, 1) is -0.00034999999999999615
Calculated 2-RDM element with Parallel after GPU Parallel 1st way, (3, 0, 3, 0) is -0.1442
Calculated 2-RDM element with Parallel after GPU Parallel 1st way, (3, 0, 3, 1) is -0.010875
Calculated 2-RDM element with Parallel after GPU Parallel 1st way, (3, 1, 0, 2) is -0.2923
Calculated 2-RDM element with Parallel after GPU Parallel 1st way, (3, 1, 0, 3) is 0.010875
Calculated 2-RDM element with Parallel after GPU Parallel 1st way, (3, 1, 1, 2) is -0.0228
Calculated 2-RDM element with Parallel after GPU Parallel 1st way, (3, 1, 3, 1) is -0.3807
Calculated 2-RDM element with Parallel after GPU Parallel 1st way, (3, 2, 2, 2) is 0.0
Calculated 2-RDM element with Parallel after GPU Parallel 1st way, (3, 2, 3, 2) is -0.05175000000000002
Calculated 2-RDM element with Parallel after GPU Parallel 1st way, (3, 3, 3, 2) is 0.0
Calculated 2-RDM element with Parallel after GPU Parallel 1st way, (3, 3, 3, 3) is 0.0
Execution time of get_two_rdm_Parallel: 4.7263641357421875 seconds
Calculated 2-RDM element with Parallel after GPU Parallel 2nd way, (0, 0, 0, 0) is 0.0
Calculated 2-RDM element with Parallel after GPU Parallel 2nd way, (0, 0, 0, 1) is 0.0
Calculated 2-RDM element with Parallel after GPU Parallel 2nd way, (0, 0, 1, 1) is 0.0
Calculated 2-RDM element with Parallel after GPU Parallel 2nd way, (0, 1, 0, 1) is -0.09809999999999999
Calculated 2-RDM element with Parallel after GPU Parallel 2nd way, (0, 1, 1, 1) is 0.0
Calculated 2-RDM element with Parallel after GPU Parallel 2nd way, (0, 2, 0, 2) is -0.43809999999999993
Calculated 2-RDM element with Parallel after GPU Parallel 2nd way, (0, 2, 0, 3) is 0.010225
Calculated 2-RDM element with Parallel after GPU Parallel 2nd way, (0, 2, 1, 2) is -0.020325000000000003
Calculated 2-RDM element with Parallel after GPU Parallel 2nd way, (0, 2, 1, 3) is 0.2901875
Calculated 2-RDM element with Parallel after GPU Parallel 2nd way, (0, 3, 0, 3) is -0.13975000000000004
Calculated 2-RDM element with Parallel after GPU Parallel 2nd way, (0, 3, 1, 2) is -0.0009375000000000078
Calculated 2-RDM element with Parallel after GPU Parallel 2nd way, (0, 3, 1, 3) is -0.01105
Calculated 2-RDM element with Parallel after GPU Parallel 2nd way, (0, 3, 2, 0) is -0.010224999999999998
Calculated 2-RDM element with Parallel after GPU Parallel 2nd way, (1, 0, 0, 0) is 0.0
Calculated 2-RDM element with Parallel after GPU Parallel 2nd way, (1, 0, 1, 0) is -0.09809999999999994
Calculated 2-RDM element with Parallel after GPU Parallel 2nd way, (1, 1, 1, 0) is 0.0
Calculated 2-RDM element with Parallel after GPU Parallel 2nd way, (1, 1, 1, 1) is 0.0
Calculated 2-RDM element with Parallel after GPU Parallel 2nd way, (1, 2, 1, 2) is -0.07594999999999999
Calculated 2-RDM element with Parallel after GPU Parallel 2nd way, (1, 2, 1, 3) is 0.0213
Calculated 2-RDM element with Parallel after GPU Parallel 2nd way, (1, 2, 2, 0) is 0.020325000000000003
Calculated 2-RDM element with Parallel after GPU Parallel 2nd way, (1, 2, 3, 0) is 0.0009375000000000078
Calculated 2-RDM element with Parallel after GPU Parallel 2nd way, (1, 3, 1, 3) is -0.38165000000000004
Calculated 2-RDM element with Parallel after GPU Parallel 2nd way, (1, 3, 2, 0) is -0.29018750000000004
Calculated 2-RDM element with Parallel after GPU Parallel 2nd way, (1, 3, 2, 1) is -0.0213
Calculated 2-RDM element with Parallel after GPU Parallel 2nd way, (1, 3, 3, 0) is 0.01105
Calculated 2-RDM element with Parallel after GPU Parallel 2nd way, (2, 0, 2, 0) is -0.43809999999999993
Calculated 2-RDM element with Parallel after GPU Parallel 2nd way, (2, 0, 2, 1) is -0.020325000000000003
Calculated 2-RDM element with Parallel after GPU Parallel 2nd way, (2, 0, 3, 0) is 0.010225
Calculated 2-RDM element with Parallel after GPU Parallel 2nd way, (2, 0, 3, 1) is 0.2901875
Calculated 2-RDM element with Parallel after GPU Parallel 2nd way, (2, 1, 0, 2) is 0.020325000000000003
Calculated 2-RDM element with Parallel after GPU Parallel 2nd way, (2, 1, 0, 3) is 0.0009375000000000078
Calculated 2-RDM element with Parallel after GPU Parallel 2nd way, (2, 1, 2, 1) is -0.07594999999999999
Calculated 2-RDM element with Parallel after GPU Parallel 2nd way, (2, 1, 3, 1) is 0.0213
Calculated 2-RDM element with Parallel after GPU Parallel 2nd way, (2, 2, 2, 2) is 0.0
Calculated 2-RDM element with Parallel after GPU Parallel 2nd way, (2, 2, 2, 3) is 0.0
Calculated 2-RDM element with Parallel after GPU Parallel 2nd way, (2, 2, 3, 3) is 0.0
Calculated 2-RDM element with Parallel after GPU Parallel 2nd way, (2, 3, 2, 3) is -0.0471
Calculated 2-RDM element with Parallel after GPU Parallel 2nd way, (2, 3, 3, 3) is 0.0
Calculated 2-RDM element with Parallel after GPU Parallel 2nd way, (3, 0, 0, 2) is -0.010224999999999998
Calculated 2-RDM element with Parallel after GPU Parallel 2nd way, (3, 0, 2, 1) is -0.0009375000000000078
Calculated 2-RDM element with Parallel after GPU Parallel 2nd way, (3, 0, 3, 0) is -0.13974999999999999
Calculated 2-RDM element with Parallel after GPU Parallel 2nd way, (3, 0, 3, 1) is -0.01105
Calculated 2-RDM element with Parallel after GPU Parallel 2nd way, (3, 1, 0, 2) is -0.29018750000000004
Calculated 2-RDM element with Parallel after GPU Parallel 2nd way, (3, 1, 0, 3) is 0.01105
Calculated 2-RDM element with Parallel after GPU Parallel 2nd way, (3, 1, 1, 2) is -0.0213
Calculated 2-RDM element with Parallel after GPU Parallel 2nd way, (3, 1, 3, 1) is -0.38165
Calculated 2-RDM element with Parallel after GPU Parallel 2nd way, (3, 2, 2, 2) is 0.0
Calculated 2-RDM element with Parallel after GPU Parallel 2nd way, (3, 2, 3, 2) is -0.0471
Calculated 2-RDM element with Parallel after GPU Parallel 2nd way, (3, 3, 3, 2) is 0.0
Calculated 2-RDM element with Parallel after GPU Parallel 2nd way, (3, 3, 3, 3) is 0.0
Execution time of get_two_rdm_Parallel2: 1.9931581020355225 seconds
{'IIII': 1.0, 'IIZI': 0.0904, 'IIIZ': -0.1878, 'IIZZ': -0.6794, 'IZII': -0.015, 'IZIZ': 0.5452, 'XYII': -0.0126, 'YYII': -0.0522, 'XYIZ': 0.0002, 'YYIZ': -0.0232, 'XXII': -0.085, 'YXII': 0.0016, 'XXIZ': -0.02, 'YXIZ': -0.0016, 'IIXY': -0.0134, 'IZXY': -0.0234, 'IIYY': 0.0938, 'IZYY': -0.028, 'IIXX': 0.0874, 'IZXX': 0.0036, 'IIYX': 0.0086, 'IZYX': -0.0054, 'XYXY': 0.5842, 'YYXY': 0.0108, 'XYYY': 0.0034, 'YYYY': -0.5862, 'XXXY': -0.0066, 'YXXY': -0.598, 'XXYY': -0.5974, 'YXYY': 0.0296, 'XYXX': -0.0032, 'YYXX': -0.5732, 'XYYX': -0.5706, 'YYYX': -0.015, 'XXXX': -0.5724, 'YXXX': -0.0014, 'XXYX': -0.003, 'YXYX': 0.5886, 'ZIII': 0.051, 'ZIIZ': -0.5806, 'ZIXY': -0.0068, 'ZIYY': 0.0172, 'ZIXX': 0.0256, 'ZIYX': 0.0074, 'IZZI': -0.6552, 'XYZI': -0.015, 'YYZI': 0.0134, 'XXZI': 0.0174, 'YXZI': -0.0102, 'ZIZI': 0.6616, 'ZZII': -0.8094}
Calculated 2-RDM element with Parallel after GPU Parallel 3th way, (0, 0, 0, 0) is 0.0
Calculated 2-RDM element with Parallel after GPU Parallel 3th way, (0, 0, 1, 1) is 0.0
Calculated 2-RDM element with Parallel after GPU Parallel 3th way, (0, 1, 1, 1) is 0.0
Calculated 2-RDM element with Parallel after GPU Parallel 3th way, (0, 0, 0, 1) is 0.0
Calculated 2-RDM element with Parallel after GPU Parallel 3th way, (0, 2, 0, 2) is -0.43699999999999994
Calculated 2-RDM element with Parallel after GPU Parallel 3th way, (0, 2, 0, 3) is 0.01175
Calculated 2-RDM element with Parallel after GPU Parallel 3th way, (0, 2, 1, 2) is -0.0257
Calculated 2-RDM element with Parallel after GPU Parallel 3th way, (0, 3, 0, 3) is -0.13905
Calculated 2-RDM element with Parallel after GPU Parallel 3th way, (0, 3, 1, 3) is -0.0173
Calculated 2-RDM element with Parallel after GPU Parallel 3th way, (0, 2, 1, 3) is 0.2919125
Calculated 2-RDM element with Parallel after GPU Parallel 3th way, (1, 0, 0, 0) is 0.0
Calculated 2-RDM element with Parallel after GPU Parallel 3th way, (0, 1, 0, 1) is -0.10449999999999998
Calculated 2-RDM element with Parallel after GPU Parallel 3th way, (1, 2, 1, 3) is 0.021
Calculated 2-RDM element with Parallel after GPU Parallel 3th way, (0, 3, 1, 2) is -0.0007625000000000062
Calculated 2-RDM element with Parallel after GPU Parallel 3th way, (1, 3, 1, 3) is -0.38005
Calculated 2-RDM element with Parallel after GPU Parallel 3th way, (1, 2, 2, 0) is 0.0257
Calculated 2-RDM element with Parallel after GPU Parallel 3th way, (1, 3, 3, 0) is 0.0173
Calculated 2-RDM element with Parallel after GPU Parallel 3th way, (1, 1, 1, 0) is 0.0
Calculated 2-RDM element with Parallel after GPU Parallel 3th way, (2, 0, 3, 1) is 0.2919125
Calculated 2-RDM element with Parallel after GPU Parallel 3th way, (1, 0, 1, 0) is -0.10449999999999998
Calculated 2-RDM element with Parallel after GPU Parallel 3th way, (1, 2, 3, 0) is 0.0007625000000000062
Calculated 2-RDM element with Parallel after GPU Parallel 3th way, (1, 3, 2, 1) is -0.021
Calculated 2-RDM element with Parallel after GPU Parallel 3th way, (1, 1, 1, 1) is 0.0
Calculated 2-RDM element with Parallel after GPU Parallel 3th way, (1, 3, 2, 0) is -0.2919125
Calculated 2-RDM element with Parallel after GPU Parallel 3th way, (0, 3, 2, 0) is -0.01175
Calculated 2-RDM element with Parallel after GPU Parallel 3th way, (2, 1, 3, 1) is 0.021
Calculated 2-RDM element with Parallel after GPU Parallel 3th way, (2, 0, 3, 0) is 0.01175
Calculated 2-RDM element with Parallel after GPU Parallel 3th way, (1, 2, 1, 2) is -0.06735
Calculated 2-RDM element with Parallel after GPU Parallel 3th way, (2, 2, 2, 3) is 0.0
Calculated 2-RDM element with Parallel after GPU Parallel 3th way, (2, 0, 2, 0) is -0.43699999999999994
Calculated 2-RDM element with Parallel after GPU Parallel 3th way, (2, 2, 3, 3) is 0.0
Calculated 2-RDM element with Parallel after GPU Parallel 3th way, (2, 1, 0, 3) is 0.0007625000000000062
Calculated 2-RDM element with Parallel after GPU Parallel 3th way, (2, 1, 2, 1) is -0.06735
Calculated 2-RDM element with Parallel after GPU Parallel 3th way, (2, 1, 0, 2) is 0.0257
Calculated 2-RDM element with Parallel after GPU Parallel 3th way, (3, 0, 2, 1) is -0.0007625000000000062
Calculated 2-RDM element with Parallel after GPU Parallel 3th way, (2, 3, 3, 3) is 0.0
Calculated 2-RDM element with Parallel after GPU Parallel 3th way, (2, 0, 2, 1) is -0.0257
Calculated 2-RDM element with Parallel after GPU Parallel 3th way, (2, 2, 2, 2) is 0.0
Calculated 2-RDM element with Parallel after GPU Parallel 3th way, (3, 0, 0, 2) is -0.01175
Calculated 2-RDM element with Parallel after GPU Parallel 3th way, (3, 1, 0, 3) is 0.0173
Calculated 2-RDM element with Parallel after GPU Parallel 3th way, (3, 3, 3, 3) is 0.0
Calculated 2-RDM element with Parallel after GPU Parallel 3th way, (3, 3, 3, 2) is 0.0
Calculated 2-RDM element with Parallel after GPU Parallel 3th way, (2, 3, 2, 3) is -0.03864999999999996
Calculated 2-RDM element with Parallel after GPU Parallel 3th way, (3, 0, 3, 0) is -0.13905
Calculated 2-RDM element with Parallel after GPU Parallel 3th way, (3, 0, 3, 1) is -0.0173
Calculated 2-RDM element with Parallel after GPU Parallel 3th way, (3, 1, 0, 2) is -0.2919125
Calculated 2-RDM element with Parallel after GPU Parallel 3th way, (3, 1, 1, 2) is -0.021
Calculated 2-RDM element with Parallel after GPU Parallel 3th way, (3, 2, 2, 2) is 0.0
Calculated 2-RDM element with Parallel after GPU Parallel 3th way, (3, 2, 3, 2) is -0.03864999999999996
Calculated 2-RDM element with Parallel after GPU Parallel 3th way, (3, 1, 3, 1) is -0.38005
Execution time of get_two_rdm_Parallel3: 1.876127004623413 seconds
Number of 'cx' gates before replacing gates: 56
Number of 'h' gates before replacing gates: 72
Number of 's' gates before replacing gates: 24
Number of 'rz' gates before replacing gates: 32
Number of 'x' gates before replacing gates: 0
Number of 'y' gates before replacing gates: 0
Number of parameterized gates before replacing gates: 0
{ParameterVectorElement(t[0]): 0.1417615522791069, ParameterVectorElement(t[1]): -0.14152679756761588, ParameterVectorElement(t[2]): -0.748387438506559}
Total parameter gates replaced: 0
Number of 'cx' gates after replacing gates: 56
Number of 'h' gates after replacing gates: 72
Number of 's' gates after replacing gates: 24
Number of 'rz' gates after replacing gates: 32
Number of 'x' gates after replacing gates: 0
Number of 'y' gates after replacing gates: 0
Number of 'z' gates after replacing gates: 0
Gate replacement successful.
Calculated 1-RDM element with wavefunction (0, 0) is 0.5159917001613396
Calculated 1-RDM element with wavefunction (0, 1) is -0.19372341059404985
Calculated 1-RDM element with wavefunction (0, 3) is -1.0560881928266295e-16
Calculated 1-RDM element with wavefunction (0, 2) is -2.177479568448058e-17
Calculated 1-RDM element with wavefunction (2, 0) is -2.177479568448058e-17
Calculated 1-RDM element with wavefunction (1, 3) is -2.1738414129504276e-17
Calculated 1-RDM element with wavefunction (1, 2) is -1.0920821690358396e-16
Calculated 1-RDM element with wavefunction (1, 1) is 0.48400829983864796
Calculated 1-RDM element with wavefunction (1, 0) is -0.19372341059404985
Calculated 1-RDM element with wavefunction (3, 0) is -1.0560881928266295e-16
Calculated 1-RDM element with wavefunction (3, 3) is 0.4839426825086524
Calculated 1-RDM element with wavefunction (3, 1) is -2.1738414129504276e-17
Calculated 1-RDM element with wavefunction (2, 3) is 0.1937179827512755
Calculated 1-RDM element with wavefunction (2, 2) is 0.5160573174913351
Calculated 1-RDM element with wavefunction (2, 1) is -1.0920821690358396e-16
Calculated 1-RDM element with wavefunction (3, 2) is 0.1937179827512755
Execution time of get_one_rdm_wavefunction: 0.07676053047180176 seconds
Calculated 2-RDM element with wavefunction (0, 0, 0, 0) is 0.0
Calculated 2-RDM element with wavefunction (0, 0, 1, 1) is 0.0
Calculated 2-RDM element with wavefunction (0, 1, 0, 1) is -1.1818401978349684e-31
Calculated 2-RDM element with wavefunction (0, 2, 1, 3) is 0.480200608233058
Calculated 2-RDM element with wavefunction (0, 3, 0, 3) is -0.01949928498689824
Calculated 2-RDM element with wavefunction (0, 0, 0, 1) is 0.0
Calculated 2-RDM element with wavefunction (0, 3, 2, 0) is 0.09839332852038206
Calculated 2-RDM element with wavefunction (1, 1, 1, 1) is 0.0
Calculated 2-RDM element with wavefunction (0, 2, 0, 3) is -0.09839332852038206
Calculated 2-RDM element with wavefunction (0, 3, 1, 3) is 0.09516466869883987
Calculated 2-RDM element with wavefunction (1, 2, 1, 2) is -0.01956490231689379
Calculated 2-RDM element with wavefunction (0, 2, 1, 2) is 0.09855874189520998
Calculated 2-RDM element with wavefunction (1, 1, 1, 0) is 0.0
Calculated 2-RDM element with wavefunction (1, 2, 3, 0) is -0.019532066097009238
Calculated 2-RDM element with wavefunction (0, 1, 1, 1) is 0.0
Calculated 2-RDM element with wavefunction (0, 2, 0, 2) is -0.49649241517444126
Calculated 2-RDM element with wavefunction (1, 3, 2, 0) is -0.480200608233058
Calculated 2-RDM element with wavefunction (0, 3, 1, 2) is 0.019532066097009238
Calculated 2-RDM element with wavefunction (1, 2, 1, 3) is -0.09532465423089345
Calculated 2-RDM element with wavefunction (2, 0, 2, 0) is -0.49649241517444126
Calculated 2-RDM element with wavefunction (1, 0, 0, 0) is 0.0
Calculated 2-RDM element with wavefunction (1, 2, 2, 0) is -0.09855874189520998
Calculated 2-RDM element with wavefunction (1, 3, 1, 3) is -0.4644433975217542
Calculated 2-RDM element with wavefunction (1, 3, 2, 1) is 0.09532465423089345
Calculated 2-RDM element with wavefunction (2, 2, 2, 3) is 0.0
Calculated 2-RDM element with wavefunction (1, 0, 1, 0) is -1.1818401978349684e-31
Calculated 2-RDM element with wavefunction (2, 2, 3, 3) is 0.0
Calculated 2-RDM element with wavefunction (2, 3, 3, 3) is 0.0
Calculated 2-RDM element with wavefunction (2, 0, 3, 0) is -0.09839332852038206
Calculated 2-RDM element with wavefunction (2, 2, 2, 2) is 0.0
Calculated 2-RDM element with wavefunction (3, 1, 3, 1) is -0.4644433975217542
Calculated 2-RDM element with wavefunction (3, 3, 3, 2) is 0.0
Calculated 2-RDM element with wavefunction (2, 1, 3, 1) is -0.09532465423089345
Calculated 2-RDM element with wavefunction (2, 1, 2, 1) is -0.01956490231689379
Calculated 2-RDM element with wavefunction (2, 0, 3, 1) is 0.480200608233058
Calculated 2-RDM element with wavefunction (3, 1, 1, 2) is 0.09532465423089345
Calculated 2-RDM element with wavefunction (3, 0, 2, 1) is 0.019532066097009238
Calculated 2-RDM element with wavefunction (2, 1, 0, 2) is -0.09855874189520998
Calculated 2-RDM element with wavefunction (3, 2, 3, 2) is -4.6162099553022775e-32
Calculated 2-RDM element with wavefunction (3, 0, 3, 0) is -0.01949928498689824
Calculated 2-RDM element with wavefunction (3, 1, 0, 2) is -0.480200608233058
Calculated 2-RDM element with wavefunction (1, 3, 3, 0) is -0.09516466869883987
Calculated 2-RDM element with wavefunction (3, 0, 0, 2) is 0.09839332852038206
Calculated 2-RDM element with wavefunction (3, 3, 3, 3) is 0.0
Calculated 2-RDM element with wavefunction (2, 1, 0, 3) is -0.019532066097009238
Calculated 2-RDM element with wavefunction (3, 2, 2, 2) is 0.0
Calculated 2-RDM element with wavefunction (2, 3, 2, 3) is -4.6162099553022775e-32
Calculated 2-RDM element with wavefunction (3, 1, 0, 3) is -0.09516466869883987
Calculated 2-RDM element with wavefunction (2, 0, 2, 1) is 0.09855874189520998
Calculated 2-RDM element with wavefunction (3, 0, 3, 1) is 0.09516466869883987
Execution time of get_two_rdm_wavefunction: 0.1766808032989502 seconds
Calculated 2-RDM element (0, 0, 0, 1) is 0.0
Calculated 2-RDM element (0, 1, 1, 1) is 0.0
Calculated 2-RDM element (0, 0, 1, 1) is 0.0
Calculated 2-RDM element (0, 0, 0, 0) is 0.0
Calculated 2-RDM element (1, 1, 1, 0) is 0.0
Calculated 2-RDM element (1, 0, 0, 0) is 0.0
Calculated 2-RDM element (1, 1, 1, 1) is 0.0
Calculated 2-RDM element (2, 2, 2, 3) is 0.0
Calculated 2-RDM element (2, 2, 3, 3) is 0.0
Calculated 2-RDM element (2, 2, 2, 2) is 0.0
Calculated 2-RDM element (2, 3, 3, 3) is 0.0
Calculated 2-RDM element (3, 2, 2, 2) is 0.0
Calculated 2-RDM element (3, 3, 3, 2) is 0.0
Calculated 2-RDM element (3, 3, 3, 3) is 0.0
Calculated 2-RDM element (1, 2, 1, 2) is -0.08050000000000002
Calculated 2-RDM element (1, 3, 1, 3) is -0.3689
Calculated 2-RDM element (2, 0, 2, 0) is -0.42469999999999997
Calculated 2-RDM element (1, 0, 1, 0) is -0.09945000000000001
Calculated 2-RDM element (0, 2, 0, 2) is -0.43235
Calculated 2-RDM element (0, 1, 0, 1) is -0.09679999999999997
Calculated 2-RDM element (2, 3, 2, 3) is -0.05714999999999998
Calculated 2-RDM element (3, 0, 3, 0) is -0.1525
Calculated 2-RDM element (0, 3, 0, 3) is -0.1536
Calculated 2-RDM element (2, 1, 2, 1) is -0.0857
Calculated 2-RDM element (3, 1, 3, 1) is -0.37525000000000003
Calculated 2-RDM element (3, 2, 3, 2) is -0.04955000000000001
Calculated 2-RDM element (0, 2, 1, 2) is 0.061125
Calculated 2-RDM element (1, 2, 2, 0) is -0.063275
Calculated 2-RDM element (1, 2, 1, 3) is -0.059649999999999995
Calculated 2-RDM element (1, 3, 2, 1) is 0.055424999999999995
Calculated 2-RDM element (0, 3, 1, 3) is 0.0639
Calculated 2-RDM element (0, 2, 0, 3) is -0.0589
Calculated 2-RDM element (1, 3, 3, 0) is -0.06212500000000001
Calculated 2-RDM element (2, 0, 3, 0) is -0.05755
Calculated 2-RDM element (2, 1, 0, 2) is -0.062049999999999994
Calculated 2-RDM element (2, 1, 3, 1) is -0.0567
Calculated 2-RDM element (3, 0, 0, 2) is 0.062975
Calculated 2-RDM element (0, 3, 2, 0) is 0.057249999999999995
Calculated 2-RDM element (2, 0, 2, 1) is 0.06315000000000001
Calculated 2-RDM element (3, 1, 1, 2) is 0.05745
Calculated 2-RDM element (3, 0, 3, 1) is 0.06530000000000001
Calculated 2-RDM element (3, 1, 0, 3) is -0.064725
Calculated 2-RDM element (1, 3, 2, 0) is -0.28111250000000004
Calculated 2-RDM element (0, 2, 1, 3) is 0.28247500000000003
Calculated 2-RDM element (2, 1, 0, 3) is -0.011275
Calculated 2-RDM element (1, 2, 3, 0) is -0.01124999999999999
Calculated 2-RDM element (0, 3, 1, 2) is 0.0102625
Calculated 2-RDM element (3, 0, 2, 1) is 0.009724999999999998
Calculated 2-RDM element (3, 1, 0, 2) is -0.2796625
Calculated 2-RDM element (2, 0, 3, 1) is 0.28049999999999997
Execution time of get_two_rdm: 13.77046537399292 seconds
Calculated 1-RDM element (1, 1) is 0.4606
Calculated 1-RDM element (0, 0) is 0.5777
Calculated 1-RDM element (2, 2) is 0.5105
Calculated 1-RDM element (3, 3) is 0.4917
Calculated 1-RDM element (1, 0) is -0.12215000000000001
Calculated 1-RDM element (0, 1) is -0.1263
Calculated 1-RDM element (1, 3) is -0.0029
Calculated 1-RDM element (1, 2) is -0.00345
Calculated 1-RDM element (0, 3) is 0.0009500000000000001
Calculated 1-RDM element (2, 1) is -0.0014000000000000002
Calculated 1-RDM element (0, 2) is 0.0019500000000000001
Calculated 1-RDM element (2, 3) is 0.11925
Calculated 1-RDM element (2, 0) is 0.00335
Calculated 1-RDM element (3, 0) is 0.0013000000000000002
Calculated 1-RDM element (3, 2) is 0.11915
Calculated 1-RDM element (3, 1) is -0.0010500000000000002
Execution time of get_one_rdm: 1.785987138748169 seconds
Calculated 2-RDM element (0, 0, 0, 0) is 0.0
Calculated 2-RDM element (0, 0, 0, 1) is 0.0
Calculated 2-RDM element (0, 0, 1, 1) is 0.0
Calculated 2-RDM element (1, 0, 0, 0) is 0.0
Calculated 2-RDM element (0, 1, 1, 1) is 0.0
Calculated 2-RDM element (1, 1, 1, 0) is 0.0
Calculated 2-RDM element (1, 1, 1, 1) is 0.0
Calculated 2-RDM element (2, 2, 2, 2) is 0.0
Calculated 2-RDM element (2, 3, 3, 3) is 0.0
Calculated 2-RDM element (2, 2, 3, 3) is 0.0
Calculated 2-RDM element (2, 2, 2, 3) is 0.0
Calculated 2-RDM element (3, 2, 2, 2) is 0.0
Calculated 2-RDM element (3, 3, 3, 2) is 0.0
Calculated 2-RDM element (3, 3, 3, 3) is 0.0
Calculated 2-RDM element (0, 3, 0, 3) is -0.019499284986899984
Calculated 2-RDM element (0, 2, 0, 2) is -0.496492415174442
Calculated 2-RDM element (0, 1, 0, 1) is -1.8596235662471372e-15
Calculated 2-RDM element (1, 2, 1, 2) is -0.019564902316895588
Calculated 2-RDM element (1, 0, 1, 0) is -1.8596235662471372e-15
Calculated 2-RDM element (1, 3, 1, 3) is -0.464443397521755
Calculated 2-RDM element (2, 1, 2, 1) is -0.019564902316895588
Calculated 2-RDM element (2, 0, 2, 0) is -0.496492415174442
Calculated 2-RDM element (2, 3, 2, 3) is -1.887379141862766e-15
Calculated 2-RDM element (3, 0, 3, 0) is -0.019499284986899984
Calculated 2-RDM element (3, 1, 3, 1) is -0.464443397521755
Calculated 2-RDM element (3, 2, 3, 2) is -1.887379141862766e-15
Calculated 2-RDM element (0, 2, 0, 3) is -0.09839332852038174
Calculated 2-RDM element (0, 2, 1, 2) is 0.09855874189520974
Calculated 2-RDM element (0, 3, 2, 0) is 0.09839332852038174
Calculated 2-RDM element (0, 3, 1, 3) is 0.09516466869883955
Calculated 2-RDM element (2, 0, 3, 0) is -0.09839332852038174
Calculated 2-RDM element (1, 3, 2, 1) is 0.0953246542308932
Calculated 2-RDM element (2, 0, 2, 1) is 0.09855874189520974
Calculated 2-RDM element (1, 2, 2, 0) is -0.09855874189520974
Calculated 2-RDM element (2, 1, 0, 2) is -0.09855874189520974
Calculated 2-RDM element (1, 2, 1, 3) is -0.0953246542308932
Calculated 2-RDM element (1, 3, 3, 0) is -0.09516466869883955
Calculated 2-RDM element (2, 1, 3, 1) is -0.0953246542308932
Calculated 2-RDM element (3, 0, 0, 2) is 0.09839332852038174
Calculated 2-RDM element (3, 1, 1, 2) is 0.0953246542308932
Calculated 2-RDM element (3, 0, 3, 1) is 0.09516466869883955
Calculated 2-RDM element (3, 1, 0, 3) is -0.09516466869883955
Calculated 2-RDM element (0, 3, 1, 2) is 0.019532066097009138
Calculated 2-RDM element (2, 1, 0, 3) is -0.019532066097009138
Calculated 2-RDM element (3, 0, 2, 1) is 0.019532066097009138
Calculated 2-RDM element (1, 2, 3, 0) is -0.019532066097009138
Calculated 2-RDM element (1, 3, 2, 0) is -0.4802006082330569
Calculated 2-RDM element (2, 0, 3, 1) is 0.4802006082330569
Calculated 2-RDM element (0, 2, 1, 3) is 0.4802006082330569
Calculated 2-RDM element (3, 1, 0, 2) is -0.4802006082330569
Execution time of get_two_rdm: 5.704580545425415 seconds
Calculated 2-RDM element with wavefunction (0, 0, 1, 1) is 0.0
Calculated 2-RDM element with wavefunction (0, 0, 0, 0) is 0.0
Calculated 2-RDM element with wavefunction (0, 0, 0, 1) is 0.0
Calculated 2-RDM element with wavefunction (0, 2, 0, 2) is -0.49649241517444015
Calculated 2-RDM element with wavefunction (0, 1, 0, 1) is -2.7146311718340485e-32
Calculated 2-RDM element with wavefunction (0, 2, 0, 3) is -0.09839332852038173
Calculated 2-RDM element with wavefunction (0, 2, 1, 3) is 0.48020060823305694
Calculated 2-RDM element with wavefunction (0, 2, 1, 2) is 0.09855874189520974
Calculated 2-RDM element with wavefunction (0, 1, 1, 1) is 0.0
Calculated 2-RDM element with wavefunction (0, 3, 0, 3) is -0.01949928498689815
Calculated 2-RDM element with wavefunction (1, 2, 1, 2) is -0.01956490231689374
Calculated 2-RDM element with wavefunction (0, 3, 1, 3) is 0.09516466869883954
Calculated 2-RDM element with wavefunction (1, 1, 1, 1) is 0.0
Calculated 2-RDM element with wavefunction (0, 3, 2, 0) is 0.09839332852038173
Calculated 2-RDM element with wavefunction (1, 0, 0, 0) is 0.0
Calculated 2-RDM element with wavefunction (1, 1, 1, 0) is 0.0
Calculated 2-RDM element with wavefunction (1, 3, 2, 0) is -0.48020060823305694
Calculated 2-RDM element with wavefunction (1, 2, 3, 0) is -0.019532066097009165
Calculated 2-RDM element with wavefunction (0, 3, 1, 2) is 0.019532066097009165
Calculated 2-RDM element with wavefunction (1, 3, 2, 1) is 0.09532465423089322
Calculated 2-RDM element with wavefunction (1, 0, 1, 0) is -2.7146311718340485e-32
Calculated 2-RDM element with wavefunction (2, 0, 2, 0) is -0.49649241517444015
Calculated 2-RDM element with wavefunction (2, 2, 2, 2) is 0.0
Calculated 2-RDM element with wavefunction (1, 2, 2, 0) is -0.09855874189520974
Calculated 2-RDM element with wavefunction (2, 1, 2, 1) is -0.01956490231689374
Calculated 2-RDM element with wavefunction (2, 1, 0, 3) is -0.019532066097009165
Calculated 2-RDM element with wavefunction (2, 2, 2, 3) is 0.0
Calculated 2-RDM element with wavefunction (2, 1, 0, 2) is -0.09855874189520974
Calculated 2-RDM element with wavefunction (2, 3, 3, 3) is 0.0
Calculated 2-RDM element with wavefunction (2, 3, 2, 3) is -4.3115655422503467e-32
Calculated 2-RDM element with wavefunction (2, 0, 3, 0) is -0.09839332852038173
Calculated 2-RDM element with wavefunction (2, 2, 3, 3) is 0.0
Calculated 2-RDM element with wavefunction (1, 3, 3, 0) is -0.09516466869883954
Calculated 2-RDM element with wavefunction (1, 2, 1, 3) is -0.09532465423089322
Calculated 2-RDM element with wavefunction (1, 3, 1, 3) is -0.4644433975217531
Calculated 2-RDM element with wavefunction (3, 3, 3, 2) is 0.0
Calculated 2-RDM element with wavefunction (3, 0, 3, 0) is -0.01949928498689815
Calculated 2-RDM element with wavefunction (2, 0, 2, 1) is 0.09855874189520974
Calculated 2-RDM element with wavefunction (3, 1, 3, 1) is -0.4644433975217531
Calculated 2-RDM element with wavefunction (3, 1, 0, 3) is -0.09516466869883954
Calculated 2-RDM element with wavefunction (3, 2, 2, 2) is 0.0
Calculated 2-RDM element with wavefunction (3, 3, 3, 3) is 0.0
Calculated 2-RDM element with wavefunction (3, 1, 1, 2) is 0.09532465423089322
Calculated 2-RDM element with wavefunction (2, 0, 3, 1) is 0.48020060823305694
Calculated 2-RDM element with wavefunction (3, 0, 2, 1) is 0.019532066097009165
Calculated 2-RDM element with wavefunction (3, 1, 0, 2) is -0.48020060823305694
Calculated 2-RDM element with wavefunction (3, 2, 3, 2) is -4.3115655422503467e-32
Calculated 2-RDM element with wavefunction (2, 1, 3, 1) is -0.09532465423089322
Calculated 2-RDM element with wavefunction (3, 0, 0, 2) is 0.09839332852038173
Calculated 2-RDM element with wavefunction (3, 0, 3, 1) is 0.09516466869883954
Execution time of get_two_rdm_wavefunction: 0.23096013069152832 seconds
Calculated 2-RDM element (0, 0, 0, 0) is 0.0
Calculated 2-RDM element (0, 0, 0, 1) is 0.0
Calculated 2-RDM element (0, 1, 1, 1) is 0.0
Calculated 2-RDM element (0, 0, 1, 1) is 0.0
Calculated 2-RDM element (1, 1, 1, 1) is 0.0
Calculated 2-RDM element (1, 0, 0, 0) is 0.0
Calculated 2-RDM element (1, 1, 1, 0) is 0.0
Calculated 2-RDM element (2, 2, 2, 2) is 0.0
Calculated 2-RDM element (2, 2, 2, 3) is 0.0
Calculated 2-RDM element (2, 2, 3, 3) is 0.0
Calculated 2-RDM element (2, 3, 3, 3) is 0.0
Calculated 2-RDM element (3, 2, 2, 2) is 0.0
Calculated 2-RDM element (3, 3, 3, 2) is 0.0
Calculated 2-RDM element (3, 3, 3, 3) is 0.0
Calculated 2-RDM element (0, 1, 0, 1) is -0.10820000000000002
Calculated 2-RDM element (0, 2, 0, 2) is -0.43355
Calculated 2-RDM element (1, 0, 1, 0) is -0.09515000000000004
Calculated 2-RDM element (0, 3, 0, 3) is -0.14120000000000005
Calculated 2-RDM element (1, 2, 1, 2) is -0.06455
Calculated 2-RDM element (2, 0, 2, 0) is -0.4447
Calculated 2-RDM element (1, 3, 1, 3) is -0.3846
Calculated 2-RDM element (2, 1, 2, 1) is -0.06725
Calculated 2-RDM element (3, 0, 3, 0) is -0.13889999999999997
Calculated 2-RDM element (2, 3, 2, 3) is -0.055400000000000005
Calculated 2-RDM element (3, 1, 3, 1) is -0.37865
Calculated 2-RDM element (3, 2, 3, 2) is -0.052049999999999985
Calculated 2-RDM element (0, 2, 0, 3) is 0.014225
Calculated 2-RDM element (0, 2, 1, 2) is -0.028725
Calculated 2-RDM element (1, 2, 1, 3) is 0.025525
Calculated 2-RDM element (0, 3, 2, 0) is -0.014225000000000002
Calculated 2-RDM element (0, 3, 1, 3) is -0.01795
Calculated 2-RDM element (1, 2, 2, 0) is 0.0224
Calculated 2-RDM element (1, 3, 2, 1) is -0.022625
Calculated 2-RDM element (1, 3, 3, 0) is 0.011874999999999997
Calculated 2-RDM element (2, 0, 3, 0) is 0.014675
Calculated 2-RDM element (2, 0, 2, 1) is -0.02585
Calculated 2-RDM element (3, 0, 0, 2) is -0.012475000000000002
Calculated 2-RDM element (2, 1, 0, 2) is 0.02315
Calculated 2-RDM element (3, 1, 0, 3) is 0.016299999999999995
Calculated 2-RDM element (2, 1, 3, 1) is 0.019424999999999998
Calculated 2-RDM element (3, 0, 3, 1) is -0.013725
Calculated 2-RDM element (3, 1, 1, 2) is -0.029124999999999998
Calculated 2-RDM element (0, 3, 1, 2) is -0.0014875000000000166
Calculated 2-RDM element (0, 2, 1, 3) is 0.29125
Calculated 2-RDM element (1, 2, 3, 0) is -0.0022375000000000103
Calculated 2-RDM element (2, 1, 0, 3) is -0.0012374999999999955
Calculated 2-RDM element (2, 0, 3, 1) is 0.29195
Calculated 2-RDM element (3, 1, 0, 2) is -0.2937125
Calculated 2-RDM element (1, 3, 2, 0) is -0.29237499999999994
Calculated 2-RDM element (3, 0, 2, 1) is 0.002925000000000004
Execution time of get_two_rdm: 10.250887393951416 seconds
{'IIII': 1.0, 'IIZI': 0.1006, 'IIIZ': -0.1624, 'IIZZ': -0.6938, 'IZII': -0.0222, 'IZIZ': 0.559, 'XYII': -0.002, 'YYII': -0.054, 'XYIZ': 0.0052, 'YYIZ': -0.0348, 'XXII': -0.053, 'YXII': 0.0128, 'XXIZ': -0.028, 'YXIZ': -0.0004, 'IIXY': -0.0034, 'IZXY': 0.0058, 'IIYY': 0.073, 'IZYY': -0.0192, 'IIXX': 0.0734, 'IZXX': -0.028, 'IIYX': -0.0056, 'IZYX': -0.0072, 'XYXY': 0.5792, 'YYXY': 0.0058, 'XYYY': 0.0072, 'YYYY': -0.5892, 'XXXY': 0.0008, 'YXXY': -0.5998, 'XXYY': -0.5984, 'YXYY': 0.0016, 'XYXX': 0.0154, 'YYXX': -0.5614, 'XYYX': -0.5632, 'YYYX': -0.0112, 'XXXX': -0.583, 'YXXX': 0.0068, 'XXYX': -0.0122, 'YXYX': 0.6084, 'ZIII': 0.0358, 'ZIIZ': -0.5636, 'ZIXY': -0.0178, 'ZIYY': 0.0254, 'ZIXX': 0.0242, 'ZIYX': 0.0094, 'IZZI': -0.6566, 'XYZI': -0.0172, 'YYZI': 0.0062, 'XXZI': 0.0188, 'YXZI': -0.0182, 'ZIZI': 0.6628, 'ZZII': -0.8116}
Calculated 2-RDM element with Parallel after GPU Parallel 1st way, (0, 0, 0, 0) is 0.0
Calculated 2-RDM element with Parallel after GPU Parallel 1st way, (0, 0, 0, 1) is 0.0
Calculated 2-RDM element with Parallel after GPU Parallel 1st way, (0, 0, 1, 1) is 0.0
Calculated 2-RDM element with Parallel after GPU Parallel 1st way, (0, 1, 0, 1) is -0.09199999999999997
Calculated 2-RDM element with Parallel after GPU Parallel 1st way, (0, 1, 1, 1) is 0.0
Calculated 2-RDM element with Parallel after GPU Parallel 1st way, (0, 2, 0, 2) is -0.43590000000000007
Calculated 2-RDM element with Parallel after GPU Parallel 1st way, (0, 2, 0, 3) is 0.005525
Calculated 2-RDM element with Parallel after GPU Parallel 1st way, (0, 2, 1, 2) is -0.0242
Calculated 2-RDM element with Parallel after GPU Parallel 1st way, (0, 2, 1, 3) is 0.29266250000000005
Calculated 2-RDM element with Parallel after GPU Parallel 1st way, (0, 3, 0, 3) is -0.14074999999999996
Calculated 2-RDM element with Parallel after GPU Parallel 1st way, (0, 3, 1, 2) is -0.0011625000000000107
Calculated 2-RDM element with Parallel after GPU Parallel 1st way, (0, 3, 1, 3) is -0.0121
Calculated 2-RDM element with Parallel after GPU Parallel 1st way, (0, 3, 2, 0) is -0.005525
Calculated 2-RDM element with Parallel after GPU Parallel 1st way, (1, 0, 0, 0) is 0.0
Calculated 2-RDM element with Parallel after GPU Parallel 1st way, (1, 0, 1, 0) is -0.09199999999999997
Calculated 2-RDM element with Parallel after GPU Parallel 1st way, (1, 1, 1, 0) is 0.0
Calculated 2-RDM element with Parallel after GPU Parallel 1st way, (1, 1, 1, 1) is 0.0
Calculated 2-RDM element with Parallel after GPU Parallel 1st way, (1, 2, 1, 2) is -0.06625
Calculated 2-RDM element with Parallel after GPU Parallel 1st way, (1, 2, 1, 3) is 0.0165
Calculated 2-RDM element with Parallel after GPU Parallel 1st way, (1, 2, 2, 0) is 0.0242
Calculated 2-RDM element with Parallel after GPU Parallel 1st way, (1, 2, 3, 0) is 0.0011625000000000107
Calculated 2-RDM element with Parallel after GPU Parallel 1st way, (1, 3, 1, 3) is -0.38159999999999994
Calculated 2-RDM element with Parallel after GPU Parallel 1st way, (1, 3, 2, 0) is -0.29266250000000005
Calculated 2-RDM element with Parallel after GPU Parallel 1st way, (1, 3, 2, 1) is -0.0165
Calculated 2-RDM element with Parallel after GPU Parallel 1st way, (1, 3, 3, 0) is 0.0121
Calculated 2-RDM element with Parallel after GPU Parallel 1st way, (2, 0, 2, 0) is -0.43589999999999995
Calculated 2-RDM element with Parallel after GPU Parallel 1st way, (2, 0, 2, 1) is -0.0242
Calculated 2-RDM element with Parallel after GPU Parallel 1st way, (2, 0, 3, 0) is 0.005525
Calculated 2-RDM element with Parallel after GPU Parallel 1st way, (2, 0, 3, 1) is 0.29266250000000005
Calculated 2-RDM element with Parallel after GPU Parallel 1st way, (2, 1, 0, 2) is 0.0242
Calculated 2-RDM element with Parallel after GPU Parallel 1st way, (2, 1, 0, 3) is 0.0011625000000000107
Calculated 2-RDM element with Parallel after GPU Parallel 1st way, (2, 1, 2, 1) is -0.06625
Calculated 2-RDM element with Parallel after GPU Parallel 1st way, (2, 1, 3, 1) is 0.0165
Calculated 2-RDM element with Parallel after GPU Parallel 1st way, (2, 2, 2, 2) is 0.0
Calculated 2-RDM element with Parallel after GPU Parallel 1st way, (2, 2, 2, 3) is 0.0
Calculated 2-RDM element with Parallel after GPU Parallel 1st way, (2, 2, 3, 3) is 0.0
Calculated 2-RDM element with Parallel after GPU Parallel 1st way, (2, 3, 2, 3) is -0.04369999999999999
Calculated 2-RDM element with Parallel after GPU Parallel 1st way, (2, 3, 3, 3) is 0.0
Calculated 2-RDM element with Parallel after GPU Parallel 1st way, (3, 0, 0, 2) is -0.005525
Calculated 2-RDM element with Parallel after GPU Parallel 1st way, (3, 0, 2, 1) is -0.0011625000000000107
Calculated 2-RDM element with Parallel after GPU Parallel 1st way, (3, 0, 3, 0) is -0.14074999999999996
Calculated 2-RDM element with Parallel after GPU Parallel 1st way, (3, 0, 3, 1) is -0.0121
Calculated 2-RDM element with Parallel after GPU Parallel 1st way, (3, 1, 0, 2) is -0.29266249999999994
Calculated 2-RDM element with Parallel after GPU Parallel 1st way, (3, 1, 0, 3) is 0.0121
Calculated 2-RDM element with Parallel after GPU Parallel 1st way, (3, 1, 1, 2) is -0.0165
Calculated 2-RDM element with Parallel after GPU Parallel 1st way, (3, 1, 3, 1) is -0.38159999999999994
Calculated 2-RDM element with Parallel after GPU Parallel 1st way, (3, 2, 2, 2) is 0.0
Calculated 2-RDM element with Parallel after GPU Parallel 1st way, (3, 2, 3, 2) is -0.04369999999999999
Calculated 2-RDM element with Parallel after GPU Parallel 1st way, (3, 3, 3, 2) is 0.0
Calculated 2-RDM element with Parallel after GPU Parallel 1st way, (3, 3, 3, 3) is 0.0
Execution time of get_two_rdm_Parallel: 1.8974707126617432 seconds
Calculated 1-RDM element (0, 0) is 0.515991700161342
Calculated 1-RDM element (1, 1) is 0.48400829983865057
Calculated 1-RDM element (2, 2) is 0.5160573174913377
Calculated 1-RDM element (3, 3) is 0.48394268250865496
Calculated 1-RDM element (2, 1) is -4.10022410955552e-17
Calculated 1-RDM element (0, 2) is -7.716187284747692e-18
Calculated 1-RDM element (3, 0) is -3.972681139474376e-17
Calculated 1-RDM element (1, 0) is -0.1937234105940493
Calculated 1-RDM element (1, 3) is -7.702514959156093e-18
Calculated 1-RDM element (0, 3) is -3.972681139474376e-17
Calculated 1-RDM element (0, 1) is -0.1937234105940493
Calculated 1-RDM element (3, 1) is -7.702514959156093e-18
Calculated 1-RDM element (2, 0) is -7.716187284747692e-18
Calculated 1-RDM element (1, 2) is -4.10022410955552e-17
Calculated 1-RDM element (2, 3) is 0.19371798275127494
Calculated 1-RDM element (3, 2) is 0.19371798275127494
Execution time of get_one_rdm: 1.8777203559875488 seconds
Calculated 1-RDM element with wavefunction (1, 1) is 0.48400829983864685
Calculated 1-RDM element with wavefunction (1, 2) is -4.100224109555521e-17
Calculated 1-RDM element with wavefunction (0, 3) is -3.972681139474377e-17
Calculated 1-RDM element with wavefunction (0, 2) is -7.7161872847477e-18
Calculated 1-RDM element with wavefunction (3, 0) is -3.972681139474377e-17
Calculated 1-RDM element with wavefunction (0, 1) is -0.1937234105940493
Calculated 1-RDM element with wavefunction (1, 3) is -7.702514959156088e-18
Calculated 1-RDM element with wavefunction (2, 1) is -4.100224109555521e-17
Calculated 1-RDM element with wavefunction (2, 3) is 0.19371798275127494
Calculated 1-RDM element with wavefunction (0, 0) is 0.5159917001613383
Calculated 1-RDM element with wavefunction (2, 2) is 0.5160573174913339
Calculated 1-RDM element with wavefunction (1, 0) is -0.1937234105940493
Calculated 1-RDM element with wavefunction (2, 0) is -7.7161872847477e-18
Calculated 1-RDM element with wavefunction (3, 2) is 0.19371798275127494
Calculated 1-RDM element with wavefunction (3, 3) is 0.48394268250865125
Calculated 1-RDM element with wavefunction (3, 1) is -7.702514959156088e-18
Execution time of get_one_rdm_wavefunction: 0.0870518684387207 seconds
Calculated 1-RDM element (1, 1) is 0.4503
Calculated 1-RDM element (0, 0) is 0.5863
Calculated 1-RDM element (3, 3) is 0.4908
Calculated 1-RDM element (2, 2) is 0.5119
Calculated 1-RDM element (0, 2) is 0.0028
Calculated 1-RDM element (1, 0) is 0.0345
Calculated 1-RDM element (0, 1) is 0.04205
Calculated 1-RDM element (1, 2) is -0.00425
Calculated 1-RDM element (2, 1) is -0.0019500000000000001
Calculated 1-RDM element (2, 0) is -0.0007499999999999998
Calculated 1-RDM element (2, 3) is -0.032100000000000004
Calculated 1-RDM element (1, 3) is 0.0037
Calculated 1-RDM element (3, 2) is -0.0394
Calculated 1-RDM element (3, 1) is 0.002
Calculated 1-RDM element (3, 0) is 0.0002000000000000001
Calculated 1-RDM element (0, 3) is 0.0079
Execution time of get_one_rdm: 1.8926022052764893 seconds
--- [DONE]  Processing for d = 3.40. Data saved. ---
--- [START] Processing for d = 2.8 ---
Attempting to load file: /home/u2600410/H2/H2_2.8_sto-3g.pkl
Using CPU for noisy estimator...
Number of qubits: 4
Execution time of Gene_Qiskit_VQE_hamiltonian: 0.0005915164947509766 seconds
VQE Optimal Energy: -0.93414858
{   'aux_operators_evaluated': None,
    'cost_function_evals': 1222,
    'eigenvalue': -0.9341485769039867,
    'optimal_circuit': <qiskit_nature.second_q.circuit.library.ansatzes.uccsd.UCCSD object at 0x14daad8570e0>,
    'optimal_parameters': {   ParameterVectorElement(t[2]): -0.7295693184883916,
                              ParameterVectorElement(t[1]): 0.02899337516860869,
                              ParameterVectorElement(t[0]): -0.029168896224813022},
    'optimal_point': array([-0.0291689 ,  0.02899338, -0.72956932]),
    'optimal_value': -0.9341485769039867,
    'optimizer_evals': None,
    'optimizer_result': <qiskit_algorithms.optimizers.optimizer.OptimizerResult object at 0x14dab0e82840>,
    'optimizer_time': 32.19185471534729}
VQE Optimal Energy: -0.79206039
{   'aux_operators_evaluated': None,
    'cost_function_evals': 48,
    'eigenvalue': -0.7920603946456939,
    'optimal_circuit': <qiskit_nature.second_q.circuit.library.ansatzes.uccsd.UCCSD object at 0x14daad8e7a10>,
    'optimal_parameters': {   ParameterVectorElement(t[2]): -0.6472178218589554,
                              ParameterVectorElement(t[1]): 0.0817543987952777,
                              ParameterVectorElement(t[0]): -0.07819644959441176},
    'optimal_point': array([-0.07819645,  0.0817544 , -0.64721782]),
    'optimal_value': -0.7920603946456939,
    'optimizer_evals': None,
    'optimizer_result': <qiskit_algorithms.optimizers.optimizer.OptimizerResult object at 0x14dab06f4ef0>,
    'optimizer_time': 6.799731254577637}
{'IIII': 1.0, 'IIZI': 0.235, 'IIIZ': -0.3098, 'IIZZ': -0.6942, 'IZII': -0.1578, 'IZIZ': 0.549, 'XYII': -0.0108, 'YYII': -0.151, 'XYIZ': 0.0106, 'YYIZ': 0.0294, 'XXII': -0.1186, 'YXII': 0.0016, 'XXIZ': 0.015, 'YXIZ': -0.0166, 'IIXY': 0.0092, 'IZXY': 0.022, 'IIYY': 0.146, 'IZYY': -0.0042, 'IIXX': 0.1428, 'IZXX': -0.0046, 'IIYX': -0.0076, 'IZYX': 0.0078, 'XYXY': 0.5558, 'YYXY': -0.005, 'XYYY': 0.0012, 'YYYY': -0.5714, 'XXXY': 0.009, 'YXXY': -0.5734, 'XXYY': -0.5908, 'YXYY': -0.005, 'XYXX': 0.0018, 'YYXX': -0.551, 'XYYX': -0.5356, 'YYYX': 0.0164, 'XXXX': -0.5612, 'YXXX': -0.0172, 'XXYX': -0.0116, 'YXYX': 0.5544, 'ZIII': 0.141, 'ZIIZ': -0.5364, 'ZIXY': -0.008, 'ZIYY': -0.0008, 'ZIXX': 0.0094, 'ZIYX': -0.0184, 'IZZI': -0.6412, 'XYZI': 0.0034, 'YYZI': -0.0106, 'XXZI': -0.0042, 'YXZI': -0.0034, 'ZIZI': 0.6362, 'ZZII': -0.8096}
Calculated 2-RDM element with Parallel after GPU Parallel 1st way, (0, 0, 0, 0) is 0.0
Calculated 2-RDM element with Parallel after GPU Parallel 1st way, (0, 0, 0, 1) is 0.0
Calculated 2-RDM element with Parallel after GPU Parallel 1st way, (0, 0, 1, 1) is 0.0
Calculated 2-RDM element with Parallel after GPU Parallel 1st way, (0, 1, 0, 1) is -0.09514999999999998
Calculated 2-RDM element with Parallel after GPU Parallel 1st way, (0, 1, 1, 1) is 0.0
Calculated 2-RDM element with Parallel after GPU Parallel 1st way, (0, 2, 0, 2) is -0.50415
Calculated 2-RDM element with Parallel after GPU Parallel 1st way, (0, 2, 0, 3) is 0.03925
Calculated 2-RDM element with Parallel after GPU Parallel 1st way, (0, 2, 1, 2) is -0.037200000000000004
Calculated 2-RDM element with Parallel after GPU Parallel 1st way, (0, 2, 1, 3) is 0.28085000000000004
Calculated 2-RDM element with Parallel after GPU Parallel 1st way, (0, 3, 0, 3) is -0.15810000000000002
Calculated 2-RDM element with Parallel after GPU Parallel 1st way, (0, 3, 1, 2) is 0.0034500000000000086
Calculated 2-RDM element with Parallel after GPU Parallel 1st way, (0, 3, 1, 3) is -0.035024999999999994
Calculated 2-RDM element with Parallel after GPU Parallel 1st way, (0, 3, 2, 0) is -0.03924999999999999
Calculated 2-RDM element with Parallel after GPU Parallel 1st way, (1, 0, 0, 0) is 0.0
Calculated 2-RDM element with Parallel after GPU Parallel 1st way, (1, 0, 1, 0) is -0.09515000000000004
Calculated 2-RDM element with Parallel after GPU Parallel 1st way, (1, 1, 1, 0) is 0.0
Calculated 2-RDM element with Parallel after GPU Parallel 1st way, (1, 1, 1, 1) is 0.0
Calculated 2-RDM element with Parallel after GPU Parallel 1st way, (1, 2, 1, 2) is -0.07039999999999999
Calculated 2-RDM element with Parallel after GPU Parallel 1st way, (1, 2, 1, 3) is 0.03185
Calculated 2-RDM element with Parallel after GPU Parallel 1st way, (1, 2, 2, 0) is 0.0372
Calculated 2-RDM element with Parallel after GPU Parallel 1st way, (1, 2, 3, 0) is -0.0034500000000000086
Calculated 2-RDM element with Parallel after GPU Parallel 1st way, (1, 3, 1, 3) is -0.31505
Calculated 2-RDM element with Parallel after GPU Parallel 1st way, (1, 3, 2, 0) is -0.28085
Calculated 2-RDM element with Parallel after GPU Parallel 1st way, (1, 3, 2, 1) is -0.031849999999999996
Calculated 2-RDM element with Parallel after GPU Parallel 1st way, (1, 3, 3, 0) is 0.035025
Calculated 2-RDM element with Parallel after GPU Parallel 1st way, (2, 0, 2, 0) is -0.50415
Calculated 2-RDM element with Parallel after GPU Parallel 1st way, (2, 0, 2, 1) is -0.037200000000000004
Calculated 2-RDM element with Parallel after GPU Parallel 1st way, (2, 0, 3, 0) is 0.03925
Calculated 2-RDM element with Parallel after GPU Parallel 1st way, (2, 0, 3, 1) is 0.28085
Calculated 2-RDM element with Parallel after GPU Parallel 1st way, (2, 1, 0, 2) is 0.0372
Calculated 2-RDM element with Parallel after GPU Parallel 1st way, (2, 1, 0, 3) is -0.0034500000000000086
Calculated 2-RDM element with Parallel after GPU Parallel 1st way, (2, 1, 2, 1) is -0.07040000000000002
Calculated 2-RDM element with Parallel after GPU Parallel 1st way, (2, 1, 3, 1) is 0.03185
Calculated 2-RDM element with Parallel after GPU Parallel 1st way, (2, 2, 2, 2) is 0.0
Calculated 2-RDM element with Parallel after GPU Parallel 1st way, (2, 2, 2, 3) is 0.0
Calculated 2-RDM element with Parallel after GPU Parallel 1st way, (2, 2, 3, 3) is 0.0
Calculated 2-RDM element with Parallel after GPU Parallel 1st way, (2, 3, 2, 3) is -0.051799999999999985
Calculated 2-RDM element with Parallel after GPU Parallel 1st way, (2, 3, 3, 3) is 0.0
Calculated 2-RDM element with Parallel after GPU Parallel 1st way, (3, 0, 0, 2) is -0.03924999999999999
Calculated 2-RDM element with Parallel after GPU Parallel 1st way, (3, 0, 2, 1) is 0.0034500000000000086
Calculated 2-RDM element with Parallel after GPU Parallel 1st way, (3, 0, 3, 0) is -0.15810000000000002
Calculated 2-RDM element with Parallel after GPU Parallel 1st way, (3, 0, 3, 1) is -0.035024999999999994
Calculated 2-RDM element with Parallel after GPU Parallel 1st way, (3, 1, 0, 2) is -0.28085
Calculated 2-RDM element with Parallel after GPU Parallel 1st way, (3, 1, 0, 3) is 0.035025
Calculated 2-RDM element with Parallel after GPU Parallel 1st way, (3, 1, 1, 2) is -0.031849999999999996
Calculated 2-RDM element with Parallel after GPU Parallel 1st way, (3, 1, 3, 1) is -0.31505
Calculated 2-RDM element with Parallel after GPU Parallel 1st way, (3, 2, 2, 2) is 0.0
Calculated 2-RDM element with Parallel after GPU Parallel 1st way, (3, 2, 3, 2) is -0.051799999999999985
Calculated 2-RDM element with Parallel after GPU Parallel 1st way, (3, 3, 3, 2) is 0.0
Calculated 2-RDM element with Parallel after GPU Parallel 1st way, (3, 3, 3, 3) is 0.0
Execution time of get_two_rdm_Parallel: 6.254803657531738 seconds
Calculated 2-RDM element with Parallel after GPU Parallel 2nd way, (0, 0, 0, 0) is 0.0
Calculated 2-RDM element with Parallel after GPU Parallel 2nd way, (0, 0, 0, 1) is 0.0
Calculated 2-RDM element with Parallel after GPU Parallel 2nd way, (0, 0, 1, 1) is 0.0
Calculated 2-RDM element with Parallel after GPU Parallel 2nd way, (0, 1, 0, 1) is -0.10225000000000004
Calculated 2-RDM element with Parallel after GPU Parallel 2nd way, (0, 1, 1, 1) is 0.0
Calculated 2-RDM element with Parallel after GPU Parallel 2nd way, (0, 2, 0, 2) is -0.5026999999999999
Calculated 2-RDM element with Parallel after GPU Parallel 2nd way, (0, 2, 0, 3) is 0.043825
Calculated 2-RDM element with Parallel after GPU Parallel 2nd way, (0, 2, 1, 2) is -0.039325000000000006
Calculated 2-RDM element with Parallel after GPU Parallel 2nd way, (0, 2, 1, 3) is 0.27899999999999997
Calculated 2-RDM element with Parallel after GPU Parallel 2nd way, (0, 3, 0, 3) is -0.15305000000000002
Calculated 2-RDM element with Parallel after GPU Parallel 2nd way, (0, 3, 1, 2) is 0.004374999999999997
Calculated 2-RDM element with Parallel after GPU Parallel 2nd way, (0, 3, 1, 3) is -0.032
Calculated 2-RDM element with Parallel after GPU Parallel 2nd way, (0, 3, 2, 0) is -0.043825
Calculated 2-RDM element with Parallel after GPU Parallel 2nd way, (1, 0, 0, 0) is 0.0
Calculated 2-RDM element with Parallel after GPU Parallel 2nd way, (1, 0, 1, 0) is -0.10225000000000004
Calculated 2-RDM element with Parallel after GPU Parallel 2nd way, (1, 1, 1, 0) is 0.0
Calculated 2-RDM element with Parallel after GPU Parallel 2nd way, (1, 1, 1, 1) is 0.0
Calculated 2-RDM element with Parallel after GPU Parallel 2nd way, (1, 2, 1, 2) is -0.07405
Calculated 2-RDM element with Parallel after GPU Parallel 2nd way, (1, 2, 1, 3) is 0.032499999999999994
Calculated 2-RDM element with Parallel after GPU Parallel 2nd way, (1, 2, 2, 0) is 0.039325
Calculated 2-RDM element with Parallel after GPU Parallel 2nd way, (1, 2, 3, 0) is -0.004374999999999997
Calculated 2-RDM element with Parallel after GPU Parallel 2nd way, (1, 3, 1, 3) is -0.31720000000000004
Calculated 2-RDM element with Parallel after GPU Parallel 2nd way, (1, 3, 2, 0) is -0.279
Calculated 2-RDM element with Parallel after GPU Parallel 2nd way, (1, 3, 2, 1) is -0.0325
Calculated 2-RDM element with Parallel after GPU Parallel 2nd way, (1, 3, 3, 0) is 0.032
Calculated 2-RDM element with Parallel after GPU Parallel 2nd way, (2, 0, 2, 0) is -0.5027
Calculated 2-RDM element with Parallel after GPU Parallel 2nd way, (2, 0, 2, 1) is -0.039325000000000006
Calculated 2-RDM element with Parallel after GPU Parallel 2nd way, (2, 0, 3, 0) is 0.043825
Calculated 2-RDM element with Parallel after GPU Parallel 2nd way, (2, 0, 3, 1) is 0.27899999999999997
Calculated 2-RDM element with Parallel after GPU Parallel 2nd way, (2, 1, 0, 2) is 0.039325
Calculated 2-RDM element with Parallel after GPU Parallel 2nd way, (2, 1, 0, 3) is -0.004374999999999997
Calculated 2-RDM element with Parallel after GPU Parallel 2nd way, (2, 1, 2, 1) is -0.07405
Calculated 2-RDM element with Parallel after GPU Parallel 2nd way, (2, 1, 3, 1) is 0.032499999999999994
Calculated 2-RDM element with Parallel after GPU Parallel 2nd way, (2, 2, 2, 2) is 0.0
Calculated 2-RDM element with Parallel after GPU Parallel 2nd way, (2, 2, 2, 3) is 0.0
Calculated 2-RDM element with Parallel after GPU Parallel 2nd way, (2, 2, 3, 3) is 0.0
Calculated 2-RDM element with Parallel after GPU Parallel 2nd way, (2, 3, 2, 3) is -0.04579999999999998
Calculated 2-RDM element with Parallel after GPU Parallel 2nd way, (2, 3, 3, 3) is 0.0
Calculated 2-RDM element with Parallel after GPU Parallel 2nd way, (3, 0, 0, 2) is -0.043825
Calculated 2-RDM element with Parallel after GPU Parallel 2nd way, (3, 0, 2, 1) is 0.004374999999999997
Calculated 2-RDM element with Parallel after GPU Parallel 2nd way, (3, 0, 3, 0) is -0.15305000000000002
Calculated 2-RDM element with Parallel after GPU Parallel 2nd way, (3, 0, 3, 1) is -0.032
Calculated 2-RDM element with Parallel after GPU Parallel 2nd way, (3, 1, 0, 2) is -0.279
Calculated 2-RDM element with Parallel after GPU Parallel 2nd way, (3, 1, 0, 3) is 0.032
Calculated 2-RDM element with Parallel after GPU Parallel 2nd way, (3, 1, 1, 2) is -0.0325
Calculated 2-RDM element with Parallel after GPU Parallel 2nd way, (3, 1, 3, 1) is -0.31720000000000004
Calculated 2-RDM element with Parallel after GPU Parallel 2nd way, (3, 2, 2, 2) is 0.0
Calculated 2-RDM element with Parallel after GPU Parallel 2nd way, (3, 2, 3, 2) is -0.04579999999999998
Calculated 2-RDM element with Parallel after GPU Parallel 2nd way, (3, 3, 3, 2) is 0.0
Calculated 2-RDM element with Parallel after GPU Parallel 2nd way, (3, 3, 3, 3) is 0.0
Execution time of get_two_rdm_Parallel2: 1.759812831878662 seconds
{'IIII': 1.0, 'IIZI': 0.2196, 'IIIZ': -0.3088, 'IIZZ': -0.6832, 'IZII': -0.1522, 'IZIZ': 0.5462, 'XYII': 0.0098, 'YYII': -0.1408, 'XYIZ': 0.0096, 'YYIZ': 0.0098, 'XXII': -0.1526, 'YXII': -0.011, 'XXIZ': 0.0202, 'YXIZ': -0.001, 'IIXY': 0.0118, 'IZXY': -0.0106, 'IIYY': 0.132, 'IZYY': -0.044, 'IIXX': 0.1362, 'IZXX': 0.0126, 'IIYX': 0.01, 'IZYX': -0.009, 'XYXY': 0.529, 'YYXY': 0.0014, 'XYYY': 0.0042, 'YYYY': -0.5802, 'XXXY': 0.0014, 'YXXY': -0.5548, 'XXYY': -0.5828, 'YXYY': -0.0012, 'XYXX': 0.0158, 'YYXX': -0.554, 'XYYX': -0.5434, 'YYYX': -0.0014, 'XXXX': -0.5654, 'YXXX': 0.0004, 'XXYX': 0.0074, 'YXYX': 0.5558, 'ZIII': 0.1406, 'ZIIZ': -0.5436, 'ZIXY': 0.0118, 'ZIYY': 0.0148, 'ZIXX': 0.016, 'ZIYX': 0.0134, 'IZZI': -0.6302, 'XYZI': -0.0028, 'YYZI': -0.03, 'XXZI': -0.0292, 'YXZI': 0.0014, 'ZIZI': 0.6378, 'ZZII': -0.8002}
Calculated 2-RDM element with Parallel after GPU Parallel 3th way, (0, 0, 0, 0) is 0.0
Calculated 2-RDM element with Parallel after GPU Parallel 3th way, (0, 0, 0, 1) is 0.0
Calculated 2-RDM element with Parallel after GPU Parallel 3th way, (0, 0, 1, 1) is 0.0
Calculated 2-RDM element with Parallel after GPU Parallel 3th way, (0, 2, 0, 2) is -0.5018
Calculated 2-RDM element with Parallel after GPU Parallel 3th way, (1, 0, 1, 0) is -0.10149999999999998
Calculated 2-RDM element with Parallel after GPU Parallel 3th way, (0, 3, 0, 3) is -0.15614999999999998
Calculated 2-RDM element with Parallel after GPU Parallel 3th way, (0, 1, 1, 1) is 0.0
Calculated 2-RDM element with Parallel after GPU Parallel 3th way, (1, 0, 0, 0) is 0.0
Calculated 2-RDM element with Parallel after GPU Parallel 3th way, (1, 2, 1, 2) is -0.0756
Calculated 2-RDM element with Parallel after GPU Parallel 3th way, (1, 1, 1, 0) is 0.0
Calculated 2-RDM element with Parallel after GPU Parallel 3th way, (0, 3, 1, 2) is 0.0062125000000000236
Calculated 2-RDM element with Parallel after GPU Parallel 3th way, (0, 1, 0, 1) is -0.10149999999999998
Calculated 2-RDM element with Parallel after GPU Parallel 3th way, (0, 2, 1, 2) is -0.03745
Calculated 2-RDM element with Parallel after GPU Parallel 3th way, (0, 3, 2, 0) is -0.040424999999999996
Calculated 2-RDM element with Parallel after GPU Parallel 3th way, (1, 3, 3, 0) is 0.029674999999999997
Calculated 2-RDM element with Parallel after GPU Parallel 3th way, (1, 1, 1, 1) is 0.0
Calculated 2-RDM element with Parallel after GPU Parallel 3th way, (2, 0, 2, 1) is -0.03745
Calculated 2-RDM element with Parallel after GPU Parallel 3th way, (1, 3, 1, 3) is -0.3194
Calculated 2-RDM element with Parallel after GPU Parallel 3th way, (1, 3, 2, 1) is -0.029275
Calculated 2-RDM element with Parallel after GPU Parallel 3th way, (0, 2, 1, 3) is 0.27908750000000004
Calculated 2-RDM element with Parallel after GPU Parallel 3th way, (2, 1, 0, 3) is -0.0062125000000000236
Calculated 2-RDM element with Parallel after GPU Parallel 3th way, (1, 2, 2, 0) is 0.03745
Calculated 2-RDM element with Parallel after GPU Parallel 3th way, (2, 3, 2, 3) is -0.05285000000000001
Calculated 2-RDM element with Parallel after GPU Parallel 3th way, (0, 3, 1, 3) is -0.029674999999999997
Calculated 2-RDM element with Parallel after GPU Parallel 3th way, (1, 3, 2, 0) is -0.27908750000000004
Calculated 2-RDM element with Parallel after GPU Parallel 3th way, (2, 1, 2, 1) is -0.0756
Calculated 2-RDM element with Parallel after GPU Parallel 3th way, (3, 0, 2, 1) is 0.0062125000000000236
Calculated 2-RDM element with Parallel after GPU Parallel 3th way, (2, 1, 3, 1) is 0.029275
Calculated 2-RDM element with Parallel after GPU Parallel 3th way, (3, 0, 0, 2) is -0.040424999999999996
Calculated 2-RDM element with Parallel after GPU Parallel 3th way, (0, 2, 0, 3) is 0.040424999999999996
Calculated 2-RDM element with Parallel after GPU Parallel 3th way, (3, 1, 0, 3) is 0.029674999999999997
Calculated 2-RDM element with Parallel after GPU Parallel 3th way, (2, 0, 3, 0) is 0.040424999999999996
Calculated 2-RDM element with Parallel after GPU Parallel 3th way, (1, 2, 1, 3) is 0.029275
Calculated 2-RDM element with Parallel after GPU Parallel 3th way, (3, 1, 0, 2) is -0.27908750000000004
Calculated 2-RDM element with Parallel after GPU Parallel 3th way, (2, 2, 3, 3) is 0.0
Calculated 2-RDM element with Parallel after GPU Parallel 3th way, (1, 2, 3, 0) is -0.0062125000000000236
Calculated 2-RDM element with Parallel after GPU Parallel 3th way, (2, 2, 2, 3) is 0.0
Calculated 2-RDM element with Parallel after GPU Parallel 3th way, (3, 1, 1, 2) is -0.029275
Calculated 2-RDM element with Parallel after GPU Parallel 3th way, (2, 0, 3, 1) is 0.27908750000000004
Calculated 2-RDM element with Parallel after GPU Parallel 3th way, (2, 1, 0, 2) is 0.03745
Calculated 2-RDM element with Parallel after GPU Parallel 3th way, (2, 2, 2, 2) is 0.0
Calculated 2-RDM element with Parallel after GPU Parallel 3th way, (2, 0, 2, 0) is -0.5018
Calculated 2-RDM element with Parallel after GPU Parallel 3th way, (3, 0, 3, 1) is -0.029674999999999997
Calculated 2-RDM element with Parallel after GPU Parallel 3th way, (3, 1, 3, 1) is -0.3194
Calculated 2-RDM element with Parallel after GPU Parallel 3th way, (3, 0, 3, 0) is -0.15614999999999998
Calculated 2-RDM element with Parallel after GPU Parallel 3th way, (3, 2, 3, 2) is -0.05285000000000001
Calculated 2-RDM element with Parallel after GPU Parallel 3th way, (3, 3, 3, 2) is 0.0
Calculated 2-RDM element with Parallel after GPU Parallel 3th way, (3, 3, 3, 3) is 0.0
Calculated 2-RDM element with Parallel after GPU Parallel 3th way, (2, 3, 3, 3) is 0.0
Calculated 2-RDM element with Parallel after GPU Parallel 3th way, (3, 2, 2, 2) is 0.0
Execution time of get_two_rdm_Parallel3: 1.9997026920318604 seconds
Number of 'cx' gates before replacing gates: 56
Number of 'h' gates before replacing gates: 72
Number of 's' gates before replacing gates: 24
Number of 'rz' gates before replacing gates: 32
Number of 'x' gates before replacing gates: 0
Number of 'y' gates before replacing gates: 0
Number of parameterized gates before replacing gates: 0
{ParameterVectorElement(t[0]): -0.029168896224813022, ParameterVectorElement(t[1]): 0.02899337516860869, ParameterVectorElement(t[2]): -0.7295693184883916}
Total parameter gates replaced: 0
Number of 'cx' gates after replacing gates: 56
Number of 'h' gates after replacing gates: 72
Number of 's' gates after replacing gates: 24
Number of 'rz' gates after replacing gates: 32
Number of 'x' gates after replacing gates: 0
Number of 'y' gates after replacing gates: 0
Number of 'z' gates after replacing gates: 0
Gate replacement successful.
Calculated 1-RDM element with wavefunction (0, 0) is 0.5547741090378174
Calculated 1-RDM element with wavefunction (1, 3) is 3.850779112453296e-18
Calculated 1-RDM element with wavefunction (0, 2) is 3.861888168992248e-18
Calculated 1-RDM element with wavefunction (1, 0) is 0.041013767673895384
Calculated 1-RDM element with wavefunction (0, 1) is 0.041013767673895384
Calculated 1-RDM element with wavefunction (1, 1) is 0.44522589096216914
Calculated 1-RDM element with wavefunction (2, 1) is -4.9800206994038534e-17
Calculated 1-RDM element with wavefunction (3, 2) is -0.04100013804712719
Calculated 1-RDM element with wavefunction (2, 3) is -0.04100013804712719
Calculated 1-RDM element with wavefunction (3, 0) is -3.9497226763906624e-17
Calculated 1-RDM element with wavefunction (3, 1) is 3.850779112453296e-18
Calculated 1-RDM element with wavefunction (1, 2) is -4.9800206994038534e-17
Calculated 1-RDM element with wavefunction (2, 2) is 0.5547843119862931
Calculated 1-RDM element with wavefunction (2, 0) is 3.861888168992248e-18
Calculated 1-RDM element with wavefunction (0, 3) is -3.9497226763906624e-17
Calculated 1-RDM element with wavefunction (3, 3) is 0.44521568801369354
Execution time of get_one_rdm_wavefunction: 0.06312108039855957 seconds
Calculated 2-RDM element with wavefunction (0, 0, 0, 0) is 0.0
Calculated 2-RDM element with wavefunction (0, 1, 1, 1) is 0.0
Calculated 2-RDM element with wavefunction (0, 0, 1, 1) is 0.0
Calculated 2-RDM element with wavefunction (0, 2, 0, 2) is -0.5539344435661078
Calculated 2-RDM element with wavefunction (0, 3, 2, 0) is -0.021566632232529692
Calculated 2-RDM element with wavefunction (0, 0, 0, 1) is 0.0
Calculated 2-RDM element with wavefunction (1, 1, 1, 0) is 0.0
Calculated 2-RDM element with wavefunction (0, 2, 0, 3) is 0.021566632232529692
Calculated 2-RDM element with wavefunction (0, 2, 1, 2) is -0.021697266888706643
Calculated 2-RDM element with wavefunction (0, 1, 0, 1) is -7.919498288454933e-32
Calculated 2-RDM element with wavefunction (0, 2, 1, 3) is 0.49614028739955596
Calculated 2-RDM element with wavefunction (0, 3, 1, 2) is 0.000844751542127088
Calculated 2-RDM element with wavefunction (1, 0, 0, 0) is 0.0
Calculated 2-RDM element with wavefunction (1, 2, 1, 3) is 0.019433505814597497
Calculated 2-RDM element with wavefunction (0, 3, 1, 3) is -0.01931650078518874
Calculated 2-RDM element with wavefunction (1, 3, 1, 3) is -0.44437602254198383
Calculated 2-RDM element with wavefunction (1, 0, 1, 0) is -7.919498288454933e-32
Calculated 2-RDM element with wavefunction (0, 3, 0, 3) is -0.0008396654717097048
Calculated 2-RDM element with wavefunction (1, 3, 2, 0) is -0.49614028739955596
Calculated 2-RDM element with wavefunction (2, 0, 3, 1) is 0.49614028739955596
Calculated 2-RDM element with wavefunction (2, 0, 3, 0) is 0.021566632232529692
Calculated 2-RDM element with wavefunction (1, 2, 2, 0) is 0.021697266888706643
Calculated 2-RDM element with wavefunction (2, 1, 2, 1) is -0.0008498684201853261
Calculated 2-RDM element with wavefunction (2, 2, 2, 3) is 0.0
Calculated 2-RDM element with wavefunction (2, 3, 3, 3) is 0.0
Calculated 2-RDM element with wavefunction (1, 1, 1, 1) is 0.0
Calculated 2-RDM element with wavefunction (2, 0, 2, 0) is -0.5539344435661078
Calculated 2-RDM element with wavefunction (2, 0, 2, 1) is -0.021697266888706643
Calculated 2-RDM element with wavefunction (3, 0, 0, 2) is -0.021566632232529692
Calculated 2-RDM element with wavefunction (2, 1, 0, 3) is -0.000844751542127088
Calculated 2-RDM element with wavefunction (2, 1, 3, 1) is 0.019433505814597497
Calculated 2-RDM element with wavefunction (1, 2, 1, 2) is -0.0008498684201853261
Calculated 2-RDM element with wavefunction (2, 1, 0, 2) is 0.021697266888706643
Calculated 2-RDM element with wavefunction (1, 3, 2, 1) is -0.019433505814597497
Calculated 2-RDM element with wavefunction (1, 2, 3, 0) is -0.000844751542127088
Calculated 2-RDM element with wavefunction (1, 3, 3, 0) is 0.01931650078518874
Calculated 2-RDM element with wavefunction (3, 1, 0, 2) is -0.49614028739955596
Calculated 2-RDM element with wavefunction (2, 2, 3, 3) is 0.0
Calculated 2-RDM element with wavefunction (2, 2, 2, 2) is 0.0
Calculated 2-RDM element with wavefunction (3, 3, 3, 2) is 0.0
Calculated 2-RDM element with wavefunction (3, 2, 2, 2) is 0.0
Calculated 2-RDM element with wavefunction (3, 2, 3, 2) is -1.1837449581015505e-32
Calculated 2-RDM element with wavefunction (2, 3, 2, 3) is -1.1837449581015505e-32
Calculated 2-RDM element with wavefunction (3, 3, 3, 3) is 0.0
Calculated 2-RDM element with wavefunction (3, 0, 3, 0) is -0.0008396654717097048
Calculated 2-RDM element with wavefunction (3, 1, 1, 2) is -0.019433505814597497
Calculated 2-RDM element with wavefunction (3, 1, 0, 3) is 0.01931650078518874
Calculated 2-RDM element with wavefunction (3, 0, 2, 1) is 0.000844751542127088
Calculated 2-RDM element with wavefunction (3, 0, 3, 1) is -0.01931650078518874
Calculated 2-RDM element with wavefunction (3, 1, 3, 1) is -0.44437602254198383
Execution time of get_two_rdm_wavefunction: 0.18020153045654297 seconds
Calculated 2-RDM element (0, 0, 1, 1) is 0.0
Calculated 2-RDM element (1, 0, 0, 0) is 0.0
Calculated 2-RDM element (1, 1, 1, 0) is 0.0
Calculated 2-RDM element (1, 1, 1, 1) is 0.0
Calculated 2-RDM element (0, 0, 0, 0) is 0.0
Calculated 2-RDM element (0, 0, 0, 1) is 0.0
Calculated 2-RDM element (2, 2, 2, 3) is 0.0
Calculated 2-RDM element (2, 2, 3, 3) is 0.0
Calculated 2-RDM element (2, 2, 2, 2) is 0.0
Calculated 2-RDM element (2, 3, 3, 3) is 0.0
Calculated 2-RDM element (0, 1, 1, 1) is 0.0
Calculated 2-RDM element (3, 2, 2, 2) is 0.0
Calculated 2-RDM element (3, 3, 3, 3) is 0.0
Calculated 2-RDM element (3, 3, 3, 2) is 0.0
Calculated 2-RDM element (1, 0, 1, 0) is -0.10239999999999996
Calculated 2-RDM element (1, 2, 1, 2) is -0.06640000000000001
Calculated 2-RDM element (1, 3, 1, 3) is -0.35945000000000005
Calculated 2-RDM element (0, 1, 0, 1) is -0.10074999999999998
Calculated 2-RDM element (0, 3, 0, 3) is -0.14645
Calculated 2-RDM element (0, 2, 0, 2) is -0.45794999999999997
Calculated 2-RDM element (2, 0, 2, 0) is -0.4601
Calculated 2-RDM element (2, 1, 2, 1) is -0.06840000000000002
Calculated 2-RDM element (3, 0, 3, 0) is -0.15249999999999997
Calculated 2-RDM element (2, 3, 2, 3) is -0.05015
Calculated 2-RDM element (3, 1, 3, 1) is -0.36905
Calculated 2-RDM element (3, 2, 3, 2) is -0.04695000000000002
Calculated 2-RDM element (0, 3, 2, 0) is -0.013975
Calculated 2-RDM element (0, 3, 1, 3) is -0.012625
Calculated 2-RDM element (1, 3, 3, 0) is 0.01285
Calculated 2-RDM element (0, 2, 0, 3) is 0.016375
Calculated 2-RDM element (1, 2, 2, 0) is 0.011699999999999999
Calculated 2-RDM element (0, 2, 1, 2) is -0.017750000000000002
Calculated 2-RDM element (1, 2, 1, 3) is 0.0151
Calculated 2-RDM element (2, 1, 0, 2) is 0.017049999999999996
Calculated 2-RDM element (2, 0, 2, 1) is -0.0132
Calculated 2-RDM element (2, 0, 3, 0) is 0.014225
Calculated 2-RDM element (3, 0, 3, 1) is -0.012875000000000001
Calculated 2-RDM element (2, 1, 3, 1) is 0.010475
Calculated 2-RDM element (3, 0, 0, 2) is -0.013575
Calculated 2-RDM element (3, 1, 0, 3) is 0.011125
Calculated 2-RDM element (3, 1, 1, 2) is -0.0143
Calculated 2-RDM element (1, 3, 2, 1) is -0.007725000000000001
Calculated 2-RDM element (1, 2, 3, 0) is 0.0022999999999999896
Calculated 2-RDM element (1, 3, 2, 0) is -0.28928750000000003
Calculated 2-RDM element (0, 3, 1, 2) is -0.0017749999999999988
Calculated 2-RDM element (3, 0, 2, 1) is 0.0003249999999999781
Calculated 2-RDM element (0, 2, 1, 3) is 0.292625
Calculated 2-RDM element (3, 1, 0, 2) is -0.29141249999999996
Calculated 2-RDM element (2, 0, 3, 1) is 0.28908750000000005
Calculated 2-RDM element (2, 1, 0, 3) is 0.0016250000000000153
Execution time of get_two_rdm: 12.800241470336914 seconds
Calculated 1-RDM element (0, 0) is 0.6169
Calculated 1-RDM element (1, 1) is 0.4411
Calculated 1-RDM element (2, 2) is 0.5311
Calculated 1-RDM element (3, 3) is 0.46499999999999997
Calculated 1-RDM element (0, 3) is 0.00335
Calculated 1-RDM element (0, 1) is 0.0268
Calculated 1-RDM element (0, 2) is 0.0007
Calculated 1-RDM element (1, 3) is 0.011
Calculated 1-RDM element (1, 0) is 0.02255
Calculated 1-RDM element (2, 0) is 0.00020000000000000004
Calculated 1-RDM element (2, 1) is 0.0043
Calculated 1-RDM element (3, 2) is -0.030449999999999998
Calculated 1-RDM element (1, 2) is -0.0017499999999999998
Calculated 1-RDM element (2, 3) is -0.02005
Calculated 1-RDM element (3, 1) is -0.0022500000000000003
Calculated 1-RDM element (3, 0) is -0.0047
Execution time of get_one_rdm: 2.01688289642334 seconds
Calculated 2-RDM element (0, 0, 1, 1) is 0.0
Calculated 2-RDM element (0, 0, 0, 1) is 0.0
Calculated 2-RDM element (0, 0, 0, 0) is 0.0
Calculated 2-RDM element (0, 1, 1, 1) is 0.0
Calculated 2-RDM element (1, 0, 0, 0) is 0.0
Calculated 2-RDM element (1, 1, 1, 1) is 0.0
Calculated 2-RDM element (2, 2, 2, 2) is 0.0
Calculated 2-RDM element (1, 1, 1, 0) is 0.0
Calculated 2-RDM element (2, 3, 3, 3) is 0.0
Calculated 2-RDM element (2, 2, 2, 3) is 0.0
Calculated 2-RDM element (2, 2, 3, 3) is 0.0
Calculated 2-RDM element (3, 2, 2, 2) is 0.0
Calculated 2-RDM element (3, 3, 3, 3) is 0.0
Calculated 2-RDM element (3, 3, 3, 2) is 0.0
Calculated 2-RDM element (0, 3, 0, 3) is -0.0008396654717115759
Calculated 2-RDM element (2, 1, 2, 1) is -0.000849868420187222
Calculated 2-RDM element (1, 2, 1, 2) is -0.000849868420187222
Calculated 2-RDM element (0, 2, 0, 2) is -0.5539344435661087
Calculated 2-RDM element (0, 1, 0, 1) is -1.8596235662471372e-15
Calculated 2-RDM element (2, 0, 2, 0) is -0.5539344435661087
Calculated 2-RDM element (1, 0, 1, 0) is -1.8596235662471372e-15
Calculated 2-RDM element (3, 0, 3, 0) is -0.0008396654717115759
Calculated 2-RDM element (1, 3, 1, 3) is -0.444376022541985
Calculated 2-RDM element (2, 3, 2, 3) is -1.887379141862766e-15
Calculated 2-RDM element (3, 1, 3, 1) is -0.444376022541985
Calculated 2-RDM element (3, 2, 3, 2) is -1.887379141862766e-15
Calculated 2-RDM element (0, 2, 0, 3) is 0.021566632232529574
Calculated 2-RDM element (0, 3, 1, 3) is -0.019316500785188637
Calculated 2-RDM element (0, 3, 2, 0) is -0.021566632232529574
Calculated 2-RDM element (0, 2, 1, 2) is -0.02169726688870658
Calculated 2-RDM element (1, 2, 2, 0) is 0.02169726688870658
Calculated 2-RDM element (2, 0, 2, 1) is -0.02169726688870658
Calculated 2-RDM element (2, 0, 3, 0) is 0.021566632232529574
Calculated 2-RDM element (3, 0, 3, 1) is -0.019316500785188637
Calculated 2-RDM element (1, 3, 3, 0) is 0.019316500785188637
Calculated 2-RDM element (1, 3, 2, 1) is -0.019433505814597442
Calculated 2-RDM element (2, 1, 3, 1) is 0.019433505814597442
Calculated 2-RDM element (3, 0, 0, 2) is -0.021566632232529574
Calculated 2-RDM element (3, 1, 1, 2) is -0.019433505814597442
Calculated 2-RDM element (3, 1, 0, 3) is 0.019316500785188637
Calculated 2-RDM element (1, 2, 1, 3) is 0.019433505814597442
Calculated 2-RDM element (2, 1, 0, 2) is 0.02169726688870658
Calculated 2-RDM element (1, 2, 3, 0) is -0.0008447515421270979
Calculated 2-RDM element (2, 1, 0, 3) is -0.0008447515421270979
Calculated 2-RDM element (1, 3, 2, 0) is -0.49614028739955507
Calculated 2-RDM element (0, 3, 1, 2) is 0.0008447515421270979
Calculated 2-RDM element (3, 0, 2, 1) is 0.0008447515421270979
Calculated 2-RDM element (2, 0, 3, 1) is 0.49614028739955507
Calculated 2-RDM element (3, 1, 0, 2) is -0.49614028739955507
Calculated 2-RDM element (0, 2, 1, 3) is 0.49614028739955507
Execution time of get_two_rdm: 12.631074666976929 seconds
Calculated 2-RDM element with wavefunction (0, 0, 0, 0) is 0.0
Calculated 2-RDM element with wavefunction (0, 0, 0, 1) is 0.0
Calculated 2-RDM element with wavefunction (0, 0, 1, 1) is 0.0
Calculated 2-RDM element with wavefunction (0, 1, 1, 1) is 0.0
Calculated 2-RDM element with wavefunction (0, 2, 1, 2) is -0.02169726688870658
Calculated 2-RDM element with wavefunction (1, 0, 1, 0) is -4.636180198124171e-32
Calculated 2-RDM element with wavefunction (0, 3, 1, 3) is -0.019316500785188637
Calculated 2-RDM element with wavefunction (1, 1, 1, 0) is 0.0
Calculated 2-RDM element with wavefunction (0, 3, 2, 0) is -0.021566632232529574
Calculated 2-RDM element with wavefunction (0, 1, 0, 1) is -4.636180198124171e-32
Calculated 2-RDM element with wavefunction (0, 2, 0, 3) is 0.021566632232529574
Calculated 2-RDM element with wavefunction (0, 2, 0, 2) is -0.5539344435661068
Calculated 2-RDM element with wavefunction (1, 3, 2, 1) is -0.019433505814597442
Calculated 2-RDM element with wavefunction (1, 3, 1, 3) is -0.4443760225419831
Calculated 2-RDM element with wavefunction (2, 0, 2, 0) is -0.5539344435661068
Calculated 2-RDM element with wavefunction (1, 1, 1, 1) is 0.0
Calculated 2-RDM element with wavefunction (0, 2, 1, 3) is 0.49614028739955507
Calculated 2-RDM element with wavefunction (0, 3, 1, 2) is 0.0008447515421270824
Calculated 2-RDM element with wavefunction (2, 0, 3, 0) is 0.021566632232529574
Calculated 2-RDM element with wavefunction (1, 0, 0, 0) is 0.0
Calculated 2-RDM element with wavefunction (1, 2, 2, 0) is 0.02169726688870658
Calculated 2-RDM element with wavefunction (2, 1, 3, 1) is 0.019433505814597442
Calculated 2-RDM element with wavefunction (1, 2, 3, 0) is -0.0008447515421270824
Calculated 2-RDM element with wavefunction (1, 3, 3, 0) is 0.019316500785188637
Calculated 2-RDM element with wavefunction (1, 2, 1, 3) is 0.019433505814597442
Calculated 2-RDM element with wavefunction (1, 3, 2, 0) is -0.49614028739955507
Calculated 2-RDM element with wavefunction (2, 0, 2, 1) is -0.02169726688870658
Calculated 2-RDM element with wavefunction (2, 0, 3, 1) is 0.49614028739955507
Calculated 2-RDM element with wavefunction (3, 0, 2, 1) is 0.0008447515421270824
Calculated 2-RDM element with wavefunction (3, 1, 0, 3) is 0.019316500785188637
Calculated 2-RDM element with wavefunction (3, 1, 1, 2) is -0.019433505814597442
Calculated 2-RDM element with wavefunction (2, 1, 2, 1) is -0.0008498684201853227
Calculated 2-RDM element with wavefunction (1, 2, 1, 2) is -0.0008498684201853227
Calculated 2-RDM element with wavefunction (3, 0, 0, 2) is -0.021566632232529574
Calculated 2-RDM element with wavefunction (2, 1, 0, 2) is 0.02169726688870658
Calculated 2-RDM element with wavefunction (2, 3, 3, 3) is 0.0
Calculated 2-RDM element with wavefunction (2, 2, 2, 2) is 0.0
Calculated 2-RDM element with wavefunction (3, 0, 3, 0) is -0.0008396654717096969
Calculated 2-RDM element with wavefunction (2, 3, 2, 3) is -4.8136467616882494e-32
Calculated 2-RDM element with wavefunction (2, 1, 0, 3) is -0.0008447515421270824
Calculated 2-RDM element with wavefunction (3, 3, 3, 2) is 0.0
Calculated 2-RDM element with wavefunction (2, 2, 2, 3) is 0.0
Calculated 2-RDM element with wavefunction (0, 3, 0, 3) is -0.0008396654717096969
Calculated 2-RDM element with wavefunction (3, 0, 3, 1) is -0.019316500785188637
Calculated 2-RDM element with wavefunction (3, 2, 2, 2) is 0.0
Calculated 2-RDM element with wavefunction (3, 2, 3, 2) is -4.8136467616882494e-32
Calculated 2-RDM element with wavefunction (3, 3, 3, 3) is 0.0
Calculated 2-RDM element with wavefunction (3, 1, 3, 1) is -0.4443760225419831
Calculated 2-RDM element with wavefunction (2, 2, 3, 3) is 0.0
Calculated 2-RDM element with wavefunction (3, 1, 0, 2) is -0.49614028739955507
Execution time of get_two_rdm_wavefunction: 0.3259913921356201 seconds
Calculated 2-RDM element (0, 0, 0, 0) is 0.0
Calculated 2-RDM element (0, 0, 1, 1) is 0.0
Calculated 2-RDM element (0, 0, 0, 1) is 0.0
Calculated 2-RDM element (0, 1, 1, 1) is 0.0
Calculated 2-RDM element (1, 1, 1, 0) is 0.0
Calculated 2-RDM element (1, 1, 1, 1) is 0.0
Calculated 2-RDM element (1, 0, 0, 0) is 0.0
Calculated 2-RDM element (2, 2, 3, 3) is 0.0
Calculated 2-RDM element (2, 3, 3, 3) is 0.0
Calculated 2-RDM element (2, 2, 2, 2) is 0.0
Calculated 2-RDM element (2, 2, 2, 3) is 0.0
Calculated 2-RDM element (3, 2, 2, 2) is 0.0
Calculated 2-RDM element (3, 3, 3, 2) is 0.0
Calculated 2-RDM element (3, 3, 3, 3) is 0.0
Calculated 2-RDM element (0, 2, 0, 2) is -0.49785
Calculated 2-RDM element (0, 1, 0, 1) is -0.09139999999999995
Calculated 2-RDM element (0, 3, 0, 3) is -0.15875000000000003
Calculated 2-RDM element (1, 2, 1, 2) is -0.06605
Calculated 2-RDM element (1, 0, 1, 0) is -0.1071
Calculated 2-RDM element (1, 3, 1, 3) is -0.31155
Calculated 2-RDM element (2, 0, 2, 0) is -0.49775
Calculated 2-RDM element (2, 3, 2, 3) is -0.05134999999999995
Calculated 2-RDM element (2, 1, 2, 1) is -0.07170000000000001
Calculated 2-RDM element (3, 0, 3, 0) is -0.1542
Calculated 2-RDM element (3, 1, 3, 1) is -0.3177
Calculated 2-RDM element (3, 2, 3, 2) is -0.04374999999999998
Calculated 2-RDM element (0, 2, 1, 2) is -0.042325
Calculated 2-RDM element (0, 2, 0, 3) is 0.034025
Calculated 2-RDM element (0, 3, 2, 0) is -0.037025
Calculated 2-RDM element (1, 2, 1, 3) is 0.029625
Calculated 2-RDM element (2, 0, 3, 0) is 0.038250000000000006
Calculated 2-RDM element (0, 3, 1, 3) is -0.035575
Calculated 2-RDM element (1, 2, 2, 0) is 0.033925
Calculated 2-RDM element (2, 0, 2, 1) is -0.0391
Calculated 2-RDM element (2, 1, 0, 2) is 0.037175
Calculated 2-RDM element (1, 3, 3, 0) is 0.036324999999999996
Calculated 2-RDM element (3, 0, 0, 2) is -0.040874999999999995
Calculated 2-RDM element (3, 0, 3, 1) is -0.036449999999999996
Calculated 2-RDM element (3, 1, 0, 3) is 0.0346
Calculated 2-RDM element (1, 3, 2, 1) is -0.02765
Calculated 2-RDM element (3, 1, 1, 2) is -0.028474999999999997
Calculated 2-RDM element (2, 1, 3, 1) is 0.027225
Calculated 2-RDM element (0, 3, 1, 2) is 0.002800000000000004
Calculated 2-RDM element (2, 1, 0, 3) is -0.003274999999999993
Calculated 2-RDM element (1, 2, 3, 0) is -0.0016125000000000098
Calculated 2-RDM element (3, 1, 0, 2) is -0.2793125
Calculated 2-RDM element (0, 2, 1, 3) is 0.2786125
Calculated 2-RDM element (1, 3, 2, 0) is -0.27948750000000006
Calculated 2-RDM element (2, 0, 3, 1) is 0.27575
Calculated 2-RDM element (3, 0, 2, 1) is 0.0007249999999999965
Execution time of get_two_rdm: 9.254664182662964 seconds
{'IIII': 1.0, 'IIZI': 0.2088, 'IIIZ': -0.3194, 'IIZZ': -0.6938, 'IZII': -0.1574, 'IZIZ': 0.5492, 'XYII': -0.0066, 'YYII': -0.1342, 'XYIZ': -0.0038, 'YYIZ': 0.0122, 'XXII': -0.1392, 'YXII': 0.001, 'XXIZ': 0.001, 'YXIZ': -0.0018, 'IIXY': 0.0274, 'IZXY': -0.0026, 'IIYY': 0.129, 'IZYY': -0.0154, 'IIXX': 0.1504, 'IZXX': -0.0178, 'IIYX': 0.002, 'IZYX': 0.0092, 'XYXY': 0.557, 'YYXY': 0.0098, 'XYYY': -0.0024, 'YYYY': -0.5842, 'XXXY': -0.002, 'YXXY': -0.5582, 'XXYY': -0.578, 'YXYY': 0.01, 'XYXX': 0.013, 'YYXX': -0.5478, 'XYYX': -0.5536, 'YYYX': 0.0036, 'XXXX': -0.565, 'YXXX': -0.0266, 'XXYX': 0.0096, 'YXYX': 0.56, 'ZIII': 0.1658, 'ZIIZ': -0.5244, 'ZIXY': -0.0128, 'ZIYY': 0.0012, 'ZIXX': 0.034, 'ZIYX': 0.0152, 'IZZI': -0.6406, 'XYZI': 0.0098, 'YYZI': -0.0304, 'XXZI': -0.0126, 'YXZI': -0.007, 'ZIZI': 0.6324, 'ZZII': -0.8074}
Calculated 2-RDM element with Parallel after GPU Parallel 1st way, (0, 0, 0, 0) is 0.0
Calculated 2-RDM element with Parallel after GPU Parallel 1st way, (0, 0, 0, 1) is 0.0
Calculated 2-RDM element with Parallel after GPU Parallel 1st way, (0, 0, 1, 1) is 0.0
Calculated 2-RDM element with Parallel after GPU Parallel 1st way, (0, 1, 0, 1) is -0.10420000000000001
Calculated 2-RDM element with Parallel after GPU Parallel 1st way, (0, 1, 1, 1) is 0.0
Calculated 2-RDM element with Parallel after GPU Parallel 1st way, (0, 2, 0, 2) is -0.5065
Calculated 2-RDM element with Parallel after GPU Parallel 1st way, (0, 2, 0, 3) is 0.035824999999999996
Calculated 2-RDM element with Parallel after GPU Parallel 1st way, (0, 2, 1, 2) is -0.039075
Calculated 2-RDM element with Parallel after GPU Parallel 1st way, (0, 2, 1, 3) is 0.2814875
Calculated 2-RDM element with Parallel after GPU Parallel 1st way, (0, 3, 0, 3) is -0.1573
Calculated 2-RDM element with Parallel after GPU Parallel 1st way, (0, 3, 1, 2) is 0.0028874999999999873
Calculated 2-RDM element with Parallel after GPU Parallel 1st way, (0, 3, 1, 3) is -0.030525
Calculated 2-RDM element with Parallel after GPU Parallel 1st way, (0, 3, 2, 0) is -0.035824999999999996
Calculated 2-RDM element with Parallel after GPU Parallel 1st way, (1, 0, 0, 0) is 0.0
Calculated 2-RDM element with Parallel after GPU Parallel 1st way, (1, 0, 1, 0) is -0.10419999999999996
Calculated 2-RDM element with Parallel after GPU Parallel 1st way, (1, 1, 1, 0) is 0.0
Calculated 2-RDM element with Parallel after GPU Parallel 1st way, (1, 1, 1, 1) is 0.0
Calculated 2-RDM element with Parallel after GPU Parallel 1st way, (1, 2, 1, 2) is -0.07700000000000001
Calculated 2-RDM element with Parallel after GPU Parallel 1st way, (1, 2, 1, 3) is 0.0288
Calculated 2-RDM element with Parallel after GPU Parallel 1st way, (1, 2, 2, 0) is 0.039075000000000006
Calculated 2-RDM element with Parallel after GPU Parallel 1st way, (1, 2, 3, 0) is -0.0028874999999999873
Calculated 2-RDM element with Parallel after GPU Parallel 1st way, (1, 3, 1, 3) is -0.31445
Calculated 2-RDM element with Parallel after GPU Parallel 1st way, (1, 3, 2, 0) is -0.2814875
Calculated 2-RDM element with Parallel after GPU Parallel 1st way, (1, 3, 2, 1) is -0.028800000000000003
Calculated 2-RDM element with Parallel after GPU Parallel 1st way, (1, 3, 3, 0) is 0.030525
Calculated 2-RDM element with Parallel after GPU Parallel 1st way, (2, 0, 2, 0) is -0.5065
Calculated 2-RDM element with Parallel after GPU Parallel 1st way, (2, 0, 2, 1) is -0.039075
Calculated 2-RDM element with Parallel after GPU Parallel 1st way, (2, 0, 3, 0) is 0.035824999999999996
Calculated 2-RDM element with Parallel after GPU Parallel 1st way, (2, 0, 3, 1) is 0.2814875
Calculated 2-RDM element with Parallel after GPU Parallel 1st way, (2, 1, 0, 2) is 0.039075000000000006
Calculated 2-RDM element with Parallel after GPU Parallel 1st way, (2, 1, 0, 3) is -0.0028874999999999873
Calculated 2-RDM element with Parallel after GPU Parallel 1st way, (2, 1, 2, 1) is -0.07700000000000001
Calculated 2-RDM element with Parallel after GPU Parallel 1st way, (2, 1, 3, 1) is 0.0288
Calculated 2-RDM element with Parallel after GPU Parallel 1st way, (2, 2, 2, 2) is 0.0
Calculated 2-RDM element with Parallel after GPU Parallel 1st way, (2, 2, 2, 3) is 0.0
Calculated 2-RDM element with Parallel after GPU Parallel 1st way, (2, 2, 3, 3) is 0.0
Calculated 2-RDM element with Parallel after GPU Parallel 1st way, (2, 3, 2, 3) is -0.04605000000000001
Calculated 2-RDM element with Parallel after GPU Parallel 1st way, (2, 3, 3, 3) is 0.0
Calculated 2-RDM element with Parallel after GPU Parallel 1st way, (3, 0, 0, 2) is -0.035824999999999996
Calculated 2-RDM element with Parallel after GPU Parallel 1st way, (3, 0, 2, 1) is 0.0028874999999999873
Calculated 2-RDM element with Parallel after GPU Parallel 1st way, (3, 0, 3, 0) is -0.1573
Calculated 2-RDM element with Parallel after GPU Parallel 1st way, (3, 0, 3, 1) is -0.030525
Calculated 2-RDM element with Parallel after GPU Parallel 1st way, (3, 1, 0, 2) is -0.2814875
Calculated 2-RDM element with Parallel after GPU Parallel 1st way, (3, 1, 0, 3) is 0.030525
Calculated 2-RDM element with Parallel after GPU Parallel 1st way, (3, 1, 1, 2) is -0.028800000000000003
Calculated 2-RDM element with Parallel after GPU Parallel 1st way, (3, 1, 3, 1) is -0.31445
Calculated 2-RDM element with Parallel after GPU Parallel 1st way, (3, 2, 2, 2) is 0.0
Calculated 2-RDM element with Parallel after GPU Parallel 1st way, (3, 2, 3, 2) is -0.04605000000000001
Calculated 2-RDM element with Parallel after GPU Parallel 1st way, (3, 3, 3, 2) is 0.0
Calculated 2-RDM element with Parallel after GPU Parallel 1st way, (3, 3, 3, 3) is 0.0
Execution time of get_two_rdm_Parallel: 1.7067739963531494 seconds
Calculated 1-RDM element (0, 0) is 0.5547741090378202
Calculated 1-RDM element (2, 2) is 0.5547843119862959
Calculated 1-RDM element (1, 1) is 0.4452258909621722
Calculated 1-RDM element (3, 3) is 0.4452156880136966
Calculated 1-RDM element (0, 3) is -1.050445321765218e-16
Calculated 1-RDM element (1, 2) is -1.059914353156634e-16
Calculated 1-RDM element (1, 0) is 0.04101376767389522
Calculated 1-RDM element (0, 1) is 0.04101376767389522
Calculated 1-RDM element (1, 3) is 3.412922649389203e-19
Calculated 1-RDM element (2, 0) is 3.6754621643528574e-19
Calculated 1-RDM element (3, 2) is -0.041000138047127016
Calculated 1-RDM element (3, 0) is -1.050445321765218e-16
Calculated 1-RDM element (0, 2) is 3.6754621643528574e-19
Calculated 1-RDM element (2, 3) is -0.041000138047127016
Calculated 1-RDM element (3, 1) is 3.412922649389203e-19
Calculated 1-RDM element (2, 1) is -1.059914353156634e-16
Execution time of get_one_rdm: 2.5136144161224365 seconds
Calculated 1-RDM element with wavefunction (0, 3) is -1.050445321765218e-16
Calculated 1-RDM element with wavefunction (1, 1) is 0.4452258909621684
Calculated 1-RDM element with wavefunction (0, 2) is 3.6754621643528574e-19
Calculated 1-RDM element with wavefunction (2, 0) is 3.6754621643528574e-19
Calculated 1-RDM element with wavefunction (2, 1) is -1.059914353156634e-16
Calculated 1-RDM element with wavefunction (1, 3) is 3.412922649389199e-19
Calculated 1-RDM element with wavefunction (3, 1) is 3.412922649389199e-19
Calculated 1-RDM element with wavefunction (3, 0) is -1.050445321765218e-16
Calculated 1-RDM element with wavefunction (3, 3) is 0.4452156880136928
Calculated 1-RDM element with wavefunction (2, 2) is 0.5547843119862921
Calculated 1-RDM element with wavefunction (0, 0) is 0.5547741090378164
Calculated 1-RDM element with wavefunction (1, 2) is -1.059914353156634e-16
Calculated 1-RDM element with wavefunction (1, 0) is 0.04101376767389522
Calculated 1-RDM element with wavefunction (0, 1) is 0.04101376767389522
Calculated 1-RDM element with wavefunction (3, 2) is -0.041000138047127016
Calculated 1-RDM element with wavefunction (2, 3) is -0.041000138047127016
Execution time of get_one_rdm_wavefunction: 0.09768533706665039 seconds
Calculated 1-RDM element (0, 0) is 0.6556
Calculated 1-RDM element (1, 1) is 0.39
Calculated 1-RDM element (2, 2) is 0.5786
Calculated 1-RDM element (3, 3) is 0.425
Calculated 1-RDM element (0, 2) is -0.0051
Calculated 1-RDM element (0, 1) is 0.06995
Calculated 1-RDM element (1, 0) is 0.0774
Calculated 1-RDM element (1, 3) is 0.0015
Calculated 1-RDM element (0, 3) is 0.01
Calculated 1-RDM element (1, 2) is 0.0017000000000000001
Calculated 1-RDM element (3, 2) is -0.0643
Calculated 1-RDM element (2, 3) is -0.06415
Calculated 1-RDM element (2, 0) is -0.0005500000000000001
Calculated 1-RDM element (3, 0) is 0.0039000000000000003
Calculated 1-RDM element (3, 1) is 0.0002000000000000001
Calculated 1-RDM element (2, 1) is -0.0018999999999999998
Execution time of get_one_rdm: 1.8408846855163574 seconds
--- [DONE]  Processing for d = 2.80. Data saved. ---
