-0.0149550229214434 0 0 0 0 0 0 0
-0.0187565254444895 0 0 0 0 0 0 1
0.018197898880124 0 0 0 0 0 0 3
-0.0023719589958505 0 0 0 0 0 1 0
-0.0053976385789395 0 0 0 0 0 1 1
0.0023719589958505 0 0 0 0 0 1 3
-0.0053976385789395 0 0 0 0 0 2 2
0.0140058075286811 0 0 0 0 0 3 0
0.0190999032820313 0 0 0 0 0 3 1
-0.0172486834873618 0 0 0 0 0 3 3
-0.0062845543400564 0 0 0 0 1 0 1
0.0011865995121439 0 0 0 0 1 1 0
0.0049483479948148 0 0 0 0 1 1 1
0.0011865995121439 0 0 0 0 1 1 3
-0.0026780836498224 0 0 0 0 1 2 2
0.0048460321514751 0 0 0 0 1 3 1
0.0048460321514751 0 0 0 0 2 0 2
-0.0026780836498224 0 0 0 0 2 1 2
-0.0189016287751967 0 0 0 0 2 2 0
-0.0049483479948148 0 0 0 0 2 2 1
-0.0189016287751967 0 0 0 0 2 2 3
-0.0062845543400564 0 0 0 0 2 3 2
-0.0172486834873618 0 0 0 0 3 0 0
0.0190999032820313 0 0 0 0 3 0 1
0.0140058075286811 0 0 0 0 3 0 3
-0.0023719589958505 0 0 0 0 3 1 0
-0.0053976385789395 0 0 0 0 3 1 1
0.0023719589958505 0 0 0 0 3 1 3
-0.0053976385789395 0 0 0 0 3 2 2
0.018197898880124 0 0 0 0 3 3 0
-0.0187565254444895 0 0 0 0 3 3 1
-0.0149550229214434 0 0 0 0 3 3 3
0.039231513104046 0 0 0 1 0 0 0
0.0159966673417295 0 0 0 1 0 0 1
0.0055423575968556 0 0 0 1 0 0 3
0.0094810050365133 0 0 0 1 0 1 0
0.0004949139546612 0 0 0 1 0 1 1
-0.0094810050365133 0 0 0 1 0 1 3
-0.0027283197992539 0 0 0 1 0 2 2
0.0031898393790911 0 0 0 1 0 3 0
0.0159966673417295 0 0 0 1 0 3 1
-0.0304993161280994 0 0 0 1 0 3 3
-0.0017215397545178 0 0 0 1 1 0 1
0.0164807185187172 0 0 0 1 1 1 0
0.0008482224026719 0 0 0 1 1 1 1
-0.0156057498733384 0 0 0 1 1 1 3
0.0008482224026719 0 0 0 1 1 2 2
-0.0017215397545178 0 0 0 1 1 3 1
0.0006616665582489 0 0 0 1 2 0 2
0.0008482224026719 0 0 0 1 2 1 2
-0.0156057498733384 0 0 0 1 2 2 0
-0.0008482224026719 0 0 0 1 2 2 1
0.0164807185187172 0 0 0 1 2 2 3
0.0006616665582489 0 0 0 1 2 3 2
0.039231513104046 0 0 0 1 3 0 0
0.0159966673417295 0 0 0 1 3 0 1
0.0055423575968556 0 0 0 1 3 0 3
0.0094810050365133 0 0 0 1 3 1 0
0.0027283197992539 0 0 0 1 3 1 1
-0.0094810050365133 0 0 0 1 3 1 3
-0.0004949139546612 0 0 0 1 3 2 2
0.0031898393790911 0 0 0 1 3 3 0
0.0159966673417295 0 0 0 1 3 3 1
-0.0304993161280994 0 0 0 1 3 3 3
0.0159966673417295 0 0 0 2 0 0 2
0.0004949139546612 0 0 0 2 0 1 2
0.0094810050365133 0 0 0 2 0 2 0
0.0027283197992539 0 0 0 2 0 2 1
-0.0094810050365133 0 0 0 2 0 2 3
0.0159966673417295 0 0 0 2 0 3 2
0.0017215397545178 0 0 0 2 1 0 2
-0.0008482224026719 0 0 0 2 1 1 2
0.0156057498733384 0 0 0 2 1 2 0
0.0008482224026719 0 0 0 2 1 2 1
-0.0164807185187172 0 0 0 2 1 2 3
0.0017215397545178 0 0 0 2 1 3 2
0.0006616665582489 0 0 0 2 2 0 1
0.0164807185187172 0 0 0 2 2 1 0
0.0008482224026719 0 0 0 2 2 1 1
-0.0156057498733384 0 0 0 2 2 1 3
0.0008482224026719 0 0 0 2 2 2 2
0.0006616665582489 0 0 0 2 2 3 1
0.0159966673417295 0 0 0 2 3 0 2
0.0027283197992539 0 0 0 2 3 1 2
0.0094810050365133 0 0 0 2 3 2 0
0.0004949139546612 0 0 0 2 3 2 1
-0.0094810050365133 0 0 0 2 3 2 3
0.0159966673417295 0 0 0 2 3 3 2
-0.0149550229214434 0 0 0 3 0 0 0
-0.0187565254444895 0 0 0 3 0 0 1
0.018197898880124 0 0 0 3 0 0 3
0.0023719589958505 0 0 0 3 0 1 0
-0.0053976385789395 0 0 0 3 0 1 1
-0.0023719589958505 0 0 0 3 0 1 3
-0.0053976385789395 0 0 0 3 0 2 2
0.0140058075286811 0 0 0 3 0 3 0
0.0190999032820313 0 0 0 3 0 3 1
-0.0172486834873618 0 0 0 3 0 3 3
-0.0048460321514751 0 0 0 3 1 0 1
0.0011865995121439 0 0 0 3 1 1 0
0.0137357047989968 0 0 0 3 1 1 1
0.0011865995121439 0 0 0 3 1 1 3
0.021362136443634 0 0 0 3 1 2 2
0.0062845543400564 0 0 0 3 1 3 1
0.0062845543400564 0 0 0 3 2 0 2
0.021362136443634 0 0 0 3 2 1 2
-0.0189016287751967 0 0 0 3 2 2 0
-0.0137357047989968 0 0 0 3 2 2 1
-0.0189016287751967 0 0 0 3 2 2 3
-0.0048460321514751 0 0 0 3 2 3 2
-0.0172486834873618 0 0 0 3 3 0 0
0.0190999032820313 0 0 0 3 3 0 1
0.0140058075286811 0 0 0 3 3 0 3
0.0023719589958505 0 0 0 3 3 1 0
-0.0053976385789395 0 0 0 3 3 1 1
-0.0023719589958505 0 0 0 3 3 1 3
-0.0053976385789395 0 0 0 3 3 2 2
0.018197898880124 0 0 0 3 3 3 0
-0.0187565254444895 0 0 0 3 3 3 1
-0.0149550229214434 0 0 0 3 3 3 3
0.0036270607327992 0 0 1 0 0 0 1
-0.0030665149267572 0 0 1 0 0 1 0
-0.0071888734052422 0 0 1 0 0 1 1
-0.0100314181274857 0 0 1 0 0 1 3
-0.0018063142078542 0 0 1 0 0 2 2
-0.0086412126626392 0 0 1 0 0 3 1
0.0180665081658834 0 0 1 0 1 0 1
-0.0068248415208248 0 0 1 0 1 1 0
-0.0200788714645198 0 0 1 0 1 1 1
-0.0068248415208248 0 0 1 0 1 1 3
0.0200788714645198 0 0 1 0 1 2 2
-0.0180665081658834 0 0 1 0 1 3 1
0.0164804657979046 0 0 1 0 2 0 2
0.0200788714645198 0 0 1 0 2 1 2
0.0068248415208248 0 0 1 0 2 2 0
0.0200788714645198 0 0 1 0 2 2 1
0.0068248415208248 0 0 1 0 2 2 3
-0.0164804657979046 0 0 1 0 2 3 2
0.0036270607327992 0 0 1 0 3 0 1
-0.0161530364115277 0 0 1 0 3 1 0
0.0071888734052422 0 0 1 0 3 1 1
0.0030551033572849 0 0 1 0 3 1 3
0.0018063142078542 0 0 1 0 3 2 2
-0.0086412126626392 0 0 1 0 3 3 1
0.0070156365890001 0 0 1 1 0 0 0
-0.0070156365890001 0 0 1 1 0 0 3
-0.0187390637174216 0 0 1 1 0 1 0
-0.0084421464507205 0 0 1 1 0 1 1
0.0111482086248444 0 0 1 1 0 1 3
-0.0084421464507205 0 0 1 1 0 2 2
-0.0203896035115739 0 0 1 1 0 3 0
0.0203896035115739 0 0 1 1 0 3 3
0.02117758534293 0 0 1 1 1 0 0
-0.039542148067753 0 0 1 1 1 0 3
-0.0111851038082461 0 0 1 1 1 1 1
0.0033074227566694 0 0 1 1 1 2 2
-0.0018114076693386 0 0 1 1 1 3 0
0.0201759703941616 0 0 1 1 1 3 3
-0.0033074227566694 0 0 1 1 2 1 2
-0.0111851038082461 0 0 1 1 2 2 1
-0.0070156365890001 0 0 1 1 3 0 0
0.0070156365890001 0 0 1 1 3 0 3
-0.0033874459098607 0 0 1 1 3 1 0
0.0084421464507205 0 0 1 1 3 1 1
-0.0089720297142763 0 0 1 1 3 1 3
0.0084421464507205 0 0 1 1 3 2 2
0.0203896035115739 0 0 1 1 3 3 0
-0.0203896035115739 0 0 1 1 3 3 3
-0.0084421464507205 0 0 1 2 0 1 2
-0.0074349679363336 0 0 1 2 0 2 0
0.0084421464507205 0 0 1 2 0 2 1
-0.0001558871562436 0 0 1 2 0 2 3
0.0111851038082461 0 0 1 2 1 1 2
0.0033074227566694 0 0 1 2 1 2 1
0.0387297658356482 0 0 1 2 2 0 0
-0.0203652031108253 0 0 1 2 2 0 3
-0.0033074227566694 0 0 1 2 2 1 1
0.0111851038082461 0 0 1 2 2 2 2
-0.0209883526262663 0 0 1 2 2 3 0
0.0026237899014434 0 0 1 2 2 3 3
0.0084421464507205 0 0 1 2 3 1 2
-0.0275552062754542 0 0 1 2 3 2 0
-0.0084421464507205 0 0 1 2 3 2 1
0.0151957306513173 0 0 1 2 3 2 3
-0.0039690757610115 0 0 1 3 0 0 1
-0.0030665149267572 0 0 1 3 0 1 0
0.0071888734052422 0 0 1 3 0 1 1
-0.0100314181274857 0 0 1 3 0 1 3
0.0018063142078542 0 0 1 3 0 2 2
0.0089832276908514 0 0 1 3 0 3 1
-0.0056074231569966 0 0 1 3 1 0 1
0.0068248415208248 0 0 1 3 1 1 0
0.0047523505660514 0 0 1 3 1 1 1
0.0068248415208248 0 0 1 3 1 1 3
-0.0047523505660514 0 0 1 3 1 2 2
0.0056074231569966 0 0 1 3 1 3 1
-0.0071934655249754 0 0 1 3 2 0 2
-0.0047523505660514 0 0 1 3 2 1 2
-0.0068248415208248 0 0 1 3 2 2 0
-0.0047523505660514 0 0 1 3 2 2 1
-0.0068248415208248 0 0 1 3 2 2 3
0.0071934655249754 0 0 1 3 2 3 2
-0.0039690757610115 0 0 1 3 3 0 1
-0.0161530364115277 0 0 1 3 3 1 0
-0.0071888734052422 0 0 1 3 3 1 1
0.0030551033572849 0 0 1 3 3 1 3
-0.0018063142078542 0 0 1 3 3 2 2
0.0089832276908514 0 0 1 3 3 3 1
0.0086412126626392 0 0 2 0 0 0 2
-0.0018063142078542 0 0 2 0 0 1 2
-0.0030665149267572 0 0 2 0 0 2 0
0.0071888734052422 0 0 2 0 0 2 1
-0.0100314181274857 0 0 2 0 0 2 3
-0.0036270607327992 0 0 2 0 0 3 2
0.0071934655249754 0 0 2 0 1 0 2
-0.0047523505660514 0 0 2 0 1 1 2
-0.0068248415208248 0 0 2 0 1 2 0
-0.0047523505660514 0 0 2 0 1 2 1
-0.0068248415208248 0 0 2 0 1 2 3
-0.0071934655249754 0 0 2 0 1 3 2
-0.0056074231569966 0 0 2 0 2 0 1
-0.0068248415208248 0 0 2 0 2 1 0
-0.0047523505660514 0 0 2 0 2 1 1
-0.0068248415208248 0 0 2 0 2 1 3
0.0047523505660514 0 0 2 0 2 2 2
0.0056074231569966 0 0 2 0 2 3 1
0.0086412126626392 0 0 2 0 3 0 2
0.0018063142078542 0 0 2 0 3 1 2
-0.0161530364115277 0 0 2 0 3 2 0
-0.0071888734052422 0 0 2 0 3 2 1
0.0030551033572849 0 0 2 0 3 2 3
-0.0036270607327992 0 0 2 0 3 3 2
0.0084421464507205 0 0 2 1 0 1 2
-0.0187390637174216 0 0 2 1 0 2 0
-0.0084421464507205 0 0 2 1 0 2 1
0.0111482086248444 0 0 2 1 0 2 3
0.0033074227566694 0 0 2 1 1 1 2
0.0111851038082461 0 0 2 1 1 2 1
-0.02117758534293 0 0 2 1 2 0 0
0.039542148067753 0 0 2 1 2 0 3
-0.0111851038082461 0 0 2 1 2 1 1
0.0033074227566694 0 0 2 1 2 2 2
0.0018114076693386 0 0 2 1 2 3 0
-0.0201759703941616 0 0 2 1 2 3 3
-0.0084421464507205 0 0 2 1 3 1 2
-0.0033874459098607 0 0 2 1 3 2 0
0.0084421464507205 0 0 2 1 3 2 1
-0.0089720297142763 0 0 2 1 3 2 3
0.0060358787085361 0 0 2 2 0 0 0
-0.0060358787085361 0 0 2 2 0 0 3
0.0074349679363336 0 0 2 2 0 1 0
-0.0084421464507205 0 0 2 2 0 1 1
0.0001558871562436 0 0 2 2 0 1 3
-0.0084421464507205 0 0 2 2 0 2 2
-0.0213693613920378 0 0 2 2 0 3 0
0.0213693613920378 0 0 2 2 0 3 3
0.0387297658356482 0 0 2 2 1 0 0
-0.0203652031108253 0 0 2 2 1 0 3
0.0033074227566694 0 0 2 2 1 1 1
-0.0111851038082461 0 0 2 2 1 2 2
-0.0209883526262663 0 0 2 2 1 3 0
0.0026237899014434 0 0 2 2 1 3 3
0.0111851038082461 0 0 2 2 2 1 2
0.0033074227566694 0 0 2 2 2 2 1
-0.0060358787085361 0 0 2 2 3 0 0
0.0060358787085361 0 0 2 2 3 0 3
0.0275552062754542 0 0 2 2 3 1 0
0.0084421464507205 0 0 2 2 3 1 1
-0.0151957306513173 0 0 2 2 3 1 3
0.0084421464507205 0 0 2 2 3 2 2
0.0213693613920378 0 0 2 2 3 3 0
-0.0213693613920378 0 0 2 2 3 3 3
-0.0089832276908514 0 0 2 3 0 0 2
0.0018063142078542 0 0 2 3 0 1 2
-0.0030665149267572 0 0 2 3 0 2 0
-0.0071888734052422 0 0 2 3 0 2 1
-0.0100314181274857 0 0 2 3 0 2 3
0.0039690757610115 0 0 2 3 0 3 2
-0.0164804657979046 0 0 2 3 1 0 2
0.0200788714645198 0 0 2 3 1 1 2
0.0068248415208248 0 0 2 3 1 2 0
0.0200788714645198 0 0 2 3 1 2 1
0.0068248415208248 0 0 2 3 1 2 3
0.0164804657979046 0 0 2 3 1 3 2
0.0180665081658834 0 0 2 3 2 0 1
0.0068248415208248 0 0 2 3 2 1 0
0.0200788714645198 0 0 2 3 2 1 1
0.0068248415208248 0 0 2 3 2 1 3
-0.0200788714645198 0 0 2 3 2 2 2
-0.0180665081658834 0 0 2 3 2 3 1
-0.0089832276908514 0 0 2 3 3 0 2
-0.0018063142078542 0 0 2 3 3 1 2
-0.0161530364115277 0 0 2 3 3 2 0
0.0071888734052422 0 0 2 3 3 2 1
0.0030551033572849 0 0 2 3 3 2 3
0.0039690757610115 0 0 2 3 3 3 2
-0.0140058075286811 0 0 3 0 0 0 0
0.0187565254444895 0 0 3 0 0 0 1
0.0172486834873618 0 0 3 0 0 0 3
-0.0023719589958505 0 0 3 0 0 1 0
0.0053976385789395 0 0 3 0 0 1 1
0.0023719589958505 0 0 3 0 0 1 3
0.0053976385789395 0 0 3 0 0 2 2
0.0149550229214434 0 0 3 0 0 3 0
-0.0190999032820313 0 0 3 0 0 3 1
-0.018197898880124 0 0 3 0 0 3 3
-0.0080686361462693 0 0 3 0 1 0 1
0.0011865995121439 0 0 3 0 1 1 0
0.0256604179936359 0 0 3 0 1 1 1
0.0011865995121439 0 0 3 0 1 1 3
0.0094374232489948 0 0 3 0 1 2 2
0.0030619503452622 0 0 3 0 1 3 1
0.0030619503452622 0 0 3 0 2 0 2
0.0094374232489948 0 0 3 0 2 1 2
-0.0189016287751967 0 0 3 0 2 2 0
-0.0256604179936359 0 0 3 0 2 2 1
-0.0189016287751967 0 0 3 0 2 2 3
-0.0080686361462693 0 0 3 0 2 3 2
-0.018197898880124 0 0 3 0 3 0 0
-0.0190999032820313 0 0 3 0 3 0 1
0.0149550229214434 0 0 3 0 3 0 3
-0.0023719589958505 0 0 3 0 3 1 0
0.0053976385789395 0 0 3 0 3 1 1
0.0023719589958505 0 0 3 0 3 1 3
0.0053976385789395 0 0 3 0 3 2 2
0.0172486834873618 0 0 3 0 3 3 0
0.0187565254444895 0 0 3 0 3 3 1
-0.0140058075286811 0 0 3 0 3 3 3
0.039231513104046 0 0 3 1 0 0 0
-0.0159966673417295 0 0 3 1 0 0 1
0.0055423575968556 0 0 3 1 0 0 3
0.0094810050365133 0 0 3 1 0 1 0
0.0004949139546612 0 0 3 1 0 1 1
-0.0094810050365133 0 0 3 1 0 1 3
-0.0027283197992539 0 0 3 1 0 2 2
0.0031898393790911 0 0 3 1 0 3 0
-0.0159966673417295 0 0 3 1 0 3 1
-0.0304993161280994 0 0 3 1 0 3 3
0.0006616665582489 0 0 3 1 1 0 1
0.0156057498733384 0 0 3 1 1 1 0
-0.0008482224026719 0 0 3 1 1 1 1
-0.0164807185187172 0 0 3 1 1 1 3
-0.0008482224026719 0 0 3 1 1 2 2
0.0006616665582489 0 0 3 1 1 3 1
-0.0017215397545178 0 0 3 1 2 0 2
-0.0008482224026719 0 0 3 1 2 1 2
-0.0164807185187172 0 0 3 1 2 2 0
0.0008482224026719 0 0 3 1 2 2 1
0.0156057498733384 0 0 3 1 2 2 3
-0.0017215397545178 0 0 3 1 2 3 2
0.039231513104046 0 0 3 1 3 0 0
-0.0159966673417295 0 0 3 1 3 0 1
0.0055423575968556 0 0 3 1 3 0 3
0.0094810050365133 0 0 3 1 3 1 0
0.0027283197992539 0 0 3 1 3 1 1
-0.0094810050365133 0 0 3 1 3 1 3
-0.0004949139546612 0 0 3 1 3 2 2
0.0031898393790911 0 0 3 1 3 3 0
-0.0159966673417295 0 0 3 1 3 3 1
-0.0304993161280994 0 0 3 1 3 3 3
-0.0159966673417295 0 0 3 2 0 0 2
0.0004949139546612 0 0 3 2 0 1 2
0.0094810050365133 0 0 3 2 0 2 0
0.0027283197992539 0 0 3 2 0 2 1
-0.0094810050365133 0 0 3 2 0 2 3
-0.0159966673417295 0 0 3 2 0 3 2
-0.0006616665582489 0 0 3 2 1 0 2
0.0008482224026719 0 0 3 2 1 1 2
0.0164807185187172 0 0 3 2 1 2 0
-0.0008482224026719 0 0 3 2 1 2 1
-0.0156057498733384 0 0 3 2 1 2 3
-0.0006616665582489 0 0 3 2 1 3 2
-0.0017215397545178 0 0 3 2 2 0 1
0.0156057498733384 0 0 3 2 2 1 0
-0.0008482224026719 0 0 3 2 2 1 1
-0.0164807185187172 0 0 3 2 2 1 3
-0.0008482224026719 0 0 3 2 2 2 2
-0.0017215397545178 0 0 3 2 2 3 1
-0.0159966673417295 0 0 3 2 3 0 2
0.0027283197992539 0 0 3 2 3 1 2
0.0094810050365133 0 0 3 2 3 2 0
0.0004949139546612 0 0 3 2 3 2 1
-0.0094810050365133 0 0 3 2 3 2 3
-0.0159966673417295 0 0 3 2 3 3 2
-0.0140058075286811 0 0 3 3 0 0 0
0.0187565254444895 0 0 3 3 0 0 1
0.0172486834873618 0 0 3 3 0 0 3
0.0023719589958505 0 0 3 3 0 1 0
0.0053976385789395 0 0 3 3 0 1 1
-0.0023719589958505 0 0 3 3 0 1 3
0.0053976385789395 0 0 3 3 0 2 2
0.0149550229214434 0 0 3 3 0 3 0
-0.0190999032820313 0 0 3 3 0 3 1
-0.018197898880124 0 0 3 3 0 3 3
-0.0030619503452622 0 0 3 3 1 0 1
0.0011865995121439 0 0 3 3 1 1 0
-0.0069763651998244 0 0 3 3 1 1 1
0.0011865995121439 0 0 3 3 1 1 3
0.0092466295448168 0 0 3 3 1 2 2
0.0080686361462693 0 0 3 3 1 3 1
0.0080686361462693 0 0 3 3 2 0 2
0.0092466295448168 0 0 3 3 2 1 2
-0.0189016287751967 0 0 3 3 2 2 0
0.0069763651998244 0 0 3 3 2 2 1
-0.0189016287751967 0 0 3 3 2 2 3
-0.0030619503452622 0 0 3 3 2 3 2
-0.018197898880124 0 0 3 3 3 0 0
-0.0190999032820313 0 0 3 3 3 0 1
0.0149550229214434 0 0 3 3 3 0 3
0.0023719589958505 0 0 3 3 3 1 0
0.0053976385789395 0 0 3 3 3 1 1
-0.0023719589958505 0 0 3 3 3 1 3
0.0053976385789395 0 0 3 3 3 2 2
0.0172486834873618 0 0 3 3 3 3 0
0.0187565254444895 0 0 3 3 3 3 1
-0.0140058075286811 0 0 3 3 3 3 3
0.0031019160240239 0 1 0 0 0 0 0
7.06886543843e-05 0 1 0 0 0 0 1
0.0221467886324171 0 1 0 0 0 0 3
0.0095557414643269 0 1 0 0 0 1 0
-0.0097787831765142 0 1 0 0 0 1 3
-0.0076448361328995 0 1 0 0 0 3 0
-7.06886543843e-05 0 1 0 0 0 3 1
-0.0176038685235415 0 1 0 0 0 3 3
-0.005867239655758 0 1 0 0 1 0 1
-0.0019338919265326 0 1 0 0 1 1 0
-0.0024820161101572 0 1 0 0 1 1 1
-0.0019338919265326 0 1 0 0 1 1 3
-0.0062240251015195 0 1 0 0 1 2 2
0.005867239655758 0 1 0 0 1 3 1
-0.0181658597420326 0 1 0 0 2 0 2
0.0002107645228143 0 1 0 0 2 1 2
-0.0044563494614212 0 1 0 0 2 2 0
-0.0038536776825029 0 1 0 0 2 2 1
-0.0044563494614212 0 1 0 0 2 2 3
0.0181658597420326 0 1 0 0 2 3 2
-0.0176038685235415 0 1 0 0 3 0 0
7.06886543843e-05 0 1 0 0 3 0 1
-0.0076448361328995 0 1 0 0 3 0 3
-0.0017737227885347 0 1 0 0 3 1 0
-0.0295110410443106 0 1 0 0 3 1 3
0.0221467886324171 0 1 0 0 3 3 0
-7.06886543843e-05 0 1 0 0 3 3 1
0.0031019160240239 0 1 0 0 3 3 3
-0.0093145375238751 0 1 0 1 0 0 0
-0.0065362874067228 0 1 0 1 0 0 1
-0.0093145375238751 0 1 0 1 0 0 3
-0.0120366247860895 0 1 0 1 0 1 0
-0.0143710988614666 0 1 0 1 0 1 1
-0.0024829334058047 0 1 0 1 0 1 3
0.0143710988614666 0 1 0 1 0 2 2
-0.0093145375238751 0 1 0 1 0 3 0
0.0065362874067228 0 1 0 1 0 3 1
-0.0093145375238751 0 1 0 1 0 3 3
0.0051698904604739 0 1 0 1 1 0 0
0.0084960839564288 0 1 0 1 1 0 3
-0.0017309425878841 0 1 0 1 1 1 0
0.012810800264441 0 1 0 1 1 1 1
0.0017309425878841 0 1 0 1 1 1 3
-0.0005710945650693 0 1 0 1 1 2 2
0.0084960839564288 0 1 0 1 1 3 0
0.0051698904604739 0 1 0 1 1 3 3
0.012810800264441 0 1 0 1 2 1 2
0.0429910741245535 0 1 0 1 2 2 0
0.0005710945650693 0 1 0 1 2 2 1
-0.0429910741245535 0 1 0 1 2 2 3
0.0093145375238751 0 1 0 1 3 0 0
0.0065362874067228 0 1 0 1 3 0 1
0.0093145375238751 0 1 0 1 3 0 3
-0.0058794461778422 0 1 0 1 3 1 0
0.0114043312379572 0 1 0 1 3 1 1
0.0203990043697364 0 1 0 1 3 1 3
-0.0114043312379572 0 1 0 1 3 2 2
0.0093145375238751 0 1 0 1 3 3 0
-0.0065362874067228 0 1 0 1 3 3 1
0.0093145375238751 0 1 0 1 3 3 3
-0.0065362874067228 0 1 0 2 0 0 2
0.0114554794430326 0 1 0 2 0 1 2
-0.0203990043697364 0 1 0 2 0 2 0
0.0114554794430326 0 1 0 2 0 2 1
0.0058794461778422 0 1 0 2 0 2 3
0.0065362874067228 0 1 0 2 0 3 2
0.02305479259623 0 1 0 2 1 1 2
0.0429910741245535 0 1 0 2 1 2 0
-0.0096728977667198 0 1 0 2 1 2 1
-0.0429910741245535 0 1 0 2 1 2 3
-0.0051698904604739 0 1 0 2 2 0 0
-0.0084960839564288 0 1 0 2 2 0 3
0.0017309425878841 0 1 0 2 2 1 0
-0.02305479259623 0 1 0 2 2 1 1
-0.0017309425878841 0 1 0 2 2 1 3
-0.0096728977667198 0 1 0 2 2 2 2
-0.0084960839564288 0 1 0 2 2 3 0
-0.0051698904604739 0 1 0 2 2 3 3
0.0065362874067228 0 1 0 2 3 0 2
-0.014422247066542 0 1 0 2 3 1 2
0.0024829334058047 0 1 0 2 3 2 0
-0.014422247066542 0 1 0 2 3 2 1
0.0120366247860895 0 1 0 2 3 2 3
-0.0065362874067228 0 1 0 2 3 3 2
-0.0076448361328995 0 1 0 3 0 0 0
7.06886543843e-05 0 1 0 3 0 0 1
-0.0176038685235415 0 1 0 3 0 0 3
0.0139801799839816 0 1 0 3 0 1 0
-0.0137571382717943 0 1 0 3 0 1 3
0.0031019160240239 0 1 0 3 0 3 0
-7.06886543843e-05 0 1 0 3 0 3 1
0.0221467886324171 0 1 0 3 0 3 3
-0.005867239655758 0 1 0 3 1 0 1
-0.0044563494614212 0 1 0 3 1 1 0
-0.0002107645228143 0 1 0 3 1 1 1
-0.0044563494614212 0 1 0 3 1 1 3
-0.0038536776825029 0 1 0 3 1 2 2
0.005867239655758 0 1 0 3 1 3 1
-0.0181658597420326 0 1 0 3 2 0 2
0.0024820161101572 0 1 0 3 2 1 2
-0.0019338919265326 0 1 0 3 2 2 0
-0.0062240251015195 0 1 0 3 2 2 1
-0.0019338919265326 0 1 0 3 2 2 3
0.0181658597420326 0 1 0 3 2 3 2
0.0221467886324171 0 1 0 3 3 0 0
7.06886543843e-05 0 1 0 3 3 0 1
0.0031019160240239 0 1 0 3 3 0 3
0.0253096442368432 0 1 0 3 3 1 0
0.0059751195960021 0 1 0 3 3 1 3
-0.0176038685235415 0 1 0 3 3 3 0
-7.06886543843e-05 0 1 0 3 3 3 1
-0.0076448361328995 0 1 0 3 3 3 3
0.0041085295154314 0 1 1 0 0 0 0
-0.0088609539973522 0 1 1 0 0 0 1
-0.0072720516873004 0 1 1 0 0 0 3
-0.0097207915251033 0 1 1 0 0 1 0
0.0136781388857891 0 1 1 0 0 1 1
0.0097207915251033 0 1 1 0 0 1 3
0.0007083353710848 0 1 1 0 0 2 2
0.0014355443257519 0 1 1 0 0 3 0
0.0088609539973522 0 1 1 0 0 3 1
-0.00994503687698 0 1 1 0 0 3 3
-0.0048697596298451 0 1 1 0 1 0 0
-0.014145165998555 0 1 1 0 1 0 1
-0.0048697596298451 0 1 1 0 1 0 3
0.0067592008355052 0 1 1 0 1 1 0
-0.0128225660869598 0 1 1 0 1 1 1
0.0067592008355052 0 1 1 0 1 1 3
0.0300694595330808 0 1 1 0 1 2 2
0.0135017117600079 0 1 1 0 1 3 0
-0.014145165998555 0 1 1 0 1 3 1
0.0135017117600079 0 1 1 0 1 3 3
-0.014145165998555 0 1 1 0 2 0 2
-0.0128225660869598 0 1 1 0 2 1 2
0.0142625757246961 0 1 1 0 2 2 0
-0.0300694595330808 0 1 1 0 2 2 1
0.0142625757246961 0 1 1 0 2 2 3
-0.014145165998555 0 1 1 0 2 3 2
-0.0242320457731483 0 1 1 0 3 0 0
0.0088609539973522 0 1 1 0 3 0 1
-0.0128514645704165 0 1 1 0 3 0 3
-0.0097207915251033 0 1 1 0 3 1 0
0.0136781388857891 0 1 1 0 3 1 1
0.0097207915251033 0 1 1 0 3 1 3
0.0007083353710848 0 1 1 0 3 2 2
-0.0269050309628278 0 1 1 0 3 3 0
-0.0088609539973522 0 1 1 0 3 3 1
-0.015524449760096 0 1 1 0 3 3 3
0.0133254849893878 0 1 1 1 0 0 0
-0.0096268207775508 0 1 1 1 0 0 1
0.0133254849893878 0 1 1 1 0 0 3
-0.0076677984845704 0 1 1 1 0 1 0
-0.0164062252483805 0 1 1 1 0 1 1
0.0152824614044777 0 1 1 1 0 1 3
-0.0151750624573703 0 1 1 1 0 2 2
0.0133254849893878 0 1 1 1 0 3 0
0.0096268207775508 0 1 1 1 0 3 1
0.0133254849893878 0 1 1 1 0 3 3
-0.0020857388861484 0 1 1 1 1 0 0
-0.0124884218250856 0 1 1 1 1 0 1
-0.0020857388861484 0 1 1 1 1 0 3
-0.0066048193163061 0 1 1 1 1 1 0
-0.005483495558684 0 1 1 1 1 1 1
-0.0089555963364012 0 1 1 1 1 1 3
0.005483495558684 0 1 1 1 1 2 2
0.0020857388861484 0 1 1 1 1 3 0
-0.001103467528399 0 1 1 1 1 3 1
0.0020857388861484 0 1 1 1 1 3 3
-0.001103467528399 0 1 1 1 2 0 2
0.0028401702624503 0 1 1 1 2 1 2
-0.0066048193163061 0 1 1 1 2 2 0
0.0028401702624503 0 1 1 1 2 2 1
-0.0089555963364012 0 1 1 1 2 2 3
-0.0124884218250856 0 1 1 1 2 3 2
-0.0133254849893878 0 1 1 1 3 0 0
-0.0096268207775508 0 1 1 1 3 0 1
-0.0133254849893878 0 1 1 1 3 0 3
-0.0152824614044777 0 1 1 1 3 1 0
0.0151750624573703 0 1 1 1 3 1 1
0.0076677984845704 0 1 1 1 3 1 3
0.0164062252483805 0 1 1 1 3 2 2
-0.0133254849893878 0 1 1 1 3 3 0
0.0096268207775508 0 1 1 1 3 3 1
-0.0133254849893878 0 1 1 1 3 3 3
0.0096268207775508 0 1 1 2 0 0 2
-0.0164062252483805 0 1 1 2 0 1 2
0.0152824614044777 0 1 1 2 0 2 0
0.0151750624573703 0 1 1 2 0 2 1
-0.0076677984845704 0 1 1 2 0 2 3
-0.0096268207775508 0 1 1 2 0 3 2
-0.001103467528399 0 1 1 2 1 0 2
0.0116225430930952 0 1 1 2 1 1 2
0.0066048193163061 0 1 1 2 1 2 0
0.0116225430930952 0 1 1 2 1 2 1
0.0089555963364012 0 1 1 2 1 2 3
-0.0124884218250856 0 1 1 2 1 3 2
0.0020857388861484 0 1 1 2 2 0 0
0.0124884218250856 0 1 1 2 2 0 1
0.0020857388861484 0 1 1 2 2 0 3
-0.0066048193163061 0 1 1 2 2 1 0
0.0142658683893288 0 1 1 2 2 1 1
-0.0089555963364012 0 1 1 2 2 1 3
-0.0142658683893288 0 1 1 2 2 2 2
-0.0020857388861484 0 1 1 2 2 3 0
0.001103467528399 0 1 1 2 2 3 1
-0.0020857388861484 0 1 1 2 2 3 3
0.0096268207775508 0 1 1 2 3 0 2
0.0151750624573703 0 1 1 2 3 1 2
0.0076677984845704 0 1 1 2 3 2 0
-0.0164062252483805 0 1 1 2 3 2 1
-0.0152824614044777 0 1 1 2 3 2 3
-0.0096268207775508 0 1 1 2 3 3 2
-0.0041085295154314 0 1 1 3 0 0 0
-0.0088609539973522 0 1 1 3 0 0 1
0.0072720516873004 0 1 1 3 0 0 3
0.0097207915251033 0 1 1 3 0 1 0
-0.0036238763696152 0 1 1 3 0 1 1
-0.0097207915251033 0 1 1 3 0 1 3
0.0180103506264892 0 1 1 3 0 2 2
-0.0014355443257519 0 1 1 3 0 3 0
0.0088609539973522 0 1 1 3 0 3 1
0.00994503687698 0 1 1 3 0 3 3
-0.0135017117600079 0 1 1 3 1 0 0
-0.014145165998555 0 1 1 3 1 0 1
-0.0135017117600079 0 1 1 3 1 0 3
-0.0067592008355052 0 1 1 3 1 1 0
-0.0128225660869598 0 1 1 3 1 1 1
-0.0067592008355052 0 1 1 3 1 1 3
0.0300694595330808 0 1 1 3 1 2 2
0.0048697596298451 0 1 1 3 1 3 0
-0.014145165998555 0 1 1 3 1 3 1
0.0048697596298451 0 1 1 3 1 3 3
-0.014145165998555 0 1 1 3 2 0 2
-0.0128225660869598 0 1 1 3 2 1 2
-0.0142625757246961 0 1 1 3 2 2 0
-0.0300694595330808 0 1 1 3 2 2 1
-0.0142625757246961 0 1 1 3 2 2 3
-0.014145165998555 0 1 1 3 2 3 2
0.0242320457731483 0 1 1 3 3 0 0
0.0088609539973522 0 1 1 3 3 0 1
0.0128514645704165 0 1 1 3 3 0 3
0.0097207915251033 0 1 1 3 3 1 0
-0.0036238763696152 0 1 1 3 3 1 1
-0.0097207915251033 0 1 1 3 3 1 3
0.0180103506264892 0 1 1 3 3 2 2
0.0269050309628278 0 1 1 3 3 3 0
-0.0088609539973522 0 1 1 3 3 3 1
0.015524449760096 0 1 1 3 3 3 3
0.0088609539973522 0 1 2 0 0 0 2
-0.0036238763696152 0 1 2 0 0 1 2
0.0097207915251033 0 1 2 0 0 2 0
-0.0180103506264892 0 1 2 0 0 2 1
-0.0097207915251033 0 1 2 0 0 2 3
-0.0088609539973522 0 1 2 0 0 3 2
-0.014145165998555 0 1 2 0 1 0 2
-0.0062054902188793 0 1 2 0 1 1 2
0.0067592008355052 0 1 2 0 1 2 0
0.0110414032272417 0 1 2 0 1 2 1
0.0067592008355052 0 1 2 0 1 2 3
-0.014145165998555 0 1 2 0 1 3 2
-0.0135017117600079 0 1 2 0 2 0 0
0.014145165998555 0 1 2 0 2 0 1
-0.0135017117600079 0 1 2 0 2 0 3
-0.0142625757246961 0 1 2 0 2 1 0
0.0062054902188793 0 1 2 0 2 1 1
-0.0142625757246961 0 1 2 0 2 1 3
0.0110414032272417 0 1 2 0 2 2 2
0.0048697596298451 0 1 2 0 2 3 0
0.014145165998555 0 1 2 0 2 3 1
0.0048697596298451 0 1 2 0 2 3 3
-0.0088609539973522 0 1 2 0 3 0 2
-0.0036238763696152 0 1 2 0 3 1 2
0.0097207915251033 0 1 2 0 3 2 0
-0.0180103506264892 0 1 2 0 3 2 1
-0.0097207915251033 0 1 2 0 3 2 3
0.0088609539973522 0 1 2 0 3 3 2
-0.0096268207775508 0 1 2 1 0 0 2
0.0164062252483805 0 1 2 1 0 1 2
0.0076677984845704 0 1 2 1 0 2 0
-0.0151750624573703 0 1 2 1 0 2 1
-0.0152824614044777 0 1 2 1 0 2 3
0.0096268207775508 0 1 2 1 0 3 2
0.001103467528399 0 1 2 1 1 0 2
0.005483495558684 0 1 2 1 1 1 2
0.0066048193163061 0 1 2 1 1 2 0
0.005483495558684 0 1 2 1 1 2 1
0.0089555963364012 0 1 2 1 1 2 3
0.0124884218250856 0 1 2 1 1 3 2
0.0020857388861484 0 1 2 1 2 0 0
-0.0124884218250856 0 1 2 1 2 0 1
0.0020857388861484 0 1 2 1 2 0 3
-0.0066048193163061 0 1 2 1 2 1 0
0.0028401702624503 0 1 2 1 2 1 1
-0.0089555963364012 0 1 2 1 2 1 3
-0.0028401702624503 0 1 2 1 2 2 2
-0.0020857388861484 0 1 2 1 2 3 0
-0.001103467528399 0 1 2 1 2 3 1
-0.0020857388861484 0 1 2 1 2 3 3
-0.0096268207775508 0 1 2 1 3 0 2
-0.0151750624573703 0 1 2 1 3 1 2
0.0152824614044777 0 1 2 1 3 2 0
0.0164062252483805 0 1 2 1 3 2 1
-0.0076677984845704 0 1 2 1 3 2 3
0.0096268207775508 0 1 2 1 3 3 2
-0.0133254849893878 0 1 2 2 0 0 0
-0.0096268207775508 0 1 2 2 0 0 1
-0.0133254849893878 0 1 2 2 0 0 3
0.0152824614044777 0 1 2 2 0 1 0
-0.0164062252483805 0 1 2 2 0 1 1
-0.0076677984845704 0 1 2 2 0 1 3
-0.0151750624573703 0 1 2 2 0 2 2
-0.0133254849893878 0 1 2 2 0 3 0
0.0096268207775508 0 1 2 2 0 3 1
-0.0133254849893878 0 1 2 2 0 3 3
0.0020857388861484 0 1 2 2 1 0 0
-0.0124884218250856 0 1 2 2 1 0 1
0.0020857388861484 0 1 2 2 1 0 3
0.0066048193163061 0 1 2 2 1 1 0
0.0116225430930952 0 1 2 2 1 1 1
0.0089555963364012 0 1 2 2 1 1 3
-0.0116225430930952 0 1 2 2 1 2 2
-0.0020857388861484 0 1 2 2 1 3 0
-0.001103467528399 0 1 2 2 1 3 1
-0.0020857388861484 0 1 2 2 1 3 3
-0.001103467528399 0 1 2 2 2 0 2
-0.0142658683893288 0 1 2 2 2 1 2
0.0066048193163061 0 1 2 2 2 2 0
-0.0142658683893288 0 1 2 2 2 2 1
0.0089555963364012 0 1 2 2 2 2 3
-0.0124884218250856 0 1 2 2 2 3 2
0.0133254849893878 0 1 2 2 3 0 0
-0.0096268207775508 0 1 2 2 3 0 1
0.0133254849893878 0 1 2 2 3 0 3
0.0076677984845704 0 1 2 2 3 1 0
0.0151750624573703 0 1 2 2 3 1 1
-0.0152824614044777 0 1 2 2 3 1 3
0.0164062252483805 0 1 2 2 3 2 2
0.0133254849893878 0 1 2 2 3 3 0
0.0096268207775508 0 1 2 2 3 3 1
0.0133254849893878 0 1 2 2 3 3 3
0.0088609539973522 0 1 2 3 0 0 2
0.0136781388857891 0 1 2 3 0 1 2
-0.0097207915251033 0 1 2 3 0 2 0
-0.0007083353710848 0 1 2 3 0 2 1
0.0097207915251033 0 1 2 3 0 2 3
-0.0088609539973522 0 1 2 3 0 3 2
-0.014145165998555 0 1 2 3 1 0 2
-0.0062054902188793 0 1 2 3 1 1 2
-0.0067592008355052 0 1 2 3 1 2 0
0.0110414032272417 0 1 2 3 1 2 1
-0.0067592008355052 0 1 2 3 1 2 3
-0.014145165998555 0 1 2 3 1 3 2
-0.0048697596298451 0 1 2 3 2 0 0
0.014145165998555 0 1 2 3 2 0 1
-0.0048697596298451 0 1 2 3 2 0 3
0.0142625757246961 0 1 2 3 2 1 0
0.0062054902188793 0 1 2 3 2 1 1
0.0142625757246961 0 1 2 3 2 1 3
0.0110414032272417 0 1 2 3 2 2 2
0.0135017117600079 0 1 2 3 2 3 0
0.014145165998555 0 1 2 3 2 3 1
0.0135017117600079 0 1 2 3 2 3 3
-0.0088609539973522 0 1 2 3 3 0 2
0.0136781388857891 0 1 2 3 3 1 2
-0.0097207915251033 0 1 2 3 3 2 0
-0.0007083353710848 0 1 2 3 3 2 1
0.0097207915251033 0 1 2 3 3 2 3
0.0088609539973522 0 1 2 3 3 3 2
-0.0176038685235415 0 1 3 0 0 0 0
-7.06886543843e-05 0 1 3 0 0 0 1
-0.0076448361328995 0 1 3 0 0 0 3
-0.0017737227885347 0 1 3 0 0 1 0
-0.0295110410443106 0 1 3 0 0 1 3
0.0221467886324171 0 1 3 0 0 3 0
7.06886543843e-05 0 1 3 0 0 3 1
0.0031019160240239 0 1 3 0 0 3 3
-0.0181658597420326 0 1 3 0 1 0 1
-0.0044563494614212 0 1 3 0 1 1 0
0.0075576750957769 0 1 3 0 1 1 1
-0.0044563494614212 0 1 3 0 1 1 3
-0.0162637163074536 0 1 3 0 1 2 2
0.0181658597420326 0 1 3 0 1 3 1
-0.005867239655758 0 1 3 0 2 0 2
-0.0099280225147936 0 1 3 0 2 1 2
-0.0019338919265326 0 1 3 0 2 2 0
-0.0139924647201107 0 1 3 0 2 2 1
-0.0019338919265326 0 1 3 0 2 2 3
0.005867239655758 0 1 3 0 2 3 2
0.0031019160240239 0 1 3 0 3 0 0
-7.06886543843e-05 0 1 3 0 3 0 1
0.0221467886324171 0 1 3 0 3 0 3
0.0095557414643269 0 1 3 0 3 1 0
-0.0097787831765142 0 1 3 0 3 1 3
-0.0076448361328995 0 1 3 0 3 3 0
7.06886543843e-05 0 1 3 0 3 3 1
-0.0176038685235415 0 1 3 0 3 3 3
0.0050257362036735 0 1 3 1 0 0 0
-0.0065362874067228 0 1 3 1 0 0 1
0.0050257362036735 0 1 3 1 0 0 3
-0.0120366247860895 0 1 3 1 0 1 0
0.0114554794430326 0 1 3 1 0 1 1
-0.0024829334058047 0 1 3 1 0 1 3
-0.0114554794430326 0 1 3 1 0 2 2
0.0050257362036735 0 1 3 1 0 3 0
0.0065362874067228 0 1 3 1 0 3 1
0.0050257362036735 0 1 3 1 0 3 3
-0.0084960839564288 0 1 3 1 1 0 0
-0.0051698904604739 0 1 3 1 1 0 3
-0.0325109871815295 0 1 3 1 1 1 0
0.0098071635846802 0 1 3 1 1 1 1
0.0325109871815295 0 1 3 1 1 1 3
0.0231890584141904 0 1 3 1 1 2 2
-0.0051698904604739 0 1 3 1 1 3 0
-0.0084960839564288 0 1 3 1 1 3 3
0.0098071635846802 0 1 3 1 2 1 2
0.012211029530908 0 1 3 1 2 2 0
-0.0231890584141904 0 1 3 1 2 2 1
-0.012211029530908 0 1 3 1 2 2 3
-0.0050257362036735 0 1 3 1 3 0 0
0.0065362874067228 0 1 3 1 3 0 1
-0.0050257362036735 0 1 3 1 3 0 3
-0.0058794461778422 0 1 3 1 3 1 0
-0.014422247066542 0 1 3 1 3 1 1
0.0203990043697364 0 1 3 1 3 1 3
0.014422247066542 0 1 3 1 3 2 2
-0.0050257362036735 0 1 3 1 3 3 0
-0.0065362874067228 0 1 3 1 3 3 1
-0.0050257362036735 0 1 3 1 3 3 3
-0.0065362874067228 0 1 3 2 0 0 2
-0.0143710988614666 0 1 3 2 0 1 2
-0.0203990043697364 0 1 3 2 0 2 0
-0.0143710988614666 0 1 3 2 0 2 1
0.0058794461778422 0 1 3 2 0 2 3
0.0065362874067228 0 1 3 2 0 3 2
-0.0007053603830296 0 1 3 2 1 1 2
0.012211029530908 0 1 3 2 1 2 0
-0.0126765344464806 0 1 3 2 1 2 1
-0.012211029530908 0 1 3 2 1 2 3
0.0084960839564288 0 1 3 2 2 0 0
0.0051698904604739 0 1 3 2 2 0 3
0.0325109871815295 0 1 3 2 2 1 0
0.0007053603830296 0 1 3 2 2 1 1
-0.0325109871815295 0 1 3 2 2 1 3
-0.0126765344464806 0 1 3 2 2 2 2
0.0051698904604739 0 1 3 2 2 3 0
0.0084960839564288 0 1 3 2 2 3 3
0.0065362874067228 0 1 3 2 3 0 2
0.0114043312379572 0 1 3 2 3 1 2
0.0024829334058047 0 1 3 2 3 2 0
0.0114043312379572 0 1 3 2 3 2 1
0.0120366247860895 0 1 3 2 3 2 3
-0.0065362874067228 0 1 3 2 3 3 2
0.0221467886324171 0 1 3 3 0 0 0
-7.06886543843e-05 0 1 3 3 0 0 1
0.0031019160240239 0 1 3 3 0 0 3
0.0253096442368432 0 1 3 3 0 1 0
0.0059751195960021 0 1 3 3 0 1 3
-0.0176038685235415 0 1 3 3 0 3 0
7.06886543843e-05 0 1 3 3 0 3 1
-0.0076448361328995 0 1 3 3 0 3 3
-0.0181658597420326 0 1 3 3 1 0 1
-0.0019338919265326 0 1 3 3 1 1 0
0.0099280225147936 0 1 3 3 1 1 1
-0.0019338919265326 0 1 3 3 1 1 3
-0.0139924647201107 0 1 3 3 1 2 2
0.0181658597420326 0 1 3 3 1 3 1
-0.005867239655758 0 1 3 3 2 0 2
-0.0075576750957769 0 1 3 3 2 1 2
-0.0044563494614212 0 1 3 3 2 2 0
-0.0162637163074536 0 1 3 3 2 2 1
-0.0044563494614212 0 1 3 3 2 2 3
0.005867239655758 0 1 3 3 2 3 2
-0.0076448361328995 0 1 3 3 3 0 0
-7.06886543843e-05 0 1 3 3 3 0 1
-0.0176038685235415 0 1 3 3 3 0 3
0.0139801799839816 0 1 3 3 3 1 0
-0.0137571382717943 0 1 3 3 3 1 3
0.0031019160240239 0 1 3 3 3 3 0
7.06886543843e-05 0 1 3 3 3 3 1
0.0221467886324171 0 1 3 3 3 3 3
-7.06886543843e-05 0 2 0 0 0 0 2
-0.0097787831765142 0 2 0 0 0 2 0
0.0095557414643269 0 2 0 0 0 2 3
7.06886543843e-05 0 2 0 0 0 3 2
0.005867239655758 0 2 0 0 1 0 2
-0.0099280225147936 0 2 0 0 1 1 2
0.0019338919265326 0 2 0 0 1 2 0
-0.0139924647201107 0 2 0 0 1 2 1
0.0019338919265326 0 2 0 0 1 2 3
-0.005867239655758 0 2 0 0 1 3 2
-0.0181658597420326 0 2 0 0 2 0 1
-0.0044563494614212 0 2 0 0 2 1 0
-0.0075576750957769 0 2 0 0 2 1 1
-0.0044563494614212 0 2 0 0 2 1 3
0.0162637163074536 0 2 0 0 2 2 2
0.0181658597420326 0 2 0 0 2 3 1
-7.06886543843e-05 0 2 0 0 3 0 2
-0.0295110410443106 0 2 0 0 3 2 0
-0.0017737227885347 0 2 0 0 3 2 3
7.06886543843e-05 0 2 0 0 3 3 2
0.0065362874067228 0 2 0 1 0 0 2
0.0114554794430326 0 2 0 1 0 1 2
0.0024829334058047 0 2 0 1 0 2 0
0.0114554794430326 0 2 0 1 0 2 1
0.0120366247860895 0 2 0 1 0 2 3
-0.0065362874067228 0 2 0 1 0 3 2
-0.0007053603830296 0 2 0 1 1 1 2
-0.0325109871815295 0 2 0 1 1 2 0
-0.0126765344464806 0 2 0 1 1 2 1
0.0325109871815295 0 2 0 1 1 2 3
-0.0084960839564288 0 2 0 1 2 0 0
-0.0051698904604739 0 2 0 1 2 0 3
-0.012211029530908 0 2 0 1 2 1 0
0.0007053603830296 0 2 0 1 2 1 1
0.012211029530908 0 2 0 1 2 1 3
-0.0126765344464806 0 2 0 1 2 2 2
-0.0051698904604739 0 2 0 1 2 3 0
-0.0084960839564288 0 2 0 1 2 3 3
-0.0065362874067228 0 2 0 1 3 0 2
-0.014422247066542 0 2 0 1 3 1 2
-0.0203990043697364 0 2 0 1 3 2 0
-0.014422247066542 0 2 0 1 3 2 1
0.0058794461778422 0 2 0 1 3 2 3
0.0065362874067228 0 2 0 1 3 3 2
0.0093145375238751 0 2 0 2 0 0 0
-0.0065362874067228 0 2 0 2 0 0 1
0.0093145375238751 0 2 0 2 0 0 3
0.0058794461778422 0 2 0 2 0 1 0
0.0143710988614666 0 2 0 2 0 1 1
-0.0203990043697364 0 2 0 2 0 1 3
-0.0143710988614666 0 2 0 2 0 2 2
0.0093145375238751 0 2 0 2 0 3 0
0.0065362874067228 0 2 0 2 0 3 1
0.0093145375238751 0 2 0 2 0 3 3
-0.0084960839564288 0 2 0 2 1 0 0
-0.0051698904604739 0 2 0 2 1 0 3
-0.012211029530908 0 2 0 2 1 1 0
-0.0098071635846802 0 2 0 2 1 1 1
0.012211029530908 0 2 0 2 1 1 3
-0.0231890584141904 0 2 0 2 1 2 2
-0.0051698904604739 0 2 0 2 1 3 0
-0.0084960839564288 0 2 0 2 1 3 3
-0.0098071635846802 0 2 0 2 2 1 2
0.0325109871815295 0 2 0 2 2 2 0
0.0231890584141904 0 2 0 2 2 2 1
-0.0325109871815295 0 2 0 2 2 2 3
-0.0093145375238751 0 2 0 2 3 0 0
0.0065362874067228 0 2 0 2 3 0 1
-0.0093145375238751 0 2 0 2 3 0 3
0.0120366247860895 0 2 0 2 3 1 0
-0.0114043312379572 0 2 0 2 3 1 1
0.0024829334058047 0 2 0 2 3 1 3
0.0114043312379572 0 2 0 2 3 2 2
-0.0093145375238751 0 2 0 2 3 3 0
-0.0065362874067228 0 2 0 2 3 3 1
-0.0093145375238751 0 2 0 2 3 3 3
-7.06886543843e-05 0 2 0 3 0 0 2
-0.0137571382717943 0 2 0 3 0 2 0
0.0139801799839816 0 2 0 3 0 2 3
7.06886543843e-05 0 2 0 3 0 3 2
0.005867239655758 0 2 0 3 1 0 2
-0.0075576750957769 0 2 0 3 1 1 2
0.0044563494614212 0 2 0 3 1 2 0
-0.0162637163074536 0 2 0 3 1 2 1
0.0044563494614212 0 2 0 3 1 2 3
-0.005867239655758 0 2 0 3 1 3 2
-0.0181658597420326 0 2 0 3 2 0 1
-0.0019338919265326 0 2 0 3 2 1 0
-0.0099280225147936 0 2 0 3 2 1 1
-0.0019338919265326 0 2 0 3 2 1 3
0.0139924647201107 0 2 0 3 2 2 2
0.0181658597420326 0 2 0 3 2 3 1
-7.06886543843e-05 0 2 0 3 3 0 2
0.0059751195960021 0 2 0 3 3 2 0
0.0253096442368432 0 2 0 3 3 2 3
7.06886543843e-05 0 2 0 3 3 3 2
0.0088609539973522 0 2 1 0 0 0 2
0.0007083353710848 0 2 1 0 0 1 2
-0.0097207915251033 0 2 1 0 0 2 0
-0.0136781388857891 0 2 1 0 0 2 1
0.0097207915251033 0 2 1 0 0 2 3
-0.0088609539973522 0 2 1 0 0 3 2
-0.014145165998555 0 2 1 0 1 0 2
-0.0062054902188793 0 2 1 0 1 1 2
0.0051100435236944 0 2 1 0 1 2 0
0.0110414032272417 0 2 1 0 1 2 1
0.0051100435236944 0 2 1 0 1 2 3
-0.014145165998555 0 2 1 0 1 3 2
-0.0048697596298451 0 2 1 0 2 0 0
0.014145165998555 0 2 1 0 2 0 1
-0.0048697596298451 0 2 1 0 2 0 3
0.0023933313654964 0 2 1 0 2 1 0
0.0062054902188793 0 2 1 0 2 1 1
0.0023933313654964 0 2 1 0 2 1 3
0.0110414032272417 0 2 1 0 2 2 2
0.0135017117600079 0 2 1 0 2 3 0
0.014145165998555 0 2 1 0 2 3 1
0.0135017117600079 0 2 1 0 2 3 3
-0.0088609539973522 0 2 1 0 3 0 2
0.0007083353710848 0 2 1 0 3 1 2
-0.0097207915251033 0 2 1 0 3 2 0
-0.0136781388857891 0 2 1 0 3 2 1
0.0097207915251033 0 2 1 0 3 2 3
0.0088609539973522 0 2 1 0 3 3 2
-0.0096268207775508 0 2 1 1 0 0 2
-0.0151750624573703 0 2 1 1 0 1 2
0.0152824614044777 0 2 1 1 0 2 0
0.0164062252483805 0 2 1 1 0 2 1
-0.0076677984845704 0 2 1 1 0 2 3
0.0096268207775508 0 2 1 1 0 3 2
-0.0124884218250856 0 2 1 1 1 0 2
0.0116225430930952 0 2 1 1 1 1 2
0.0066048193163061 0 2 1 1 1 2 0
0.0116225430930952 0 2 1 1 1 2 1
0.0089555963364012 0 2 1 1 1 2 3
-0.001103467528399 0 2 1 1 1 3 2
-0.0020857388861484 0 2 1 1 2 0 0
0.001103467528399 0 2 1 1 2 0 1
-0.0020857388861484 0 2 1 1 2 0 3
-0.0066048193163061 0 2 1 1 2 1 0
0.0142658683893288 0 2 1 1 2 1 1
-0.0089555963364012 0 2 1 1 2 1 3
-0.0142658683893288 0 2 1 1 2 2 2
0.0020857388861484 0 2 1 1 2 3 0
0.0124884218250856 0 2 1 1 2 3 1
0.0020857388861484 0 2 1 1 2 3 3
-0.0096268207775508 0 2 1 1 3 0 2
0.0164062252483805 0 2 1 1 3 1 2
0.0076677984845704 0 2 1 1 3 2 0
-0.0151750624573703 0 2 1 1 3 2 1
-0.0152824614044777 0 2 1 1 3 2 3
0.0096268207775508 0 2 1 1 3 3 2
0.0133254849893878 0 2 1 2 0 0 0
-0.0096268207775508 0 2 1 2 0 0 1
0.0133254849893878 0 2 1 2 0 0 3
0.0076677984845704 0 2 1 2 0 1 0
0.0151750624573703 0 2 1 2 0 1 1
-0.0152824614044777 0 2 1 2 0 1 3
0.0164062252483805 0 2 1 2 0 2 2
0.0133254849893878 0 2 1 2 0 3 0
0.0096268207775508 0 2 1 2 0 3 1
0.0133254849893878 0 2 1 2 0 3 3
-0.0020857388861484 0 2 1 2 1 0 0
0.001103467528399 0 2 1 2 1 0 1
-0.0020857388861484 0 2 1 2 1 0 3
0.0066048193163061 0 2 1 2 1 1 0
0.005483495558684 0 2 1 2 1 1 1
0.0089555963364012 0 2 1 2 1 1 3
-0.005483495558684 0 2 1 2 1 2 2
0.0020857388861484 0 2 1 2 1 3 0
0.0124884218250856 0 2 1 2 1 3 1
0.0020857388861484 0 2 1 2 1 3 3
0.0124884218250856 0 2 1 2 2 0 2
-0.0028401702624503 0 2 1 2 2 1 2
0.0066048193163061 0 2 1 2 2 2 0
-0.0028401702624503 0 2 1 2 2 2 1
0.0089555963364012 0 2 1 2 2 2 3
0.001103467528399 0 2 1 2 2 3 2
-0.0133254849893878 0 2 1 2 3 0 0
-0.0096268207775508 0 2 1 2 3 0 1
-0.0133254849893878 0 2 1 2 3 0 3
0.0152824614044777 0 2 1 2 3 1 0
-0.0164062252483805 0 2 1 2 3 1 1
-0.0076677984845704 0 2 1 2 3 1 3
-0.0151750624573703 0 2 1 2 3 2 2
-0.0133254849893878 0 2 1 2 3 3 0
0.0096268207775508 0 2 1 2 3 3 1
-0.0133254849893878 0 2 1 2 3 3 3
0.0088609539973522 0 2 1 3 0 0 2
0.0180103506264892 0 2 1 3 0 1 2
0.0097207915251033 0 2 1 3 0 2 0
0.0036238763696152 0 2 1 3 0 2 1
-0.0097207915251033 0 2 1 3 0 2 3
-0.0088609539973522 0 2 1 3 0 3 2
-0.014145165998555 0 2 1 3 1 0 2
-0.0062054902188793 0 2 1 3 1 1 2
-0.0051100435236944 0 2 1 3 1 2 0
0.0110414032272417 0 2 1 3 1 2 1
-0.0051100435236944 0 2 1 3 1 2 3
-0.014145165998555 0 2 1 3 1 3 2
-0.0135017117600079 0 2 1 3 2 0 0
0.014145165998555 0 2 1 3 2 0 1
-0.0135017117600079 0 2 1 3 2 0 3
-0.0023933313654964 0 2 1 3 2 1 0
0.0062054902188793 0 2 1 3 2 1 1
-0.0023933313654964 0 2 1 3 2 1 3
0.0110414032272417 0 2 1 3 2 2 2
0.0048697596298451 0 2 1 3 2 3 0
0.014145165998555 0 2 1 3 2 3 1
0.0048697596298451 0 2 1 3 2 3 3
-0.0088609539973522 0 2 1 3 3 0 2
0.0180103506264892 0 2 1 3 3 1 2
0.0097207915251033 0 2 1 3 3 2 0
0.0036238763696152 0 2 1 3 3 2 1
-0.0097207915251033 0 2 1 3 3 2 3
0.0088609539973522 0 2 1 3 3 3 2
0.0072720516873004 0 2 2 0 0 0 0
0.0088609539973522 0 2 2 0 0 0 1
-0.0041085295154314 0 2 2 0 0 0 3
-0.0097207915251033 0 2 2 0 0 1 0
-0.0180103506264892 0 2 2 0 0 1 1
0.0097207915251033 0 2 2 0 0 1 3
0.0036238763696152 0 2 2 0 0 2 2
0.00994503687698 0 2 2 0 0 3 0
-0.0088609539973522 0 2 2 0 0 3 1
-0.0014355443257519 0 2 2 0 0 3 3
0.0135017117600079 0 2 2 0 1 0 0
0.014145165998555 0 2 2 0 1 0 1
0.0135017117600079 0 2 2 0 1 0 3
-0.0051100435236944 0 2 2 0 1 1 0
0.0128225660869598 0 2 2 0 1 1 1
-0.0051100435236944 0 2 2 0 1 1 3
-0.0300694595330808 0 2 2 0 1 2 2
-0.0048697596298451 0 2 2 0 1 3 0
0.014145165998555 0 2 2 0 1 3 1
-0.0048697596298451 0 2 2 0 1 3 3
0.014145165998555 0 2 2 0 2 0 2
0.0128225660869598 0 2 2 0 2 1 2
0.0023933313654964 0 2 2 0 2 2 0
0.0300694595330808 0 2 2 0 2 2 1
0.0023933313654964 0 2 2 0 2 2 3
0.014145165998555 0 2 2 0 2 3 2
0.0128514645704165 0 2 2 0 3 0 0
-0.0088609539973522 0 2 2 0 3 0 1
0.0242320457731483 0 2 2 0 3 0 3
-0.0097207915251033 0 2 2 0 3 1 0
-0.0180103506264892 0 2 2 0 3 1 1
0.0097207915251033 0 2 2 0 3 1 3
0.0036238763696152 0 2 2 0 3 2 2
0.015524449760096 0 2 2 0 3 3 0
0.0088609539973522 0 2 2 0 3 3 1
0.0269050309628278 0 2 2 0 3 3 3
0.0133254849893878 0 2 2 1 0 0 0
0.0096268207775508 0 2 2 1 0 0 1
0.0133254849893878 0 2 2 1 0 0 3
0.0152824614044777 0 2 2 1 0 1 0
-0.0151750624573703 0 2 2 1 0 1 1
-0.0076677984845704 0 2 2 1 0 1 3
-0.0164062252483805 0 2 2 1 0 2 2
0.0133254849893878 0 2 2 1 0 3 0
-0.0096268207775508 0 2 2 1 0 3 1
0.0133254849893878 0 2 2 1 0 3 3
-0.0020857388861484 0 2 2 1 1 0 0
-0.001103467528399 0 2 2 1 1 0 1
-0.0020857388861484 0 2 2 1 1 0 3
0.0066048193163061 0 2 2 1 1 1 0
0.0116225430930952 0 2 2 1 1 1 1
0.0089555963364012 0 2 2 1 1 1 3
-0.0116225430930952 0 2 2 1 1 2 2
0.0020857388861484 0 2 2 1 1 3 0
-0.0124884218250856 0 2 2 1 1 3 1
0.0020857388861484 0 2 2 1 1 3 3
-0.0124884218250856 0 2 2 1 2 0 2
-0.0142658683893288 0 2 2 1 2 1 2
0.0066048193163061 0 2 2 1 2 2 0
-0.0142658683893288 0 2 2 1 2 2 1
0.0089555963364012 0 2 2 1 2 2 3
-0.001103467528399 0 2 2 1 2 3 2
-0.0133254849893878 0 2 2 1 3 0 0
0.0096268207775508 0 2 2 1 3 0 1
-0.0133254849893878 0 2 2 1 3 0 3
0.0076677984845704 0 2 2 1 3 1 0
0.0164062252483805 0 2 2 1 3 1 1
-0.0152824614044777 0 2 2 1 3 1 3
0.0151750624573703 0 2 2 1 3 2 2
-0.0133254849893878 0 2 2 1 3 3 0
-0.0096268207775508 0 2 2 1 3 3 1
-0.0133254849893878 0 2 2 1 3 3 3
-0.0096268207775508 0 2 2 2 0 0 2
-0.0151750624573703 0 2 2 2 0 1 2
-0.0076677984845704 0 2 2 2 0 2 0
0.0164062252483805 0 2 2 2 0 2 1
0.0152824614044777 0 2 2 2 0 2 3
0.0096268207775508 0 2 2 2 0 3 2
-0.0124884218250856 0 2 2 2 1 0 2
-0.005483495558684 0 2 2 2 1 1 2
-0.0066048193163061 0 2 2 2 1 2 0
-0.005483495558684 0 2 2 2 1 2 1
-0.0089555963364012 0 2 2 2 1 2 3
-0.001103467528399 0 2 2 2 1 3 2
0.0020857388861484 0 2 2 2 2 0 0
0.001103467528399 0 2 2 2 2 0 1
0.0020857388861484 0 2 2 2 2 0 3
0.0066048193163061 0 2 2 2 2 1 0
-0.0028401702624503 0 2 2 2 2 1 1
0.0089555963364012 0 2 2 2 2 1 3
0.0028401702624503 0 2 2 2 2 2 2
-0.0020857388861484 0 2 2 2 2 3 0
0.0124884218250856 0 2 2 2 2 3 1
-0.0020857388861484 0 2 2 2 2 3 3
-0.0096268207775508 0 2 2 2 3 0 2
0.0164062252483805 0 2 2 2 3 1 2
-0.0152824614044777 0 2 2 2 3 2 0
-0.0151750624573703 0 2 2 2 3 2 1
0.0076677984845704 0 2 2 2 3 2 3
0.0096268207775508 0 2 2 2 3 3 2
-0.0072720516873004 0 2 2 3 0 0 0
0.0088609539973522 0 2 2 3 0 0 1
0.0041085295154314 0 2 2 3 0 0 3
0.0097207915251033 0 2 2 3 0 1 0
-0.0007083353710848 0 2 2 3 0 1 1
-0.0097207915251033 0 2 2 3 0 1 3
-0.0136781388857891 0 2 2 3 0 2 2
-0.00994503687698 0 2 2 3 0 3 0
-0.0088609539973522 0 2 2 3 0 3 1
0.0014355443257519 0 2 2 3 0 3 3
0.0048697596298451 0 2 2 3 1 0 0
0.014145165998555 0 2 2 3 1 0 1
0.0048697596298451 0 2 2 3 1 0 3
0.0051100435236944 0 2 2 3 1 1 0
0.0128225660869598 0 2 2 3 1 1 1
0.0051100435236944 0 2 2 3 1 1 3
-0.0300694595330808 0 2 2 3 1 2 2
-0.0135017117600079 0 2 2 3 1 3 0
0.014145165998555 0 2 2 3 1 3 1
-0.0135017117600079 0 2 2 3 1 3 3
0.014145165998555 0 2 2 3 2 0 2
0.0128225660869598 0 2 2 3 2 1 2
-0.0023933313654964 0 2 2 3 2 2 0
0.0300694595330808 0 2 2 3 2 2 1
-0.0023933313654964 0 2 2 3 2 2 3
0.014145165998555 0 2 2 3 2 3 2
-0.0128514645704165 0 2 2 3 3 0 0
-0.0088609539973522 0 2 2 3 3 0 1
-0.0242320457731483 0 2 2 3 3 0 3
0.0097207915251033 0 2 2 3 3 1 0
-0.0007083353710848 0 2 2 3 3 1 1
-0.0097207915251033 0 2 2 3 3 1 3
-0.0136781388857891 0 2 2 3 3 2 2
-0.015524449760096 0 2 2 3 3 3 0
0.0088609539973522 0 2 2 3 3 3 1
-0.0269050309628278 0 2 2 3 3 3 3
7.06886543843e-05 0 2 3 0 0 0 2
-0.0295110410443106 0 2 3 0 0 2 0
-0.0017737227885347 0 2 3 0 0 2 3
-7.06886543843e-05 0 2 3 0 0 3 2
0.0181658597420326 0 2 3 0 1 0 2
0.0002107645228143 0 2 3 0 1 1 2
0.0044563494614212 0 2 3 0 1 2 0
-0.0038536776825029 0 2 3 0 1 2 1
0.0044563494614212 0 2 3 0 1 2 3
-0.0181658597420326 0 2 3 0 1 3 2
-0.005867239655758 0 2 3 0 2 0 1
-0.0019338919265326 0 2 3 0 2 1 0
0.0024820161101572 0 2 3 0 2 1 1
-0.0019338919265326 0 2 3 0 2 1 3
0.0062240251015195 0 2 3 0 2 2 2
0.005867239655758 0 2 3 0 2 3 1
7.06886543843e-05 0 2 3 0 3 0 2
-0.0097787831765142 0 2 3 0 3 2 0
0.0095557414643269 0 2 3 0 3 2 3
-7.06886543843e-05 0 2 3 0 3 3 2
0.0065362874067228 0 2 3 1 0 0 2
-0.0143710988614666 0 2 3 1 0 1 2
0.0024829334058047 0 2 3 1 0 2 0
-0.0143710988614666 0 2 3 1 0 2 1
0.0120366247860895 0 2 3 1 0 2 3
-0.0065362874067228 0 2 3 1 0 3 2
0.02305479259623 0 2 3 1 1 1 2
-0.0017309425878841 0 2 3 1 1 2 0
-0.0096728977667198 0 2 3 1 1 2 1
0.0017309425878841 0 2 3 1 1 2 3
0.0051698904604739 0 2 3 1 2 0 0
0.0084960839564288 0 2 3 1 2 0 3
-0.0429910741245535 0 2 3 1 2 1 0
-0.02305479259623 0 2 3 1 2 1 1
0.0429910741245535 0 2 3 1 2 1 3
-0.0096728977667198 0 2 3 1 2 2 2
0.0084960839564288 0 2 3 1 2 3 0
0.0051698904604739 0 2 3 1 2 3 3
-0.0065362874067228 0 2 3 1 3 0 2
0.0114043312379572 0 2 3 1 3 1 2
-0.0203990043697364 0 2 3 1 3 2 0
0.0114043312379572 0 2 3 1 3 2 1
0.0058794461778422 0 2 3 1 3 2 3
0.0065362874067228 0 2 3 1 3 3 2
-0.0050257362036735 0 2 3 2 0 0 0
-0.0065362874067228 0 2 3 2 0 0 1
-0.0050257362036735 0 2 3 2 0 0 3
0.0058794461778422 0 2 3 2 0 1 0
-0.0114554794430326 0 2 3 2 0 1 1
-0.0203990043697364 0 2 3 2 0 1 3
0.0114554794430326 0 2 3 2 0 2 2
-0.0050257362036735 0 2 3 2 0 3 0
0.0065362874067228 0 2 3 2 0 3 1
-0.0050257362036735 0 2 3 2 0 3 3
0.0051698904604739 0 2 3 2 1 0 0
0.0084960839564288 0 2 3 2 1 0 3
-0.0429910741245535 0 2 3 2 1 1 0
-0.012810800264441 0 2 3 2 1 1 1
0.0429910741245535 0 2 3 2 1 1 3
0.0005710945650693 0 2 3 2 1 2 2
0.0084960839564288 0 2 3 2 1 3 0
0.0051698904604739 0 2 3 2 1 3 3
-0.012810800264441 0 2 3 2 2 1 2
0.0017309425878841 0 2 3 2 2 2 0
-0.0005710945650693 0 2 3 2 2 2 1
-0.0017309425878841 0 2 3 2 2 2 3
0.0050257362036735 0 2 3 2 3 0 0
0.0065362874067228 0 2 3 2 3 0 1
0.0050257362036735 0 2 3 2 3 0 3
0.0120366247860895 0 2 3 2 3 1 0
0.014422247066542 0 2 3 2 3 1 1
0.0024829334058047 0 2 3 2 3 1 3
-0.014422247066542 0 2 3 2 3 2 2
0.0050257362036735 0 2 3 2 3 3 0
-0.0065362874067228 0 2 3 2 3 3 1
0.0050257362036735 0 2 3 2 3 3 3
7.06886543843e-05 0 2 3 3 0 0 2
0.0059751195960021 0 2 3 3 0 2 0
0.0253096442368432 0 2 3 3 0 2 3
-7.06886543843e-05 0 2 3 3 0 3 2
0.0181658597420326 0 2 3 3 1 0 2
0.0024820161101572 0 2 3 3 1 1 2
0.0019338919265326 0 2 3 3 1 2 0
-0.0062240251015195 0 2 3 3 1 2 1
0.0019338919265326 0 2 3 3 1 2 3
-0.0181658597420326 0 2 3 3 1 3 2
-0.005867239655758 0 2 3 3 2 0 1
-0.0044563494614212 0 2 3 3 2 1 0
0.0002107645228143 0 2 3 3 2 1 1
-0.0044563494614212 0 2 3 3 2 1 3
0.0038536776825029 0 2 3 3 2 2 2
0.005867239655758 0 2 3 3 2 3 1
7.06886543843e-05 0 2 3 3 3 0 2
-0.0137571382717943 0 2 3 3 3 2 0
0.0139801799839816 0 2 3 3 3 2 3
-7.06886543843e-05 0 2 3 3 3 3 2
-0.0140058075286811 0 3 0 0 0 0 0
-0.0187565254444895 0 3 0 0 0 0 1
0.0172486834873618 0 3 0 0 0 0 3
-0.0023719589958505 0 3 0 0 0 1 0
-0.0053976385789395 0 3 0 0 0 1 1
0.0023719589958505 0 3 0 0 0 1 3
-0.0053976385789395 0 3 0 0 0 2 2
0.0149550229214434 0 3 0 0 0 3 0
0.0190999032820313 0 3 0 0 0 3 1
-0.018197898880124 0 3 0 0 0 3 3
0.0062845543400564 0 3 0 0 1 0 1
-0.0189016287751967 0 3 0 0 1 1 0
0.0049483479948148 0 3 0 0 1 1 1
-0.0189016287751967 0 3 0 0 1 1 3
-0.0026780836498224 0 3 0 0 1 2 2
-0.0048460321514751 0 3 0 0 1 3 1
-0.0048460321514751 0 3 0 0 2 0 2
-0.0026780836498224 0 3 0 0 2 1 2
0.0011865995121439 0 3 0 0 2 2 0
-0.0049483479948148 0 3 0 0 2 2 1
0.0011865995121439 0 3 0 0 2 2 3
0.0062845543400564 0 3 0 0 2 3 2
-0.018197898880124 0 3 0 0 3 0 0
0.0190999032820313 0 3 0 0 3 0 1
0.0149550229214434 0 3 0 0 3 0 3
-0.0023719589958505 0 3 0 0 3 1 0
-0.0053976385789395 0 3 0 0 3 1 1
0.0023719589958505 0 3 0 0 3 1 3
-0.0053976385789395 0 3 0 0 3 2 2
0.0172486834873618 0 3 0 0 3 3 0
-0.0187565254444895 0 3 0 0 3 3 1
-0.0140058075286811 0 3 0 0 3 3 3
0.0031898393790911 0 3 0 1 0 0 0
-0.0159966673417295 0 3 0 1 0 0 1
-0.0304993161280994 0 3 0 1 0 0 3
-0.0094810050365133 0 3 0 1 0 1 0
0.0027283197992539 0 3 0 1 0 1 1
0.0094810050365133 0 3 0 1 0 1 3
-0.0004949139546612 0 3 0 1 0 2 2
0.039231513104046 0 3 0 1 0 3 0
-0.0159966673417295 0 3 0 1 0 3 1
0.0055423575968556 0 3 0 1 0 3 3
0.0017215397545178 0 3 0 1 1 0 1
-0.0156057498733384 0 3 0 1 1 1 0
0.0008482224026719 0 3 0 1 1 1 1
0.0164807185187172 0 3 0 1 1 1 3
0.0008482224026719 0 3 0 1 1 2 2
0.0017215397545178 0 3 0 1 1 3 1
-0.0006616665582489 0 3 0 1 2 0 2
0.0008482224026719 0 3 0 1 2 1 2
0.0164807185187172 0 3 0 1 2 2 0
-0.0008482224026719 0 3 0 1 2 2 1
-0.0156057498733384 0 3 0 1 2 2 3
-0.0006616665582489 0 3 0 1 2 3 2
0.0031898393790911 0 3 0 1 3 0 0
-0.0159966673417295 0 3 0 1 3 0 1
-0.0304993161280994 0 3 0 1 3 0 3
-0.0094810050365133 0 3 0 1 3 1 0
0.0004949139546612 0 3 0 1 3 1 1
0.0094810050365133 0 3 0 1 3 1 3
-0.0027283197992539 0 3 0 1 3 2 2
0.039231513104046 0 3 0 1 3 3 0
-0.0159966673417295 0 3 0 1 3 3 1
0.0055423575968556 0 3 0 1 3 3 3
-0.0159966673417295 0 3 0 2 0 0 2
0.0027283197992539 0 3 0 2 0 1 2
-0.0094810050365133 0 3 0 2 0 2 0
0.0004949139546612 0 3 0 2 0 2 1
0.0094810050365133 0 3 0 2 0 2 3
-0.0159966673417295 0 3 0 2 0 3 2
-0.0017215397545178 0 3 0 2 1 0 2
-0.0008482224026719 0 3 0 2 1 1 2
-0.0164807185187172 0 3 0 2 1 2 0
0.0008482224026719 0 3 0 2 1 2 1
0.0156057498733384 0 3 0 2 1 2 3
-0.0017215397545178 0 3 0 2 1 3 2
-0.0006616665582489 0 3 0 2 2 0 1
-0.0156057498733384 0 3 0 2 2 1 0
0.0008482224026719 0 3 0 2 2 1 1
0.0164807185187172 0 3 0 2 2 1 3
0.0008482224026719 0 3 0 2 2 2 2
-0.0006616665582489 0 3 0 2 2 3 1
-0.0159966673417295 0 3 0 2 3 0 2
0.0004949139546612 0 3 0 2 3 1 2
-0.0094810050365133 0 3 0 2 3 2 0
0.0027283197992539 0 3 0 2 3 2 1
0.0094810050365133 0 3 0 2 3 2 3
-0.0159966673417295 0 3 0 2 3 3 2
-0.0140058075286811 0 3 0 3 0 0 0
-0.0187565254444895 0 3 0 3 0 0 1
0.0172486834873618 0 3 0 3 0 0 3
0.0023719589958505 0 3 0 3 0 1 0
-0.0053976385789395 0 3 0 3 0 1 1
-0.0023719589958505 0 3 0 3 0 1 3
-0.0053976385789395 0 3 0 3 0 2 2
0.0149550229214434 0 3 0 3 0 3 0
0.0190999032820313 0 3 0 3 0 3 1
-0.018197898880124 0 3 0 3 0 3 3
0.0048460321514751 0 3 0 3 1 0 1
-0.0189016287751967 0 3 0 3 1 1 0
0.0137357047989968 0 3 0 3 1 1 1
-0.0189016287751967 0 3 0 3 1 1 3
0.021362136443634 0 3 0 3 1 2 2
-0.0062845543400564 0 3 0 3 1 3 1
-0.0062845543400564 0 3 0 3 2 0 2
0.021362136443634 0 3 0 3 2 1 2
0.0011865995121439 0 3 0 3 2 2 0
-0.0137357047989968 0 3 0 3 2 2 1
0.0011865995121439 0 3 0 3 2 2 3
0.0048460321514751 0 3 0 3 2 3 2
-0.018197898880124 0 3 0 3 3 0 0
0.0190999032820313 0 3 0 3 3 0 1
0.0149550229214434 0 3 0 3 3 0 3
0.0023719589958505 0 3 0 3 3 1 0
-0.0053976385789395 0 3 0 3 3 1 1
-0.0023719589958505 0 3 0 3 3 1 3
-0.0053976385789395 0 3 0 3 3 2 2
0.0172486834873618 0 3 0 3 3 3 0
-0.0187565254444895 0 3 0 3 3 3 1
-0.0140058075286811 0 3 0 3 3 3 3
0.0036270607327992 0 3 1 0 0 0 1
-0.0161530364115277 0 3 1 0 0 1 0
0.0116111422357594 0 3 1 0 0 1 1
0.0030551033572849 0 3 1 0 0 1 3
0.0062285830383715 0 3 1 0 0 2 2
-0.0086412126626392 0 3 1 0 0 3 1
-0.015856401930109 0 3 1 0 1 0 1
-0.0068248415208248 0 3 1 0 1 1 0
0.0200788714645198 0 3 1 0 1 1 1
-0.0068248415208248 0 3 1 0 1 1 3
-0.0200788714645198 0 3 1 0 1 2 2
0.015856401930109 0 3 1 0 1 3 1
-0.0174424442980878 0 3 1 0 2 0 2
-0.0200788714645198 0 3 1 0 2 1 2
0.0068248415208248 0 3 1 0 2 2 0
-0.0200788714645198 0 3 1 0 2 2 1
0.0068248415208248 0 3 1 0 2 2 3
0.0174424442980878 0 3 1 0 2 3 2
0.0036270607327992 0 3 1 0 3 0 1
-0.0030665149267572 0 3 1 0 3 1 0
-0.0116111422357594 0 3 1 0 3 1 1
-0.0100314181274857 0 3 1 0 3 1 3
-0.0062285830383715 0 3 1 0 3 2 2
-0.0086412126626392 0 3 1 0 3 3 1
0.0060358787085361 0 3 1 1 0 0 0
-0.0060358787085361 0 3 1 1 0 0 3
-0.0010031356440808 0 3 1 1 0 1 0
-0.0084421464507205 0 3 1 1 0 1 1
-0.0065877194484964 0 3 1 1 0 1 3
-0.0084421464507205 0 3 1 1 0 2 2
-0.0213693613920378 0 3 1 1 0 3 0
0.0213693613920378 0 3 1 1 0 3 3
-0.0203652031108253 0 3 1 1 1 0 0
0.0387297658356482 0 3 1 1 1 0 3
-0.0111851038082461 0 3 1 1 1 1 1
0.0033074227566694 0 3 1 1 1 2 2
0.0026237899014434 0 3 1 1 1 3 0
-0.0209883526262663 0 3 1 1 1 3 3
-0.0033074227566694 0 3 1 1 2 1 2
-0.0111851038082461 0 3 1 1 2 2 1
-0.0060358787085361 0 3 1 1 3 0 0
0.0060358787085361 0 3 1 1 3 0 3
-0.0211233739832015 0 3 1 1 3 1 0
0.0084421464507205 0 3 1 1 3 1 1
0.0087638983590645 0 3 1 1 3 1 3
0.0084421464507205 0 3 1 1 3 2 2
0.0213693613920378 0 3 1 1 3 3 0
-0.0213693613920378 0 3 1 1 3 3 3
-0.0084421464507205 0 3 1 2 0 1 2
-0.0251708960096743 0 3 1 2 0 2 0
0.0084421464507205 0 3 1 2 0 2 1
0.0175800409170971 0 3 1 2 0 2 3
0.0111851038082461 0 3 1 2 1 1 2
0.0033074227566694 0 3 1 2 1 2 1
-0.039542148067753 0 3 1 2 2 0 0
0.02117758534293 0 3 1 2 2 0 3
-0.0033074227566694 0 3 1 2 2 1 1
0.0111851038082461 0 3 1 2 2 2 2
0.0201759703941616 0 3 1 2 2 3 0
-0.0018114076693386 0 3 1 2 2 3 3
0.0084421464507205 0 3 1 2 3 1 2
-0.0098192782021134 0 3 1 2 3 2 0
-0.0084421464507205 0 3 1 2 3 2 1
-0.0025401974220235 0 3 1 2 3 2 3
-0.0039690757610115 0 3 1 3 0 0 1
-0.0161530364115277 0 3 1 3 0 1 0
-0.0116111422357594 0 3 1 3 0 1 1
0.0030551033572849 0 3 1 3 0 1 3
-0.0062285830383715 0 3 1 3 0 2 2
0.0089832276908514 0 3 1 3 0 3 1
0.0065694016571798 0 3 1 3 1 0 1
0.0068248415208248 0 3 1 3 1 1 0
-0.0047523505660514 0 3 1 3 1 1 1
0.0068248415208248 0 3 1 3 1 1 3
0.0047523505660514 0 3 1 3 1 2 2
-0.0065694016571798 0 3 1 3 1 3 1
0.004983359289201 0 3 1 3 2 0 2
0.0047523505660514 0 3 1 3 2 1 2
-0.0068248415208248 0 3 1 3 2 2 0
0.0047523505660514 0 3 1 3 2 2 1
-0.0068248415208248 0 3 1 3 2 2 3
-0.004983359289201 0 3 1 3 2 3 2
-0.0039690757610115 0 3 1 3 3 0 1
-0.0030665149267572 0 3 1 3 3 1 0
0.0116111422357594 0 3 1 3 3 1 1
-0.0100314181274857 0 3 1 3 3 1 3
0.0062285830383715 0 3 1 3 3 2 2
0.0089832276908514 0 3 1 3 3 3 1
0.0086412126626392 0 3 2 0 0 0 2
0.0062285830383715 0 3 2 0 0 1 2
-0.0161530364115277 0 3 2 0 0 2 0
-0.0116111422357594 0 3 2 0 0 2 1
0.0030551033572849 0 3 2 0 0 2 3
-0.0036270607327992 0 3 2 0 0 3 2
-0.004983359289201 0 3 2 0 1 0 2
0.0047523505660514 0 3 2 0 1 1 2
-0.0068248415208248 0 3 2 0 1 2 0
0.0047523505660514 0 3 2 0 1 2 1
-0.0068248415208248 0 3 2 0 1 2 3
0.004983359289201 0 3 2 0 1 3 2
0.0065694016571798 0 3 2 0 2 0 1
-0.0068248415208248 0 3 2 0 2 1 0
0.0047523505660514 0 3 2 0 2 1 1
-0.0068248415208248 0 3 2 0 2 1 3
-0.0047523505660514 0 3 2 0 2 2 2
-0.0065694016571798 0 3 2 0 2 3 1
0.0086412126626392 0 3 2 0 3 0 2
-0.0062285830383715 0 3 2 0 3 1 2
-0.0030665149267572 0 3 2 0 3 2 0
0.0116111422357594 0 3 2 0 3 2 1
-0.0100314181274857 0 3 2 0 3 2 3
-0.0036270607327992 0 3 2 0 3 3 2
0.0084421464507205 0 3 2 1 0 1 2
-0.0010031356440808 0 3 2 1 0 2 0
-0.0084421464507205 0 3 2 1 0 2 1
-0.0065877194484964 0 3 2 1 0 2 3
0.0033074227566694 0 3 2 1 1 1 2
0.0111851038082461 0 3 2 1 1 2 1
0.0203652031108253 0 3 2 1 2 0 0
-0.0387297658356482 0 3 2 1 2 0 3
-0.0111851038082461 0 3 2 1 2 1 1
0.0033074227566694 0 3 2 1 2 2 2
-0.0026237899014434 0 3 2 1 2 3 0
0.0209883526262663 0 3 2 1 2 3 3
-0.0084421464507205 0 3 2 1 3 1 2
-0.0211233739832015 0 3 2 1 3 2 0
0.0084421464507205 0 3 2 1 3 2 1
0.0087638983590645 0 3 2 1 3 2 3
0.0070156365890001 0 3 2 2 0 0 0
-0.0070156365890001 0 3 2 2 0 0 3
0.0251708960096743 0 3 2 2 0 1 0
-0.0084421464507205 0 3 2 2 0 1 1
-0.0175800409170971 0 3 2 2 0 1 3
-0.0084421464507205 0 3 2 2 0 2 2
-0.0203896035115739 0 3 2 2 0 3 0
0.0203896035115739 0 3 2 2 0 3 3
-0.039542148067753 0 3 2 2 1 0 0
0.02117758534293 0 3 2 2 1 0 3
0.0033074227566694 0 3 2 2 1 1 1
-0.0111851038082461 0 3 2 2 1 2 2
0.0201759703941616 0 3 2 2 1 3 0
-0.0018114076693386 0 3 2 2 1 3 3
0.0111851038082461 0 3 2 2 2 1 2
0.0033074227566694 0 3 2 2 2 2 1
-0.0070156365890001 0 3 2 2 3 0 0
0.0070156365890001 0 3 2 2 3 0 3
0.0098192782021134 0 3 2 2 3 1 0
0.0084421464507205 0 3 2 2 3 1 1
0.0025401974220235 0 3 2 2 3 1 3
0.0084421464507205 0 3 2 2 3 2 2
0.0203896035115739 0 3 2 2 3 3 0
-0.0203896035115739 0 3 2 2 3 3 3
-0.0089832276908514 0 3 2 3 0 0 2
-0.0062285830383715 0 3 2 3 0 1 2
-0.0161530364115277 0 3 2 3 0 2 0
0.0116111422357594 0 3 2 3 0 2 1
0.0030551033572849 0 3 2 3 0 2 3
0.0039690757610115 0 3 2 3 0 3 2
0.0174424442980878 0 3 2 3 1 0 2
-0.0200788714645198 0 3 2 3 1 1 2
0.0068248415208248 0 3 2 3 1 2 0
-0.0200788714645198 0 3 2 3 1 2 1
0.0068248415208248 0 3 2 3 1 2 3
-0.0174424442980878 0 3 2 3 1 3 2
-0.015856401930109 0 3 2 3 2 0 1
0.0068248415208248 0 3 2 3 2 1 0
-0.0200788714645198 0 3 2 3 2 1 1
0.0068248415208248 0 3 2 3 2 1 3
0.0200788714645198 0 3 2 3 2 2 2
0.015856401930109 0 3 2 3 2 3 1
-0.0089832276908514 0 3 2 3 3 0 2
0.0062285830383715 0 3 2 3 3 1 2
-0.0030665149267572 0 3 2 3 3 2 0
-0.0116111422357594 0 3 2 3 3 2 1
-0.0100314181274857 0 3 2 3 3 2 3
0.0039690757610115 0 3 2 3 3 3 2
-0.0149550229214434 0 3 3 0 0 0 0
0.0187565254444895 0 3 3 0 0 0 1
0.018197898880124 0 3 3 0 0 0 3
-0.0023719589958505 0 3 3 0 0 1 0
0.0053976385789395 0 3 3 0 0 1 1
0.0023719589958505 0 3 3 0 0 1 3
0.0053976385789395 0 3 3 0 0 2 2
0.0140058075286811 0 3 3 0 0 3 0
-0.0190999032820313 0 3 3 0 0 3 1
-0.0172486834873618 0 3 3 0 0 3 3
0.0080686361462693 0 3 3 0 1 0 1
-0.0189016287751967 0 3 3 0 1 1 0
0.0256604179936359 0 3 3 0 1 1 1
-0.0189016287751967 0 3 3 0 1 1 3
0.0094374232489948 0 3 3 0 1 2 2
-0.0030619503452622 0 3 3 0 1 3 1
-0.0030619503452622 0 3 3 0 2 0 2
0.0094374232489948 0 3 3 0 2 1 2
0.0011865995121439 0 3 3 0 2 2 0
-0.0256604179936359 0 3 3 0 2 2 1
0.0011865995121439 0 3 3 0 2 2 3
0.0080686361462693 0 3 3 0 2 3 2
-0.0172486834873618 0 3 3 0 3 0 0
-0.0190999032820313 0 3 3 0 3 0 1
0.0140058075286811 0 3 3 0 3 0 3
-0.0023719589958505 0 3 3 0 3 1 0
0.0053976385789395 0 3 3 0 3 1 1
0.0023719589958505 0 3 3 0 3 1 3
0.0053976385789395 0 3 3 0 3 2 2
0.018197898880124 0 3 3 0 3 3 0
0.0187565254444895 0 3 3 0 3 3 1
-0.0149550229214434 0 3 3 0 3 3 3
0.0031898393790911 0 3 3 1 0 0 0
0.0159966673417295 0 3 3 1 0 0 1
-0.0304993161280994 0 3 3 1 0 0 3
-0.0094810050365133 0 3 3 1 0 1 0
0.0027283197992539 0 3 3 1 0 1 1
0.0094810050365133 0 3 3 1 0 1 3
-0.0004949139546612 0 3 3 1 0 2 2
0.039231513104046 0 3 3 1 0 3 0
0.0159966673417295 0 3 3 1 0 3 1
0.0055423575968556 0 3 3 1 0 3 3
-0.0006616665582489 0 3 3 1 1 0 1
-0.0164807185187172 0 3 3 1 1 1 0
-0.0008482224026719 0 3 3 1 1 1 1
0.0156057498733384 0 3 3 1 1 1 3
-0.0008482224026719 0 3 3 1 1 2 2
-0.0006616665582489 0 3 3 1 1 3 1
0.0017215397545178 0 3 3 1 2 0 2
-0.0008482224026719 0 3 3 1 2 1 2
0.0156057498733384 0 3 3 1 2 2 0
0.0008482224026719 0 3 3 1 2 2 1
-0.0164807185187172 0 3 3 1 2 2 3
0.0017215397545178 0 3 3 1 2 3 2
0.0031898393790911 0 3 3 1 3 0 0
0.0159966673417295 0 3 3 1 3 0 1
-0.0304993161280994 0 3 3 1 3 0 3
-0.0094810050365133 0 3 3 1 3 1 0
0.0004949139546612 0 3 3 1 3 1 1
0.0094810050365133 0 3 3 1 3 1 3
-0.0027283197992539 0 3 3 1 3 2 2
0.039231513104046 0 3 3 1 3 3 0
0.0159966673417295 0 3 3 1 3 3 1
0.0055423575968556 0 3 3 1 3 3 3
0.0159966673417295 0 3 3 2 0 0 2
0.0027283197992539 0 3 3 2 0 1 2
-0.0094810050365133 0 3 3 2 0 2 0
0.0004949139546612 0 3 3 2 0 2 1
0.0094810050365133 0 3 3 2 0 2 3
0.0159966673417295 0 3 3 2 0 3 2
0.0006616665582489 0 3 3 2 1 0 2
0.0008482224026719 0 3 3 2 1 1 2
-0.0156057498733384 0 3 3 2 1 2 0
-0.0008482224026719 0 3 3 2 1 2 1
0.0164807185187172 0 3 3 2 1 2 3
0.0006616665582489 0 3 3 2 1 3 2
0.0017215397545178 0 3 3 2 2 0 1
-0.0164807185187172 0 3 3 2 2 1 0
-0.0008482224026719 0 3 3 2 2 1 1
0.0156057498733384 0 3 3 2 2 1 3
-0.0008482224026719 0 3 3 2 2 2 2
0.0017215397545178 0 3 3 2 2 3 1
0.0159966673417295 0 3 3 2 3 0 2
0.0004949139546612 0 3 3 2 3 1 2
-0.0094810050365133 0 3 3 2 3 2 0
0.0027283197992539 0 3 3 2 3 2 1
0.0094810050365133 0 3 3 2 3 2 3
0.0159966673417295 0 3 3 2 3 3 2
-0.0149550229214434 0 3 3 3 0 0 0
0.0187565254444895 0 3 3 3 0 0 1
0.018197898880124 0 3 3 3 0 0 3
0.0023719589958505 0 3 3 3 0 1 0
0.0053976385789395 0 3 3 3 0 1 1
-0.0023719589958505 0 3 3 3 0 1 3
0.0053976385789395 0 3 3 3 0 2 2
0.0140058075286811 0 3 3 3 0 3 0
-0.0190999032820313 0 3 3 3 0 3 1
-0.0172486834873618 0 3 3 3 0 3 3
0.0030619503452622 0 3 3 3 1 0 1
-0.0189016287751967 0 3 3 3 1 1 0
-0.0069763651998244 0 3 3 3 1 1 1
-0.0189016287751967 0 3 3 3 1 1 3
0.0092466295448168 0 3 3 3 1 2 2
-0.0080686361462693 0 3 3 3 1 3 1
-0.0080686361462693 0 3 3 3 2 0 2
0.0092466295448168 0 3 3 3 2 1 2
0.0011865995121439 0 3 3 3 2 2 0
0.0069763651998244 0 3 3 3 2 2 1
0.0011865995121439 0 3 3 3 2 2 3
0.0030619503452622 0 3 3 3 2 3 2
-0.0172486834873618 0 3 3 3 3 0 0
-0.0190999032820313 0 3 3 3 3 0 1
0.0140058075286811 0 3 3 3 3 0 3
0.0023719589958505 0 3 3 3 3 1 0
0.0053976385789395 0 3 3 3 3 1 1
-0.0023719589958505 0 3 3 3 3 1 3
0.0053976385789395 0 3 3 3 3 2 2
0.018197898880124 0 3 3 3 3 3 0
0.0187565254444895 0 3 3 3 3 3 1
-0.0149550229214434 0 3 3 3 3 3 3
0.008566196508494 1 0 0 0 0 0 0
-0.0108890126562149 1 0 0 0 0 0 1
-0.0154261139026869 1 0 0 0 0 0 3
0.0050137826515488 1 0 0 0 0 1 1
0.0050986209841863 1 0 0 0 0 2 2
-0.0154261139026869 1 0 0 0 0 3 0
-0.0108890126562149 1 0 0 0 0 3 1
0.008566196508494 1 0 0 0 0 3 3
0.0094868287900514 1 0 0 0 1 0 0
0.0149162734043719 1 0 0 0 1 0 1
0.0094868287900514 1 0 0 0 1 0 3
-0.0008538407628473 1 0 0 0 1 1 0
0.0017757658996253 1 0 0 0 1 1 1
0.0008538407628473 1 0 0 0 1 1 3
0.0042835402606928 1 0 0 0 1 2 2
0.0094868287900514 1 0 0 0 1 3 0
0.0054712535315191 1 0 0 0 1 3 1
0.0094868287900514 1 0 0 0 1 3 3
0.0149162734043719 1 0 0 0 2 0 2
-0.0042835402606928 1 0 0 0 2 1 2
-0.0008538407628473 1 0 0 0 2 2 0
0.0017757658996253 1 0 0 0 2 2 1
0.0008538407628473 1 0 0 0 2 2 3
0.0054712535315191 1 0 0 0 2 3 2
-0.008566196508494 1 0 0 0 3 0 0
-0.0108890126562149 1 0 0 0 3 0 1
0.0154261139026869 1 0 0 0 3 0 3
0.0050137826515488 1 0 0 0 3 1 1
0.0050986209841863 1 0 0 0 3 2 2
0.0154261139026869 1 0 0 0 3 3 0
-0.0108890126562149 1 0 0 0 3 3 1
-0.008566196508494 1 0 0 0 3 3 3
0.0228936049030021 1 0 0 1 0 0 0
-0.0100895782841762 1 0 0 1 0 0 1
-0.0165908423012935 1 0 0 1 0 0 3
0.0035058458258444 1 0 0 1 0 1 1
-0.0035058458258444 1 0 0 1 0 2 2
0.0228936049030021 1 0 0 1 0 3 0
-0.0208484227646396 1 0 0 1 0 3 1
-0.0165908423012935 1 0 0 1 0 3 3
-0.000366492096684 1 0 0 1 1 0 0
0.0105005252306523 1 0 0 1 1 0 1
-0.000366492096684 1 0 0 1 1 0 3
0.0085112373312772 1 0 0 1 1 1 0
2.46935372001e-05 1 0 0 1 1 1 1
0.0098809603240247 1 0 0 1 1 1 3
2.46935372001e-05 1 0 0 1 1 2 2
0.000366492096684 1 0 0 1 1 3 0
0.0105005252306523 1 0 0 1 1 3 1
0.000366492096684 1 0 0 1 1 3 3
-0.0105005252306523 1 0 0 1 2 0 2
2.46935372001e-05 1 0 0 1 2 1 2
-0.0085112373312772 1 0 0 1 2 2 0
-2.46935372001e-05 1 0 0 1 2 2 1
-0.0098809603240247 1 0 0 1 2 2 3
-0.0105005252306523 1 0 0 1 2 3 2
-0.0165908423012935 1 0 0 1 3 0 0
-0.0100895782841762 1 0 0 1 3 0 1
0.0228936049030021 1 0 0 1 3 0 3
0.0035058458258444 1 0 0 1 3 1 1
-0.0035058458258444 1 0 0 1 3 2 2
-0.0165908423012935 1 0 0 1 3 3 0
-0.0208484227646396 1 0 0 1 3 3 1
0.0228936049030021 1 0 0 1 3 3 3
0.013700261193003 1 0 0 2 0 0 2
0.0035058458258444 1 0 0 2 0 1 2
0.0035058458258444 1 0 0 2 0 2 1
0.0244591056734665 1 0 0 2 0 3 2
-0.0105005252306523 1 0 0 2 1 0 2
-2.46935372001e-05 1 0 0 2 1 1 2
0.0085112373312772 1 0 0 2 1 2 0
2.46935372001e-05 1 0 0 2 1 2 1
0.0098809603240247 1 0 0 2 1 2 3
-0.0105005252306523 1 0 0 2 1 3 2
0.0059820044624903 1 0 0 2 2 0 0
-0.0105005252306523 1 0 0 2 2 0 1
0.0059820044624903 1 0 0 2 2 0 3
0.0085112373312772 1 0 0 2 2 1 0
2.46935372001e-05 1 0 0 2 2 1 1
0.0098809603240247 1 0 0 2 2 1 3
2.46935372001e-05 1 0 0 2 2 2 2
-0.0059820044624903 1 0 0 2 2 3 0
-0.0105005252306523 1 0 0 2 2 3 1
-0.0059820044624903 1 0 0 2 2 3 3
0.013700261193003 1 0 0 2 3 0 2
0.0035058458258444 1 0 0 2 3 1 2
0.0035058458258444 1 0 0 2 3 2 1
0.0244591056734665 1 0 0 2 3 3 2
0.0154261139026869 1 0 0 3 0 0 0
-0.0108890126562149 1 0 0 3 0 0 1
-0.008566196508494 1 0 0 3 0 0 3
0.0050137826515488 1 0 0 3 0 1 1
0.0050986209841863 1 0 0 3 0 2 2
-0.008566196508494 1 0 0 3 0 3 0
-0.0108890126562149 1 0 0 3 0 3 1
0.0154261139026869 1 0 0 3 0 3 3
0.0094868287900514 1 0 0 3 1 0 0
-0.0149162734043719 1 0 0 3 1 0 1
0.0094868287900514 1 0 0 3 1 0 3
0.0008538407628473 1 0 0 3 1 1 0
0.0068480219230977 1 0 0 3 1 1 1
-0.0008538407628473 1 0 0 3 1 1 3
0.0093557962841652 1 0 0 3 1 2 2
0.0094868287900514 1 0 0 3 1 3 0
-0.0054712535315191 1 0 0 3 1 3 1
0.0094868287900514 1 0 0 3 1 3 3
-0.0149162734043719 1 0 0 3 2 0 2
-0.0093557962841652 1 0 0 3 2 1 2
0.0008538407628473 1 0 0 3 2 2 0
0.0068480219230977 1 0 0 3 2 2 1
-0.0008538407628473 1 0 0 3 2 2 3
-0.0054712535315191 1 0 0 3 2 3 2
-0.0154261139026869 1 0 0 3 3 0 0
-0.0108890126562149 1 0 0 3 3 0 1
0.008566196508494 1 0 0 3 3 0 3
0.0050137826515488 1 0 0 3 3 1 1
0.0050986209841863 1 0 0 3 3 2 2
0.008566196508494 1 0 0 3 3 3 0
-0.0108890126562149 1 0 0 3 3 3 1
-0.0154261139026869 1 0 0 3 3 3 3
0.0031390536381068 1 0 1 0 0 0 0
0.0028912085189141 1 0 1 0 0 0 1
0.0031390536381068 1 0 1 0 0 0 3
0.0083300177218457 1 0 1 0 0 1 0
-0.0048189982894464 1 0 1 0 0 1 1
0.0083300177218457 1 0 1 0 0 1 3
-0.0048189982894464 1 0 1 0 0 2 2
0.0031390536381068 1 0 1 0 0 3 0
0.0028912085189141 1 0 1 0 0 3 1
0.0031390536381068 1 0 1 0 0 3 3
0.0024138468853542 1 0 1 0 1 0 1
-0.0051518437028588 1 0 1 0 1 1 0
0.0104922037786364 1 0 1 0 1 1 1
0.0011592412821418 1 0 1 0 1 1 3
-0.0104922037786364 1 0 1 0 1 2 2
-0.0035175258441234 1 0 1 0 1 3 1
-0.0024138468853542 1 0 1 0 2 0 2
-0.0104922037786364 1 0 1 0 2 1 2
-0.0011592412821418 1 0 1 0 2 2 0
-0.0104922037786364 1 0 1 0 2 2 1
0.0051518437028588 1 0 1 0 2 2 3
0.0035175258441234 1 0 1 0 2 3 2
-0.0031390536381068 1 0 1 0 3 0 0
-0.0028912085189141 1 0 1 0 3 0 1
-0.0031390536381068 1 0 1 0 3 0 3
-0.0083300177218457 1 0 1 0 3 1 0
0.0048189982894464 1 0 1 0 3 1 1
-0.0083300177218457 1 0 1 0 3 1 3
0.0048189982894464 1 0 1 0 3 2 2
-0.0031390536381068 1 0 1 0 3 3 0
-0.0028912085189141 1 0 1 0 3 3 1
-0.0031390536381068 1 0 1 0 3 3 3
-0.012614840175435 1 0 1 1 0 0 0
0.0007805993862855 1 0 1 1 0 0 1
-0.012614840175435 1 0 1 1 0 0 3
0.0084103706573679 1 0 1 1 0 1 0
0.0129571651797982 1 0 1 1 0 1 1
-0.0129272428087463 1 0 1 1 0 1 3
0.0152691442866864 1 0 1 1 0 2 2
-0.0030913993240305 1 0 1 1 0 3 0
-0.0115075902579091 1 0 1 1 0 3 1
-0.0030913993240305 1 0 1 1 0 3 3
-0.0021353272884819 1 0 1 1 1 0 0
0.0128677951486735 1 0 1 1 1 0 1
-0.0021353272884819 1 0 1 1 1 0 3
0.0175360165532189 1 0 1 1 1 1 0
-2.8280219135e-06 1 0 1 1 1 1 1
-0.0175360165532189 1 0 1 1 1 1 3
-2.8280219135e-06 1 0 1 1 1 2 2
0.0021353272884819 1 0 1 1 1 3 0
-0.0047508412005899 1 0 1 1 1 3 1
0.0021353272884819 1 0 1 1 1 3 3
0.0198241706592025 1 0 1 1 2 0 2
2.8280219135e-06 1 0 1 1 2 1 2
-0.0070617620611766 1 0 1 1 2 2 0
-2.8280219135e-06 1 0 1 1 2 2 1
0.0070617620611766 1 0 1 1 2 2 3
-0.0117072167111189 1 0 1 1 2 3 2
-0.0030913993240305 1 0 1 1 3 0 0
0.0115075902579091 1 0 1 1 3 0 1
-0.0030913993240305 1 0 1 1 3 0 3
-0.0129272428087463 1 0 1 1 3 1 0
-0.0152691442866864 1 0 1 1 3 1 1
0.0084103706573679 1 0 1 1 3 1 3
-0.0129571651797982 1 0 1 1 3 2 2
-0.012614840175435 1 0 1 1 3 3 0
-0.0007805993862855 1 0 1 1 3 3 1
-0.012614840175435 1 0 1 1 3 3 3
-0.0115075902579091 1 0 1 2 0 0 2
0.0152691442866864 1 0 1 2 0 1 2
-0.0004941581512026 1 0 1 2 0 2 0
-0.0129571651797982 1 0 1 2 0 2 1
0.0208434553149116 1 0 1 2 0 2 3
0.0007805993862855 1 0 1 2 0 3 2
-0.0198241706592025 1 0 1 2 1 0 2
-2.8280219135e-06 1 0 1 2 1 1 2
-0.0020157434155514 1 0 1 2 1 2 0
2.8280219135e-06 1 0 1 2 1 2 1
0.0020157434155514 1 0 1 2 1 2 3
0.0117072167111189 1 0 1 2 1 3 2
0.0021353272884819 1 0 1 2 2 0 0
0.0128677951486735 1 0 1 2 2 0 1
0.0021353272884819 1 0 1 2 2 0 3
-0.0124899979075937 1 0 1 2 2 1 0
-2.8280219135e-06 1 0 1 2 2 1 1
0.0124899979075937 1 0 1 2 2 1 3
-2.8280219135e-06 1 0 1 2 2 2 2
-0.0021353272884819 1 0 1 2 2 3 0
-0.0047508412005899 1 0 1 2 2 3 1
-0.0021353272884819 1 0 1 2 2 3 3
-0.0007805993862855 1 0 1 2 3 0 2
-0.0129571651797982 1 0 1 2 3 1 2
0.0208434553149116 1 0 1 2 3 2 0
0.0152691442866864 1 0 1 2 3 2 1
-0.0004941581512026 1 0 1 2 3 2 3
0.0115075902579091 1 0 1 2 3 3 2
0.0031390536381068 1 0 1 3 0 0 0
0.0028912085189141 1 0 1 3 0 0 1
0.0031390536381068 1 0 1 3 0 0 3
-0.0159979395836006 1 0 1 3 0 1 0
-0.0048189982894464 1 0 1 3 0 1 1
-0.0159979395836006 1 0 1 3 0 1 3
-0.0048189982894464 1 0 1 3 0 2 2
0.0031390536381068 1 0 1 3 0 3 0
0.0028912085189141 1 0 1 3 0 3 1
0.0031390536381068 1 0 1 3 0 3 3
-0.0030877584105533 1 0 1 3 1 0 1
-0.0051518437028588 1 0 1 3 1 1 0
0.0104922037786364 1 0 1 3 1 1 1
0.0011592412821418 1 0 1 3 1 1 3
-0.0104922037786364 1 0 1 3 1 2 2
0.0028436143189243 1 0 1 3 1 3 1
0.0030877584105533 1 0 1 3 2 0 2
-0.0104922037786364 1 0 1 3 2 1 2
-0.0011592412821418 1 0 1 3 2 2 0
-0.0104922037786364 1 0 1 3 2 2 1
0.0051518437028588 1 0 1 3 2 2 3
-0.0028436143189243 1 0 1 3 2 3 2
-0.0031390536381068 1 0 1 3 3 0 0
-0.0028912085189141 1 0 1 3 3 0 1
-0.0031390536381068 1 0 1 3 3 0 3
0.0159979395836006 1 0 1 3 3 1 0
0.0048189982894464 1 0 1 3 3 1 1
0.0159979395836006 1 0 1 3 3 1 3
0.0048189982894464 1 0 1 3 3 2 2
-0.0031390536381068 1 0 1 3 3 3 0
-0.0028912085189141 1 0 1 3 3 3 1
-0.0031390536381068 1 0 1 3 3 3 3
-0.0028912085189141 1 0 2 0 0 0 2
0.0048189982894464 1 0 2 0 0 1 2
0.0083300177218457 1 0 2 0 0 2 0
-0.0048189982894464 1 0 2 0 0 2 1
0.0083300177218457 1 0 2 0 0 2 3
-0.0028912085189141 1 0 2 0 0 3 2
-0.0028436143189243 1 0 2 0 1 0 2
0.0104922037786364 1 0 2 0 1 1 2
0.0011592412821418 1 0 2 0 1 2 0
0.0104922037786364 1 0 2 0 1 2 1
-0.0051518437028588 1 0 2 0 1 2 3
0.0030877584105533 1 0 2 0 1 3 2
-0.0028436143189243 1 0 2 0 2 0 1
-0.0051518437028588 1 0 2 0 2 1 0
0.0104922037786364 1 0 2 0 2 1 1
0.0011592412821418 1 0 2 0 2 1 3
-0.0104922037786364 1 0 2 0 2 2 2
0.0030877584105533 1 0 2 0 2 3 1
0.0028912085189141 1 0 2 0 3 0 2
-0.0048189982894464 1 0 2 0 3 1 2
-0.0083300177218457 1 0 2 0 3 2 0
0.0048189982894464 1 0 2 0 3 2 1
-0.0083300177218457 1 0 2 0 3 2 3
0.0028912085189141 1 0 2 0 3 3 2
0.0115075902579091 1 0 2 1 0 0 2
0.0152691442866864 1 0 2 1 0 1 2
0.0208434553149116 1 0 2 1 0 2 0
-0.0129571651797982 1 0 2 1 0 2 1
-0.0004941581512026 1 0 2 1 0 2 3
-0.0007805993862855 1 0 2 1 0 3 2
0.0117072167111189 1 0 2 1 1 0 2
2.8280219135e-06 1 0 2 1 1 1 2
0.0175360165532189 1 0 2 1 1 2 0
-2.8280219135e-06 1 0 2 1 1 2 1
-0.0175360165532189 1 0 2 1 1 2 3
-0.0198241706592025 1 0 2 1 1 3 2
0.0021353272884819 1 0 2 1 2 0 0
-0.0047508412005899 1 0 2 1 2 0 1
0.0021353272884819 1 0 2 1 2 0 3
0.0070617620611766 1 0 2 1 2 1 0
2.8280219135e-06 1 0 2 1 2 1 1
-0.0070617620611766 1 0 2 1 2 1 3
2.8280219135e-06 1 0 2 1 2 2 2
-0.0021353272884819 1 0 2 1 2 3 0
0.0128677951486735 1 0 2 1 2 3 1
-0.0021353272884819 1 0 2 1 2 3 3
0.0007805993862855 1 0 2 1 3 0 2
-0.0129571651797982 1 0 2 1 3 1 2
-0.0004941581512026 1 0 2 1 3 2 0
0.0152691442866864 1 0 2 1 3 2 1
0.0208434553149116 1 0 2 1 3 2 3
-0.0115075902579091 1 0 2 1 3 3 2
0.012614840175435 1 0 2 2 0 0 0
0.0007805993862855 1 0 2 2 0 0 1
0.012614840175435 1 0 2 2 0 0 3
0.0129272428087463 1 0 2 2 0 1 0
-0.0129571651797982 1 0 2 2 0 1 1
-0.0084103706573679 1 0 2 2 0 1 3
-0.0152691442866864 1 0 2 2 0 2 2
0.0030913993240305 1 0 2 2 0 3 0
-0.0115075902579091 1 0 2 2 0 3 1
0.0030913993240305 1 0 2 2 0 3 3
0.0021353272884819 1 0 2 2 1 0 0
0.0047508412005899 1 0 2 2 1 0 1
0.0021353272884819 1 0 2 2 1 0 3
0.0020157434155514 1 0 2 2 1 1 0
-2.8280219135e-06 1 0 2 2 1 1 1
-0.0020157434155514 1 0 2 2 1 1 3
-2.8280219135e-06 1 0 2 2 1 2 2
-0.0021353272884819 1 0 2 2 1 3 0
-0.0128677951486735 1 0 2 2 1 3 1
-0.0021353272884819 1 0 2 2 1 3 3
0.0117072167111189 1 0 2 2 2 0 2
2.8280219135e-06 1 0 2 2 2 1 2
-0.0124899979075937 1 0 2 2 2 2 0
-2.8280219135e-06 1 0 2 2 2 2 1
0.0124899979075937 1 0 2 2 2 2 3
-0.0198241706592025 1 0 2 2 2 3 2
0.0030913993240305 1 0 2 2 3 0 0
0.0115075902579091 1 0 2 2 3 0 1
0.0030913993240305 1 0 2 2 3 0 3
-0.0084103706573679 1 0 2 2 3 1 0
0.0152691442866864 1 0 2 2 3 1 1
0.0129272428087463 1 0 2 2 3 1 3
0.0129571651797982 1 0 2 2 3 2 2
0.012614840175435 1 0 2 2 3 3 0
-0.0007805993862855 1 0 2 2 3 3 1
0.012614840175435 1 0 2 2 3 3 3
-0.0028912085189141 1 0 2 3 0 0 2
0.0048189982894464 1 0 2 3 0 1 2
-0.0159979395836006 1 0 2 3 0 2 0
-0.0048189982894464 1 0 2 3 0 2 1
-0.0159979395836006 1 0 2 3 0 2 3
-0.0028912085189141 1 0 2 3 0 3 2
0.0035175258441234 1 0 2 3 1 0 2
0.0104922037786364 1 0 2 3 1 1 2
0.0011592412821418 1 0 2 3 1 2 0
0.0104922037786364 1 0 2 3 1 2 1
-0.0051518437028588 1 0 2 3 1 2 3
-0.0024138468853542 1 0 2 3 1 3 2
0.0035175258441234 1 0 2 3 2 0 1
-0.0051518437028588 1 0 2 3 2 1 0
0.0104922037786364 1 0 2 3 2 1 1
0.0011592412821418 1 0 2 3 2 1 3
-0.0104922037786364 1 0 2 3 2 2 2
-0.0024138468853542 1 0 2 3 2 3 1
0.0028912085189141 1 0 2 3 3 0 2
-0.0048189982894464 1 0 2 3 3 1 2
0.0159979395836006 1 0 2 3 3 2 0
0.0048189982894464 1 0 2 3 3 2 1
0.0159979395836006 1 0 2 3 3 2 3
0.0028912085189141 1 0 2 3 3 3 2
-0.008566196508494 1 0 3 0 0 0 0
-0.0108890126562149 1 0 3 0 0 0 1
0.0154261139026869 1 0 3 0 0 0 3
-0.0050137826515488 1 0 3 0 0 1 1
-0.0050986209841863 1 0 3 0 0 2 2
0.0154261139026869 1 0 3 0 0 3 0
-0.0108890126562149 1 0 3 0 0 3 1
-0.008566196508494 1 0 3 0 0 3 3
0.0094868287900514 1 0 3 0 1 0 0
0.0149162734043719 1 0 3 0 1 0 1
0.0094868287900514 1 0 3 0 1 0 3
0.0008538407628473 1 0 3 0 1 1 0
0.0017757658996253 1 0 3 0 1 1 1
-0.0008538407628473 1 0 3 0 1 1 3
0.0042835402606928 1 0 3 0 1 2 2
0.0094868287900514 1 0 3 0 1 3 0
0.0054712535315191 1 0 3 0 1 3 1
0.0094868287900514 1 0 3 0 1 3 3
0.0149162734043719 1 0 3 0 2 0 2
-0.0042835402606928 1 0 3 0 2 1 2
0.0008538407628473 1 0 3 0 2 2 0
0.0017757658996253 1 0 3 0 2 2 1
-0.0008538407628473 1 0 3 0 2 2 3
0.0054712535315191 1 0 3 0 2 3 2
0.008566196508494 1 0 3 0 3 0 0
-0.0108890126562149 1 0 3 0 3 0 1
-0.0154261139026869 1 0 3 0 3 0 3
-0.0050137826515488 1 0 3 0 3 1 1
-0.0050986209841863 1 0 3 0 3 2 2
-0.0154261139026869 1 0 3 0 3 3 0
-0.0108890126562149 1 0 3 0 3 3 1
0.008566196508494 1 0 3 0 3 3 3
-0.0228936049030021 1 0 3 1 0 0 0
-0.0244591056734665 1 0 3 1 0 0 1
0.0165908423012935 1 0 3 1 0 0 3
-0.0035058458258444 1 0 3 1 0 1 1
0.0035058458258444 1 0 3 1 0 2 2
-0.0228936049030021 1 0 3 1 0 3 0
-0.013700261193003 1 0 3 1 0 3 1
0.0165908423012935 1 0 3 1 0 3 3
-0.0060855279787357 1 0 3 1 1 0 0
-0.0105005252306523 1 0 3 1 1 0 1
-0.0060855279787357 1 0 3 1 1 0 3
-0.0098809603240247 1 0 3 1 1 1 0
-2.46935372001e-05 1 0 3 1 1 1 1
-0.0085112373312772 1 0 3 1 1 1 3
-2.46935372001e-05 1 0 3 1 1 2 2
0.0060855279787357 1 0 3 1 1 3 0
-0.0105005252306523 1 0 3 1 1 3 1
0.0060855279787357 1 0 3 1 1 3 3
0.0105005252306523 1 0 3 1 2 0 2
-2.46935372001e-05 1 0 3 1 2 1 2
0.0098809603240247 1 0 3 1 2 2 0
2.46935372001e-05 1 0 3 1 2 2 1
0.0085112373312772 1 0 3 1 2 2 3
0.0105005252306523 1 0 3 1 2 3 2
0.0165908423012935 1 0 3 1 3 0 0
-0.0244591056734665 1 0 3 1 3 0 1
-0.0228936049030021 1 0 3 1 3 0 3
-0.0035058458258444 1 0 3 1 3 1 1
0.0035058458258444 1 0 3 1 3 2 2
0.0165908423012935 1 0 3 1 3 3 0
-0.013700261193003 1 0 3 1 3 3 1
-0.0228936049030021 1 0 3 1 3 3 3
0.0208484227646396 1 0 3 2 0 0 2
-0.0035058458258444 1 0 3 2 0 1 2
-0.0035058458258444 1 0 3 2 0 2 1
0.0100895782841762 1 0 3 2 0 3 2
0.0105005252306523 1 0 3 2 1 0 2
2.46935372001e-05 1 0 3 2 1 1 2
-0.0098809603240247 1 0 3 2 1 2 0
-2.46935372001e-05 1 0 3 2 1 2 1
-0.0085112373312772 1 0 3 2 1 2 3
0.0105005252306523 1 0 3 2 1 3 2
0.0002629685804386 1 0 3 2 2 0 0
0.0105005252306523 1 0 3 2 2 0 1
0.0002629685804386 1 0 3 2 2 0 3
-0.0098809603240247 1 0 3 2 2 1 0
-2.46935372001e-05 1 0 3 2 2 1 1
-0.0085112373312772 1 0 3 2 2 1 3
-2.46935372001e-05 1 0 3 2 2 2 2
-0.0002629685804386 1 0 3 2 2 3 0
0.0105005252306523 1 0 3 2 2 3 1
-0.0002629685804386 1 0 3 2 2 3 3
0.0208484227646396 1 0 3 2 3 0 2
-0.0035058458258444 1 0 3 2 3 1 2
-0.0035058458258444 1 0 3 2 3 2 1
0.0100895782841762 1 0 3 2 3 3 2
-0.0154261139026869 1 0 3 3 0 0 0
-0.0108890126562149 1 0 3 3 0 0 1
0.008566196508494 1 0 3 3 0 0 3
-0.0050137826515488 1 0 3 3 0 1 1
-0.0050986209841863 1 0 3 3 0 2 2
0.008566196508494 1 0 3 3 0 3 0
-0.0108890126562149 1 0 3 3 0 3 1
-0.0154261139026869 1 0 3 3 0 3 3
0.0094868287900514 1 0 3 3 1 0 0
-0.0149162734043719 1 0 3 3 1 0 1
0.0094868287900514 1 0 3 3 1 0 3
-0.0008538407628473 1 0 3 3 1 1 0
0.0068480219230977 1 0 3 3 1 1 1
0.0008538407628473 1 0 3 3 1 1 3
0.0093557962841652 1 0 3 3 1 2 2
0.0094868287900514 1 0 3 3 1 3 0
-0.0054712535315191 1 0 3 3 1 3 1
0.0094868287900514 1 0 3 3 1 3 3
-0.0149162734043719 1 0 3 3 2 0 2
-0.0093557962841652 1 0 3 3 2 1 2
-0.0008538407628473 1 0 3 3 2 2 0
0.0068480219230977 1 0 3 3 2 2 1
0.0008538407628473 1 0 3 3 2 2 3
-0.0054712535315191 1 0 3 3 2 3 2
0.0154261139026869 1 0 3 3 3 0 0
-0.0108890126562149 1 0 3 3 3 0 1
-0.008566196508494 1 0 3 3 3 0 3
-0.0050137826515488 1 0 3 3 3 1 1
-0.0050986209841863 1 0 3 3 3 2 2
-0.008566196508494 1 0 3 3 3 3 0
-0.0108890126562149 1 0 3 3 3 3 1
0.0154261139026869 1 0 3 3 3 3 3
0.0040281025186027 1 1 0 0 0 0 0
-0.0110969979390663 1 1 0 0 0 0 1
-0.0116349923540169 1 1 0 0 0 0 3
0.0003317648256895 1 1 0 0 0 1 0
0.0140477573771389 1 1 0 0 0 1 1
-0.0025149090696602 1 1 0 0 0 1 3
-0.0052023943399876 1 1 0 0 0 2 2
-0.0047415120995385 1 1 0 0 0 3 0
-0.0166562799090958 1 1 0 0 0 3 1
-0.0028653777358757 1 1 0 0 0 3 3
-0.0025923667245562 1 1 0 0 1 0 0
0.0025923667245562 1 1 0 0 1 0 3
-0.005034037293661 1 1 0 0 1 1 0
0.0364808808834952 1 1 0 0 1 1 1
0.005034037293661 1 1 0 0 1 1 3
0.033376364926013 1 1 0 0 1 2 2
-0.0025923667245562 1 1 0 0 1 3 0
0.0025923667245562 1 1 0 0 1 3 3
-0.0112472216443335 1 1 0 0 2 1 2
0.005034037293661 1 1 0 0 2 2 0
0.0143517376018157 1 1 0 0 2 2 1
-0.005034037293661 1 1 0 0 2 2 3
0.0047415120995385 1 1 0 0 3 0 0
-0.0166562799090958 1 1 0 0 3 0 1
0.0028653777358757 1 1 0 0 3 0 3
0.0003317648256895 1 1 0 0 3 1 0
-0.0052023943399876 1 1 0 0 3 1 1
-0.0025149090696602 1 1 0 0 3 1 3
0.0140477573771389 1 1 0 0 3 2 2
-0.0040281025186027 1 1 0 0 3 3 0
-0.0110969979390663 1 1 0 0 3 3 1
0.0116349923540169 1 1 0 0 3 3 3
0.0162459287574739 1 1 0 1 0 0 0
-0.0027355621690803 1 1 0 1 0 0 1
-0.007344197477792 1 1 0 1 0 0 3
0.0005994847660576 1 1 0 1 0 1 0
0.0122393527695785 1 1 0 1 0 1 1
-0.0005994847660576 1 1 0 1 0 1 3
0.0051924531831565 1 1 0 1 0 2 2
0.0271693563162418 1 1 0 1 0 3 0
-0.0027355621690803 1 1 0 1 0 3 1
-0.0182676250365598 1 1 0 1 0 3 3
-0.0050667256554326 1 1 0 1 1 0 0
-0.0122184971366685 1 1 0 1 1 0 1
-0.0112682090136468 1 1 0 1 1 0 3
-0.0066103544757047 1 1 0 1 1 1 0
-0.0098732652196143 1 1 0 1 1 1 1
-0.0092360015323693 1 1 0 1 1 1 3
0.0071214907506931 1 1 0 1 1 2 2
-0.0055777399591305 1 1 0 1 1 3 0
-0.0131480477321177 1 1 0 1 1 3 1
0.02191267462821 1 1 0 1 1 3 3
-0.0248494691146788 1 1 0 1 2 0 2
0.0071214907506931 1 1 0 1 2 1 2
0.0092360015323693 1 1 0 1 2 2 0
0.0098732652196143 1 1 0 1 2 2 1
0.0066103544757047 1 1 0 1 2 2 3
-0.0239199185192297 1 1 0 1 2 3 2
-0.007344197477792 1 1 0 1 3 0 0
0.0062755252113787 1 1 0 1 3 0 1
0.0162459287574739 1 1 0 1 3 0 3
-0.0005994847660576 1 1 0 1 3 1 0
-0.0122393527695785 1 1 0 1 3 1 1
0.0005994847660576 1 1 0 1 3 1 3
-0.0051924531831565 1 1 0 1 3 2 2
-0.0182676250365598 1 1 0 1 3 3 0
0.0062755252113787 1 1 0 1 3 3 1
0.0271693563162418 1 1 0 1 3 3 3
0.0027355621690803 1 1 0 2 0 0 2
-0.0122393527695785 1 1 0 2 0 1 2
-0.0005994847660576 1 1 0 2 0 2 0
0.0051924531831565 1 1 0 2 0 2 1
0.0005994847660576 1 1 0 2 0 2 3
0.0027355621690803 1 1 0 2 0 3 2
0.0248494691146788 1 1 0 2 1 0 2
0.0071214907506931 1 1 0 2 1 1 2
0.0092360015323693 1 1 0 2 1 2 0
0.0098732652196143 1 1 0 2 1 2 1
0.0066103544757047 1 1 0 2 1 2 3
0.0239199185192297 1 1 0 2 1 3 2
-0.0018555639098494 1 1 0 2 2 0 0
-0.0122184971366685 1 1 0 2 2 0 1
0.0043459194483648 1 1 0 2 2 0 3
0.0066103544757047 1 1 0 2 2 1 0
0.0098732652196143 1 1 0 2 2 1 1
0.0092360015323693 1 1 0 2 2 1 3
-0.0071214907506931 1 1 0 2 2 2 2
0.0125000295244126 1 1 0 2 2 3 0
-0.0131480477321177 1 1 0 2 2 3 1
-0.0149903850629279 1 1 0 2 2 3 3
-0.0062755252113787 1 1 0 2 3 0 2
0.0122393527695785 1 1 0 2 3 1 2
0.0005994847660576 1 1 0 2 3 2 0
-0.0051924531831565 1 1 0 2 3 2 1
-0.0005994847660576 1 1 0 2 3 2 3
-0.0062755252113787 1 1 0 2 3 3 2
0.0047415120995385 1 1 0 3 0 0 0
0.0110969979390663 1 1 0 3 0 0 1
0.0028653777358757 1 1 0 3 0 0 3
-0.0157871382882335 1 1 0 3 0 1 0
-0.0052023943399876 1 1 0 3 0 1 1
0.0136039940442627 1 1 0 3 0 1 3
0.0140477573771389 1 1 0 3 0 2 2
-0.0040281025186027 1 1 0 3 0 3 0
0.0166562799090958 1 1 0 3 0 3 1
0.0116349923540169 1 1 0 3 0 3 3
-0.0025923667245562 1 1 0 3 1 0 0
0.0025923667245562 1 1 0 3 1 0 3
0.005034037293661 1 1 0 3 1 1 0
0.0217328620493043 1 1 0 3 1 1 1
-0.005034037293661 1 1 0 3 1 1 3
0.0165126305851155 1 1 0 3 1 2 2
-0.0025923667245562 1 1 0 3 1 3 0
0.0025923667245562 1 1 0 3 1 3 3
-0.0259952404785244 1 1 0 3 2 1 2
-0.005034037293661 1 1 0 3 2 2 0
0.0312154719427132 1 1 0 3 2 2 1
0.005034037293661 1 1 0 3 2 2 3
0.0040281025186027 1 1 0 3 3 0 0
0.0166562799090958 1 1 0 3 3 0 1
-0.0116349923540169 1 1 0 3 3 0 3
-0.0157871382882335 1 1 0 3 3 1 0
0.0140477573771389 1 1 0 3 3 1 1
0.0136039940442627 1 1 0 3 3 1 3
-0.0052023943399876 1 1 0 3 3 2 2
-0.0047415120995385 1 1 0 3 3 3 0
0.0110969979390663 1 1 0 3 3 3 1
-0.0028653777358757 1 1 0 3 3 3 3
-0.0159724391387831 1 1 1 0 0 0 1
0.0055426525256546 1 1 1 0 0 1 1
0.018918093131511 1 1 1 0 0 2 2
0.0082386393590734 1 1 1 0 0 3 1
-0.01137661459053 1 1 1 0 1 0 0
-0.0135913266420114 1 1 1 0 1 0 1
0.01137661459053 1 1 1 0 1 0 3
-0.0069928876301967 1 1 1 0 1 1 0
-0.0056932302943161 1 1 1 0 1 1 1
-0.0062676476488689 1 1 1 0 1 1 3
0.0155850250868878 1 1 1 0 1 2 2
-0.01137661459053 1 1 1 0 1 3 0
0.0109882879946638 1 1 1 0 1 3 1
0.01137661459053 1 1 1 0 1 3 3
-0.0109882879946638 1 1 1 0 2 0 2
0.0276902385240523 1 1 1 0 2 1 2
0.0069928876301967 1 1 1 0 2 2 0
0.0177984437314806 1 1 1 0 2 2 1
0.0062676476488689 1 1 1 0 2 2 3
0.0135913266420114 1 1 1 0 2 3 2
0.000123012637358 1 1 1 0 3 0 1
-0.0055426525256546 1 1 1 0 3 1 1
-0.018918093131511 1 1 1 0 3 2 2
0.0076107871423516 1 1 1 0 3 3 1
0.0065664948396043 1 1 1 1 0 0 0
0.0124337008720156 1 1 1 1 0 0 1
0.0298185856454369 1 1 1 1 0 0 3
0.0096238569601912 1 1 1 1 0 1 0
-0.0096238569601912 1 1 1 1 0 1 3
-0.0298185856454369 1 1 1 1 0 3 0
-0.0041805931361527 1 1 1 1 0 3 1
-0.0065664948396043 1 1 1 1 0 3 3
-0.0218279317691999 1 1 1 1 1 0 0
-0.0053360229135284 1 1 1 1 1 0 1
0.0158579846853262 1 1 1 1 1 0 3
0.0075008297033393 1 1 1 1 1 1 0
-0.0084375050598521 1 1 1 1 1 1 1
-0.0208284694717202 1 1 1 1 1 1 3
-0.0040311736714334 1 1 1 1 1 2 2
0.0158579846853262 1 1 1 1 1 3 0
-0.0053360229135284 1 1 1 1 1 3 1
-0.0218279317691999 1 1 1 1 1 3 3
-0.0053360229135284 1 1 1 1 2 0 2
0.0084375050598521 1 1 1 1 2 1 2
-0.045189064254829 1 1 1 1 2 2 0
-0.0040311736714334 1 1 1 1 2 2 1
0.0014505688868665 1 1 1 1 2 2 3
-0.0053360229135284 1 1 1 1 2 3 2
-0.0065664948396043 1 1 1 1 3 0 0
-0.0041805931361527 1 1 1 1 3 0 1
-0.0298185856454369 1 1 1 1 3 0 3
-0.0096238569601912 1 1 1 1 3 1 0
0.0096238569601912 1 1 1 1 3 1 3
0.0298185856454369 1 1 1 1 3 3 0
0.0124337008720156 1 1 1 1 3 3 1
0.0065664948396043 1 1 1 1 3 3 3
-0.0041805931361527 1 1 1 2 0 0 2
-0.0096238569601912 1 1 1 2 0 2 0
0.0096238569601912 1 1 1 2 0 2 3
0.0124337008720156 1 1 1 2 0 3 2
0.0053360229135284 1 1 1 2 1 0 2
0.0040311736714334 1 1 1 2 1 1 2
-0.0299836364550382 1 1 1 2 1 2 0
-0.0084375050598521 1 1 1 2 1 2 1
0.0166559966866573 1 1 1 2 1 2 3
0.0053360229135284 1 1 1 2 1 3 2
-0.0218279317691999 1 1 1 2 2 0 0
-0.0053360229135284 1 1 1 2 2 0 1
0.0158579846853262 1 1 1 2 2 0 3
0.0077045980964515 1 1 1 2 2 1 0
0.0040311736714334 1 1 1 2 2 1 1
0.036033897271511 1 1 1 2 2 1 3
0.0084375050598521 1 1 1 2 2 2 2
0.0158579846853262 1 1 1 2 2 3 0
-0.0053360229135284 1 1 1 2 2 3 1
-0.0218279317691999 1 1 1 2 2 3 3
0.0124337008720156 1 1 1 2 3 0 2
0.0096238569601912 1 1 1 2 3 2 0
-0.0096238569601912 1 1 1 2 3 2 3
-0.0041805931361527 1 1 1 2 3 3 2
0.0076107871423516 1 1 1 3 0 0 1
-0.0055426525256546 1 1 1 3 0 1 1
-0.018918093131511 1 1 1 3 0 2 2
0.000123012637358 1 1 1 3 0 3 1
-0.01137661459053 1 1 1 3 1 0 0
-0.0109882879946638 1 1 1 3 1 0 1
0.01137661459053 1 1 1 3 1 0 3
0.0062676476488689 1 1 1 3 1 1 0
-0.0276902385240523 1 1 1 3 1 1 1
0.0069928876301967 1 1 1 3 1 1 3
0.0177984437314806 1 1 1 3 1 2 2
-0.01137661459053 1 1 1 3 1 3 0
0.0135913266420114 1 1 1 3 1 3 1
0.01137661459053 1 1 1 3 1 3 3
-0.0135913266420114 1 1 1 3 2 0 2
0.0056932302943161 1 1 1 3 2 1 2
-0.0062676476488689 1 1 1 3 2 2 0
0.0155850250868878 1 1 1 3 2 2 1
-0.0069928876301967 1 1 1 3 2 2 3
0.0109882879946638 1 1 1 3 2 3 2
0.0082386393590734 1 1 1 3 3 0 1
0.0055426525256546 1 1 1 3 3 1 1
0.018918093131511 1 1 1 3 3 2 2
-0.0159724391387831 1 1 1 3 3 3 1
-0.0159724391387831 1 1 2 0 0 0 2
0.0055426525256546 1 1 2 0 0 1 2
-0.018918093131511 1 1 2 0 0 2 1
0.0082386393590734 1 1 2 0 0 3 2
0.0109882879946638 1 1 2 0 1 0 2
0.0155850250868878 1 1 2 0 1 1 2
0.0062676476488689 1 1 2 0 1 2 0
0.0056932302943161 1 1 2 0 1 2 1
0.0069928876301967 1 1 2 0 1 2 3
-0.0135913266420114 1 1 2 0 1 3 2
0.01137661459053 1 1 2 0 2 0 0
-0.0135913266420114 1 1 2 0 2 0 1
-0.01137661459053 1 1 2 0 2 0 3
0.0062676476488689 1 1 2 0 2 1 0
0.0177984437314806 1 1 2 0 2 1 1
0.0069928876301967 1 1 2 0 2 1 3
-0.0276902385240523 1 1 2 0 2 2 2
0.01137661459053 1 1 2 0 2 3 0
0.0109882879946638 1 1 2 0 2 3 1
-0.01137661459053 1 1 2 0 2 3 3
0.000123012637358 1 1 2 0 3 0 2
-0.0055426525256546 1 1 2 0 3 1 2
0.018918093131511 1 1 2 0 3 2 1
0.0076107871423516 1 1 2 0 3 3 2
-0.0041805931361527 1 1 2 1 0 0 2
-0.0096238569601912 1 1 2 1 0 2 0
0.0096238569601912 1 1 2 1 0 2 3
0.0124337008720156 1 1 2 1 0 3 2
0.0053360229135284 1 1 2 1 1 0 2
-0.0084375050598521 1 1 2 1 1 1 2
-0.0077045980964515 1 1 2 1 1 2 0
0.0040311736714334 1 1 2 1 1 2 1
-0.036033897271511 1 1 2 1 1 2 3
0.0053360229135284 1 1 2 1 1 3 2
0.0218279317691999 1 1 2 1 2 0 0
-0.0053360229135284 1 1 2 1 2 0 1
-0.0158579846853262 1 1 2 1 2 0 3
0.0299836364550382 1 1 2 1 2 1 0
-0.0084375050598521 1 1 2 1 2 1 1
-0.0166559966866573 1 1 2 1 2 1 3
-0.0040311736714334 1 1 2 1 2 2 2
-0.0158579846853262 1 1 2 1 2 3 0
-0.0053360229135284 1 1 2 1 2 3 1
0.0218279317691999 1 1 2 1 2 3 3
0.0124337008720156 1 1 2 1 3 0 2
0.0096238569601912 1 1 2 1 3 2 0
-0.0096238569601912 1 1 2 1 3 2 3
-0.0041805931361527 1 1 2 1 3 3 2
-0.0298185856454369 1 1 2 2 0 0 0
-0.0124337008720156 1 1 2 2 0 0 1
-0.0065664948396043 1 1 2 2 0 0 3
-0.0096238569601912 1 1 2 2 0 1 0
0.0096238569601912 1 1 2 2 0 1 3
0.0065664948396043 1 1 2 2 0 3 0
0.0041805931361527 1 1 2 2 0 3 1
0.0298185856454369 1 1 2 2 0 3 3
-0.0218279317691999 1 1 2 2 1 0 0
0.0053360229135284 1 1 2 2 1 0 1
0.0158579846853262 1 1 2 2 1 0 3
0.045189064254829 1 1 2 2 1 1 0
-0.0040311736714334 1 1 2 2 1 1 1
-0.0014505688868665 1 1 2 2 1 1 3
-0.0084375050598521 1 1 2 2 1 2 2
0.0158579846853262 1 1 2 2 1 3 0
0.0053360229135284 1 1 2 2 1 3 1
-0.0218279317691999 1 1 2 2 1 3 3
0.0053360229135284 1 1 2 2 2 0 2
0.0040311736714334 1 1 2 2 2 1 2
-0.0075008297033393 1 1 2 2 2 2 0
-0.0084375050598521 1 1 2 2 2 2 1
0.0208284694717202 1 1 2 2 2 2 3
0.0053360229135284 1 1 2 2 2 3 2
0.0298185856454369 1 1 2 2 3 0 0
0.0041805931361527 1 1 2 2 3 0 1
0.0065664948396043 1 1 2 2 3 0 3
0.0096238569601912 1 1 2 2 3 1 0
-0.0096238569601912 1 1 2 2 3 1 3
-0.0065664948396043 1 1 2 2 3 3 0
-0.0124337008720156 1 1 2 2 3 3 1
-0.0298185856454369 1 1 2 2 3 3 3
0.0076107871423516 1 1 2 3 0 0 2
-0.0055426525256546 1 1 2 3 0 1 2
0.018918093131511 1 1 2 3 0 2 1
0.000123012637358 1 1 2 3 0 3 2
0.0135913266420114 1 1 2 3 1 0 2
0.0177984437314806 1 1 2 3 1 1 2
-0.0069928876301967 1 1 2 3 1 2 0
0.0276902385240523 1 1 2 3 1 2 1
-0.0062676476488689 1 1 2 3 1 2 3
-0.0109882879946638 1 1 2 3 1 3 2
0.01137661459053 1 1 2 3 2 0 0
-0.0109882879946638 1 1 2 3 2 0 1
-0.01137661459053 1 1 2 3 2 0 3
-0.0069928876301967 1 1 2 3 2 1 0
0.0155850250868878 1 1 2 3 2 1 1
-0.0062676476488689 1 1 2 3 2 1 3
-0.0056932302943161 1 1 2 3 2 2 2
0.01137661459053 1 1 2 3 2 3 0
0.0135913266420114 1 1 2 3 2 3 1
-0.01137661459053 1 1 2 3 2 3 3
0.0082386393590734 1 1 2 3 3 0 2
0.0055426525256546 1 1 2 3 3 1 2
-0.018918093131511 1 1 2 3 3 2 1
-0.0159724391387831 1 1 2 3 3 3 2
-0.0040281025186027 1 1 3 0 0 0 0
0.0126186913407381 1 1 3 0 0 0 1
0.0116349923540169 1 1 3 0 0 0 3
-0.0137314827575376 1 1 3 0 0 1 0
-0.0052023943399876 1 1 3 0 0 1 1
0.0115483385135668 1 1 3 0 0 1 3
0.0140477573771389 1 1 3 0 0 2 2
0.0047415120995385 1 1 3 0 0 3 0
0.0070594093707087 1 1 3 0 0 3 1
0.0028653777358757 1 1 3 0 0 3 3
-0.0025923667245562 1 1 3 0 1 0 0
0.0025923667245562 1 1 3 0 1 0 3
-0.005034037293661 1 1 3 0 1 1 0
-0.0332317507610644 1 1 3 0 1 1 1
0.005034037293661 1 1 3 0 1 1 3
-0.0363362667185466 1 1 3 0 1 2 2
-0.0025923667245562 1 1 3 0 1 3 0
0.0025923667245562 1 1 3 0 1 3 3
0.0144963517667643 1 1 3 0 2 1 2
0.005034037293661 1 1 3 0 2 2 0
-0.0113918358092821 1 1 3 0 2 2 1
-0.005034037293661 1 1 3 0 2 2 3
-0.0047415120995385 1 1 3 0 3 0 0
0.0070594093707087 1 1 3 0 3 0 1
-0.0028653777358757 1 1 3 0 3 0 3
-0.0137314827575376 1 1 3 0 3 1 0
0.0140477573771389 1 1 3 0 3 1 1
0.0115483385135668 1 1 3 0 3 1 3
-0.0052023943399876 1 1 3 0 3 2 2
0.0040281025186027 1 1 3 0 3 3 0
0.0126186913407381 1 1 3 0 3 3 1
-0.0116349923540169 1 1 3 0 3 3 3
0.0015301125348182 1 1 3 1 0 0 0
0.0027355621690803 1 1 3 1 0 0 1
-0.0104318438145001 1 1 3 1 0 0 3
-0.0005994847660576 1 1 3 1 0 1 0
0.0051924531831565 1 1 3 1 0 1 1
0.0005994847660576 1 1 3 1 0 1 3
0.0122393527695785 1 1 3 1 0 2 2
0.0124535400935861 1 1 3 1 0 3 0
0.0027355621690803 1 1 3 1 0 3 1
-0.021355271373268 1 1 3 1 0 3 3
-0.0149903850629279 1 1 3 1 1 0 0
0.0122184971366685 1 1 3 1 1 0 1
0.0125000295244126 1 1 3 1 1 0 3
0.0092360015323693 1 1 3 1 1 1 0
0.0098732652196143 1 1 3 1 1 1 1
0.0066103544757047 1 1 3 1 1 1 3
-0.0071214907506931 1 1 3 1 1 2 2
0.0043459194483648 1 1 3 1 1 3 0
0.0131480477321177 1 1 3 1 1 3 1
-0.0018555639098494 1 1 3 1 1 3 3
0.0248494691146788 1 1 3 1 2 0 2
-0.0071214907506931 1 1 3 1 2 1 2
-0.0066103544757047 1 1 3 1 2 2 0
-0.0098732652196143 1 1 3 1 2 2 1
-0.0092360015323693 1 1 3 1 2 2 3
0.0239199185192297 1 1 3 1 2 3 2
-0.0104318438145001 1 1 3 1 3 0 0
-0.0062755252113787 1 1 3 1 3 0 1
0.0015301125348182 1 1 3 1 3 0 3
0.0005994847660576 1 1 3 1 3 1 0
-0.0051924531831565 1 1 3 1 3 1 1
-0.0005994847660576 1 1 3 1 3 1 3
-0.0122393527695785 1 1 3 1 3 2 2
-0.021355271373268 1 1 3 1 3 3 0
-0.0062755252113787 1 1 3 1 3 3 1
0.0124535400935861 1 1 3 1 3 3 3
-0.0027355621690803 1 1 3 2 0 0 2
-0.0051924531831565 1 1 3 2 0 1 2
0.0005994847660576 1 1 3 2 0 2 0
0.0122393527695785 1 1 3 2 0 2 1
-0.0005994847660576 1 1 3 2 0 2 3
-0.0027355621690803 1 1 3 2 0 3 2
-0.0248494691146788 1 1 3 2 1 0 2
-0.0071214907506931 1 1 3 2 1 1 2
-0.0066103544757047 1 1 3 2 1 2 0
-0.0098732652196143 1 1 3 2 1 2 1
-0.0092360015323693 1 1 3 2 1 2 3
-0.0239199185192297 1 1 3 2 1 3 2
0.02191267462821 1 1 3 2 2 0 0
0.0122184971366685 1 1 3 2 2 0 1
-0.0055777399591305 1 1 3 2 2 0 3
-0.0092360015323693 1 1 3 2 2 1 0
-0.0098732652196143 1 1 3 2 2 1 1
-0.0066103544757047 1 1 3 2 2 1 3
0.0071214907506931 1 1 3 2 2 2 2
-0.0112682090136468 1 1 3 2 2 3 0
0.0131480477321177 1 1 3 2 2 3 1
-0.0050667256554326 1 1 3 2 2 3 3
0.0062755252113787 1 1 3 2 3 0 2
0.0051924531831565 1 1 3 2 3 1 2
-0.0005994847660576 1 1 3 2 3 2 0
-0.0122393527695785 1 1 3 2 3 2 1
0.0005994847660576 1 1 3 2 3 2 3
0.0062755252113787 1 1 3 2 3 3 2
-0.0047415120995385 1 1 3 3 0 0 0
-0.0126186913407381 1 1 3 3 0 0 1
-0.0028653777358757 1 1 3 3 0 0 3
-0.0017238907050065 1 1 3 3 0 1 0
0.0140477573771389 1 1 3 3 0 1 1
-0.0004592535389643 1 1 3 3 0 1 3
-0.0052023943399876 1 1 3 3 0 2 2
0.0040281025186027 1 1 3 3 0 3 0
-0.0070594093707087 1 1 3 3 0 3 1
-0.0116349923540169 1 1 3 3 0 3 3
-0.0025923667245562 1 1 3 3 1 0 0
0.0025923667245562 1 1 3 3 1 0 3
0.005034037293661 1 1 3 3 1 1 0
-0.0163680164201669 1 1 3 3 1 1 1
-0.005034037293661 1 1 3 3 1 1 3
-0.0215882478843557 1 1 3 3 1 2 2
-0.0025923667245562 1 1 3 3 1 3 0
0.0025923667245562 1 1 3 3 1 3 3
0.0313600861076618 1 1 3 3 2 1 2
-0.005034037293661 1 1 3 3 2 2 0
-0.026139854643473 1 1 3 3 2 2 1
0.005034037293661 1 1 3 3 2 2 3
-0.0040281025186027 1 1 3 3 3 0 0
-0.0070594093707087 1 1 3 3 3 0 1
0.0116349923540169 1 1 3 3 3 0 3
-0.0017238907050065 1 1 3 3 3 1 0
-0.0052023943399876 1 1 3 3 3 1 1
-0.0004592535389643 1 1 3 3 3 1 3
0.0140477573771389 1 1 3 3 3 2 2
0.0047415120995385 1 1 3 3 3 3 0
-0.0126186913407381 1 1 3 3 3 3 1
0.0028653777358757 1 1 3 3 3 3 3
0.0126186913407381 1 2 0 0 0 0 2
-0.0052023943399876 1 2 0 0 0 1 2
0.0003317648256895 1 2 0 0 0 2 0
-0.0140477573771389 1 2 0 0 0 2 1
-0.0025149090696602 1 2 0 0 0 2 3
0.0070594093707087 1 2 0 0 0 3 2
-0.0321738930077111 1 2 0 0 1 1 2
-0.005034037293661 1 2 0 0 1 2 0
0.0373941244718999 1 2 0 0 1 2 1
0.005034037293661 1 2 0 0 1 2 3
-0.0025923667245562 1 2 0 0 2 0 0
0.0025923667245562 1 2 0 0 2 0 3
-0.005034037293661 1 2 0 0 2 1 0
-0.0155542095201176 1 2 0 0 2 1 1
0.005034037293661 1 2 0 0 2 1 3
-0.0103339780559288 1 2 0 0 2 2 2
-0.0025923667245562 1 2 0 0 2 3 0
0.0025923667245562 1 2 0 0 2 3 3
0.0070594093707087 1 2 0 0 3 0 2
0.0140477573771389 1 2 0 0 3 1 2
0.0003317648256895 1 2 0 0 3 2 0
0.0052023943399876 1 2 0 0 3 2 1
-0.0025149090696602 1 2 0 0 3 2 3
0.0126186913407381 1 2 0 0 3 3 2
-0.0027355621690803 1 2 0 1 0 0 2
-0.0122393527695785 1 2 0 1 0 1 2
-0.0005994847660576 1 2 0 1 0 2 0
0.0051924531831565 1 2 0 1 0 2 1
0.0005994847660576 1 2 0 1 0 2 3
-0.0027355621690803 1 2 0 1 0 3 2
-0.0239199185192297 1 2 0 1 1 0 2
-0.0071214907506931 1 2 0 1 1 1 2
-0.0092360015323693 1 2 0 1 1 2 0
-0.0098732652196143 1 2 0 1 1 2 1
-0.0066103544757047 1 2 0 1 1 2 3
-0.0248494691146788 1 2 0 1 1 3 2
0.0043459194483648 1 2 0 1 2 0 0
0.0131480477321177 1 2 0 1 2 0 1
-0.0018555639098494 1 2 0 1 2 0 3
-0.0066103544757047 1 2 0 1 2 1 0
-0.0098732652196143 1 2 0 1 2 1 1
-0.0092360015323693 1 2 0 1 2 1 3
0.0071214907506931 1 2 0 1 2 2 2
-0.0149903850629279 1 2 0 1 2 3 0
0.0122184971366685 1 2 0 1 2 3 1
0.0125000295244126 1 2 0 1 2 3 3
0.0062755252113787 1 2 0 1 3 0 2
0.0122393527695785 1 2 0 1 3 1 2
0.0005994847660576 1 2 0 1 3 2 0
-0.0051924531831565 1 2 0 1 3 2 1
-0.0005994847660576 1 2 0 1 3 2 3
0.0062755252113787 1 2 0 1 3 3 2
-0.0271693563162418 1 2 0 2 0 0 0
-0.0027355621690803 1 2 0 2 0 0 1
0.0182676250365598 1 2 0 2 0 0 3
-0.0005994847660576 1 2 0 2 0 1 0
-0.0122393527695785 1 2 0 2 0 1 1
0.0005994847660576 1 2 0 2 0 1 3
-0.0051924531831565 1 2 0 2 0 2 2
-0.0162459287574739 1 2 0 2 0 3 0
-0.0027355621690803 1 2 0 2 0 3 1
0.007344197477792 1 2 0 2 0 3 3
0.0112682090136468 1 2 0 2 1 0 0
-0.0131480477321177 1 2 0 2 1 0 1
0.0050667256554326 1 2 0 2 1 0 3
-0.0066103544757047 1 2 0 2 1 1 0
-0.0098732652196143 1 2 0 2 1 1 1
-0.0092360015323693 1 2 0 2 1 1 3
0.0071214907506931 1 2 0 2 1 2 2
-0.02191267462821 1 2 0 2 1 3 0
-0.0122184971366685 1 2 0 2 1 3 1
0.0055777399591305 1 2 0 2 1 3 3
-0.0239199185192297 1 2 0 2 2 0 2
0.0071214907506931 1 2 0 2 2 1 2
0.0092360015323693 1 2 0 2 2 2 0
0.0098732652196143 1 2 0 2 2 2 1
0.0066103544757047 1 2 0 2 2 2 3
-0.0248494691146788 1 2 0 2 2 3 2
0.0182676250365598 1 2 0 2 3 0 0
0.0062755252113787 1 2 0 2 3 0 1
-0.0271693563162418 1 2 0 2 3 0 3
0.0005994847660576 1 2 0 2 3 1 0
0.0122393527695785 1 2 0 2 3 1 1
-0.0005994847660576 1 2 0 2 3 1 3
0.0051924531831565 1 2 0 2 3 2 2
0.007344197477792 1 2 0 2 3 3 0
0.0062755252113787 1 2 0 2 3 3 1
-0.0162459287574739 1 2 0 2 3 3 3
-0.0126186913407381 1 2 0 3 0 0 2
0.0140477573771389 1 2 0 3 0 1 2
-0.0157871382882335 1 2 0 3 0 2 0
0.0052023943399876 1 2 0 3 0 2 1
0.0136039940442627 1 2 0 3 0 2 3
-0.0070594093707087 1 2 0 3 0 3 2
-0.0174258741735202 1 2 0 3 1 1 2
0.005034037293661 1 2 0 3 1 2 0
0.0205303901310024 1 2 0 3 1 2 1
-0.005034037293661 1 2 0 3 1 2 3
-0.0025923667245562 1 2 0 3 2 0 0
0.0025923667245562 1 2 0 3 2 0 3
0.005034037293661 1 2 0 3 2 1 0
-0.0303022283543085 1 2 0 3 2 1 1
-0.005034037293661 1 2 0 3 2 1 3
-0.0271977123968263 1 2 0 3 2 2 2
-0.0025923667245562 1 2 0 3 2 3 0
0.0025923667245562 1 2 0 3 2 3 3
-0.0070594093707087 1 2 0 3 3 0 2
-0.0052023943399876 1 2 0 3 3 1 2
-0.0157871382882335 1 2 0 3 3 2 0
-0.0140477573771389 1 2 0 3 3 2 1
0.0136039940442627 1 2 0 3 3 2 3
-0.0126186913407381 1 2 0 3 3 3 2
-0.0082386393590734 1 2 1 0 0 0 2
0.018918093131511 1 2 1 0 0 1 2
-0.0055426525256546 1 2 1 0 0 2 1
0.0159724391387831 1 2 1 0 0 3 2
0.0135913266420114 1 2 1 0 1 0 2
0.0177984437314806 1 2 1 0 1 1 2
0.0069928876301967 1 2 1 0 1 2 0
0.0276902385240523 1 2 1 0 1 2 1
0.0062676476488689 1 2 1 0 1 2 3
-0.0109882879946638 1 2 1 0 1 3 2
-0.01137661459053 1 2 1 0 2 0 0
-0.0109882879946638 1 2 1 0 2 0 1
0.01137661459053 1 2 1 0 2 0 3
0.0069928876301967 1 2 1 0 2 1 0
0.0155850250868878 1 2 1 0 2 1 1
0.0062676476488689 1 2 1 0 2 1 3
-0.0056932302943161 1 2 1 0 2 2 2
-0.01137661459053 1 2 1 0 2 3 0
0.0135913266420114 1 2 1 0 2 3 1
0.01137661459053 1 2 1 0 2 3 3
-0.0076107871423516 1 2 1 0 3 0 2
-0.018918093131511 1 2 1 0 3 1 2
0.0055426525256546 1 2 1 0 3 2 1
-0.000123012637358 1 2 1 0 3 3 2
0.0041805931361527 1 2 1 1 0 0 2
-0.0096238569601912 1 2 1 1 0 2 0
0.0096238569601912 1 2 1 1 0 2 3
-0.0124337008720156 1 2 1 1 0 3 2
-0.0053360229135284 1 2 1 1 1 0 2
0.0084375050598521 1 2 1 1 1 1 2
-0.0014505688868665 1 2 1 1 1 2 0
-0.0040311736714334 1 2 1 1 1 2 1
0.045189064254829 1 2 1 1 1 2 3
-0.0053360229135284 1 2 1 1 1 3 2
-0.0218279317691999 1 2 1 1 2 0 0
0.0053360229135284 1 2 1 1 2 0 1
0.0158579846853262 1 2 1 1 2 0 3
-0.0208284694717202 1 2 1 1 2 1 0
0.0084375050598521 1 2 1 1 2 1 1
0.0075008297033393 1 2 1 1 2 1 3
0.0040311736714334 1 2 1 1 2 2 2
0.0158579846853262 1 2 1 1 2 3 0
0.0053360229135284 1 2 1 1 2 3 1
-0.0218279317691999 1 2 1 1 2 3 3
-0.0124337008720156 1 2 1 1 3 0 2
0.0096238569601912 1 2 1 1 3 2 0
-0.0096238569601912 1 2 1 1 3 2 3
0.0041805931361527 1 2 1 1 3 3 2
-0.0298185856454369 1 2 1 2 0 0 0
0.0124337008720156 1 2 1 2 0 0 1
-0.0065664948396043 1 2 1 2 0 0 3
-0.0096238569601912 1 2 1 2 0 1 0
0.0096238569601912 1 2 1 2 0 1 3
0.0065664948396043 1 2 1 2 0 3 0
-0.0041805931361527 1 2 1 2 0 3 1
0.0298185856454369 1 2 1 2 0 3 3
0.0218279317691999 1 2 1 2 1 0 0
-0.0053360229135284 1 2 1 2 1 0 1
-0.0158579846853262 1 2 1 2 1 0 3
-0.036033897271511 1 2 1 2 1 1 0
0.0040311736714334 1 2 1 2 1 1 1
-0.0077045980964515 1 2 1 2 1 1 3
0.0084375050598521 1 2 1 2 1 2 2
-0.0158579846853262 1 2 1 2 1 3 0
-0.0053360229135284 1 2 1 2 1 3 1
0.0218279317691999 1 2 1 2 1 3 3
-0.0053360229135284 1 2 1 2 2 0 2
-0.0040311736714334 1 2 1 2 2 1 2
0.0166559966866573 1 2 1 2 2 2 0
0.0084375050598521 1 2 1 2 2 2 1
-0.0299836364550382 1 2 1 2 2 2 3
-0.0053360229135284 1 2 1 2 2 3 2
0.0298185856454369 1 2 1 2 3 0 0
-0.0041805931361527 1 2 1 2 3 0 1
0.0065664948396043 1 2 1 2 3 0 3
0.0096238569601912 1 2 1 2 3 1 0
-0.0096238569601912 1 2 1 2 3 1 3
-0.0065664948396043 1 2 1 2 3 3 0
0.0124337008720156 1 2 1 2 3 3 1
-0.0298185856454369 1 2 1 2 3 3 3
-0.000123012637358 1 2 1 3 0 0 2
-0.018918093131511 1 2 1 3 0 1 2
0.0055426525256546 1 2 1 3 0 2 1
-0.0076107871423516 1 2 1 3 0 3 2
0.0109882879946638 1 2 1 3 1 0 2
0.0155850250868878 1 2 1 3 1 1 2
-0.0062676476488689 1 2 1 3 1 2 0
0.0056932302943161 1 2 1 3 1 2 1
-0.0069928876301967 1 2 1 3 1 2 3
-0.0135913266420114 1 2 1 3 1 3 2
-0.01137661459053 1 2 1 3 2 0 0
-0.0135913266420114 1 2 1 3 2 0 1
0.01137661459053 1 2 1 3 2 0 3
-0.0062676476488689 1 2 1 3 2 1 0
0.0177984437314806 1 2 1 3 2 1 1
-0.0069928876301967 1 2 1 3 2 1 3
-0.0276902385240523 1 2 1 3 2 2 2
-0.01137661459053 1 2 1 3 2 3 0
0.0109882879946638 1 2 1 3 2 3 1
0.01137661459053 1 2 1 3 2 3 3
0.0159724391387831 1 2 1 3 3 0 2
0.018918093131511 1 2 1 3 3 1 2
-0.0055426525256546 1 2 1 3 3 2 1
-0.0082386393590734 1 2 1 3 3 3 2
0.0082386393590734 1 2 2 0 0 0 1
-0.018918093131511 1 2 2 0 0 1 1
-0.0055426525256546 1 2 2 0 0 2 2
-0.0159724391387831 1 2 2 0 0 3 1
-0.01137661459053 1 2 2 0 1 0 0
0.0109882879946638 1 2 2 0 1 0 1
0.01137661459053 1 2 2 0 1 0 3
0.0062676476488689 1 2 2 0 1 1 0
0.0276902385240523 1 2 2 0 1 1 1
0.0069928876301967 1 2 2 0 1 1 3
-0.0177984437314806 1 2 2 0 1 2 2
-0.01137661459053 1 2 2 0 1 3 0
-0.0135913266420114 1 2 2 0 1 3 1
0.01137661459053 1 2 2 0 1 3 3
0.0135913266420114 1 2 2 0 2 0 2
-0.0056932302943161 1 2 2 0 2 1 2
-0.0062676476488689 1 2 2 0 2 2 0
-0.0155850250868878 1 2 2 0 2 2 1
-0.0069928876301967 1 2 2 0 2 2 3
-0.0109882879946638 1 2 2 0 2 3 2
0.0076107871423516 1 2 2 0 3 0 1
0.018918093131511 1 2 2 0 3 1 1
0.0055426525256546 1 2 2 0 3 2 2
0.000123012637358 1 2 2 0 3 3 1
-0.0065664948396043 1 2 2 1 0 0 0
0.0124337008720156 1 2 2 1 0 0 1
-0.0298185856454369 1 2 2 1 0 0 3
-0.0096238569601912 1 2 2 1 0 1 0
0.0096238569601912 1 2 2 1 0 1 3
0.0298185856454369 1 2 2 1 0 3 0
-0.0041805931361527 1 2 2 1 0 3 1
0.0065664948396043 1 2 2 1 0 3 3
-0.0218279317691999 1 2 2 1 1 0 0
-0.0053360229135284 1 2 2 1 1 0 1
0.0158579846853262 1 2 2 1 1 0 3
0.0166559966866573 1 2 2 1 1 1 0
-0.0084375050598521 1 2 2 1 1 1 1
-0.0299836364550382 1 2 2 1 1 1 3
-0.0040311736714334 1 2 2 1 1 2 2
0.0158579846853262 1 2 2 1 1 3 0
-0.0053360229135284 1 2 2 1 1 3 1
-0.0218279317691999 1 2 2 1 1 3 3
-0.0053360229135284 1 2 2 1 2 0 2
0.0084375050598521 1 2 2 1 2 1 2
-0.036033897271511 1 2 2 1 2 2 0
-0.0040311736714334 1 2 2 1 2 2 1
-0.0077045980964515 1 2 2 1 2 2 3
-0.0053360229135284 1 2 2 1 2 3 2
0.0065664948396043 1 2 2 1 3 0 0
-0.0041805931361527 1 2 2 1 3 0 1
0.0298185856454369 1 2 2 1 3 0 3
0.0096238569601912 1 2 2 1 3 1 0
-0.0096238569601912 1 2 2 1 3 1 3
-0.0298185856454369 1 2 2 1 3 3 0
0.0124337008720156 1 2 2 1 3 3 1
-0.0065664948396043 1 2 2 1 3 3 3
-0.0041805931361527 1 2 2 2 0 0 2
0.0096238569601912 1 2 2 2 0 2 0
-0.0096238569601912 1 2 2 2 0 2 3
0.0124337008720156 1 2 2 2 0 3 2
0.0053360229135284 1 2 2 2 1 0 2
0.0040311736714334 1 2 2 2 1 1 2
-0.0208284694717202 1 2 2 2 1 2 0
-0.0084375050598521 1 2 2 2 1 2 1
0.0075008297033393 1 2 2 2 1 2 3
0.0053360229135284 1 2 2 2 1 3 2
-0.0218279317691999 1 2 2 2 2 0 0
-0.0053360229135284 1 2 2 2 2 0 1
0.0158579846853262 1 2 2 2 2 0 3
-0.0014505688868665 1 2 2 2 2 1 0
0.0040311736714334 1 2 2 2 2 1 1
0.045189064254829 1 2 2 2 2 1 3
0.0084375050598521 1 2 2 2 2 2 2
0.0158579846853262 1 2 2 2 2 3 0
-0.0053360229135284 1 2 2 2 2 3 1
-0.0218279317691999 1 2 2 2 2 3 3
0.0124337008720156 1 2 2 2 3 0 2
-0.0096238569601912 1 2 2 2 3 2 0
0.0096238569601912 1 2 2 2 3 2 3
-0.0041805931361527 1 2 2 2 3 3 2
0.000123012637358 1 2 2 3 0 0 1
0.018918093131511 1 2 2 3 0 1 1
0.0055426525256546 1 2 2 3 0 2 2
0.0076107871423516 1 2 2 3 0 3 1
-0.01137661459053 1 2 2 3 1 0 0
0.0135913266420114 1 2 2 3 1 0 1
0.01137661459053 1 2 2 3 1 0 3
-0.0069928876301967 1 2 2 3 1 1 0
0.0056932302943161 1 2 2 3 1 1 1
-0.0062676476488689 1 2 2 3 1 1 3
-0.0155850250868878 1 2 2 3 1 2 2
-0.01137661459053 1 2 2 3 1 3 0
-0.0109882879946638 1 2 2 3 1 3 1
0.01137661459053 1 2 2 3 1 3 3
0.0109882879946638 1 2 2 3 2 0 2
-0.0276902385240523 1 2 2 3 2 1 2
0.0069928876301967 1 2 2 3 2 2 0
-0.0177984437314806 1 2 2 3 2 2 1
0.0062676476488689 1 2 2 3 2 2 3
-0.0135913266420114 1 2 2 3 2 3 2
-0.0159724391387831 1 2 2 3 3 0 1
-0.018918093131511 1 2 2 3 3 1 1
-0.0055426525256546 1 2 2 3 3 2 2
0.0082386393590734 1 2 2 3 3 3 1
-0.0110969979390663 1 2 3 0 0 0 2
0.0140477573771389 1 2 3 0 0 1 2
-0.0137314827575376 1 2 3 0 0 2 0
0.0052023943399876 1 2 3 0 0 2 1
0.0115483385135668 1 2 3 0 0 2 3
-0.0166562799090958 1 2 3 0 0 3 2
0.0375387386368485 1 2 3 0 1 1 2
-0.005034037293661 1 2 3 0 1 2 0
-0.0323185071726597 1 2 3 0 1 2 1
0.005034037293661 1 2 3 0 1 2 3
-0.0025923667245562 1 2 3 0 2 0 0
0.0025923667245562 1 2 3 0 2 0 3
-0.005034037293661 1 2 3 0 2 1 0
0.0101893638909802 1 2 3 0 2 1 1
0.005034037293661 1 2 3 0 2 1 3
0.015409595355169 1 2 3 0 2 2 2
-0.0025923667245562 1 2 3 0 2 3 0
0.0025923667245562 1 2 3 0 2 3 3
-0.0166562799090958 1 2 3 0 3 0 2
-0.0052023943399876 1 2 3 0 3 1 2
-0.0137314827575376 1 2 3 0 3 2 0
-0.0140477573771389 1 2 3 0 3 2 1
0.0115483385135668 1 2 3 0 3 2 3
-0.0110969979390663 1 2 3 0 3 3 2
0.0027355621690803 1 2 3 1 0 0 2
-0.0051924531831565 1 2 3 1 0 1 2
0.0005994847660576 1 2 3 1 0 2 0
0.0122393527695785 1 2 3 1 0 2 1
-0.0005994847660576 1 2 3 1 0 2 3
0.0027355621690803 1 2 3 1 0 3 2
0.0239199185192297 1 2 3 1 1 0 2
0.0071214907506931 1 2 3 1 1 1 2
0.0066103544757047 1 2 3 1 1 2 0
0.0098732652196143 1 2 3 1 1 2 1
0.0092360015323693 1 2 3 1 1 2 3
0.0248494691146788 1 2 3 1 1 3 2
-0.0055777399591305 1 2 3 1 2 0 0
-0.0131480477321177 1 2 3 1 2 0 1
0.02191267462821 1 2 3 1 2 0 3
0.0092360015323693 1 2 3 1 2 1 0
0.0098732652196143 1 2 3 1 2 1 1
0.0066103544757047 1 2 3 1 2 1 3
-0.0071214907506931 1 2 3 1 2 2 2
-0.0050667256554326 1 2 3 1 2 3 0
-0.0122184971366685 1 2 3 1 2 3 1
-0.0112682090136468 1 2 3 1 2 3 3
-0.0062755252113787 1 2 3 1 3 0 2
0.0051924531831565 1 2 3 1 3 1 2
-0.0005994847660576 1 2 3 1 3 2 0
-0.0122393527695785 1 2 3 1 3 2 1
0.0005994847660576 1 2 3 1 3 2 3
-0.0062755252113787 1 2 3 1 3 3 2
-0.0124535400935861 1 2 3 2 0 0 0
0.0027355621690803 1 2 3 2 0 0 1
0.021355271373268 1 2 3 2 0 0 3
0.0005994847660576 1 2 3 2 0 1 0
-0.0051924531831565 1 2 3 2 0 1 1
-0.0005994847660576 1 2 3 2 0 1 3
-0.0122393527695785 1 2 3 2 0 2 2
-0.0015301125348182 1 2 3 2 0 3 0
0.0027355621690803 1 2 3 2 0 3 1
0.0104318438145001 1 2 3 2 0 3 3
-0.0125000295244126 1 2 3 2 1 0 0
0.0131480477321177 1 2 3 2 1 0 1
0.0149903850629279 1 2 3 2 1 0 3
0.0092360015323693 1 2 3 2 1 1 0
0.0098732652196143 1 2 3 2 1 1 1
0.0066103544757047 1 2 3 2 1 1 3
-0.0071214907506931 1 2 3 2 1 2 2
0.0018555639098494 1 2 3 2 1 3 0
0.0122184971366685 1 2 3 2 1 3 1
-0.0043459194483648 1 2 3 2 1 3 3
0.0239199185192297 1 2 3 2 2 0 2
-0.0071214907506931 1 2 3 2 2 1 2
-0.0066103544757047 1 2 3 2 2 2 0
-0.0098732652196143 1 2 3 2 2 2 1
-0.0092360015323693 1 2 3 2 2 2 3
0.0248494691146788 1 2 3 2 2 3 2
0.021355271373268 1 2 3 2 3 0 0
-0.0062755252113787 1 2 3 2 3 0 1
-0.0124535400935861 1 2 3 2 3 0 3
-0.0005994847660576 1 2 3 2 3 1 0
0.0051924531831565 1 2 3 2 3 1 1
0.0005994847660576 1 2 3 2 3 1 3
0.0122393527695785 1 2 3 2 3 2 2
0.0104318438145001 1 2 3 2 3 3 0
-0.0062755252113787 1 2 3 2 3 3 1
-0.0015301125348182 1 2 3 2 3 3 3
0.0110969979390663 1 2 3 3 0 0 2
-0.0052023943399876 1 2 3 3 0 1 2
-0.0017238907050065 1 2 3 3 0 2 0
-0.0140477573771389 1 2 3 3 0 2 1
-0.0004592535389643 1 2 3 3 0 2 3
0.0166562799090958 1 2 3 3 0 3 2
0.020675004295951 1 2 3 3 1 1 2
0.005034037293661 1 2 3 3 1 2 0
-0.0175704883384688 1 2 3 3 1 2 1
-0.005034037293661 1 2 3 3 1 2 3
-0.0025923667245562 1 2 3 3 2 0 0
0.0025923667245562 1 2 3 3 2 0 3
0.005034037293661 1 2 3 3 2 1 0
0.0270530982318777 1 2 3 3 2 1 1
-0.005034037293661 1 2 3 3 2 1 3
0.0301576141893599 1 2 3 3 2 2 2
-0.0025923667245562 1 2 3 3 2 3 0
0.0025923667245562 1 2 3 3 2 3 3
0.0166562799090958 1 2 3 3 3 0 2
0.0140477573771389 1 2 3 3 3 1 2
-0.0017238907050065 1 2 3 3 3 2 0
0.0052023943399876 1 2 3 3 3 2 1
-0.0004592535389643 1 2 3 3 3 2 3
0.0110969979390663 1 2 3 3 3 3 2
0.0154261139026869 1 3 0 0 0 0 0
0.0108890126562149 1 3 0 0 0 0 1
-0.008566196508494 1 3 0 0 0 0 3
-0.0050986209841863 1 3 0 0 0 1 1
-0.0050137826515488 1 3 0 0 0 2 2
-0.008566196508494 1 3 0 0 0 3 0
0.0108890126562149 1 3 0 0 0 3 1
0.0154261139026869 1 3 0 0 0 3 3
0.0094868287900514 1 3 0 0 1 0 0
-0.0149162734043719 1 3 0 0 1 0 1
0.0094868287900514 1 3 0 0 1 0 3
0.0008538407628473 1 3 0 0 1 1 0
0.0068480219230977 1 3 0 0 1 1 1
-0.0008538407628473 1 3 0 0 1 1 3
0.0093557962841652 1 3 0 0 1 2 2
0.0094868287900514 1 3 0 0 1 3 0
-0.0054712535315191 1 3 0 0 1 3 1
0.0094868287900514 1 3 0 0 1 3 3
-0.0149162734043719 1 3 0 0 2 0 2
-0.0093557962841652 1 3 0 0 2 1 2
0.0008538407628473 1 3 0 0 2 2 0
0.0068480219230977 1 3 0 0 2 2 1
-0.0008538407628473 1 3 0 0 2 2 3
-0.0054712535315191 1 3 0 0 2 3 2
-0.0154261139026869 1 3 0 0 3 0 0
0.0108890126562149 1 3 0 0 3 0 1
0.008566196508494 1 3 0 0 3 0 3
-0.0050986209841863 1 3 0 0 3 1 1
-0.0050137826515488 1 3 0 0 3 2 2
0.008566196508494 1 3 0 0 3 3 0
0.0108890126562149 1 3 0 0 3 3 1
-0.0154261139026869 1 3 0 0 3 3 3
0.0165908423012935 1 3 0 1 0 0 0
-0.0208484227646396 1 3 0 1 0 0 1
-0.0228936049030021 1 3 0 1 0 0 3
0.0035058458258444 1 3 0 1 0 1 1
-0.0035058458258444 1 3 0 1 0 2 2
0.0165908423012935 1 3 0 1 0 3 0
-0.0100895782841762 1 3 0 1 0 3 1
-0.0228936049030021 1 3 0 1 0 3 3
-0.0002629685804386 1 3 0 1 1 0 0
-0.0105005252306523 1 3 0 1 1 0 1
-0.0002629685804386 1 3 0 1 1 0 3
0.0085112373312772 1 3 0 1 1 1 0
-2.46935372001e-05 1 3 0 1 1 1 1
0.0098809603240247 1 3 0 1 1 1 3
-2.46935372001e-05 1 3 0 1 1 2 2
0.0002629685804386 1 3 0 1 1 3 0
-0.0105005252306523 1 3 0 1 1 3 1
0.0002629685804386 1 3 0 1 1 3 3
0.0105005252306523 1 3 0 1 2 0 2
-2.46935372001e-05 1 3 0 1 2 1 2
-0.0085112373312772 1 3 0 1 2 2 0
2.46935372001e-05 1 3 0 1 2 2 1
-0.0098809603240247 1 3 0 1 2 2 3
0.0105005252306523 1 3 0 1 2 3 2
-0.0228936049030021 1 3 0 1 3 0 0
-0.0208484227646396 1 3 0 1 3 0 1
0.0165908423012935 1 3 0 1 3 0 3
0.0035058458258444 1 3 0 1 3 1 1
-0.0035058458258444 1 3 0 1 3 2 2
-0.0228936049030021 1 3 0 1 3 3 0
-0.0100895782841762 1 3 0 1 3 3 1
0.0165908423012935 1 3 0 1 3 3 3
0.0244591056734665 1 3 0 2 0 0 2
0.0035058458258444 1 3 0 2 0 1 2
0.0035058458258444 1 3 0 2 0 2 1
0.013700261193003 1 3 0 2 0 3 2
0.0105005252306523 1 3 0 2 1 0 2
2.46935372001e-05 1 3 0 2 1 1 2
0.0085112373312772 1 3 0 2 1 2 0
-2.46935372001e-05 1 3 0 2 1 2 1
0.0098809603240247 1 3 0 2 1 2 3
0.0105005252306523 1 3 0 2 1 3 2
0.0060855279787357 1 3 0 2 2 0 0
0.0105005252306523 1 3 0 2 2 0 1
0.0060855279787357 1 3 0 2 2 0 3
0.0085112373312772 1 3 0 2 2 1 0
-2.46935372001e-05 1 3 0 2 2 1 1
0.0098809603240247 1 3 0 2 2 1 3
-2.46935372001e-05 1 3 0 2 2 2 2
-0.0060855279787357 1 3 0 2 2 3 0
0.0105005252306523 1 3 0 2 2 3 1
-0.0060855279787357 1 3 0 2 2 3 3
0.0244591056734665 1 3 0 2 3 0 2
0.0035058458258444 1 3 0 2 3 1 2
0.0035058458258444 1 3 0 2 3 2 1
0.013700261193003 1 3 0 2 3 3 2
0.008566196508494 1 3 0 3 0 0 0
0.0108890126562149 1 3 0 3 0 0 1
-0.0154261139026869 1 3 0 3 0 0 3
-0.0050986209841863 1 3 0 3 0 1 1
-0.0050137826515488 1 3 0 3 0 2 2
-0.0154261139026869 1 3 0 3 0 3 0
0.0108890126562149 1 3 0 3 0 3 1
0.008566196508494 1 3 0 3 0 3 3
0.0094868287900514 1 3 0 3 1 0 0
0.0149162734043719 1 3 0 3 1 0 1
0.0094868287900514 1 3 0 3 1 0 3
-0.0008538407628473 1 3 0 3 1 1 0
0.0017757658996253 1 3 0 3 1 1 1
0.0008538407628473 1 3 0 3 1 1 3
0.0042835402606928 1 3 0 3 1 2 2
0.0094868287900514 1 3 0 3 1 3 0
0.0054712535315191 1 3 0 3 1 3 1
0.0094868287900514 1 3 0 3 1 3 3
0.0149162734043719 1 3 0 3 2 0 2
-0.0042835402606928 1 3 0 3 2 1 2
-0.0008538407628473 1 3 0 3 2 2 0
0.0017757658996253 1 3 0 3 2 2 1
0.0008538407628473 1 3 0 3 2 2 3
0.0054712535315191 1 3 0 3 2 3 2
-0.008566196508494 1 3 0 3 3 0 0
0.0108890126562149 1 3 0 3 3 0 1
0.0154261139026869 1 3 0 3 3 0 3
-0.0050986209841863 1 3 0 3 3 1 1
-0.0050137826515488 1 3 0 3 3 2 2
0.0154261139026869 1 3 0 3 3 3 0
0.0108890126562149 1 3 0 3 3 3 1
-0.008566196508494 1 3 0 3 3 3 3
-0.0031390536381068 1 3 1 0 0 0 0
0.0028912085189141 1 3 1 0 0 0 1
-0.0031390536381068 1 3 1 0 0 0 3
0.0159979395836006 1 3 1 0 0 1 0
0.0048189982894464 1 3 1 0 0 1 1
0.0159979395836006 1 3 1 0 0 1 3
0.0048189982894464 1 3 1 0 0 2 2
-0.0031390536381068 1 3 1 0 0 3 0
0.0028912085189141 1 3 1 0 0 3 1
-0.0031390536381068 1 3 1 0 0 3 3
-0.0030877584105533 1 3 1 0 1 0 1
-0.0011592412821418 1 3 1 0 1 1 0
-0.0104922037786364 1 3 1 0 1 1 1
0.0051518437028588 1 3 1 0 1 1 3
0.0104922037786364 1 3 1 0 1 2 2
0.0028436143189243 1 3 1 0 1 3 1
0.0030877584105533 1 3 1 0 2 0 2
0.0104922037786364 1 3 1 0 2 1 2
-0.0051518437028588 1 3 1 0 2 2 0
0.0104922037786364 1 3 1 0 2 2 1
0.0011592412821418 1 3 1 0 2 2 3
-0.0028436143189243 1 3 1 0 2 3 2
0.0031390536381068 1 3 1 0 3 0 0
-0.0028912085189141 1 3 1 0 3 0 1
0.0031390536381068 1 3 1 0 3 0 3
-0.0159979395836006 1 3 1 0 3 1 0
-0.0048189982894464 1 3 1 0 3 1 1
-0.0159979395836006 1 3 1 0 3 1 3
-0.0048189982894464 1 3 1 0 3 2 2
0.0031390536381068 1 3 1 0 3 3 0
-0.0028912085189141 1 3 1 0 3 3 1
0.0031390536381068 1 3 1 0 3 3 3
0.0030913993240305 1 3 1 1 0 0 0
0.0007805993862855 1 3 1 1 0 0 1
0.0030913993240305 1 3 1 1 0 0 3
0.0129272428087463 1 3 1 1 0 1 0
-0.0129571651797982 1 3 1 1 0 1 1
-0.0084103706573679 1 3 1 1 0 1 3
-0.0152691442866864 1 3 1 1 0 2 2
0.012614840175435 1 3 1 1 0 3 0
-0.0115075902579091 1 3 1 1 0 3 1
0.012614840175435 1 3 1 1 0 3 3
-0.0021353272884819 1 3 1 1 1 0 0
-0.0128677951486735 1 3 1 1 1 0 1
-0.0021353272884819 1 3 1 1 1 0 3
-0.0124899979075937 1 3 1 1 1 1 0
2.8280219135e-06 1 3 1 1 1 1 1
0.0124899979075937 1 3 1 1 1 1 3
2.8280219135e-06 1 3 1 1 1 2 2
0.0021353272884819 1 3 1 1 1 3 0
0.0047508412005899 1 3 1 1 1 3 1
0.0021353272884819 1 3 1 1 1 3 3
-0.0198241706592025 1 3 1 1 2 0 2
-2.8280219135e-06 1 3 1 1 2 1 2
0.0020157434155514 1 3 1 1 2 2 0
2.8280219135e-06 1 3 1 1 2 2 1
-0.0020157434155514 1 3 1 1 2 2 3
0.0117072167111189 1 3 1 1 2 3 2
0.012614840175435 1 3 1 1 3 0 0
0.0115075902579091 1 3 1 1 3 0 1
0.012614840175435 1 3 1 1 3 0 3
-0.0084103706573679 1 3 1 1 3 1 0
0.0152691442866864 1 3 1 1 3 1 1
0.0129272428087463 1 3 1 1 3 1 3
0.0129571651797982 1 3 1 1 3 2 2
0.0030913993240305 1 3 1 1 3 3 0
-0.0007805993862855 1 3 1 1 3 3 1
0.0030913993240305 1 3 1 1 3 3 3
-0.0115075902579091 1 3 1 2 0 0 2
-0.0152691442866864 1 3 1 2 0 1 2
-0.0208434553149116 1 3 1 2 0 2 0
0.0129571651797982 1 3 1 2 0 2 1
0.0004941581512026 1 3 1 2 0 2 3
0.0007805993862855 1 3 1 2 0 3 2
0.0198241706592025 1 3 1 2 1 0 2
2.8280219135e-06 1 3 1 2 1 1 2
0.0070617620611766 1 3 1 2 1 2 0
-2.8280219135e-06 1 3 1 2 1 2 1
-0.0070617620611766 1 3 1 2 1 2 3
-0.0117072167111189 1 3 1 2 1 3 2
0.0021353272884819 1 3 1 2 2 0 0
-0.0128677951486735 1 3 1 2 2 0 1
0.0021353272884819 1 3 1 2 2 0 3
0.0175360165532189 1 3 1 2 2 1 0
2.8280219135e-06 1 3 1 2 2 1 1
-0.0175360165532189 1 3 1 2 2 1 3
2.8280219135e-06 1 3 1 2 2 2 2
-0.0021353272884819 1 3 1 2 2 3 0
0.0047508412005899 1 3 1 2 2 3 1
-0.0021353272884819 1 3 1 2 2 3 3
-0.0007805993862855 1 3 1 2 3 0 2
0.0129571651797982 1 3 1 2 3 1 2
0.0004941581512026 1 3 1 2 3 2 0
-0.0152691442866864 1 3 1 2 3 2 1
-0.0208434553149116 1 3 1 2 3 2 3
0.0115075902579091 1 3 1 2 3 3 2
-0.0031390536381068 1 3 1 3 0 0 0
0.0028912085189141 1 3 1 3 0 0 1
-0.0031390536381068 1 3 1 3 0 0 3
-0.0083300177218457 1 3 1 3 0 1 0
0.0048189982894464 1 3 1 3 0 1 1
-0.0083300177218457 1 3 1 3 0 1 3
0.0048189982894464 1 3 1 3 0 2 2
-0.0031390536381068 1 3 1 3 0 3 0
0.0028912085189141 1 3 1 3 0 3 1
-0.0031390536381068 1 3 1 3 0 3 3
0.0024138468853542 1 3 1 3 1 0 1
-0.0011592412821418 1 3 1 3 1 1 0
-0.0104922037786364 1 3 1 3 1 1 1
0.0051518437028588 1 3 1 3 1 1 3
0.0104922037786364 1 3 1 3 1 2 2
-0.0035175258441234 1 3 1 3 1 3 1
-0.0024138468853542 1 3 1 3 2 0 2
0.0104922037786364 1 3 1 3 2 1 2
-0.0051518437028588 1 3 1 3 2 2 0
0.0104922037786364 1 3 1 3 2 2 1
0.0011592412821418 1 3 1 3 2 2 3
0.0035175258441234 1 3 1 3 2 3 2
0.0031390536381068 1 3 1 3 3 0 0
-0.0028912085189141 1 3 1 3 3 0 1
0.0031390536381068 1 3 1 3 3 0 3
0.0083300177218457 1 3 1 3 3 1 0
-0.0048189982894464 1 3 1 3 3 1 1
0.0083300177218457 1 3 1 3 3 1 3
-0.0048189982894464 1 3 1 3 3 2 2
0.0031390536381068 1 3 1 3 3 3 0
-0.0028912085189141 1 3 1 3 3 3 1
0.0031390536381068 1 3 1 3 3 3 3
-0.0028912085189141 1 3 2 0 0 0 2
-0.0048189982894464 1 3 2 0 0 1 2
0.0159979395836006 1 3 2 0 0 2 0
0.0048189982894464 1 3 2 0 0 2 1
0.0159979395836006 1 3 2 0 0 2 3
-0.0028912085189141 1 3 2 0 0 3 2
0.0035175258441234 1 3 2 0 1 0 2
-0.0104922037786364 1 3 2 0 1 1 2
0.0051518437028588 1 3 2 0 1 2 0
-0.0104922037786364 1 3 2 0 1 2 1
-0.0011592412821418 1 3 2 0 1 2 3
-0.0024138468853542 1 3 2 0 1 3 2
0.0035175258441234 1 3 2 0 2 0 1
-0.0011592412821418 1 3 2 0 2 1 0
-0.0104922037786364 1 3 2 0 2 1 1
0.0051518437028588 1 3 2 0 2 1 3
0.0104922037786364 1 3 2 0 2 2 2
-0.0024138468853542 1 3 2 0 2 3 1
0.0028912085189141 1 3 2 0 3 0 2
0.0048189982894464 1 3 2 0 3 1 2
-0.0159979395836006 1 3 2 0 3 2 0
-0.0048189982894464 1 3 2 0 3 2 1
-0.0159979395836006 1 3 2 0 3 2 3
0.0028912085189141 1 3 2 0 3 3 2
0.0115075902579091 1 3 2 1 0 0 2
-0.0152691442866864 1 3 2 1 0 1 2
0.0004941581512026 1 3 2 1 0 2 0
0.0129571651797982 1 3 2 1 0 2 1
-0.0208434553149116 1 3 2 1 0 2 3
-0.0007805993862855 1 3 2 1 0 3 2
-0.0117072167111189 1 3 2 1 1 0 2
-2.8280219135e-06 1 3 2 1 1 1 2
-0.0124899979075937 1 3 2 1 1 2 0
2.8280219135e-06 1 3 2 1 1 2 1
0.0124899979075937 1 3 2 1 1 2 3
0.0198241706592025 1 3 2 1 1 3 2
0.0021353272884819 1 3 2 1 2 0 0
0.0047508412005899 1 3 2 1 2 0 1
0.0021353272884819 1 3 2 1 2 0 3
-0.0020157434155514 1 3 2 1 2 1 0
-2.8280219135e-06 1 3 2 1 2 1 1
0.0020157434155514 1 3 2 1 2 1 3
-2.8280219135e-06 1 3 2 1 2 2 2
-0.0021353272884819 1 3 2 1 2 3 0
-0.0128677951486735 1 3 2 1 2 3 1
-0.0021353272884819 1 3 2 1 2 3 3
0.0007805993862855 1 3 2 1 3 0 2
0.0129571651797982 1 3 2 1 3 1 2
-0.0208434553149116 1 3 2 1 3 2 0
-0.0152691442866864 1 3 2 1 3 2 1
0.0004941581512026 1 3 2 1 3 2 3
-0.0115075902579091 1 3 2 1 3 3 2
-0.0030913993240305 1 3 2 2 0 0 0
0.0007805993862855 1 3 2 2 0 0 1
-0.0030913993240305 1 3 2 2 0 0 3
0.0084103706573679 1 3 2 2 0 1 0
0.0129571651797982 1 3 2 2 0 1 1
-0.0129272428087463 1 3 2 2 0 1 3
0.0152691442866864 1 3 2 2 0 2 2
-0.012614840175435 1 3 2 2 0 3 0
-0.0115075902579091 1 3 2 2 0 3 1
-0.012614840175435 1 3 2 2 0 3 3
0.0021353272884819 1 3 2 2 1 0 0
-0.0047508412005899 1 3 2 2 1 0 1
0.0021353272884819 1 3 2 2 1 0 3
-0.0070617620611766 1 3 2 2 1 1 0
2.8280219135e-06 1 3 2 2 1 1 1
0.0070617620611766 1 3 2 2 1 1 3
2.8280219135e-06 1 3 2 2 1 2 2
-0.0021353272884819 1 3 2 2 1 3 0
0.0128677951486735 1 3 2 2 1 3 1
-0.0021353272884819 1 3 2 2 1 3 3
-0.0117072167111189 1 3 2 2 2 0 2
-2.8280219135e-06 1 3 2 2 2 1 2
0.0175360165532189 1 3 2 2 2 2 0
2.8280219135e-06 1 3 2 2 2 2 1
-0.0175360165532189 1 3 2 2 2 2 3
0.0198241706592025 1 3 2 2 2 3 2
-0.012614840175435 1 3 2 2 3 0 0
0.0115075902579091 1 3 2 2 3 0 1
-0.012614840175435 1 3 2 2 3 0 3
-0.0129272428087463 1 3 2 2 3 1 0
-0.0152691442866864 1 3 2 2 3 1 1
0.0084103706573679 1 3 2 2 3 1 3
-0.0129571651797982 1 3 2 2 3 2 2
-0.0030913993240305 1 3 2 2 3 3 0
-0.0007805993862855 1 3 2 2 3 3 1
-0.0030913993240305 1 3 2 2 3 3 3
-0.0028912085189141 1 3 2 3 0 0 2
-0.0048189982894464 1 3 2 3 0 1 2
-0.0083300177218457 1 3 2 3 0 2 0
0.0048189982894464 1 3 2 3 0 2 1
-0.0083300177218457 1 3 2 3 0 2 3
-0.0028912085189141 1 3 2 3 0 3 2
-0.0028436143189243 1 3 2 3 1 0 2
-0.0104922037786364 1 3 2 3 1 1 2
0.0051518437028588 1 3 2 3 1 2 0
-0.0104922037786364 1 3 2 3 1 2 1
-0.0011592412821418 1 3 2 3 1 2 3
0.0030877584105533 1 3 2 3 1 3 2
-0.0028436143189243 1 3 2 3 2 0 1
-0.0011592412821418 1 3 2 3 2 1 0
-0.0104922037786364 1 3 2 3 2 1 1
0.0051518437028588 1 3 2 3 2 1 3
0.0104922037786364 1 3 2 3 2 2 2
0.0030877584105533 1 3 2 3 2 3 1
0.0028912085189141 1 3 2 3 3 0 2
0.0048189982894464 1 3 2 3 3 1 2
0.0083300177218457 1 3 2 3 3 2 0
-0.0048189982894464 1 3 2 3 3 2 1
0.0083300177218457 1 3 2 3 3 2 3
0.0028912085189141 1 3 2 3 3 3 2
-0.0154261139026869 1 3 3 0 0 0 0
0.0108890126562149 1 3 3 0 0 0 1
0.008566196508494 1 3 3 0 0 0 3
0.0050986209841863 1 3 3 0 0 1 1
0.0050137826515488 1 3 3 0 0 2 2
0.008566196508494 1 3 3 0 0 3 0
0.0108890126562149 1 3 3 0 0 3 1
-0.0154261139026869 1 3 3 0 0 3 3
0.0094868287900514 1 3 3 0 1 0 0
-0.0149162734043719 1 3 3 0 1 0 1
0.0094868287900514 1 3 3 0 1 0 3
-0.0008538407628473 1 3 3 0 1 1 0
0.0068480219230977 1 3 3 0 1 1 1
0.0008538407628473 1 3 3 0 1 1 3
0.0093557962841652 1 3 3 0 1 2 2
0.0094868287900514 1 3 3 0 1 3 0
-0.0054712535315191 1 3 3 0 1 3 1
0.0094868287900514 1 3 3 0 1 3 3
-0.0149162734043719 1 3 3 0 2 0 2
-0.0093557962841652 1 3 3 0 2 1 2
-0.0008538407628473 1 3 3 0 2 2 0
0.0068480219230977 1 3 3 0 2 2 1
0.0008538407628473 1 3 3 0 2 2 3
-0.0054712535315191 1 3 3 0 2 3 2
0.0154261139026869 1 3 3 0 3 0 0
0.0108890126562149 1 3 3 0 3 0 1
-0.008566196508494 1 3 3 0 3 0 3
0.0050986209841863 1 3 3 0 3 1 1
0.0050137826515488 1 3 3 0 3 2 2
-0.008566196508494 1 3 3 0 3 3 0
0.0108890126562149 1 3 3 0 3 3 1
0.0154261139026869 1 3 3 0 3 3 3
-0.0165908423012935 1 3 3 1 0 0 0
-0.013700261193003 1 3 3 1 0 0 1
0.0228936049030021 1 3 3 1 0 0 3
-0.0035058458258444 1 3 3 1 0 1 1
0.0035058458258444 1 3 3 1 0 2 2
-0.0165908423012935 1 3 3 1 0 3 0
-0.0244591056734665 1 3 3 1 0 3 1
0.0228936049030021 1 3 3 1 0 3 3
-0.0059820044624903 1 3 3 1 1 0 0
0.0105005252306523 1 3 3 1 1 0 1
-0.0059820044624903 1 3 3 1 1 0 3
-0.0098809603240247 1 3 3 1 1 1 0
2.46935372001e-05 1 3 3 1 1 1 1
-0.0085112373312772 1 3 3 1 1 1 3
2.46935372001e-05 1 3 3 1 1 2 2
0.0059820044624903 1 3 3 1 1 3 0
0.0105005252306523 1 3 3 1 1 3 1
0.0059820044624903 1 3 3 1 1 3 3
-0.0105005252306523 1 3 3 1 2 0 2
2.46935372001e-05 1 3 3 1 2 1 2
0.0098809603240247 1 3 3 1 2 2 0
-2.46935372001e-05 1 3 3 1 2 2 1
0.0085112373312772 1 3 3 1 2 2 3
-0.0105005252306523 1 3 3 1 2 3 2
0.0228936049030021 1 3 3 1 3 0 0
-0.013700261193003 1 3 3 1 3 0 1
-0.0165908423012935 1 3 3 1 3 0 3
-0.0035058458258444 1 3 3 1 3 1 1
0.0035058458258444 1 3 3 1 3 2 2
0.0228936049030021 1 3 3 1 3 3 0
-0.0244591056734665 1 3 3 1 3 3 1
-0.0165908423012935 1 3 3 1 3 3 3
0.0100895782841762 1 3 3 2 0 0 2
-0.0035058458258444 1 3 3 2 0 1 2
-0.0035058458258444 1 3 3 2 0 2 1
0.0208484227646396 1 3 3 2 0 3 2
-0.0105005252306523 1 3 3 2 1 0 2
-2.46935372001e-05 1 3 3 2 1 1 2
-0.0098809603240247 1 3 3 2 1 2 0
2.46935372001e-05 1 3 3 2 1 2 1
-0.0085112373312772 1 3 3 2 1 2 3
-0.0105005252306523 1 3 3 2 1 3 2
0.000366492096684 1 3 3 2 2 0 0
-0.0105005252306523 1 3 3 2 2 0 1
0.000366492096684 1 3 3 2 2 0 3
-0.0098809603240247 1 3 3 2 2 1 0
2.46935372001e-05 1 3 3 2 2 1 1
-0.0085112373312772 1 3 3 2 2 1 3
2.46935372001e-05 1 3 3 2 2 2 2
-0.000366492096684 1 3 3 2 2 3 0
-0.0105005252306523 1 3 3 2 2 3 1
-0.000366492096684 1 3 3 2 2 3 3
0.0100895782841762 1 3 3 2 3 0 2
-0.0035058458258444 1 3 3 2 3 1 2
-0.0035058458258444 1 3 3 2 3 2 1
0.0208484227646396 1 3 3 2 3 3 2
-0.008566196508494 1 3 3 3 0 0 0
0.0108890126562149 1 3 3 3 0 0 1
0.0154261139026869 1 3 3 3 0 0 3
0.0050986209841863 1 3 3 3 0 1 1
0.0050137826515488 1 3 3 3 0 2 2
0.0154261139026869 1 3 3 3 0 3 0
0.0108890126562149 1 3 3 3 0 3 1
-0.008566196508494 1 3 3 3 0 3 3
0.0094868287900514 1 3 3 3 1 0 0
0.0149162734043719 1 3 3 3 1 0 1
0.0094868287900514 1 3 3 3 1 0 3
0.0008538407628473 1 3 3 3 1 1 0
0.0017757658996253 1 3 3 3 1 1 1
-0.0008538407628473 1 3 3 3 1 1 3
0.0042835402606928 1 3 3 3 1 2 2
0.0094868287900514 1 3 3 3 1 3 0
0.0054712535315191 1 3 3 3 1 3 1
0.0094868287900514 1 3 3 3 1 3 3
0.0149162734043719 1 3 3 3 2 0 2
-0.0042835402606928 1 3 3 3 2 1 2
0.0008538407628473 1 3 3 3 2 2 0
0.0017757658996253 1 3 3 3 2 2 1
-0.0008538407628473 1 3 3 3 2 2 3
0.0054712535315191 1 3 3 3 2 3 2
0.008566196508494 1 3 3 3 3 0 0
0.0108890126562149 1 3 3 3 3 0 1
-0.0154261139026869 1 3 3 3 3 0 3
0.0050986209841863 1 3 3 3 3 1 1
0.0050137826515488 1 3 3 3 3 2 2
-0.0154261139026869 1 3 3 3 3 3 0
0.0108890126562149 1 3 3 3 3 3 1
0.008566196508494 1 3 3 3 3 3 3
-0.0108890126562149 2 0 0 0 0 0 2
0.0050137826515488 2 0 0 0 0 1 2
-0.0050986209841863 2 0 0 0 0 2 1
-0.0108890126562149 2 0 0 0 0 3 2
-0.0149162734043719 2 0 0 0 1 0 2
-0.0017757658996253 2 0 0 0 1 1 2
-0.0008538407628473 2 0 0 0 1 2 0
0.0042835402606928 2 0 0 0 1 2 1
0.0008538407628473 2 0 0 0 1 2 3
-0.0054712535315191 2 0 0 0 1 3 2
-0.0094868287900514 2 0 0 0 2 0 0
0.0149162734043719 2 0 0 0 2 0 1
-0.0094868287900514 2 0 0 0 2 0 3
0.0008538407628473 2 0 0 0 2 1 0
-0.0042835402606928 2 0 0 0 2 1 1
-0.0008538407628473 2 0 0 0 2 1 3
-0.0017757658996253 2 0 0 0 2 2 2
-0.0094868287900514 2 0 0 0 2 3 0
0.0054712535315191 2 0 0 0 2 3 1
-0.0094868287900514 2 0 0 0 2 3 3
-0.0108890126562149 2 0 0 0 3 0 2
0.0050137826515488 2 0 0 0 3 1 2
-0.0050986209841863 2 0 0 0 3 2 1
-0.0108890126562149 2 0 0 0 3 3 2
-0.013700261193003 2 0 0 1 0 0 2
0.0035058458258444 2 0 0 1 0 1 2
0.0035058458258444 2 0 0 1 0 2 1
-0.0244591056734665 2 0 0 1 0 3 2
-0.0105005252306523 2 0 0 1 1 0 2
2.46935372001e-05 2 0 0 1 1 1 2
-0.0098809603240247 2 0 0 1 1 2 0
-2.46935372001e-05 2 0 0 1 1 2 1
-0.0085112373312772 2 0 0 1 1 2 3
-0.0105005252306523 2 0 0 1 1 3 2
-0.0059820044624903 2 0 0 1 2 0 0
-0.0105005252306523 2 0 0 1 2 0 1
-0.0059820044624903 2 0 0 1 2 0 3
-0.0098809603240247 2 0 0 1 2 1 0
-2.46935372001e-05 2 0 0 1 2 1 1
-0.0085112373312772 2 0 0 1 2 1 3
-2.46935372001e-05 2 0 0 1 2 2 2
0.0059820044624903 2 0 0 1 2 3 0
-0.0105005252306523 2 0 0 1 2 3 1
0.0059820044624903 2 0 0 1 2 3 3
-0.013700261193003 2 0 0 1 3 0 2
0.0035058458258444 2 0 0 1 3 1 2
0.0035058458258444 2 0 0 1 3 2 1
-0.0244591056734665 2 0 0 1 3 3 2
0.0228936049030021 2 0 0 2 0 0 0
-0.0100895782841762 2 0 0 2 0 0 1
-0.0165908423012935 2 0 0 2 0 0 3
-0.0035058458258444 2 0 0 2 0 1 1
0.0035058458258444 2 0 0 2 0 2 2
0.0228936049030021 2 0 0 2 0 3 0
-0.0208484227646396 2 0 0 2 0 3 1
-0.0165908423012935 2 0 0 2 0 3 3
-0.000366492096684 2 0 0 2 1 0 0
-0.0105005252306523 2 0 0 2 1 0 1
-0.000366492096684 2 0 0 2 1 0 3
0.0098809603240247 2 0 0 2 1 1 0
2.46935372001e-05 2 0 0 2 1 1 1
0.0085112373312772 2 0 0 2 1 1 3
2.46935372001e-05 2 0 0 2 1 2 2
0.000366492096684 2 0 0 2 1 3 0
-0.0105005252306523 2 0 0 2 1 3 1
0.000366492096684 2 0 0 2 1 3 3
0.0105005252306523 2 0 0 2 2 0 2
2.46935372001e-05 2 0 0 2 2 1 2
-0.0098809603240247 2 0 0 2 2 2 0
-2.46935372001e-05 2 0 0 2 2 2 1
-0.0085112373312772 2 0 0 2 2 2 3
0.0105005252306523 2 0 0 2 2 3 2
-0.0165908423012935 2 0 0 2 3 0 0
-0.0100895782841762 2 0 0 2 3 0 1
0.0228936049030021 2 0 0 2 3 0 3
-0.0035058458258444 2 0 0 2 3 1 1
0.0035058458258444 2 0 0 2 3 2 2
-0.0165908423012935 2 0 0 2 3 3 0
-0.0208484227646396 2 0 0 2 3 3 1
0.0228936049030021 2 0 0 2 3 3 3
-0.0108890126562149 2 0 0 3 0 0 2
0.0050137826515488 2 0 0 3 0 1 2
-0.0050986209841863 2 0 0 3 0 2 1
-0.0108890126562149 2 0 0 3 0 3 2
0.0149162734043719 2 0 0 3 1 0 2
-0.0068480219230977 2 0 0 3 1 1 2
0.0008538407628473 2 0 0 3 1 2 0
0.0093557962841652 2 0 0 3 1 2 1
-0.0008538407628473 2 0 0 3 1 2 3
0.0054712535315191 2 0 0 3 1 3 2
-0.0094868287900514 2 0 0 3 2 0 0
-0.0149162734043719 2 0 0 3 2 0 1
-0.0094868287900514 2 0 0 3 2 0 3
-0.0008538407628473 2 0 0 3 2 1 0
-0.0093557962841652 2 0 0 3 2 1 1
0.0008538407628473 2 0 0 3 2 1 3
-0.0068480219230977 2 0 0 3 2 2 2
-0.0094868287900514 2 0 0 3 2 3 0
-0.0054712535315191 2 0 0 3 2 3 1
-0.0094868287900514 2 0 0 3 2 3 3
-0.0108890126562149 2 0 0 3 3 0 2
0.0050137826515488 2 0 0 3 3 1 2
-0.0050986209841863 2 0 0 3 3 2 1
-0.0108890126562149 2 0 0 3 3 3 2
-0.0028912085189141 2 0 1 0 0 0 2
-0.0048189982894464 2 0 1 0 0 1 2
-0.0083300177218457 2 0 1 0 0 2 0
0.0048189982894464 2 0 1 0 0 2 1
-0.0083300177218457 2 0 1 0 0 2 3
-0.0028912085189141 2 0 1 0 0 3 2
0.0028436143189243 2 0 1 0 1 0 2
0.0104922037786364 2 0 1 0 1 1 2
0.0011592412821418 2 0 1 0 1 2 0
0.0104922037786364 2 0 1 0 1 2 1
-0.0051518437028588 2 0 1 0 1 2 3
-0.0030877584105533 2 0 1 0 1 3 2
0.0028436143189243 2 0 1 0 2 0 1
-0.0051518437028588 2 0 1 0 2 1 0
0.0104922037786364 2 0 1 0 2 1 1
0.0011592412821418 2 0 1 0 2 1 3
-0.0104922037786364 2 0 1 0 2 2 2
-0.0030877584105533 2 0 1 0 2 3 1
0.0028912085189141 2 0 1 0 3 0 2
0.0048189982894464 2 0 1 0 3 1 2
0.0083300177218457 2 0 1 0 3 2 0
-0.0048189982894464 2 0 1 0 3 2 1
0.0083300177218457 2 0 1 0 3 2 3
0.0028912085189141 2 0 1 0 3 3 2
0.0115075902579091 2 0 1 1 0 0 2
-0.0129571651797982 2 0 1 1 0 1 2
0.0004941581512026 2 0 1 1 0 2 0
0.0152691442866864 2 0 1 1 0 2 1
-0.0208434553149116 2 0 1 1 0 2 3
-0.0007805993862855 2 0 1 1 0 3 2
0.0198241706592025 2 0 1 1 1 0 2
-2.8280219135e-06 2 0 1 1 1 1 2
-0.0124899979075937 2 0 1 1 1 2 0
2.8280219135e-06 2 0 1 1 1 2 1
0.0124899979075937 2 0 1 1 1 2 3
-0.0117072167111189 2 0 1 1 1 3 2
-0.0021353272884819 2 0 1 1 2 0 0
-0.0128677951486735 2 0 1 1 2 0 1
-0.0021353272884819 2 0 1 1 2 0 3
-0.0020157434155514 2 0 1 1 2 1 0
-2.8280219135e-06 2 0 1 1 2 1 1
0.0020157434155514 2 0 1 1 2 1 3
-2.8280219135e-06 2 0 1 1 2 2 2
0.0021353272884819 2 0 1 1 2 3 0
0.0047508412005899 2 0 1 1 2 3 1
0.0021353272884819 2 0 1 1 2 3 3
0.0007805993862855 2 0 1 1 3 0 2
0.0152691442866864 2 0 1 1 3 1 2
-0.0208434553149116 2 0 1 1 3 2 0
-0.0129571651797982 2 0 1 1 3 2 1
0.0004941581512026 2 0 1 1 3 2 3
-0.0115075902579091 2 0 1 1 3 3 2
-0.0026366897337445 2 0 1 2 0 0 0
0.0007805993862855 2 0 1 2 0 0 1
-0.0026366897337445 2 0 1 2 0 0 3
0.0084103706573679 2 0 1 2 0 1 0
0.0152691442866864 2 0 1 2 0 1 1
-0.0129272428087463 2 0 1 2 0 1 3
0.0129571651797982 2 0 1 2 0 2 2
-0.0121601305851491 2 0 1 2 0 3 0
-0.0115075902579091 2 0 1 2 0 3 1
-0.0121601305851491 2 0 1 2 0 3 3
-0.0021353272884819 2 0 1 2 1 0 0
0.0128677951486735 2 0 1 2 1 0 1
-0.0021353272884819 2 0 1 2 1 0 3
-0.0070617620611766 2 0 1 2 1 1 0
2.8280219135e-06 2 0 1 2 1 1 1
0.0070617620611766 2 0 1 2 1 1 3
2.8280219135e-06 2 0 1 2 1 2 2
0.0021353272884819 2 0 1 2 1 3 0
-0.0047508412005899 2 0 1 2 1 3 1
0.0021353272884819 2 0 1 2 1 3 3
0.0198241706592025 2 0 1 2 2 0 2
-2.8280219135e-06 2 0 1 2 2 1 2
0.0175360165532189 2 0 1 2 2 2 0
2.8280219135e-06 2 0 1 2 2 2 1
-0.0175360165532189 2 0 1 2 2 2 3
-0.0117072167111189 2 0 1 2 2 3 2
-0.0121601305851491 2 0 1 2 3 0 0
0.0115075902579091 2 0 1 2 3 0 1
-0.0121601305851491 2 0 1 2 3 0 3
-0.0129272428087463 2 0 1 2 3 1 0
-0.0129571651797982 2 0 1 2 3 1 1
0.0084103706573679 2 0 1 2 3 1 3
-0.0152691442866864 2 0 1 2 3 2 2
-0.0026366897337445 2 0 1 2 3 3 0
-0.0007805993862855 2 0 1 2 3 3 1
-0.0026366897337445 2 0 1 2 3 3 3
-0.0028912085189141 2 0 1 3 0 0 2
-0.0048189982894464 2 0 1 3 0 1 2
0.0159979395836006 2 0 1 3 0 2 0
0.0048189982894464 2 0 1 3 0 2 1
0.0159979395836006 2 0 1 3 0 2 3
-0.0028912085189141 2 0 1 3 0 3 2
-0.0035175258441234 2 0 1 3 1 0 2
0.0104922037786364 2 0 1 3 1 1 2
0.0011592412821418 2 0 1 3 1 2 0
0.0104922037786364 2 0 1 3 1 2 1
-0.0051518437028588 2 0 1 3 1 2 3
0.0024138468853542 2 0 1 3 1 3 2
-0.0035175258441234 2 0 1 3 2 0 1
-0.0051518437028588 2 0 1 3 2 1 0
0.0104922037786364 2 0 1 3 2 1 1
0.0011592412821418 2 0 1 3 2 1 3
-0.0104922037786364 2 0 1 3 2 2 2
0.0024138468853542 2 0 1 3 2 3 1
0.0028912085189141 2 0 1 3 3 0 2
0.0048189982894464 2 0 1 3 3 1 2
-0.0159979395836006 2 0 1 3 3 2 0
-0.0048189982894464 2 0 1 3 3 2 1
-0.0159979395836006 2 0 1 3 3 2 3
0.0028912085189141 2 0 1 3 3 3 2
0.0031390536381068 2 0 2 0 0 0 0
-0.0028912085189141 2 0 2 0 0 0 1
0.0031390536381068 2 0 2 0 0 0 3
0.0083300177218457 2 0 2 0 0 1 0
-0.0048189982894464 2 0 2 0 0 1 1
0.0083300177218457 2 0 2 0 0 1 3
-0.0048189982894464 2 0 2 0 0 2 2
0.0031390536381068 2 0 2 0 0 3 0
-0.0028912085189141 2 0 2 0 0 3 1
0.0031390536381068 2 0 2 0 0 3 3
0.0024138468853542 2 0 2 0 1 0 1
0.0051518437028588 2 0 2 0 1 1 0
-0.0104922037786364 2 0 2 0 1 1 1
-0.0011592412821418 2 0 2 0 1 1 3
0.0104922037786364 2 0 2 0 1 2 2
-0.0035175258441234 2 0 2 0 1 3 1
-0.0024138468853542 2 0 2 0 2 0 2
0.0104922037786364 2 0 2 0 2 1 2
0.0011592412821418 2 0 2 0 2 2 0
0.0104922037786364 2 0 2 0 2 2 1
-0.0051518437028588 2 0 2 0 2 2 3
0.0035175258441234 2 0 2 0 2 3 2
-0.0031390536381068 2 0 2 0 3 0 0
0.0028912085189141 2 0 2 0 3 0 1
-0.0031390536381068 2 0 2 0 3 0 3
-0.0083300177218457 2 0 2 0 3 1 0
0.0048189982894464 2 0 2 0 3 1 1
-0.0083300177218457 2 0 2 0 3 1 3
0.0048189982894464 2 0 2 0 3 2 2
-0.0031390536381068 2 0 2 0 3 3 0
0.0028912085189141 2 0 2 0 3 3 1
-0.0031390536381068 2 0 2 0 3 3 3
-0.0026366897337445 2 0 2 1 0 0 0
-0.0007805993862855 2 0 2 1 0 0 1
-0.0026366897337445 2 0 2 1 0 0 3
-0.0129272428087463 2 0 2 1 0 1 0
0.0152691442866864 2 0 2 1 0 1 1
0.0084103706573679 2 0 2 1 0 1 3
0.0129571651797982 2 0 2 1 0 2 2
-0.0121601305851491 2 0 2 1 0 3 0
0.0115075902579091 2 0 2 1 0 3 1
-0.0121601305851491 2 0 2 1 0 3 3
-0.0021353272884819 2 0 2 1 1 0 0
-0.0047508412005899 2 0 2 1 1 0 1
-0.0021353272884819 2 0 2 1 1 0 3
0.0124899979075937 2 0 2 1 1 1 0
-2.8280219135e-06 2 0 2 1 1 1 1
-0.0124899979075937 2 0 2 1 1 1 3
-2.8280219135e-06 2 0 2 1 1 2 2
0.0021353272884819 2 0 2 1 1 3 0
0.0128677951486735 2 0 2 1 1 3 1
0.0021353272884819 2 0 2 1 1 3 3
-0.0117072167111189 2 0 2 1 2 0 2
2.8280219135e-06 2 0 2 1 2 1 2
-0.0020157434155514 2 0 2 1 2 2 0
-2.8280219135e-06 2 0 2 1 2 2 1
0.0020157434155514 2 0 2 1 2 2 3
0.0198241706592025 2 0 2 1 2 3 2
-0.0121601305851491 2 0 2 1 3 0 0
-0.0115075902579091 2 0 2 1 3 0 1
-0.0121601305851491 2 0 2 1 3 0 3
0.0084103706573679 2 0 2 1 3 1 0
-0.0129571651797982 2 0 2 1 3 1 1
-0.0129272428087463 2 0 2 1 3 1 3
-0.0152691442866864 2 0 2 1 3 2 2
-0.0026366897337445 2 0 2 1 3 3 0
0.0007805993862855 2 0 2 1 3 3 1
-0.0026366897337445 2 0 2 1 3 3 3
0.0115075902579091 2 0 2 2 0 0 2
0.0129571651797982 2 0 2 2 0 1 2
0.0208434553149116 2 0 2 2 0 2 0
-0.0152691442866864 2 0 2 2 0 2 1
-0.0004941581512026 2 0 2 2 0 2 3
-0.0007805993862855 2 0 2 2 0 3 2
0.0117072167111189 2 0 2 2 1 0 2
-2.8280219135e-06 2 0 2 2 1 1 2
-0.0070617620611766 2 0 2 2 1 2 0
2.8280219135e-06 2 0 2 2 1 2 1
0.0070617620611766 2 0 2 2 1 2 3
-0.0198241706592025 2 0 2 2 1 3 2
0.0021353272884819 2 0 2 2 2 0 0
-0.0047508412005899 2 0 2 2 2 0 1
0.0021353272884819 2 0 2 2 2 0 3
-0.0175360165532189 2 0 2 2 2 1 0
-2.8280219135e-06 2 0 2 2 2 1 1
0.0175360165532189 2 0 2 2 2 1 3
-2.8280219135e-06 2 0 2 2 2 2 2
-0.0021353272884819 2 0 2 2 2 3 0
0.0128677951486735 2 0 2 2 2 3 1
-0.0021353272884819 2 0 2 2 2 3 3
0.0007805993862855 2 0 2 2 3 0 2
-0.0152691442866864 2 0 2 2 3 1 2
-0.0004941581512026 2 0 2 2 3 2 0
0.0129571651797982 2 0 2 2 3 2 1
0.0208434553149116 2 0 2 2 3 2 3
-0.0115075902579091 2 0 2 2 3 3 2
0.0031390536381068 2 0 2 3 0 0 0
-0.0028912085189141 2 0 2 3 0 0 1
0.0031390536381068 2 0 2 3 0 0 3
-0.0159979395836006 2 0 2 3 0 1 0
-0.0048189982894464 2 0 2 3 0 1 1
-0.0159979395836006 2 0 2 3 0 1 3
-0.0048189982894464 2 0 2 3 0 2 2
0.0031390536381068 2 0 2 3 0 3 0
-0.0028912085189141 2 0 2 3 0 3 1
0.0031390536381068 2 0 2 3 0 3 3
-0.0030877584105533 2 0 2 3 1 0 1
0.0051518437028588 2 0 2 3 1 1 0
-0.0104922037786364 2 0 2 3 1 1 1
-0.0011592412821418 2 0 2 3 1 1 3
0.0104922037786364 2 0 2 3 1 2 2
0.0028436143189243 2 0 2 3 1 3 1
0.0030877584105533 2 0 2 3 2 0 2
0.0104922037786364 2 0 2 3 2 1 2
0.0011592412821418 2 0 2 3 2 2 0
0.0104922037786364 2 0 2 3 2 2 1
-0.0051518437028588 2 0 2 3 2 2 3
-0.0028436143189243 2 0 2 3 2 3 2
-0.0031390536381068 2 0 2 3 3 0 0
0.0028912085189141 2 0 2 3 3 0 1
-0.0031390536381068 2 0 2 3 3 0 3
0.0159979395836006 2 0 2 3 3 1 0
0.0048189982894464 2 0 2 3 3 1 1
0.0159979395836006 2 0 2 3 3 1 3
0.0048189982894464 2 0 2 3 3 2 2
-0.0031390536381068 2 0 2 3 3 3 0
0.0028912085189141 2 0 2 3 3 3 1
-0.0031390536381068 2 0 2 3 3 3 3
-0.0108890126562149 2 0 3 0 0 0 2
-0.0050137826515488 2 0 3 0 0 1 2
0.0050986209841863 2 0 3 0 0 2 1
-0.0108890126562149 2 0 3 0 0 3 2
-0.0149162734043719 2 0 3 0 1 0 2
-0.0017757658996253 2 0 3 0 1 1 2
0.0008538407628473 2 0 3 0 1 2 0
0.0042835402606928 2 0 3 0 1 2 1
-0.0008538407628473 2 0 3 0 1 2 3
-0.0054712535315191 2 0 3 0 1 3 2
-0.0094868287900514 2 0 3 0 2 0 0
0.0149162734043719 2 0 3 0 2 0 1
-0.0094868287900514 2 0 3 0 2 0 3
-0.0008538407628473 2 0 3 0 2 1 0
-0.0042835402606928 2 0 3 0 2 1 1
0.0008538407628473 2 0 3 0 2 1 3
-0.0017757658996253 2 0 3 0 2 2 2
-0.0094868287900514 2 0 3 0 2 3 0
0.0054712535315191 2 0 3 0 2 3 1
-0.0094868287900514 2 0 3 0 2 3 3
-0.0108890126562149 2 0 3 0 3 0 2
-0.0050137826515488 2 0 3 0 3 1 2
0.0050986209841863 2 0 3 0 3 2 1
-0.0108890126562149 2 0 3 0 3 3 2
-0.0208484227646396 2 0 3 1 0 0 2
-0.0035058458258444 2 0 3 1 0 1 2
-0.0035058458258444 2 0 3 1 0 2 1
-0.0100895782841762 2 0 3 1 0 3 2
0.0105005252306523 2 0 3 1 1 0 2
-2.46935372001e-05 2 0 3 1 1 1 2
0.0085112373312772 2 0 3 1 1 2 0
2.46935372001e-05 2 0 3 1 1 2 1
0.0098809603240247 2 0 3 1 1 2 3
0.0105005252306523 2 0 3 1 1 3 2
-0.0002629685804386 2 0 3 1 2 0 0
0.0105005252306523 2 0 3 1 2 0 1
-0.0002629685804386 2 0 3 1 2 0 3
0.0085112373312772 2 0 3 1 2 1 0
2.46935372001e-05 2 0 3 1 2 1 1
0.0098809603240247 2 0 3 1 2 1 3
2.46935372001e-05 2 0 3 1 2 2 2
0.0002629685804386 2 0 3 1 2 3 0
0.0105005252306523 2 0 3 1 2 3 1
0.0002629685804386 2 0 3 1 2 3 3
-0.0208484227646396 2 0 3 1 3 0 2
-0.0035058458258444 2 0 3 1 3 1 2
-0.0035058458258444 2 0 3 1 3 2 1
-0.0100895782841762 2 0 3 1 3 3 2
-0.0228936049030021 2 0 3 2 0 0 0
-0.0244591056734665 2 0 3 2 0 0 1
0.0165908423012935 2 0 3 2 0 0 3
0.0035058458258444 2 0 3 2 0 1 1
-0.0035058458258444 2 0 3 2 0 2 2
-0.0228936049030021 2 0 3 2 0 3 0
-0.013700261193003 2 0 3 2 0 3 1
0.0165908423012935 2 0 3 2 0 3 3
-0.0060855279787357 2 0 3 2 1 0 0
0.0105005252306523 2 0 3 2 1 0 1
-0.0060855279787357 2 0 3 2 1 0 3
-0.0085112373312772 2 0 3 2 1 1 0
-2.46935372001e-05 2 0 3 2 1 1 1
-0.0098809603240247 2 0 3 2 1 1 3
-2.46935372001e-05 2 0 3 2 1 2 2
0.0060855279787357 2 0 3 2 1 3 0
0.0105005252306523 2 0 3 2 1 3 1
0.0060855279787357 2 0 3 2 1 3 3
-0.0105005252306523 2 0 3 2 2 0 2
-2.46935372001e-05 2 0 3 2 2 1 2
0.0085112373312772 2 0 3 2 2 2 0
2.46935372001e-05 2 0 3 2 2 2 1
0.0098809603240247 2 0 3 2 2 2 3
-0.0105005252306523 2 0 3 2 2 3 2
0.0165908423012935 2 0 3 2 3 0 0
-0.0244591056734665 2 0 3 2 3 0 1
-0.0228936049030021 2 0 3 2 3 0 3
0.0035058458258444 2 0 3 2 3 1 1
-0.0035058458258444 2 0 3 2 3 2 2
0.0165908423012935 2 0 3 2 3 3 0
-0.013700261193003 2 0 3 2 3 3 1
-0.0228936049030021 2 0 3 2 3 3 3
-0.0108890126562149 2 0 3 3 0 0 2
-0.0050137826515488 2 0 3 3 0 1 2
0.0050986209841863 2 0 3 3 0 2 1
-0.0108890126562149 2 0 3 3 0 3 2
0.0149162734043719 2 0 3 3 1 0 2
-0.0068480219230977 2 0 3 3 1 1 2
-0.0008538407628473 2 0 3 3 1 2 0
0.0093557962841652 2 0 3 3 1 2 1
0.0008538407628473 2 0 3 3 1 2 3
0.0054712535315191 2 0 3 3 1 3 2
-0.0094868287900514 2 0 3 3 2 0 0
-0.0149162734043719 2 0 3 3 2 0 1
-0.0094868287900514 2 0 3 3 2 0 3
0.0008538407628473 2 0 3 3 2 1 0
-0.0093557962841652 2 0 3 3 2 1 1
-0.0008538407628473 2 0 3 3 2 1 3
-0.0068480219230977 2 0 3 3 2 2 2
-0.0094868287900514 2 0 3 3 2 3 0
-0.0054712535315191 2 0 3 3 2 3 1
-0.0094868287900514 2 0 3 3 2 3 3
-0.0108890126562149 2 0 3 3 3 0 2
-0.0050137826515488 2 0 3 3 3 1 2
0.0050986209841863 2 0 3 3 3 2 1
-0.0108890126562149 2 0 3 3 3 3 2
-0.0126186913407381 2 1 0 0 0 0 2
-0.0052023943399876 2 1 0 0 0 1 2
-0.0115483385135668 2 1 0 0 0 2 0
-0.0140477573771389 2 1 0 0 0 2 1
0.0137314827575376 2 1 0 0 0 2 3
-0.0070594093707087 2 1 0 0 0 3 2
0.014200069458973 2 1 0 0 1 1 2
-0.005034037293661 2 1 0 0 1 2 0
-0.0173045854164552 2 1 0 0 1 2 1
0.005034037293661 2 1 0 0 1 2 3
-0.0025923667245562 2 1 0 0 2 0 0
0.0025923667245562 2 1 0 0 2 0 3
-0.005034037293661 2 1 0 0 2 1 0
0.0075327471931491 2 1 0 0 2 1 1
0.005034037293661 2 1 0 0 2 1 3
0.0044282312356669 2 1 0 0 2 2 2
-0.0025923667245562 2 1 0 0 2 3 0
0.0025923667245562 2 1 0 0 2 3 3
-0.0070594093707087 2 1 0 0 3 0 2
0.0140477573771389 2 1 0 0 3 1 2
-0.0115483385135668 2 1 0 0 3 2 0
0.0052023943399876 2 1 0 0 3 2 1
0.0137314827575376 2 1 0 0 3 2 3
-0.0126186913407381 2 1 0 0 3 3 2
-0.0062755252113787 2 1 0 1 0 0 2
0.0051924531831565 2 1 0 1 0 1 2
0.0005994847660576 2 1 0 1 0 2 0
-0.0122393527695785 2 1 0 1 0 2 1
-0.0005994847660576 2 1 0 1 0 2 3
-0.0062755252113787 2 1 0 1 0 3 2
-0.0131480477321177 2 1 0 1 1 0 2
0.0071214907506931 2 1 0 1 1 1 2
-0.0092360015323693 2 1 0 1 1 2 0
0.0098732652196143 2 1 0 1 1 2 1
-0.0066103544757047 2 1 0 1 1 2 3
-0.0122184971366685 2 1 0 1 1 3 2
0.0149903850629279 2 1 0 1 2 0 0
0.0239199185192297 2 1 0 1 2 0 1
-0.0125000295244126 2 1 0 1 2 0 3
-0.0066103544757047 2 1 0 1 2 1 0
0.0098732652196143 2 1 0 1 2 1 1
-0.0092360015323693 2 1 0 1 2 1 3
-0.0071214907506931 2 1 0 1 2 2 2
-0.0043459194483648 2 1 0 1 2 3 0
0.0248494691146788 2 1 0 1 2 3 1
0.0018555639098494 2 1 0 1 2 3 3
0.0027355621690803 2 1 0 1 3 0 2
-0.0051924531831565 2 1 0 1 3 1 2
-0.0005994847660576 2 1 0 1 3 2 0
0.0122393527695785 2 1 0 1 3 2 1
0.0005994847660576 2 1 0 1 3 2 3
0.0027355621690803 2 1 0 1 3 3 2
0.0104318438145001 2 1 0 2 0 0 0
-0.0062755252113787 2 1 0 2 0 0 1
-0.0015301125348182 2 1 0 2 0 0 3
0.0005994847660576 2 1 0 2 0 1 0
0.0051924531831565 2 1 0 2 0 1 1
-0.0005994847660576 2 1 0 2 0 1 3
0.0122393527695785 2 1 0 2 0 2 2
0.021355271373268 2 1 0 2 0 3 0
-0.0062755252113787 2 1 0 2 0 3 1
-0.0124535400935861 2 1 0 2 0 3 3
0.02191267462821 2 1 0 2 1 0 0
-0.0239199185192297 2 1 0 2 1 0 1
-0.0055777399591305 2 1 0 2 1 0 3
-0.0066103544757047 2 1 0 2 1 1 0
0.0098732652196143 2 1 0 2 1 1 1
-0.0092360015323693 2 1 0 2 1 1 3
-0.0071214907506931 2 1 0 2 1 2 2
-0.0112682090136468 2 1 0 2 1 3 0
-0.0248494691146788 2 1 0 2 1 3 1
-0.0050667256554326 2 1 0 2 1 3 3
-0.0131480477321177 2 1 0 2 2 0 2
-0.0071214907506931 2 1 0 2 2 1 2
0.0092360015323693 2 1 0 2 2 2 0
-0.0098732652196143 2 1 0 2 2 2 1
0.0066103544757047 2 1 0 2 2 2 3
-0.0122184971366685 2 1 0 2 2 3 2
-0.0015301125348182 2 1 0 2 3 0 0
0.0027355621690803 2 1 0 2 3 0 1
0.0104318438145001 2 1 0 2 3 0 3
-0.0005994847660576 2 1 0 2 3 1 0
-0.0051924531831565 2 1 0 2 3 1 1
0.0005994847660576 2 1 0 2 3 1 3
-0.0122393527695785 2 1 0 2 3 2 2
-0.0124535400935861 2 1 0 2 3 3 0
0.0027355621690803 2 1 0 2 3 3 1
0.021355271373268 2 1 0 2 3 3 3
0.0126186913407381 2 1 0 3 0 0 2
0.0140477573771389 2 1 0 3 0 1 2
0.0004592535389643 2 1 0 3 0 2 0
0.0052023943399876 2 1 0 3 0 2 1
0.0017238907050065 2 1 0 3 0 2 3
0.0070594093707087 2 1 0 3 0 3 2
-0.0026636648819245 2 1 0 3 1 1 2
0.005034037293661 2 1 0 3 1 2 0
-0.0025565665822643 2 1 0 3 1 2 1
-0.005034037293661 2 1 0 3 1 2 3
-0.0025923667245562 2 1 0 3 2 0 0
0.0025923667245562 2 1 0 3 2 0 3
0.005034037293661 2 1 0 3 2 1 0
0.0243964815340467 2 1 0 3 2 1 1
-0.005034037293661 2 1 0 3 2 1 3
0.0191762500698578 2 1 0 3 2 2 2
-0.0025923667245562 2 1 0 3 2 3 0
0.0025923667245562 2 1 0 3 2 3 3
0.0070594093707087 2 1 0 3 3 0 2
-0.0052023943399876 2 1 0 3 3 1 2
0.0004592535389643 2 1 0 3 3 2 0
-0.0140477573771389 2 1 0 3 3 2 1
0.0017238907050065 2 1 0 3 3 2 3
0.0126186913407381 2 1 0 3 3 3 2
-0.0082386393590734 2 1 1 0 0 0 2
-0.0055426525256546 2 1 1 0 0 1 2
0.018918093131511 2 1 1 0 0 2 1
0.0159724391387831 2 1 1 0 0 3 2
-0.0109882879946638 2 1 1 0 1 0 2
-0.0177984437314806 2 1 1 0 1 1 2
0.0069928876301967 2 1 1 0 1 2 0
-0.0276902385240523 2 1 1 0 1 2 1
0.0062676476488689 2 1 1 0 1 2 3
0.0135913266420114 2 1 1 0 1 3 2
-0.01137661459053 2 1 1 0 2 0 0
0.0135913266420114 2 1 1 0 2 0 1
0.01137661459053 2 1 1 0 2 0 3
0.0069928876301967 2 1 1 0 2 1 0
-0.0155850250868878 2 1 1 0 2 1 1
0.0062676476488689 2 1 1 0 2 1 3
0.0056932302943161 2 1 1 0 2 2 2
-0.01137661459053 2 1 1 0 2 3 0
-0.0109882879946638 2 1 1 0 2 3 1
0.01137661459053 2 1 1 0 2 3 3
-0.0076107871423516 2 1 1 0 3 0 2
0.0055426525256546 2 1 1 0 3 1 2
-0.018918093131511 2 1 1 0 3 2 1
-0.000123012637358 2 1 1 0 3 3 2
-0.0041805931361527 2 1 1 1 0 0 2
-0.0096238569601912 2 1 1 1 0 2 0
0.0096238569601912 2 1 1 1 0 2 3
0.0124337008720156 2 1 1 1 0 3 2
0.0053360229135284 2 1 1 1 1 0 2
-0.0084375050598521 2 1 1 1 1 1 2
0.0436060183973944 2 1 1 1 1 2 0
0.0040311736714334 2 1 1 1 1 2 1
0.0001324769705681 2 1 1 1 1 2 3
0.0053360229135284 2 1 1 1 1 3 2
0.0218279317691999 2 1 1 1 2 0 0
-0.0053360229135284 2 1 1 1 2 0 1
-0.0158579846853262 2 1 1 1 2 0 3
0.0090838755607738 2 1 1 1 2 1 0
-0.0084375050598521 2 1 1 1 2 1 1
-0.0224115153291548 2 1 1 1 2 1 3
-0.0040311736714334 2 1 1 1 2 2 2
-0.0158579846853262 2 1 1 1 2 3 0
-0.0053360229135284 2 1 1 1 2 3 1
0.0218279317691999 2 1 1 1 2 3 3
0.0124337008720156 2 1 1 1 3 0 2
0.0096238569601912 2 1 1 1 3 2 0
-0.0096238569601912 2 1 1 1 3 2 3
-0.0041805931361527 2 1 1 1 3 3 2
-0.0298185856454369 2 1 1 2 0 0 0
-0.0124337008720156 2 1 1 2 0 0 1
-0.0065664948396043 2 1 1 2 0 0 3
-0.0096238569601912 2 1 1 2 0 1 0
0.0096238569601912 2 1 1 2 0 1 3
0.0065664948396043 2 1 1 2 0 3 0
0.0041805931361527 2 1 1 2 0 3 1
0.0298185856454369 2 1 1 2 0 3 3
-0.0218279317691999 2 1 1 2 1 0 0
0.0053360229135284 2 1 1 2 1 0 1
0.0158579846853262 2 1 1 2 1 0 3
-0.006121552239017 2 1 1 2 1 1 0
-0.0040311736714334 2 1 1 2 1 1 1
-0.0376169431289456 2 1 1 2 1 1 3
-0.0084375050598521 2 1 1 2 1 2 2
0.0158579846853262 2 1 1 2 1 3 0
0.0053360229135284 2 1 1 2 1 3 1
-0.0218279317691999 2 1 1 2 1 3 3
0.0053360229135284 2 1 1 2 2 0 2
0.0040311736714334 2 1 1 2 2 1 2
-0.0284005905976036 2 1 1 2 2 2 0
-0.0084375050598521 2 1 1 2 2 2 1
0.0150729508292227 2 1 1 2 2 2 3
0.0053360229135284 2 1 1 2 2 3 2
0.0298185856454369 2 1 1 2 3 0 0
0.0041805931361527 2 1 1 2 3 0 1
0.0065664948396043 2 1 1 2 3 0 3
0.0096238569601912 2 1 1 2 3 1 0
-0.0096238569601912 2 1 1 2 3 1 3
-0.0065664948396043 2 1 1 2 3 3 0
-0.0124337008720156 2 1 1 2 3 3 1
-0.0298185856454369 2 1 1 2 3 3 3
-0.000123012637358 2 1 1 3 0 0 2
0.0055426525256546 2 1 1 3 0 1 2
-0.018918093131511 2 1 1 3 0 2 1
-0.0076107871423516 2 1 1 3 0 3 2
-0.0135913266420114 2 1 1 3 1 0 2
-0.0155850250868878 2 1 1 3 1 1 2
-0.0062676476488689 2 1 1 3 1 2 0
-0.0056932302943161 2 1 1 3 1 2 1
-0.0069928876301967 2 1 1 3 1 2 3
0.0109882879946638 2 1 1 3 1 3 2
-0.01137661459053 2 1 1 3 2 0 0
0.0109882879946638 2 1 1 3 2 0 1
0.01137661459053 2 1 1 3 2 0 3
-0.0062676476488689 2 1 1 3 2 1 0
-0.0177984437314806 2 1 1 3 2 1 1
-0.0069928876301967 2 1 1 3 2 1 3
0.0276902385240523 2 1 1 3 2 2 2
-0.01137661459053 2 1 1 3 2 3 0
-0.0135913266420114 2 1 1 3 2 3 1
0.01137661459053 2 1 1 3 2 3 3
0.0159724391387831 2 1 1 3 3 0 2
-0.0055426525256546 2 1 1 3 3 1 2
0.018918093131511 2 1 1 3 3 2 1
-0.0082386393590734 2 1 1 3 3 3 2
0.0082386393590734 2 1 2 0 0 0 1
0.0055426525256546 2 1 2 0 0 1 1
0.018918093131511 2 1 2 0 0 2 2
-0.0159724391387831 2 1 2 0 0 3 1
-0.01137661459053 2 1 2 0 1 0 0
-0.0135913266420114 2 1 2 0 1 0 1
0.01137661459053 2 1 2 0 1 0 3
0.0062676476488689 2 1 2 0 1 1 0
-0.0276902385240523 2 1 2 0 1 1 1
0.0069928876301967 2 1 2 0 1 1 3
0.0177984437314806 2 1 2 0 1 2 2
-0.01137661459053 2 1 2 0 1 3 0
0.0109882879946638 2 1 2 0 1 3 1
0.01137661459053 2 1 2 0 1 3 3
-0.0109882879946638 2 1 2 0 2 0 2
0.0056932302943161 2 1 2 0 2 1 2
-0.0062676476488689 2 1 2 0 2 2 0
0.0155850250868878 2 1 2 0 2 2 1
-0.0069928876301967 2 1 2 0 2 2 3
0.0135913266420114 2 1 2 0 2 3 2
0.0076107871423516 2 1 2 0 3 0 1
-0.0055426525256546 2 1 2 0 3 1 1
-0.018918093131511 2 1 2 0 3 2 2
0.000123012637358 2 1 2 0 3 3 1
-0.0065664948396043 2 1 2 1 0 0 0
-0.0124337008720156 2 1 2 1 0 0 1
-0.0298185856454369 2 1 2 1 0 0 3
-0.0096238569601912 2 1 2 1 0 1 0
0.0096238569601912 2 1 2 1 0 1 3
0.0298185856454369 2 1 2 1 0 3 0
0.0041805931361527 2 1 2 1 0 3 1
0.0065664948396043 2 1 2 1 0 3 3
0.0218279317691999 2 1 2 1 1 0 0
0.0053360229135284 2 1 2 1 1 0 1
-0.0158579846853262 2 1 2 1 1 0 3
-0.0284005905976036 2 1 2 1 1 1 0
0.0084375050598521 2 1 2 1 1 1 1
0.0150729508292227 2 1 2 1 1 1 3
0.0040311736714334 2 1 2 1 1 2 2
-0.0158579846853262 2 1 2 1 1 3 0
0.0053360229135284 2 1 2 1 1 3 1
0.0218279317691999 2 1 2 1 1 3 3
0.0053360229135284 2 1 2 1 2 0 2
-0.0084375050598521 2 1 2 1 2 1 2
-0.006121552239017 2 1 2 1 2 2 0
0.0040311736714334 2 1 2 1 2 2 1
-0.0376169431289456 2 1 2 1 2 2 3
0.0053360229135284 2 1 2 1 2 3 2
0.0065664948396043 2 1 2 1 3 0 0
0.0041805931361527 2 1 2 1 3 0 1
0.0298185856454369 2 1 2 1 3 0 3
0.0096238569601912 2 1 2 1 3 1 0
-0.0096238569601912 2 1 2 1 3 1 3
-0.0298185856454369 2 1 2 1 3 3 0
-0.0124337008720156 2 1 2 1 3 3 1
-0.0065664948396043 2 1 2 1 3 3 3
0.0041805931361527 2 1 2 2 0 0 2
0.0096238569601912 2 1 2 2 0 2 0
-0.0096238569601912 2 1 2 2 0 2 3
-0.0124337008720156 2 1 2 2 0 3 2
-0.0053360229135284 2 1 2 2 1 0 2
-0.0040311736714334 2 1 2 2 1 1 2
0.0090838755607738 2 1 2 2 1 2 0
0.0084375050598521 2 1 2 2 1 2 1
-0.0224115153291548 2 1 2 2 1 2 3
-0.0053360229135284 2 1 2 2 1 3 2
0.0218279317691999 2 1 2 2 2 0 0
0.0053360229135284 2 1 2 2 2 0 1
-0.0158579846853262 2 1 2 2 2 0 3
0.0436060183973944 2 1 2 2 2 1 0
-0.0040311736714334 2 1 2 2 2 1 1
0.0001324769705681 2 1 2 2 2 1 3
-0.0084375050598521 2 1 2 2 2 2 2
-0.0158579846853262 2 1 2 2 2 3 0
0.0053360229135284 2 1 2 2 2 3 1
0.0218279317691999 2 1 2 2 2 3 3
-0.0124337008720156 2 1 2 2 3 0 2
-0.0096238569601912 2 1 2 2 3 2 0
0.0096238569601912 2 1 2 2 3 2 3
0.0041805931361527 2 1 2 2 3 3 2
0.000123012637358 2 1 2 3 0 0 1
-0.0055426525256546 2 1 2 3 0 1 1
-0.018918093131511 2 1 2 3 0 2 2
0.0076107871423516 2 1 2 3 0 3 1
-0.01137661459053 2 1 2 3 1 0 0
-0.0109882879946638 2 1 2 3 1 0 1
0.01137661459053 2 1 2 3 1 0 3
-0.0069928876301967 2 1 2 3 1 1 0
-0.0056932302943161 2 1 2 3 1 1 1
-0.0062676476488689 2 1 2 3 1 1 3
0.0155850250868878 2 1 2 3 1 2 2
-0.01137661459053 2 1 2 3 1 3 0
0.0135913266420114 2 1 2 3 1 3 1
0.01137661459053 2 1 2 3 1 3 3
-0.0135913266420114 2 1 2 3 2 0 2
0.0276902385240523 2 1 2 3 2 1 2
0.0069928876301967 2 1 2 3 2 2 0
0.0177984437314806 2 1 2 3 2 2 1
0.0062676476488689 2 1 2 3 2 2 3
0.0109882879946638 2 1 2 3 2 3 2
-0.0159724391387831 2 1 2 3 3 0 1
0.0055426525256546 2 1 2 3 3 1 1
0.018918093131511 2 1 2 3 3 2 2
0.0082386393590734 2 1 2 3 3 3 1
0.0110969979390663 2 1 3 0 0 0 2
0.0140477573771389 2 1 3 0 0 1 2
0.0025149090696602 2 1 3 0 0 2 0
0.0052023943399876 2 1 3 0 0 2 1
-0.0003317648256895 2 1 3 0 0 2 3
0.0166562799090958 2 1 3 0 0 3 2
-0.0171599712515066 2 1 3 0 1 1 2
-0.005034037293661 2 1 3 0 1 2 0
0.0140554552940244 2 1 3 0 1 2 1
0.005034037293661 2 1 3 0 1 2 3
-0.0025923667245562 2 1 3 0 2 0 0
0.0025923667245562 2 1 3 0 2 0 3
-0.005034037293661 2 1 3 0 2 1 0
-0.0045728454006155 2 1 3 0 2 1 1
0.005034037293661 2 1 3 0 2 1 3
-0.0076773613580977 2 1 3 0 2 2 2
-0.0025923667245562 2 1 3 0 2 3 0
0.0025923667245562 2 1 3 0 2 3 3
0.0166562799090958 2 1 3 0 3 0 2
-0.0052023943399876 2 1 3 0 3 1 2
0.0025149090696602 2 1 3 0 3 2 0
-0.0140477573771389 2 1 3 0 3 2 1
-0.0003317648256895 2 1 3 0 3 2 3
0.0110969979390663 2 1 3 0 3 3 2
0.0062755252113787 2 1 3 1 0 0 2
0.0122393527695785 2 1 3 1 0 1 2
-0.0005994847660576 2 1 3 1 0 2 0
-0.0051924531831565 2 1 3 1 0 2 1
0.0005994847660576 2 1 3 1 0 2 3
0.0062755252113787 2 1 3 1 0 3 2
0.0131480477321177 2 1 3 1 1 0 2
-0.0071214907506931 2 1 3 1 1 1 2
0.0066103544757047 2 1 3 1 1 2 0
-0.0098732652196143 2 1 3 1 1 2 1
0.0092360015323693 2 1 3 1 1 2 3
0.0122184971366685 2 1 3 1 1 3 2
0.0050667256554326 2 1 3 1 2 0 0
-0.0239199185192297 2 1 3 1 2 0 1
0.0112682090136468 2 1 3 1 2 0 3
0.0092360015323693 2 1 3 1 2 1 0
-0.0098732652196143 2 1 3 1 2 1 1
0.0066103544757047 2 1 3 1 2 1 3
0.0071214907506931 2 1 3 1 2 2 2
0.0055777399591305 2 1 3 1 2 3 0
-0.0248494691146788 2 1 3 1 2 3 1
-0.02191267462821 2 1 3 1 2 3 3
-0.0027355621690803 2 1 3 1 3 0 2
-0.0122393527695785 2 1 3 1 3 1 2
0.0005994847660576 2 1 3 1 3 2 0
0.0051924531831565 2 1 3 1 3 2 1
-0.0005994847660576 2 1 3 1 3 2 3
-0.0027355621690803 2 1 3 1 3 3 2
0.007344197477792 2 1 3 2 0 0 0
0.0062755252113787 2 1 3 2 0 0 1
-0.0162459287574739 2 1 3 2 0 0 3
-0.0005994847660576 2 1 3 2 0 1 0
0.0122393527695785 2 1 3 2 0 1 1
0.0005994847660576 2 1 3 2 0 1 3
0.0051924531831565 2 1 3 2 0 2 2
0.0182676250365598 2 1 3 2 0 3 0
0.0062755252113787 2 1 3 2 0 3 1
-0.0271693563162418 2 1 3 2 0 3 3
-0.0018555639098494 2 1 3 2 1 0 0
0.0239199185192297 2 1 3 2 1 0 1
0.0043459194483648 2 1 3 2 1 0 3
0.0092360015323693 2 1 3 2 1 1 0
-0.0098732652196143 2 1 3 2 1 1 1
0.0066103544757047 2 1 3 2 1 1 3
0.0071214907506931 2 1 3 2 1 2 2
0.0125000295244126 2 1 3 2 1 3 0
0.0248494691146788 2 1 3 2 1 3 1
-0.0149903850629279 2 1 3 2 1 3 3
0.0131480477321177 2 1 3 2 2 0 2
0.0071214907506931 2 1 3 2 2 1 2
-0.0066103544757047 2 1 3 2 2 2 0
0.0098732652196143 2 1 3 2 2 2 1
-0.0092360015323693 2 1 3 2 2 2 3
0.0122184971366685 2 1 3 2 2 3 2
-0.0162459287574739 2 1 3 2 3 0 0
-0.0027355621690803 2 1 3 2 3 0 1
0.007344197477792 2 1 3 2 3 0 3
0.0005994847660576 2 1 3 2 3 1 0
-0.0122393527695785 2 1 3 2 3 1 1
-0.0005994847660576 2 1 3 2 3 1 3
-0.0051924531831565 2 1 3 2 3 2 2
-0.0271693563162418 2 1 3 2 3 3 0
-0.0027355621690803 2 1 3 2 3 3 1
0.0182676250365598 2 1 3 2 3 3 3
-0.0110969979390663 2 1 3 3 0 0 2
-0.0052023943399876 2 1 3 3 0 1 2
-0.0136039940442627 2 1 3 3 0 2 0
-0.0140477573771389 2 1 3 3 0 2 1
0.0157871382882335 2 1 3 3 0 2 3
-0.0166562799090958 2 1 3 3 0 3 2
-0.0024119524173157 2 1 3 3 1 1 2
0.005034037293661 2 1 3 3 1 2 0
-0.0028082790468731 2 1 3 3 1 2 1
-0.005034037293661 2 1 3 3 1 2 3
-0.0025923667245562 2 1 3 3 2 0 0
0.0025923667245562 2 1 3 3 2 0 3
0.005034037293661 2 1 3 3 2 1 0
-0.0193208642348064 2 1 3 3 2 1 1
-0.005034037293661 2 1 3 3 2 1 3
-0.0245410956989952 2 1 3 3 2 2 2
-0.0025923667245562 2 1 3 3 2 3 0
0.0025923667245562 2 1 3 3 2 3 3
-0.0166562799090958 2 1 3 3 3 0 2
0.0140477573771389 2 1 3 3 3 1 2
-0.0136039940442627 2 1 3 3 3 2 0
0.0052023943399876 2 1 3 3 3 2 1
0.0157871382882335 2 1 3 3 3 2 3
-0.0110969979390663 2 1 3 3 3 3 2
0.0116349923540169 2 2 0 0 0 0 0
-0.0110969979390663 2 2 0 0 0 0 1
-0.0040281025186027 2 2 0 0 0 0 3
0.0115483385135668 2 2 0 0 0 1 0
-0.0140477573771389 2 2 0 0 0 1 1
-0.0137314827575376 2 2 0 0 0 1 3
0.0052023943399876 2 2 0 0 0 2 2
0.0028653777358757 2 2 0 0 0 3 0
-0.0166562799090958 2 2 0 0 0 3 1
0.0047415120995385 2 2 0 0 0 3 3
0.0025923667245562 2 2 0 0 1 0 0
-0.0025923667245562 2 2 0 0 1 0 3
0.005034037293661 2 2 0 0 1 1 0
0.0182178290048599 2 2 0 0 1 1 1
-0.005034037293661 2 2 0 0 1 1 3
0.0129975975406711 2 2 0 0 1 2 2
0.0025923667245562 2 2 0 0 1 3 0
-0.0025923667245562 2 2 0 0 1 3 3
-0.0035149876472622 2 2 0 0 2 1 2
-0.005034037293661 2 2 0 0 2 2 0
0.008735219111451 2 2 0 0 2 2 1
0.005034037293661 2 2 0 0 2 2 3
-0.0028653777358757 2 2 0 0 3 0 0
-0.0166562799090958 2 2 0 0 3 0 1
-0.0047415120995385 2 2 0 0 3 0 3
0.0115483385135668 2 2 0 0 3 1 0
0.0052023943399876 2 2 0 0 3 1 1
-0.0137314827575376 2 2 0 0 3 1 3
-0.0140477573771389 2 2 0 0 3 2 2
-0.0116349923540169 2 2 0 0 3 3 0
-0.0110969979390663 2 2 0 0 3 3 1
0.0040281025186027 2 2 0 0 3 3 3
0.021355271373268 2 2 0 1 0 0 0
0.0062755252113787 2 2 0 1 0 0 1
-0.0124535400935861 2 2 0 1 0 0 3
0.0005994847660576 2 2 0 1 0 1 0
0.0051924531831565 2 2 0 1 0 1 1
-0.0005994847660576 2 2 0 1 0 1 3
0.0122393527695785 2 2 0 1 0 2 2
0.0104318438145001 2 2 0 1 0 3 0
0.0062755252113787 2 2 0 1 0 3 1
-0.0015301125348182 2 2 0 1 0 3 3
-0.0055777399591305 2 2 0 1 1 0 0
0.0248494691146788 2 2 0 1 1 0 1
0.02191267462821 2 2 0 1 1 0 3
0.0066103544757047 2 2 0 1 1 1 0
-0.0098732652196143 2 2 0 1 1 1 1
0.0092360015323693 2 2 0 1 1 1 3
0.0071214907506931 2 2 0 1 1 2 2
-0.0050667256554326 2 2 0 1 1 3 0
0.0239199185192297 2 2 0 1 1 3 1
-0.0112682090136468 2 2 0 1 1 3 3
0.0122184971366685 2 2 0 1 2 0 2
0.0071214907506931 2 2 0 1 2 1 2
-0.0092360015323693 2 2 0 1 2 2 0
0.0098732652196143 2 2 0 1 2 2 1
-0.0066103544757047 2 2 0 1 2 2 3
0.0131480477321177 2 2 0 1 2 3 2
-0.0124535400935861 2 2 0 1 3 0 0
-0.0027355621690803 2 2 0 1 3 0 1
0.021355271373268 2 2 0 1 3 0 3
-0.0005994847660576 2 2 0 1 3 1 0
-0.0051924531831565 2 2 0 1 3 1 1
0.0005994847660576 2 2 0 1 3 1 3
-0.0122393527695785 2 2 0 1 3 2 2
-0.0015301125348182 2 2 0 1 3 3 0
-0.0027355621690803 2 2 0 1 3 3 1
0.0104318438145001 2 2 0 1 3 3 3
-0.0062755252113787 2 2 0 2 0 0 2
-0.0051924531831565 2 2 0 2 0 1 2
-0.0005994847660576 2 2 0 2 0 2 0
0.0122393527695785 2 2 0 2 0 2 1
0.0005994847660576 2 2 0 2 0 2 3
-0.0062755252113787 2 2 0 2 0 3 2
-0.0122184971366685 2 2 0 2 1 0 2
0.0071214907506931 2 2 0 2 1 1 2
-0.0092360015323693 2 2 0 2 1 2 0
0.0098732652196143 2 2 0 2 1 2 1
-0.0066103544757047 2 2 0 2 1 2 3
-0.0131480477321177 2 2 0 2 1 3 2
0.0125000295244126 2 2 0 2 2 0 0
0.0248494691146788 2 2 0 2 2 0 1
-0.0149903850629279 2 2 0 2 2 0 3
-0.0066103544757047 2 2 0 2 2 1 0
0.0098732652196143 2 2 0 2 2 1 1
-0.0092360015323693 2 2 0 2 2 1 3
-0.0071214907506931 2 2 0 2 2 2 2
-0.0018555639098494 2 2 0 2 2 3 0
0.0239199185192297 2 2 0 2 2 3 1
0.0043459194483648 2 2 0 2 2 3 3
0.0027355621690803 2 2 0 2 3 0 2
0.0051924531831565 2 2 0 2 3 1 2
0.0005994847660576 2 2 0 2 3 2 0
-0.0122393527695785 2 2 0 2 3 2 1
-0.0005994847660576 2 2 0 2 3 2 3
0.0027355621690803 2 2 0 2 3 3 2
-0.0028653777358757 2 2 0 3 0 0 0
0.0110969979390663 2 2 0 3 0 0 1
-0.0047415120995385 2 2 0 3 0 0 3
-0.0004592535389643 2 2 0 3 0 1 0
0.0052023943399876 2 2 0 3 0 1 1
-0.0017238907050065 2 2 0 3 0 1 3
-0.0140477573771389 2 2 0 3 0 2 2
-0.0116349923540169 2 2 0 3 0 3 0
0.0166562799090958 2 2 0 3 0 3 1
0.0040281025186027 2 2 0 3 0 3 3
0.0025923667245562 2 2 0 3 1 0 0
-0.0025923667245562 2 2 0 3 1 0 3
-0.005034037293661 2 2 0 3 1 1 0
0.0013540946639624 2 2 0 3 1 1 1
0.005034037293661 2 2 0 3 1 1 3
-0.0017504212935198 2 2 0 3 1 2 2
0.0025923667245562 2 2 0 3 1 3 0
-0.0025923667245562 2 2 0 3 1 3 3
-0.0203787219881597 2 2 0 3 2 1 2
0.005034037293661 2 2 0 3 2 2 0
0.0234832379456419 2 2 0 3 2 2 1
-0.005034037293661 2 2 0 3 2 2 3
0.0116349923540169 2 2 0 3 3 0 0
0.0166562799090958 2 2 0 3 3 0 1
-0.0040281025186027 2 2 0 3 3 0 3
-0.0004592535389643 2 2 0 3 3 1 0
-0.0140477573771389 2 2 0 3 3 1 1
-0.0017238907050065 2 2 0 3 3 1 3
0.0052023943399876 2 2 0 3 3 2 2
0.0028653777358757 2 2 0 3 3 3 0
0.0110969979390663 2 2 0 3 3 3 1
0.0047415120995385 2 2 0 3 3 3 3
0.0159724391387831 2 2 1 0 0 0 1
0.018918093131511 2 2 1 0 0 1 1
0.0055426525256546 2 2 1 0 0 2 2
-0.0082386393590734 2 2 1 0 0 3 1
0.01137661459053 2 2 1 0 1 0 0
-0.0109882879946638 2 2 1 0 1 0 1
-0.01137661459053 2 2 1 0 1 0 3
0.0069928876301967 2 2 1 0 1 1 0
-0.0056932302943161 2 2 1 0 1 1 1
0.0062676476488689 2 2 1 0 1 1 3
0.0155850250868878 2 2 1 0 1 2 2
0.01137661459053 2 2 1 0 1 3 0
0.0135913266420114 2 2 1 0 1 3 1
-0.01137661459053 2 2 1 0 1 3 3
-0.0135913266420114 2 2 1 0 2 0 2
0.0276902385240523 2 2 1 0 2 1 2
-0.0069928876301967 2 2 1 0 2 2 0
0.0177984437314806 2 2 1 0 2 2 1
-0.0062676476488689 2 2 1 0 2 2 3
0.0109882879946638 2 2 1 0 2 3 2
-0.000123012637358 2 2 1 0 3 0 1
-0.018918093131511 2 2 1 0 3 1 1
-0.0055426525256546 2 2 1 0 3 2 2
-0.0076107871423516 2 2 1 0 3 3 1
-0.0065664948396043 2 2 1 1 0 0 0
0.0124337008720156 2 2 1 1 0 0 1
-0.0298185856454369 2 2 1 1 0 0 3
-0.0096238569601912 2 2 1 1 0 1 0
0.0096238569601912 2 2 1 1 0 1 3
0.0298185856454369 2 2 1 1 0 3 0
-0.0041805931361527 2 2 1 1 0 3 1
0.0065664948396043 2 2 1 1 0 3 3
-0.0218279317691999 2 2 1 1 1 0 0
-0.0053360229135284 2 2 1 1 1 0 1
0.0158579846853262 2 2 1 1 1 0 3
0.0224115153291548 2 2 1 1 1 1 0
-0.0084375050598521 2 2 1 1 1 1 1
-0.0090838755607738 2 2 1 1 1 1 3
-0.0040311736714334 2 2 1 1 1 2 2
0.0158579846853262 2 2 1 1 1 3 0
-0.0053360229135284 2 2 1 1 1 3 1
-0.0218279317691999 2 2 1 1 1 3 3
-0.0053360229135284 2 2 1 1 2 0 2
0.0084375050598521 2 2 1 1 2 1 2
0.0001324769705681 2 2 1 1 2 2 0
-0.0040311736714334 2 2 1 1 2 2 1
0.0436060183973944 2 2 1 1 2 2 3
-0.0053360229135284 2 2 1 1 2 3 2
0.0065664948396043 2 2 1 1 3 0 0
-0.0041805931361527 2 2 1 1 3 0 1
0.0298185856454369 2 2 1 1 3 0 3
0.0096238569601912 2 2 1 1 3 1 0
-0.0096238569601912 2 2 1 1 3 1 3
-0.0298185856454369 2 2 1 1 3 3 0
0.0124337008720156 2 2 1 1 3 3 1
-0.0065664948396043 2 2 1 1 3 3 3
-0.0041805931361527 2 2 1 2 0 0 2
0.0096238569601912 2 2 1 2 0 2 0
-0.0096238569601912 2 2 1 2 0 2 3
0.0124337008720156 2 2 1 2 0 3 2
0.0053360229135284 2 2 1 2 1 0 2
0.0040311736714334 2 2 1 2 1 1 2
-0.0150729508292227 2 2 1 2 1 2 0
-0.0084375050598521 2 2 1 2 1 2 1
0.0284005905976036 2 2 1 2 1 2 3
0.0053360229135284 2 2 1 2 1 3 2
-0.0218279317691999 2 2 1 2 2 0 0
-0.0053360229135284 2 2 1 2 2 0 1
0.0158579846853262 2 2 1 2 2 0 3
-0.0376169431289456 2 2 1 2 2 1 0
0.0040311736714334 2 2 1 2 2 1 1
-0.006121552239017 2 2 1 2 2 1 3
0.0084375050598521 2 2 1 2 2 2 2
0.0158579846853262 2 2 1 2 2 3 0
-0.0053360229135284 2 2 1 2 2 3 1
-0.0218279317691999 2 2 1 2 2 3 3
0.0124337008720156 2 2 1 2 3 0 2
-0.0096238569601912 2 2 1 2 3 2 0
0.0096238569601912 2 2 1 2 3 2 3
-0.0041805931361527 2 2 1 2 3 3 2
-0.0076107871423516 2 2 1 3 0 0 1
-0.018918093131511 2 2 1 3 0 1 1
-0.0055426525256546 2 2 1 3 0 2 2
-0.000123012637358 2 2 1 3 0 3 1
0.01137661459053 2 2 1 3 1 0 0
-0.0135913266420114 2 2 1 3 1 0 1
-0.01137661459053 2 2 1 3 1 0 3
-0.0062676476488689 2 2 1 3 1 1 0
-0.0276902385240523 2 2 1 3 1 1 1
-0.0069928876301967 2 2 1 3 1 1 3
0.0177984437314806 2 2 1 3 1 2 2
0.01137661459053 2 2 1 3 1 3 0
0.0109882879946638 2 2 1 3 1 3 1
-0.01137661459053 2 2 1 3 1 3 3
-0.0109882879946638 2 2 1 3 2 0 2
0.0056932302943161 2 2 1 3 2 1 2
0.0062676476488689 2 2 1 3 2 2 0
0.0155850250868878 2 2 1 3 2 2 1
0.0069928876301967 2 2 1 3 2 2 3
0.0135913266420114 2 2 1 3 2 3 2
-0.0082386393590734 2 2 1 3 3 0 1
0.018918093131511 2 2 1 3 3 1 1
0.0055426525256546 2 2 1 3 3 2 2
0.0159724391387831 2 2 1 3 3 3 1
0.0159724391387831 2 2 2 0 0 0 2
0.018918093131511 2 2 2 0 0 1 2
-0.0055426525256546 2 2 2 0 0 2 1
-0.0082386393590734 2 2 2 0 0 3 2
0.0135913266420114 2 2 2 0 1 0 2
0.0155850250868878 2 2 2 0 1 1 2
-0.0062676476488689 2 2 2 0 1 2 0
0.0056932302943161 2 2 2 0 1 2 1
-0.0069928876301967 2 2 2 0 1 2 3
-0.0109882879946638 2 2 2 0 1 3 2
-0.01137661459053 2 2 2 0 2 0 0
-0.0109882879946638 2 2 2 0 2 0 1
0.01137661459053 2 2 2 0 2 0 3
-0.0062676476488689 2 2 2 0 2 1 0
0.0177984437314806 2 2 2 0 2 1 1
-0.0069928876301967 2 2 2 0 2 1 3
-0.0276902385240523 2 2 2 0 2 2 2
-0.01137661459053 2 2 2 0 2 3 0
0.0135913266420114 2 2 2 0 2 3 1
0.01137661459053 2 2 2 0 2 3 3
-0.000123012637358 2 2 2 0 3 0 2
-0.018918093131511 2 2 2 0 3 1 2
0.0055426525256546 2 2 2 0 3 2 1
-0.0076107871423516 2 2 2 0 3 3 2
-0.0041805931361527 2 2 2 1 0 0 2
0.0096238569601912 2 2 2 1 0 2 0
-0.0096238569601912 2 2 2 1 0 2 3
0.0124337008720156 2 2 2 1 0 3 2
0.0053360229135284 2 2 2 1 1 0 2
-0.0084375050598521 2 2 2 1 1 1 2
0.0376169431289456 2 2 2 1 1 2 0
0.0040311736714334 2 2 2 1 1 2 1
0.006121552239017 2 2 2 1 1 2 3
0.0053360229135284 2 2 2 1 1 3 2
0.0218279317691999 2 2 2 1 2 0 0
-0.0053360229135284 2 2 2 1 2 0 1
-0.0158579846853262 2 2 2 1 2 0 3
0.0150729508292227 2 2 2 1 2 1 0
-0.0084375050598521 2 2 2 1 2 1 1
-0.0284005905976036 2 2 2 1 2 1 3
-0.0040311736714334 2 2 2 1 2 2 2
-0.0158579846853262 2 2 2 1 2 3 0
-0.0053360229135284 2 2 2 1 2 3 1
0.0218279317691999 2 2 2 1 2 3 3
0.0124337008720156 2 2 2 1 3 0 2
-0.0096238569601912 2 2 2 1 3 2 0
0.0096238569601912 2 2 2 1 3 2 3
-0.0041805931361527 2 2 2 1 3 3 2
0.0298185856454369 2 2 2 2 0 0 0
-0.0124337008720156 2 2 2 2 0 0 1
0.0065664948396043 2 2 2 2 0 0 3
0.0096238569601912 2 2 2 2 0 1 0
-0.0096238569601912 2 2 2 2 0 1 3
-0.0065664948396043 2 2 2 2 0 3 0
0.0041805931361527 2 2 2 2 0 3 1
-0.0298185856454369 2 2 2 2 0 3 3
-0.0218279317691999 2 2 2 2 1 0 0
0.0053360229135284 2 2 2 2 1 0 1
0.0158579846853262 2 2 2 2 1 0 3
-0.0001324769705681 2 2 2 2 1 1 0
-0.0040311736714334 2 2 2 2 1 1 1
-0.0436060183973944 2 2 2 2 1 1 3
-0.0084375050598521 2 2 2 2 1 2 2
0.0158579846853262 2 2 2 2 1 3 0
0.0053360229135284 2 2 2 2 1 3 1
-0.0218279317691999 2 2 2 2 1 3 3
0.0053360229135284 2 2 2 2 2 0 2
0.0040311736714334 2 2 2 2 2 1 2
-0.0224115153291548 2 2 2 2 2 2 0
-0.0084375050598521 2 2 2 2 2 2 1
0.0090838755607738 2 2 2 2 2 2 3
0.0053360229135284 2 2 2 2 2 3 2
-0.0298185856454369 2 2 2 2 3 0 0
0.0041805931361527 2 2 2 2 3 0 1
-0.0065664948396043 2 2 2 2 3 0 3
-0.0096238569601912 2 2 2 2 3 1 0
0.0096238569601912 2 2 2 2 3 1 3
0.0065664948396043 2 2 2 2 3 3 0
-0.0124337008720156 2 2 2 2 3 3 1
0.0298185856454369 2 2 2 2 3 3 3
-0.0076107871423516 2 2 2 3 0 0 2
-0.018918093131511 2 2 2 3 0 1 2
0.0055426525256546 2 2 2 3 0 2 1
-0.000123012637358 2 2 2 3 0 3 2
0.0109882879946638 2 2 2 3 1 0 2
0.0177984437314806 2 2 2 3 1 1 2
0.0069928876301967 2 2 2 3 1 2 0
0.0276902385240523 2 2 2 3 1 2 1
0.0062676476488689 2 2 2 3 1 2 3
-0.0135913266420114 2 2 2 3 1 3 2
-0.01137661459053 2 2 2 3 2 0 0
-0.0135913266420114 2 2 2 3 2 0 1
0.01137661459053 2 2 2 3 2 0 3
0.0069928876301967 2 2 2 3 2 1 0
0.0155850250868878 2 2 2 3 2 1 1
0.0062676476488689 2 2 2 3 2 1 3
-0.0056932302943161 2 2 2 3 2 2 2
-0.01137661459053 2 2 2 3 2 3 0
0.0109882879946638 2 2 2 3 2 3 1
0.01137661459053 2 2 2 3 2 3 3
-0.0082386393590734 2 2 2 3 3 0 2
0.018918093131511 2 2 2 3 3 1 2
-0.0055426525256546 2 2 2 3 3 2 1
0.0159724391387831 2 2 2 3 3 3 2
-0.0116349923540169 2 2 3 0 0 0 0
0.0126186913407381 2 2 3 0 0 0 1
0.0040281025186027 2 2 3 0 0 0 3
-0.0025149090696602 2 2 3 0 0 1 0
0.0052023943399876 2 2 3 0 0 1 1
0.0003317648256895 2 2 3 0 0 1 3
-0.0140477573771389 2 2 3 0 0 2 2
-0.0028653777358757 2 2 3 0 0 3 0
0.0070594093707087 2 2 3 0 0 3 1
-0.0047415120995385 2 2 3 0 0 3 3
0.0025923667245562 2 2 3 0 1 0 0
-0.0025923667245562 2 2 3 0 1 0 3
0.005034037293661 2 2 3 0 1 1 0
-0.0131422117056197 2 2 3 0 1 1 1
-0.005034037293661 2 2 3 0 1 1 3
-0.0183624431698085 2 2 3 0 1 2 2
0.0025923667245562 2 2 3 0 1 3 0
-0.0025923667245562 2 2 3 0 1 3 3
0.0085906049465024 2 2 3 0 2 1 2
-0.005034037293661 2 2 3 0 2 2 0
-0.0033703734823136 2 2 3 0 2 2 1
0.005034037293661 2 2 3 0 2 2 3
0.0028653777358757 2 2 3 0 3 0 0
0.0070594093707087 2 2 3 0 3 0 1
0.0047415120995385 2 2 3 0 3 0 3
-0.0025149090696602 2 2 3 0 3 1 0
-0.0140477573771389 2 2 3 0 3 1 1
0.0003317648256895 2 2 3 0 3 1 3
0.0052023943399876 2 2 3 0 3 2 2
0.0116349923540169 2 2 3 0 3 3 0
0.0126186913407381 2 2 3 0 3 3 1
-0.0040281025186027 2 2 3 0 3 3 3
0.0182676250365598 2 2 3 1 0 0 0
-0.0062755252113787 2 2 3 1 0 0 1
-0.0271693563162418 2 2 3 1 0 0 3
-0.0005994847660576 2 2 3 1 0 1 0
0.0122393527695785 2 2 3 1 0 1 1
0.0005994847660576 2 2 3 1 0 1 3
0.0051924531831565 2 2 3 1 0 2 2
0.007344197477792 2 2 3 1 0 3 0
-0.0062755252113787 2 2 3 1 0 3 1
-0.0162459287574739 2 2 3 1 0 3 3
0.0043459194483648 2 2 3 1 1 0 0
-0.0248494691146788 2 2 3 1 1 0 1
-0.0018555639098494 2 2 3 1 1 0 3
-0.0092360015323693 2 2 3 1 1 1 0
0.0098732652196143 2 2 3 1 1 1 1
-0.0066103544757047 2 2 3 1 1 1 3
-0.0071214907506931 2 2 3 1 1 2 2
-0.0149903850629279 2 2 3 1 1 3 0
-0.0239199185192297 2 2 3 1 1 3 1
0.0125000295244126 2 2 3 1 1 3 3
-0.0122184971366685 2 2 3 1 2 0 2
-0.0071214907506931 2 2 3 1 2 1 2
0.0066103544757047 2 2 3 1 2 2 0
-0.0098732652196143 2 2 3 1 2 2 1
0.0092360015323693 2 2 3 1 2 2 3
-0.0131480477321177 2 2 3 1 2 3 2
-0.0271693563162418 2 2 3 1 3 0 0
0.0027355621690803 2 2 3 1 3 0 1
0.0182676250365598 2 2 3 1 3 0 3
0.0005994847660576 2 2 3 1 3 1 0
-0.0122393527695785 2 2 3 1 3 1 1
-0.0005994847660576 2 2 3 1 3 1 3
-0.0051924531831565 2 2 3 1 3 2 2
-0.0162459287574739 2 2 3 1 3 3 0
0.0027355621690803 2 2 3 1 3 3 1
0.007344197477792 2 2 3 1 3 3 3
0.0062755252113787 2 2 3 2 0 0 2
-0.0122393527695785 2 2 3 2 0 1 2
0.0005994847660576 2 2 3 2 0 2 0
0.0051924531831565 2 2 3 2 0 2 1
-0.0005994847660576 2 2 3 2 0 2 3
0.0062755252113787 2 2 3 2 0 3 2
0.0122184971366685 2 2 3 2 1 0 2
-0.0071214907506931 2 2 3 2 1 1 2
0.0066103544757047 2 2 3 2 1 2 0
-0.0098732652196143 2 2 3 2 1 2 1
0.0092360015323693 2 2 3 2 1 2 3
0.0131480477321177 2 2 3 2 1 3 2
-0.0112682090136468 2 2 3 2 2 0 0
-0.0248494691146788 2 2 3 2 2 0 1
-0.0050667256554326 2 2 3 2 2 0 3
0.0092360015323693 2 2 3 2 2 1 0
-0.0098732652196143 2 2 3 2 2 1 1
0.0066103544757047 2 2 3 2 2 1 3
0.0071214907506931 2 2 3 2 2 2 2
0.02191267462821 2 2 3 2 2 3 0
-0.0239199185192297 2 2 3 2 2 3 1
-0.0055777399591305 2 2 3 2 2 3 3
-0.0027355621690803 2 2 3 2 3 0 2
0.0122393527695785 2 2 3 2 3 1 2
-0.0005994847660576 2 2 3 2 3 2 0
-0.0051924531831565 2 2 3 2 3 2 1
0.0005994847660576 2 2 3 2 3 2 3
-0.0027355621690803 2 2 3 2 3 3 2
0.0028653777358757 2 2 3 3 0 0 0
-0.0126186913407381 2 2 3 3 0 0 1
0.0047415120995385 2 2 3 3 0 0 3
0.0136039940442627 2 2 3 3 0 1 0
-0.0140477573771389 2 2 3 3 0 1 1
-0.0157871382882335 2 2 3 3 0 1 3
0.0052023943399876 2 2 3 3 0 2 2
0.0116349923540169 2 2 3 3 0 3 0
-0.0070594093707087 2 2 3 3 0 3 1
-0.0040281025186027 2 2 3 3 0 3 3
0.0025923667245562 2 2 3 3 1 0 0
-0.0025923667245562 2 2 3 3 1 0 3
-0.005034037293661 2 2 3 3 1 1 0
0.0016058071285712 2 2 3 3 1 1 1
0.005034037293661 2 2 3 3 1 1 3
-0.001498708828911 2 2 3 3 1 2 2
0.0025923667245562 2 2 3 3 1 3 0
-0.0025923667245562 2 2 3 3 1 3 3
0.0233386237806933 2 2 3 3 2 1 2
0.005034037293661 2 2 3 3 2 2 0
-0.0202341078232111 2 2 3 3 2 2 1
-0.005034037293661 2 2 3 3 2 2 3
-0.0116349923540169 2 2 3 3 3 0 0
-0.0070594093707087 2 2 3 3 3 0 1
0.0040281025186027 2 2 3 3 3 0 3
0.0136039940442627 2 2 3 3 3 1 0
0.0052023943399876 2 2 3 3 3 1 1
-0.0157871382882335 2 2 3 3 3 1 3
-0.0140477573771389 2 2 3 3 3 2 2
-0.0028653777358757 2 2 3 3 3 3 0
-0.0126186913407381 2 2 3 3 3 3 1
-0.0047415120995385 2 2 3 3 3 3 3
0.0108890126562149 2 3 0 0 0 0 2
-0.0050986209841863 2 3 0 0 0 1 2
0.0050137826515488 2 3 0 0 0 2 1
0.0108890126562149 2 3 0 0 0 3 2
0.0149162734043719 2 3 0 0 1 0 2
-0.0068480219230977 2 3 0 0 1 1 2
0.0008538407628473 2 3 0 0 1 2 0
0.0093557962841652 2 3 0 0 1 2 1
-0.0008538407628473 2 3 0 0 1 2 3
0.0054712535315191 2 3 0 0 1 3 2
-0.0094868287900514 2 3 0 0 2 0 0
-0.0149162734043719 2 3 0 0 2 0 1
-0.0094868287900514 2 3 0 0 2 0 3
-0.0008538407628473 2 3 0 0 2 1 0
-0.0093557962841652 2 3 0 0 2 1 1
0.0008538407628473 2 3 0 0 2 1 3
-0.0068480219230977 2 3 0 0 2 2 2
-0.0094868287900514 2 3 0 0 2 3 0
-0.0054712535315191 2 3 0 0 2 3 1
-0.0094868287900514 2 3 0 0 2 3 3
0.0108890126562149 2 3 0 0 3 0 2
-0.0050986209841863 2 3 0 0 3 1 2
0.0050137826515488 2 3 0 0 3 2 1
0.0108890126562149 2 3 0 0 3 3 2
-0.0244591056734665 2 3 0 1 0 0 2
0.0035058458258444 2 3 0 1 0 1 2
0.0035058458258444 2 3 0 1 0 2 1
-0.013700261193003 2 3 0 1 0 3 2
0.0105005252306523 2 3 0 1 1 0 2
-2.46935372001e-05 2 3 0 1 1 1 2
-0.0098809603240247 2 3 0 1 1 2 0
2.46935372001e-05 2 3 0 1 1 2 1
-0.0085112373312772 2 3 0 1 1 2 3
0.0105005252306523 2 3 0 1 1 3 2
-0.0060855279787357 2 3 0 1 2 0 0
0.0105005252306523 2 3 0 1 2 0 1
-0.0060855279787357 2 3 0 1 2 0 3
-0.0098809603240247 2 3 0 1 2 1 0
2.46935372001e-05 2 3 0 1 2 1 1
-0.0085112373312772 2 3 0 1 2 1 3
2.46935372001e-05 2 3 0 1 2 2 2
0.0060855279787357 2 3 0 1 2 3 0
0.0105005252306523 2 3 0 1 2 3 1
0.0060855279787357 2 3 0 1 2 3 3
-0.0244591056734665 2 3 0 1 3 0 2
0.0035058458258444 2 3 0 1 3 1 2
0.0035058458258444 2 3 0 1 3 2 1
-0.013700261193003 2 3 0 1 3 3 2
0.0165908423012935 2 3 0 2 0 0 0
-0.0208484227646396 2 3 0 2 0 0 1
-0.0228936049030021 2 3 0 2 0 0 3
-0.0035058458258444 2 3 0 2 0 1 1
0.0035058458258444 2 3 0 2 0 2 2
0.0165908423012935 2 3 0 2 0 3 0
-0.0100895782841762 2 3 0 2 0 3 1
-0.0228936049030021 2 3 0 2 0 3 3
-0.0002629685804386 2 3 0 2 1 0 0
0.0105005252306523 2 3 0 2 1 0 1
-0.0002629685804386 2 3 0 2 1 0 3
0.0098809603240247 2 3 0 2 1 1 0
-2.46935372001e-05 2 3 0 2 1 1 1
0.0085112373312772 2 3 0 2 1 1 3
-2.46935372001e-05 2 3 0 2 1 2 2
0.0002629685804386 2 3 0 2 1 3 0
0.0105005252306523 2 3 0 2 1 3 1
0.0002629685804386 2 3 0 2 1 3 3
-0.0105005252306523 2 3 0 2 2 0 2
-2.46935372001e-05 2 3 0 2 2 1 2
-0.0098809603240247 2 3 0 2 2 2 0
2.46935372001e-05 2 3 0 2 2 2 1
-0.0085112373312772 2 3 0 2 2 2 3
-0.0105005252306523 2 3 0 2 2 3 2
-0.0228936049030021 2 3 0 2 3 0 0
-0.0208484227646396 2 3 0 2 3 0 1
0.0165908423012935 2 3 0 2 3 0 3
-0.0035058458258444 2 3 0 2 3 1 1
0.0035058458258444 2 3 0 2 3 2 2
-0.0228936049030021 2 3 0 2 3 3 0
-0.0100895782841762 2 3 0 2 3 3 1
0.0165908423012935 2 3 0 2 3 3 3
0.0108890126562149 2 3 0 3 0 0 2
-0.0050986209841863 2 3 0 3 0 1 2
0.0050137826515488 2 3 0 3 0 2 1
0.0108890126562149 2 3 0 3 0 3 2
-0.0149162734043719 2 3 0 3 1 0 2
-0.0017757658996253 2 3 0 3 1 1 2
-0.0008538407628473 2 3 0 3 1 2 0
0.0042835402606928 2 3 0 3 1 2 1
0.0008538407628473 2 3 0 3 1 2 3
-0.0054712535315191 2 3 0 3 1 3 2
-0.0094868287900514 2 3 0 3 2 0 0
0.0149162734043719 2 3 0 3 2 0 1
-0.0094868287900514 2 3 0 3 2 0 3
0.0008538407628473 2 3 0 3 2 1 0
-0.0042835402606928 2 3 0 3 2 1 1
-0.0008538407628473 2 3 0 3 2 1 3
-0.0017757658996253 2 3 0 3 2 2 2
-0.0094868287900514 2 3 0 3 2 3 0
0.0054712535315191 2 3 0 3 2 3 1
-0.0094868287900514 2 3 0 3 2 3 3
0.0108890126562149 2 3 0 3 3 0 2
-0.0050986209841863 2 3 0 3 3 1 2
0.0050137826515488 2 3 0 3 3 2 1
0.0108890126562149 2 3 0 3 3 3 2
-0.0028912085189141 2 3 1 0 0 0 2
0.0048189982894464 2 3 1 0 0 1 2
-0.0159979395836006 2 3 1 0 0 2 0
-0.0048189982894464 2 3 1 0 0 2 1
-0.0159979395836006 2 3 1 0 0 2 3
-0.0028912085189141 2 3 1 0 0 3 2
-0.0035175258441234 2 3 1 0 1 0 2
-0.0104922037786364 2 3 1 0 1 1 2
0.0051518437028588 2 3 1 0 1 2 0
-0.0104922037786364 2 3 1 0 1 2 1
-0.0011592412821418 2 3 1 0 1 2 3
0.0024138468853542 2 3 1 0 1 3 2
-0.0035175258441234 2 3 1 0 2 0 1
-0.0011592412821418 2 3 1 0 2 1 0
-0.0104922037786364 2 3 1 0 2 1 1
0.0051518437028588 2 3 1 0 2 1 3
0.0104922037786364 2 3 1 0 2 2 2
0.0024138468853542 2 3 1 0 2 3 1
0.0028912085189141 2 3 1 0 3 0 2
-0.0048189982894464 2 3 1 0 3 1 2
0.0159979395836006 2 3 1 0 3 2 0
0.0048189982894464 2 3 1 0 3 2 1
0.0159979395836006 2 3 1 0 3 2 3
0.0028912085189141 2 3 1 0 3 3 2
0.0115075902579091 2 3 1 1 0 0 2
0.0129571651797982 2 3 1 1 0 1 2
0.0208434553149116 2 3 1 1 0 2 0
-0.0152691442866864 2 3 1 1 0 2 1
-0.0004941581512026 2 3 1 1 0 2 3
-0.0007805993862855 2 3 1 1 0 3 2
-0.0198241706592025 2 3 1 1 1 0 2
2.8280219135e-06 2 3 1 1 1 1 2
0.0175360165532189 2 3 1 1 1 2 0
-2.8280219135e-06 2 3 1 1 1 2 1
-0.0175360165532189 2 3 1 1 1 2 3
0.0117072167111189 2 3 1 1 1 3 2
-0.0021353272884819 2 3 1 1 2 0 0
0.0128677951486735 2 3 1 1 2 0 1
-0.0021353272884819 2 3 1 1 2 0 3
0.0070617620611766 2 3 1 1 2 1 0
2.8280219135e-06 2 3 1 1 2 1 1
-0.0070617620611766 2 3 1 1 2 1 3
2.8280219135e-06 2 3 1 1 2 2 2
0.0021353272884819 2 3 1 1 2 3 0
-0.0047508412005899 2 3 1 1 2 3 1
0.0021353272884819 2 3 1 1 2 3 3
0.0007805993862855 2 3 1 1 3 0 2
-0.0152691442866864 2 3 1 1 3 1 2
-0.0004941581512026 2 3 1 1 3 2 0
0.0129571651797982 2 3 1 1 3 2 1
0.0208434553149116 2 3 1 1 3 2 3
-0.0115075902579091 2 3 1 1 3 3 2
0.0121601305851491 2 3 1 2 0 0 0
0.0007805993862855 2 3 1 2 0 0 1
0.0121601305851491 2 3 1 2 0 0 3
0.0129272428087463 2 3 1 2 0 1 0
-0.0152691442866864 2 3 1 2 0 1 1
-0.0084103706573679 2 3 1 2 0 1 3
-0.0129571651797982 2 3 1 2 0 2 2
0.0026366897337445 2 3 1 2 0 3 0
-0.0115075902579091 2 3 1 2 0 3 1
0.0026366897337445 2 3 1 2 0 3 3
-0.0021353272884819 2 3 1 2 1 0 0
-0.0128677951486735 2 3 1 2 1 0 1
-0.0021353272884819 2 3 1 2 1 0 3
0.0020157434155514 2 3 1 2 1 1 0
-2.8280219135e-06 2 3 1 2 1 1 1
-0.0020157434155514 2 3 1 2 1 1 3
-2.8280219135e-06 2 3 1 2 1 2 2
0.0021353272884819 2 3 1 2 1 3 0
0.0047508412005899 2 3 1 2 1 3 1
0.0021353272884819 2 3 1 2 1 3 3
-0.0198241706592025 2 3 1 2 2 0 2
2.8280219135e-06 2 3 1 2 2 1 2
-0.0124899979075937 2 3 1 2 2 2 0
-2.8280219135e-06 2 3 1 2 2 2 1
0.0124899979075937 2 3 1 2 2 2 3
0.0117072167111189 2 3 1 2 2 3 2
0.0026366897337445 2 3 1 2 3 0 0
0.0115075902579091 2 3 1 2 3 0 1
0.0026366897337445 2 3 1 2 3 0 3
-0.0084103706573679 2 3 1 2 3 1 0
0.0129571651797982 2 3 1 2 3 1 1
0.0129272428087463 2 3 1 2 3 1 3
0.0152691442866864 2 3 1 2 3 2 2
0.0121601305851491 2 3 1 2 3 3 0
-0.0007805993862855 2 3 1 2 3 3 1
0.0121601305851491 2 3 1 2 3 3 3
-0.0028912085189141 2 3 1 3 0 0 2
0.0048189982894464 2 3 1 3 0 1 2
0.0083300177218457 2 3 1 3 0 2 0
-0.0048189982894464 2 3 1 3 0 2 1
0.0083300177218457 2 3 1 3 0 2 3
-0.0028912085189141 2 3 1 3 0 3 2
0.0028436143189243 2 3 1 3 1 0 2
-0.0104922037786364 2 3 1 3 1 1 2
0.0051518437028588 2 3 1 3 1 2 0
-0.0104922037786364 2 3 1 3 1 2 1
-0.0011592412821418 2 3 1 3 1 2 3
-0.0030877584105533 2 3 1 3 1 3 2
0.0028436143189243 2 3 1 3 2 0 1
-0.0011592412821418 2 3 1 3 2 1 0
-0.0104922037786364 2 3 1 3 2 1 1
0.0051518437028588 2 3 1 3 2 1 3
0.0104922037786364 2 3 1 3 2 2 2
-0.0030877584105533 2 3 1 3 2 3 1
0.0028912085189141 2 3 1 3 3 0 2
-0.0048189982894464 2 3 1 3 3 1 2
-0.0083300177218457 2 3 1 3 3 2 0
0.0048189982894464 2 3 1 3 3 2 1
-0.0083300177218457 2 3 1 3 3 2 3
0.0028912085189141 2 3 1 3 3 3 2
-0.0031390536381068 2 3 2 0 0 0 0
-0.0028912085189141 2 3 2 0 0 0 1
-0.0031390536381068 2 3 2 0 0 0 3
0.0159979395836006 2 3 2 0 0 1 0
0.0048189982894464 2 3 2 0 0 1 1
0.0159979395836006 2 3 2 0 0 1 3
0.0048189982894464 2 3 2 0 0 2 2
-0.0031390536381068 2 3 2 0 0 3 0
-0.0028912085189141 2 3 2 0 0 3 1
-0.0031390536381068 2 3 2 0 0 3 3
-0.0030877584105533 2 3 2 0 1 0 1
0.0011592412821418 2 3 2 0 1 1 0
0.0104922037786364 2 3 2 0 1 1 1
-0.0051518437028588 2 3 2 0 1 1 3
-0.0104922037786364 2 3 2 0 1 2 2
0.0028436143189243 2 3 2 0 1 3 1
0.0030877584105533 2 3 2 0 2 0 2
-0.0104922037786364 2 3 2 0 2 1 2
0.0051518437028588 2 3 2 0 2 2 0
-0.0104922037786364 2 3 2 0 2 2 1
-0.0011592412821418 2 3 2 0 2 2 3
-0.0028436143189243 2 3 2 0 2 3 2
0.0031390536381068 2 3 2 0 3 0 0
0.0028912085189141 2 3 2 0 3 0 1
0.0031390536381068 2 3 2 0 3 0 3
-0.0159979395836006 2 3 2 0 3 1 0
-0.0048189982894464 2 3 2 0 3 1 1
-0.0159979395836006 2 3 2 0 3 1 3
-0.0048189982894464 2 3 2 0 3 2 2
0.0031390536381068 2 3 2 0 3 3 0
0.0028912085189141 2 3 2 0 3 3 1
0.0031390536381068 2 3 2 0 3 3 3
0.0121601305851491 2 3 2 1 0 0 0
-0.0007805993862855 2 3 2 1 0 0 1
0.0121601305851491 2 3 2 1 0 0 3
-0.0084103706573679 2 3 2 1 0 1 0
-0.0152691442866864 2 3 2 1 0 1 1
0.0129272428087463 2 3 2 1 0 1 3
-0.0129571651797982 2 3 2 1 0 2 2
0.0026366897337445 2 3 2 1 0 3 0
0.0115075902579091 2 3 2 1 0 3 1
0.0026366897337445 2 3 2 1 0 3 3
-0.0021353272884819 2 3 2 1 1 0 0
0.0047508412005899 2 3 2 1 1 0 1
-0.0021353272884819 2 3 2 1 1 0 3
-0.0175360165532189 2 3 2 1 1 1 0
2.8280219135e-06 2 3 2 1 1 1 1
0.0175360165532189 2 3 2 1 1 1 3
2.8280219135e-06 2 3 2 1 1 2 2
0.0021353272884819 2 3 2 1 1 3 0
-0.0128677951486735 2 3 2 1 1 3 1
0.0021353272884819 2 3 2 1 1 3 3
0.0117072167111189 2 3 2 1 2 0 2
-2.8280219135e-06 2 3 2 1 2 1 2
0.0070617620611766 2 3 2 1 2 2 0
2.8280219135e-06 2 3 2 1 2 2 1
-0.0070617620611766 2 3 2 1 2 2 3
-0.0198241706592025 2 3 2 1 2 3 2
0.0026366897337445 2 3 2 1 3 0 0
-0.0115075902579091 2 3 2 1 3 0 1
0.0026366897337445 2 3 2 1 3 0 3
0.0129272428087463 2 3 2 1 3 1 0
0.0129571651797982 2 3 2 1 3 1 1
-0.0084103706573679 2 3 2 1 3 1 3
0.0152691442866864 2 3 2 1 3 2 2
0.0121601305851491 2 3 2 1 3 3 0
0.0007805993862855 2 3 2 1 3 3 1
0.0121601305851491 2 3 2 1 3 3 3
0.0115075902579091 2 3 2 2 0 0 2
-0.0129571651797982 2 3 2 2 0 1 2
0.0004941581512026 2 3 2 2 0 2 0
0.0152691442866864 2 3 2 2 0 2 1
-0.0208434553149116 2 3 2 2 0 2 3
-0.0007805993862855 2 3 2 2 0 3 2
-0.0117072167111189 2 3 2 2 1 0 2
2.8280219135e-06 2 3 2 2 1 1 2
0.0020157434155514 2 3 2 2 1 2 0
-2.8280219135e-06 2 3 2 2 1 2 1
-0.0020157434155514 2 3 2 2 1 2 3
0.0198241706592025 2 3 2 2 1 3 2
0.0021353272884819 2 3 2 2 2 0 0
0.0047508412005899 2 3 2 2 2 0 1
0.0021353272884819 2 3 2 2 2 0 3
0.0124899979075937 2 3 2 2 2 1 0
2.8280219135e-06 2 3 2 2 2 1 1
-0.0124899979075937 2 3 2 2 2 1 3
2.8280219135e-06 2 3 2 2 2 2 2
-0.0021353272884819 2 3 2 2 2 3 0
-0.0128677951486735 2 3 2 2 2 3 1
-0.0021353272884819 2 3 2 2 2 3 3
0.0007805993862855 2 3 2 2 3 0 2
0.0152691442866864 2 3 2 2 3 1 2
-0.0208434553149116 2 3 2 2 3 2 0
-0.0129571651797982 2 3 2 2 3 2 1
0.0004941581512026 2 3 2 2 3 2 3
-0.0115075902579091 2 3 2 2 3 3 2
-0.0031390536381068 2 3 2 3 0 0 0
-0.0028912085189141 2 3 2 3 0 0 1
-0.0031390536381068 2 3 2 3 0 0 3
-0.0083300177218457 2 3 2 3 0 1 0
0.0048189982894464 2 3 2 3 0 1 1
-0.0083300177218457 2 3 2 3 0 1 3
0.0048189982894464 2 3 2 3 0 2 2
-0.0031390536381068 2 3 2 3 0 3 0
-0.0028912085189141 2 3 2 3 0 3 1
-0.0031390536381068 2 3 2 3 0 3 3
0.0024138468853542 2 3 2 3 1 0 1
0.0011592412821418 2 3 2 3 1 1 0
0.0104922037786364 2 3 2 3 1 1 1
-0.0051518437028588 2 3 2 3 1 1 3
-0.0104922037786364 2 3 2 3 1 2 2
-0.0035175258441234 2 3 2 3 1 3 1
-0.0024138468853542 2 3 2 3 2 0 2
-0.0104922037786364 2 3 2 3 2 1 2
0.0051518437028588 2 3 2 3 2 2 0
-0.0104922037786364 2 3 2 3 2 2 1
-0.0011592412821418 2 3 2 3 2 2 3
0.0035175258441234 2 3 2 3 2 3 2
0.0031390536381068 2 3 2 3 3 0 0
0.0028912085189141 2 3 2 3 3 0 1
0.0031390536381068 2 3 2 3 3 0 3
0.0083300177218457 2 3 2 3 3 1 0
-0.0048189982894464 2 3 2 3 3 1 1
0.0083300177218457 2 3 2 3 3 1 3
-0.0048189982894464 2 3 2 3 3 2 2
0.0031390536381068 2 3 2 3 3 3 0
0.0028912085189141 2 3 2 3 3 3 1
0.0031390536381068 2 3 2 3 3 3 3
0.0108890126562149 2 3 3 0 0 0 2
0.0050986209841863 2 3 3 0 0 1 2
-0.0050137826515488 2 3 3 0 0 2 1
0.0108890126562149 2 3 3 0 0 3 2
0.0149162734043719 2 3 3 0 1 0 2
-0.0068480219230977 2 3 3 0 1 1 2
-0.0008538407628473 2 3 3 0 1 2 0
0.0093557962841652 2 3 3 0 1 2 1
0.0008538407628473 2 3 3 0 1 2 3
0.0054712535315191 2 3 3 0 1 3 2
-0.0094868287900514 2 3 3 0 2 0 0
-0.0149162734043719 2 3 3 0 2 0 1
-0.0094868287900514 2 3 3 0 2 0 3
0.0008538407628473 2 3 3 0 2 1 0
-0.0093557962841652 2 3 3 0 2 1 1
-0.0008538407628473 2 3 3 0 2 1 3
-0.0068480219230977 2 3 3 0 2 2 2
-0.0094868287900514 2 3 3 0 2 3 0
-0.0054712535315191 2 3 3 0 2 3 1
-0.0094868287900514 2 3 3 0 2 3 3
0.0108890126562149 2 3 3 0 3 0 2
0.0050986209841863 2 3 3 0 3 1 2
-0.0050137826515488 2 3 3 0 3 2 1
0.0108890126562149 2 3 3 0 3 3 2
-0.0100895782841762 2 3 3 1 0 0 2
-0.0035058458258444 2 3 3 1 0 1 2
-0.0035058458258444 2 3 3 1 0 2 1
-0.0208484227646396 2 3 3 1 0 3 2
-0.0105005252306523 2 3 3 1 1 0 2
2.46935372001e-05 2 3 3 1 1 1 2
0.0085112373312772 2 3 3 1 1 2 0
-2.46935372001e-05 2 3 3 1 1 2 1
0.0098809603240247 2 3 3 1 1 2 3
-0.0105005252306523 2 3 3 1 1 3 2
-0.000366492096684 2 3 3 1 2 0 0
-0.0105005252306523 2 3 3 1 2 0 1
-0.000366492096684 2 3 3 1 2 0 3
0.0085112373312772 2 3 3 1 2 1 0
-2.46935372001e-05 2 3 3 1 2 1 1
0.0098809603240247 2 3 3 1 2 1 3
-2.46935372001e-05 2 3 3 1 2 2 2
0.000366492096684 2 3 3 1 2 3 0
-0.0105005252306523 2 3 3 1 2 3 1
0.000366492096684 2 3 3 1 2 3 3
-0.0100895782841762 2 3 3 1 3 0 2
-0.0035058458258444 2 3 3 1 3 1 2
-0.0035058458258444 2 3 3 1 3 2 1
-0.0208484227646396 2 3 3 1 3 3 2
-0.0165908423012935 2 3 3 2 0 0 0
-0.013700261193003 2 3 3 2 0 0 1
0.0228936049030021 2 3 3 2 0 0 3
0.0035058458258444 2 3 3 2 0 1 1
-0.0035058458258444 2 3 3 2 0 2 2
-0.0165908423012935 2 3 3 2 0 3 0
-0.0244591056734665 2 3 3 2 0 3 1
0.0228936049030021 2 3 3 2 0 3 3
-0.0059820044624903 2 3 3 2 1 0 0
-0.0105005252306523 2 3 3 2 1 0 1
-0.0059820044624903 2 3 3 2 1 0 3
-0.0085112373312772 2 3 3 2 1 1 0
2.46935372001e-05 2 3 3 2 1 1 1
-0.0098809603240247 2 3 3 2 1 1 3
2.46935372001e-05 2 3 3 2 1 2 2
0.0059820044624903 2 3 3 2 1 3 0
-0.0105005252306523 2 3 3 2 1 3 1
0.0059820044624903 2 3 3 2 1 3 3
0.0105005252306523 2 3 3 2 2 0 2
2.46935372001e-05 2 3 3 2 2 1 2
0.0085112373312772 2 3 3 2 2 2 0
-2.46935372001e-05 2 3 3 2 2 2 1
0.0098809603240247 2 3 3 2 2 2 3
0.0105005252306523 2 3 3 2 2 3 2
0.0228936049030021 2 3 3 2 3 0 0
-0.013700261193003 2 3 3 2 3 0 1
-0.0165908423012935 2 3 3 2 3 0 3
0.0035058458258444 2 3 3 2 3 1 1
-0.0035058458258444 2 3 3 2 3 2 2
0.0228936049030021 2 3 3 2 3 3 0
-0.0244591056734665 2 3 3 2 3 3 1
-0.0165908423012935 2 3 3 2 3 3 3
0.0108890126562149 2 3 3 3 0 0 2
0.0050986209841863 2 3 3 3 0 1 2
-0.0050137826515488 2 3 3 3 0 2 1
0.0108890126562149 2 3 3 3 0 3 2
-0.0149162734043719 2 3 3 3 1 0 2
-0.0017757658996253 2 3 3 3 1 1 2
0.0008538407628473 2 3 3 3 1 2 0
0.0042835402606928 2 3 3 3 1 2 1
-0.0008538407628473 2 3 3 3 1 2 3
-0.0054712535315191 2 3 3 3 1 3 2
-0.0094868287900514 2 3 3 3 2 0 0
0.0149162734043719 2 3 3 3 2 0 1
-0.0094868287900514 2 3 3 3 2 0 3
-0.0008538407628473 2 3 3 3 2 1 0
-0.0042835402606928 2 3 3 3 2 1 1
0.0008538407628473 2 3 3 3 2 1 3
-0.0017757658996253 2 3 3 3 2 2 2
-0.0094868287900514 2 3 3 3 2 3 0
0.0054712535315191 2 3 3 3 2 3 1
-0.0094868287900514 2 3 3 3 2 3 3
0.0108890126562149 2 3 3 3 3 0 2
0.0050986209841863 2 3 3 3 3 1 2
-0.0050137826515488 2 3 3 3 3 2 1
0.0108890126562149 2 3 3 3 3 3 2
0.0172486834873618 3 0 0 0 0 0 0
-0.0190999032820313 3 0 0 0 0 0 1
-0.0140058075286811 3 0 0 0 0 0 3
-0.0023719589958505 3 0 0 0 0 1 0
-0.0053976385789395 3 0 0 0 0 1 1
0.0023719589958505 3 0 0 0 0 1 3
-0.0053976385789395 3 0 0 0 0 2 2
-0.018197898880124 3 0 0 0 0 3 0
0.0187565254444895 3 0 0 0 0 3 1
0.0149550229214434 3 0 0 0 0 3 3
0.0048460321514751 3 0 0 0 1 0 1
0.0189016287751967 3 0 0 0 1 1 0
-0.0049483479948148 3 0 0 0 1 1 1
0.0189016287751967 3 0 0 0 1 1 3
0.0026780836498224 3 0 0 0 1 2 2
-0.0062845543400564 3 0 0 0 1 3 1
-0.0062845543400564 3 0 0 0 2 0 2
0.0026780836498224 3 0 0 0 2 1 2
-0.0011865995121439 3 0 0 0 2 2 0
0.0049483479948148 3 0 0 0 2 2 1
-0.0011865995121439 3 0 0 0 2 2 3
0.0048460321514751 3 0 0 0 2 3 2
0.0149550229214434 3 0 0 0 3 0 0
0.0187565254444895 3 0 0 0 3 0 1
-0.018197898880124 3 0 0 0 3 0 3
-0.0023719589958505 3 0 0 0 3 1 0
-0.0053976385789395 3 0 0 0 3 1 1
0.0023719589958505 3 0 0 0 3 1 3
-0.0053976385789395 3 0 0 0 3 2 2
-0.0140058075286811 3 0 0 0 3 3 0
-0.0190999032820313 3 0 0 0 3 3 1
0.0172486834873618 3 0 0 0 3 3 3
0.0055423575968556 3 0 0 1 0 0 0
-0.0159966673417295 3 0 0 1 0 0 1
0.039231513104046 3 0 0 1 0 0 3
0.0094810050365133 3 0 0 1 0 1 0
0.0027283197992539 3 0 0 1 0 1 1
-0.0094810050365133 3 0 0 1 0 1 3
-0.0004949139546612 3 0 0 1 0 2 2
-0.0304993161280994 3 0 0 1 0 3 0
-0.0159966673417295 3 0 0 1 0 3 1
0.0031898393790911 3 0 0 1 0 3 3
-0.0017215397545178 3 0 0 1 1 0 1
-0.0164807185187172 3 0 0 1 1 1 0
0.0008482224026719 3 0 0 1 1 1 1
0.0156057498733384 3 0 0 1 1 1 3
0.0008482224026719 3 0 0 1 1 2 2
-0.0017215397545178 3 0 0 1 1 3 1
0.0006616665582489 3 0 0 1 2 0 2
0.0008482224026719 3 0 0 1 2 1 2
0.0156057498733384 3 0 0 1 2 2 0
-0.0008482224026719 3 0 0 1 2 2 1
-0.0164807185187172 3 0 0 1 2 2 3
0.0006616665582489 3 0 0 1 2 3 2
0.0055423575968556 3 0 0 1 3 0 0
-0.0159966673417295 3 0 0 1 3 0 1
0.039231513104046 3 0 0 1 3 0 3
0.0094810050365133 3 0 0 1 3 1 0
0.0004949139546612 3 0 0 1 3 1 1
-0.0094810050365133 3 0 0 1 3 1 3
-0.0027283197992539 3 0 0 1 3 2 2
-0.0304993161280994 3 0 0 1 3 3 0
-0.0159966673417295 3 0 0 1 3 3 1
0.0031898393790911 3 0 0 1 3 3 3
-0.0159966673417295 3 0 0 2 0 0 2
0.0027283197992539 3 0 0 2 0 1 2
0.0094810050365133 3 0 0 2 0 2 0
0.0004949139546612 3 0 0 2 0 2 1
-0.0094810050365133 3 0 0 2 0 2 3
-0.0159966673417295 3 0 0 2 0 3 2
0.0017215397545178 3 0 0 2 1 0 2
-0.0008482224026719 3 0 0 2 1 1 2
-0.0156057498733384 3 0 0 2 1 2 0
0.0008482224026719 3 0 0 2 1 2 1
0.0164807185187172 3 0 0 2 1 2 3
0.0017215397545178 3 0 0 2 1 3 2
0.0006616665582489 3 0 0 2 2 0 1
-0.0164807185187172 3 0 0 2 2 1 0
0.0008482224026719 3 0 0 2 2 1 1
0.0156057498733384 3 0 0 2 2 1 3
0.0008482224026719 3 0 0 2 2 2 2
0.0006616665582489 3 0 0 2 2 3 1
-0.0159966673417295 3 0 0 2 3 0 2
0.0004949139546612 3 0 0 2 3 1 2
0.0094810050365133 3 0 0 2 3 2 0
0.0027283197992539 3 0 0 2 3 2 1
-0.0094810050365133 3 0 0 2 3 2 3
-0.0159966673417295 3 0 0 2 3 3 2
0.0172486834873618 3 0 0 3 0 0 0
-0.0190999032820313 3 0 0 3 0 0 1
-0.0140058075286811 3 0 0 3 0 0 3
0.0023719589958505 3 0 0 3 0 1 0
-0.0053976385789395 3 0 0 3 0 1 1
-0.0023719589958505 3 0 0 3 0 1 3
-0.0053976385789395 3 0 0 3 0 2 2
-0.018197898880124 3 0 0 3 0 3 0
0.0187565254444895 3 0 0 3 0 3 1
0.0149550229214434 3 0 0 3 0 3 3
0.0062845543400564 3 0 0 3 1 0 1
0.0189016287751967 3 0 0 3 1 1 0
-0.0137357047989968 3 0 0 3 1 1 1
0.0189016287751967 3 0 0 3 1 1 3
-0.021362136443634 3 0 0 3 1 2 2
-0.0048460321514751 3 0 0 3 1 3 1
-0.0048460321514751 3 0 0 3 2 0 2
-0.021362136443634 3 0 0 3 2 1 2
-0.0011865995121439 3 0 0 3 2 2 0
0.0137357047989968 3 0 0 3 2 2 1
-0.0011865995121439 3 0 0 3 2 2 3
0.0062845543400564 3 0 0 3 2 3 2
0.0149550229214434 3 0 0 3 3 0 0
0.0187565254444895 3 0 0 3 3 0 1
-0.018197898880124 3 0 0 3 3 0 3
0.0023719589958505 3 0 0 3 3 1 0
-0.0053976385789395 3 0 0 3 3 1 1
-0.0023719589958505 3 0 0 3 3 1 3
-0.0053976385789395 3 0 0 3 3 2 2
-0.0140058075286811 3 0 0 3 3 3 0
-0.0190999032820313 3 0 0 3 3 3 1
0.0172486834873618 3 0 0 3 3 3 3
-0.0086412126626392 3 0 1 0 0 0 1
0.0030665149267572 3 0 1 0 0 1 0
-0.0116111422357594 3 0 1 0 0 1 1
0.0100314181274857 3 0 1 0 0 1 3
-0.0062285830383715 3 0 1 0 0 2 2
0.0036270607327992 3 0 1 0 0 3 1
-0.015856401930109 3 0 1 0 1 0 1
-0.0068248415208248 3 0 1 0 1 1 0
0.0005215859075589 3 0 1 0 1 1 1
-0.0068248415208248 3 0 1 0 1 1 3
-0.0005215859075589 3 0 1 0 1 2 2
0.015856401930109 3 0 1 0 1 3 1
-0.0174424442980878 3 0 1 0 2 0 2
-0.0005215859075589 3 0 1 0 2 1 2
0.0068248415208248 3 0 1 0 2 2 0
-0.0005215859075589 3 0 1 0 2 2 1
0.0068248415208248 3 0 1 0 2 2 3
0.0174424442980878 3 0 1 0 2 3 2
-0.0086412126626392 3 0 1 0 3 0 1
0.0161530364115277 3 0 1 0 3 1 0
0.0116111422357594 3 0 1 0 3 1 1
-0.0030551033572849 3 0 1 0 3 1 3
0.0062285830383715 3 0 1 0 3 2 2
0.0036270607327992 3 0 1 0 3 3 1
0.0060358787085361 3 0 1 1 0 0 0
-0.0060358787085361 3 0 1 1 0 0 3
0.0275552062754542 3 0 1 1 0 1 0
0.0084421464507205 3 0 1 1 0 1 1
-0.0151957306513173 3 0 1 1 0 1 3
0.0084421464507205 3 0 1 1 0 2 2
-0.0213693613920378 3 0 1 1 0 3 0
0.0213693613920378 3 0 1 1 0 3 3
0.0387297658356482 3 0 1 1 1 0 0
-0.0203652031108253 3 0 1 1 1 0 3
-0.0111851038082461 3 0 1 1 1 1 1
0.0033074227566694 3 0 1 1 1 2 2
-0.0209883526262663 3 0 1 1 1 3 0
0.0026237899014434 3 0 1 1 1 3 3
-0.0033074227566694 3 0 1 1 2 1 2
-0.0111851038082461 3 0 1 1 2 2 1
-0.0060358787085361 3 0 1 1 3 0 0
0.0060358787085361 3 0 1 1 3 0 3
0.0074349679363336 3 0 1 1 3 1 0
-0.0084421464507205 3 0 1 1 3 1 1
0.0001558871562436 3 0 1 1 3 1 3
-0.0084421464507205 3 0 1 1 3 2 2
0.0213693613920378 3 0 1 1 3 3 0
-0.0213693613920378 3 0 1 1 3 3 3
0.0084421464507205 3 0 1 2 0 1 2
0.0033874459098607 3 0 1 2 0 2 0
-0.0084421464507205 3 0 1 2 0 2 1
0.0089720297142763 3 0 1 2 0 2 3
0.0111851038082461 3 0 1 2 1 1 2
0.0033074227566694 3 0 1 2 1 2 1
0.02117758534293 3 0 1 2 2 0 0
-0.039542148067753 3 0 1 2 2 0 3
-0.0033074227566694 3 0 1 2 2 1 1
0.0111851038082461 3 0 1 2 2 2 2
-0.0018114076693386 3 0 1 2 2 3 0
0.0201759703941616 3 0 1 2 2 3 3
-0.0084421464507205 3 0 1 2 3 1 2
0.0187390637174216 3 0 1 2 3 2 0
0.0084421464507205 3 0 1 2 3 2 1
-0.0111482086248444 3 0 1 2 3 2 3
0.0089832276908514 3 0 1 3 0 0 1
0.0030665149267572 3 0 1 3 0 1 0
0.0116111422357594 3 0 1 3 0 1 1
0.0100314181274857 3 0 1 3 0 1 3
0.0062285830383715 3 0 1 3 0 2 2
-0.0039690757610115 3 0 1 3 0 3 1
0.0065694016571798 3 0 1 3 1 0 1
0.0068248415208248 3 0 1 3 1 1 0
-0.0158481068060273 3 0 1 3 1 1 1
0.0068248415208248 3 0 1 3 1 1 3
0.0158481068060273 3 0 1 3 1 2 2
-0.0065694016571798 3 0 1 3 1 3 1
0.004983359289201 3 0 1 3 2 0 2
0.0158481068060273 3 0 1 3 2 1 2
-0.0068248415208248 3 0 1 3 2 2 0
0.0158481068060273 3 0 1 3 2 2 1
-0.0068248415208248 3 0 1 3 2 2 3
-0.004983359289201 3 0 1 3 2 3 2
0.0089832276908514 3 0 1 3 3 0 1
0.0161530364115277 3 0 1 3 3 1 0
-0.0116111422357594 3 0 1 3 3 1 1
-0.0030551033572849 3 0 1 3 3 1 3
-0.0062285830383715 3 0 1 3 3 2 2
-0.0039690757610115 3 0 1 3 3 3 1
-0.0036270607327992 3 0 2 0 0 0 2
-0.0062285830383715 3 0 2 0 0 1 2
0.0030665149267572 3 0 2 0 0 2 0
0.0116111422357594 3 0 2 0 0 2 1
0.0100314181274857 3 0 2 0 0 2 3
0.0086412126626392 3 0 2 0 0 3 2
-0.004983359289201 3 0 2 0 1 0 2
0.0158481068060273 3 0 2 0 1 1 2
-0.0068248415208248 3 0 2 0 1 2 0
0.0158481068060273 3 0 2 0 1 2 1
-0.0068248415208248 3 0 2 0 1 2 3
0.004983359289201 3 0 2 0 1 3 2
0.0065694016571798 3 0 2 0 2 0 1
-0.0068248415208248 3 0 2 0 2 1 0
0.0158481068060273 3 0 2 0 2 1 1
-0.0068248415208248 3 0 2 0 2 1 3
-0.0158481068060273 3 0 2 0 2 2 2
-0.0065694016571798 3 0 2 0 2 3 1
-0.0036270607327992 3 0 2 0 3 0 2
0.0062285830383715 3 0 2 0 3 1 2
0.0161530364115277 3 0 2 0 3 2 0
-0.0116111422357594 3 0 2 0 3 2 1
-0.0030551033572849 3 0 2 0 3 2 3
0.0086412126626392 3 0 2 0 3 3 2
-0.0084421464507205 3 0 2 1 0 1 2
0.0275552062754542 3 0 2 1 0 2 0
0.0084421464507205 3 0 2 1 0 2 1
-0.0151957306513173 3 0 2 1 0 2 3
0.0033074227566694 3 0 2 1 1 1 2
0.0111851038082461 3 0 2 1 1 2 1
-0.0387297658356482 3 0 2 1 2 0 0
0.0203652031108253 3 0 2 1 2 0 3
-0.0111851038082461 3 0 2 1 2 1 1
0.0033074227566694 3 0 2 1 2 2 2
0.0209883526262663 3 0 2 1 2 3 0
-0.0026237899014434 3 0 2 1 2 3 3
0.0084421464507205 3 0 2 1 3 1 2
0.0074349679363336 3 0 2 1 3 2 0
-0.0084421464507205 3 0 2 1 3 2 1
0.0001558871562436 3 0 2 1 3 2 3
0.0070156365890001 3 0 2 2 0 0 0
-0.0070156365890001 3 0 2 2 0 0 3
-0.0033874459098607 3 0 2 2 0 1 0
0.0084421464507205 3 0 2 2 0 1 1
-0.0089720297142763 3 0 2 2 0 1 3
0.0084421464507205 3 0 2 2 0 2 2
-0.0203896035115739 3 0 2 2 0 3 0
0.0203896035115739 3 0 2 2 0 3 3
0.02117758534293 3 0 2 2 1 0 0
-0.039542148067753 3 0 2 2 1 0 3
0.0033074227566694 3 0 2 2 1 1 1
-0.0111851038082461 3 0 2 2 1 2 2
-0.0018114076693386 3 0 2 2 1 3 0
0.0201759703941616 3 0 2 2 1 3 3
0.0111851038082461 3 0 2 2 2 1 2
0.0033074227566694 3 0 2 2 2 2 1
-0.0070156365890001 3 0 2 2 3 0 0
0.0070156365890001 3 0 2 2 3 0 3
-0.0187390637174216 3 0 2 2 3 1 0
-0.0084421464507205 3 0 2 2 3 1 1
0.0111482086248444 3 0 2 2 3 1 3
-0.0084421464507205 3 0 2 2 3 2 2
0.0203896035115739 3 0 2 2 3 3 0
-0.0203896035115739 3 0 2 2 3 3 3
0.0039690757610115 3 0 2 3 0 0 2
0.0062285830383715 3 0 2 3 0 1 2
0.0030665149267572 3 0 2 3 0 2 0
-0.0116111422357594 3 0 2 3 0 2 1
0.0100314181274857 3 0 2 3 0 2 3
-0.0089832276908514 3 0 2 3 0 3 2
0.0174424442980878 3 0 2 3 1 0 2
-0.0005215859075589 3 0 2 3 1 1 2
0.0068248415208248 3 0 2 3 1 2 0
-0.0005215859075589 3 0 2 3 1 2 1
0.0068248415208248 3 0 2 3 1 2 3
-0.0174424442980878 3 0 2 3 1 3 2
-0.015856401930109 3 0 2 3 2 0 1
0.0068248415208248 3 0 2 3 2 1 0
-0.0005215859075589 3 0 2 3 2 1 1
0.0068248415208248 3 0 2 3 2 1 3
0.0005215859075589 3 0 2 3 2 2 2
0.015856401930109 3 0 2 3 2 3 1
0.0039690757610115 3 0 2 3 3 0 2
-0.0062285830383715 3 0 2 3 3 1 2
0.0161530364115277 3 0 2 3 3 2 0
0.0116111422357594 3 0 2 3 3 2 1
-0.0030551033572849 3 0 2 3 3 2 3
-0.0089832276908514 3 0 2 3 3 3 2
0.018197898880124 3 0 3 0 0 0 0
0.0190999032820313 3 0 3 0 0 0 1
-0.0149550229214434 3 0 3 0 0 0 3
-0.0023719589958505 3 0 3 0 0 1 0
0.0053976385789395 3 0 3 0 0 1 1
0.0023719589958505 3 0 3 0 0 1 3
0.0053976385789395 3 0 3 0 0 2 2
-0.0172486834873618 3 0 3 0 0 3 0
-0.0187565254444895 3 0 3 0 0 3 1
0.0140058075286811 3 0 3 0 0 3 3
0.0030619503452622 3 0 3 0 1 0 1
0.0189016287751967 3 0 3 0 1 1 0
-0.0256604179936359 3 0 3 0 1 1 1
0.0189016287751967 3 0 3 0 1 1 3
-0.0094374232489948 3 0 3 0 1 2 2
-0.0080686361462693 3 0 3 0 1 3 1
-0.0080686361462693 3 0 3 0 2 0 2
-0.0094374232489948 3 0 3 0 2 1 2
-0.0011865995121439 3 0 3 0 2 2 0
0.0256604179936359 3 0 3 0 2 2 1
-0.0011865995121439 3 0 3 0 2 2 3
0.0030619503452622 3 0 3 0 2 3 2
0.0140058075286811 3 0 3 0 3 0 0
-0.0187565254444895 3 0 3 0 3 0 1
-0.0172486834873618 3 0 3 0 3 0 3
-0.0023719589958505 3 0 3 0 3 1 0
0.0053976385789395 3 0 3 0 3 1 1
0.0023719589958505 3 0 3 0 3 1 3
0.0053976385789395 3 0 3 0 3 2 2
-0.0149550229214434 3 0 3 0 3 3 0
0.0190999032820313 3 0 3 0 3 3 1
0.018197898880124 3 0 3 0 3 3 3
0.0055423575968556 3 0 3 1 0 0 0
0.0159966673417295 3 0 3 1 0 0 1
0.039231513104046 3 0 3 1 0 0 3
0.0094810050365133 3 0 3 1 0 1 0
0.0027283197992539 3 0 3 1 0 1 1
-0.0094810050365133 3 0 3 1 0 1 3
-0.0004949139546612 3 0 3 1 0 2 2
-0.0304993161280994 3 0 3 1 0 3 0
0.0159966673417295 3 0 3 1 0 3 1
0.0031898393790911 3 0 3 1 0 3 3
0.0006616665582489 3 0 3 1 1 0 1
-0.0156057498733384 3 0 3 1 1 1 0
-0.0008482224026719 3 0 3 1 1 1 1
0.0164807185187172 3 0 3 1 1 1 3
-0.0008482224026719 3 0 3 1 1 2 2
0.0006616665582489 3 0 3 1 1 3 1
-0.0017215397545178 3 0 3 1 2 0 2
-0.0008482224026719 3 0 3 1 2 1 2
0.0164807185187172 3 0 3 1 2 2 0
0.0008482224026719 3 0 3 1 2 2 1
-0.0156057498733384 3 0 3 1 2 2 3
-0.0017215397545178 3 0 3 1 2 3 2
0.0055423575968556 3 0 3 1 3 0 0
0.0159966673417295 3 0 3 1 3 0 1
0.039231513104046 3 0 3 1 3 0 3
0.0094810050365133 3 0 3 1 3 1 0
0.0004949139546612 3 0 3 1 3 1 1
-0.0094810050365133 3 0 3 1 3 1 3
-0.0027283197992539 3 0 3 1 3 2 2
-0.0304993161280994 3 0 3 1 3 3 0
0.0159966673417295 3 0 3 1 3 3 1
0.0031898393790911 3 0 3 1 3 3 3
0.0159966673417295 3 0 3 2 0 0 2
0.0027283197992539 3 0 3 2 0 1 2
0.0094810050365133 3 0 3 2 0 2 0
0.0004949139546612 3 0 3 2 0 2 1
-0.0094810050365133 3 0 3 2 0 2 3
0.0159966673417295 3 0 3 2 0 3 2
-0.0006616665582489 3 0 3 2 1 0 2
0.0008482224026719 3 0 3 2 1 1 2
-0.0164807185187172 3 0 3 2 1 2 0
-0.0008482224026719 3 0 3 2 1 2 1
0.0156057498733384 3 0 3 2 1 2 3
-0.0006616665582489 3 0 3 2 1 3 2
-0.0017215397545178 3 0 3 2 2 0 1
-0.0156057498733384 3 0 3 2 2 1 0
-0.0008482224026719 3 0 3 2 2 1 1
0.0164807185187172 3 0 3 2 2 1 3
-0.0008482224026719 3 0 3 2 2 2 2
-0.0017215397545178 3 0 3 2 2 3 1
0.0159966673417295 3 0 3 2 3 0 2
0.0004949139546612 3 0 3 2 3 1 2
0.0094810050365133 3 0 3 2 3 2 0
0.0027283197992539 3 0 3 2 3 2 1
-0.0094810050365133 3 0 3 2 3 2 3
0.0159966673417295 3 0 3 2 3 3 2
0.018197898880124 3 0 3 3 0 0 0
0.0190999032820313 3 0 3 3 0 0 1
-0.0149550229214434 3 0 3 3 0 0 3
0.0023719589958505 3 0 3 3 0 1 0
0.0053976385789395 3 0 3 3 0 1 1
-0.0023719589958505 3 0 3 3 0 1 3
0.0053976385789395 3 0 3 3 0 2 2
-0.0172486834873618 3 0 3 3 0 3 0
-0.0187565254444895 3 0 3 3 0 3 1
0.0140058075286811 3 0 3 3 0 3 3
0.0080686361462693 3 0 3 3 1 0 1
0.0189016287751967 3 0 3 3 1 1 0
0.0069763651998244 3 0 3 3 1 1 1
0.0189016287751967 3 0 3 3 1 1 3
-0.0092466295448168 3 0 3 3 1 2 2
-0.0030619503452622 3 0 3 3 1 3 1
-0.0030619503452622 3 0 3 3 2 0 2
-0.0092466295448168 3 0 3 3 2 1 2
-0.0011865995121439 3 0 3 3 2 2 0
-0.0069763651998244 3 0 3 3 2 2 1
-0.0011865995121439 3 0 3 3 2 2 3
0.0080686361462693 3 0 3 3 2 3 2
0.0140058075286811 3 0 3 3 3 0 0
-0.0187565254444895 3 0 3 3 3 0 1
-0.0172486834873618 3 0 3 3 3 0 3
0.0023719589958505 3 0 3 3 3 1 0
0.0053976385789395 3 0 3 3 3 1 1
-0.0023719589958505 3 0 3 3 3 1 3
0.0053976385789395 3 0 3 3 3 2 2
-0.0149550229214434 3 0 3 3 3 3 0
0.0190999032820313 3 0 3 3 3 3 1
0.018197898880124 3 0 3 3 3 3 3
-0.0076448361328995 3 1 0 0 0 0 0
-7.06886543843e-05 3 1 0 0 0 0 1
-0.0176038685235415 3 1 0 0 0 0 3
-0.0295110410443106 3 1 0 0 0 1 0
-0.0017737227885347 3 1 0 0 0 1 3
0.0031019160240239 3 1 0 0 0 3 0
7.06886543843e-05 3 1 0 0 0 3 1
0.0221467886324171 3 1 0 0 0 3 3
0.0181658597420326 3 1 0 0 1 0 1
0.0044563494614212 3 1 0 0 1 1 0
-0.0061744771856826 3 1 0 0 1 1 1
0.0044563494614212 3 1 0 0 1 1 3
-0.002531564025994 3 1 0 0 1 2 2
-0.0181658597420326 3 1 0 0 1 3 1
0.005867239655758 3 1 0 0 2 0 2
0.0039032255983397 3 1 0 0 2 1 2
0.0019338919265326 3 1 0 0 2 2 0
-0.0001612166069774 3 1 0 0 2 2 1
0.0019338919265326 3 1 0 0 2 2 3
-0.005867239655758 3 1 0 0 2 3 2
0.0221467886324171 3 1 0 0 3 0 0
-7.06886543843e-05 3 1 0 0 3 0 1
0.0031019160240239 3 1 0 0 3 0 3
-0.0097787831765142 3 1 0 0 3 1 0
0.0095557414643269 3 1 0 0 3 1 3
-0.0176038685235415 3 1 0 0 3 3 0
7.06886543843e-05 3 1 0 0 3 3 1
-0.0076448361328995 3 1 0 0 3 3 3
0.0093145375238751 3 1 0 1 0 0 0
0.0065362874067228 3 1 0 1 0 0 1
0.0093145375238751 3 1 0 1 0 0 3
-0.0024829334058047 3 1 0 1 0 1 0
-0.0143710988614666 3 1 0 1 0 1 1
-0.0120366247860895 3 1 0 1 0 1 3
0.0143710988614666 3 1 0 1 0 2 2
0.0093145375238751 3 1 0 1 0 3 0
-0.0065362874067228 3 1 0 1 0 3 1
0.0093145375238751 3 1 0 1 0 3 3
0.0051698904604739 3 1 0 1 1 0 0
0.0084960839564288 3 1 0 1 1 0 3
0.0325109871815295 3 1 0 1 1 1 0
0.0126765344464806 3 1 0 1 1 1 1
-0.0325109871815295 3 1 0 1 1 1 3
-0.0007053603830296 3 1 0 1 1 2 2
0.0084960839564288 3 1 0 1 1 3 0
0.0051698904604739 3 1 0 1 1 3 3
0.0126765344464806 3 1 0 1 2 1 2
-0.012211029530908 3 1 0 1 2 2 0
0.0007053603830296 3 1 0 1 2 2 1
0.012211029530908 3 1 0 1 2 2 3
-0.0093145375238751 3 1 0 1 3 0 0
-0.0065362874067228 3 1 0 1 3 0 1
-0.0093145375238751 3 1 0 1 3 0 3
0.0203990043697364 3 1 0 1 3 1 0
0.0114043312379572 3 1 0 1 3 1 1
-0.0058794461778422 3 1 0 1 3 1 3
-0.0114043312379572 3 1 0 1 3 2 2
-0.0093145375238751 3 1 0 1 3 3 0
0.0065362874067228 3 1 0 1 3 3 1
-0.0093145375238751 3 1 0 1 3 3 3
0.0065362874067228 3 1 0 2 0 0 2
0.0114554794430326 3 1 0 2 0 1 2
0.0058794461778422 3 1 0 2 0 2 0
0.0114554794430326 3 1 0 2 0 2 1
-0.0203990043697364 3 1 0 2 0 2 3
-0.0065362874067228 3 1 0 2 0 3 2
0.0231890584141904 3 1 0 2 1 1 2
-0.012211029530908 3 1 0 2 1 2 0
-0.0098071635846802 3 1 0 2 1 2 1
0.012211029530908 3 1 0 2 1 2 3
-0.0051698904604739 3 1 0 2 2 0 0
-0.0084960839564288 3 1 0 2 2 0 3
-0.0325109871815295 3 1 0 2 2 1 0
-0.0231890584141904 3 1 0 2 2 1 1
0.0325109871815295 3 1 0 2 2 1 3
-0.0098071635846802 3 1 0 2 2 2 2
-0.0084960839564288 3 1 0 2 2 3 0
-0.0051698904604739 3 1 0 2 2 3 3
-0.0065362874067228 3 1 0 2 3 0 2
-0.014422247066542 3 1 0 2 3 1 2
0.0120366247860895 3 1 0 2 3 2 0
-0.014422247066542 3 1 0 2 3 2 1
0.0024829334058047 3 1 0 2 3 2 3
0.0065362874067228 3 1 0 2 3 3 2
0.0031019160240239 3 1 0 3 0 0 0
-7.06886543843e-05 3 1 0 3 0 0 1
0.0221467886324171 3 1 0 3 0 0 3
0.0059751195960021 3 1 0 3 0 1 0
0.0253096442368432 3 1 0 3 0 1 3
-0.0076448361328995 3 1 0 3 0 3 0
7.06886543843e-05 3 1 0 3 0 3 1
-0.0176038685235415 3 1 0 3 0 3 3
0.0181658597420326 3 1 0 3 1 0 1
0.0019338919265326 3 1 0 3 1 1 0
-0.0039032255983397 3 1 0 3 1 1 1
0.0019338919265326 3 1 0 3 1 1 3
-0.0001612166069774 3 1 0 3 1 2 2
-0.0181658597420326 3 1 0 3 1 3 1
0.005867239655758 3 1 0 3 2 0 2
0.0061744771856826 3 1 0 3 2 1 2
0.0044563494614212 3 1 0 3 2 2 0
-0.002531564025994 3 1 0 3 2 2 1
0.0044563494614212 3 1 0 3 2 2 3
-0.005867239655758 3 1 0 3 2 3 2
-0.0176038685235415 3 1 0 3 3 0 0
-7.06886543843e-05 3 1 0 3 3 0 1
-0.0076448361328995 3 1 0 3 3 0 3
-0.0137571382717943 3 1 0 3 3 1 0
0.0139801799839816 3 1 0 3 3 1 3
0.0221467886324171 3 1 0 3 3 3 0
7.06886543843e-05 3 1 0 3 3 3 1
0.0031019160240239 3 1 0 3 3 3 3
-0.0072720516873004 3 1 1 0 0 0 0
-0.0088609539973522 3 1 1 0 0 0 1
0.0041085295154314 3 1 1 0 0 0 3
0.0097207915251033 3 1 1 0 0 1 0
0.0149172788745858 3 1 1 0 0 1 1
-0.0097207915251033 3 1 1 0 0 1 3
-0.0005308046177119 3 1 1 0 0 2 2
-0.00994503687698 3 1 1 0 0 3 0
0.0088609539973522 3 1 1 0 0 3 1
0.0014355443257519 3 1 1 0 0 3 3
0.0135017117600079 3 1 1 0 1 0 0
0.014145165998555 3 1 1 0 1 0 1
0.0135017117600079 3 1 1 0 1 0 3
0.0023933313654964 3 1 1 0 1 1 0
0.0062054902188793 3 1 1 0 1 1 1
0.0023933313654964 3 1 1 0 1 1 3
0.0110414032272417 3 1 1 0 1 2 2
-0.0048697596298451 3 1 1 0 1 3 0
0.014145165998555 3 1 1 0 1 3 1
-0.0048697596298451 3 1 1 0 1 3 3
0.014145165998555 3 1 1 0 2 0 2
0.0062054902188793 3 1 1 0 2 1 2
-0.0051100435236944 3 1 1 0 2 2 0
-0.0110414032272417 3 1 1 0 2 2 1
-0.0051100435236944 3 1 1 0 2 2 3
0.014145165998555 3 1 1 0 2 3 2
-0.0128514645704165 3 1 1 0 3 0 0
0.0088609539973522 3 1 1 0 3 0 1
-0.0242320457731483 3 1 1 0 3 0 3
0.0097207915251033 3 1 1 0 3 1 0
0.0149172788745858 3 1 1 0 3 1 1
-0.0097207915251033 3 1 1 0 3 1 3
-0.0005308046177119 3 1 1 0 3 2 2
-0.015524449760096 3 1 1 0 3 3 0
-0.0088609539973522 3 1 1 0 3 3 1
-0.0269050309628278 3 1 1 0 3 3 3
-0.0133254849893878 3 1 1 1 0 0 0
0.0096268207775508 3 1 1 1 0 0 1
-0.0133254849893878 3 1 1 1 0 0 3
-0.0076677984845704 3 1 1 1 0 1 0
0.0164062252483805 3 1 1 1 0 1 1
0.0152824614044777 3 1 1 1 0 1 3
0.0151750624573703 3 1 1 1 0 2 2
-0.0133254849893878 3 1 1 1 0 3 0
-0.0096268207775508 3 1 1 1 0 3 1
-0.0133254849893878 3 1 1 1 0 3 3
0.0020857388861484 3 1 1 1 1 0 0
-0.001103467528399 3 1 1 1 1 0 1
0.0020857388861484 3 1 1 1 1 0 3
0.0089555963364012 3 1 1 1 1 1 0
0.0142658683893288 3 1 1 1 1 1 1
0.0066048193163061 3 1 1 1 1 1 3
-0.0142658683893288 3 1 1 1 1 2 2
-0.0020857388861484 3 1 1 1 1 3 0
-0.0124884218250856 3 1 1 1 1 3 1
-0.0020857388861484 3 1 1 1 1 3 3
-0.0124884218250856 3 1 1 1 2 0 2
-0.0116225430930952 3 1 1 1 2 1 2
0.0089555963364012 3 1 1 1 2 2 0
-0.0116225430930952 3 1 1 1 2 2 1
0.0066048193163061 3 1 1 1 2 2 3
-0.001103467528399 3 1 1 1 2 3 2
0.0133254849893878 3 1 1 1 3 0 0
0.0096268207775508 3 1 1 1 3 0 1
0.0133254849893878 3 1 1 1 3 0 3
-0.0152824614044777 3 1 1 1 3 1 0
-0.0151750624573703 3 1 1 1 3 1 1
0.0076677984845704 3 1 1 1 3 1 3
-0.0164062252483805 3 1 1 1 3 2 2
0.0133254849893878 3 1 1 1 3 3 0
-0.0096268207775508 3 1 1 1 3 3 1
0.0133254849893878 3 1 1 1 3 3 3
-0.0096268207775508 3 1 1 2 0 0 2
0.0164062252483805 3 1 1 2 0 1 2
0.0152824614044777 3 1 1 2 0 2 0
-0.0151750624573703 3 1 1 2 0 2 1
-0.0076677984845704 3 1 1 2 0 2 3
0.0096268207775508 3 1 1 2 0 3 2
-0.0124884218250856 3 1 1 2 1 0 2
-0.0028401702624503 3 1 1 2 1 1 2
-0.0089555963364012 3 1 1 2 1 2 0
-0.0028401702624503 3 1 1 2 1 2 1
-0.0066048193163061 3 1 1 2 1 2 3
-0.001103467528399 3 1 1 2 1 3 2
-0.0020857388861484 3 1 1 2 2 0 0
0.001103467528399 3 1 1 2 2 0 1
-0.0020857388861484 3 1 1 2 2 0 3
0.0089555963364012 3 1 1 2 2 1 0
-0.005483495558684 3 1 1 2 2 1 1
0.0066048193163061 3 1 1 2 2 1 3
0.005483495558684 3 1 1 2 2 2 2
0.0020857388861484 3 1 1 2 2 3 0
0.0124884218250856 3 1 1 2 2 3 1
0.0020857388861484 3 1 1 2 2 3 3
-0.0096268207775508 3 1 1 2 3 0 2
-0.0151750624573703 3 1 1 2 3 1 2
0.0076677984845704 3 1 1 2 3 2 0
0.0164062252483805 3 1 1 2 3 2 1
-0.0152824614044777 3 1 1 2 3 2 3
0.0096268207775508 3 1 1 2 3 3 2
0.0072720516873004 3 1 1 3 0 0 0
-0.0088609539973522 3 1 1 3 0 0 1
-0.0041085295154314 3 1 1 3 0 0 3
-0.0097207915251033 3 1 1 3 0 1 0
0.0038014071229882 3 1 1 3 0 1 1
0.0097207915251033 3 1 1 3 0 1 3
0.0105850671338858 3 1 1 3 0 2 2
0.00994503687698 3 1 1 3 0 3 0
0.0088609539973522 3 1 1 3 0 3 1
-0.0014355443257519 3 1 1 3 0 3 3
0.0048697596298451 3 1 1 3 1 0 0
0.014145165998555 3 1 1 3 1 0 1
0.0048697596298451 3 1 1 3 1 0 3
-0.0023933313654964 3 1 1 3 1 1 0
0.0062054902188793 3 1 1 3 1 1 1
-0.0023933313654964 3 1 1 3 1 1 3
0.0110414032272417 3 1 1 3 1 2 2
-0.0135017117600079 3 1 1 3 1 3 0
0.014145165998555 3 1 1 3 1 3 1
-0.0135017117600079 3 1 1 3 1 3 3
0.014145165998555 3 1 1 3 2 0 2
0.0062054902188793 3 1 1 3 2 1 2
0.0051100435236944 3 1 1 3 2 2 0
-0.0110414032272417 3 1 1 3 2 2 1
0.0051100435236944 3 1 1 3 2 2 3
0.014145165998555 3 1 1 3 2 3 2
0.0128514645704165 3 1 1 3 3 0 0
0.0088609539973522 3 1 1 3 3 0 1
0.0242320457731483 3 1 1 3 3 0 3
-0.0097207915251033 3 1 1 3 3 1 0
0.0038014071229882 3 1 1 3 3 1 1
0.0097207915251033 3 1 1 3 3 1 3
0.0105850671338858 3 1 1 3 3 2 2
0.015524449760096 3 1 1 3 3 3 0
-0.0088609539973522 3 1 1 3 3 3 1
0.0269050309628278 3 1 1 3 3 3 3
0.0088609539973522 3 1 2 0 0 0 2
0.0038014071229882 3 1 2 0 0 1 2
-0.0097207915251033 3 1 2 0 0 2 0
-0.0105850671338858 3 1 2 0 0 2 1
0.0097207915251033 3 1 2 0 0 2 3
-0.0088609539973522 3 1 2 0 0 3 2
0.014145165998555 3 1 2 0 1 0 2
0.0128225660869598 3 1 2 0 1 1 2
0.0023933313654964 3 1 2 0 1 2 0
0.0300694595330808 3 1 2 0 1 2 1
0.0023933313654964 3 1 2 0 1 2 3
0.014145165998555 3 1 2 0 1 3 2
0.0048697596298451 3 1 2 0 2 0 0
-0.014145165998555 3 1 2 0 2 0 1
0.0048697596298451 3 1 2 0 2 0 3
0.0051100435236944 3 1 2 0 2 1 0
-0.0128225660869598 3 1 2 0 2 1 1
0.0051100435236944 3 1 2 0 2 1 3
0.0300694595330808 3 1 2 0 2 2 2
-0.0135017117600079 3 1 2 0 2 3 0
-0.014145165998555 3 1 2 0 2 3 1
-0.0135017117600079 3 1 2 0 2 3 3
-0.0088609539973522 3 1 2 0 3 0 2
0.0038014071229882 3 1 2 0 3 1 2
-0.0097207915251033 3 1 2 0 3 2 0
-0.0105850671338858 3 1 2 0 3 2 1
0.0097207915251033 3 1 2 0 3 2 3
0.0088609539973522 3 1 2 0 3 3 2
0.0096268207775508 3 1 2 1 0 0 2
-0.0164062252483805 3 1 2 1 0 1 2
0.0076677984845704 3 1 2 1 0 2 0
0.0151750624573703 3 1 2 1 0 2 1
-0.0152824614044777 3 1 2 1 0 2 3
-0.0096268207775508 3 1 2 1 0 3 2
0.0124884218250856 3 1 2 1 1 0 2
-0.0142658683893288 3 1 2 1 1 1 2
-0.0089555963364012 3 1 2 1 1 2 0
-0.0142658683893288 3 1 2 1 1 2 1
-0.0066048193163061 3 1 2 1 1 2 3
0.001103467528399 3 1 2 1 1 3 2
-0.0020857388861484 3 1 2 1 2 0 0
-0.001103467528399 3 1 2 1 2 0 1
-0.0020857388861484 3 1 2 1 2 0 3
0.0089555963364012 3 1 2 1 2 1 0
-0.0116225430930952 3 1 2 1 2 1 1
0.0066048193163061 3 1 2 1 2 1 3
0.0116225430930952 3 1 2 1 2 2 2
0.0020857388861484 3 1 2 1 2 3 0
-0.0124884218250856 3 1 2 1 2 3 1
0.0020857388861484 3 1 2 1 2 3 3
0.0096268207775508 3 1 2 1 3 0 2
0.0151750624573703 3 1 2 1 3 1 2
0.0152824614044777 3 1 2 1 3 2 0
-0.0164062252483805 3 1 2 1 3 2 1
-0.0076677984845704 3 1 2 1 3 2 3
-0.0096268207775508 3 1 2 1 3 3 2
0.0133254849893878 3 1 2 2 0 0 0
0.0096268207775508 3 1 2 2 0 0 1
0.0133254849893878 3 1 2 2 0 0 3
0.0152824614044777 3 1 2 2 0 1 0
0.0164062252483805 3 1 2 2 0 1 1
-0.0076677984845704 3 1 2 2 0 1 3
0.0151750624573703 3 1 2 2 0 2 2
0.0133254849893878 3 1 2 2 0 3 0
-0.0096268207775508 3 1 2 2 0 3 1
0.0133254849893878 3 1 2 2 0 3 3
-0.0020857388861484 3 1 2 2 1 0 0
-0.001103467528399 3 1 2 2 1 0 1
-0.0020857388861484 3 1 2 2 1 0 3
-0.0089555963364012 3 1 2 2 1 1 0
-0.0028401702624503 3 1 2 2 1 1 1
-0.0066048193163061 3 1 2 2 1 1 3
0.0028401702624503 3 1 2 2 1 2 2
0.0020857388861484 3 1 2 2 1 3 0
-0.0124884218250856 3 1 2 2 1 3 1
0.0020857388861484 3 1 2 2 1 3 3
-0.0124884218250856 3 1 2 2 2 0 2
0.005483495558684 3 1 2 2 2 1 2
-0.0089555963364012 3 1 2 2 2 2 0
0.005483495558684 3 1 2 2 2 2 1
-0.0066048193163061 3 1 2 2 2 2 3
-0.001103467528399 3 1 2 2 2 3 2
-0.0133254849893878 3 1 2 2 3 0 0
0.0096268207775508 3 1 2 2 3 0 1
-0.0133254849893878 3 1 2 2 3 0 3
0.0076677984845704 3 1 2 2 3 1 0
-0.0151750624573703 3 1 2 2 3 1 1
-0.0152824614044777 3 1 2 2 3 1 3
-0.0164062252483805 3 1 2 2 3 2 2
-0.0133254849893878 3 1 2 2 3 3 0
-0.0096268207775508 3 1 2 2 3 3 1
-0.0133254849893878 3 1 2 2 3 3 3
0.0088609539973522 3 1 2 3 0 0 2
0.0149172788745858 3 1 2 3 0 1 2
0.0097207915251033 3 1 2 3 0 2 0
0.0005308046177119 3 1 2 3 0 2 1
-0.0097207915251033 3 1 2 3 0 2 3
-0.0088609539973522 3 1 2 3 0 3 2
0.014145165998555 3 1 2 3 1 0 2
0.0128225660869598 3 1 2 3 1 1 2
-0.0023933313654964 3 1 2 3 1 2 0
0.0300694595330808 3 1 2 3 1 2 1
-0.0023933313654964 3 1 2 3 1 2 3
0.014145165998555 3 1 2 3 1 3 2
0.0135017117600079 3 1 2 3 2 0 0
-0.014145165998555 3 1 2 3 2 0 1
0.0135017117600079 3 1 2 3 2 0 3
-0.0051100435236944 3 1 2 3 2 1 0
-0.0128225660869598 3 1 2 3 2 1 1
-0.0051100435236944 3 1 2 3 2 1 3
0.0300694595330808 3 1 2 3 2 2 2
-0.0048697596298451 3 1 2 3 2 3 0
-0.014145165998555 3 1 2 3 2 3 1
-0.0048697596298451 3 1 2 3 2 3 3
-0.0088609539973522 3 1 2 3 3 0 2
0.0149172788745858 3 1 2 3 3 1 2
0.0097207915251033 3 1 2 3 3 2 0
0.0005308046177119 3 1 2 3 3 2 1
-0.0097207915251033 3 1 2 3 3 2 3
0.0088609539973522 3 1 2 3 3 3 2
0.0221467886324171 3 1 3 0 0 0 0
7.06886543843e-05 3 1 3 0 0 0 1
0.0031019160240239 3 1 3 0 0 0 3
-0.0097787831765142 3 1 3 0 0 1 0
0.0095557414643269 3 1 3 0 0 1 3
-0.0176038685235415 3 1 3 0 0 3 0
-7.06886543843e-05 3 1 3 0 0 3 1
-0.0076448361328995 3 1 3 0 0 3 3
0.005867239655758 3 1 3 0 1 0 1
0.0019338919265326 3 1 3 0 1 1 0
-0.0163132642232905 3 1 3 0 1 1 1
0.0019338919265326 3 1 3 0 1 1 3
0.0076072230116138 3 1 3 0 1 2 2
-0.005867239655758 3 1 3 0 1 3 1
0.0181658597420326 3 1 3 0 2 0 2
0.0139429168042738 3 1 3 0 2 1 2
0.0044563494614212 3 1 3 0 2 2 0
0.0098784745989567 3 1 3 0 2 2 1
0.0044563494614212 3 1 3 0 2 2 3
-0.0181658597420326 3 1 3 0 2 3 2
-0.0076448361328995 3 1 3 0 3 0 0
7.06886543843e-05 3 1 3 0 3 0 1
-0.0176038685235415 3 1 3 0 3 0 3
-0.0295110410443106 3 1 3 0 3 1 0
-0.0017737227885347 3 1 3 0 3 1 3
0.0031019160240239 3 1 3 0 3 3 0
-7.06886543843e-05 3 1 3 0 3 3 1
0.0221467886324171 3 1 3 0 3 3 3
-0.0050257362036735 3 1 3 1 0 0 0
0.0065362874067228 3 1 3 1 0 0 1
-0.0050257362036735 3 1 3 1 0 0 3
-0.0024829334058047 3 1 3 1 0 1 0
0.0114554794430326 3 1 3 1 0 1 1
-0.0120366247860895 3 1 3 1 0 1 3
-0.0114554794430326 3 1 3 1 0 2 2
-0.0050257362036735 3 1 3 1 0 3 0
-0.0065362874067228 3 1 3 1 0 3 1
-0.0050257362036735 3 1 3 1 0 3 3
-0.0084960839564288 3 1 3 1 1 0 0
-0.0051698904604739 3 1 3 1 1 0 3
0.0017309425878841 3 1 3 1 1 1 0
0.0096728977667198 3 1 3 1 1 1 1
-0.0017309425878841 3 1 3 1 1 1 3
0.02305479259623 3 1 3 1 1 2 2
-0.0051698904604739 3 1 3 1 1 3 0
-0.0084960839564288 3 1 3 1 1 3 3
0.0096728977667198 3 1 3 1 2 1 2
-0.0429910741245535 3 1 3 1 2 2 0
-0.02305479259623 3 1 3 1 2 2 1
0.0429910741245535 3 1 3 1 2 2 3
0.0050257362036735 3 1 3 1 3 0 0
-0.0065362874067228 3 1 3 1 3 0 1
0.0050257362036735 3 1 3 1 3 0 3
0.0203990043697364 3 1 3 1 3 1 0
-0.014422247066542 3 1 3 1 3 1 1
-0.0058794461778422 3 1 3 1 3 1 3
0.014422247066542 3 1 3 1 3 2 2
0.0050257362036735 3 1 3 1 3 3 0
0.0065362874067228 3 1 3 1 3 3 1
0.0050257362036735 3 1 3 1 3 3 3
0.0065362874067228 3 1 3 2 0 0 2
-0.0143710988614666 3 1 3 2 0 1 2
0.0058794461778422 3 1 3 2 0 2 0
-0.0143710988614666 3 1 3 2 0 2 1
-0.0203990043697364 3 1 3 2 0 2 3
-0.0065362874067228 3 1 3 2 0 3 2
-0.0005710945650693 3 1 3 2 1 1 2
-0.0429910741245535 3 1 3 2 1 2 0
-0.012810800264441 3 1 3 2 1 2 1
0.0429910741245535 3 1 3 2 1 2 3
0.0084960839564288 3 1 3 2 2 0 0
0.0051698904604739 3 1 3 2 2 0 3
-0.0017309425878841 3 1 3 2 2 1 0
0.0005710945650693 3 1 3 2 2 1 1
0.0017309425878841 3 1 3 2 2 1 3
-0.012810800264441 3 1 3 2 2 2 2
0.0051698904604739 3 1 3 2 2 3 0
0.0084960839564288 3 1 3 2 2 3 3
-0.0065362874067228 3 1 3 2 3 0 2
0.0114043312379572 3 1 3 2 3 1 2
0.0120366247860895 3 1 3 2 3 2 0
0.0114043312379572 3 1 3 2 3 2 1
0.0024829334058047 3 1 3 2 3 2 3
0.0065362874067228 3 1 3 2 3 3 2
-0.0176038685235415 3 1 3 3 0 0 0
7.06886543843e-05 3 1 3 3 0 0 1
-0.0076448361328995 3 1 3 3 0 0 3
-0.0137571382717943 3 1 3 3 0 1 0
0.0139801799839816 3 1 3 3 0 1 3
0.0221467886324171 3 1 3 3 0 3 0
-7.06886543843e-05 3 1 3 3 0 3 1
0.0031019160240239 3 1 3 3 0 3 3
0.005867239655758 3 1 3 3 1 0 1
0.0044563494614212 3 1 3 3 1 1 0
-0.0139429168042738 3 1 3 3 1 1 1
0.0044563494614212 3 1 3 3 1 1 3
0.0098784745989567 3 1 3 3 1 2 2
-0.005867239655758 3 1 3 3 1 3 1
0.0181658597420326 3 1 3 3 2 0 2
0.0163132642232905 3 1 3 3 2 1 2
0.0019338919265326 3 1 3 3 2 2 0
0.0076072230116138 3 1 3 3 2 2 1
0.0019338919265326 3 1 3 3 2 2 3
-0.0181658597420326 3 1 3 3 2 3 2
0.0031019160240239 3 1 3 3 3 0 0
7.06886543843e-05 3 1 3 3 3 0 1
0.0221467886324171 3 1 3 3 3 0 3
0.0059751195960021 3 1 3 3 3 1 0
0.0253096442368432 3 1 3 3 3 1 3
-0.0076448361328995 3 1 3 3 3 3 0
-7.06886543843e-05 3 1 3 3 3 3 1
-0.0176038685235415 3 1 3 3 3 3 3
7.06886543843e-05 3 2 0 0 0 0 2
-0.0017737227885347 3 2 0 0 0 2 0
-0.0295110410443106 3 2 0 0 0 2 3
-7.06886543843e-05 3 2 0 0 0 3 2
-0.0181658597420326 3 2 0 0 1 0 2
0.0139429168042738 3 2 0 0 1 1 2
-0.0044563494614212 3 2 0 0 1 2 0
0.0098784745989567 3 2 0 0 1 2 1
-0.0044563494614212 3 2 0 0 1 2 3
0.0181658597420326 3 2 0 0 1 3 2
0.005867239655758 3 2 0 0 2 0 1
0.0019338919265326 3 2 0 0 2 1 0
0.0163132642232905 3 2 0 0 2 1 1
0.0019338919265326 3 2 0 0 2 1 3
-0.0076072230116138 3 2 0 0 2 2 2
-0.005867239655758 3 2 0 0 2 3 1
7.06886543843e-05 3 2 0 0 3 0 2
0.0095557414643269 3 2 0 0 3 2 0
-0.0097787831765142 3 2 0 0 3 2 3
-7.06886543843e-05 3 2 0 0 3 3 2
-0.0065362874067228 3 2 0 1 0 0 2
0.0114554794430326 3 2 0 1 0 1 2
0.0120366247860895 3 2 0 1 0 2 0
0.0114554794430326 3 2 0 1 0 2 1
0.0024829334058047 3 2 0 1 0 2 3
0.0065362874067228 3 2 0 1 0 3 2
-0.0005710945650693 3 2 0 1 1 1 2
0.0017309425878841 3 2 0 1 1 2 0
-0.012810800264441 3 2 0 1 1 2 1
-0.0017309425878841 3 2 0 1 1 2 3
-0.0084960839564288 3 2 0 1 2 0 0
-0.0051698904604739 3 2 0 1 2 0 3
0.0429910741245535 3 2 0 1 2 1 0
0.0005710945650693 3 2 0 1 2 1 1
-0.0429910741245535 3 2 0 1 2 1 3
-0.012810800264441 3 2 0 1 2 2 2
-0.0051698904604739 3 2 0 1 2 3 0
-0.0084960839564288 3 2 0 1 2 3 3
0.0065362874067228 3 2 0 1 3 0 2
-0.014422247066542 3 2 0 1 3 1 2
0.0058794461778422 3 2 0 1 3 2 0
-0.014422247066542 3 2 0 1 3 2 1
-0.0203990043697364 3 2 0 1 3 2 3
-0.0065362874067228 3 2 0 1 3 3 2
-0.0093145375238751 3 2 0 2 0 0 0
0.0065362874067228 3 2 0 2 0 0 1
-0.0093145375238751 3 2 0 2 0 0 3
-0.0203990043697364 3 2 0 2 0 1 0
0.0143710988614666 3 2 0 2 0 1 1
0.0058794461778422 3 2 0 2 0 1 3
-0.0143710988614666 3 2 0 2 0 2 2
-0.0093145375238751 3 2 0 2 0 3 0
-0.0065362874067228 3 2 0 2 0 3 1
-0.0093145375238751 3 2 0 2 0 3 3
-0.0084960839564288 3 2 0 2 1 0 0
-0.0051698904604739 3 2 0 2 1 0 3
0.0429910741245535 3 2 0 2 1 1 0
-0.0096728977667198 3 2 0 2 1 1 1
-0.0429910741245535 3 2 0 2 1 1 3
-0.02305479259623 3 2 0 2 1 2 2
-0.0051698904604739 3 2 0 2 1 3 0
-0.0084960839564288 3 2 0 2 1 3 3
-0.0096728977667198 3 2 0 2 2 1 2
-0.0017309425878841 3 2 0 2 2 2 0
0.02305479259623 3 2 0 2 2 2 1
0.0017309425878841 3 2 0 2 2 2 3
0.0093145375238751 3 2 0 2 3 0 0
-0.0065362874067228 3 2 0 2 3 0 1
0.0093145375238751 3 2 0 2 3 0 3
0.0024829334058047 3 2 0 2 3 1 0
-0.0114043312379572 3 2 0 2 3 1 1
0.0120366247860895 3 2 0 2 3 1 3
0.0114043312379572 3 2 0 2 3 2 2
0.0093145375238751 3 2 0 2 3 3 0
0.0065362874067228 3 2 0 2 3 3 1
0.0093145375238751 3 2 0 2 3 3 3
7.06886543843e-05 3 2 0 3 0 0 2
0.0253096442368432 3 2 0 3 0 2 0
0.0059751195960021 3 2 0 3 0 2 3
-7.06886543843e-05 3 2 0 3 0 3 2
-0.0181658597420326 3 2 0 3 1 0 2
0.0163132642232905 3 2 0 3 1 1 2
-0.0019338919265326 3 2 0 3 1 2 0
0.0076072230116138 3 2 0 3 1 2 1
-0.0019338919265326 3 2 0 3 1 2 3
0.0181658597420326 3 2 0 3 1 3 2
0.005867239655758 3 2 0 3 2 0 1
0.0044563494614212 3 2 0 3 2 1 0
0.0139429168042738 3 2 0 3 2 1 1
0.0044563494614212 3 2 0 3 2 1 3
-0.0098784745989567 3 2 0 3 2 2 2
-0.005867239655758 3 2 0 3 2 3 1
7.06886543843e-05 3 2 0 3 3 0 2
0.0139801799839816 3 2 0 3 3 2 0
-0.0137571382717943 3 2 0 3 3 2 3
-7.06886543843e-05 3 2 0 3 3 3 2
0.0088609539973522 3 2 1 0 0 0 2
-0.0005308046177119 3 2 1 0 0 1 2
0.0097207915251033 3 2 1 0 0 2 0
-0.0149172788745858 3 2 1 0 0 2 1
-0.0097207915251033 3 2 1 0 0 2 3
-0.0088609539973522 3 2 1 0 0 3 2
0.014145165998555 3 2 1 0 1 0 2
0.0128225660869598 3 2 1 0 1 1 2
-0.0142625757246961 3 2 1 0 1 2 0
0.0300694595330808 3 2 1 0 1 2 1
-0.0142625757246961 3 2 1 0 1 2 3
0.014145165998555 3 2 1 0 1 3 2
0.0135017117600079 3 2 1 0 2 0 0
-0.014145165998555 3 2 1 0 2 0 1
0.0135017117600079 3 2 1 0 2 0 3
0.0067592008355052 3 2 1 0 2 1 0
-0.0128225660869598 3 2 1 0 2 1 1
0.0067592008355052 3 2 1 0 2 1 3
0.0300694595330808 3 2 1 0 2 2 2
-0.0048697596298451 3 2 1 0 2 3 0
-0.014145165998555 3 2 1 0 2 3 1
-0.0048697596298451 3 2 1 0 2 3 3
-0.0088609539973522 3 2 1 0 3 0 2
-0.0005308046177119 3 2 1 0 3 1 2
0.0097207915251033 3 2 1 0 3 2 0
-0.0149172788745858 3 2 1 0 3 2 1
-0.0097207915251033 3 2 1 0 3 2 3
0.0088609539973522 3 2 1 0 3 3 2
0.0096268207775508 3 2 1 1 0 0 2
0.0151750624573703 3 2 1 1 0 1 2
0.0152824614044777 3 2 1 1 0 2 0
-0.0164062252483805 3 2 1 1 0 2 1
-0.0076677984845704 3 2 1 1 0 2 3
-0.0096268207775508 3 2 1 1 0 3 2
-0.001103467528399 3 2 1 1 1 0 2
-0.0028401702624503 3 2 1 1 1 1 2
-0.0089555963364012 3 2 1 1 1 2 0
-0.0028401702624503 3 2 1 1 1 2 1
-0.0066048193163061 3 2 1 1 1 2 3
-0.0124884218250856 3 2 1 1 1 3 2
0.0020857388861484 3 2 1 1 2 0 0
0.0124884218250856 3 2 1 1 2 0 1
0.0020857388861484 3 2 1 1 2 0 3
0.0089555963364012 3 2 1 1 2 1 0
-0.005483495558684 3 2 1 1 2 1 1
0.0066048193163061 3 2 1 1 2 1 3
0.005483495558684 3 2 1 1 2 2 2
-0.0020857388861484 3 2 1 1 2 3 0
0.001103467528399 3 2 1 1 2 3 1
-0.0020857388861484 3 2 1 1 2 3 3
0.0096268207775508 3 2 1 1 3 0 2
-0.0164062252483805 3 2 1 1 3 1 2
0.0076677984845704 3 2 1 1 3 2 0
0.0151750624573703 3 2 1 1 3 2 1
-0.0152824614044777 3 2 1 1 3 2 3
-0.0096268207775508 3 2 1 1 3 3 2
-0.0133254849893878 3 2 1 2 0 0 0
0.0096268207775508 3 2 1 2 0 0 1
-0.0133254849893878 3 2 1 2 0 0 3
0.0076677984845704 3 2 1 2 0 1 0
-0.0151750624573703 3 2 1 2 0 1 1
-0.0152824614044777 3 2 1 2 0 1 3
-0.0164062252483805 3 2 1 2 0 2 2
-0.0133254849893878 3 2 1 2 0 3 0
-0.0096268207775508 3 2 1 2 0 3 1
-0.0133254849893878 3 2 1 2 0 3 3
0.0020857388861484 3 2 1 2 1 0 0
0.0124884218250856 3 2 1 2 1 0 1
0.0020857388861484 3 2 1 2 1 0 3
-0.0089555963364012 3 2 1 2 1 1 0
-0.0142658683893288 3 2 1 2 1 1 1
-0.0066048193163061 3 2 1 2 1 1 3
0.0142658683893288 3 2 1 2 1 2 2
-0.0020857388861484 3 2 1 2 1 3 0
0.001103467528399 3 2 1 2 1 3 1
-0.0020857388861484 3 2 1 2 1 3 3
0.001103467528399 3 2 1 2 2 0 2
0.0116225430930952 3 2 1 2 2 1 2
-0.0089555963364012 3 2 1 2 2 2 0
0.0116225430930952 3 2 1 2 2 2 1
-0.0066048193163061 3 2 1 2 2 2 3
0.0124884218250856 3 2 1 2 2 3 2
0.0133254849893878 3 2 1 2 3 0 0
0.0096268207775508 3 2 1 2 3 0 1
0.0133254849893878 3 2 1 2 3 0 3
0.0152824614044777 3 2 1 2 3 1 0
0.0164062252483805 3 2 1 2 3 1 1
-0.0076677984845704 3 2 1 2 3 1 3
0.0151750624573703 3 2 1 2 3 2 2
0.0133254849893878 3 2 1 2 3 3 0
-0.0096268207775508 3 2 1 2 3 3 1
0.0133254849893878 3 2 1 2 3 3 3
0.0088609539973522 3 2 1 3 0 0 2
0.0105850671338858 3 2 1 3 0 1 2
-0.0097207915251033 3 2 1 3 0 2 0
-0.0038014071229882 3 2 1 3 0 2 1
0.0097207915251033 3 2 1 3 0 2 3
-0.0088609539973522 3 2 1 3 0 3 2
0.014145165998555 3 2 1 3 1 0 2
0.0128225660869598 3 2 1 3 1 1 2
0.0142625757246961 3 2 1 3 1 2 0
0.0300694595330808 3 2 1 3 1 2 1
0.0142625757246961 3 2 1 3 1 2 3
0.014145165998555 3 2 1 3 1 3 2
0.0048697596298451 3 2 1 3 2 0 0
-0.014145165998555 3 2 1 3 2 0 1
0.0048697596298451 3 2 1 3 2 0 3
-0.0067592008355052 3 2 1 3 2 1 0
-0.0128225660869598 3 2 1 3 2 1 1
-0.0067592008355052 3 2 1 3 2 1 3
0.0300694595330808 3 2 1 3 2 2 2
-0.0135017117600079 3 2 1 3 2 3 0
-0.014145165998555 3 2 1 3 2 3 1
-0.0135017117600079 3 2 1 3 2 3 3
-0.0088609539973522 3 2 1 3 3 0 2
0.0105850671338858 3 2 1 3 3 1 2
-0.0097207915251033 3 2 1 3 3 2 0
-0.0038014071229882 3 2 1 3 3 2 1
0.0097207915251033 3 2 1 3 3 2 3
0.0088609539973522 3 2 1 3 3 3 2
-0.0041085295154314 3 2 2 0 0 0 0
0.0088609539973522 3 2 2 0 0 0 1
0.0072720516873004 3 2 2 0 0 0 3
0.0097207915251033 3 2 2 0 0 1 0
-0.0105850671338858 3 2 2 0 0 1 1
-0.0097207915251033 3 2 2 0 0 1 3
-0.0038014071229882 3 2 2 0 0 2 2
-0.0014355443257519 3 2 2 0 0 3 0
-0.0088609539973522 3 2 2 0 0 3 1
0.00994503687698 3 2 2 0 0 3 3
-0.0048697596298451 3 2 2 0 1 0 0
-0.014145165998555 3 2 2 0 1 0 1
-0.0048697596298451 3 2 2 0 1 0 3
0.0142625757246961 3 2 2 0 1 1 0
-0.0062054902188793 3 2 2 0 1 1 1
0.0142625757246961 3 2 2 0 1 1 3
-0.0110414032272417 3 2 2 0 1 2 2
0.0135017117600079 3 2 2 0 1 3 0
-0.014145165998555 3 2 2 0 1 3 1
0.0135017117600079 3 2 2 0 1 3 3
-0.014145165998555 3 2 2 0 2 0 2
-0.0062054902188793 3 2 2 0 2 1 2
0.0067592008355052 3 2 2 0 2 2 0
0.0110414032272417 3 2 2 0 2 2 1
0.0067592008355052 3 2 2 0 2 2 3
-0.014145165998555 3 2 2 0 2 3 2
0.0242320457731483 3 2 2 0 3 0 0
-0.0088609539973522 3 2 2 0 3 0 1
0.0128514645704165 3 2 2 0 3 0 3
0.0097207915251033 3 2 2 0 3 1 0
-0.0105850671338858 3 2 2 0 3 1 1
-0.0097207915251033 3 2 2 0 3 1 3
-0.0038014071229882 3 2 2 0 3 2 2
0.0269050309628278 3 2 2 0 3 3 0
0.0088609539973522 3 2 2 0 3 3 1
0.015524449760096 3 2 2 0 3 3 3
-0.0133254849893878 3 2 2 1 0 0 0
-0.0096268207775508 3 2 2 1 0 0 1
-0.0133254849893878 3 2 2 1 0 0 3
0.0152824614044777 3 2 2 1 0 1 0
0.0151750624573703 3 2 2 1 0 1 1
-0.0076677984845704 3 2 2 1 0 1 3
0.0164062252483805 3 2 2 1 0 2 2
-0.0133254849893878 3 2 2 1 0 3 0
0.0096268207775508 3 2 2 1 0 3 1
-0.0133254849893878 3 2 2 1 0 3 3
0.0020857388861484 3 2 2 1 1 0 0
-0.0124884218250856 3 2 2 1 1 0 1
0.0020857388861484 3 2 2 1 1 0 3
-0.0089555963364012 3 2 2 1 1 1 0
-0.0028401702624503 3 2 2 1 1 1 1
-0.0066048193163061 3 2 2 1 1 1 3
0.0028401702624503 3 2 2 1 1 2 2
-0.0020857388861484 3 2 2 1 1 3 0
-0.001103467528399 3 2 2 1 1 3 1
-0.0020857388861484 3 2 2 1 1 3 3
-0.001103467528399 3 2 2 1 2 0 2
0.005483495558684 3 2 2 1 2 1 2
-0.0089555963364012 3 2 2 1 2 2 0
0.005483495558684 3 2 2 1 2 2 1
-0.0066048193163061 3 2 2 1 2 2 3
-0.0124884218250856 3 2 2 1 2 3 2
0.0133254849893878 3 2 2 1 3 0 0
-0.0096268207775508 3 2 2 1 3 0 1
0.0133254849893878 3 2 2 1 3 0 3
0.0076677984845704 3 2 2 1 3 1 0
-0.0164062252483805 3 2 2 1 3 1 1
-0.0152824614044777 3 2 2 1 3 1 3
-0.0151750624573703 3 2 2 1 3 2 2
0.0133254849893878 3 2 2 1 3 3 0
0.0096268207775508 3 2 2 1 3 3 1
0.0133254849893878 3 2 2 1 3 3 3
0.0096268207775508 3 2 2 2 0 0 2
0.0151750624573703 3 2 2 2 0 1 2
-0.0076677984845704 3 2 2 2 0 2 0
-0.0164062252483805 3 2 2 2 0 2 1
0.0152824614044777 3 2 2 2 0 2 3
-0.0096268207775508 3 2 2 2 0 3 2
-0.001103467528399 3 2 2 2 1 0 2
0.0142658683893288 3 2 2 2 1 1 2
0.0089555963364012 3 2 2 2 1 2 0
0.0142658683893288 3 2 2 2 1 2 1
0.0066048193163061 3 2 2 2 1 2 3
-0.0124884218250856 3 2 2 2 1 3 2
-0.0020857388861484 3 2 2 2 2 0 0
0.0124884218250856 3 2 2 2 2 0 1
-0.0020857388861484 3 2 2 2 2 0 3
-0.0089555963364012 3 2 2 2 2 1 0
0.0116225430930952 3 2 2 2 2 1 1
-0.0066048193163061 3 2 2 2 2 1 3
-0.0116225430930952 3 2 2 2 2 2 2
0.0020857388861484 3 2 2 2 2 3 0
0.001103467528399 3 2 2 2 2 3 1
0.0020857388861484 3 2 2 2 2 3 3
0.0096268207775508 3 2 2 2 3 0 2
-0.0164062252483805 3 2 2 2 3 1 2
-0.0152824614044777 3 2 2 2 3 2 0
0.0151750624573703 3 2 2 2 3 2 1
0.0076677984845704 3 2 2 2 3 2 3
-0.0096268207775508 3 2 2 2 3 3 2
0.0041085295154314 3 2 2 3 0 0 0
0.0088609539973522 3 2 2 3 0 0 1
-0.0072720516873004 3 2 2 3 0 0 3
-0.0097207915251033 3 2 2 3 0 1 0
0.0005308046177119 3 2 2 3 0 1 1
0.0097207915251033 3 2 2 3 0 1 3
-0.0149172788745858 3 2 2 3 0 2 2
0.0014355443257519 3 2 2 3 0 3 0
-0.0088609539973522 3 2 2 3 0 3 1
-0.00994503687698 3 2 2 3 0 3 3
-0.0135017117600079 3 2 2 3 1 0 0
-0.014145165998555 3 2 2 3 1 0 1
-0.0135017117600079 3 2 2 3 1 0 3
-0.0142625757246961 3 2 2 3 1 1 0
-0.0062054902188793 3 2 2 3 1 1 1
-0.0142625757246961 3 2 2 3 1 1 3
-0.0110414032272417 3 2 2 3 1 2 2
0.0048697596298451 3 2 2 3 1 3 0
-0.014145165998555 3 2 2 3 1 3 1
0.0048697596298451 3 2 2 3 1 3 3
-0.014145165998555 3 2 2 3 2 0 2
-0.0062054902188793 3 2 2 3 2 1 2
-0.0067592008355052 3 2 2 3 2 2 0
0.0110414032272417 3 2 2 3 2 2 1
-0.0067592008355052 3 2 2 3 2 2 3
-0.014145165998555 3 2 2 3 2 3 2
-0.0242320457731483 3 2 2 3 3 0 0
-0.0088609539973522 3 2 2 3 3 0 1
-0.0128514645704165 3 2 2 3 3 0 3
-0.0097207915251033 3 2 2 3 3 1 0
0.0005308046177119 3 2 2 3 3 1 1
0.0097207915251033 3 2 2 3 3 1 3
-0.0149172788745858 3 2 2 3 3 2 2
-0.0269050309628278 3 2 2 3 3 3 0
0.0088609539973522 3 2 2 3 3 3 1
-0.015524449760096 3 2 2 3 3 3 3
-7.06886543843e-05 3 2 3 0 0 0 2
0.0095557414643269 3 2 3 0 0 2 0
-0.0097787831765142 3 2 3 0 0 2 3
7.06886543843e-05 3 2 3 0 0 3 2
-0.005867239655758 3 2 3 0 1 0 2
0.0039032255983397 3 2 3 0 1 1 2
-0.0019338919265326 3 2 3 0 1 2 0
-0.0001612166069774 3 2 3 0 1 2 1
-0.0019338919265326 3 2 3 0 1 2 3
0.005867239655758 3 2 3 0 1 3 2
0.0181658597420326 3 2 3 0 2 0 1
0.0044563494614212 3 2 3 0 2 1 0
0.0061744771856826 3 2 3 0 2 1 1
0.0044563494614212 3 2 3 0 2 1 3
0.002531564025994 3 2 3 0 2 2 2
-0.0181658597420326 3 2 3 0 2 3 1
-7.06886543843e-05 3 2 3 0 3 0 2
-0.0017737227885347 3 2 3 0 3 2 0
-0.0295110410443106 3 2 3 0 3 2 3
7.06886543843e-05 3 2 3 0 3 3 2
-0.0065362874067228 3 2 3 1 0 0 2
-0.0143710988614666 3 2 3 1 0 1 2
0.0120366247860895 3 2 3 1 0 2 0
-0.0143710988614666 3 2 3 1 0 2 1
0.0024829334058047 3 2 3 1 0 2 3
0.0065362874067228 3 2 3 1 0 3 2
0.0231890584141904 3 2 3 1 1 1 2
0.0325109871815295 3 2 3 1 1 2 0
-0.0098071635846802 3 2 3 1 1 2 1
-0.0325109871815295 3 2 3 1 1 2 3
0.0051698904604739 3 2 3 1 2 0 0
0.0084960839564288 3 2 3 1 2 0 3
0.012211029530908 3 2 3 1 2 1 0
-0.0231890584141904 3 2 3 1 2 1 1
-0.012211029530908 3 2 3 1 2 1 3
-0.0098071635846802 3 2 3 1 2 2 2
0.0084960839564288 3 2 3 1 2 3 0
0.0051698904604739 3 2 3 1 2 3 3
0.0065362874067228 3 2 3 1 3 0 2
0.0114043312379572 3 2 3 1 3 1 2
0.0058794461778422 3 2 3 1 3 2 0
0.0114043312379572 3 2 3 1 3 2 1
-0.0203990043697364 3 2 3 1 3 2 3
-0.0065362874067228 3 2 3 1 3 3 2
0.0050257362036735 3 2 3 2 0 0 0
0.0065362874067228 3 2 3 2 0 0 1
0.0050257362036735 3 2 3 2 0 0 3
-0.0203990043697364 3 2 3 2 0 1 0
-0.0114554794430326 3 2 3 2 0 1 1
0.0058794461778422 3 2 3 2 0 1 3
0.0114554794430326 3 2 3 2 0 2 2
0.0050257362036735 3 2 3 2 0 3 0
-0.0065362874067228 3 2 3 2 0 3 1
0.0050257362036735 3 2 3 2 0 3 3
0.0051698904604739 3 2 3 2 1 0 0
0.0084960839564288 3 2 3 2 1 0 3
0.012211029530908 3 2 3 2 1 1 0
-0.0126765344464806 3 2 3 2 1 1 1
-0.012211029530908 3 2 3 2 1 1 3
0.0007053603830296 3 2 3 2 1 2 2
0.0084960839564288 3 2 3 2 1 3 0
0.0051698904604739 3 2 3 2 1 3 3
-0.0126765344464806 3 2 3 2 2 1 2
-0.0325109871815295 3 2 3 2 2 2 0
-0.0007053603830296 3 2 3 2 2 2 1
0.0325109871815295 3 2 3 2 2 2 3
-0.0050257362036735 3 2 3 2 3 0 0
-0.0065362874067228 3 2 3 2 3 0 1
-0.0050257362036735 3 2 3 2 3 0 3
0.0024829334058047 3 2 3 2 3 1 0
0.014422247066542 3 2 3 2 3 1 1
0.0120366247860895 3 2 3 2 3 1 3
-0.014422247066542 3 2 3 2 3 2 2
-0.0050257362036735 3 2 3 2 3 3 0
0.0065362874067228 3 2 3 2 3 3 1
-0.0050257362036735 3 2 3 2 3 3 3
-7.06886543843e-05 3 2 3 3 0 0 2
0.0139801799839816 3 2 3 3 0 2 0
-0.0137571382717943 3 2 3 3 0 2 3
7.06886543843e-05 3 2 3 3 0 3 2
-0.005867239655758 3 2 3 3 1 0 2
0.0061744771856826 3 2 3 3 1 1 2
-0.0044563494614212 3 2 3 3 1 2 0
-0.002531564025994 3 2 3 3 1 2 1
-0.0044563494614212 3 2 3 3 1 2 3
0.005867239655758 3 2 3 3 1 3 2
0.0181658597420326 3 2 3 3 2 0 1
0.0019338919265326 3 2 3 3 2 1 0
0.0039032255983397 3 2 3 3 2 1 1
0.0019338919265326 3 2 3 3 2 1 3
0.0001612166069774 3 2 3 3 2 2 2
-0.0181658597420326 3 2 3 3 2 3 1
-7.06886543843e-05 3 2 3 3 3 0 2
0.0253096442368432 3 2 3 3 3 2 0
0.0059751195960021 3 2 3 3 3 2 3
7.06886543843e-05 3 2 3 3 3 3 2
0.018197898880124 3 3 0 0 0 0 0
-0.0190999032820313 3 3 0 0 0 0 1
-0.0149550229214434 3 3 0 0 0 0 3
-0.0023719589958505 3 3 0 0 0 1 0
-0.0053976385789395 3 3 0 0 0 1 1
0.0023719589958505 3 3 0 0 0 1 3
-0.0053976385789395 3 3 0 0 0 2 2
-0.0172486834873618 3 3 0 0 0 3 0
0.0187565254444895 3 3 0 0 0 3 1
0.0140058075286811 3 3 0 0 0 3 3
-0.0048460321514751 3 3 0 0 1 0 1
-0.0011865995121439 3 3 0 0 1 1 0
-0.0049483479948148 3 3 0 0 1 1 1
-0.0011865995121439 3 3 0 0 1 1 3
0.0026780836498224 3 3 0 0 1 2 2
0.0062845543400564 3 3 0 0 1 3 1
0.0062845543400564 3 3 0 0 2 0 2
0.0026780836498224 3 3 0 0 2 1 2
0.0189016287751967 3 3 0 0 2 2 0
0.0049483479948148 3 3 0 0 2 2 1
0.0189016287751967 3 3 0 0 2 2 3
-0.0048460321514751 3 3 0 0 2 3 2
0.0140058075286811 3 3 0 0 3 0 0
0.0187565254444895 3 3 0 0 3 0 1
-0.0172486834873618 3 3 0 0 3 0 3
-0.0023719589958505 3 3 0 0 3 1 0
-0.0053976385789395 3 3 0 0 3 1 1
0.0023719589958505 3 3 0 0 3 1 3
-0.0053976385789395 3 3 0 0 3 2 2
-0.0149550229214434 3 3 0 0 3 3 0
-0.0190999032820313 3 3 0 0 3 3 1
0.018197898880124 3 3 0 0 3 3 3
-0.0304993161280994 3 3 0 1 0 0 0
0.0159966673417295 3 3 0 1 0 0 1
0.0031898393790911 3 3 0 1 0 0 3
-0.0094810050365133 3 3 0 1 0 1 0
0.0004949139546612 3 3 0 1 0 1 1
0.0094810050365133 3 3 0 1 0 1 3
-0.0027283197992539 3 3 0 1 0 2 2
0.0055423575968556 3 3 0 1 0 3 0
0.0159966673417295 3 3 0 1 0 3 1
0.039231513104046 3 3 0 1 0 3 3
0.0017215397545178 3 3 0 1 1 0 1
0.0156057498733384 3 3 0 1 1 1 0
0.0008482224026719 3 3 0 1 1 1 1
-0.0164807185187172 3 3 0 1 1 1 3
0.0008482224026719 3 3 0 1 1 2 2
0.0017215397545178 3 3 0 1 1 3 1
-0.0006616665582489 3 3 0 1 2 0 2
0.0008482224026719 3 3 0 1 2 1 2
-0.0164807185187172 3 3 0 1 2 2 0
-0.0008482224026719 3 3 0 1 2 2 1
0.0156057498733384 3 3 0 1 2 2 3
-0.0006616665582489 3 3 0 1 2 3 2
-0.0304993161280994 3 3 0 1 3 0 0
0.0159966673417295 3 3 0 1 3 0 1
0.0031898393790911 3 3 0 1 3 0 3
-0.0094810050365133 3 3 0 1 3 1 0
0.0027283197992539 3 3 0 1 3 1 1
0.0094810050365133 3 3 0 1 3 1 3
-0.0004949139546612 3 3 0 1 3 2 2
0.0055423575968556 3 3 0 1 3 3 0
0.0159966673417295 3 3 0 1 3 3 1
0.039231513104046 3 3 0 1 3 3 3
0.0159966673417295 3 3 0 2 0 0 2
0.0004949139546612 3 3 0 2 0 1 2
-0.0094810050365133 3 3 0 2 0 2 0
0.0027283197992539 3 3 0 2 0 2 1
0.0094810050365133 3 3 0 2 0 2 3
0.0159966673417295 3 3 0 2 0 3 2
-0.0017215397545178 3 3 0 2 1 0 2
-0.0008482224026719 3 3 0 2 1 1 2
0.0164807185187172 3 3 0 2 1 2 0
0.0008482224026719 3 3 0 2 1 2 1
-0.0156057498733384 3 3 0 2 1 2 3
-0.0017215397545178 3 3 0 2 1 3 2
-0.0006616665582489 3 3 0 2 2 0 1
0.0156057498733384 3 3 0 2 2 1 0
0.0008482224026719 3 3 0 2 2 1 1
-0.0164807185187172 3 3 0 2 2 1 3
0.0008482224026719 3 3 0 2 2 2 2
-0.0006616665582489 3 3 0 2 2 3 1
0.0159966673417295 3 3 0 2 3 0 2
0.0027283197992539 3 3 0 2 3 1 2
-0.0094810050365133 3 3 0 2 3 2 0
0.0004949139546612 3 3 0 2 3 2 1
0.0094810050365133 3 3 0 2 3 2 3
0.0159966673417295 3 3 0 2 3 3 2
0.018197898880124 3 3 0 3 0 0 0
-0.0190999032820313 3 3 0 3 0 0 1
-0.0149550229214434 3 3 0 3 0 0 3
0.0023719589958505 3 3 0 3 0 1 0
-0.0053976385789395 3 3 0 3 0 1 1
-0.0023719589958505 3 3 0 3 0 1 3
-0.0053976385789395 3 3 0 3 0 2 2
-0.0172486834873618 3 3 0 3 0 3 0
0.0187565254444895 3 3 0 3 0 3 1
0.0140058075286811 3 3 0 3 0 3 3
-0.0062845543400564 3 3 0 3 1 0 1
-0.0011865995121439 3 3 0 3 1 1 0
-0.0137357047989968 3 3 0 3 1 1 1
-0.0011865995121439 3 3 0 3 1 1 3
-0.021362136443634 3 3 0 3 1 2 2
0.0048460321514751 3 3 0 3 1 3 1
0.0048460321514751 3 3 0 3 2 0 2
-0.021362136443634 3 3 0 3 2 1 2
0.0189016287751967 3 3 0 3 2 2 0
0.0137357047989968 3 3 0 3 2 2 1
0.0189016287751967 3 3 0 3 2 2 3
-0.0062845543400564 3 3 0 3 2 3 2
0.0140058075286811 3 3 0 3 3 0 0
0.0187565254444895 3 3 0 3 3 0 1
-0.0172486834873618 3 3 0 3 3 0 3
0.0023719589958505 3 3 0 3 3 1 0
-0.0053976385789395 3 3 0 3 3 1 1
-0.0023719589958505 3 3 0 3 3 1 3
-0.0053976385789395 3 3 0 3 3 2 2
-0.0149550229214434 3 3 0 3 3 3 0
-0.0190999032820313 3 3 0 3 3 3 1
0.018197898880124 3 3 0 3 3 3 3
-0.0086412126626392 3 3 1 0 0 0 1
0.0161530364115277 3 3 1 0 0 1 0
0.0071888734052422 3 3 1 0 0 1 1
-0.0030551033572849 3 3 1 0 0 1 3
0.0018063142078542 3 3 1 0 0 2 2
0.0036270607327992 3 3 1 0 0 3 1
0.0180665081658834 3 3 1 0 1 0 1
-0.0068248415208248 3 3 1 0 1 1 0
-0.0005215859075589 3 3 1 0 1 1 1
-0.0068248415208248 3 3 1 0 1 1 3
0.0005215859075589 3 3 1 0 1 2 2
-0.0180665081658834 3 3 1 0 1 3 1
0.0164804657979046 3 3 1 0 2 0 2
0.0005215859075589 3 3 1 0 2 1 2
0.0068248415208248 3 3 1 0 2 2 0
0.0005215859075589 3 3 1 0 2 2 1
0.0068248415208248 3 3 1 0 2 2 3
-0.0164804657979046 3 3 1 0 2 3 2
-0.0086412126626392 3 3 1 0 3 0 1
0.0030665149267572 3 3 1 0 3 1 0
-0.0071888734052422 3 3 1 0 3 1 1
0.0100314181274857 3 3 1 0 3 1 3
-0.0018063142078542 3 3 1 0 3 2 2
0.0036270607327992 3 3 1 0 3 3 1
0.0070156365890001 3 3 1 1 0 0 0
-0.0070156365890001 3 3 1 1 0 0 3
0.0098192782021134 3 3 1 1 0 1 0
0.0084421464507205 3 3 1 1 0 1 1
0.0025401974220235 3 3 1 1 0 1 3
0.0084421464507205 3 3 1 1 0 2 2
-0.0203896035115739 3 3 1 1 0 3 0
0.0203896035115739 3 3 1 1 0 3 3
-0.039542148067753 3 3 1 1 1 0 0
0.02117758534293 3 3 1 1 1 0 3
-0.0111851038082461 3 3 1 1 1 1 1
0.0033074227566694 3 3 1 1 1 2 2
0.0201759703941616 3 3 1 1 1 3 0
-0.0018114076693386 3 3 1 1 1 3 3
-0.0033074227566694 3 3 1 1 2 1 2
-0.0111851038082461 3 3 1 1 2 2 1
-0.0070156365890001 3 3 1 1 3 0 0
0.0070156365890001 3 3 1 1 3 0 3
0.0251708960096743 3 3 1 1 3 1 0
-0.0084421464507205 3 3 1 1 3 1 1
-0.0175800409170971 3 3 1 1 3 1 3
-0.0084421464507205 3 3 1 1 3 2 2
0.0203896035115739 3 3 1 1 3 3 0
-0.0203896035115739 3 3 1 1 3 3 3
0.0084421464507205 3 3 1 2 0 1 2
0.0211233739832015 3 3 1 2 0 2 0
-0.0084421464507205 3 3 1 2 0 2 1
-0.0087638983590645 3 3 1 2 0 2 3
0.0111851038082461 3 3 1 2 1 1 2
0.0033074227566694 3 3 1 2 1 2 1
-0.0203652031108253 3 3 1 2 2 0 0
0.0387297658356482 3 3 1 2 2 0 3
-0.0033074227566694 3 3 1 2 2 1 1
0.0111851038082461 3 3 1 2 2 2 2
0.0026237899014434 3 3 1 2 2 3 0
-0.0209883526262663 3 3 1 2 2 3 3
-0.0084421464507205 3 3 1 2 3 1 2
0.0010031356440808 3 3 1 2 3 2 0
0.0084421464507205 3 3 1 2 3 2 1
0.0065877194484964 3 3 1 2 3 2 3
0.0089832276908514 3 3 1 3 0 0 1
0.0161530364115277 3 3 1 3 0 1 0
-0.0071888734052422 3 3 1 3 0 1 1
-0.0030551033572849 3 3 1 3 0 1 3
-0.0018063142078542 3 3 1 3 0 2 2
-0.0039690757610115 3 3 1 3 0 3 1
-0.0056074231569966 3 3 1 3 1 0 1
0.0068248415208248 3 3 1 3 1 1 0
0.0158481068060273 3 3 1 3 1 1 1
0.0068248415208248 3 3 1 3 1 1 3
-0.0158481068060273 3 3 1 3 1 2 2
0.0056074231569966 3 3 1 3 1 3 1
-0.0071934655249754 3 3 1 3 2 0 2
-0.0158481068060273 3 3 1 3 2 1 2
-0.0068248415208248 3 3 1 3 2 2 0
-0.0158481068060273 3 3 1 3 2 2 1
-0.0068248415208248 3 3 1 3 2 2 3
0.0071934655249754 3 3 1 3 2 3 2
0.0089832276908514 3 3 1 3 3 0 1
0.0030665149267572 3 3 1 3 3 1 0
0.0071888734052422 3 3 1 3 3 1 1
0.0100314181274857 3 3 1 3 3 1 3
0.0018063142078542 3 3 1 3 3 2 2
-0.0039690757610115 3 3 1 3 3 3 1
-0.0036270607327992 3 3 2 0 0 0 2
0.0018063142078542 3 3 2 0 0 1 2
0.0161530364115277 3 3 2 0 0 2 0
-0.0071888734052422 3 3 2 0 0 2 1
-0.0030551033572849 3 3 2 0 0 2 3
0.0086412126626392 3 3 2 0 0 3 2
0.0071934655249754 3 3 2 0 1 0 2
-0.0158481068060273 3 3 2 0 1 1 2
-0.0068248415208248 3 3 2 0 1 2 0
-0.0158481068060273 3 3 2 0 1 2 1
-0.0068248415208248 3 3 2 0 1 2 3
-0.0071934655249754 3 3 2 0 1 3 2
-0.0056074231569966 3 3 2 0 2 0 1
-0.0068248415208248 3 3 2 0 2 1 0
-0.0158481068060273 3 3 2 0 2 1 1
-0.0068248415208248 3 3 2 0 2 1 3
0.0158481068060273 3 3 2 0 2 2 2
0.0056074231569966 3 3 2 0 2 3 1
-0.0036270607327992 3 3 2 0 3 0 2
-0.0018063142078542 3 3 2 0 3 1 2
0.0030665149267572 3 3 2 0 3 2 0
0.0071888734052422 3 3 2 0 3 2 1
0.0100314181274857 3 3 2 0 3 2 3
0.0086412126626392 3 3 2 0 3 3 2
-0.0084421464507205 3 3 2 1 0 1 2
0.0098192782021134 3 3 2 1 0 2 0
0.0084421464507205 3 3 2 1 0 2 1
0.0025401974220235 3 3 2 1 0 2 3
0.0033074227566694 3 3 2 1 1 1 2
0.0111851038082461 3 3 2 1 1 2 1
0.039542148067753 3 3 2 1 2 0 0
-0.02117758534293 3 3 2 1 2 0 3
-0.0111851038082461 3 3 2 1 2 1 1
0.0033074227566694 3 3 2 1 2 2 2
-0.0201759703941616 3 3 2 1 2 3 0
0.0018114076693386 3 3 2 1 2 3 3
0.0084421464507205 3 3 2 1 3 1 2
0.0251708960096743 3 3 2 1 3 2 0
-0.0084421464507205 3 3 2 1 3 2 1
-0.0175800409170971 3 3 2 1 3 2 3
0.0060358787085361 3 3 2 2 0 0 0
-0.0060358787085361 3 3 2 2 0 0 3
-0.0211233739832015 3 3 2 2 0 1 0
0.0084421464507205 3 3 2 2 0 1 1
0.0087638983590645 3 3 2 2 0 1 3
0.0084421464507205 3 3 2 2 0 2 2
-0.0213693613920378 3 3 2 2 0 3 0
0.0213693613920378 3 3 2 2 0 3 3
-0.0203652031108253 3 3 2 2 1 0 0
0.0387297658356482 3 3 2 2 1 0 3
0.0033074227566694 3 3 2 2 1 1 1
-0.0111851038082461 3 3 2 2 1 2 2
0.0026237899014434 3 3 2 2 1 3 0
-0.0209883526262663 3 3 2 2 1 3 3
0.0111851038082461 3 3 2 2 2 1 2
0.0033074227566694 3 3 2 2 2 2 1
-0.0060358787085361 3 3 2 2 3 0 0
0.0060358787085361 3 3 2 2 3 0 3
-0.0010031356440808 3 3 2 2 3 1 0
-0.0084421464507205 3 3 2 2 3 1 1
-0.0065877194484964 3 3 2 2 3 1 3
-0.0084421464507205 3 3 2 2 3 2 2
0.0213693613920378 3 3 2 2 3 3 0
-0.0213693613920378 3 3 2 2 3 3 3
0.0039690757610115 3 3 2 3 0 0 2
-0.0018063142078542 3 3 2 3 0 1 2
0.0161530364115277 3 3 2 3 0 2 0
0.0071888734052422 3 3 2 3 0 2 1
-0.0030551033572849 3 3 2 3 0 2 3
-0.0089832276908514 3 3 2 3 0 3 2
-0.0164804657979046 3 3 2 3 1 0 2
0.0005215859075589 3 3 2 3 1 1 2
0.0068248415208248 3 3 2 3 1 2 0
0.0005215859075589 3 3 2 3 1 2 1
0.0068248415208248 3 3 2 3 1 2 3
0.0164804657979046 3 3 2 3 1 3 2
0.0180665081658834 3 3 2 3 2 0 1
0.0068248415208248 3 3 2 3 2 1 0
0.0005215859075589 3 3 2 3 2 1 1
0.0068248415208248 3 3 2 3 2 1 3
-0.0005215859075589 3 3 2 3 2 2 2
-0.0180665081658834 3 3 2 3 2 3 1
0.0039690757610115 3 3 2 3 3 0 2
0.0018063142078542 3 3 2 3 3 1 2
0.0030665149267572 3 3 2 3 3 2 0
-0.0071888734052422 3 3 2 3 3 2 1
0.0100314181274857 3 3 2 3 3 2 3
-0.0089832276908514 3 3 2 3 3 3 2
0.0172486834873618 3 3 3 0 0 0 0
0.0190999032820313 3 3 3 0 0 0 1
-0.0140058075286811 3 3 3 0 0 0 3
-0.0023719589958505 3 3 3 0 0 1 0
0.0053976385789395 3 3 3 0 0 1 1
0.0023719589958505 3 3 3 0 0 1 3
0.0053976385789395 3 3 3 0 0 2 2
-0.018197898880124 3 3 3 0 0 3 0
-0.0187565254444895 3 3 3 0 0 3 1
0.0149550229214434 3 3 3 0 0 3 3
-0.0030619503452622 3 3 3 0 1 0 1
-0.0011865995121439 3 3 3 0 1 1 0
-0.0256604179936359 3 3 3 0 1 1 1
-0.0011865995121439 3 3 3 0 1 1 3
-0.0094374232489948 3 3 3 0 1 2 2
0.0080686361462693 3 3 3 0 1 3 1
0.0080686361462693 3 3 3 0 2 0 2
-0.0094374232489948 3 3 3 0 2 1 2
0.0189016287751967 3 3 3 0 2 2 0
0.0256604179936359 3 3 3 0 2 2 1
0.0189016287751967 3 3 3 0 2 2 3
-0.0030619503452622 3 3 3 0 2 3 2
0.0149550229214434 3 3 3 0 3 0 0
-0.0187565254444895 3 3 3 0 3 0 1
-0.018197898880124 3 3 3 0 3 0 3
-0.0023719589958505 3 3 3 0 3 1 0
0.0053976385789395 3 3 3 0 3 1 1
0.0023719589958505 3 3 3 0 3 1 3
0.0053976385789395 3 3 3 0 3 2 2
-0.0140058075286811 3 3 3 0 3 3 0
0.0190999032820313 3 3 3 0 3 3 1
0.0172486834873618 3 3 3 0 3 3 3
-0.0304993161280994 3 3 3 1 0 0 0
-0.0159966673417295 3 3 3 1 0 0 1
0.0031898393790911 3 3 3 1 0 0 3
-0.0094810050365133 3 3 3 1 0 1 0
0.0004949139546612 3 3 3 1 0 1 1
0.0094810050365133 3 3 3 1 0 1 3
-0.0027283197992539 3 3 3 1 0 2 2
0.0055423575968556 3 3 3 1 0 3 0
-0.0159966673417295 3 3 3 1 0 3 1
0.039231513104046 3 3 3 1 0 3 3
-0.0006616665582489 3 3 3 1 1 0 1
0.0164807185187172 3 3 3 1 1 1 0
-0.0008482224026719 3 3 3 1 1 1 1
-0.0156057498733384 3 3 3 1 1 1 3
-0.0008482224026719 3 3 3 1 1 2 2
-0.0006616665582489 3 3 3 1 1 3 1
0.0017215397545178 3 3 3 1 2 0 2
-0.0008482224026719 3 3 3 1 2 1 2
-0.0156057498733384 3 3 3 1 2 2 0
0.0008482224026719 3 3 3 1 2 2 1
0.0164807185187172 3 3 3 1 2 2 3
0.0017215397545178 3 3 3 1 2 3 2
-0.0304993161280994 3 3 3 1 3 0 0
-0.0159966673417295 3 3 3 1 3 0 1
0.0031898393790911 3 3 3 1 3 0 3
-0.0094810050365133 3 3 3 1 3 1 0
0.0027283197992539 3 3 3 1 3 1 1
0.0094810050365133 3 3 3 1 3 1 3
-0.0004949139546612 3 3 3 1 3 2 2
0.0055423575968556 3 3 3 1 3 3 0
-0.0159966673417295 3 3 3 1 3 3 1
0.039231513104046 3 3 3 1 3 3 3
-0.0159966673417295 3 3 3 2 0 0 2
0.0004949139546612 3 3 3 2 0 1 2
-0.0094810050365133 3 3 3 2 0 2 0
0.0027283197992539 3 3 3 2 0 2 1
0.0094810050365133 3 3 3 2 0 2 3
-0.0159966673417295 3 3 3 2 0 3 2
0.0006616665582489 3 3 3 2 1 0 2
0.0008482224026719 3 3 3 2 1 1 2
0.0156057498733384 3 3 3 2 1 2 0
-0.0008482224026719 3 3 3 2 1 2 1
-0.0164807185187172 3 3 3 2 1 2 3
0.0006616665582489 3 3 3 2 1 3 2
0.0017215397545178 3 3 3 2 2 0 1
0.0164807185187172 3 3 3 2 2 1 0
-0.0008482224026719 3 3 3 2 2 1 1
-0.0156057498733384 3 3 3 2 2 1 3
-0.0008482224026719 3 3 3 2 2 2 2
0.0017215397545178 3 3 3 2 2 3 1
-0.0159966673417295 3 3 3 2 3 0 2
0.0027283197992539 3 3 3 2 3 1 2
-0.0094810050365133 3 3 3 2 3 2 0
0.0004949139546612 3 3 3 2 3 2 1
0.0094810050365133 3 3 3 2 3 2 3
-0.0159966673417295 3 3 3 2 3 3 2
0.0172486834873618 3 3 3 3 0 0 0
0.0190999032820313 3 3 3 3 0 0 1
-0.0140058075286811 3 3 3 3 0 0 3
0.0023719589958505 3 3 3 3 0 1 0
0.0053976385789395 3 3 3 3 0 1 1
-0.0023719589958505 3 3 3 3 0 1 3
0.0053976385789395 3 3 3 3 0 2 2
-0.018197898880124 3 3 3 3 0 3 0
-0.0187565254444895 3 3 3 3 0 3 1
0.0149550229214434 3 3 3 3 0 3 3
-0.0080686361462693 3 3 3 3 1 0 1
-0.0011865995121439 3 3 3 3 1 1 0
0.0069763651998244 3 3 3 3 1 1 1
-0.0011865995121439 3 3 3 3 1 1 3
-0.0092466295448168 3 3 3 3 1 2 2
0.0030619503452622 3 3 3 3 1 3 1
0.0030619503452622 3 3 3 3 2 0 2
-0.0092466295448168 3 3 3 3 2 1 2
0.0189016287751967 3 3 3 3 2 2 0
-0.0069763651998244 3 3 3 3 2 2 1
0.0189016287751967 3 3 3 3 2 2 3
-0.0080686361462693 3 3 3 3 2 3 2
0.0149550229214434 3 3 3 3 3 0 0
-0.0187565254444895 3 3 3 3 3 0 1
-0.018197898880124 3 3 3 3 3 0 3
0.0023719589958505 3 3 3 3 3 1 0
0.0053976385789395 3 3 3 3 3 1 1
-0.0023719589958505 3 3 3 3 3 1 3
0.0053976385789395 3 3 3 3 3 2 2
-0.0140058075286811 3 3 3 3 3 3 0
0.0190999032820313 3 3 3 3 3 3 1
0.0172486834873618 3 3 3 3 3 3 3
