0.0001822500 0 0 0 0 0 0 0 0 
0.0000501875 0 0 0 0 0 0 0 2 
0.0000854375 0 0 0 0 0 0 1 1 
0.0000535625 0 0 0 0 0 0 1 2 
0.0000147500 0 0 0 0 0 0 1 3 
0.0000501875 0 0 0 0 0 0 2 0 
0.0000535625 0 0 0 0 0 0 2 1 
0.0000147500 0 0 0 0 0 0 3 1 
0.0000106250 0 0 0 0 0 0 3 3 
0.0000854375 0 0 0 0 0 1 0 1 
0.0000535625 0 0 0 0 0 1 0 2 
0.0000147500 0 0 0 0 0 1 0 3 
0.0000854375 0 0 0 0 0 1 1 0 
0.0000572500 0 0 0 0 0 1 1 1 
0.0000078125 0 0 0 0 0 1 1 2 
0.0000143750 0 0 0 0 0 1 1 3 
0.0000535625 0 0 0 0 0 1 2 0 
0.0000078125 0 0 0 0 0 1 2 1 
0.0000125000 0 0 0 0 0 1 2 3 
0.0000147500 0 0 0 0 0 1 3 0 
0.0000143750 0 0 0 0 0 1 3 1 
0.0000125000 0 0 0 0 0 1 3 2 
0.0000501875 0 0 0 0 0 2 0 0 
0.0000535625 0 0 0 0 0 2 0 1 
0.0000535625 0 0 0 0 0 2 1 0 
0.0000078125 0 0 0 0 0 2 1 1 
0.0000125000 0 0 0 0 0 2 1 3 
0.0000065000 0 0 0 0 0 2 2 2 
0.0000512500 0 0 0 0 0 2 2 3 
0.0000125000 0 0 0 0 0 2 3 1 
0.0000512500 0 0 0 0 0 2 3 2 
0.0000147500 0 0 0 0 0 3 0 1 
0.0000106250 0 0 0 0 0 3 0 3 
0.0000147500 0 0 0 0 0 3 1 0 
0.0000143750 0 0 0 0 0 3 1 1 
0.0000125000 0 0 0 0 0 3 1 2 
0.0000125000 0 0 0 0 0 3 2 1 
0.0000512500 0 0 0 0 0 3 2 2 
0.0000106250 0 0 0 0 0 3 3 0 
0.0000854375 0 0 0 0 1 0 0 1 
0.0000535625 0 0 0 0 1 0 0 2 
0.0000147500 0 0 0 0 1 0 0 3 
0.0000854375 0 0 0 0 1 0 1 0 
0.0000572500 0 0 0 0 1 0 1 1 
0.0000078125 0 0 0 0 1 0 1 2 
0.0000143750 0 0 0 0 1 0 1 3 
0.0000535625 0 0 0 0 1 0 2 0 
0.0000078125 0 0 0 0 1 0 2 1 
0.0000125000 0 0 0 0 1 0 2 3 
0.0000147500 0 0 0 0 1 0 3 0 
0.0000143750 0 0 0 0 1 0 3 1 
0.0000125000 0 0 0 0 1 0 3 2 
0.0000854375 0 0 0 0 1 1 0 0 
0.0000572500 0 0 0 0 1 1 0 1 
0.0000078125 0 0 0 0 1 1 0 2 
0.0000143750 0 0 0 0 1 1 0 3 
0.0000572500 0 0 0 0 1 1 1 0 
0.0000288750 0 0 0 0 1 1 1 2 
0.0000078125 0 0 0 0 1 1 2 0 
0.0000288750 0 0 0 0 1 1 2 1 
0.0000105625 0 0 0 0 1 1 2 2 
0.0000143750 0 0 0 0 1 1 3 0 
0.0000533125 0 0 0 0 1 1 3 3 
0.0000535625 0 0 0 0 1 2 0 0 
0.0000078125 0 0 0 0 1 2 0 1 
0.0000125000 0 0 0 0 1 2 0 3 
0.0000078125 0 0 0 0 1 2 1 0 
0.0000288750 0 0 0 0 1 2 1 1 
0.0000105625 0 0 0 0 1 2 1 2 
0.0000105625 0 0 0 0 1 2 2 1 
0.0001474375 0 0 0 0 1 2 2 2 
0.0000125000 0 0 0 0 1 2 3 0 
0.0000147500 0 0 0 0 1 3 0 0 
0.0000143750 0 0 0 0 1 3 0 1 
0.0000125000 0 0 0 0 1 3 0 2 
0.0000143750 0 0 0 0 1 3 1 0 
0.0000533125 0 0 0 0 1 3 1 3 
0.0000125000 0 0 0 0 1 3 2 0 
0.0000533125 0 0 0 0 1 3 3 1 
0.0001210625 0 0 0 0 1 3 3 3 
0.0000501875 0 0 0 0 2 0 0 0 
0.0000535625 0 0 0 0 2 0 0 1 
0.0000535625 0 0 0 0 2 0 1 0 
0.0000078125 0 0 0 0 2 0 1 1 
0.0000125000 0 0 0 0 2 0 1 3 
0.0000065000 0 0 0 0 2 0 2 2 
0.0000512500 0 0 0 0 2 0 2 3 
0.0000125000 0 0 0 0 2 0 3 1 
0.0000512500 0 0 0 0 2 0 3 2 
0.0000535625 0 0 0 0 2 1 0 0 
0.0000078125 0 0 0 0 2 1 0 1 
0.0000125000 0 0 0 0 2 1 0 3 
0.0000078125 0 0 0 0 2 1 1 0 
0.0000288750 0 0 0 0 2 1 1 1 
0.0000105625 0 0 0 0 2 1 1 2 
0.0000105625 0 0 0 0 2 1 2 1 
0.0001474375 0 0 0 0 2 1 2 2 
0.0000125000 0 0 0 0 2 1 3 0 
0.0000065000 0 0 0 0 2 2 0 2 
0.0000512500 0 0 0 0 2 2 0 3 
0.0000105625 0 0 0 0 2 2 1 1 
0.0001474375 0 0 0 0 2 2 1 2 
0.0000065000 0 0 0 0 2 2 2 0 
0.0001474375 0 0 0 0 2 2 2 1 
0.0000512500 0 0 0 0 2 2 3 0 
0.0000125000 0 0 0 0 2 3 0 1 
0.0000512500 0 0 0 0 2 3 0 2 
0.0000125000 0 0 0 0 2 3 1 0 
0.0000512500 0 0 0 0 2 3 2 0 
0.0000194375 0 0 0 0 2 3 3 3 
0.0000147500 0 0 0 0 3 0 0 1 
0.0000106250 0 0 0 0 3 0 0 3 
0.0000147500 0 0 0 0 3 0 1 0 
0.0000143750 0 0 0 0 3 0 1 1 
0.0000125000 0 0 0 0 3 0 1 2 
0.0000125000 0 0 0 0 3 0 2 1 
0.0000512500 0 0 0 0 3 0 2 2 
0.0000106250 0 0 0 0 3 0 3 0 
0.0000147500 0 0 0 0 3 1 0 0 
0.0000143750 0 0 0 0 3 1 0 1 
0.0000125000 0 0 0 0 3 1 0 2 
0.0000143750 0 0 0 0 3 1 1 0 
0.0000533125 0 0 0 0 3 1 1 3 
0.0000125000 0 0 0 0 3 1 2 0 
0.0000533125 0 0 0 0 3 1 3 1 
0.0001210625 0 0 0 0 3 1 3 3 
0.0000125000 0 0 0 0 3 2 0 1 
0.0000512500 0 0 0 0 3 2 0 2 
0.0000125000 0 0 0 0 3 2 1 0 
0.0000512500 0 0 0 0 3 2 2 0 
0.0000194375 0 0 0 0 3 2 3 3 
0.0000106250 0 0 0 0 3 3 0 0 
0.0000533125 0 0 0 0 3 3 1 1 
0.0001210625 0 0 0 0 3 3 1 3 
0.0000194375 0 0 0 0 3 3 2 3 
0.0001210625 0 0 0 0 3 3 3 1 
0.0000194375 0 0 0 0 3 3 3 2 
0.0001822500 0 0 0 1 0 0 0 1 
0.0000854375 0 0 0 1 0 0 1 0 
0.0000535625 0 0 0 1 0 0 2 0 
0.0000501875 0 0 0 1 0 0 2 1 
0.0000147500 0 0 0 1 0 0 3 0 
0.0000854375 0 0 0 1 0 1 0 0 
0.0000572500 0 0 0 1 0 1 1 0 
0.0000854375 0 0 0 1 0 1 1 1 
0.0000078125 0 0 0 1 0 1 2 0 
0.0000535625 0 0 0 1 0 1 2 1 
0.0000143750 0 0 0 1 0 1 3 0 
0.0000147500 0 0 0 1 0 1 3 1 
0.0000535625 0 0 0 1 0 2 0 0 
0.0000501875 0 0 0 1 0 2 0 1 
0.0000078125 0 0 0 1 0 2 1 0 
0.0000535625 0 0 0 1 0 2 1 1 
0.0000125000 0 0 0 1 0 2 3 0 
0.0000147500 0 0 0 1 0 3 0 0 
0.0000143750 0 0 0 1 0 3 1 0 
0.0000147500 0 0 0 1 0 3 1 1 
0.0000125000 0 0 0 1 0 3 2 0 
0.0000106250 0 0 0 1 0 3 3 1 
0.0000854375 0 0 0 1 1 0 0 0 
0.0000572500 0 0 0 1 1 0 1 0 
0.0000854375 0 0 0 1 1 0 1 1 
0.0000078125 0 0 0 1 1 0 2 0 
0.0000535625 0 0 0 1 1 0 2 1 
0.0000143750 0 0 0 1 1 0 3 0 
0.0000147500 0 0 0 1 1 0 3 1 
0.0000572500 0 0 0 1 1 1 0 0 
0.0000854375 0 0 0 1 1 1 0 1 
0.0000572500 0 0 0 1 1 1 1 1 
0.0000288750 0 0 0 1 1 1 2 0 
0.0000078125 0 0 0 1 1 1 2 1 
0.0000143750 0 0 0 1 1 1 3 1 
0.0000078125 0 0 0 1 1 2 0 0 
0.0000535625 0 0 0 1 1 2 0 1 
0.0000288750 0 0 0 1 1 2 1 0 
0.0000078125 0 0 0 1 1 2 1 1 
0.0000105625 0 0 0 1 1 2 2 0 
0.0000125000 0 0 0 1 1 2 3 1 
0.0000143750 0 0 0 1 1 3 0 0 
0.0000147500 0 0 0 1 1 3 0 1 
0.0000143750 0 0 0 1 1 3 1 1 
0.0000125000 0 0 0 1 1 3 2 1 
0.0000533125 0 0 0 1 1 3 3 0 
0.0000535625 0 0 0 1 2 0 0 0 
0.0000501875 0 0 0 1 2 0 0 1 
0.0000078125 0 0 0 1 2 0 1 0 
0.0000535625 0 0 0 1 2 0 1 1 
0.0000125000 0 0 0 1 2 0 3 0 
0.0000078125 0 0 0 1 2 1 0 0 
0.0000535625 0 0 0 1 2 1 0 1 
0.0000288750 0 0 0 1 2 1 1 0 
0.0000078125 0 0 0 1 2 1 1 1 
0.0000105625 0 0 0 1 2 1 2 0 
0.0000125000 0 0 0 1 2 1 3 1 
0.0000105625 0 0 0 1 2 2 1 0 
0.0001474375 0 0 0 1 2 2 2 0 
0.0000065000 0 0 0 1 2 2 2 1 
0.0000512500 0 0 0 1 2 2 3 1 
0.0000125000 0 0 0 1 2 3 0 0 
0.0000125000 0 0 0 1 2 3 1 1 
0.0000512500 0 0 0 1 2 3 2 1 
0.0000147500 0 0 0 1 3 0 0 0 
0.0000143750 0 0 0 1 3 0 1 0 
0.0000147500 0 0 0 1 3 0 1 1 
0.0000125000 0 0 0 1 3 0 2 0 
0.0000106250 0 0 0 1 3 0 3 1 
0.0000143750 0 0 0 1 3 1 0 0 
0.0000147500 0 0 0 1 3 1 0 1 
0.0000143750 0 0 0 1 3 1 1 1 
0.0000125000 0 0 0 1 3 1 2 1 
0.0000533125 0 0 0 1 3 1 3 0 
0.0000125000 0 0 0 1 3 2 0 0 
0.0000125000 0 0 0 1 3 2 1 1 
0.0000512500 0 0 0 1 3 2 2 1 
0.0000106250 0 0 0 1 3 3 0 1 
0.0000533125 0 0 0 1 3 3 1 0 
0.0001210625 0 0 0 1 3 3 3 0 
0.0000501875 0 0 0 2 0 0 0 0 
0.0001822500 0 0 0 2 0 0 0 2 
0.0000535625 0 0 0 2 0 0 1 0 
0.0000501875 0 0 0 2 0 0 2 2 
0.0000535625 0 0 0 2 0 1 0 0 
0.0000078125 0 0 0 2 0 1 1 0 
0.0000854375 0 0 0 2 0 1 1 2 
0.0000535625 0 0 0 2 0 1 2 2 
0.0000125000 0 0 0 2 0 1 3 0 
0.0000147500 0 0 0 2 0 1 3 2 
0.0000501875 0 0 0 2 0 2 0 2 
0.0000535625 0 0 0 2 0 2 1 2 
0.0000065000 0 0 0 2 0 2 2 0 
0.0000512500 0 0 0 2 0 2 3 0 
0.0000125000 0 0 0 2 0 3 1 0 
0.0000147500 0 0 0 2 0 3 1 2 
0.0000512500 0 0 0 2 0 3 2 0 
0.0000106250 0 0 0 2 0 3 3 2 
0.0000535625 0 0 0 2 1 0 0 0 
0.0000078125 0 0 0 2 1 0 1 0 
0.0000854375 0 0 0 2 1 0 1 2 
0.0000535625 0 0 0 2 1 0 2 2 
0.0000125000 0 0 0 2 1 0 3 0 
0.0000147500 0 0 0 2 1 0 3 2 
0.0000078125 0 0 0 2 1 1 0 0 
0.0000854375 0 0 0 2 1 1 0 2 
0.0000288750 0 0 0 2 1 1 1 0 
0.0000572500 0 0 0 2 1 1 1 2 
0.0000105625 0 0 0 2 1 1 2 0 
0.0000078125 0 0 0 2 1 1 2 2 
0.0000143750 0 0 0 2 1 1 3 2 
0.0000535625 0 0 0 2 1 2 0 2 
0.0000105625 0 0 0 2 1 2 1 0 
0.0000078125 0 0 0 2 1 2 1 2 
0.0001474375 0 0 0 2 1 2 2 0 
0.0000125000 0 0 0 2 1 2 3 2 
0.0000125000 0 0 0 2 1 3 0 0 
0.0000147500 0 0 0 2 1 3 0 2 
0.0000143750 0 0 0 2 1 3 1 2 
0.0000125000 0 0 0 2 1 3 2 2 
0.0000501875 0 0 0 2 2 0 0 2 
0.0000535625 0 0 0 2 2 0 1 2 
0.0000065000 0 0 0 2 2 0 2 0 
0.0000512500 0 0 0 2 2 0 3 0 
0.0000535625 0 0 0 2 2 1 0 2 
0.0000105625 0 0 0 2 2 1 1 0 
0.0000078125 0 0 0 2 2 1 1 2 
0.0001474375 0 0 0 2 2 1 2 0 
0.0000125000 0 0 0 2 2 1 3 2 
0.0000065000 0 0 0 2 2 2 0 0 
0.0001474375 0 0 0 2 2 2 1 0 
0.0000065000 0 0 0 2 2 2 2 2 
0.0000512500 0 0 0 2 2 2 3 2 
0.0000512500 0 0 0 2 2 3 0 0 
0.0000125000 0 0 0 2 2 3 1 2 
0.0000512500 0 0 0 2 2 3 2 2 
0.0000125000 0 0 0 2 3 0 1 0 
0.0000147500 0 0 0 2 3 0 1 2 
0.0000512500 0 0 0 2 3 0 2 0 
0.0000106250 0 0 0 2 3 0 3 2 
0.0000125000 0 0 0 2 3 1 0 0 
0.0000147500 0 0 0 2 3 1 0 2 
0.0000143750 0 0 0 2 3 1 1 2 
0.0000125000 0 0 0 2 3 1 2 2 
0.0000512500 0 0 0 2 3 2 0 0 
0.0000125000 0 0 0 2 3 2 1 2 
0.0000512500 0 0 0 2 3 2 2 2 
0.0000106250 0 0 0 2 3 3 0 2 
0.0000194375 0 0 0 2 3 3 3 0 
0.0001822500 0 0 0 3 0 0 0 3 
0.0000147500 0 0 0 3 0 0 1 0 
0.0000501875 0 0 0 3 0 0 2 3 
0.0000106250 0 0 0 3 0 0 3 0 
0.0000147500 0 0 0 3 0 1 0 0 
0.0000143750 0 0 0 3 0 1 1 0 
0.0000854375 0 0 0 3 0 1 1 3 
0.0000125000 0 0 0 3 0 1 2 0 
0.0000535625 0 0 0 3 0 1 2 3 
0.0000147500 0 0 0 3 0 1 3 3 
0.0000501875 0 0 0 3 0 2 0 3 
0.0000125000 0 0 0 3 0 2 1 0 
0.0000535625 0 0 0 3 0 2 1 3 
0.0000512500 0 0 0 3 0 2 2 0 
0.0000106250 0 0 0 3 0 3 0 0 
0.0000147500 0 0 0 3 0 3 1 3 
0.0000106250 0 0 0 3 0 3 3 3 
0.0000147500 0 0 0 3 1 0 0 0 
0.0000143750 0 0 0 3 1 0 1 0 
0.0000854375 0 0 0 3 1 0 1 3 
0.0000125000 0 0 0 3 1 0 2 0 
0.0000535625 0 0 0 3 1 0 2 3 
0.0000147500 0 0 0 3 1 0 3 3 
0.0000143750 0 0 0 3 1 1 0 0 
0.0000854375 0 0 0 3 1 1 0 3 
0.0000572500 0 0 0 3 1 1 1 3 
0.0000078125 0 0 0 3 1 1 2 3 
0.0000533125 0 0 0 3 1 1 3 0 
0.0000143750 0 0 0 3 1 1 3 3 
0.0000125000 0 0 0 3 1 2 0 0 
0.0000535625 0 0 0 3 1 2 0 3 
0.0000078125 0 0 0 3 1 2 1 3 
0.0000125000 0 0 0 3 1 2 3 3 
0.0000147500 0 0 0 3 1 3 0 3 
0.0000533125 0 0 0 3 1 3 1 0 
0.0000143750 0 0 0 3 1 3 1 3 
0.0000125000 0 0 0 3 1 3 2 3 
0.0001210625 0 0 0 3 1 3 3 0 
0.0000501875 0 0 0 3 2 0 0 3 
0.0000125000 0 0 0 3 2 0 1 0 
0.0000535625 0 0 0 3 2 0 1 3 
0.0000512500 0 0 0 3 2 0 2 0 
0.0000125000 0 0 0 3 2 1 0 0 
0.0000535625 0 0 0 3 2 1 0 3 
0.0000078125 0 0 0 3 2 1 1 3 
0.0000125000 0 0 0 3 2 1 3 3 
0.0000512500 0 0 0 3 2 2 0 0 
0.0000065000 0 0 0 3 2 2 2 3 
0.0000512500 0 0 0 3 2 2 3 3 
0.0000125000 0 0 0 3 2 3 1 3 
0.0000512500 0 0 0 3 2 3 2 3 
0.0000194375 0 0 0 3 2 3 3 0 
0.0000106250 0 0 0 3 3 0 0 0 
0.0000147500 0 0 0 3 3 0 1 3 
0.0000106250 0 0 0 3 3 0 3 3 
0.0000147500 0 0 0 3 3 1 0 3 
0.0000533125 0 0 0 3 3 1 1 0 
0.0000143750 0 0 0 3 3 1 1 3 
0.0000125000 0 0 0 3 3 1 2 3 
0.0001210625 0 0 0 3 3 1 3 0 
0.0000125000 0 0 0 3 3 2 1 3 
0.0000512500 0 0 0 3 3 2 2 3 
0.0000194375 0 0 0 3 3 2 3 0 
0.0000106250 0 0 0 3 3 3 0 3 
0.0001210625 0 0 0 3 3 3 1 0 
0.0000194375 0 0 0 3 3 3 2 0 
0.0000854375 0 0 1 0 0 0 0 1 
0.0000535625 0 0 1 0 0 0 0 2 
0.0000147500 0 0 1 0 0 0 0 3 
0.0001822500 0 0 1 0 0 0 1 0 
0.0000501875 0 0 1 0 0 0 1 2 
0.0000854375 0 0 1 0 0 1 0 0 
0.0000572500 0 0 1 0 0 1 0 1 
0.0000078125 0 0 1 0 0 1 0 2 
0.0000143750 0 0 1 0 0 1 0 3 
0.0000854375 0 0 1 0 0 1 1 1 
0.0000535625 0 0 1 0 0 1 1 2 
0.0000147500 0 0 1 0 0 1 1 3 
0.0000535625 0 0 1 0 0 2 0 0 
0.0000078125 0 0 1 0 0 2 0 1 
0.0000125000 0 0 1 0 0 2 0 3 
0.0000501875 0 0 1 0 0 2 1 0 
0.0000535625 0 0 1 0 0 2 1 1 
0.0000147500 0 0 1 0 0 3 0 0 
0.0000143750 0 0 1 0 0 3 0 1 
0.0000125000 0 0 1 0 0 3 0 2 
0.0000147500 0 0 1 0 0 3 1 1 
0.0000106250 0 0 1 0 0 3 1 3 
0.0000854375 0 0 1 0 1 0 0 0 
0.0000572500 0 0 1 0 1 0 0 1 
0.0000078125 0 0 1 0 1 0 0 2 
0.0000143750 0 0 1 0 1 0 0 3 
0.0000854375 0 0 1 0 1 0 1 1 
0.0000535625 0 0 1 0 1 0 1 2 
0.0000147500 0 0 1 0 1 0 1 3 
0.0000572500 0 0 1 0 1 1 0 0 
0.0000288750 0 0 1 0 1 1 0 2 
0.0000854375 0 0 1 0 1 1 1 0 
0.0000572500 0 0 1 0 1 1 1 1 
0.0000078125 0 0 1 0 1 1 1 2 
0.0000143750 0 0 1 0 1 1 1 3 
0.0000078125 0 0 1 0 1 2 0 0 
0.0000288750 0 0 1 0 1 2 0 1 
0.0000105625 0 0 1 0 1 2 0 2 
0.0000535625 0 0 1 0 1 2 1 0 
0.0000078125 0 0 1 0 1 2 1 1 
0.0000125000 0 0 1 0 1 2 1 3 
0.0000143750 0 0 1 0 1 3 0 0 
0.0000533125 0 0 1 0 1 3 0 3 
0.0000147500 0 0 1 0 1 3 1 0 
0.0000143750 0 0 1 0 1 3 1 1 
0.0000125000 0 0 1 0 1 3 1 2 
0.0000535625 0 0 1 0 2 0 0 0 
0.0000078125 0 0 1 0 2 0 0 1 
0.0000125000 0 0 1 0 2 0 0 3 
0.0000501875 0 0 1 0 2 0 1 0 
0.0000535625 0 0 1 0 2 0 1 1 
0.0000078125 0 0 1 0 2 1 0 0 
0.0000288750 0 0 1 0 2 1 0 1 
0.0000105625 0 0 1 0 2 1 0 2 
0.0000535625 0 0 1 0 2 1 1 0 
0.0000078125 0 0 1 0 2 1 1 1 
0.0000125000 0 0 1 0 2 1 1 3 
0.0000105625 0 0 1 0 2 2 0 1 
0.0001474375 0 0 1 0 2 2 0 2 
0.0000065000 0 0 1 0 2 2 1 2 
0.0000512500 0 0 1 0 2 2 1 3 
0.0000125000 0 0 1 0 2 3 0 0 
0.0000125000 0 0 1 0 2 3 1 1 
0.0000512500 0 0 1 0 2 3 1 2 
0.0000147500 0 0 1 0 3 0 0 0 
0.0000143750 0 0 1 0 3 0 0 1 
0.0000125000 0 0 1 0 3 0 0 2 
0.0000147500 0 0 1 0 3 0 1 1 
0.0000106250 0 0 1 0 3 0 1 3 
0.0000143750 0 0 1 0 3 1 0 0 
0.0000533125 0 0 1 0 3 1 0 3 
0.0000147500 0 0 1 0 3 1 1 0 
0.0000143750 0 0 1 0 3 1 1 1 
0.0000125000 0 0 1 0 3 1 1 2 
0.0000125000 0 0 1 0 3 2 0 0 
0.0000125000 0 0 1 0 3 2 1 1 
0.0000512500 0 0 1 0 3 2 1 2 
0.0000533125 0 0 1 0 3 3 0 1 
0.0001210625 0 0 1 0 3 3 0 3 
0.0000106250 0 0 1 0 3 3 1 0 
0.0000854375 0 0 1 1 0 0 0 0 
0.0001822500 0 0 1 1 0 0 1 1 
0.0000398125 0 0 1 1 0 0 3 3 
0.0000572500 0 0 1 1 0 1 0 0 
0.0000854375 0 0 1 1 0 1 0 1 
0.0000854375 0 0 1 1 0 1 1 0 
0.0000780625 0 0 1 1 0 1 2 2 
0.0000125000 0 0 1 1 0 1 2 3 
0.0000125000 0 0 1 1 0 1 3 2 
0.0000286875 0 0 1 1 0 1 3 3 
0.0000078125 0 0 1 1 0 2 0 0 
0.0000535625 0 0 1 1 0 2 0 1 
0.0000535625 0 0 1 1 0 2 1 0 
0.0000501875 0 0 1 1 0 2 1 1 
0.0000030625 0 0 1 1 0 2 2 2 
0.0000512500 0 0 1 1 0 2 2 3 
0.0000512500 0 0 1 1 0 2 3 2 
0.0000143750 0 0 1 1 0 3 0 0 
0.0000147500 0 0 1 1 0 3 0 1 
0.0000147500 0 0 1 1 0 3 1 0 
0.0000200625 0 0 1 1 0 3 2 2 
0.0000572500 0 0 1 1 1 0 0 0 
0.0000854375 0 0 1 1 1 0 0 1 
0.0000854375 0 0 1 1 1 0 1 0 
0.0000780625 0 0 1 1 1 0 2 2 
0.0000125000 0 0 1 1 1 0 2 3 
0.0000125000 0 0 1 1 1 0 3 2 
0.0000286875 0 0 1 1 1 0 3 3 
0.0000572500 0 0 1 1 1 1 0 1 
0.0000572500 0 0 1 1 1 1 1 0 
0.0000854375 0 0 1 1 1 1 1 1 
0.0000288750 0 0 1 1 1 2 0 0 
0.0000078125 0 0 1 1 1 2 0 1 
0.0000078125 0 0 1 1 1 2 1 0 
0.0000535625 0 0 1 1 1 2 1 1 
0.0000286875 0 0 1 1 1 2 2 2 
0.0000143750 0 0 1 1 1 3 0 1 
0.0000143750 0 0 1 1 1 3 1 0 
0.0000147500 0 0 1 1 1 3 1 1 
0.0000521875 0 0 1 1 1 3 3 3 
0.0000078125 0 0 1 1 2 0 0 0 
0.0000535625 0 0 1 1 2 0 0 1 
0.0000535625 0 0 1 1 2 0 1 0 
0.0000501875 0 0 1 1 2 0 1 1 
0.0000030625 0 0 1 1 2 0 2 2 
0.0000512500 0 0 1 1 2 0 2 3 
0.0000512500 0 0 1 1 2 0 3 2 
0.0000288750 0 0 1 1 2 1 0 0 
0.0000078125 0 0 1 1 2 1 0 1 
0.0000078125 0 0 1 1 2 1 1 0 
0.0000535625 0 0 1 1 2 1 1 1 
0.0000286875 0 0 1 1 2 1 2 2 
0.0000105625 0 0 1 1 2 2 0 0 
0.0000462500 0 0 1 1 2 2 2 2 
0.0000538125 0 0 1 1 2 2 3 3 
0.0000125000 0 0 1 1 2 3 0 1 
0.0000125000 0 0 1 1 2 3 1 0 
0.0000901250 0 0 1 1 2 3 3 3 
0.0000143750 0 0 1 1 3 0 0 0 
0.0000147500 0 0 1 1 3 0 0 1 
0.0000147500 0 0 1 1 3 0 1 0 
0.0000200625 0 0 1 1 3 0 2 2 
0.0000143750 0 0 1 1 3 1 0 1 
0.0000143750 0 0 1 1 3 1 1 0 
0.0000147500 0 0 1 1 3 1 1 1 
0.0000521875 0 0 1 1 3 1 3 3 
0.0000125000 0 0 1 1 3 2 0 1 
0.0000125000 0 0 1 1 3 2 1 0 
0.0000901250 0 0 1 1 3 2 3 3 
0.0000533125 0 0 1 1 3 3 0 0 
0.0000106250 0 0 1 1 3 3 1 1 
0.0000728125 0 0 1 1 3 3 2 2 
0.0000194375 0 0 1 1 3 3 2 3 
0.0000194375 0 0 1 1 3 3 3 2 
0.0000462500 0 0 1 1 3 3 3 3 
0.0000535625 0 0 1 2 0 0 0 0 
0.0000501875 0 0 1 2 0 0 1 0 
0.0001822500 0 0 1 2 0 0 1 2 
0.0000106250 0 0 1 2 0 0 2 1 
0.0000221250 0 0 1 2 0 0 3 1 
0.0000535625 0 0 1 2 0 0 3 3 
0.0000078125 0 0 1 2 0 1 0 0 
0.0000854375 0 0 1 2 0 1 0 2 
0.0000535625 0 0 1 2 0 1 1 0 
0.0000078125 0 0 1 2 0 1 3 3 
0.0000535625 0 0 1 2 0 2 0 2 
0.0000501875 0 0 1 2 0 2 1 2 
0.0000125000 0 0 1 2 0 3 0 0 
0.0000147500 0 0 1 2 0 3 0 2 
0.0000780625 0 0 1 2 0 3 2 3 
0.0000030625 0 0 1 2 0 3 3 1 
0.0000125000 0 0 1 2 0 3 3 3 
0.0000078125 0 0 1 2 1 0 0 0 
0.0000854375 0 0 1 2 1 0 0 2 
0.0000535625 0 0 1 2 1 0 1 0 
0.0000078125 0 0 1 2 1 0 3 3 
0.0000288750 0 0 1 2 1 1 0 0 
0.0000572500 0 0 1 2 1 1 0 2 
0.0000078125 0 0 1 2 1 1 1 0 
0.0000854375 0 0 1 2 1 1 1 2 
0.0000533125 0 0 1 2 1 1 2 1 
0.0000452500 0 0 1 2 1 1 3 1 
0.0000288750 0 0 1 2 1 1 3 3 
0.0000105625 0 0 1 2 1 2 0 0 
0.0000078125 0 0 1 2 1 2 0 2 
0.0000535625 0 0 1 2 1 2 1 2 
0.0000452500 0 0 1 2 1 2 2 3 
0.0000521875 0 0 1 2 1 2 3 1 
0.0000105625 0 0 1 2 1 2 3 3 
0.0000143750 0 0 1 2 1 3 0 2 
0.0000125000 0 0 1 2 1 3 1 0 
0.0000147500 0 0 1 2 1 3 1 2 
0.0001210625 0 0 1 2 1 3 2 1 
0.0000286875 0 0 1 2 1 3 3 1 
0.0000535625 0 0 1 2 2 0 0 2 
0.0000501875 0 0 1 2 2 0 1 2 
0.0000105625 0 0 1 2 2 1 0 0 
0.0000078125 0 0 1 2 2 1 0 2 
0.0000535625 0 0 1 2 2 1 1 2 
0.0000452500 0 0 1 2 2 1 2 3 
0.0000521875 0 0 1 2 2 1 3 1 
0.0000105625 0 0 1 2 2 1 3 3 
0.0001474375 0 0 1 2 2 2 0 0 
0.0000065000 0 0 1 2 2 2 1 0 
0.0000521875 0 0 1 2 2 2 2 3 
0.0000901250 0 0 1 2 2 2 3 1 
0.0001474375 0 0 1 2 2 2 3 3 
0.0000125000 0 0 1 2 2 3 0 2 
0.0000512500 0 0 1 2 2 3 1 0 
0.0000194375 0 0 1 2 2 3 2 1 
0.0000286875 0 0 1 2 2 3 2 3 
0.0000462500 0 0 1 2 2 3 3 1 
0.0000125000 0 0 1 2 3 0 0 0 
0.0000147500 0 0 1 2 3 0 0 2 
0.0000780625 0 0 1 2 3 0 2 3 
0.0000030625 0 0 1 2 3 0 3 1 
0.0000125000 0 0 1 2 3 0 3 3 
0.0000143750 0 0 1 2 3 1 0 2 
0.0000125000 0 0 1 2 3 1 1 0 
0.0000147500 0 0 1 2 3 1 1 2 
0.0001210625 0 0 1 2 3 1 2 1 
0.0000286875 0 0 1 2 3 1 3 1 
0.0000125000 0 0 1 2 3 2 0 2 
0.0000512500 0 0 1 2 3 2 1 0 
0.0000194375 0 0 1 2 3 2 2 1 
0.0000286875 0 0 1 2 3 2 2 3 
0.0000462500 0 0 1 2 3 2 3 1 
0.0000106250 0 0 1 2 3 3 1 2 
0.0000147500 0 0 1 3 0 0 0 0 
0.0001822500 0 0 1 3 0 0 1 3 
0.0000221250 0 0 1 3 0 0 2 1 
0.0000147500 0 0 1 3 0 0 2 2 
0.0000143750 0 0 1 3 0 1 0 0 
0.0000854375 0 0 1 3 0 1 0 3 
0.0000147500 0 0 1 3 0 1 1 0 
0.0000143750 0 0 1 3 0 1 2 2 
0.0000125000 0 0 1 3 0 2 0 0 
0.0000535625 0 0 1 3 0 2 0 3 
0.0000501875 0 0 1 3 0 2 1 3 
0.0000125000 0 0 1 3 0 2 2 2 
0.0000065000 0 0 1 3 0 2 3 1 
0.0000286875 0 0 1 3 0 2 3 2 
0.0000147500 0 0 1 3 0 3 0 3 
0.0000106250 0 0 1 3 0 3 1 0 
0.0000030625 0 0 1 3 0 3 2 1 
0.0000512500 0 0 1 3 0 3 3 1 
0.0000143750 0 0 1 3 1 0 0 0 
0.0000854375 0 0 1 3 1 0 0 3 
0.0000147500 0 0 1 3 1 0 1 0 
0.0000143750 0 0 1 3 1 0 2 2 
0.0000572500 0 0 1 3 1 1 0 3 
0.0000143750 0 0 1 3 1 1 1 0 
0.0000854375 0 0 1 3 1 1 1 3 
0.0000452500 0 0 1 3 1 1 2 1 
0.0000105625 0 0 1 3 1 1 3 1 
0.0000078125 0 0 1 3 1 2 0 3 
0.0000125000 0 0 1 3 1 2 1 0 
0.0000535625 0 0 1 3 1 2 1 3 
0.0000521875 0 0 1 3 1 2 2 1 
0.0001474375 0 0 1 3 1 2 3 1 
0.0000533125 0 0 1 3 1 3 0 0 
0.0000143750 0 0 1 3 1 3 0 3 
0.0000147500 0 0 1 3 1 3 1 3 
0.0000286875 0 0 1 3 1 3 2 1 
0.0000533125 0 0 1 3 1 3 2 2 
0.0000452500 0 0 1 3 1 3 3 2 
0.0000125000 0 0 1 3 2 0 0 0 
0.0000535625 0 0 1 3 2 0 0 3 
0.0000501875 0 0 1 3 2 0 1 3 
0.0000125000 0 0 1 3 2 0 2 2 
0.0000065000 0 0 1 3 2 0 3 1 
0.0000286875 0 0 1 3 2 0 3 2 
0.0000078125 0 0 1 3 2 1 0 3 
0.0000125000 0 0 1 3 2 1 1 0 
0.0000535625 0 0 1 3 2 1 1 3 
0.0000521875 0 0 1 3 2 1 2 1 
0.0001474375 0 0 1 3 2 1 3 1 
0.0000512500 0 0 1 3 2 2 1 0 
0.0000901250 0 0 1 3 2 2 2 1 
0.0000125000 0 0 1 3 2 3 0 3 
0.0000462500 0 0 1 3 2 3 2 1 
0.0000521875 0 0 1 3 2 3 3 2 
0.0000147500 0 0 1 3 3 0 0 3 
0.0000106250 0 0 1 3 3 0 1 0 
0.0000030625 0 0 1 3 3 0 2 1 
0.0000512500 0 0 1 3 3 0 3 1 
0.0000533125 0 0 1 3 3 1 0 0 
0.0000143750 0 0 1 3 3 1 0 3 
0.0000147500 0 0 1 3 3 1 1 3 
0.0000286875 0 0 1 3 3 1 2 1 
0.0000533125 0 0 1 3 3 1 2 2 
0.0000452500 0 0 1 3 3 1 3 2 
0.0000125000 0 0 1 3 3 2 0 3 
0.0000462500 0 0 1 3 3 2 2 1 
0.0000521875 0 0 1 3 3 2 3 2 
0.0001210625 0 0 1 3 3 3 0 0 
0.0000106250 0 0 1 3 3 3 1 3 
0.0001210625 0 0 1 3 3 3 2 2 
0.0000286875 0 0 1 3 3 3 3 2 
0.0000501875 0 0 2 0 0 0 0 0 
0.0000535625 0 0 2 0 0 0 0 1 
0.0001822500 0 0 2 0 0 0 2 0 
0.0000501875 0 0 2 0 0 0 2 2 
0.0000535625 0 0 2 0 0 1 0 0 
0.0000078125 0 0 2 0 0 1 0 1 
0.0000125000 0 0 2 0 0 1 0 3 
0.0000854375 0 0 2 0 0 1 2 1 
0.0000535625 0 0 2 0 0 1 2 2 
0.0000147500 0 0 2 0 0 1 2 3 
0.0000065000 0 0 2 0 0 2 0 2 
0.0000512500 0 0 2 0 0 2 0 3 
0.0000501875 0 0 2 0 0 2 2 0 
0.0000535625 0 0 2 0 0 2 2 1 
0.0000125000 0 0 2 0 0 3 0 1 
0.0000512500 0 0 2 0 0 3 0 2 
0.0000147500 0 0 2 0 0 3 2 1 
0.0000106250 0 0 2 0 0 3 2 3 
0.0000535625 0 0 2 0 1 0 0 0 
0.0000078125 0 0 2 0 1 0 0 1 
0.0000125000 0 0 2 0 1 0 0 3 
0.0000854375 0 0 2 0 1 0 2 1 
0.0000535625 0 0 2 0 1 0 2 2 
0.0000147500 0 0 2 0 1 0 2 3 
0.0000078125 0 0 2 0 1 1 0 0 
0.0000288750 0 0 2 0 1 1 0 1 
0.0000105625 0 0 2 0 1 1 0 2 
0.0000854375 0 0 2 0 1 1 2 0 
0.0000572500 0 0 2 0 1 1 2 1 
0.0000078125 0 0 2 0 1 1 2 2 
0.0000143750 0 0 2 0 1 1 2 3 
0.0000105625 0 0 2 0 1 2 0 1 
0.0001474375 0 0 2 0 1 2 0 2 
0.0000535625 0 0 2 0 1 2 2 0 
0.0000078125 0 0 2 0 1 2 2 1 
0.0000125000 0 0 2 0 1 2 2 3 
0.0000125000 0 0 2 0 1 3 0 0 
0.0000147500 0 0 2 0 1 3 2 0 
0.0000143750 0 0 2 0 1 3 2 1 
0.0000125000 0 0 2 0 1 3 2 2 
0.0000065000 0 0 2 0 2 0 0 2 
0.0000512500 0 0 2 0 2 0 0 3 
0.0000501875 0 0 2 0 2 0 2 0 
0.0000535625 0 0 2 0 2 0 2 1 
0.0000105625 0 0 2 0 2 1 0 1 
0.0001474375 0 0 2 0 2 1 0 2 
0.0000535625 0 0 2 0 2 1 2 0 
0.0000078125 0 0 2 0 2 1 2 1 
0.0000125000 0 0 2 0 2 1 2 3 
0.0000065000 0 0 2 0 2 2 0 0 
0.0001474375 0 0 2 0 2 2 0 1 
0.0000065000 0 0 2 0 2 2 2 2 
0.0000512500 0 0 2 0 2 2 2 3 
0.0000512500 0 0 2 0 2 3 0 0 
0.0000125000 0 0 2 0 2 3 2 1 
0.0000512500 0 0 2 0 2 3 2 2 
0.0000125000 0 0 2 0 3 0 0 1 
0.0000512500 0 0 2 0 3 0 0 2 
0.0000147500 0 0 2 0 3 0 2 1 
0.0000106250 0 0 2 0 3 0 2 3 
0.0000125000 0 0 2 0 3 1 0 0 
0.0000147500 0 0 2 0 3 1 2 0 
0.0000143750 0 0 2 0 3 1 2 1 
0.0000125000 0 0 2 0 3 1 2 2 
0.0000512500 0 0 2 0 3 2 0 0 
0.0000125000 0 0 2 0 3 2 2 1 
0.0000512500 0 0 2 0 3 2 2 2 
0.0000194375 0 0 2 0 3 3 0 3 
0.0000106250 0 0 2 0 3 3 2 0 
0.0000535625 0 0 2 1 0 0 0 0 
0.0000501875 0 0 2 1 0 0 0 1 
0.0000106250 0 0 2 1 0 0 1 2 
0.0000221250 0 0 2 1 0 0 1 3 
0.0001822500 0 0 2 1 0 0 2 1 
0.0000535625 0 0 2 1 0 0 3 3 
0.0000078125 0 0 2 1 0 1 0 0 
0.0000535625 0 0 2 1 0 1 0 1 
0.0000854375 0 0 2 1 0 1 2 0 
0.0000078125 0 0 2 1 0 1 3 3 
0.0000535625 0 0 2 1 0 2 2 0 
0.0000501875 0 0 2 1 0 2 2 1 
0.0000125000 0 0 2 1 0 3 0 0 
0.0000030625 0 0 2 1 0 3 1 3 
0.0000147500 0 0 2 1 0 3 2 0 
0.0000780625 0 0 2 1 0 3 3 2 
0.0000125000 0 0 2 1 0 3 3 3 
0.0000078125 0 0 2 1 1 0 0 0 
0.0000535625 0 0 2 1 1 0 0 1 
0.0000854375 0 0 2 1 1 0 2 0 
0.0000078125 0 0 2 1 1 0 3 3 
0.0000288750 0 0 2 1 1 1 0 0 
0.0000078125 0 0 2 1 1 1 0 1 
0.0000533125 0 0 2 1 1 1 1 2 
0.0000452500 0 0 2 1 1 1 1 3 
0.0000572500 0 0 2 1 1 1 2 0 
0.0000854375 0 0 2 1 1 1 2 1 
0.0000288750 0 0 2 1 1 1 3 3 
0.0000105625 0 0 2 1 1 2 0 0 
0.0000521875 0 0 2 1 1 2 1 3 
0.0000078125 0 0 2 1 1 2 2 0 
0.0000535625 0 0 2 1 1 2 2 1 
0.0000452500 0 0 2 1 1 2 3 2 
0.0000105625 0 0 2 1 1 2 3 3 
0.0000125000 0 0 2 1 1 3 0 1 
0.0001210625 0 0 2 1 1 3 1 2 
0.0000286875 0 0 2 1 1 3 1 3 
0.0000143750 0 0 2 1 1 3 2 0 
0.0000147500 0 0 2 1 1 3 2 1 
0.0000535625 0 0 2 1 2 0 2 0 
0.0000501875 0 0 2 1 2 0 2 1 
0.0000105625 0 0 2 1 2 1 0 0 
0.0000521875 0 0 2 1 2 1 1 3 
0.0000078125 0 0 2 1 2 1 2 0 
0.0000535625 0 0 2 1 2 1 2 1 
0.0000452500 0 0 2 1 2 1 3 2 
0.0000105625 0 0 2 1 2 1 3 3 
0.0001474375 0 0 2 1 2 2 0 0 
0.0000065000 0 0 2 1 2 2 0 1 
0.0000901250 0 0 2 1 2 2 1 3 
0.0000521875 0 0 2 1 2 2 3 2 
0.0001474375 0 0 2 1 2 2 3 3 
0.0000512500 0 0 2 1 2 3 0 1 
0.0000194375 0 0 2 1 2 3 1 2 
0.0000462500 0 0 2 1 2 3 1 3 
0.0000125000 0 0 2 1 2 3 2 0 
0.0000286875 0 0 2 1 2 3 3 2 
0.0000125000 0 0 2 1 3 0 0 0 
0.0000030625 0 0 2 1 3 0 1 3 
0.0000147500 0 0 2 1 3 0 2 0 
0.0000780625 0 0 2 1 3 0 3 2 
0.0000125000 0 0 2 1 3 0 3 3 
0.0000125000 0 0 2 1 3 1 0 1 
0.0001210625 0 0 2 1 3 1 1 2 
0.0000286875 0 0 2 1 3 1 1 3 
0.0000143750 0 0 2 1 3 1 2 0 
0.0000147500 0 0 2 1 3 1 2 1 
0.0000512500 0 0 2 1 3 2 0 1 
0.0000194375 0 0 2 1 3 2 1 2 
0.0000462500 0 0 2 1 3 2 1 3 
0.0000125000 0 0 2 1 3 2 2 0 
0.0000286875 0 0 2 1 3 2 3 2 
0.0000106250 0 0 2 1 3 3 2 1 
0.0000501875 0 0 2 2 0 0 0 2 
0.0000147500 0 0 2 2 0 0 1 3 
0.0000501875 0 0 2 2 0 0 2 0 
0.0001822500 0 0 2 2 0 0 2 2 
0.0000147500 0 0 2 2 0 0 3 1 
0.0000535625 0 0 2 2 0 1 0 2 
0.0000780625 0 0 2 2 0 1 1 1 
0.0000143750 0 0 2 2 0 1 1 3 
0.0000535625 0 0 2 2 0 1 2 0 
0.0000143750 0 0 2 2 0 1 3 1 
0.0000065000 0 0 2 2 0 2 0 0 
0.0000030625 0 0 2 2 0 2 1 1 
0.0000125000 0 0 2 2 0 2 1 3 
0.0000501875 0 0 2 2 0 2 2 2 
0.0000125000 0 0 2 2 0 2 3 1 
0.0000512500 0 0 2 2 0 3 0 0 
0.0000200625 0 0 2 2 0 3 1 1 
0.0000535625 0 0 2 2 1 0 0 2 
0.0000780625 0 0 2 2 1 0 1 1 
0.0000143750 0 0 2 2 1 0 1 3 
0.0000535625 0 0 2 2 1 0 2 0 
0.0000143750 0 0 2 2 1 0 3 1 
0.0000105625 0 0 2 2 1 1 0 0 
0.0000078125 0 0 2 2 1 1 0 2 
0.0000078125 0 0 2 2 1 1 2 0 
0.0000854375 0 0 2 2 1 1 2 2 
0.0000081875 0 0 2 2 1 1 3 3 
0.0001474375 0 0 2 2 1 2 0 0 
0.0000286875 0 0 2 2 1 2 1 1 
0.0000535625 0 0 2 2 1 2 2 2 
0.0000125000 0 0 2 2 1 3 0 2 
0.0000533125 0 0 2 2 1 3 1 3 
0.0000125000 0 0 2 2 1 3 2 0 
0.0000147500 0 0 2 2 1 3 2 2 
0.0000533125 0 0 2 2 1 3 3 1 
0.0000065000 0 0 2 2 2 0 0 0 
0.0000030625 0 0 2 2 2 0 1 1 
0.0000125000 0 0 2 2 2 0 1 3 
0.0000501875 0 0 2 2 2 0 2 2 
0.0000125000 0 0 2 2 2 0 3 1 
0.0001474375 0 0 2 2 2 1 0 0 
0.0000286875 0 0 2 2 2 1 1 1 
0.0000535625 0 0 2 2 2 1 2 2 
0.0000065000 0 0 2 2 2 2 0 2 
0.0000462500 0 0 2 2 2 2 1 1 
0.0000065000 0 0 2 2 2 2 2 0 
0.0000512500 0 0 2 2 2 3 0 2 
0.0000512500 0 0 2 2 2 3 2 0 
0.0000452500 0 0 2 2 2 3 3 3 
0.0000512500 0 0 2 2 3 0 0 0 
0.0000200625 0 0 2 2 3 0 1 1 
0.0000125000 0 0 2 2 3 1 0 2 
0.0000533125 0 0 2 2 3 1 1 3 
0.0000125000 0 0 2 2 3 1 2 0 
0.0000147500 0 0 2 2 3 1 2 2 
0.0000533125 0 0 2 2 3 1 3 1 
0.0000512500 0 0 2 2 3 2 0 2 
0.0000512500 0 0 2 2 3 2 2 0 
0.0000452500 0 0 2 2 3 2 3 3 
0.0000728125 0 0 2 2 3 3 1 1 
0.0001210625 0 0 2 2 3 3 1 3 
0.0000106250 0 0 2 2 3 3 2 2 
0.0001210625 0 0 2 2 3 3 3 1 
0.0000501875 0 0 2 3 0 0 0 3 
0.0001822500 0 0 2 3 0 0 2 3 
0.0000854375 0 0 2 3 0 0 3 2 
0.0000125000 0 0 2 3 0 1 0 0 
0.0000535625 0 0 2 3 0 1 0 3 
0.0000125000 0 0 2 3 0 1 1 1 
0.0000147500 0 0 2 3 0 1 2 0 
0.0000572500 0 0 2 3 0 1 3 2 
0.0000512500 0 0 2 3 0 2 0 0 
0.0000512500 0 0 2 3 0 2 1 1 
0.0000501875 0 0 2 3 0 2 2 3 
0.0000286875 0 0 2 3 0 2 3 1 
0.0000078125 0 0 2 3 0 2 3 2 
0.0000780625 0 0 2 3 0 3 1 2 
0.0000106250 0 0 2 3 0 3 2 0 
0.0000143750 0 0 2 3 0 3 3 2 
0.0000125000 0 0 2 3 1 0 0 0 
0.0000535625 0 0 2 3 1 0 0 3 
0.0000125000 0 0 2 3 1 0 1 1 
0.0000147500 0 0 2 3 1 0 2 0 
0.0000572500 0 0 2 3 1 0 3 2 
0.0000078125 0 0 2 3 1 1 0 3 
0.0000143750 0 0 2 3 1 1 2 0 
0.0000854375 0 0 2 3 1 1 2 3 
0.0000452500 0 0 2 3 1 2 1 2 
0.0000125000 0 0 2 3 1 2 2 0 
0.0000535625 0 0 2 3 1 2 2 3 
0.0000288750 0 0 2 3 1 2 3 2 
0.0000125000 0 0 2 3 1 3 0 3 
0.0000147500 0 0 2 3 1 3 2 3 
0.0000452500 0 0 2 3 1 3 3 1 
0.0000512500 0 0 2 3 2 0 0 0 
0.0000512500 0 0 2 3 2 0 1 1 
0.0000501875 0 0 2 3 2 0 2 3 
0.0000286875 0 0 2 3 2 0 3 1 
0.0000078125 0 0 2 3 2 0 3 2 
0.0000452500 0 0 2 3 2 1 1 2 
0.0000125000 0 0 2 3 2 1 2 0 
0.0000535625 0 0 2 3 2 1 2 3 
0.0000288750 0 0 2 3 2 1 3 2 
0.0000065000 0 0 2 3 2 2 0 3 
0.0000521875 0 0 2 3 2 2 1 2 
0.0000512500 0 0 2 3 2 2 2 0 
0.0000105625 0 0 2 3 2 2 3 2 
0.0000512500 0 0 2 3 2 3 0 3 
0.0000286875 0 0 2 3 2 3 1 2 
0.0000521875 0 0 2 3 2 3 3 1 
0.0000780625 0 0 2 3 3 0 1 2 
0.0000106250 0 0 2 3 3 0 2 0 
0.0000143750 0 0 2 3 3 0 3 2 
0.0000125000 0 0 2 3 3 1 0 3 
0.0000147500 0 0 2 3 3 1 2 3 
0.0000452500 0 0 2 3 3 1 3 1 
0.0000512500 0 0 2 3 3 2 0 3 
0.0000286875 0 0 2 3 3 2 1 2 
0.0000521875 0 0 2 3 3 2 3 1 
0.0000194375 0 0 2 3 3 3 0 0 
0.0000194375 0 0 2 3 3 3 1 1 
0.0000106250 0 0 2 3 3 3 2 3 
0.0000286875 0 0 2 3 3 3 3 1 
0.0000533125 0 0 2 3 3 3 3 2 
0.0000147500 0 0 3 0 0 0 0 1 
0.0000106250 0 0 3 0 0 0 0 3 
0.0001822500 0 0 3 0 0 0 3 0 
0.0000501875 0 0 3 0 0 0 3 2 
0.0000147500 0 0 3 0 0 1 0 0 
0.0000143750 0 0 3 0 0 1 0 1 
0.0000125000 0 0 3 0 0 1 0 2 
0.0000854375 0 0 3 0 0 1 3 1 
0.0000535625 0 0 3 0 0 1 3 2 
0.0000147500 0 0 3 0 0 1 3 3 
0.0000125000 0 0 3 0 0 2 0 1 
0.0000512500 0 0 3 0 0 2 0 2 
0.0000501875 0 0 3 0 0 2 3 0 
0.0000535625 0 0 3 0 0 2 3 1 
0.0000106250 0 0 3 0 0 3 0 0 
0.0000147500 0 0 3 0 0 3 3 1 
0.0000106250 0 0 3 0 0 3 3 3 
0.0000147500 0 0 3 0 1 0 0 0 
0.0000143750 0 0 3 0 1 0 0 1 
0.0000125000 0 0 3 0 1 0 0 2 
0.0000854375 0 0 3 0 1 0 3 1 
0.0000535625 0 0 3 0 1 0 3 2 
0.0000147500 0 0 3 0 1 0 3 3 
0.0000143750 0 0 3 0 1 1 0 0 
0.0000533125 0 0 3 0 1 1 0 3 
0.0000854375 0 0 3 0 1 1 3 0 
0.0000572500 0 0 3 0 1 1 3 1 
0.0000078125 0 0 3 0 1 1 3 2 
0.0000143750 0 0 3 0 1 1 3 3 
0.0000125000 0 0 3 0 1 2 0 0 
0.0000535625 0 0 3 0 1 2 3 0 
0.0000078125 0 0 3 0 1 2 3 1 
0.0000125000 0 0 3 0 1 2 3 3 
0.0000533125 0 0 3 0 1 3 0 1 
0.0001210625 0 0 3 0 1 3 0 3 
0.0000147500 0 0 3 0 1 3 3 0 
0.0000143750 0 0 3 0 1 3 3 1 
0.0000125000 0 0 3 0 1 3 3 2 
0.0000125000 0 0 3 0 2 0 0 1 
0.0000512500 0 0 3 0 2 0 0 2 
0.0000501875 0 0 3 0 2 0 3 0 
0.0000535625 0 0 3 0 2 0 3 1 
0.0000125000 0 0 3 0 2 1 0 0 
0.0000535625 0 0 3 0 2 1 3 0 
0.0000078125 0 0 3 0 2 1 3 1 
0.0000125000 0 0 3 0 2 1 3 3 
0.0000512500 0 0 3 0 2 2 0 0 
0.0000065000 0 0 3 0 2 2 3 2 
0.0000512500 0 0 3 0 2 2 3 3 
0.0000194375 0 0 3 0 2 3 0 3 
0.0000125000 0 0 3 0 2 3 3 1 
0.0000512500 0 0 3 0 2 3 3 2 
0.0000106250 0 0 3 0 3 0 0 0 
0.0000147500 0 0 3 0 3 0 3 1 
0.0000106250 0 0 3 0 3 0 3 3 
0.0000533125 0 0 3 0 3 1 0 1 
0.0001210625 0 0 3 0 3 1 0 3 
0.0000147500 0 0 3 0 3 1 3 0 
0.0000143750 0 0 3 0 3 1 3 1 
0.0000125000 0 0 3 0 3 1 3 2 
0.0000194375 0 0 3 0 3 2 0 3 
0.0000125000 0 0 3 0 3 2 3 1 
0.0000512500 0 0 3 0 3 2 3 2 
0.0001210625 0 0 3 0 3 3 0 1 
0.0000194375 0 0 3 0 3 3 0 2 
0.0000106250 0 0 3 0 3 3 3 0 
0.0000147500 0 0 3 1 0 0 0 0 
0.0000221250 0 0 3 1 0 0 1 2 
0.0000147500 0 0 3 1 0 0 2 2 
0.0001822500 0 0 3 1 0 0 3 1 
0.0000143750 0 0 3 1 0 1 0 0 
0.0000147500 0 0 3 1 0 1 0 1 
0.0000143750 0 0 3 1 0 1 2 2 
0.0000854375 0 0 3 1 0 1 3 0 
0.0000125000 0 0 3 1 0 2 0 0 
0.0000065000 0 0 3 1 0 2 1 3 
0.0000125000 0 0 3 1 0 2 2 2 
0.0000286875 0 0 3 1 0 2 2 3 
0.0000535625 0 0 3 1 0 2 3 0 
0.0000501875 0 0 3 1 0 2 3 1 
0.0000106250 0 0 3 1 0 3 0 1 
0.0000030625 0 0 3 1 0 3 1 2 
0.0000512500 0 0 3 1 0 3 1 3 
0.0000147500 0 0 3 1 0 3 3 0 
0.0000143750 0 0 3 1 1 0 0 0 
0.0000147500 0 0 3 1 1 0 0 1 
0.0000143750 0 0 3 1 1 0 2 2 
0.0000854375 0 0 3 1 1 0 3 0 
0.0000143750 0 0 3 1 1 1 0 1 
0.0000452500 0 0 3 1 1 1 1 2 
0.0000105625 0 0 3 1 1 1 1 3 
0.0000572500 0 0 3 1 1 1 3 0 
0.0000854375 0 0 3 1 1 1 3 1 
0.0000125000 0 0 3 1 1 2 0 1 
0.0000521875 0 0 3 1 1 2 1 2 
0.0001474375 0 0 3 1 1 2 1 3 
0.0000078125 0 0 3 1 1 2 3 0 
0.0000535625 0 0 3 1 1 2 3 1 
0.0000533125 0 0 3 1 1 3 0 0 
0.0000286875 0 0 3 1 1 3 1 2 
0.0000533125 0 0 3 1 1 3 2 2 
0.0000452500 0 0 3 1 1 3 2 3 
0.0000143750 0 0 3 1 1 3 3 0 
0.0000147500 0 0 3 1 1 3 3 1 
0.0000125000 0 0 3 1 2 0 0 0 
0.0000065000 0 0 3 1 2 0 1 3 
0.0000125000 0 0 3 1 2 0 2 2 
0.0000286875 0 0 3 1 2 0 2 3 
0.0000535625 0 0 3 1 2 0 3 0 
0.0000501875 0 0 3 1 2 0 3 1 
0.0000125000 0 0 3 1 2 1 0 1 
0.0000521875 0 0 3 1 2 1 1 2 
0.0001474375 0 0 3 1 2 1 1 3 
0.0000078125 0 0 3 1 2 1 3 0 
0.0000535625 0 0 3 1 2 1 3 1 
0.0000512500 0 0 3 1 2 2 0 1 
0.0000901250 0 0 3 1 2 2 1 2 
0.0000462500 0 0 3 1 2 3 1 2 
0.0000521875 0 0 3 1 2 3 2 3 
0.0000125000 0 0 3 1 2 3 3 0 
0.0000106250 0 0 3 1 3 0 0 1 
0.0000030625 0 0 3 1 3 0 1 2 
0.0000512500 0 0 3 1 3 0 1 3 
0.0000147500 0 0 3 1 3 0 3 0 
0.0000533125 0 0 3 1 3 1 0 0 
0.0000286875 0 0 3 1 3 1 1 2 
0.0000533125 0 0 3 1 3 1 2 2 
0.0000452500 0 0 3 1 3 1 2 3 
0.0000143750 0 0 3 1 3 1 3 0 
0.0000147500 0 0 3 1 3 1 3 1 
0.0000462500 0 0 3 1 3 2 1 2 
0.0000521875 0 0 3 1 3 2 2 3 
0.0000125000 0 0 3 1 3 2 3 0 
0.0001210625 0 0 3 1 3 3 0 0 
0.0001210625 0 0 3 1 3 3 2 2 
0.0000286875 0 0 3 1 3 3 2 3 
0.0000106250 0 0 3 1 3 3 3 1 
0.0000854375 0 0 3 2 0 0 2 3 
0.0000501875 0 0 3 2 0 0 3 0 
0.0001822500 0 0 3 2 0 0 3 2 
0.0000125000 0 0 3 2 0 1 0 0 
0.0000147500 0 0 3 2 0 1 0 2 
0.0000125000 0 0 3 2 0 1 1 1 
0.0000572500 0 0 3 2 0 1 2 3 
0.0000535625 0 0 3 2 0 1 3 0 
0.0000512500 0 0 3 2 0 2 0 0 
0.0000512500 0 0 3 2 0 2 1 1 
0.0000286875 0 0 3 2 0 2 1 3 
0.0000078125 0 0 3 2 0 2 2 3 
0.0000501875 0 0 3 2 0 2 3 2 
0.0000106250 0 0 3 2 0 3 0 2 
0.0000780625 0 0 3 2 0 3 2 1 
0.0000143750 0 0 3 2 0 3 2 3 
0.0000125000 0 0 3 2 1 0 0 0 
0.0000147500 0 0 3 2 1 0 0 2 
0.0000125000 0 0 3 2 1 0 1 1 
0.0000572500 0 0 3 2 1 0 2 3 
0.0000535625 0 0 3 2 1 0 3 0 
0.0000143750 0 0 3 2 1 1 0 2 
0.0000078125 0 0 3 2 1 1 3 0 
0.0000854375 0 0 3 2 1 1 3 2 
0.0000125000 0 0 3 2 1 2 0 2 
0.0000452500 0 0 3 2 1 2 2 1 
0.0000288750 0 0 3 2 1 2 2 3 
0.0000535625 0 0 3 2 1 2 3 2 
0.0000452500 0 0 3 2 1 3 1 3 
0.0000125000 0 0 3 2 1 3 3 0 
0.0000147500 0 0 3 2 1 3 3 2 
0.0000512500 0 0 3 2 2 0 0 0 
0.0000512500 0 0 3 2 2 0 1 1 
0.0000286875 0 0 3 2 2 0 1 3 
0.0000078125 0 0 3 2 2 0 2 3 
0.0000501875 0 0 3 2 2 0 3 2 
0.0000125000 0 0 3 2 2 1 0 2 
0.0000452500 0 0 3 2 2 1 2 1 
0.0000288750 0 0 3 2 2 1 2 3 
0.0000535625 0 0 3 2 2 1 3 2 
0.0000512500 0 0 3 2 2 2 0 2 
0.0000521875 0 0 3 2 2 2 2 1 
0.0000105625 0 0 3 2 2 2 2 3 
0.0000065000 0 0 3 2 2 2 3 0 
0.0000521875 0 0 3 2 2 3 1 3 
0.0000286875 0 0 3 2 2 3 2 1 
0.0000512500 0 0 3 2 2 3 3 0 
0.0000106250 0 0 3 2 3 0 0 2 
0.0000780625 0 0 3 2 3 0 2 1 
0.0000143750 0 0 3 2 3 0 2 3 
0.0000452500 0 0 3 2 3 1 1 3 
0.0000125000 0 0 3 2 3 1 3 0 
0.0000147500 0 0 3 2 3 1 3 2 
0.0000521875 0 0 3 2 3 2 1 3 
0.0000286875 0 0 3 2 3 2 2 1 
0.0000512500 0 0 3 2 3 2 3 0 
0.0000194375 0 0 3 2 3 3 0 0 
0.0000194375 0 0 3 2 3 3 1 1 
0.0000286875 0 0 3 2 3 3 1 3 
0.0000533125 0 0 3 2 3 3 2 3 
0.0000106250 0 0 3 2 3 3 3 2 
0.0000106250 0 0 3 3 0 0 0 0 
0.0000398125 0 0 3 3 0 0 1 1 
0.0000535625 0 0 3 3 0 0 1 2 
0.0000535625 0 0 3 3 0 0 2 1 
0.0001822500 0 0 3 3 0 0 3 3 
0.0000147500 0 0 3 3 0 1 0 3 
0.0000286875 0 0 3 3 0 1 1 1 
0.0000078125 0 0 3 3 0 1 1 2 
0.0000078125 0 0 3 3 0 1 2 1 
0.0000147500 0 0 3 3 0 1 3 0 
0.0000501875 0 0 3 3 0 2 3 3 
0.0000106250 0 0 3 3 0 3 0 3 
0.0000125000 0 0 3 3 0 3 1 2 
0.0000125000 0 0 3 3 0 3 2 1 
0.0000106250 0 0 3 3 0 3 3 0 
0.0000147500 0 0 3 3 1 0 0 3 
0.0000286875 0 0 3 3 1 0 1 1 
0.0000078125 0 0 3 3 1 0 1 2 
0.0000078125 0 0 3 3 1 0 2 1 
0.0000147500 0 0 3 3 1 0 3 0 
0.0000533125 0 0 3 3 1 1 0 0 
0.0000143750 0 0 3 3 1 1 0 3 
0.0000288750 0 0 3 3 1 1 1 2 
0.0000288750 0 0 3 3 1 1 2 1 
0.0000081875 0 0 3 3 1 1 2 2 
0.0000143750 0 0 3 3 1 1 3 0 
0.0000854375 0 0 3 3 1 1 3 3 
0.0000125000 0 0 3 3 1 2 0 3 
0.0000105625 0 0 3 3 1 2 1 2 
0.0000105625 0 0 3 3 1 2 2 1 
0.0000125000 0 0 3 3 1 2 3 0 
0.0000535625 0 0 3 3 1 2 3 3 
0.0001210625 0 0 3 3 1 3 0 0 
0.0000521875 0 0 3 3 1 3 1 1 
0.0000147500 0 0 3 3 1 3 3 3 
0.0000501875 0 0 3 3 2 0 3 3 
0.0000125000 0 0 3 3 2 1 0 3 
0.0000105625 0 0 3 3 2 1 1 2 
0.0000105625 0 0 3 3 2 1 2 1 
0.0000125000 0 0 3 3 2 1 3 0 
0.0000535625 0 0 3 3 2 1 3 3 
0.0000512500 0 0 3 3 2 2 0 3 
0.0000538125 0 0 3 3 2 2 1 1 
0.0001474375 0 0 3 3 2 2 1 2 
0.0001474375 0 0 3 3 2 2 2 1 
0.0000512500 0 0 3 3 2 2 3 0 
0.0000194375 0 0 3 3 2 3 0 0 
0.0000901250 0 0 3 3 2 3 1 1 
0.0000452500 0 0 3 3 2 3 2 2 
0.0000106250 0 0 3 3 3 0 0 3 
0.0000125000 0 0 3 3 3 0 1 2 
0.0000125000 0 0 3 3 3 0 2 1 
0.0000106250 0 0 3 3 3 0 3 0 
0.0001210625 0 0 3 3 3 1 0 0 
0.0000521875 0 0 3 3 3 1 1 1 
0.0000147500 0 0 3 3 3 1 3 3 
0.0000194375 0 0 3 3 3 2 0 0 
0.0000901250 0 0 3 3 3 2 1 1 
0.0000452500 0 0 3 3 3 2 2 2 
0.0000462500 0 0 3 3 3 3 1 1 
0.0000106250 0 0 3 3 3 3 3 3 
0.0000854375 0 1 0 0 0 0 0 1 
0.0000535625 0 1 0 0 0 0 0 2 
0.0000147500 0 1 0 0 0 0 0 3 
0.0000854375 0 1 0 0 0 0 1 0 
0.0000572500 0 1 0 0 0 0 1 1 
0.0000078125 0 1 0 0 0 0 1 2 
0.0000143750 0 1 0 0 0 0 1 3 
0.0000535625 0 1 0 0 0 0 2 0 
0.0000078125 0 1 0 0 0 0 2 1 
0.0000125000 0 1 0 0 0 0 2 3 
0.0000147500 0 1 0 0 0 0 3 0 
0.0000143750 0 1 0 0 0 0 3 1 
0.0000125000 0 1 0 0 0 0 3 2 
0.0001822500 0 1 0 0 0 1 0 0 
0.0000501875 0 1 0 0 0 1 0 2 
0.0000854375 0 1 0 0 0 1 1 1 
0.0000535625 0 1 0 0 0 1 1 2 
0.0000147500 0 1 0 0 0 1 1 3 
0.0000501875 0 1 0 0 0 1 2 0 
0.0000535625 0 1 0 0 0 1 2 1 
0.0000147500 0 1 0 0 0 1 3 1 
0.0000106250 0 1 0 0 0 1 3 3 
0.0000854375 0 1 0 0 1 0 0 0 
0.0000572500 0 1 0 0 1 0 0 1 
0.0000078125 0 1 0 0 1 0 0 2 
0.0000143750 0 1 0 0 1 0 0 3 
0.0000572500 0 1 0 0 1 0 1 0 
0.0000288750 0 1 0 0 1 0 1 2 
0.0000078125 0 1 0 0 1 0 2 0 
0.0000288750 0 1 0 0 1 0 2 1 
0.0000105625 0 1 0 0 1 0 2 2 
0.0000143750 0 1 0 0 1 0 3 0 
0.0000533125 0 1 0 0 1 0 3 3 
0.0000854375 0 1 0 0 1 1 0 1 
0.0000535625 0 1 0 0 1 1 0 2 
0.0000147500 0 1 0 0 1 1 0 3 
0.0000854375 0 1 0 0 1 1 1 0 
0.0000572500 0 1 0 0 1 1 1 1 
0.0000078125 0 1 0 0 1 1 1 2 
0.0000143750 0 1 0 0 1 1 1 3 
0.0000535625 0 1 0 0 1 1 2 0 
0.0000078125 0 1 0 0 1 1 2 1 
0.0000125000 0 1 0 0 1 1 2 3 
0.0000147500 0 1 0 0 1 1 3 0 
0.0000143750 0 1 0 0 1 1 3 1 
0.0000125000 0 1 0 0 1 1 3 2 
0.0000535625 0 1 0 0 2 0 0 0 
0.0000078125 0 1 0 0 2 0 0 1 
0.0000125000 0 1 0 0 2 0 0 3 
0.0000078125 0 1 0 0 2 0 1 0 
0.0000288750 0 1 0 0 2 0 1 1 
0.0000105625 0 1 0 0 2 0 1 2 
0.0000105625 0 1 0 0 2 0 2 1 
0.0001474375 0 1 0 0 2 0 2 2 
0.0000125000 0 1 0 0 2 0 3 0 
0.0000501875 0 1 0 0 2 1 0 0 
0.0000535625 0 1 0 0 2 1 0 1 
0.0000535625 0 1 0 0 2 1 1 0 
0.0000078125 0 1 0 0 2 1 1 1 
0.0000125000 0 1 0 0 2 1 1 3 
0.0000065000 0 1 0 0 2 1 2 2 
0.0000512500 0 1 0 0 2 1 2 3 
0.0000125000 0 1 0 0 2 1 3 1 
0.0000512500 0 1 0 0 2 1 3 2 
0.0000147500 0 1 0 0 3 0 0 0 
0.0000143750 0 1 0 0 3 0 0 1 
0.0000125000 0 1 0 0 3 0 0 2 
0.0000143750 0 1 0 0 3 0 1 0 
0.0000533125 0 1 0 0 3 0 1 3 
0.0000125000 0 1 0 0 3 0 2 0 
0.0000533125 0 1 0 0 3 0 3 1 
0.0001210625 0 1 0 0 3 0 3 3 
0.0000147500 0 1 0 0 3 1 0 1 
0.0000106250 0 1 0 0 3 1 0 3 
0.0000147500 0 1 0 0 3 1 1 0 
0.0000143750 0 1 0 0 3 1 1 1 
0.0000125000 0 1 0 0 3 1 1 2 
0.0000125000 0 1 0 0 3 1 2 1 
0.0000512500 0 1 0 0 3 1 2 2 
0.0000106250 0 1 0 0 3 1 3 0 
0.0000854375 0 1 0 1 0 0 0 0 
0.0000572500 0 1 0 1 0 0 1 0 
0.0000854375 0 1 0 1 0 0 1 1 
0.0000078125 0 1 0 1 0 0 2 0 
0.0000535625 0 1 0 1 0 0 2 1 
0.0000143750 0 1 0 1 0 0 3 0 
0.0000147500 0 1 0 1 0 0 3 1 
0.0001822500 0 1 0 1 0 1 0 1 
0.0000854375 0 1 0 1 0 1 1 0 
0.0000535625 0 1 0 1 0 1 2 0 
0.0000501875 0 1 0 1 0 1 2 1 
0.0000147500 0 1 0 1 0 1 3 0 
0.0000780625 0 1 0 1 0 2 1 2 
0.0000125000 0 1 0 1 0 2 1 3 
0.0000030625 0 1 0 1 0 2 2 2 
0.0000512500 0 1 0 1 0 2 2 3 
0.0000200625 0 1 0 1 0 2 3 2 
0.0000398125 0 1 0 1 0 3 0 3 
0.0000125000 0 1 0 1 0 3 1 2 
0.0000286875 0 1 0 1 0 3 1 3 
0.0000512500 0 1 0 1 0 3 2 2 
0.0000572500 0 1 0 1 1 0 0 0 
0.0000854375 0 1 0 1 1 0 0 1 
0.0000572500 0 1 0 1 1 0 1 1 
0.0000288750 0 1 0 1 1 0 2 0 
0.0000078125 0 1 0 1 1 0 2 1 
0.0000143750 0 1 0 1 1 0 3 1 
0.0000854375 0 1 0 1 1 1 0 0 
0.0000572500 0 1 0 1 1 1 1 0 
0.0000854375 0 1 0 1 1 1 1 1 
0.0000078125 0 1 0 1 1 1 2 0 
0.0000535625 0 1 0 1 1 1 2 1 
0.0000143750 0 1 0 1 1 1 3 0 
0.0000147500 0 1 0 1 1 1 3 1 
0.0000780625 0 1 0 1 1 2 0 2 
0.0000125000 0 1 0 1 1 2 0 3 
0.0000286875 0 1 0 1 1 2 2 2 
0.0000125000 0 1 0 1 1 3 0 2 
0.0000286875 0 1 0 1 1 3 0 3 
0.0000521875 0 1 0 1 1 3 3 3 
0.0000078125 0 1 0 1 2 0 0 0 
0.0000535625 0 1 0 1 2 0 0 1 
0.0000288750 0 1 0 1 2 0 1 0 
0.0000078125 0 1 0 1 2 0 1 1 
0.0000105625 0 1 0 1 2 0 2 0 
0.0000125000 0 1 0 1 2 0 3 1 
0.0000535625 0 1 0 1 2 1 0 0 
0.0000501875 0 1 0 1 2 1 0 1 
0.0000078125 0 1 0 1 2 1 1 0 
0.0000535625 0 1 0 1 2 1 1 1 
0.0000125000 0 1 0 1 2 1 3 0 
0.0000030625 0 1 0 1 2 2 0 2 
0.0000512500 0 1 0 1 2 2 0 3 
0.0000286875 0 1 0 1 2 2 1 2 
0.0000462500 0 1 0 1 2 2 2 2 
0.0000512500 0 1 0 1 2 3 0 2 
0.0000538125 0 1 0 1 2 3 2 3 
0.0000901250 0 1 0 1 2 3 3 3 
0.0000143750 0 1 0 1 3 0 0 0 
0.0000147500 0 1 0 1 3 0 0 1 
0.0000143750 0 1 0 1 3 0 1 1 
0.0000125000 0 1 0 1 3 0 2 1 
0.0000533125 0 1 0 1 3 0 3 0 
0.0000147500 0 1 0 1 3 1 0 0 
0.0000143750 0 1 0 1 3 1 1 0 
0.0000147500 0 1 0 1 3 1 1 1 
0.0000125000 0 1 0 1 3 1 2 0 
0.0000106250 0 1 0 1 3 1 3 1 
0.0000200625 0 1 0 1 3 2 0 2 
0.0000728125 0 1 0 1 3 2 3 2 
0.0000194375 0 1 0 1 3 2 3 3 
0.0000521875 0 1 0 1 3 3 1 3 
0.0000901250 0 1 0 1 3 3 2 3 
0.0000194375 0 1 0 1 3 3 3 2 
0.0000462500 0 1 0 1 3 3 3 3 
0.0000535625 0 1 0 2 0 0 0 0 
0.0000078125 0 1 0 2 0 0 1 0 
0.0000854375 0 1 0 2 0 0 1 2 
0.0000535625 0 1 0 2 0 0 2 2 
0.0000125000 0 1 0 2 0 0 3 0 
0.0000147500 0 1 0 2 0 0 3 2 
0.0000501875 0 1 0 2 0 1 0 0 
0.0001822500 0 1 0 2 0 1 0 2 
0.0000535625 0 1 0 2 0 1 1 0 
0.0000501875 0 1 0 2 0 1 2 2 
0.0000106250 0 1 0 2 0 2 0 1 
0.0000780625 0 1 0 2 0 2 3 3 
0.0000221250 0 1 0 2 0 3 0 1 
0.0000535625 0 1 0 2 0 3 0 3 
0.0000078125 0 1 0 2 0 3 1 3 
0.0000030625 0 1 0 2 0 3 3 1 
0.0000125000 0 1 0 2 0 3 3 3 
0.0000078125 0 1 0 2 1 0 0 0 
0.0000854375 0 1 0 2 1 0 0 2 
0.0000288750 0 1 0 2 1 0 1 0 
0.0000572500 0 1 0 2 1 0 1 2 
0.0000105625 0 1 0 2 1 0 2 0 
0.0000078125 0 1 0 2 1 0 2 2 
0.0000143750 0 1 0 2 1 0 3 2 
0.0000535625 0 1 0 2 1 1 0 0 
0.0000078125 0 1 0 2 1 1 1 0 
0.0000854375 0 1 0 2 1 1 1 2 
0.0000535625 0 1 0 2 1 1 2 2 
0.0000125000 0 1 0 2 1 1 3 0 
0.0000147500 0 1 0 2 1 1 3 2 
0.0000533125 0 1 0 2 1 2 1 1 
0.0000452500 0 1 0 2 1 2 2 3 
0.0001210625 0 1 0 2 1 2 3 1 
0.0000078125 0 1 0 2 1 3 0 3 
0.0000452500 0 1 0 2 1 3 1 1 
0.0000288750 0 1 0 2 1 3 1 3 
0.0000521875 0 1 0 2 1 3 2 1 
0.0000105625 0 1 0 2 1 3 2 3 
0.0000286875 0 1 0 2 1 3 3 1 
0.0000535625 0 1 0 2 2 0 0 2 
0.0000105625 0 1 0 2 2 0 1 0 
0.0000078125 0 1 0 2 2 0 1 2 
0.0001474375 0 1 0 2 2 0 2 0 
0.0000125000 0 1 0 2 2 0 3 2 
0.0000501875 0 1 0 2 2 1 0 2 
0.0000535625 0 1 0 2 2 1 1 2 
0.0000065000 0 1 0 2 2 1 2 0 
0.0000512500 0 1 0 2 2 1 3 0 
0.0000452500 0 1 0 2 2 2 1 3 
0.0000521875 0 1 0 2 2 2 2 3 
0.0000194375 0 1 0 2 2 2 3 1 
0.0000286875 0 1 0 2 2 2 3 3 
0.0000521875 0 1 0 2 2 3 1 1 
0.0000105625 0 1 0 2 2 3 1 3 
0.0000901250 0 1 0 2 2 3 2 1 
0.0001474375 0 1 0 2 2 3 2 3 
0.0000462500 0 1 0 2 2 3 3 1 
0.0000125000 0 1 0 2 3 0 0 0 
0.0000147500 0 1 0 2 3 0 0 2 
0.0000143750 0 1 0 2 3 0 1 2 
0.0000125000 0 1 0 2 3 0 2 2 
0.0000125000 0 1 0 2 3 1 1 0 
0.0000147500 0 1 0 2 3 1 1 2 
0.0000512500 0 1 0 2 3 1 2 0 
0.0000106250 0 1 0 2 3 1 3 2 
0.0000780625 0 1 0 2 3 2 0 3 
0.0001210625 0 1 0 2 3 2 1 1 
0.0000194375 0 1 0 2 3 2 2 1 
0.0000286875 0 1 0 2 3 2 2 3 
0.0000030625 0 1 0 2 3 3 0 1 
0.0000125000 0 1 0 2 3 3 0 3 
0.0000286875 0 1 0 2 3 3 1 1 
0.0000462500 0 1 0 2 3 3 2 1 
0.0000147500 0 1 0 3 0 0 0 0 
0.0000143750 0 1 0 3 0 0 1 0 
0.0000854375 0 1 0 3 0 0 1 3 
0.0000125000 0 1 0 3 0 0 2 0 
0.0000535625 0 1 0 3 0 0 2 3 
0.0000147500 0 1 0 3 0 0 3 3 
0.0001822500 0 1 0 3 0 1 0 3 
0.0000147500 0 1 0 3 0 1 1 0 
0.0000501875 0 1 0 3 0 1 2 3 
0.0000106250 0 1 0 3 0 1 3 0 
0.0000221250 0 1 0 3 0 2 0 1 
0.0000147500 0 1 0 3 0 2 0 2 
0.0000143750 0 1 0 3 0 2 1 2 
0.0000125000 0 1 0 3 0 2 2 2 
0.0000030625 0 1 0 3 0 2 3 1 
0.0000065000 0 1 0 3 0 3 2 1 
0.0000286875 0 1 0 3 0 3 2 2 
0.0000512500 0 1 0 3 0 3 3 1 
0.0000143750 0 1 0 3 1 0 0 0 
0.0000854375 0 1 0 3 1 0 0 3 
0.0000572500 0 1 0 3 1 0 1 3 
0.0000078125 0 1 0 3 1 0 2 3 
0.0000533125 0 1 0 3 1 0 3 0 
0.0000143750 0 1 0 3 1 0 3 3 
0.0000147500 0 1 0 3 1 1 0 0 
0.0000143750 0 1 0 3 1 1 1 0 
0.0000854375 0 1 0 3 1 1 1 3 
0.0000125000 0 1 0 3 1 1 2 0 
0.0000535625 0 1 0 3 1 1 2 3 
0.0000147500 0 1 0 3 1 1 3 3 
0.0000143750 0 1 0 3 1 2 0 2 
0.0000452500 0 1 0 3 1 2 1 1 
0.0000521875 0 1 0 3 1 2 2 1 
0.0000286875 0 1 0 3 1 2 3 1 
0.0000533125 0 1 0 3 1 2 3 2 
0.0000105625 0 1 0 3 1 3 1 1 
0.0001474375 0 1 0 3 1 3 2 1 
0.0000452500 0 1 0 3 1 3 3 2 
0.0000125000 0 1 0 3 2 0 0 0 
0.0000535625 0 1 0 3 2 0 0 3 
0.0000078125 0 1 0 3 2 0 1 3 
0.0000125000 0 1 0 3 2 0 3 3 
0.0000501875 0 1 0 3 2 1 0 3 
0.0000125000 0 1 0 3 2 1 1 0 
0.0000535625 0 1 0 3 2 1 1 3 
0.0000512500 0 1 0 3 2 1 2 0 
0.0000125000 0 1 0 3 2 2 0 2 
0.0000521875 0 1 0 3 2 2 1 1 
0.0000901250 0 1 0 3 2 2 2 1 
0.0000462500 0 1 0 3 2 2 3 1 
0.0000065000 0 1 0 3 2 3 0 1 
0.0000286875 0 1 0 3 2 3 0 2 
0.0001474375 0 1 0 3 2 3 1 1 
0.0000521875 0 1 0 3 2 3 3 2 
0.0000147500 0 1 0 3 3 0 0 3 
0.0000533125 0 1 0 3 3 0 1 0 
0.0000143750 0 1 0 3 3 0 1 3 
0.0000125000 0 1 0 3 3 0 2 3 
0.0001210625 0 1 0 3 3 0 3 0 
0.0000106250 0 1 0 3 3 1 0 0 
0.0000147500 0 1 0 3 3 1 1 3 
0.0000106250 0 1 0 3 3 1 3 3 
0.0000030625 0 1 0 3 3 2 0 1 
0.0000286875 0 1 0 3 3 2 1 1 
0.0000533125 0 1 0 3 3 2 1 2 
0.0000462500 0 1 0 3 3 2 2 1 
0.0001210625 0 1 0 3 3 2 3 2 
0.0000512500 0 1 0 3 3 3 0 1 
0.0000452500 0 1 0 3 3 3 1 2 
0.0000521875 0 1 0 3 3 3 2 2 
0.0000286875 0 1 0 3 3 3 3 2 
0.0000854375 0 1 1 0 0 0 0 0 
0.0000572500 0 1 1 0 0 0 0 1 
0.0000078125 0 1 1 0 0 0 0 2 
0.0000143750 0 1 1 0 0 0 0 3 
0.0000854375 0 1 1 0 0 0 1 1 
0.0000535625 0 1 1 0 0 0 1 2 
0.0000147500 0 1 1 0 0 0 1 3 
0.0000854375 0 1 1 0 0 1 0 1 
0.0000535625 0 1 1 0 0 1 0 2 
0.0000147500 0 1 1 0 0 1 0 3 
0.0001822500 0 1 1 0 0 1 1 0 
0.0000501875 0 1 1 0 0 1 1 2 
0.0000780625 0 1 1 0 0 2 2 1 
0.0000030625 0 1 1 0 0 2 2 2 
0.0000200625 0 1 1 0 0 2 2 3 
0.0000125000 0 1 1 0 0 2 3 1 
0.0000512500 0 1 1 0 0 2 3 2 
0.0000125000 0 1 1 0 0 3 2 1 
0.0000512500 0 1 1 0 0 3 2 2 
0.0000398125 0 1 1 0 0 3 3 0 
0.0000286875 0 1 1 0 0 3 3 1 
0.0000572500 0 1 1 0 1 0 0 0 
0.0000288750 0 1 1 0 1 0 0 2 
0.0000854375 0 1 1 0 1 0 1 0 
0.0000572500 0 1 1 0 1 0 1 1 
0.0000078125 0 1 1 0 1 0 1 2 
0.0000143750 0 1 1 0 1 0 1 3 
0.0000854375 0 1 1 0 1 1 0 0 
0.0000572500 0 1 1 0 1 1 0 1 
0.0000078125 0 1 1 0 1 1 0 2 
0.0000143750 0 1 1 0 1 1 0 3 
0.0000854375 0 1 1 0 1 1 1 1 
0.0000535625 0 1 1 0 1 1 1 2 
0.0000147500 0 1 1 0 1 1 1 3 
0.0000780625 0 1 1 0 1 2 2 0 
0.0000286875 0 1 1 0 1 2 2 2 
0.0000125000 0 1 1 0 1 2 3 0 
0.0000125000 0 1 1 0 1 3 2 0 
0.0000286875 0 1 1 0 1 3 3 0 
0.0000521875 0 1 1 0 1 3 3 3 
0.0000078125 0 1 1 0 2 0 0 0 
0.0000288750 0 1 1 0 2 0 0 1 
0.0000105625 0 1 1 0 2 0 0 2 
0.0000535625 0 1 1 0 2 0 1 0 
0.0000078125 0 1 1 0 2 0 1 1 
0.0000125000 0 1 1 0 2 0 1 3 
0.0000535625 0 1 1 0 2 1 0 0 
0.0000078125 0 1 1 0 2 1 0 1 
0.0000125000 0 1 1 0 2 1 0 3 
0.0000501875 0 1 1 0 2 1 1 0 
0.0000535625 0 1 1 0 2 1 1 1 
0.0000030625 0 1 1 0 2 2 2 0 
0.0000286875 0 1 1 0 2 2 2 1 
0.0000462500 0 1 1 0 2 2 2 2 
0.0000512500 0 1 1 0 2 2 3 0 
0.0000512500 0 1 1 0 2 3 2 0 
0.0000538125 0 1 1 0 2 3 3 2 
0.0000901250 0 1 1 0 2 3 3 3 
0.0000143750 0 1 1 0 3 0 0 0 
0.0000533125 0 1 1 0 3 0 0 3 
0.0000147500 0 1 1 0 3 0 1 0 
0.0000143750 0 1 1 0 3 0 1 1 
0.0000125000 0 1 1 0 3 0 1 2 
0.0000147500 0 1 1 0 3 1 0 0 
0.0000143750 0 1 1 0 3 1 0 1 
0.0000125000 0 1 1 0 3 1 0 2 
0.0000147500 0 1 1 0 3 1 1 1 
0.0000106250 0 1 1 0 3 1 1 3 
0.0000200625 0 1 1 0 3 2 2 0 
0.0000728125 0 1 1 0 3 2 2 3 
0.0000194375 0 1 1 0 3 2 3 3 
0.0000194375 0 1 1 0 3 3 2 3 
0.0000521875 0 1 1 0 3 3 3 1 
0.0000901250 0 1 1 0 3 3 3 2 
0.0000462500 0 1 1 0 3 3 3 3 
0.0000572500 0 1 1 1 0 0 0 0 
0.0000854375 0 1 1 1 0 0 0 1 
0.0000854375 0 1 1 1 0 0 1 0 
0.0000780625 0 1 1 1 0 0 2 2 
0.0000125000 0 1 1 1 0 0 2 3 
0.0000125000 0 1 1 1 0 0 3 2 
0.0000286875 0 1 1 1 0 0 3 3 
0.0000854375 0 1 1 1 0 1 0 0 
0.0001822500 0 1 1 1 0 1 1 1 
0.0000398125 0 1 1 1 0 1 3 3 
0.0000780625 0 1 1 1 0 2 0 2 
0.0000125000 0 1 1 1 0 2 0 3 
0.0000780625 0 1 1 1 0 2 2 0 
0.0000125000 0 1 1 1 0 2 3 0 
0.0000125000 0 1 1 1 0 3 0 2 
0.0000286875 0 1 1 1 0 3 0 3 
0.0000398125 0 1 1 1 0 3 1 3 
0.0000125000 0 1 1 1 0 3 2 0 
0.0000286875 0 1 1 1 0 3 3 0 
0.0000398125 0 1 1 1 0 3 3 1 
0.0000572500 0 1 1 1 1 0 0 1 
0.0000572500 0 1 1 1 1 0 1 0 
0.0000854375 0 1 1 1 1 0 1 1 
0.0000572500 0 1 1 1 1 1 0 0 
0.0000854375 0 1 1 1 1 1 0 1 
0.0000854375 0 1 1 1 1 1 1 0 
0.0000780625 0 1 1 1 1 1 2 2 
0.0000125000 0 1 1 1 1 1 2 3 
0.0000125000 0 1 1 1 1 1 3 2 
0.0000286875 0 1 1 1 1 1 3 3 
0.0000780625 0 1 1 1 1 2 1 2 
0.0000125000 0 1 1 1 1 2 1 3 
0.0000780625 0 1 1 1 1 2 2 1 
0.0000125000 0 1 1 1 1 2 3 1 
0.0000125000 0 1 1 1 1 3 1 2 
0.0000286875 0 1 1 1 1 3 1 3 
0.0000125000 0 1 1 1 1 3 2 1 
0.0000286875 0 1 1 1 1 3 3 1 
0.0000288750 0 1 1 1 2 0 0 0 
0.0000078125 0 1 1 1 2 0 0 1 
0.0000078125 0 1 1 1 2 0 1 0 
0.0000535625 0 1 1 1 2 0 1 1 
0.0000286875 0 1 1 1 2 0 2 2 
0.0000078125 0 1 1 1 2 1 0 0 
0.0000535625 0 1 1 1 2 1 0 1 
0.0000535625 0 1 1 1 2 1 1 0 
0.0000501875 0 1 1 1 2 1 1 1 
0.0000030625 0 1 1 1 2 1 2 2 
0.0000512500 0 1 1 1 2 1 2 3 
0.0000512500 0 1 1 1 2 1 3 2 
0.0000286875 0 1 1 1 2 2 0 2 
0.0000030625 0 1 1 1 2 2 1 2 
0.0000512500 0 1 1 1 2 2 1 3 
0.0000286875 0 1 1 1 2 2 2 0 
0.0000030625 0 1 1 1 2 2 2 1 
0.0000512500 0 1 1 1 2 2 3 1 
0.0000512500 0 1 1 1 2 3 1 2 
0.0000512500 0 1 1 1 2 3 2 1 
0.0000143750 0 1 1 1 3 0 0 1 
0.0000143750 0 1 1 1 3 0 1 0 
0.0000147500 0 1 1 1 3 0 1 1 
0.0000521875 0 1 1 1 3 0 3 3 
0.0000143750 0 1 1 1 3 1 0 0 
0.0000147500 0 1 1 1 3 1 0 1 
0.0000147500 0 1 1 1 3 1 1 0 
0.0000200625 0 1 1 1 3 1 2 2 
0.0000200625 0 1 1 1 3 2 1 2 
0.0000200625 0 1 1 1 3 2 2 1 
0.0000521875 0 1 1 1 3 3 0 3 
0.0000521875 0 1 1 1 3 3 3 0 
0.0000078125 0 1 1 2 0 0 0 0 
0.0000854375 0 1 1 2 0 0 0 2 
0.0000535625 0 1 1 2 0 0 1 0 
0.0000078125 0 1 1 2 0 0 3 3 
0.0000535625 0 1 1 2 0 1 0 0 
0.0000501875 0 1 1 2 0 1 1 0 
0.0001822500 0 1 1 2 0 1 1 2 
0.0000106250 0 1 1 2 0 1 2 1 
0.0000221250 0 1 1 2 0 1 3 1 
0.0000535625 0 1 1 2 0 1 3 3 
0.0000106250 0 1 1 2 0 2 1 1 
0.0000030625 0 1 1 2 0 2 2 0 
0.0000512500 0 1 1 2 0 2 3 0 
0.0000078125 0 1 1 2 0 3 0 3 
0.0000221250 0 1 1 2 0 3 1 1 
0.0000535625 0 1 1 2 0 3 1 3 
0.0000512500 0 1 1 2 0 3 2 0 
0.0000398125 0 1 1 2 0 3 3 2 
0.0000288750 0 1 1 2 1 0 0 0 
0.0000572500 0 1 1 2 1 0 0 2 
0.0000078125 0 1 1 2 1 0 1 0 
0.0000854375 0 1 1 2 1 0 1 2 
0.0000533125 0 1 1 2 1 0 2 1 
0.0000452500 0 1 1 2 1 0 3 1 
0.0000288750 0 1 1 2 1 0 3 3 
0.0000078125 0 1 1 2 1 1 0 0 
0.0000854375 0 1 1 2 1 1 0 2 
0.0000535625 0 1 1 2 1 1 1 0 
0.0000078125 0 1 1 2 1 1 3 3 
0.0000533125 0 1 1 2 1 2 0 1 
0.0000286875 0 1 1 2 1 2 2 0 
0.0000780625 0 1 1 2 1 2 2 2 
0.0000125000 0 1 1 2 1 2 3 2 
0.0000452500 0 1 1 2 1 3 0 1 
0.0000288750 0 1 1 2 1 3 0 3 
0.0000078125 0 1 1 2 1 3 1 3 
0.0000125000 0 1 1 2 1 3 2 2 
0.0000286875 0 1 1 2 1 3 3 2 
0.0000105625 0 1 1 2 2 0 0 0 
0.0000078125 0 1 1 2 2 0 0 2 
0.0000535625 0 1 1 2 2 0 1 2 
0.0000452500 0 1 1 2 2 0 2 3 
0.0000521875 0 1 1 2 2 0 3 1 
0.0000105625 0 1 1 2 2 0 3 3 
0.0000535625 0 1 1 2 2 1 0 2 
0.0000501875 0 1 1 2 2 1 1 2 
0.0000452500 0 1 1 2 2 2 0 3 
0.0000462500 0 1 1 2 2 2 2 0 
0.0000030625 0 1 1 2 2 2 2 2 
0.0000512500 0 1 1 2 2 2 3 2 
0.0000521875 0 1 1 2 2 3 0 1 
0.0000105625 0 1 1 2 2 3 0 3 
0.0000512500 0 1 1 2 2 3 2 2 
0.0000538125 0 1 1 2 2 3 3 0 
0.0000143750 0 1 1 2 3 0 0 2 
0.0000125000 0 1 1 2 3 0 1 0 
0.0000147500 0 1 1 2 3 0 1 2 
0.0001210625 0 1 1 2 3 0 2 1 
0.0000286875 0 1 1 2 3 0 3 1 
0.0000125000 0 1 1 2 3 1 0 0 
0.0000147500 0 1 1 2 3 1 0 2 
0.0000780625 0 1 1 2 3 1 2 3 
0.0000030625 0 1 1 2 3 1 3 1 
0.0000125000 0 1 1 2 3 1 3 3 
0.0001210625 0 1 1 2 3 2 0 1 
0.0000780625 0 1 1 2 3 2 1 3 
0.0000200625 0 1 1 2 3 2 2 2 
0.0000286875 0 1 1 2 3 3 0 1 
0.0000030625 0 1 1 2 3 3 1 1 
0.0000125000 0 1 1 2 3 3 1 3 
0.0000901250 0 1 1 2 3 3 3 0 
0.0000143750 0 1 1 3 0 0 0 0 
0.0000854375 0 1 1 3 0 0 0 3 
0.0000147500 0 1 1 3 0 0 1 0 
0.0000143750 0 1 1 3 0 0 2 2 
0.0000147500 0 1 1 3 0 1 0 0 
0.0001822500 0 1 1 3 0 1 1 3 
0.0000221250 0 1 1 3 0 1 2 1 
0.0000147500 0 1 1 3 0 1 2 2 
0.0000143750 0 1 1 3 0 2 0 2 
0.0000221250 0 1 1 3 0 2 1 1 
0.0000147500 0 1 1 3 0 2 1 2 
0.0000200625 0 1 1 3 0 2 2 0 
0.0000398125 0 1 1 3 0 3 3 3 
0.0000572500 0 1 1 3 1 0 0 3 
0.0000143750 0 1 1 3 1 0 1 0 
0.0000854375 0 1 1 3 1 0 1 3 
0.0000452500 0 1 1 3 1 0 2 1 
0.0000105625 0 1 1 3 1 0 3 1 
0.0000143750 0 1 1 3 1 1 0 0 
0.0000854375 0 1 1 3 1 1 0 3 
0.0000147500 0 1 1 3 1 1 1 0 
0.0000143750 0 1 1 3 1 1 2 2 
0.0000452500 0 1 1 3 1 2 0 1 
0.0000143750 0 1 1 3 1 2 1 2 
0.0000780625 0 1 1 3 1 2 2 3 
0.0000125000 0 1 1 3 1 2 3 3 
0.0000105625 0 1 1 3 1 3 0 1 
0.0000125000 0 1 1 3 1 3 2 3 
0.0000521875 0 1 1 3 1 3 3 0 
0.0000286875 0 1 1 3 1 3 3 3 
0.0000078125 0 1 1 3 2 0 0 3 
0.0000125000 0 1 1 3 2 0 1 0 
0.0000535625 0 1 1 3 2 0 1 3 
0.0000521875 0 1 1 3 2 0 2 1 
0.0001474375 0 1 1 3 2 0 3 1 
0.0000125000 0 1 1 3 2 1 0 0 
0.0000535625 0 1 1 3 2 1 0 3 
0.0000501875 0 1 1 3 2 1 1 3 
0.0000125000 0 1 1 3 2 1 2 2 
0.0000065000 0 1 1 3 2 1 3 1 
0.0000286875 0 1 1 3 2 1 3 2 
0.0000521875 0 1 1 3 2 2 0 1 
0.0000125000 0 1 1 3 2 2 1 2 
0.0000030625 0 1 1 3 2 2 2 3 
0.0000512500 0 1 1 3 2 2 3 3 
0.0001474375 0 1 1 3 2 3 0 1 
0.0000065000 0 1 1 3 2 3 1 1 
0.0000286875 0 1 1 3 2 3 1 2 
0.0000512500 0 1 1 3 2 3 2 3 
0.0000901250 0 1 1 3 2 3 3 0 
0.0000533125 0 1 1 3 3 0 0 0 
0.0000143750 0 1 1 3 3 0 0 3 
0.0000147500 0 1 1 3 3 0 1 3 
0.0000286875 0 1 1 3 3 0 2 1 
0.0000533125 0 1 1 3 3 0 2 2 
0.0000452500 0 1 1 3 3 0 3 2 
0.0000147500 0 1 1 3 3 1 0 3 
0.0000106250 0 1 1 3 3 1 1 0 
0.0000030625 0 1 1 3 3 1 2 1 
0.0000512500 0 1 1 3 3 1 3 1 
0.0000286875 0 1 1 3 3 2 0 1 
0.0000533125 0 1 1 3 3 2 0 2 
0.0000030625 0 1 1 3 3 2 1 1 
0.0000728125 0 1 1 3 3 2 2 0 
0.0000200625 0 1 1 3 3 2 2 3 
0.0000194375 0 1 1 3 3 2 3 0 
0.0000452500 0 1 1 3 3 3 0 2 
0.0000512500 0 1 1 3 3 3 1 1 
0.0000194375 0 1 1 3 3 3 2 0 
0.0000462500 0 1 1 3 3 3 3 0 
0.0000535625 0 1 2 0 0 0 0 0 
0.0000078125 0 1 2 0 0 0 0 1 
0.0000125000 0 1 2 0 0 0 0 3 
0.0000854375 0 1 2 0 0 0 2 1 
0.0000535625 0 1 2 0 0 0 2 2 
0.0000147500 0 1 2 0 0 0 2 3 
0.0000501875 0 1 2 0 0 1 0 0 
0.0000535625 0 1 2 0 0 1 0 1 
0.0001822500 0 1 2 0 0 1 2 0 
0.0000501875 0 1 2 0 0 1 2 2 
0.0000106250 0 1 2 0 0 2 1 0 
0.0000780625 0 1 2 0 0 2 3 3 
0.0000221250 0 1 2 0 0 3 1 0 
0.0000030625 0 1 2 0 0 3 1 3 
0.0000535625 0 1 2 0 0 3 3 0 
0.0000078125 0 1 2 0 0 3 3 1 
0.0000125000 0 1 2 0 0 3 3 3 
0.0000078125 0 1 2 0 1 0 0 0 
0.0000288750 0 1 2 0 1 0 0 1 
0.0000105625 0 1 2 0 1 0 0 2 
0.0000854375 0 1 2 0 1 0 2 0 
0.0000572500 0 1 2 0 1 0 2 1 
0.0000078125 0 1 2 0 1 0 2 2 
0.0000143750 0 1 2 0 1 0 2 3 
0.0000535625 0 1 2 0 1 1 0 0 
0.0000078125 0 1 2 0 1 1 0 1 
0.0000125000 0 1 2 0 1 1 0 3 
0.0000854375 0 1 2 0 1 1 2 1 
0.0000535625 0 1 2 0 1 1 2 2 
0.0000147500 0 1 2 0 1 1 2 3 
0.0000533125 0 1 2 0 1 2 1 1 
0.0001210625 0 1 2 0 1 2 1 3 
0.0000452500 0 1 2 0 1 2 3 2 
0.0000452500 0 1 2 0 1 3 1 1 
0.0000521875 0 1 2 0 1 3 1 2 
0.0000286875 0 1 2 0 1 3 1 3 
0.0000078125 0 1 2 0 1 3 3 0 
0.0000288750 0 1 2 0 1 3 3 1 
0.0000105625 0 1 2 0 1 3 3 2 
0.0000105625 0 1 2 0 2 0 0 1 
0.0001474375 0 1 2 0 2 0 0 2 
0.0000535625 0 1 2 0 2 0 2 0 
0.0000078125 0 1 2 0 2 0 2 1 
0.0000125000 0 1 2 0 2 0 2 3 
0.0000065000 0 1 2 0 2 1 0 2 
0.0000512500 0 1 2 0 2 1 0 3 
0.0000501875 0 1 2 0 2 1 2 0 
0.0000535625 0 1 2 0 2 1 2 1 
0.0000194375 0 1 2 0 2 2 1 3 
0.0000452500 0 1 2 0 2 2 3 1 
0.0000521875 0 1 2 0 2 2 3 2 
0.0000286875 0 1 2 0 2 2 3 3 
0.0000521875 0 1 2 0 2 3 1 1 
0.0000901250 0 1 2 0 2 3 1 2 
0.0000462500 0 1 2 0 2 3 1 3 
0.0000105625 0 1 2 0 2 3 3 1 
0.0001474375 0 1 2 0 2 3 3 2 
0.0000125000 0 1 2 0 3 0 0 0 
0.0000147500 0 1 2 0 3 0 2 0 
0.0000143750 0 1 2 0 3 0 2 1 
0.0000125000 0 1 2 0 3 0 2 2 
0.0000125000 0 1 2 0 3 1 0 1 
0.0000512500 0 1 2 0 3 1 0 2 
0.0000147500 0 1 2 0 3 1 2 1 
0.0000106250 0 1 2 0 3 1 2 3 
0.0001210625 0 1 2 0 3 2 1 1 
0.0000194375 0 1 2 0 3 2 1 2 
0.0000780625 0 1 2 0 3 2 3 0 
0.0000286875 0 1 2 0 3 2 3 2 
0.0000030625 0 1 2 0 3 3 1 0 
0.0000286875 0 1 2 0 3 3 1 1 
0.0000462500 0 1 2 0 3 3 1 2 
0.0000125000 0 1 2 0 3 3 3 0 
0.0000078125 0 1 2 1 0 0 0 0 
0.0000535625 0 1 2 1 0 0 0 1 
0.0000854375 0 1 2 1 0 0 2 0 
0.0000078125 0 1 2 1 0 0 3 3 
0.0000535625 0 1 2 1 0 1 0 0 
0.0000501875 0 1 2 1 0 1 0 1 
0.0000106250 0 1 2 1 0 1 1 2 
0.0000221250 0 1 2 1 0 1 1 3 
0.0001822500 0 1 2 1 0 1 2 1 
0.0000535625 0 1 2 1 0 1 3 3 
0.0000030625 0 1 2 1 0 2 0 2 
0.0000512500 0 1 2 1 0 2 0 3 
0.0000106250 0 1 2 1 0 2 1 1 
0.0000512500 0 1 2 1 0 3 0 2 
0.0000221250 0 1 2 1 0 3 1 1 
0.0000398125 0 1 2 1 0 3 2 3 
0.0000078125 0 1 2 1 0 3 3 0 
0.0000535625 0 1 2 1 0 3 3 1 
0.0000288750 0 1 2 1 1 0 0 0 
0.0000078125 0 1 2 1 1 0 0 1 
0.0000533125 0 1 2 1 1 0 1 2 
0.0000452500 0 1 2 1 1 0 1 3 
0.0000572500 0 1 2 1 1 0 2 0 
0.0000854375 0 1 2 1 1 0 2 1 
0.0000288750 0 1 2 1 1 0 3 3 
0.0000078125 0 1 2 1 1 1 0 0 
0.0000535625 0 1 2 1 1 1 0 1 
0.0000854375 0 1 2 1 1 1 2 0 
0.0000078125 0 1 2 1 1 1 3 3 
0.0000286875 0 1 2 1 1 2 0 2 
0.0000533125 0 1 2 1 1 2 1 0 
0.0000780625 0 1 2 1 1 2 2 2 
0.0000125000 0 1 2 1 1 2 2 3 
0.0000452500 0 1 2 1 1 3 1 0 
0.0000125000 0 1 2 1 1 3 2 2 
0.0000286875 0 1 2 1 1 3 2 3 
0.0000288750 0 1 2 1 1 3 3 0 
0.0000078125 0 1 2 1 1 3 3 1 
0.0000105625 0 1 2 1 2 0 0 0 
0.0000521875 0 1 2 1 2 0 1 3 
0.0000078125 0 1 2 1 2 0 2 0 
0.0000535625 0 1 2 1 2 0 2 1 
0.0000452500 0 1 2 1 2 0 3 2 
0.0000105625 0 1 2 1 2 0 3 3 
0.0000535625 0 1 2 1 2 1 2 0 
0.0000501875 0 1 2 1 2 1 2 1 
0.0000462500 0 1 2 1 2 2 0 2 
0.0000030625 0 1 2 1 2 2 2 2 
0.0000512500 0 1 2 1 2 2 2 3 
0.0000452500 0 1 2 1 2 2 3 0 
0.0000538125 0 1 2 1 2 3 0 3 
0.0000521875 0 1 2 1 2 3 1 0 
0.0000512500 0 1 2 1 2 3 2 2 
0.0000105625 0 1 2 1 2 3 3 0 
0.0000125000 0 1 2 1 3 0 0 1 
0.0001210625 0 1 2 1 3 0 1 2 
0.0000286875 0 1 2 1 3 0 1 3 
0.0000143750 0 1 2 1 3 0 2 0 
0.0000147500 0 1 2 1 3 0 2 1 
0.0000125000 0 1 2 1 3 1 0 0 
0.0000030625 0 1 2 1 3 1 1 3 
0.0000147500 0 1 2 1 3 1 2 0 
0.0000780625 0 1 2 1 3 1 3 2 
0.0000125000 0 1 2 1 3 1 3 3 
0.0001210625 0 1 2 1 3 2 1 0 
0.0000200625 0 1 2 1 3 2 2 2 
0.0000780625 0 1 2 1 3 2 3 1 
0.0000901250 0 1 2 1 3 3 0 3 
0.0000286875 0 1 2 1 3 3 1 0 
0.0000030625 0 1 2 1 3 3 1 1 
0.0000125000 0 1 2 1 3 3 3 1 
0.0000535625 0 1 2 2 0 0 0 2 
0.0000780625 0 1 2 2 0 0 1 1 
0.0000143750 0 1 2 2 0 0 1 3 
0.0000535625 0 1 2 2 0 0 2 0 
0.0000143750 0 1 2 2 0 0 3 1 
0.0000501875 0 1 2 2 0 1 0 2 
0.0000147500 0 1 2 2 0 1 1 3 
0.0000501875 0 1 2 2 0 1 2 0 
0.0001822500 0 1 2 2 0 1 2 2 
0.0000147500 0 1 2 2 0 1 3 1 
0.0000106250 0 1 2 2 0 2 1 2 
0.0000106250 0 1 2 2 0 2 2 1 
0.0000221250 0 1 2 2 0 3 1 2 
0.0000221250 0 1 2 2 0 3 2 1 
0.0000535625 0 1 2 2 0 3 2 3 
0.0000535625 0 1 2 2 0 3 3 2 
0.0000105625 0 1 2 2 1 0 0 0 
0.0000078125 0 1 2 2 1 0 0 2 
0.0000078125 0 1 2 2 1 0 2 0 
0.0000854375 0 1 2 2 1 0 2 2 
0.0000081875 0 1 2 2 1 0 3 3 
0.0000535625 0 1 2 2 1 1 0 2 
0.0000780625 0 1 2 2 1 1 1 1 
0.0000143750 0 1 2 2 1 1 1 3 
0.0000535625 0 1 2 2 1 1 2 0 
0.0000143750 0 1 2 2 1 1 3 1 
0.0000452500 0 1 2 2 1 2 0 3 
0.0000452500 0 1 2 2 1 2 3 0 
0.0000521875 0 1 2 2 1 3 0 1 
0.0000105625 0 1 2 2 1 3 0 3 
0.0000521875 0 1 2 2 1 3 1 0 
0.0000078125 0 1 2 2 1 3 2 3 
0.0000105625 0 1 2 2 1 3 3 0 
0.0000078125 0 1 2 2 1 3 3 2 
0.0001474375 0 1 2 2 2 0 0 0 
0.0000286875 0 1 2 2 2 0 1 1 
0.0000535625 0 1 2 2 2 0 2 2 
0.0000065000 0 1 2 2 2 1 0 0 
0.0000030625 0 1 2 2 2 1 1 1 
0.0000125000 0 1 2 2 2 1 1 3 
0.0000501875 0 1 2 2 2 1 2 2 
0.0000125000 0 1 2 2 2 1 3 1 
0.0000521875 0 1 2 2 2 2 0 3 
0.0000521875 0 1 2 2 2 2 3 0 
0.0000901250 0 1 2 2 2 3 0 1 
0.0001474375 0 1 2 2 2 3 0 3 
0.0000901250 0 1 2 2 2 3 1 0 
0.0001474375 0 1 2 2 2 3 3 0 
0.0000125000 0 1 2 2 3 0 0 2 
0.0000533125 0 1 2 2 3 0 1 3 
0.0000125000 0 1 2 2 3 0 2 0 
0.0000147500 0 1 2 2 3 0 2 2 
0.0000533125 0 1 2 2 3 0 3 1 
0.0000512500 0 1 2 2 3 1 0 0 
0.0000200625 0 1 2 2 3 1 1 1 
0.0000194375 0 1 2 2 3 2 0 1 
0.0000286875 0 1 2 2 3 2 0 3 
0.0000194375 0 1 2 2 3 2 1 0 
0.0000780625 0 1 2 2 3 2 2 3 
0.0000286875 0 1 2 2 3 2 3 0 
0.0000780625 0 1 2 2 3 2 3 2 
0.0000462500 0 1 2 2 3 3 0 1 
0.0000462500 0 1 2 2 3 3 1 0 
0.0000030625 0 1 2 2 3 3 1 2 
0.0000030625 0 1 2 2 3 3 2 1 
0.0000125000 0 1 2 2 3 3 2 3 
0.0000125000 0 1 2 2 3 3 3 2 
0.0000125000 0 1 2 3 0 0 0 0 
0.0000535625 0 1 2 3 0 0 0 3 
0.0000125000 0 1 2 3 0 0 1 1 
0.0000147500 0 1 2 3 0 0 2 0 
0.0000572500 0 1 2 3 0 0 3 2 
0.0000501875 0 1 2 3 0 1 0 3 
0.0001822500 0 1 2 3 0 1 2 3 
0.0000854375 0 1 2 3 0 1 3 2 
0.0000125000 0 1 2 3 0 2 0 2 
0.0000106250 0 1 2 3 0 2 1 3 
0.0000221250 0 1 2 3 0 2 2 1 
0.0000147500 0 1 2 3 0 2 2 2 
0.0000780625 0 1 2 3 0 2 3 0 
0.0000065000 0 1 2 3 0 3 0 1 
0.0000286875 0 1 2 3 0 3 0 2 
0.0000030625 0 1 2 3 0 3 1 0 
0.0000221250 0 1 2 3 0 3 1 3 
0.0000125000 0 1 2 3 0 3 3 0 
0.0000535625 0 1 2 3 0 3 3 3 
0.0000078125 0 1 2 3 1 0 0 3 
0.0000143750 0 1 2 3 1 0 2 0 
0.0000854375 0 1 2 3 1 0 2 3 
0.0000125000 0 1 2 3 1 1 0 0 
0.0000535625 0 1 2 3 1 1 0 3 
0.0000125000 0 1 2 3 1 1 1 1 
0.0000147500 0 1 2 3 1 1 2 0 
0.0000572500 0 1 2 3 1 1 3 2 
0.0000521875 0 1 2 3 1 2 0 1 
0.0001210625 0 1 2 3 1 2 1 0 
0.0000143750 0 1 2 3 1 2 2 2 
0.0001474375 0 1 2 3 1 3 0 1 
0.0000286875 0 1 2 3 1 3 1 0 
0.0000078125 0 1 2 3 1 3 3 3 
0.0000452500 0 1 2 3 2 0 1 2 
0.0000125000 0 1 2 3 2 0 2 0 
0.0000535625 0 1 2 3 2 0 2 3 
0.0000288750 0 1 2 3 2 0 3 2 
0.0000512500 0 1 2 3 2 1 0 0 
0.0000512500 0 1 2 3 2 1 1 1 
0.0000501875 0 1 2 3 2 1 2 3 
0.0000286875 0 1 2 3 2 1 3 1 
0.0000078125 0 1 2 3 2 1 3 2 
0.0000901250 0 1 2 3 2 2 0 1 
0.0000194375 0 1 2 3 2 2 1 0 
0.0000125000 0 1 2 3 2 2 2 2 
0.0000286875 0 1 2 3 2 2 3 0 
0.0000462500 0 1 2 3 2 3 1 0 
0.0000065000 0 1 2 3 2 3 2 1 
0.0000286875 0 1 2 3 2 3 2 2 
0.0000125000 0 1 2 3 3 0 0 3 
0.0000147500 0 1 2 3 3 0 2 3 
0.0000452500 0 1 2 3 3 0 3 1 
0.0000780625 0 1 2 3 3 1 1 2 
0.0000106250 0 1 2 3 3 1 2 0 
0.0000143750 0 1 2 3 3 1 3 2 
0.0000462500 0 1 2 3 3 2 0 1 
0.0000030625 0 1 2 3 3 2 2 1 
0.0000780625 0 1 2 3 3 2 3 3 
0.0000521875 0 1 2 3 3 3 0 2 
0.0000030625 0 1 2 3 3 3 1 3 
0.0000512500 0 1 2 3 3 3 2 1 
0.0000125000 0 1 2 3 3 3 3 3 
0.0000147500 0 1 3 0 0 0 0 0 
0.0000143750 0 1 3 0 0 0 0 1 
0.0000125000 0 1 3 0 0 0 0 2 
0.0000854375 0 1 3 0 0 0 3 1 
0.0000535625 0 1 3 0 0 0 3 2 
0.0000147500 0 1 3 0 0 0 3 3 
0.0000147500 0 1 3 0 0 1 0 1 
0.0000106250 0 1 3 0 0 1 0 3 
0.0001822500 0 1 3 0 0 1 3 0 
0.0000501875 0 1 3 0 0 1 3 2 
0.0000221250 0 1 3 0 0 2 1 0 
0.0000030625 0 1 3 0 0 2 1 3 
0.0000147500 0 1 3 0 0 2 2 0 
0.0000143750 0 1 3 0 0 2 2 1 
0.0000125000 0 1 3 0 0 2 2 2 
0.0000065000 0 1 3 0 0 3 1 2 
0.0000512500 0 1 3 0 0 3 1 3 
0.0000286875 0 1 3 0 0 3 2 2 
0.0000143750 0 1 3 0 1 0 0 0 
0.0000533125 0 1 3 0 1 0 0 3 
0.0000854375 0 1 3 0 1 0 3 0 
0.0000572500 0 1 3 0 1 0 3 1 
0.0000078125 0 1 3 0 1 0 3 2 
0.0000143750 0 1 3 0 1 0 3 3 
0.0000147500 0 1 3 0 1 1 0 0 
0.0000143750 0 1 3 0 1 1 0 1 
0.0000125000 0 1 3 0 1 1 0 2 
0.0000854375 0 1 3 0 1 1 3 1 
0.0000535625 0 1 3 0 1 1 3 2 
0.0000147500 0 1 3 0 1 1 3 3 
0.0000452500 0 1 3 0 1 2 1 1 
0.0000521875 0 1 3 0 1 2 1 2 
0.0000286875 0 1 3 0 1 2 1 3 
0.0000143750 0 1 3 0 1 2 2 0 
0.0000533125 0 1 3 0 1 2 2 3 
0.0000105625 0 1 3 0 1 3 1 1 
0.0001474375 0 1 3 0 1 3 1 2 
0.0000452500 0 1 3 0 1 3 2 3 
0.0000125000 0 1 3 0 2 0 0 0 
0.0000535625 0 1 3 0 2 0 3 0 
0.0000078125 0 1 3 0 2 0 3 1 
0.0000125000 0 1 3 0 2 0 3 3 
0.0000125000 0 1 3 0 2 1 0 1 
0.0000512500 0 1 3 0 2 1 0 2 
0.0000501875 0 1 3 0 2 1 3 0 
0.0000535625 0 1 3 0 2 1 3 1 
0.0000521875 0 1 3 0 2 2 1 1 
0.0000901250 0 1 3 0 2 2 1 2 
0.0000462500 0 1 3 0 2 2 1 3 
0.0000125000 0 1 3 0 2 2 2 0 
0.0000065000 0 1 3 0 2 3 1 0 
0.0001474375 0 1 3 0 2 3 1 1 
0.0000286875 0 1 3 0 2 3 2 0 
0.0000521875 0 1 3 0 2 3 2 3 
0.0000533125 0 1 3 0 3 0 0 1 
0.0001210625 0 1 3 0 3 0 0 3 
0.0000147500 0 1 3 0 3 0 3 0 
0.0000143750 0 1 3 0 3 0 3 1 
0.0000125000 0 1 3 0 3 0 3 2 
0.0000106250 0 1 3 0 3 1 0 0 
0.0000147500 0 1 3 0 3 1 3 1 
0.0000106250 0 1 3 0 3 1 3 3 
0.0000030625 0 1 3 0 3 2 1 0 
0.0000286875 0 1 3 0 3 2 1 1 
0.0000462500 0 1 3 0 3 2 1 2 
0.0000533125 0 1 3 0 3 2 2 1 
0.0001210625 0 1 3 0 3 2 2 3 
0.0000512500 0 1 3 0 3 3 1 0 
0.0000452500 0 1 3 0 3 3 2 1 
0.0000521875 0 1 3 0 3 3 2 2 
0.0000286875 0 1 3 0 3 3 2 3 
0.0000143750 0 1 3 1 0 0 0 0 
0.0000147500 0 1 3 1 0 0 0 1 
0.0000143750 0 1 3 1 0 0 2 2 
0.0000854375 0 1 3 1 0 0 3 0 
0.0000147500 0 1 3 1 0 1 0 0 
0.0000221250 0 1 3 1 0 1 1 2 
0.0000147500 0 1 3 1 0 1 2 2 
0.0001822500 0 1 3 1 0 1 3 1 
0.0000200625 0 1 3 1 0 2 0 2 
0.0000221250 0 1 3 1 0 2 1 1 
0.0000143750 0 1 3 1 0 2 2 0 
0.0000147500 0 1 3 1 0 2 2 1 
0.0000398125 0 1 3 1 0 3 3 3 
0.0000143750 0 1 3 1 1 0 0 1 
0.0000452500 0 1 3 1 1 0 1 2 
0.0000105625 0 1 3 1 1 0 1 3 
0.0000572500 0 1 3 1 1 0 3 0 
0.0000854375 0 1 3 1 1 0 3 1 
0.0000143750 0 1 3 1 1 1 0 0 
0.0000147500 0 1 3 1 1 1 0 1 
0.0000143750 0 1 3 1 1 1 2 2 
0.0000854375 0 1 3 1 1 1 3 0 
0.0000452500 0 1 3 1 1 2 1 0 
0.0000143750 0 1 3 1 1 2 2 1 
0.0000780625 0 1 3 1 1 2 3 2 
0.0000125000 0 1 3 1 1 2 3 3 
0.0000521875 0 1 3 1 1 3 0 3 
0.0000105625 0 1 3 1 1 3 1 0 
0.0000125000 0 1 3 1 1 3 3 2 
0.0000286875 0 1 3 1 1 3 3 3 
0.0000125000 0 1 3 1 2 0 0 1 
0.0000521875 0 1 3 1 2 0 1 2 
0.0001474375 0 1 3 1 2 0 1 3 
0.0000078125 0 1 3 1 2 0 3 0 
0.0000535625 0 1 3 1 2 0 3 1 
0.0000125000 0 1 3 1 2 1 0 0 
0.0000065000 0 1 3 1 2 1 1 3 
0.0000125000 0 1 3 1 2 1 2 2 
0.0000286875 0 1 3 1 2 1 2 3 
0.0000535625 0 1 3 1 2 1 3 0 
0.0000501875 0 1 3 1 2 1 3 1 
0.0000521875 0 1 3 1 2 2 1 0 
0.0000125000 0 1 3 1 2 2 2 1 
0.0000030625 0 1 3 1 2 2 3 2 
0.0000512500 0 1 3 1 2 2 3 3 
0.0000901250 0 1 3 1 2 3 0 3 
0.0001474375 0 1 3 1 2 3 1 0 
0.0000065000 0 1 3 1 2 3 1 1 
0.0000286875 0 1 3 1 2 3 2 1 
0.0000512500 0 1 3 1 2 3 3 2 
0.0000533125 0 1 3 1 3 0 0 0 
0.0000286875 0 1 3 1 3 0 1 2 
0.0000533125 0 1 3 1 3 0 2 2 
0.0000452500 0 1 3 1 3 0 2 3 
0.0000143750 0 1 3 1 3 0 3 0 
0.0000147500 0 1 3 1 3 0 3 1 
0.0000106250 0 1 3 1 3 1 0 1 
0.0000030625 0 1 3 1 3 1 1 2 
0.0000512500 0 1 3 1 3 1 1 3 
0.0000147500 0 1 3 1 3 1 3 0 
0.0000728125 0 1 3 1 3 2 0 2 
0.0000194375 0 1 3 1 3 2 0 3 
0.0000286875 0 1 3 1 3 2 1 0 
0.0000030625 0 1 3 1 3 2 1 1 
0.0000533125 0 1 3 1 3 2 2 0 
0.0000200625 0 1 3 1 3 2 3 2 
0.0000194375 0 1 3 1 3 3 0 2 
0.0000462500 0 1 3 1 3 3 0 3 
0.0000512500 0 1 3 1 3 3 1 1 
0.0000452500 0 1 3 1 3 3 2 0 
0.0000125000 0 1 3 2 0 0 0 0 
0.0000147500 0 1 3 2 0 0 0 2 
0.0000125000 0 1 3 2 0 0 1 1 
0.0000572500 0 1 3 2 0 0 2 3 
0.0000535625 0 1 3 2 0 0 3 0 
0.0000854375 0 1 3 2 0 1 2 3 
0.0000501875 0 1 3 2 0 1 3 0 
0.0001822500 0 1 3 2 0 1 3 2 
0.0000780625 0 1 3 2 0 2 0 3 
0.0000221250 0 1 3 2 0 2 1 2 
0.0000125000 0 1 3 2 0 2 2 0 
0.0000147500 0 1 3 2 0 2 2 2 
0.0000106250 0 1 3 2 0 2 3 1 
0.0000030625 0 1 3 2 0 3 0 1 
0.0000125000 0 1 3 2 0 3 0 3 
0.0000065000 0 1 3 2 0 3 1 0 
0.0000286875 0 1 3 2 0 3 2 0 
0.0000221250 0 1 3 2 0 3 3 1 
0.0000535625 0 1 3 2 0 3 3 3 
0.0000143750 0 1 3 2 1 0 0 2 
0.0000078125 0 1 3 2 1 0 3 0 
0.0000854375 0 1 3 2 1 0 3 2 
0.0000125000 0 1 3 2 1 1 0 0 
0.0000147500 0 1 3 2 1 1 0 2 
0.0000125000 0 1 3 2 1 1 1 1 
0.0000572500 0 1 3 2 1 1 2 3 
0.0000535625 0 1 3 2 1 1 3 0 
0.0001210625 0 1 3 2 1 2 0 1 
0.0000521875 0 1 3 2 1 2 1 0 
0.0000143750 0 1 3 2 1 2 2 2 
0.0000286875 0 1 3 2 1 3 0 1 
0.0001474375 0 1 3 2 1 3 1 0 
0.0000078125 0 1 3 2 1 3 3 3 
0.0000125000 0 1 3 2 2 0 0 2 
0.0000452500 0 1 3 2 2 0 2 1 
0.0000288750 0 1 3 2 2 0 2 3 
0.0000535625 0 1 3 2 2 0 3 2 
0.0000512500 0 1 3 2 2 1 0 0 
0.0000512500 0 1 3 2 2 1 1 1 
0.0000286875 0 1 3 2 2 1 1 3 
0.0000078125 0 1 3 2 2 1 2 3 
0.0000501875 0 1 3 2 2 1 3 2 
0.0000194375 0 1 3 2 2 2 0 1 
0.0000286875 0 1 3 2 2 2 0 3 
0.0000901250 0 1 3 2 2 2 1 0 
0.0000125000 0 1 3 2 2 2 2 2 
0.0000462500 0 1 3 2 2 3 0 1 
0.0000065000 0 1 3 2 2 3 1 2 
0.0000286875 0 1 3 2 2 3 2 2 
0.0000452500 0 1 3 2 3 0 1 3 
0.0000125000 0 1 3 2 3 0 3 0 
0.0000147500 0 1 3 2 3 0 3 2 
0.0000106250 0 1 3 2 3 1 0 2 
0.0000780625 0 1 3 2 3 1 2 1 
0.0000143750 0 1 3 2 3 1 2 3 
0.0000462500 0 1 3 2 3 2 1 0 
0.0000030625 0 1 3 2 3 2 1 2 
0.0000780625 0 1 3 2 3 2 3 3 
0.0000512500 0 1 3 2 3 3 1 2 
0.0000521875 0 1 3 2 3 3 2 0 
0.0000030625 0 1 3 2 3 3 3 1 
0.0000125000 0 1 3 2 3 3 3 3 
0.0000147500 0 1 3 3 0 0 0 3 
0.0000286875 0 1 3 3 0 0 1 1 
0.0000078125 0 1 3 3 0 0 1 2 
0.0000078125 0 1 3 3 0 0 2 1 
0.0000147500 0 1 3 3 0 0 3 0 
0.0000106250 0 1 3 3 0 1 0 0 
0.0000398125 0 1 3 3 0 1 1 1 
0.0000535625 0 1 3 3 0 1 1 2 
0.0000535625 0 1 3 3 0 1 2 1 
0.0001822500 0 1 3 3 0 1 3 3 
0.0000030625 0 1 3 3 0 2 0 1 
0.0000030625 0 1 3 3 0 2 1 0 
0.0000221250 0 1 3 3 0 2 1 3 
0.0000147500 0 1 3 3 0 2 2 3 
0.0000221250 0 1 3 3 0 2 3 1 
0.0000147500 0 1 3 3 0 2 3 2 
0.0000512500 0 1 3 3 0 3 0 1 
0.0000512500 0 1 3 3 0 3 1 0 
0.0000533125 0 1 3 3 1 0 0 0 
0.0000143750 0 1 3 3 1 0 0 3 
0.0000288750 0 1 3 3 1 0 1 2 
0.0000288750 0 1 3 3 1 0 2 1 
0.0000081875 0 1 3 3 1 0 2 2 
0.0000143750 0 1 3 3 1 0 3 0 
0.0000854375 0 1 3 3 1 0 3 3 
0.0000147500 0 1 3 3 1 1 0 3 
0.0000286875 0 1 3 3 1 1 1 1 
0.0000078125 0 1 3 3 1 1 1 2 
0.0000078125 0 1 3 3 1 1 2 1 
0.0000147500 0 1 3 3 1 1 3 0 
0.0000286875 0 1 3 3 1 2 0 1 
0.0000533125 0 1 3 3 1 2 0 2 
0.0000286875 0 1 3 3 1 2 1 0 
0.0000533125 0 1 3 3 1 2 2 0 
0.0000143750 0 1 3 3 1 2 2 3 
0.0000143750 0 1 3 3 1 2 3 2 
0.0000452500 0 1 3 3 1 3 0 2 
0.0000452500 0 1 3 3 1 3 2 0 
0.0000125000 0 1 3 3 2 0 0 3 
0.0000105625 0 1 3 3 2 0 1 2 
0.0000105625 0 1 3 3 2 0 2 1 
0.0000125000 0 1 3 3 2 0 3 0 
0.0000535625 0 1 3 3 2 0 3 3 
0.0000501875 0 1 3 3 2 1 3 3 
0.0000462500 0 1 3 3 2 2 0 1 
0.0000462500 0 1 3 3 2 2 1 0 
0.0000125000 0 1 3 3 2 2 2 3 
0.0000125000 0 1 3 3 2 2 3 2 
0.0000521875 0 1 3 3 2 3 0 2 
0.0000065000 0 1 3 3 2 3 1 3 
0.0000521875 0 1 3 3 2 3 2 0 
0.0000286875 0 1 3 3 2 3 2 3 
0.0000065000 0 1 3 3 2 3 3 1 
0.0000286875 0 1 3 3 2 3 3 2 
0.0001210625 0 1 3 3 3 0 0 0 
0.0000521875 0 1 3 3 3 0 1 1 
0.0000147500 0 1 3 3 3 0 3 3 
0.0000106250 0 1 3 3 3 1 0 3 
0.0000125000 0 1 3 3 3 1 1 2 
0.0000125000 0 1 3 3 3 1 2 1 
0.0000106250 0 1 3 3 3 1 3 0 
0.0001210625 0 1 3 3 3 2 0 2 
0.0000030625 0 1 3 3 3 2 1 3 
0.0001210625 0 1 3 3 3 2 2 0 
0.0000030625 0 1 3 3 3 2 3 1 
0.0000286875 0 1 3 3 3 3 0 2 
0.0000512500 0 1 3 3 3 3 1 3 
0.0000286875 0 1 3 3 3 3 2 0 
0.0000512500 0 1 3 3 3 3 3 1 
0.0000501875 0 2 0 0 0 0 0 0 
0.0000535625 0 2 0 0 0 0 0 1 
0.0000535625 0 2 0 0 0 0 1 0 
0.0000078125 0 2 0 0 0 0 1 1 
0.0000125000 0 2 0 0 0 0 1 3 
0.0000065000 0 2 0 0 0 0 2 2 
0.0000512500 0 2 0 0 0 0 2 3 
0.0000125000 0 2 0 0 0 0 3 1 
0.0000512500 0 2 0 0 0 0 3 2 
0.0001822500 0 2 0 0 0 2 0 0 
0.0000501875 0 2 0 0 0 2 0 2 
0.0000854375 0 2 0 0 0 2 1 1 
0.0000535625 0 2 0 0 0 2 1 2 
0.0000147500 0 2 0 0 0 2 1 3 
0.0000501875 0 2 0 0 0 2 2 0 
0.0000535625 0 2 0 0 0 2 2 1 
0.0000147500 0 2 0 0 0 2 3 1 
0.0000106250 0 2 0 0 0 2 3 3 
0.0000535625 0 2 0 0 1 0 0 0 
0.0000078125 0 2 0 0 1 0 0 1 
0.0000125000 0 2 0 0 1 0 0 3 
0.0000078125 0 2 0 0 1 0 1 0 
0.0000288750 0 2 0 0 1 0 1 1 
0.0000105625 0 2 0 0 1 0 1 2 
0.0000105625 0 2 0 0 1 0 2 1 
0.0001474375 0 2 0 0 1 0 2 2 
0.0000125000 0 2 0 0 1 0 3 0 
0.0000854375 0 2 0 0 1 2 0 1 
0.0000535625 0 2 0 0 1 2 0 2 
0.0000147500 0 2 0 0 1 2 0 3 
0.0000854375 0 2 0 0 1 2 1 0 
0.0000572500 0 2 0 0 1 2 1 1 
0.0000078125 0 2 0 0 1 2 1 2 
0.0000143750 0 2 0 0 1 2 1 3 
0.0000535625 0 2 0 0 1 2 2 0 
0.0000078125 0 2 0 0 1 2 2 1 
0.0000125000 0 2 0 0 1 2 2 3 
0.0000147500 0 2 0 0 1 2 3 0 
0.0000143750 0 2 0 0 1 2 3 1 
0.0000125000 0 2 0 0 1 2 3 2 
0.0000065000 0 2 0 0 2 0 0 2 
0.0000512500 0 2 0 0 2 0 0 3 
0.0000105625 0 2 0 0 2 0 1 1 
0.0001474375 0 2 0 0 2 0 1 2 
0.0000065000 0 2 0 0 2 0 2 0 
0.0001474375 0 2 0 0 2 0 2 1 
0.0000512500 0 2 0 0 2 0 3 0 
0.0000501875 0 2 0 0 2 2 0 0 
0.0000535625 0 2 0 0 2 2 0 1 
0.0000535625 0 2 0 0 2 2 1 0 
0.0000078125 0 2 0 0 2 2 1 1 
0.0000125000 0 2 0 0 2 2 1 3 
0.0000065000 0 2 0 0 2 2 2 2 
0.0000512500 0 2 0 0 2 2 2 3 
0.0000125000 0 2 0 0 2 2 3 1 
0.0000512500 0 2 0 0 2 2 3 2 
0.0000125000 0 2 0 0 3 0 0 1 
0.0000512500 0 2 0 0 3 0 0 2 
0.0000125000 0 2 0 0 3 0 1 0 
0.0000512500 0 2 0 0 3 0 2 0 
0.0000194375 0 2 0 0 3 0 3 3 
0.0000147500 0 2 0 0 3 2 0 1 
0.0000106250 0 2 0 0 3 2 0 3 
0.0000147500 0 2 0 0 3 2 1 0 
0.0000143750 0 2 0 0 3 2 1 1 
0.0000125000 0 2 0 0 3 2 1 2 
0.0000125000 0 2 0 0 3 2 2 1 
0.0000512500 0 2 0 0 3 2 2 2 
0.0000106250 0 2 0 0 3 2 3 0 
0.0000535625 0 2 0 1 0 0 0 0 
0.0000501875 0 2 0 1 0 0 0 1 
0.0000078125 0 2 0 1 0 0 1 0 
0.0000535625 0 2 0 1 0 0 1 1 
0.0000125000 0 2 0 1 0 0 3 0 
0.0000106250 0 2 0 1 0 1 0 2 
0.0000221250 0 2 0 1 0 1 0 3 
0.0000030625 0 2 0 1 0 1 3 3 
0.0001822500 0 2 0 1 0 2 0 1 
0.0000854375 0 2 0 1 0 2 1 0 
0.0000535625 0 2 0 1 0 2 2 0 
0.0000501875 0 2 0 1 0 2 2 1 
0.0000147500 0 2 0 1 0 2 3 0 
0.0000535625 0 2 0 1 0 3 0 3 
0.0000078125 0 2 0 1 0 3 1 3 
0.0000780625 0 2 0 1 0 3 3 2 
0.0000125000 0 2 0 1 0 3 3 3 
0.0000078125 0 2 0 1 1 0 0 0 
0.0000535625 0 2 0 1 1 0 0 1 
0.0000288750 0 2 0 1 1 0 1 0 
0.0000078125 0 2 0 1 1 0 1 1 
0.0000105625 0 2 0 1 1 0 2 0 
0.0000125000 0 2 0 1 1 0 3 1 
0.0000533125 0 2 0 1 1 1 1 2 
0.0000452500 0 2 0 1 1 1 1 3 
0.0000521875 0 2 0 1 1 1 2 3 
0.0001210625 0 2 0 1 1 1 3 2 
0.0000286875 0 2 0 1 1 1 3 3 
0.0000854375 0 2 0 1 1 2 0 0 
0.0000572500 0 2 0 1 1 2 1 0 
0.0000854375 0 2 0 1 1 2 1 1 
0.0000078125 0 2 0 1 1 2 2 0 
0.0000535625 0 2 0 1 1 2 2 1 
0.0000143750 0 2 0 1 1 2 3 0 
0.0000147500 0 2 0 1 1 2 3 1 
0.0000078125 0 2 0 1 1 3 0 3 
0.0000288750 0 2 0 1 1 3 1 3 
0.0000452500 0 2 0 1 1 3 2 2 
0.0000105625 0 2 0 1 1 3 2 3 
0.0000105625 0 2 0 1 2 0 1 0 
0.0001474375 0 2 0 1 2 0 2 0 
0.0000065000 0 2 0 1 2 0 2 1 
0.0000512500 0 2 0 1 2 0 3 1 
0.0000521875 0 2 0 1 2 1 1 3 
0.0000901250 0 2 0 1 2 1 2 3 
0.0000194375 0 2 0 1 2 1 3 2 
0.0000462500 0 2 0 1 2 1 3 3 
0.0000535625 0 2 0 1 2 2 0 0 
0.0000501875 0 2 0 1 2 2 0 1 
0.0000078125 0 2 0 1 2 2 1 0 
0.0000535625 0 2 0 1 2 2 1 1 
0.0000125000 0 2 0 1 2 2 3 0 
0.0000452500 0 2 0 1 2 3 1 2 
0.0000105625 0 2 0 1 2 3 1 3 
0.0000521875 0 2 0 1 2 3 2 2 
0.0001474375 0 2 0 1 2 3 2 3 
0.0000286875 0 2 0 1 2 3 3 2 
0.0000125000 0 2 0 1 3 0 0 0 
0.0000125000 0 2 0 1 3 0 1 1 
0.0000512500 0 2 0 1 3 0 2 1 
0.0000030625 0 2 0 1 3 1 0 3 
0.0001210625 0 2 0 1 3 1 1 2 
0.0000286875 0 2 0 1 3 1 1 3 
0.0000194375 0 2 0 1 3 1 2 2 
0.0000462500 0 2 0 1 3 1 2 3 
0.0000147500 0 2 0 1 3 2 0 0 
0.0000143750 0 2 0 1 3 2 1 0 
0.0000147500 0 2 0 1 3 2 1 1 
0.0000125000 0 2 0 1 3 2 2 0 
0.0000106250 0 2 0 1 3 2 3 1 
0.0000780625 0 2 0 1 3 3 0 2 
0.0000125000 0 2 0 1 3 3 0 3 
0.0000286875 0 2 0 1 3 3 2 2 
0.0000501875 0 2 0 2 0 0 0 2 
0.0000535625 0 2 0 2 0 0 1 2 
0.0000065000 0 2 0 2 0 0 2 0 
0.0000512500 0 2 0 2 0 0 3 0 
0.0000147500 0 2 0 2 0 1 0 3 
0.0000780625 0 2 0 2 0 1 1 1 
0.0000143750 0 2 0 2 0 1 1 3 
0.0000030625 0 2 0 2 0 1 2 1 
0.0000125000 0 2 0 2 0 1 2 3 
0.0000200625 0 2 0 2 0 1 3 1 
0.0000501875 0 2 0 2 0 2 0 0 
0.0001822500 0 2 0 2 0 2 0 2 
0.0000535625 0 2 0 2 0 2 1 0 
0.0000501875 0 2 0 2 0 2 2 2 
0.0000147500 0 2 0 2 0 3 0 1 
0.0000143750 0 2 0 2 0 3 1 1 
0.0000125000 0 2 0 2 0 3 2 1 
0.0000535625 0 2 0 2 1 0 0 2 
0.0000105625 0 2 0 2 1 0 1 0 
0.0000078125 0 2 0 2 1 0 1 2 
0.0001474375 0 2 0 2 1 0 2 0 
0.0000125000 0 2 0 2 1 0 3 2 
0.0000780625 0 2 0 2 1 1 0 1 
0.0000143750 0 2 0 2 1 1 0 3 
0.0000286875 0 2 0 2 1 1 2 1 
0.0000533125 0 2 0 2 1 1 3 3 
0.0000535625 0 2 0 2 1 2 0 0 
0.0000078125 0 2 0 2 1 2 1 0 
0.0000854375 0 2 0 2 1 2 1 2 
0.0000535625 0 2 0 2 1 2 2 2 
0.0000125000 0 2 0 2 1 2 3 0 
0.0000147500 0 2 0 2 1 2 3 2 
0.0000143750 0 2 0 2 1 3 0 1 
0.0000081875 0 2 0 2 1 3 1 3 
0.0000533125 0 2 0 2 1 3 3 1 
0.0000065000 0 2 0 2 2 0 0 0 
0.0001474375 0 2 0 2 2 0 1 0 
0.0000065000 0 2 0 2 2 0 2 2 
0.0000512500 0 2 0 2 2 0 3 2 
0.0000030625 0 2 0 2 2 1 0 1 
0.0000125000 0 2 0 2 2 1 0 3 
0.0000286875 0 2 0 2 2 1 1 1 
0.0000462500 0 2 0 2 2 1 2 1 
0.0000501875 0 2 0 2 2 2 0 2 
0.0000535625 0 2 0 2 2 2 1 2 
0.0000065000 0 2 0 2 2 2 2 0 
0.0000512500 0 2 0 2 2 2 3 0 
0.0000125000 0 2 0 2 2 3 0 1 
0.0000452500 0 2 0 2 2 3 3 3 
0.0000512500 0 2 0 2 3 0 0 0 
0.0000125000 0 2 0 2 3 0 1 2 
0.0000512500 0 2 0 2 3 0 2 2 
0.0000200625 0 2 0 2 3 1 0 1 
0.0000533125 0 2 0 2 3 1 1 3 
0.0000728125 0 2 0 2 3 1 3 1 
0.0001210625 0 2 0 2 3 1 3 3 
0.0000125000 0 2 0 2 3 2 1 0 
0.0000147500 0 2 0 2 3 2 1 2 
0.0000512500 0 2 0 2 3 2 2 0 
0.0000106250 0 2 0 2 3 2 3 2 
0.0000533125 0 2 0 2 3 3 1 1 
0.0000452500 0 2 0 2 3 3 2 3 
0.0001210625 0 2 0 2 3 3 3 1 
0.0000501875 0 2 0 3 0 0 0 3 
0.0000125000 0 2 0 3 0 0 1 0 
0.0000535625 0 2 0 3 0 0 1 3 
0.0000512500 0 2 0 3 0 0 2 0 
0.0000125000 0 2 0 3 0 1 1 1 
0.0000512500 0 2 0 3 0 1 2 1 
0.0000780625 0 2 0 3 0 1 3 2 
0.0001822500 0 2 0 3 0 2 0 3 
0.0000147500 0 2 0 3 0 2 1 0 
0.0000501875 0 2 0 3 0 2 2 3 
0.0000106250 0 2 0 3 0 2 3 0 
0.0000854375 0 2 0 3 0 3 0 2 
0.0000572500 0 2 0 3 0 3 1 2 
0.0000286875 0 2 0 3 0 3 2 1 
0.0000078125 0 2 0 3 0 3 2 2 
0.0000143750 0 2 0 3 0 3 3 2 
0.0000125000 0 2 0 3 1 0 0 0 
0.0000535625 0 2 0 3 1 0 0 3 
0.0000078125 0 2 0 3 1 0 1 3 
0.0000125000 0 2 0 3 1 0 3 3 
0.0000125000 0 2 0 3 1 1 0 1 
0.0000452500 0 2 0 3 1 1 2 2 
0.0000147500 0 2 0 3 1 2 0 0 
0.0000143750 0 2 0 3 1 2 1 0 
0.0000854375 0 2 0 3 1 2 1 3 
0.0000125000 0 2 0 3 1 2 2 0 
0.0000535625 0 2 0 3 1 2 2 3 
0.0000147500 0 2 0 3 1 2 3 3 
0.0000572500 0 2 0 3 1 3 0 2 
0.0000288750 0 2 0 3 1 3 2 2 
0.0000452500 0 2 0 3 1 3 3 1 
0.0000512500 0 2 0 3 2 0 0 0 
0.0000065000 0 2 0 3 2 0 2 3 
0.0000512500 0 2 0 3 2 0 3 3 
0.0000512500 0 2 0 3 2 1 0 1 
0.0000452500 0 2 0 3 2 1 1 2 
0.0000521875 0 2 0 3 2 1 2 2 
0.0000286875 0 2 0 3 2 1 3 2 
0.0000501875 0 2 0 3 2 2 0 3 
0.0000125000 0 2 0 3 2 2 1 0 
0.0000535625 0 2 0 3 2 2 1 3 
0.0000512500 0 2 0 3 2 2 2 0 
0.0000286875 0 2 0 3 2 3 0 1 
0.0000078125 0 2 0 3 2 3 0 2 
0.0000288750 0 2 0 3 2 3 1 2 
0.0000105625 0 2 0 3 2 3 2 2 
0.0000521875 0 2 0 3 2 3 3 1 
0.0000125000 0 2 0 3 3 0 1 3 
0.0000512500 0 2 0 3 3 0 2 3 
0.0000194375 0 2 0 3 3 0 3 0 
0.0000780625 0 2 0 3 3 1 0 2 
0.0000286875 0 2 0 3 3 1 2 2 
0.0000194375 0 2 0 3 3 1 3 1 
0.0000106250 0 2 0 3 3 2 0 0 
0.0000147500 0 2 0 3 3 2 1 3 
0.0000106250 0 2 0 3 3 2 3 3 
0.0000143750 0 2 0 3 3 3 0 2 
0.0000452500 0 2 0 3 3 3 1 1 
0.0000521875 0 2 0 3 3 3 2 1 
0.0000286875 0 2 0 3 3 3 3 1 
0.0000533125 0 2 0 3 3 3 3 2 
0.0000535625 0 2 1 0 0 0 0 0 
0.0000078125 0 2 1 0 0 0 0 1 
0.0000125000 0 2 1 0 0 0 0 3 
0.0000501875 0 2 1 0 0 0 1 0 
0.0000535625 0 2 1 0 0 0 1 1 
0.0000106250 0 2 1 0 0 1 2 0 
0.0000221250 0 2 1 0 0 1 3 0 
0.0000030625 0 2 1 0 0 1 3 3 
0.0000854375 0 2 1 0 0 2 0 1 
0.0000535625 0 2 1 0 0 2 0 2 
0.0000147500 0 2 1 0 0 2 0 3 
0.0001822500 0 2 1 0 0 2 1 0 
0.0000501875 0 2 1 0 0 2 1 2 
0.0000780625 0 2 1 0 0 3 2 3 
0.0000535625 0 2 1 0 0 3 3 0 
0.0000078125 0 2 1 0 0 3 3 1 
0.0000125000 0 2 1 0 0 3 3 3 
0.0000078125 0 2 1 0 1 0 0 0 
0.0000288750 0 2 1 0 1 0 0 1 
0.0000105625 0 2 1 0 1 0 0 2 
0.0000535625 0 2 1 0 1 0 1 0 
0.0000078125 0 2 1 0 1 0 1 1 
0.0000125000 0 2 1 0 1 0 1 3 
0.0000533125 0 2 1 0 1 1 2 1 
0.0001210625 0 2 1 0 1 1 2 3 
0.0000452500 0 2 1 0 1 1 3 1 
0.0000521875 0 2 1 0 1 1 3 2 
0.0000286875 0 2 1 0 1 1 3 3 
0.0000854375 0 2 1 0 1 2 0 0 
0.0000572500 0 2 1 0 1 2 0 1 
0.0000078125 0 2 1 0 1 2 0 2 
0.0000143750 0 2 1 0 1 2 0 3 
0.0000854375 0 2 1 0 1 2 1 1 
0.0000535625 0 2 1 0 1 2 1 2 
0.0000147500 0 2 1 0 1 2 1 3 
0.0000452500 0 2 1 0 1 3 2 2 
0.0000078125 0 2 1 0 1 3 3 0 
0.0000288750 0 2 1 0 1 3 3 1 
0.0000105625 0 2 1 0 1 3 3 2 
0.0000105625 0 2 1 0 2 0 0 1 
0.0001474375 0 2 1 0 2 0 0 2 
0.0000065000 0 2 1 0 2 0 1 2 
0.0000512500 0 2 1 0 2 0 1 3 
0.0000194375 0 2 1 0 2 1 2 3 
0.0000521875 0 2 1 0 2 1 3 1 
0.0000901250 0 2 1 0 2 1 3 2 
0.0000462500 0 2 1 0 2 1 3 3 
0.0000535625 0 2 1 0 2 2 0 0 
0.0000078125 0 2 1 0 2 2 0 1 
0.0000125000 0 2 1 0 2 2 0 3 
0.0000501875 0 2 1 0 2 2 1 0 
0.0000535625 0 2 1 0 2 2 1 1 
0.0000452500 0 2 1 0 2 3 2 1 
0.0000521875 0 2 1 0 2 3 2 2 
0.0000286875 0 2 1 0 2 3 2 3 
0.0000105625 0 2 1 0 2 3 3 1 
0.0001474375 0 2 1 0 2 3 3 2 
0.0000125000 0 2 1 0 3 0 0 0 
0.0000125000 0 2 1 0 3 0 1 1 
0.0000512500 0 2 1 0 3 0 1 2 
0.0001210625 0 2 1 0 3 1 2 1 
0.0000194375 0 2 1 0 3 1 2 2 
0.0000030625 0 2 1 0 3 1 3 0 
0.0000286875 0 2 1 0 3 1 3 1 
0.0000462500 0 2 1 0 3 1 3 2 
0.0000147500 0 2 1 0 3 2 0 0 
0.0000143750 0 2 1 0 3 2 0 1 
0.0000125000 0 2 1 0 3 2 0 2 
0.0000147500 0 2 1 0 3 2 1 1 
0.0000106250 0 2 1 0 3 2 1 3 
0.0000780625 0 2 1 0 3 3 2 0 
0.0000286875 0 2 1 0 3 3 2 2 
0.0000125000 0 2 1 0 3 3 3 0 
0.0000078125 0 2 1 1 0 0 0 0 
0.0000535625 0 2 1 1 0 0 0 1 
0.0000535625 0 2 1 1 0 0 1 0 
0.0000501875 0 2 1 1 0 0 1 1 
0.0000030625 0 2 1 1 0 0 2 2 
0.0000512500 0 2 1 1 0 0 2 3 
0.0000512500 0 2 1 1 0 0 3 2 
0.0000106250 0 2 1 1 0 1 1 2 
0.0000221250 0 2 1 1 0 1 1 3 
0.0000106250 0 2 1 1 0 1 2 1 
0.0000221250 0 2 1 1 0 1 3 1 
0.0000854375 0 2 1 1 0 2 0 0 
0.0001822500 0 2 1 1 0 2 1 1 
0.0000398125 0 2 1 1 0 2 3 3 
0.0000078125 0 2 1 1 0 3 0 3 
0.0000535625 0 2 1 1 0 3 1 3 
0.0000078125 0 2 1 1 0 3 3 0 
0.0000535625 0 2 1 1 0 3 3 1 
0.0000288750 0 2 1 1 1 0 0 0 
0.0000078125 0 2 1 1 1 0 0 1 
0.0000078125 0 2 1 1 1 0 1 0 
0.0000535625 0 2 1 1 1 0 1 1 
0.0000286875 0 2 1 1 1 0 2 2 
0.0000533125 0 2 1 1 1 1 0 2 
0.0000452500 0 2 1 1 1 1 0 3 
0.0000533125 0 2 1 1 1 1 2 0 
0.0000452500 0 2 1 1 1 1 3 0 
0.0000572500 0 2 1 1 1 2 0 0 
0.0000854375 0 2 1 1 1 2 0 1 
0.0000854375 0 2 1 1 1 2 1 0 
0.0000780625 0 2 1 1 1 2 2 2 
0.0000125000 0 2 1 1 1 2 2 3 
0.0000125000 0 2 1 1 1 2 3 2 
0.0000286875 0 2 1 1 1 2 3 3 
0.0000288750 0 2 1 1 1 3 0 3 
0.0000078125 0 2 1 1 1 3 1 3 
0.0000288750 0 2 1 1 1 3 3 0 
0.0000078125 0 2 1 1 1 3 3 1 
0.0000105625 0 2 1 1 2 0 0 0 
0.0000462500 0 2 1 1 2 0 2 2 
0.0000538125 0 2 1 1 2 0 3 3 
0.0000521875 0 2 1 1 2 1 0 3 
0.0000521875 0 2 1 1 2 1 3 0 
0.0000078125 0 2 1 1 2 2 0 0 
0.0000535625 0 2 1 1 2 2 0 1 
0.0000535625 0 2 1 1 2 2 1 0 
0.0000501875 0 2 1 1 2 2 1 1 
0.0000030625 0 2 1 1 2 2 2 2 
0.0000512500 0 2 1 1 2 2 2 3 
0.0000512500 0 2 1 1 2 2 3 2 
0.0000452500 0 2 1 1 2 3 0 2 
0.0000105625 0 2 1 1 2 3 0 3 
0.0000452500 0 2 1 1 2 3 2 0 
0.0000105625 0 2 1 1 2 3 3 0 
0.0000125000 0 2 1 1 3 0 0 1 
0.0000125000 0 2 1 1 3 0 1 0 
0.0000901250 0 2 1 1 3 0 3 3 
0.0001210625 0 2 1 1 3 1 0 2 
0.0000286875 0 2 1 1 3 1 0 3 
0.0000030625 0 2 1 1 3 1 1 3 
0.0001210625 0 2 1 1 3 1 2 0 
0.0000286875 0 2 1 1 3 1 3 0 
0.0000030625 0 2 1 1 3 1 3 1 
0.0000143750 0 2 1 1 3 2 0 0 
0.0000147500 0 2 1 1 3 2 0 1 
0.0000147500 0 2 1 1 3 2 1 0 
0.0000200625 0 2 1 1 3 2 2 2 
0.0000780625 0 2 1 1 3 3 1 2 
0.0000125000 0 2 1 1 3 3 1 3 
0.0000780625 0 2 1 1 3 3 2 1 
0.0000125000 0 2 1 1 3 3 3 1 
0.0000535625 0 2 1 2 0 0 0 2 
0.0000501875 0 2 1 2 0 0 1 2 
0.0000780625 0 2 1 2 0 1 0 1 
0.0000143750 0 2 1 2 0 1 0 3 
0.0000147500 0 2 1 2 0 1 1 3 
0.0000106250 0 2 1 2 0 1 2 2 
0.0000221250 0 2 1 2 0 1 3 2 
0.0000535625 0 2 1 2 0 2 0 0 
0.0000501875 0 2 1 2 0 2 1 0 
0.0001822500 0 2 1 2 0 2 1 2 
0.0000106250 0 2 1 2 0 2 2 1 
0.0000221250 0 2 1 2 0 2 3 1 
0.0000535625 0 2 1 2 0 2 3 3 
0.0000143750 0 2 1 2 0 3 0 1 
0.0000147500 0 2 1 2 0 3 1 1 
0.0000535625 0 2 1 2 0 3 3 2 
0.0000105625 0 2 1 2 1 0 0 0 
0.0000078125 0 2 1 2 1 0 0 2 
0.0000535625 0 2 1 2 1 0 1 2 
0.0000452500 0 2 1 2 1 0 2 3 
0.0000521875 0 2 1 2 1 0 3 1 
0.0000105625 0 2 1 2 1 0 3 3 
0.0000780625 0 2 1 2 1 1 1 1 
0.0000143750 0 2 1 2 1 1 1 3 
0.0000521875 0 2 1 2 1 1 3 0 
0.0000078125 0 2 1 2 1 2 0 0 
0.0000854375 0 2 1 2 1 2 0 2 
0.0000535625 0 2 1 2 1 2 1 0 
0.0000078125 0 2 1 2 1 2 3 3 
0.0000081875 0 2 1 2 1 3 0 3 
0.0000143750 0 2 1 2 1 3 1 1 
0.0000452500 0 2 1 2 1 3 2 0 
0.0000105625 0 2 1 2 1 3 3 0 
0.0000078125 0 2 1 2 1 3 3 2 
0.0001474375 0 2 1 2 2 0 0 0 
0.0000065000 0 2 1 2 2 0 1 0 
0.0000521875 0 2 1 2 2 0 2 3 
0.0000901250 0 2 1 2 2 0 3 1 
0.0001474375 0 2 1 2 2 0 3 3 
0.0000286875 0 2 1 2 2 1 0 1 
0.0000030625 0 2 1 2 2 1 1 1 
0.0000125000 0 2 1 2 2 1 1 3 
0.0000901250 0 2 1 2 2 1 3 0 
0.0000535625 0 2 1 2 2 2 0 2 
0.0000501875 0 2 1 2 2 2 1 2 
0.0000125000 0 2 1 2 2 3 1 1 
0.0000521875 0 2 1 2 2 3 2 0 
0.0001474375 0 2 1 2 2 3 3 0 
0.0000125000 0 2 1 2 3 0 0 2 
0.0000512500 0 2 1 2 3 0 1 0 
0.0000194375 0 2 1 2 3 0 2 1 
0.0000286875 0 2 1 2 3 0 2 3 
0.0000462500 0 2 1 2 3 0 3 1 
0.0000533125 0 2 1 2 3 1 0 3 
0.0000200625 0 2 1 2 3 1 1 1 
0.0000194375 0 2 1 2 3 1 2 0 
0.0000462500 0 2 1 2 3 1 3 0 
0.0000030625 0 2 1 2 3 1 3 2 
0.0000125000 0 2 1 2 3 2 0 0 
0.0000147500 0 2 1 2 3 2 0 2 
0.0000780625 0 2 1 2 3 2 2 3 
0.0000030625 0 2 1 2 3 2 3 1 
0.0000125000 0 2 1 2 3 2 3 3 
0.0000533125 0 2 1 2 3 3 0 1 
0.0000286875 0 2 1 2 3 3 2 0 
0.0000780625 0 2 1 2 3 3 2 2 
0.0000125000 0 2 1 2 3 3 3 2 
0.0000125000 0 2 1 3 0 0 0 0 
0.0000535625 0 2 1 3 0 0 0 3 
0.0000501875 0 2 1 3 0 0 1 3 
0.0000125000 0 2 1 3 0 0 2 2 
0.0000065000 0 2 1 3 0 0 3 1 
0.0000286875 0 2 1 3 0 0 3 2 
0.0000125000 0 2 1 3 0 1 0 1 
0.0000106250 0 2 1 3 0 1 2 3 
0.0000030625 0 2 1 3 0 1 3 0 
0.0000221250 0 2 1 3 0 1 3 3 
0.0000147500 0 2 1 3 0 2 0 0 
0.0001822500 0 2 1 3 0 2 1 3 
0.0000221250 0 2 1 3 0 2 2 1 
0.0000147500 0 2 1 3 0 2 2 2 
0.0000572500 0 2 1 3 0 3 0 2 
0.0000854375 0 2 1 3 0 3 1 2 
0.0000780625 0 2 1 3 0 3 2 0 
0.0000125000 0 2 1 3 0 3 3 0 
0.0000535625 0 2 1 3 0 3 3 3 
0.0000078125 0 2 1 3 1 0 0 3 
0.0000125000 0 2 1 3 1 0 1 0 
0.0000535625 0 2 1 3 1 0 1 3 
0.0000521875 0 2 1 3 1 0 2 1 
0.0001474375 0 2 1 3 1 0 3 1 
0.0000125000 0 2 1 3 1 1 1 1 
0.0001210625 0 2 1 3 1 1 2 0 
0.0000286875 0 2 1 3 1 1 3 0 
0.0000143750 0 2 1 3 1 2 0 0 
0.0000854375 0 2 1 3 1 2 0 3 
0.0000147500 0 2 1 3 1 2 1 0 
0.0000143750 0 2 1 3 1 2 2 2 
0.0000572500 0 2 1 3 1 3 1 2 
0.0000078125 0 2 1 3 1 3 3 3 
0.0000512500 0 2 1 3 2 0 1 0 
0.0000901250 0 2 1 3 2 0 2 1 
0.0000452500 0 2 1 3 2 1 0 2 
0.0000512500 0 2 1 3 2 1 1 1 
0.0000194375 0 2 1 3 2 1 2 0 
0.0000462500 0 2 1 3 2 1 3 0 
0.0000125000 0 2 1 3 2 2 0 0 
0.0000535625 0 2 1 3 2 2 0 3 
0.0000501875 0 2 1 3 2 2 1 3 
0.0000125000 0 2 1 3 2 2 2 2 
0.0000065000 0 2 1 3 2 2 3 1 
0.0000286875 0 2 1 3 2 2 3 2 
0.0000288750 0 2 1 3 2 3 0 2 
0.0000286875 0 2 1 3 2 3 1 1 
0.0000078125 0 2 1 3 2 3 1 2 
0.0000286875 0 2 1 3 2 3 2 0 
0.0000125000 0 2 1 3 3 0 0 3 
0.0000462500 0 2 1 3 3 0 2 1 
0.0000521875 0 2 1 3 3 0 3 2 
0.0000780625 0 2 1 3 3 1 1 2 
0.0000030625 0 2 1 3 3 1 3 3 
0.0000147500 0 2 1 3 3 2 0 3 
0.0000106250 0 2 1 3 3 2 1 0 
0.0000030625 0 2 1 3 3 2 2 1 
0.0000512500 0 2 1 3 3 2 3 1 
0.0000452500 0 2 1 3 3 3 0 1 
0.0000143750 0 2 1 3 3 3 1 2 
0.0000780625 0 2 1 3 3 3 2 3 
0.0000125000 0 2 1 3 3 3 3 3 
0.0000065000 0 2 2 0 0 0 0 2 
0.0000512500 0 2 2 0 0 0 0 3 
0.0000501875 0 2 2 0 0 0 2 0 
0.0000535625 0 2 2 0 0 0 2 1 
0.0000780625 0 2 2 0 0 1 1 1 
0.0000030625 0 2 2 0 0 1 1 2 
0.0000200625 0 2 2 0 0 1 1 3 
0.0000147500 0 2 2 0 0 1 3 0 
0.0000143750 0 2 2 0 0 1 3 1 
0.0000125000 0 2 2 0 0 1 3 2 
0.0000501875 0 2 2 0 0 2 0 0 
0.0000535625 0 2 2 0 0 2 0 1 
0.0001822500 0 2 2 0 0 2 2 0 
0.0000501875 0 2 2 0 0 2 2 2 
0.0000147500 0 2 2 0 0 3 1 0 
0.0000143750 0 2 2 0 0 3 1 1 
0.0000125000 0 2 2 0 0 3 1 2 
0.0000105625 0 2 2 0 1 0 0 1 
0.0001474375 0 2 2 0 1 0 0 2 
0.0000535625 0 2 2 0 1 0 2 0 
0.0000078125 0 2 2 0 1 0 2 1 
0.0000125000 0 2 2 0 1 0 2 3 
0.0000780625 0 2 2 0 1 1 1 0 
0.0000286875 0 2 2 0 1 1 1 2 
0.0000143750 0 2 2 0 1 1 3 0 
0.0000533125 0 2 2 0 1 1 3 3 
0.0000535625 0 2 2 0 1 2 0 0 
0.0000078125 0 2 2 0 1 2 0 1 
0.0000125000 0 2 2 0 1 2 0 3 
0.0000854375 0 2 2 0 1 2 2 1 
0.0000535625 0 2 2 0 1 2 2 2 
0.0000147500 0 2 2 0 1 2 2 3 
0.0000143750 0 2 2 0 1 3 1 0 
0.0000533125 0 2 2 0 1 3 1 3 
0.0000081875 0 2 2 0 1 3 3 1 
0.0000065000 0 2 2 0 2 0 0 0 
0.0001474375 0 2 2 0 2 0 0 1 
0.0000065000 0 2 2 0 2 0 2 2 
0.0000512500 0 2 2 0 2 0 2 3 
0.0000030625 0 2 2 0 2 1 1 0 
0.0000286875 0 2 2 0 2 1 1 1 
0.0000462500 0 2 2 0 2 1 1 2 
0.0000125000 0 2 2 0 2 1 3 0 
0.0000065000 0 2 2 0 2 2 0 2 
0.0000512500 0 2 2 0 2 2 0 3 
0.0000501875 0 2 2 0 2 2 2 0 
0.0000535625 0 2 2 0 2 2 2 1 
0.0000125000 0 2 2 0 2 3 1 0 
0.0000452500 0 2 2 0 2 3 3 3 
0.0000512500 0 2 2 0 3 0 0 0 
0.0000125000 0 2 2 0 3 0 2 1 
0.0000512500 0 2 2 0 3 0 2 2 
0.0000200625 0 2 2 0 3 1 1 0 
0.0000728125 0 2 2 0 3 1 1 3 
0.0000533125 0 2 2 0 3 1 3 1 
0.0001210625 0 2 2 0 3 1 3 3 
0.0000125000 0 2 2 0 3 2 0 1 
0.0000512500 0 2 2 0 3 2 0 2 
0.0000147500 0 2 2 0 3 2 2 1 
0.0000106250 0 2 2 0 3 2 2 3 
0.0000533125 0 2 2 0 3 3 1 1 
0.0001210625 0 2 2 0 3 3 1 3 
0.0000452500 0 2 2 0 3 3 3 2 
0.0000535625 0 2 2 1 0 0 2 0 
0.0000501875 0 2 2 1 0 0 2 1 
0.0000780625 0 2 2 1 0 1 1 0 
0.0000106250 0 2 2 1 0 1 2 2 
0.0000221250 0 2 2 1 0 1 2 3 
0.0000143750 0 2 2 1 0 1 3 0 
0.0000147500 0 2 2 1 0 1 3 1 
0.0000535625 0 2 2 1 0 2 0 0 
0.0000501875 0 2 2 1 0 2 0 1 
0.0000106250 0 2 2 1 0 2 1 2 
0.0000221250 0 2 2 1 0 2 1 3 
0.0001822500 0 2 2 1 0 2 2 1 
0.0000535625 0 2 2 1 0 2 3 3 
0.0000143750 0 2 2 1 0 3 1 0 
0.0000147500 0 2 2 1 0 3 1 1 
0.0000535625 0 2 2 1 0 3 2 3 
0.0000105625 0 2 2 1 1 0 0 0 
0.0000521875 0 2 2 1 1 0 1 3 
0.0000078125 0 2 2 1 1 0 2 0 
0.0000535625 0 2 2 1 1 0 2 1 
0.0000452500 0 2 2 1 1 0 3 2 
0.0000105625 0 2 2 1 1 0 3 3 
0.0000521875 0 2 2 1 1 1 0 3 
0.0000780625 0 2 2 1 1 1 1 1 
0.0000143750 0 2 2 1 1 1 3 1 
0.0000078125 0 2 2 1 1 2 0 0 
0.0000535625 0 2 2 1 1 2 0 1 
0.0000854375 0 2 2 1 1 2 2 0 
0.0000078125 0 2 2 1 1 2 3 3 
0.0000452500 0 2 2 1 1 3 0 2 
0.0000105625 0 2 2 1 1 3 0 3 
0.0000143750 0 2 2 1 1 3 1 1 
0.0000078125 0 2 2 1 1 3 2 3 
0.0000081875 0 2 2 1 1 3 3 0 
0.0001474375 0 2 2 1 2 0 0 0 
0.0000065000 0 2 2 1 2 0 0 1 
0.0000901250 0 2 2 1 2 0 1 3 
0.0000521875 0 2 2 1 2 0 3 2 
0.0001474375 0 2 2 1 2 0 3 3 
0.0000901250 0 2 2 1 2 1 0 3 
0.0000286875 0 2 2 1 2 1 1 0 
0.0000030625 0 2 2 1 2 1 1 1 
0.0000125000 0 2 2 1 2 1 3 1 
0.0000535625 0 2 2 1 2 2 2 0 
0.0000501875 0 2 2 1 2 2 2 1 
0.0000521875 0 2 2 1 2 3 0 2 
0.0001474375 0 2 2 1 2 3 0 3 
0.0000125000 0 2 2 1 2 3 1 1 
0.0000512500 0 2 2 1 3 0 0 1 
0.0000194375 0 2 2 1 3 0 1 2 
0.0000462500 0 2 2 1 3 0 1 3 
0.0000125000 0 2 2 1 3 0 2 0 
0.0000286875 0 2 2 1 3 0 3 2 
0.0000194375 0 2 2 1 3 1 0 2 
0.0000462500 0 2 2 1 3 1 0 3 
0.0000200625 0 2 2 1 3 1 1 1 
0.0000030625 0 2 2 1 3 1 2 3 
0.0000533125 0 2 2 1 3 1 3 0 
0.0000125000 0 2 2 1 3 2 0 0 
0.0000030625 0 2 2 1 3 2 1 3 
0.0000147500 0 2 2 1 3 2 2 0 
0.0000780625 0 2 2 1 3 2 3 2 
0.0000125000 0 2 2 1 3 2 3 3 
0.0000286875 0 2 2 1 3 3 0 2 
0.0000533125 0 2 2 1 3 3 1 0 
0.0000780625 0 2 2 1 3 3 2 2 
0.0000125000 0 2 2 1 3 3 2 3 
0.0000065000 0 2 2 2 0 0 0 0 
0.0000030625 0 2 2 2 0 0 1 1 
0.0000125000 0 2 2 2 0 0 1 3 
0.0000501875 0 2 2 2 0 0 2 2 
0.0000125000 0 2 2 2 0 0 3 1 
0.0000030625 0 2 2 2 0 1 0 1 
0.0000125000 0 2 2 2 0 1 0 3 
0.0000030625 0 2 2 2 0 1 1 0 
0.0000147500 0 2 2 2 0 1 2 3 
0.0000125000 0 2 2 2 0 1 3 0 
0.0000147500 0 2 2 2 0 1 3 2 
0.0000501875 0 2 2 2 0 2 0 2 
0.0000147500 0 2 2 2 0 2 1 3 
0.0000501875 0 2 2 2 0 2 2 0 
0.0001822500 0 2 2 2 0 2 2 2 
0.0000147500 0 2 2 2 0 2 3 1 
0.0000125000 0 2 2 2 0 3 0 1 
0.0000125000 0 2 2 2 0 3 1 0 
0.0000147500 0 2 2 2 0 3 1 2 
0.0000147500 0 2 2 2 0 3 2 1 
0.0001474375 0 2 2 2 1 0 0 0 
0.0000286875 0 2 2 2 1 0 1 1 
0.0000535625 0 2 2 2 1 0 2 2 
0.0000286875 0 2 2 2 1 1 0 1 
0.0000286875 0 2 2 2 1 1 1 0 
0.0000780625 0 2 2 2 1 1 1 2 
0.0000780625 0 2 2 2 1 1 2 1 
0.0000143750 0 2 2 2 1 1 2 3 
0.0000143750 0 2 2 2 1 1 3 2 
0.0000535625 0 2 2 2 1 2 0 2 
0.0000780625 0 2 2 2 1 2 1 1 
0.0000143750 0 2 2 2 1 2 1 3 
0.0000535625 0 2 2 2 1 2 2 0 
0.0000143750 0 2 2 2 1 2 3 1 
0.0000143750 0 2 2 2 1 3 1 2 
0.0000143750 0 2 2 2 1 3 2 1 
0.0000065000 0 2 2 2 2 0 0 2 
0.0000462500 0 2 2 2 2 0 1 1 
0.0000065000 0 2 2 2 2 0 2 0 
0.0000462500 0 2 2 2 2 1 0 1 
0.0000462500 0 2 2 2 2 1 1 0 
0.0000030625 0 2 2 2 2 1 1 2 
0.0000030625 0 2 2 2 2 1 2 1 
0.0000125000 0 2 2 2 2 1 2 3 
0.0000125000 0 2 2 2 2 1 3 2 
0.0000065000 0 2 2 2 2 2 0 0 
0.0000030625 0 2 2 2 2 2 1 1 
0.0000125000 0 2 2 2 2 2 1 3 
0.0000501875 0 2 2 2 2 2 2 2 
0.0000125000 0 2 2 2 2 2 3 1 
0.0000125000 0 2 2 2 2 3 1 2 
0.0000125000 0 2 2 2 2 3 2 1 
0.0000512500 0 2 2 2 3 0 0 2 
0.0000512500 0 2 2 2 3 0 2 0 
0.0000452500 0 2 2 2 3 0 3 3 
0.0000200625 0 2 2 2 3 1 1 2 
0.0000200625 0 2 2 2 3 1 2 1 
0.0000512500 0 2 2 2 3 2 0 0 
0.0000200625 0 2 2 2 3 2 1 1 
0.0000452500 0 2 2 2 3 3 0 3 
0.0000452500 0 2 2 2 3 3 3 0 
0.0000512500 0 2 2 3 0 0 0 0 
0.0000512500 0 2 2 3 0 0 1 1 
0.0000501875 0 2 2 3 0 0 2 3 
0.0000286875 0 2 2 3 0 0 3 1 
0.0000078125 0 2 2 3 0 0 3 2 
0.0000512500 0 2 2 3 0 1 0 1 
0.0000200625 0 2 2 3 0 1 1 0 
0.0000147500 0 2 2 3 0 1 3 3 
0.0000501875 0 2 2 3 0 2 0 3 
0.0001822500 0 2 2 3 0 2 2 3 
0.0000854375 0 2 2 3 0 2 3 2 
0.0000286875 0 2 2 3 0 3 0 1 
0.0000078125 0 2 2 3 0 3 0 2 
0.0000147500 0 2 2 3 0 3 1 3 
0.0000854375 0 2 2 3 0 3 2 2 
0.0000452500 0 2 2 3 1 0 1 2 
0.0000125000 0 2 2 3 1 0 2 0 
0.0000535625 0 2 2 3 1 0 2 3 
0.0000288750 0 2 2 3 1 0 3 2 
0.0000452500 0 2 2 3 1 1 0 2 
0.0000780625 0 2 2 3 1 1 1 3 
0.0000125000 0 2 2 3 1 1 2 1 
0.0000533125 0 2 2 3 1 1 3 0 
0.0000143750 0 2 2 3 1 1 3 3 
0.0000125000 0 2 2 3 1 2 0 0 
0.0000535625 0 2 2 3 1 2 0 3 
0.0000125000 0 2 2 3 1 2 1 1 
0.0000147500 0 2 2 3 1 2 2 0 
0.0000572500 0 2 2 3 1 2 3 2 
0.0000288750 0 2 2 3 1 3 0 2 
0.0000533125 0 2 2 3 1 3 1 0 
0.0000143750 0 2 2 3 1 3 1 3 
0.0000572500 0 2 2 3 1 3 2 2 
0.0000065000 0 2 2 3 2 0 0 3 
0.0000521875 0 2 2 3 2 0 1 2 
0.0000512500 0 2 2 3 2 0 2 0 
0.0000105625 0 2 2 3 2 0 3 2 
0.0000521875 0 2 2 3 2 1 0 2 
0.0000030625 0 2 2 3 2 1 1 3 
0.0000512500 0 2 2 3 2 1 2 1 
0.0000125000 0 2 2 3 2 1 3 3 
0.0000512500 0 2 2 3 2 2 0 0 
0.0000512500 0 2 2 3 2 2 1 1 
0.0000501875 0 2 2 3 2 2 2 3 
0.0000286875 0 2 2 3 2 2 3 1 
0.0000078125 0 2 2 3 2 2 3 2 
0.0000105625 0 2 2 3 2 3 0 2 
0.0000125000 0 2 2 3 2 3 1 3 
0.0000286875 0 2 2 3 2 3 2 1 
0.0000078125 0 2 2 3 2 3 2 2 
0.0000452500 0 2 2 3 2 3 3 0 
0.0000512500 0 2 2 3 3 0 0 3 
0.0000286875 0 2 2 3 3 0 1 2 
0.0000521875 0 2 2 3 3 0 3 1 
0.0000286875 0 2 2 3 3 1 0 2 
0.0000728125 0 2 2 3 3 1 1 0 
0.0000200625 0 2 2 3 3 1 1 3 
0.0000780625 0 2 2 3 3 1 2 2 
0.0001210625 0 2 2 3 3 1 3 0 
0.0000780625 0 2 2 3 3 2 1 2 
0.0000106250 0 2 2 3 3 2 2 0 
0.0000143750 0 2 2 3 3 2 3 2 
0.0000521875 0 2 2 3 3 3 0 1 
0.0001210625 0 2 2 3 3 3 1 0 
0.0000143750 0 2 2 3 3 3 2 2 
0.0000125000 0 2 3 0 0 0 0 1 
0.0000512500 0 2 3 0 0 0 0 2 
0.0000501875 0 2 3 0 0 0 3 0 
0.0000535625 0 2 3 0 0 0 3 1 
0.0000125000 0 2 3 0 0 1 1 1 
0.0000512500 0 2 3 0 0 1 1 2 
0.0000780625 0 2 3 0 0 1 2 3 
0.0000147500 0 2 3 0 0 2 0 1 
0.0000106250 0 2 3 0 0 2 0 3 
0.0001822500 0 2 3 0 0 2 3 0 
0.0000501875 0 2 3 0 0 2 3 2 
0.0000286875 0 2 3 0 0 3 1 2 
0.0000854375 0 2 3 0 0 3 2 0 
0.0000572500 0 2 3 0 0 3 2 1 
0.0000078125 0 2 3 0 0 3 2 2 
0.0000143750 0 2 3 0 0 3 2 3 
0.0000125000 0 2 3 0 1 0 0 0 
0.0000535625 0 2 3 0 1 0 3 0 
0.0000078125 0 2 3 0 1 0 3 1 
0.0000125000 0 2 3 0 1 0 3 3 
0.0000125000 0 2 3 0 1 1 1 0 
0.0000452500 0 2 3 0 1 1 2 2 
0.0000147500 0 2 3 0 1 2 0 0 
0.0000143750 0 2 3 0 1 2 0 1 
0.0000125000 0 2 3 0 1 2 0 2 
0.0000854375 0 2 3 0 1 2 3 1 
0.0000535625 0 2 3 0 1 2 3 2 
0.0000147500 0 2 3 0 1 2 3 3 
0.0000452500 0 2 3 0 1 3 1 3 
0.0000572500 0 2 3 0 1 3 2 0 
0.0000288750 0 2 3 0 1 3 2 2 
0.0000512500 0 2 3 0 2 0 0 0 
0.0000065000 0 2 3 0 2 0 3 2 
0.0000512500 0 2 3 0 2 0 3 3 
0.0000512500 0 2 3 0 2 1 1 0 
0.0000452500 0 2 3 0 2 1 2 1 
0.0000521875 0 2 3 0 2 1 2 2 
0.0000286875 0 2 3 0 2 1 2 3 
0.0000125000 0 2 3 0 2 2 0 1 
0.0000512500 0 2 3 0 2 2 0 2 
0.0000501875 0 2 3 0 2 2 3 0 
0.0000535625 0 2 3 0 2 2 3 1 
0.0000286875 0 2 3 0 2 3 1 0 
0.0000521875 0 2 3 0 2 3 1 3 
0.0000078125 0 2 3 0 2 3 2 0 
0.0000288750 0 2 3 0 2 3 2 1 
0.0000105625 0 2 3 0 2 3 2 2 
0.0000194375 0 2 3 0 3 0 0 3 
0.0000125000 0 2 3 0 3 0 3 1 
0.0000512500 0 2 3 0 3 0 3 2 
0.0000194375 0 2 3 0 3 1 1 3 
0.0000780625 0 2 3 0 3 1 2 0 
0.0000286875 0 2 3 0 3 1 2 2 
0.0000106250 0 2 3 0 3 2 0 0 
0.0000147500 0 2 3 0 3 2 3 1 
0.0000106250 0 2 3 0 3 2 3 3 
0.0000452500 0 2 3 0 3 3 1 1 
0.0000521875 0 2 3 0 3 3 1 2 
0.0000286875 0 2 3 0 3 3 1 3 
0.0000143750 0 2 3 0 3 3 2 0 
0.0000533125 0 2 3 0 3 3 2 3 
0.0000125000 0 2 3 1 0 0 0 0 
0.0000065000 0 2 3 1 0 0 1 3 
0.0000125000 0 2 3 1 0 0 2 2 
0.0000286875 0 2 3 1 0 0 2 3 
0.0000535625 0 2 3 1 0 0 3 0 
0.0000501875 0 2 3 1 0 0 3 1 
0.0000030625 0 2 3 1 0 1 0 3 
0.0000125000 0 2 3 1 0 1 1 0 
0.0000106250 0 2 3 1 0 1 3 2 
0.0000221250 0 2 3 1 0 1 3 3 
0.0000147500 0 2 3 1 0 2 0 0 
0.0000221250 0 2 3 1 0 2 1 2 
0.0000147500 0 2 3 1 0 2 2 2 
0.0001822500 0 2 3 1 0 2 3 1 
0.0000780625 0 2 3 1 0 3 0 2 
0.0000125000 0 2 3 1 0 3 0 3 
0.0000572500 0 2 3 1 0 3 2 0 
0.0000854375 0 2 3 1 0 3 2 1 
0.0000535625 0 2 3 1 0 3 3 3 
0.0000125000 0 2 3 1 1 0 0 1 
0.0000521875 0 2 3 1 1 0 1 2 
0.0001474375 0 2 3 1 1 0 1 3 
0.0000078125 0 2 3 1 1 0 3 0 
0.0000535625 0 2 3 1 1 0 3 1 
0.0001210625 0 2 3 1 1 1 0 2 
0.0000286875 0 2 3 1 1 1 0 3 
0.0000125000 0 2 3 1 1 1 1 1 
0.0000143750 0 2 3 1 1 2 0 0 
0.0000147500 0 2 3 1 1 2 0 1 
0.0000143750 0 2 3 1 1 2 2 2 
0.0000854375 0 2 3 1 1 2 3 0 
0.0000572500 0 2 3 1 1 3 2 1 
0.0000078125 0 2 3 1 1 3 3 3 
0.0000512500 0 2 3 1 2 0 0 1 
0.0000901250 0 2 3 1 2 0 1 2 
0.0000194375 0 2 3 1 2 1 0 2 
0.0000462500 0 2 3 1 2 1 0 3 
0.0000512500 0 2 3 1 2 1 1 1 
0.0000452500 0 2 3 1 2 1 2 0 
0.0000125000 0 2 3 1 2 2 0 0 
0.0000065000 0 2 3 1 2 2 1 3 
0.0000125000 0 2 3 1 2 2 2 2 
0.0000286875 0 2 3 1 2 2 2 3 
0.0000535625 0 2 3 1 2 2 3 0 
0.0000501875 0 2 3 1 2 2 3 1 
0.0000286875 0 2 3 1 2 3 0 2 
0.0000286875 0 2 3 1 2 3 1 1 
0.0000288750 0 2 3 1 2 3 2 0 
0.0000078125 0 2 3 1 2 3 2 1 
0.0000462500 0 2 3 1 3 0 1 2 
0.0000521875 0 2 3 1 3 0 2 3 
0.0000125000 0 2 3 1 3 0 3 0 
0.0000780625 0 2 3 1 3 1 2 1 
0.0000030625 0 2 3 1 3 1 3 3 
0.0000106250 0 2 3 1 3 2 0 1 
0.0000030625 0 2 3 1 3 2 1 2 
0.0000512500 0 2 3 1 3 2 1 3 
0.0000147500 0 2 3 1 3 2 3 0 
0.0000452500 0 2 3 1 3 3 1 0 
0.0000143750 0 2 3 1 3 3 2 1 
0.0000780625 0 2 3 1 3 3 3 2 
0.0000125000 0 2 3 1 3 3 3 3 
0.0000512500 0 2 3 2 0 0 0 0 
0.0000512500 0 2 3 2 0 0 1 1 
0.0000286875 0 2 3 2 0 0 1 3 
0.0000078125 0 2 3 2 0 0 2 3 
0.0000501875 0 2 3 2 0 0 3 2 
0.0000200625 0 2 3 2 0 1 0 1 
0.0000512500 0 2 3 2 0 1 1 0 
0.0000147500 0 2 3 2 0 1 3 3 
0.0000854375 0 2 3 2 0 2 2 3 
0.0000501875 0 2 3 2 0 2 3 0 
0.0001822500 0 2 3 2 0 2 3 2 
0.0000286875 0 2 3 2 0 3 1 0 
0.0000078125 0 2 3 2 0 3 2 0 
0.0000854375 0 2 3 2 0 3 2 2 
0.0000147500 0 2 3 2 0 3 3 1 
0.0000125000 0 2 3 2 1 0 0 2 
0.0000452500 0 2 3 2 1 0 2 1 
0.0000288750 0 2 3 2 1 0 2 3 
0.0000535625 0 2 3 2 1 0 3 2 
0.0000533125 0 2 3 2 1 1 0 3 
0.0000125000 0 2 3 2 1 1 1 2 
0.0000452500 0 2 3 2 1 1 2 0 
0.0000780625 0 2 3 2 1 1 3 1 
0.0000143750 0 2 3 2 1 1 3 3 
0.0000125000 0 2 3 2 1 2 0 0 
0.0000147500 0 2 3 2 1 2 0 2 
0.0000125000 0 2 3 2 1 2 1 1 
0.0000572500 0 2 3 2 1 2 2 3 
0.0000535625 0 2 3 2 1 2 3 0 
0.0000533125 0 2 3 2 1 3 0 1 
0.0000288750 0 2 3 2 1 3 2 0 
0.0000572500 0 2 3 2 1 3 2 2 
0.0000143750 0 2 3 2 1 3 3 1 
0.0000512500 0 2 3 2 2 0 0 2 
0.0000521875 0 2 3 2 2 0 2 1 
0.0000105625 0 2 3 2 2 0 2 3 
0.0000065000 0 2 3 2 2 0 3 0 
0.0000512500 0 2 3 2 2 1 1 2 
0.0000521875 0 2 3 2 2 1 2 0 
0.0000030625 0 2 3 2 2 1 3 1 
0.0000125000 0 2 3 2 2 1 3 3 
0.0000512500 0 2 3 2 2 2 0 0 
0.0000512500 0 2 3 2 2 2 1 1 
0.0000286875 0 2 3 2 2 2 1 3 
0.0000078125 0 2 3 2 2 2 2 3 
0.0000501875 0 2 3 2 2 2 3 2 
0.0000452500 0 2 3 2 2 3 0 3 
0.0000286875 0 2 3 2 2 3 1 2 
0.0000105625 0 2 3 2 2 3 2 0 
0.0000078125 0 2 3 2 2 3 2 2 
0.0000125000 0 2 3 2 2 3 3 1 
0.0000521875 0 2 3 2 3 0 1 3 
0.0000286875 0 2 3 2 3 0 2 1 
0.0000512500 0 2 3 2 3 0 3 0 
0.0000728125 0 2 3 2 3 1 0 1 
0.0001210625 0 2 3 2 3 1 0 3 
0.0000286875 0 2 3 2 3 1 2 0 
0.0000780625 0 2 3 2 3 1 2 2 
0.0000200625 0 2 3 2 3 1 3 1 
0.0000106250 0 2 3 2 3 2 0 2 
0.0000780625 0 2 3 2 3 2 2 1 
0.0000143750 0 2 3 2 3 2 2 3 
0.0001210625 0 2 3 2 3 3 0 1 
0.0000521875 0 2 3 2 3 3 1 0 
0.0000143750 0 2 3 2 3 3 2 2 
0.0000501875 0 2 3 3 0 0 3 3 
0.0000780625 0 2 3 3 0 1 0 2 
0.0000780625 0 2 3 3 0 1 2 0 
0.0000106250 0 2 3 3 0 2 0 0 
0.0000398125 0 2 3 3 0 2 1 1 
0.0000535625 0 2 3 3 0 2 1 2 
0.0000535625 0 2 3 3 0 2 2 1 
0.0001822500 0 2 3 3 0 2 3 3 
0.0000143750 0 2 3 3 0 3 0 2 
0.0000143750 0 2 3 3 0 3 2 0 
0.0000854375 0 2 3 3 0 3 2 3 
0.0000854375 0 2 3 3 0 3 3 2 
0.0000125000 0 2 3 3 1 0 0 3 
0.0000105625 0 2 3 3 1 0 1 2 
0.0000105625 0 2 3 3 1 0 2 1 
0.0000125000 0 2 3 3 1 0 3 0 
0.0000535625 0 2 3 3 1 0 3 3 
0.0000125000 0 2 3 3 1 1 1 3 
0.0000125000 0 2 3 3 1 1 3 1 
0.0000147500 0 2 3 3 1 2 0 3 
0.0000286875 0 2 3 3 1 2 1 1 
0.0000078125 0 2 3 3 1 2 1 2 
0.0000078125 0 2 3 3 1 2 2 1 
0.0000147500 0 2 3 3 1 2 3 0 
0.0000452500 0 2 3 3 1 3 0 1 
0.0000452500 0 2 3 3 1 3 1 0 
0.0000572500 0 2 3 3 1 3 2 3 
0.0000572500 0 2 3 3 1 3 3 2 
0.0000512500 0 2 3 3 2 0 0 3 
0.0000538125 0 2 3 3 2 0 1 1 
0.0001474375 0 2 3 3 2 0 1 2 
0.0001474375 0 2 3 3 2 0 2 1 
0.0000512500 0 2 3 3 2 0 3 0 
0.0000286875 0 2 3 3 2 1 0 2 
0.0000512500 0 2 3 3 2 1 1 3 
0.0000286875 0 2 3 3 2 1 2 0 
0.0000512500 0 2 3 3 2 1 3 1 
0.0000501875 0 2 3 3 2 2 3 3 
0.0000521875 0 2 3 3 2 3 0 1 
0.0000521875 0 2 3 3 2 3 1 0 
0.0000286875 0 2 3 3 2 3 1 3 
0.0000078125 0 2 3 3 2 3 2 3 
0.0000286875 0 2 3 3 2 3 3 1 
0.0000078125 0 2 3 3 2 3 3 2 
0.0000194375 0 2 3 3 3 0 0 0 
0.0000901250 0 2 3 3 3 0 1 1 
0.0000452500 0 2 3 3 3 0 2 2 
0.0000194375 0 2 3 3 3 1 0 1 
0.0000194375 0 2 3 3 3 1 1 0 
0.0000780625 0 2 3 3 3 1 2 3 
0.0000780625 0 2 3 3 3 1 3 2 
0.0000106250 0 2 3 3 3 2 0 3 
0.0000125000 0 2 3 3 3 2 1 2 
0.0000125000 0 2 3 3 3 2 2 1 
0.0000106250 0 2 3 3 3 2 3 0 
0.0000286875 0 2 3 3 3 3 0 1 
0.0000533125 0 2 3 3 3 3 0 2 
0.0000286875 0 2 3 3 3 3 1 0 
0.0000533125 0 2 3 3 3 3 2 0 
0.0000143750 0 2 3 3 3 3 2 3 
0.0000143750 0 2 3 3 3 3 3 2 
0.0000147500 0 3 0 0 0 0 0 1 
0.0000106250 0 3 0 0 0 0 0 3 
0.0000147500 0 3 0 0 0 0 1 0 
0.0000143750 0 3 0 0 0 0 1 1 
0.0000125000 0 3 0 0 0 0 1 2 
0.0000125000 0 3 0 0 0 0 2 1 
0.0000512500 0 3 0 0 0 0 2 2 
0.0000106250 0 3 0 0 0 0 3 0 
0.0001822500 0 3 0 0 0 3 0 0 
0.0000501875 0 3 0 0 0 3 0 2 
0.0000854375 0 3 0 0 0 3 1 1 
0.0000535625 0 3 0 0 0 3 1 2 
0.0000147500 0 3 0 0 0 3 1 3 
0.0000501875 0 3 0 0 0 3 2 0 
0.0000535625 0 3 0 0 0 3 2 1 
0.0000147500 0 3 0 0 0 3 3 1 
0.0000106250 0 3 0 0 0 3 3 3 
0.0000147500 0 3 0 0 1 0 0 0 
0.0000143750 0 3 0 0 1 0 0 1 
0.0000125000 0 3 0 0 1 0 0 2 
0.0000143750 0 3 0 0 1 0 1 0 
0.0000533125 0 3 0 0 1 0 1 3 
0.0000125000 0 3 0 0 1 0 2 0 
0.0000533125 0 3 0 0 1 0 3 1 
0.0001210625 0 3 0 0 1 0 3 3 
0.0000854375 0 3 0 0 1 3 0 1 
0.0000535625 0 3 0 0 1 3 0 2 
0.0000147500 0 3 0 0 1 3 0 3 
0.0000854375 0 3 0 0 1 3 1 0 
0.0000572500 0 3 0 0 1 3 1 1 
0.0000078125 0 3 0 0 1 3 1 2 
0.0000143750 0 3 0 0 1 3 1 3 
0.0000535625 0 3 0 0 1 3 2 0 
0.0000078125 0 3 0 0 1 3 2 1 
0.0000125000 0 3 0 0 1 3 2 3 
0.0000147500 0 3 0 0 1 3 3 0 
0.0000143750 0 3 0 0 1 3 3 1 
0.0000125000 0 3 0 0 1 3 3 2 
0.0000125000 0 3 0 0 2 0 0 1 
0.0000512500 0 3 0 0 2 0 0 2 
0.0000125000 0 3 0 0 2 0 1 0 
0.0000512500 0 3 0 0 2 0 2 0 
0.0000194375 0 3 0 0 2 0 3 3 
0.0000501875 0 3 0 0 2 3 0 0 
0.0000535625 0 3 0 0 2 3 0 1 
0.0000535625 0 3 0 0 2 3 1 0 
0.0000078125 0 3 0 0 2 3 1 1 
0.0000125000 0 3 0 0 2 3 1 3 
0.0000065000 0 3 0 0 2 3 2 2 
0.0000512500 0 3 0 0 2 3 2 3 
0.0000125000 0 3 0 0 2 3 3 1 
0.0000512500 0 3 0 0 2 3 3 2 
0.0000106250 0 3 0 0 3 0 0 0 
0.0000533125 0 3 0 0 3 0 1 1 
0.0001210625 0 3 0 0 3 0 1 3 
0.0000194375 0 3 0 0 3 0 2 3 
0.0001210625 0 3 0 0 3 0 3 1 
0.0000194375 0 3 0 0 3 0 3 2 
0.0000147500 0 3 0 0 3 3 0 1 
0.0000106250 0 3 0 0 3 3 0 3 
0.0000147500 0 3 0 0 3 3 1 0 
0.0000143750 0 3 0 0 3 3 1 1 
0.0000125000 0 3 0 0 3 3 1 2 
0.0000125000 0 3 0 0 3 3 2 1 
0.0000512500 0 3 0 0 3 3 2 2 
0.0000106250 0 3 0 0 3 3 3 0 
0.0000147500 0 3 0 1 0 0 0 0 
0.0000143750 0 3 0 1 0 0 1 0 
0.0000147500 0 3 0 1 0 0 1 1 
0.0000125000 0 3 0 1 0 0 2 0 
0.0000106250 0 3 0 1 0 0 3 1 
0.0000221250 0 3 0 1 0 1 0 2 
0.0000065000 0 3 0 1 0 1 2 3 
0.0000030625 0 3 0 1 0 1 3 2 
0.0000512500 0 3 0 1 0 1 3 3 
0.0000147500 0 3 0 1 0 2 0 2 
0.0000143750 0 3 0 1 0 2 1 2 
0.0000125000 0 3 0 1 0 2 2 2 
0.0000286875 0 3 0 1 0 2 2 3 
0.0001822500 0 3 0 1 0 3 0 1 
0.0000854375 0 3 0 1 0 3 1 0 
0.0000535625 0 3 0 1 0 3 2 0 
0.0000501875 0 3 0 1 0 3 2 1 
0.0000147500 0 3 0 1 0 3 3 0 
0.0000143750 0 3 0 1 1 0 0 0 
0.0000147500 0 3 0 1 1 0 0 1 
0.0000143750 0 3 0 1 1 0 1 1 
0.0000125000 0 3 0 1 1 0 2 1 
0.0000533125 0 3 0 1 1 0 3 0 
0.0000452500 0 3 0 1 1 1 1 2 
0.0000105625 0 3 0 1 1 1 1 3 
0.0000521875 0 3 0 1 1 1 2 2 
0.0001474375 0 3 0 1 1 1 2 3 
0.0000286875 0 3 0 1 1 1 3 2 
0.0000143750 0 3 0 1 1 2 0 2 
0.0000533125 0 3 0 1 1 2 3 2 
0.0000452500 0 3 0 1 1 2 3 3 
0.0000854375 0 3 0 1 1 3 0 0 
0.0000572500 0 3 0 1 1 3 1 0 
0.0000854375 0 3 0 1 1 3 1 1 
0.0000078125 0 3 0 1 1 3 2 0 
0.0000535625 0 3 0 1 1 3 2 1 
0.0000143750 0 3 0 1 1 3 3 0 
0.0000147500 0 3 0 1 1 3 3 1 
0.0000125000 0 3 0 1 2 0 0 0 
0.0000125000 0 3 0 1 2 0 1 1 
0.0000512500 0 3 0 1 2 0 2 1 
0.0000065000 0 3 0 1 2 1 0 3 
0.0000521875 0 3 0 1 2 1 1 2 
0.0001474375 0 3 0 1 2 1 1 3 
0.0000901250 0 3 0 1 2 1 2 2 
0.0000462500 0 3 0 1 2 1 3 2 
0.0000125000 0 3 0 1 2 2 0 2 
0.0000286875 0 3 0 1 2 2 0 3 
0.0000521875 0 3 0 1 2 2 3 3 
0.0000535625 0 3 0 1 2 3 0 0 
0.0000501875 0 3 0 1 2 3 0 1 
0.0000078125 0 3 0 1 2 3 1 0 
0.0000535625 0 3 0 1 2 3 1 1 
0.0000125000 0 3 0 1 2 3 3 0 
0.0000106250 0 3 0 1 3 0 0 1 
0.0000533125 0 3 0 1 3 0 1 0 
0.0001210625 0 3 0 1 3 0 3 0 
0.0000030625 0 3 0 1 3 1 0 2 
0.0000512500 0 3 0 1 3 1 0 3 
0.0000286875 0 3 0 1 3 1 1 2 
0.0000462500 0 3 0 1 3 1 2 2 
0.0000533125 0 3 0 1 3 2 1 2 
0.0000452500 0 3 0 1 3 2 1 3 
0.0000521875 0 3 0 1 3 2 2 3 
0.0001210625 0 3 0 1 3 2 3 2 
0.0000286875 0 3 0 1 3 2 3 3 
0.0000147500 0 3 0 1 3 3 0 0 
0.0000143750 0 3 0 1 3 3 1 0 
0.0000147500 0 3 0 1 3 3 1 1 
0.0000125000 0 3 0 1 3 3 2 0 
0.0000106250 0 3 0 1 3 3 3 1 
0.0000125000 0 3 0 2 0 0 1 0 
0.0000147500 0 3 0 2 0 0 1 2 
0.0000512500 0 3 0 2 0 0 2 0 
0.0000106250 0 3 0 2 0 0 3 2 
0.0000125000 0 3 0 2 0 1 1 1 
0.0000512500 0 3 0 2 0 1 2 1 
0.0000286875 0 3 0 2 0 1 2 3 
0.0000854375 0 3 0 2 0 2 0 3 
0.0000572500 0 3 0 2 0 2 1 3 
0.0000078125 0 3 0 2 0 2 2 3 
0.0000780625 0 3 0 2 0 2 3 1 
0.0000143750 0 3 0 2 0 2 3 3 
0.0000501875 0 3 0 2 0 3 0 0 
0.0001822500 0 3 0 2 0 3 0 2 
0.0000535625 0 3 0 2 0 3 1 0 
0.0000501875 0 3 0 2 0 3 2 2 
0.0000125000 0 3 0 2 1 0 0 0 
0.0000147500 0 3 0 2 1 0 0 2 
0.0000143750 0 3 0 2 1 0 1 2 
0.0000125000 0 3 0 2 1 0 2 2 
0.0000125000 0 3 0 2 1 1 0 1 
0.0000452500 0 3 0 2 1 1 3 3 
0.0000572500 0 3 0 2 1 2 0 3 
0.0000452500 0 3 0 2 1 2 2 1 
0.0000288750 0 3 0 2 1 2 2 3 
0.0000535625 0 3 0 2 1 3 0 0 
0.0000078125 0 3 0 2 1 3 1 0 
0.0000854375 0 3 0 2 1 3 1 2 
0.0000535625 0 3 0 2 1 3 2 2 
0.0000125000 0 3 0 2 1 3 3 0 
0.0000147500 0 3 0 2 1 3 3 2 
0.0000512500 0 3 0 2 2 0 0 0 
0.0000125000 0 3 0 2 2 0 1 2 
0.0000512500 0 3 0 2 2 0 2 2 
0.0000512500 0 3 0 2 2 1 0 1 
0.0000286875 0 3 0 2 2 1 0 3 
0.0000521875 0 3 0 2 2 1 3 3 
0.0000078125 0 3 0 2 2 2 0 3 
0.0000452500 0 3 0 2 2 2 1 1 
0.0000288750 0 3 0 2 2 2 1 3 
0.0000521875 0 3 0 2 2 2 2 1 
0.0000105625 0 3 0 2 2 2 2 3 
0.0000286875 0 3 0 2 2 2 3 1 
0.0000501875 0 3 0 2 2 3 0 2 
0.0000535625 0 3 0 2 2 3 1 2 
0.0000065000 0 3 0 2 2 3 2 0 
0.0000512500 0 3 0 2 2 3 3 0 
0.0000106250 0 3 0 2 3 0 0 2 
0.0000194375 0 3 0 2 3 0 3 0 
0.0000452500 0 3 0 2 3 1 1 3 
0.0000521875 0 3 0 2 3 1 2 3 
0.0000194375 0 3 0 2 3 1 3 1 
0.0000286875 0 3 0 2 3 1 3 3 
0.0000780625 0 3 0 2 3 2 0 1 
0.0000143750 0 3 0 2 3 2 0 3 
0.0000286875 0 3 0 2 3 2 2 1 
0.0000533125 0 3 0 2 3 2 3 3 
0.0000125000 0 3 0 2 3 3 1 0 
0.0000147500 0 3 0 2 3 3 1 2 
0.0000512500 0 3 0 2 3 3 2 0 
0.0000106250 0 3 0 2 3 3 3 2 
0.0000106250 0 3 0 3 0 0 0 0 
0.0000147500 0 3 0 3 0 0 1 3 
0.0000106250 0 3 0 3 0 0 3 3 
0.0000398125 0 3 0 3 0 1 0 1 
0.0000535625 0 3 0 3 0 1 0 2 
0.0000286875 0 3 0 3 0 1 1 1 
0.0000078125 0 3 0 3 0 1 1 2 
0.0000125000 0 3 0 3 0 1 3 2 
0.0000535625 0 3 0 3 0 2 0 1 
0.0000078125 0 3 0 3 0 2 1 1 
0.0000125000 0 3 0 3 0 2 3 1 
0.0001822500 0 3 0 3 0 3 0 3 
0.0000147500 0 3 0 3 0 3 1 0 
0.0000501875 0 3 0 3 0 3 2 3 
0.0000106250 0 3 0 3 0 3 3 0 
0.0000147500 0 3 0 3 1 0 0 3 
0.0000533125 0 3 0 3 1 0 1 0 
0.0000143750 0 3 0 3 1 0 1 3 
0.0000125000 0 3 0 3 1 0 2 3 
0.0001210625 0 3 0 3 1 0 3 0 
0.0000286875 0 3 0 3 1 1 0 1 
0.0000078125 0 3 0 3 1 1 0 2 
0.0000288750 0 3 0 3 1 1 1 2 
0.0000105625 0 3 0 3 1 1 2 2 
0.0000521875 0 3 0 3 1 1 3 1 
0.0000078125 0 3 0 3 1 2 0 1 
0.0000288750 0 3 0 3 1 2 1 1 
0.0000081875 0 3 0 3 1 2 1 2 
0.0000105625 0 3 0 3 1 2 2 1 
0.0000147500 0 3 0 3 1 3 0 0 
0.0000143750 0 3 0 3 1 3 1 0 
0.0000854375 0 3 0 3 1 3 1 3 
0.0000125000 0 3 0 3 1 3 2 0 
0.0000535625 0 3 0 3 1 3 2 3 
0.0000147500 0 3 0 3 1 3 3 3 
0.0000125000 0 3 0 3 2 0 1 3 
0.0000512500 0 3 0 3 2 0 2 3 
0.0000194375 0 3 0 3 2 0 3 0 
0.0000105625 0 3 0 3 2 1 1 2 
0.0000538125 0 3 0 3 2 1 2 1 
0.0001474375 0 3 0 3 2 1 2 2 
0.0000901250 0 3 0 3 2 1 3 1 
0.0000105625 0 3 0 3 2 2 1 1 
0.0001474375 0 3 0 3 2 2 2 1 
0.0000452500 0 3 0 3 2 2 3 2 
0.0000501875 0 3 0 3 2 3 0 3 
0.0000125000 0 3 0 3 2 3 1 0 
0.0000535625 0 3 0 3 2 3 1 3 
0.0000512500 0 3 0 3 2 3 2 0 
0.0000106250 0 3 0 3 3 0 0 3 
0.0001210625 0 3 0 3 3 0 1 0 
0.0000194375 0 3 0 3 3 0 2 0 
0.0000125000 0 3 0 3 3 1 0 2 
0.0000521875 0 3 0 3 3 1 1 1 
0.0000901250 0 3 0 3 3 1 2 1 
0.0000462500 0 3 0 3 3 1 3 1 
0.0000125000 0 3 0 3 3 2 0 1 
0.0000452500 0 3 0 3 3 2 2 2 
0.0000106250 0 3 0 3 3 3 0 0 
0.0000147500 0 3 0 3 3 3 1 3 
0.0000106250 0 3 0 3 3 3 3 3 
0.0000147500 0 3 1 0 0 0 0 0 
0.0000143750 0 3 1 0 0 0 0 1 
0.0000125000 0 3 1 0 0 0 0 2 
0.0000147500 0 3 1 0 0 0 1 1 
0.0000106250 0 3 1 0 0 0 1 3 
0.0000221250 0 3 1 0 0 1 2 0 
0.0000030625 0 3 1 0 0 1 2 3 
0.0000065000 0 3 1 0 0 1 3 2 
0.0000512500 0 3 1 0 0 1 3 3 
0.0000147500 0 3 1 0 0 2 2 0 
0.0000143750 0 3 1 0 0 2 2 1 
0.0000125000 0 3 1 0 0 2 2 2 
0.0000286875 0 3 1 0 0 2 3 2 
0.0000854375 0 3 1 0 0 3 0 1 
0.0000535625 0 3 1 0 0 3 0 2 
0.0000147500 0 3 1 0 0 3 0 3 
0.0001822500 0 3 1 0 0 3 1 0 
0.0000501875 0 3 1 0 0 3 1 2 
0.0000143750 0 3 1 0 1 0 0 0 
0.0000533125 0 3 1 0 1 0 0 3 
0.0000147500 0 3 1 0 1 0 1 0 
0.0000143750 0 3 1 0 1 0 1 1 
0.0000125000 0 3 1 0 1 0 1 2 
0.0000452500 0 3 1 0 1 1 2 1 
0.0000521875 0 3 1 0 1 1 2 2 
0.0000286875 0 3 1 0 1 1 2 3 
0.0000105625 0 3 1 0 1 1 3 1 
0.0001474375 0 3 1 0 1 1 3 2 
0.0000143750 0 3 1 0 1 2 2 0 
0.0000533125 0 3 1 0 1 2 2 3 
0.0000452500 0 3 1 0 1 2 3 3 
0.0000854375 0 3 1 0 1 3 0 0 
0.0000572500 0 3 1 0 1 3 0 1 
0.0000078125 0 3 1 0 1 3 0 2 
0.0000143750 0 3 1 0 1 3 0 3 
0.0000854375 0 3 1 0 1 3 1 1 
0.0000535625 0 3 1 0 1 3 1 2 
0.0000147500 0 3 1 0 1 3 1 3 
0.0000125000 0 3 1 0 2 0 0 0 
0.0000125000 0 3 1 0 2 0 1 1 
0.0000512500 0 3 1 0 2 0 1 2 
0.0000521875 0 3 1 0 2 1 2 1 
0.0000901250 0 3 1 0 2 1 2 2 
0.0000462500 0 3 1 0 2 1 2 3 
0.0000065000 0 3 1 0 2 1 3 0 
0.0001474375 0 3 1 0 2 1 3 1 
0.0000125000 0 3 1 0 2 2 2 0 
0.0000286875 0 3 1 0 2 2 3 0 
0.0000521875 0 3 1 0 2 2 3 3 
0.0000535625 0 3 1 0 2 3 0 0 
0.0000078125 0 3 1 0 2 3 0 1 
0.0000125000 0 3 1 0 2 3 0 3 
0.0000501875 0 3 1 0 2 3 1 0 
0.0000535625 0 3 1 0 2 3 1 1 
0.0000533125 0 3 1 0 3 0 0 1 
0.0001210625 0 3 1 0 3 0 0 3 
0.0000106250 0 3 1 0 3 0 1 0 
0.0000030625 0 3 1 0 3 1 2 0 
0.0000286875 0 3 1 0 3 1 2 1 
0.0000462500 0 3 1 0 3 1 2 2 
0.0000512500 0 3 1 0 3 1 3 0 
0.0000533125 0 3 1 0 3 2 2 1 
0.0001210625 0 3 1 0 3 2 2 3 
0.0000452500 0 3 1 0 3 2 3 1 
0.0000521875 0 3 1 0 3 2 3 2 
0.0000286875 0 3 1 0 3 2 3 3 
0.0000147500 0 3 1 0 3 3 0 0 
0.0000143750 0 3 1 0 3 3 0 1 
0.0000125000 0 3 1 0 3 3 0 2 
0.0000147500 0 3 1 0 3 3 1 1 
0.0000106250 0 3 1 0 3 3 1 3 
0.0000143750 0 3 1 1 0 0 0 0 
0.0000147500 0 3 1 1 0 0 0 1 
0.0000147500 0 3 1 1 0 0 1 0 
0.0000200625 0 3 1 1 0 0 2 2 
0.0000221250 0 3 1 1 0 1 1 2 
0.0000221250 0 3 1 1 0 1 2 1 
0.0000143750 0 3 1 1 0 2 0 2 
0.0000147500 0 3 1 1 0 2 1 2 
0.0000143750 0 3 1 1 0 2 2 0 
0.0000147500 0 3 1 1 0 2 2 1 
0.0000854375 0 3 1 1 0 3 0 0 
0.0001822500 0 3 1 1 0 3 1 1 
0.0000398125 0 3 1 1 0 3 3 3 
0.0000143750 0 3 1 1 1 0 0 1 
0.0000143750 0 3 1 1 1 0 1 0 
0.0000147500 0 3 1 1 1 0 1 1 
0.0000521875 0 3 1 1 1 0 3 3 
0.0000452500 0 3 1 1 1 1 0 2 
0.0000105625 0 3 1 1 1 1 0 3 
0.0000452500 0 3 1 1 1 1 2 0 
0.0000105625 0 3 1 1 1 1 3 0 
0.0000143750 0 3 1 1 1 2 1 2 
0.0000143750 0 3 1 1 1 2 2 1 
0.0000572500 0 3 1 1 1 3 0 0 
0.0000854375 0 3 1 1 1 3 0 1 
0.0000854375 0 3 1 1 1 3 1 0 
0.0000780625 0 3 1 1 1 3 2 2 
0.0000125000 0 3 1 1 1 3 2 3 
0.0000125000 0 3 1 1 1 3 3 2 
0.0000286875 0 3 1 1 1 3 3 3 
0.0000125000 0 3 1 1 2 0 0 1 
0.0000125000 0 3 1 1 2 0 1 0 
0.0000901250 0 3 1 1 2 0 3 3 
0.0000521875 0 3 1 1 2 1 0 2 
0.0001474375 0 3 1 1 2 1 0 3 
0.0000065000 0 3 1 1 2 1 1 3 
0.0000521875 0 3 1 1 2 1 2 0 
0.0001474375 0 3 1 1 2 1 3 0 
0.0000065000 0 3 1 1 2 1 3 1 
0.0000125000 0 3 1 1 2 2 1 2 
0.0000286875 0 3 1 1 2 2 1 3 
0.0000125000 0 3 1 1 2 2 2 1 
0.0000286875 0 3 1 1 2 2 3 1 
0.0000078125 0 3 1 1 2 3 0 0 
0.0000535625 0 3 1 1 2 3 0 1 
0.0000535625 0 3 1 1 2 3 1 0 
0.0000501875 0 3 1 1 2 3 1 1 
0.0000030625 0 3 1 1 2 3 2 2 
0.0000512500 0 3 1 1 2 3 2 3 
0.0000512500 0 3 1 1 2 3 3 2 
0.0000533125 0 3 1 1 3 0 0 0 
0.0000106250 0 3 1 1 3 0 1 1 
0.0000728125 0 3 1 1 3 0 2 2 
0.0000194375 0 3 1 1 3 0 2 3 
0.0000194375 0 3 1 1 3 0 3 2 
0.0000462500 0 3 1 1 3 0 3 3 
0.0000286875 0 3 1 1 3 1 0 2 
0.0000030625 0 3 1 1 3 1 1 2 
0.0000512500 0 3 1 1 3 1 1 3 
0.0000286875 0 3 1 1 3 1 2 0 
0.0000030625 0 3 1 1 3 1 2 1 
0.0000512500 0 3 1 1 3 1 3 1 
0.0000533125 0 3 1 1 3 2 0 2 
0.0000452500 0 3 1 1 3 2 0 3 
0.0000533125 0 3 1 1 3 2 2 0 
0.0000452500 0 3 1 1 3 2 3 0 
0.0000143750 0 3 1 1 3 3 0 0 
0.0000147500 0 3 1 1 3 3 0 1 
0.0000147500 0 3 1 1 3 3 1 0 
0.0000200625 0 3 1 1 3 3 2 2 
0.0000125000 0 3 1 2 0 0 0 0 
0.0000147500 0 3 1 2 0 0 0 2 
0.0000780625 0 3 1 2 0 0 2 3 
0.0000030625 0 3 1 2 0 0 3 1 
0.0000125000 0 3 1 2 0 0 3 3 
0.0000125000 0 3 1 2 0 1 0 1 
0.0000221250 0 3 1 2 0 1 2 2 
0.0000065000 0 3 1 2 0 1 3 0 
0.0000572500 0 3 1 2 0 2 0 3 
0.0000854375 0 3 1 2 0 2 1 3 
0.0000125000 0 3 1 2 0 2 2 0 
0.0000147500 0 3 1 2 0 2 2 2 
0.0000286875 0 3 1 2 0 2 3 0 
0.0000535625 0 3 1 2 0 3 0 0 
0.0000501875 0 3 1 2 0 3 1 0 
0.0001822500 0 3 1 2 0 3 1 2 
0.0000106250 0 3 1 2 0 3 2 1 
0.0000221250 0 3 1 2 0 3 3 1 
0.0000535625 0 3 1 2 0 3 3 3 
0.0000143750 0 3 1 2 1 0 0 2 
0.0000125000 0 3 1 2 1 0 1 0 
0.0000147500 0 3 1 2 1 0 1 2 
0.0001210625 0 3 1 2 1 0 2 1 
0.0000286875 0 3 1 2 1 0 3 1 
0.0000125000 0 3 1 2 1 1 1 1 
0.0000521875 0 3 1 2 1 1 2 0 
0.0001474375 0 3 1 2 1 1 3 0 
0.0000572500 0 3 1 2 1 2 1 3 
0.0000143750 0 3 1 2 1 2 2 2 
0.0000078125 0 3 1 2 1 3 0 0 
0.0000854375 0 3 1 2 1 3 0 2 
0.0000535625 0 3 1 2 1 3 1 0 
0.0000078125 0 3 1 2 1 3 3 3 
0.0000125000 0 3 1 2 2 0 0 2 
0.0000512500 0 3 1 2 2 0 1 0 
0.0000194375 0 3 1 2 2 0 2 1 
0.0000286875 0 3 1 2 2 0 2 3 
0.0000462500 0 3 1 2 2 0 3 1 
0.0000512500 0 3 1 2 2 1 1 1 
0.0000286875 0 3 1 2 2 1 1 3 
0.0000901250 0 3 1 2 2 1 2 0 
0.0000065000 0 3 1 2 2 1 3 2 
0.0000452500 0 3 1 2 2 2 0 1 
0.0000288750 0 3 1 2 2 2 0 3 
0.0000078125 0 3 1 2 2 2 1 3 
0.0000125000 0 3 1 2 2 2 2 2 
0.0000286875 0 3 1 2 2 2 3 2 
0.0000535625 0 3 1 2 2 3 0 2 
0.0000501875 0 3 1 2 2 3 1 2 
0.0000106250 0 3 1 2 3 0 1 2 
0.0000452500 0 3 1 2 3 1 0 3 
0.0000462500 0 3 1 2 3 1 2 0 
0.0000030625 0 3 1 2 3 1 2 2 
0.0000512500 0 3 1 2 3 1 3 2 
0.0000780625 0 3 1 2 3 2 1 1 
0.0000143750 0 3 1 2 3 2 1 3 
0.0000521875 0 3 1 2 3 2 3 0 
0.0000125000 0 3 1 2 3 3 0 0 
0.0000147500 0 3 1 2 3 3 0 2 
0.0000780625 0 3 1 2 3 3 2 3 
0.0000030625 0 3 1 2 3 3 3 1 
0.0000125000 0 3 1 2 3 3 3 3 
0.0000147500 0 3 1 3 0 0 0 3 
0.0000106250 0 3 1 3 0 0 1 0 
0.0000030625 0 3 1 3 0 0 2 1 
0.0000512500 0 3 1 3 0 0 3 1 
0.0000286875 0 3 1 3 0 1 0 1 
0.0000078125 0 3 1 3 0 1 0 2 
0.0000398125 0 3 1 3 0 1 1 1 
0.0000535625 0 3 1 3 0 1 1 2 
0.0000030625 0 3 1 3 0 1 2 0 
0.0000221250 0 3 1 3 0 1 2 3 
0.0000512500 0 3 1 3 0 1 3 0 
0.0000078125 0 3 1 3 0 2 0 1 
0.0000535625 0 3 1 3 0 2 1 1 
0.0000147500 0 3 1 3 0 2 2 3 
0.0000147500 0 3 1 3 0 3 0 0 
0.0001822500 0 3 1 3 0 3 1 3 
0.0000221250 0 3 1 3 0 3 2 1 
0.0000147500 0 3 1 3 0 3 2 2 
0.0000533125 0 3 1 3 1 0 0 0 
0.0000143750 0 3 1 3 1 0 0 3 
0.0000147500 0 3 1 3 1 0 1 3 
0.0000286875 0 3 1 3 1 0 2 1 
0.0000533125 0 3 1 3 1 0 2 2 
0.0000452500 0 3 1 3 1 0 3 2 
0.0000288750 0 3 1 3 1 1 0 2 
0.0000286875 0 3 1 3 1 1 1 1 
0.0000078125 0 3 1 3 1 1 1 2 
0.0000286875 0 3 1 3 1 1 2 0 
0.0000288750 0 3 1 3 1 2 0 1 
0.0000081875 0 3 1 3 1 2 0 2 
0.0000078125 0 3 1 3 1 2 1 1 
0.0000533125 0 3 1 3 1 2 2 0 
0.0000143750 0 3 1 3 1 2 2 3 
0.0000452500 0 3 1 3 1 2 3 0 
0.0000143750 0 3 1 3 1 3 0 0 
0.0000854375 0 3 1 3 1 3 0 3 
0.0000147500 0 3 1 3 1 3 1 0 
0.0000143750 0 3 1 3 1 3 2 2 
0.0000125000 0 3 1 3 2 0 0 3 
0.0000462500 0 3 1 3 2 0 2 1 
0.0000521875 0 3 1 3 2 0 3 2 
0.0000105625 0 3 1 3 2 1 0 2 
0.0000462500 0 3 1 3 2 1 2 0 
0.0000065000 0 3 1 3 2 1 3 3 
0.0000105625 0 3 1 3 2 2 0 1 
0.0000125000 0 3 1 3 2 2 2 3 
0.0000521875 0 3 1 3 2 2 3 0 
0.0000286875 0 3 1 3 2 2 3 3 
0.0000125000 0 3 1 3 2 3 0 0 
0.0000535625 0 3 1 3 2 3 0 3 
0.0000501875 0 3 1 3 2 3 1 3 
0.0000125000 0 3 1 3 2 3 2 2 
0.0000065000 0 3 1 3 2 3 3 1 
0.0000286875 0 3 1 3 2 3 3 2 
0.0001210625 0 3 1 3 3 0 0 0 
0.0000106250 0 3 1 3 3 0 1 3 
0.0001210625 0 3 1 3 3 0 2 2 
0.0000286875 0 3 1 3 3 0 3 2 
0.0000521875 0 3 1 3 3 1 0 1 
0.0000125000 0 3 1 3 3 1 1 2 
0.0000030625 0 3 1 3 3 1 2 3 
0.0000512500 0 3 1 3 3 1 3 3 
0.0000125000 0 3 1 3 3 2 1 1 
0.0001210625 0 3 1 3 3 2 2 0 
0.0000286875 0 3 1 3 3 2 3 0 
0.0000147500 0 3 1 3 3 3 0 3 
0.0000106250 0 3 1 3 3 3 1 0 
0.0000030625 0 3 1 3 3 3 2 1 
0.0000512500 0 3 1 3 3 3 3 1 
0.0000125000 0 3 2 0 0 0 0 1 
0.0000512500 0 3 2 0 0 0 0 2 
0.0000147500 0 3 2 0 0 0 2 1 
0.0000106250 0 3 2 0 0 0 2 3 
0.0000125000 0 3 2 0 0 1 1 1 
0.0000512500 0 3 2 0 0 1 1 2 
0.0000286875 0 3 2 0 0 1 3 2 
0.0000780625 0 3 2 0 0 2 1 3 
0.0000854375 0 3 2 0 0 2 3 0 
0.0000572500 0 3 2 0 0 2 3 1 
0.0000078125 0 3 2 0 0 2 3 2 
0.0000143750 0 3 2 0 0 2 3 3 
0.0000501875 0 3 2 0 0 3 0 0 
0.0000535625 0 3 2 0 0 3 0 1 
0.0001822500 0 3 2 0 0 3 2 0 
0.0000501875 0 3 2 0 0 3 2 2 
0.0000125000 0 3 2 0 1 0 0 0 
0.0000147500 0 3 2 0 1 0 2 0 
0.0000143750 0 3 2 0 1 0 2 1 
0.0000125000 0 3 2 0 1 0 2 2 
0.0000125000 0 3 2 0 1 1 1 0 
0.0000452500 0 3 2 0 1 1 3 3 
0.0000452500 0 3 2 0 1 2 1 2 
0.0000572500 0 3 2 0 1 2 3 0 
0.0000288750 0 3 2 0 1 2 3 2 
0.0000535625 0 3 2 0 1 3 0 0 
0.0000078125 0 3 2 0 1 3 0 1 
0.0000125000 0 3 2 0 1 3 0 3 
0.0000854375 0 3 2 0 1 3 2 1 
0.0000535625 0 3 2 0 1 3 2 2 
0.0000147500 0 3 2 0 1 3 2 3 
0.0000512500 0 3 2 0 2 0 0 0 
0.0000125000 0 3 2 0 2 0 2 1 
0.0000512500 0 3 2 0 2 0 2 2 
0.0000512500 0 3 2 0 2 1 1 0 
0.0000286875 0 3 2 0 2 1 3 0 
0.0000521875 0 3 2 0 2 1 3 3 
0.0000452500 0 3 2 0 2 2 1 1 
0.0000521875 0 3 2 0 2 2 1 2 
0.0000286875 0 3 2 0 2 2 1 3 
0.0000078125 0 3 2 0 2 2 3 0 
0.0000288750 0 3 2 0 2 2 3 1 
0.0000105625 0 3 2 0 2 2 3 2 
0.0000065000 0 3 2 0 2 3 0 2 
0.0000512500 0 3 2 0 2 3 0 3 
0.0000501875 0 3 2 0 2 3 2 0 
0.0000535625 0 3 2 0 2 3 2 1 
0.0000194375 0 3 2 0 3 0 0 3 
0.0000106250 0 3 2 0 3 0 2 0 
0.0000194375 0 3 2 0 3 1 1 3 
0.0000452500 0 3 2 0 3 1 3 1 
0.0000521875 0 3 2 0 3 1 3 2 
0.0000286875 0 3 2 0 3 1 3 3 
0.0000780625 0 3 2 0 3 2 1 0 
0.0000286875 0 3 2 0 3 2 1 2 
0.0000143750 0 3 2 0 3 2 3 0 
0.0000533125 0 3 2 0 3 2 3 3 
0.0000125000 0 3 2 0 3 3 0 1 
0.0000512500 0 3 2 0 3 3 0 2 
0.0000147500 0 3 2 0 3 3 2 1 
0.0000106250 0 3 2 0 3 3 2 3 
0.0000125000 0 3 2 1 0 0 0 0 
0.0000030625 0 3 2 1 0 0 1 3 
0.0000147500 0 3 2 1 0 0 2 0 
0.0000780625 0 3 2 1 0 0 3 2 
0.0000125000 0 3 2 1 0 0 3 3 
0.0000065000 0 3 2 1 0 1 0 3 
0.0000125000 0 3 2 1 0 1 1 0 
0.0000221250 0 3 2 1 0 1 2 2 
0.0000125000 0 3 2 1 0 2 0 2 
0.0000286875 0 3 2 1 0 2 0 3 
0.0000147500 0 3 2 1 0 2 2 2 
0.0000572500 0 3 2 1 0 2 3 0 
0.0000854375 0 3 2 1 0 2 3 1 
0.0000535625 0 3 2 1 0 3 0 0 
0.0000501875 0 3 2 1 0 3 0 1 
0.0000106250 0 3 2 1 0 3 1 2 
0.0000221250 0 3 2 1 0 3 1 3 
0.0001822500 0 3 2 1 0 3 2 1 
0.0000535625 0 3 2 1 0 3 3 3 
0.0000125000 0 3 2 1 1 0 0 1 
0.0001210625 0 3 2 1 1 0 1 2 
0.0000286875 0 3 2 1 1 0 1 3 
0.0000143750 0 3 2 1 1 0 2 0 
0.0000147500 0 3 2 1 1 0 2 1 
0.0000521875 0 3 2 1 1 1 0 2 
0.0001474375 0 3 2 1 1 1 0 3 
0.0000125000 0 3 2 1 1 1 1 1 
0.0000143750 0 3 2 1 1 2 2 2 
0.0000572500 0 3 2 1 1 2 3 1 
0.0000078125 0 3 2 1 1 3 0 0 
0.0000535625 0 3 2 1 1 3 0 1 
0.0000854375 0 3 2 1 1 3 2 0 
0.0000078125 0 3 2 1 1 3 3 3 
0.0000512500 0 3 2 1 2 0 0 1 
0.0000194375 0 3 2 1 2 0 1 2 
0.0000462500 0 3 2 1 2 0 1 3 
0.0000125000 0 3 2 1 2 0 2 0 
0.0000286875 0 3 2 1 2 0 3 2 
0.0000901250 0 3 2 1 2 1 0 2 
0.0000512500 0 3 2 1 2 1 1 1 
0.0000065000 0 3 2 1 2 1 2 3 
0.0000286875 0 3 2 1 2 1 3 1 
0.0000452500 0 3 2 1 2 2 1 0 
0.0000125000 0 3 2 1 2 2 2 2 
0.0000286875 0 3 2 1 2 2 2 3 
0.0000288750 0 3 2 1 2 2 3 0 
0.0000078125 0 3 2 1 2 2 3 1 
0.0000535625 0 3 2 1 2 3 2 0 
0.0000501875 0 3 2 1 2 3 2 1 
0.0000106250 0 3 2 1 3 0 2 1 
0.0000462500 0 3 2 1 3 1 0 2 
0.0000030625 0 3 2 1 3 1 2 2 
0.0000512500 0 3 2 1 3 1 2 3 
0.0000452500 0 3 2 1 3 1 3 0 
0.0000521875 0 3 2 1 3 2 0 3 
0.0000780625 0 3 2 1 3 2 1 1 
0.0000143750 0 3 2 1 3 2 3 1 
0.0000125000 0 3 2 1 3 3 0 0 
0.0000030625 0 3 2 1 3 3 1 3 
0.0000147500 0 3 2 1 3 3 2 0 
0.0000780625 0 3 2 1 3 3 3 2 
0.0000125000 0 3 2 1 3 3 3 3 
0.0000512500 0 3 2 2 0 0 0 0 
0.0000200625 0 3 2 2 0 0 1 1 
0.0000512500 0 3 2 2 0 1 0 1 
0.0000286875 0 3 2 2 0 1 0 3 
0.0000512500 0 3 2 2 0 1 1 0 
0.0000286875 0 3 2 2 0 1 3 0 
0.0000078125 0 3 2 2 0 2 0 3 
0.0000854375 0 3 2 2 0 2 2 3 
0.0000078125 0 3 2 2 0 2 3 0 
0.0000854375 0 3 2 2 0 2 3 2 
0.0000501875 0 3 2 2 0 3 0 2 
0.0000147500 0 3 2 2 0 3 1 3 
0.0000501875 0 3 2 2 0 3 2 0 
0.0001822500 0 3 2 2 0 3 2 2 
0.0000147500 0 3 2 2 0 3 3 1 
0.0000125000 0 3 2 2 1 0 0 2 
0.0000533125 0 3 2 2 1 0 1 3 
0.0000125000 0 3 2 2 1 0 2 0 
0.0000147500 0 3 2 2 1 0 2 2 
0.0000533125 0 3 2 2 1 0 3 1 
0.0000125000 0 3 2 2 1 1 1 2 
0.0000125000 0 3 2 2 1 1 2 1 
0.0000452500 0 3 2 2 1 2 0 1 
0.0000288750 0 3 2 2 1 2 0 3 
0.0000452500 0 3 2 2 1 2 1 0 
0.0000572500 0 3 2 2 1 2 2 3 
0.0000288750 0 3 2 2 1 2 3 0 
0.0000572500 0 3 2 2 1 2 3 2 
0.0000535625 0 3 2 2 1 3 0 2 
0.0000780625 0 3 2 2 1 3 1 1 
0.0000143750 0 3 2 2 1 3 1 3 
0.0000535625 0 3 2 2 1 3 2 0 
0.0000143750 0 3 2 2 1 3 3 1 
0.0000512500 0 3 2 2 2 0 0 2 
0.0000512500 0 3 2 2 2 0 2 0 
0.0000452500 0 3 2 2 2 0 3 3 
0.0000512500 0 3 2 2 2 1 1 2 
0.0000512500 0 3 2 2 2 1 2 1 
0.0000286875 0 3 2 2 2 1 2 3 
0.0000286875 0 3 2 2 2 1 3 2 
0.0000521875 0 3 2 2 2 2 0 1 
0.0000105625 0 3 2 2 2 2 0 3 
0.0000521875 0 3 2 2 2 2 1 0 
0.0000078125 0 3 2 2 2 2 2 3 
0.0000105625 0 3 2 2 2 2 3 0 
0.0000078125 0 3 2 2 2 2 3 2 
0.0000065000 0 3 2 2 2 3 0 0 
0.0000030625 0 3 2 2 2 3 1 1 
0.0000125000 0 3 2 2 2 3 1 3 
0.0000501875 0 3 2 2 2 3 2 2 
0.0000125000 0 3 2 2 2 3 3 1 
0.0000728125 0 3 2 2 3 0 1 1 
0.0001210625 0 3 2 2 3 0 1 3 
0.0000106250 0 3 2 2 3 0 2 2 
0.0001210625 0 3 2 2 3 0 3 1 
0.0000521875 0 3 2 2 3 1 0 3 
0.0000521875 0 3 2 2 3 1 3 0 
0.0000286875 0 3 2 2 3 2 0 1 
0.0000286875 0 3 2 2 3 2 1 0 
0.0000780625 0 3 2 2 3 2 1 2 
0.0000780625 0 3 2 2 3 2 2 1 
0.0000143750 0 3 2 2 3 2 2 3 
0.0000143750 0 3 2 2 3 2 3 2 
0.0000512500 0 3 2 2 3 3 0 0 
0.0000200625 0 3 2 2 3 3 1 1 
0.0000780625 0 3 2 3 0 0 1 2 
0.0000106250 0 3 2 3 0 0 2 0 
0.0000143750 0 3 2 3 0 0 3 2 
0.0000398125 0 3 2 3 0 1 2 1 
0.0000535625 0 3 2 3 0 1 2 2 
0.0000780625 0 3 2 3 0 2 1 0 
0.0000535625 0 3 2 3 0 2 2 1 
0.0000143750 0 3 2 3 0 2 3 0 
0.0000854375 0 3 2 3 0 2 3 3 
0.0000501875 0 3 2 3 0 3 0 3 
0.0001822500 0 3 2 3 0 3 2 3 
0.0000854375 0 3 2 3 0 3 3 2 
0.0000125000 0 3 2 3 1 0 0 3 
0.0000147500 0 3 2 3 1 0 2 3 
0.0000452500 0 3 2 3 1 0 3 1 
0.0000105625 0 3 2 3 1 1 0 2 
0.0000125000 0 3 2 3 1 1 1 3 
0.0000286875 0 3 2 3 1 1 2 1 
0.0000078125 0 3 2 3 1 1 2 2 
0.0000452500 0 3 2 3 1 1 3 0 
0.0000105625 0 3 2 3 1 2 0 1 
0.0000078125 0 3 2 3 1 2 2 1 
0.0000572500 0 3 2 3 1 2 3 3 
0.0000125000 0 3 2 3 1 3 0 0 
0.0000535625 0 3 2 3 1 3 0 3 
0.0000125000 0 3 2 3 1 3 1 1 
0.0000147500 0 3 2 3 1 3 2 0 
0.0000572500 0 3 2 3 1 3 3 2 
0.0000512500 0 3 2 3 2 0 0 3 
0.0000286875 0 3 2 3 2 0 1 2 
0.0000521875 0 3 2 3 2 0 3 1 
0.0000538125 0 3 2 3 2 1 0 1 
0.0001474375 0 3 2 3 2 1 0 2 
0.0000512500 0 3 2 3 2 1 1 3 
0.0000521875 0 3 2 3 2 1 3 0 
0.0000286875 0 3 2 3 2 1 3 3 
0.0001474375 0 3 2 3 2 2 0 1 
0.0000286875 0 3 2 3 2 2 1 0 
0.0000078125 0 3 2 3 2 2 3 3 
0.0000512500 0 3 2 3 2 3 0 0 
0.0000512500 0 3 2 3 2 3 1 1 
0.0000501875 0 3 2 3 2 3 2 3 
0.0000286875 0 3 2 3 2 3 3 1 
0.0000078125 0 3 2 3 2 3 3 2 
0.0000194375 0 3 2 3 3 0 0 0 
0.0000194375 0 3 2 3 3 0 1 1 
0.0000106250 0 3 2 3 3 0 2 3 
0.0000286875 0 3 2 3 3 0 3 1 
0.0000533125 0 3 2 3 3 0 3 2 
0.0000901250 0 3 2 3 3 1 0 1 
0.0000194375 0 3 2 3 3 1 1 0 
0.0000125000 0 3 2 3 3 1 2 2 
0.0000286875 0 3 2 3 3 1 3 0 
0.0000452500 0 3 2 3 3 2 0 2 
0.0000780625 0 3 2 3 3 2 1 3 
0.0000125000 0 3 2 3 3 2 2 1 
0.0000533125 0 3 2 3 3 2 3 0 
0.0000143750 0 3 2 3 3 2 3 3 
0.0000780625 0 3 2 3 3 3 1 2 
0.0000106250 0 3 2 3 3 3 2 0 
0.0000143750 0 3 2 3 3 3 3 2 
0.0000106250 0 3 3 0 0 0 0 0 
0.0000147500 0 3 3 0 0 0 3 1 
0.0000106250 0 3 3 0 0 0 3 3 
0.0000398125 0 3 3 0 0 1 1 0 
0.0000286875 0 3 3 0 0 1 1 1 
0.0000535625 0 3 3 0 0 1 2 0 
0.0000078125 0 3 3 0 0 1 2 1 
0.0000125000 0 3 3 0 0 1 2 3 
0.0000535625 0 3 3 0 0 2 1 0 
0.0000078125 0 3 3 0 0 2 1 1 
0.0000125000 0 3 3 0 0 2 1 3 
0.0000147500 0 3 3 0 0 3 0 1 
0.0000106250 0 3 3 0 0 3 0 3 
0.0001822500 0 3 3 0 0 3 3 0 
0.0000501875 0 3 3 0 0 3 3 2 
0.0000533125 0 3 3 0 1 0 0 1 
0.0001210625 0 3 3 0 1 0 0 3 
0.0000147500 0 3 3 0 1 0 3 0 
0.0000143750 0 3 3 0 1 0 3 1 
0.0000125000 0 3 3 0 1 0 3 2 
0.0000286875 0 3 3 0 1 1 1 0 
0.0000521875 0 3 3 0 1 1 1 3 
0.0000078125 0 3 3 0 1 1 2 0 
0.0000288750 0 3 3 0 1 1 2 1 
0.0000105625 0 3 3 0 1 1 2 2 
0.0000078125 0 3 3 0 1 2 1 0 
0.0000288750 0 3 3 0 1 2 1 1 
0.0000105625 0 3 3 0 1 2 1 2 
0.0000081875 0 3 3 0 1 2 2 1 
0.0000147500 0 3 3 0 1 3 0 0 
0.0000143750 0 3 3 0 1 3 0 1 
0.0000125000 0 3 3 0 1 3 0 2 
0.0000854375 0 3 3 0 1 3 3 1 
0.0000535625 0 3 3 0 1 3 3 2 
0.0000147500 0 3 3 0 1 3 3 3 
0.0000194375 0 3 3 0 2 0 0 3 
0.0000125000 0 3 3 0 2 0 3 1 
0.0000512500 0 3 3 0 2 0 3 2 
0.0000538125 0 3 3 0 2 1 1 2 
0.0000901250 0 3 3 0 2 1 1 3 
0.0000105625 0 3 3 0 2 1 2 1 
0.0001474375 0 3 3 0 2 1 2 2 
0.0000105625 0 3 3 0 2 2 1 1 
0.0001474375 0 3 3 0 2 2 1 2 
0.0000452500 0 3 3 0 2 2 2 3 
0.0000125000 0 3 3 0 2 3 0 1 
0.0000512500 0 3 3 0 2 3 0 2 
0.0000501875 0 3 3 0 2 3 3 0 
0.0000535625 0 3 3 0 2 3 3 1 
0.0001210625 0 3 3 0 3 0 0 1 
0.0000194375 0 3 3 0 3 0 0 2 
0.0000106250 0 3 3 0 3 0 3 0 
0.0000521875 0 3 3 0 3 1 1 1 
0.0000901250 0 3 3 0 3 1 1 2 
0.0000462500 0 3 3 0 3 1 1 3 
0.0000125000 0 3 3 0 3 1 2 0 
0.0000125000 0 3 3 0 3 2 1 0 
0.0000452500 0 3 3 0 3 2 2 2 
0.0000106250 0 3 3 0 3 3 0 0 
0.0000147500 0 3 3 0 3 3 3 1 
0.0000106250 0 3 3 0 3 3 3 3 
0.0000106250 0 3 3 1 0 0 0 1 
0.0000030625 0 3 3 1 0 0 1 2 
0.0000512500 0 3 3 1 0 0 1 3 
0.0000147500 0 3 3 1 0 0 3 0 
0.0000030625 0 3 3 1 0 1 0 2 
0.0000512500 0 3 3 1 0 1 0 3 
0.0000286875 0 3 3 1 0 1 1 0 
0.0000398125 0 3 3 1 0 1 1 1 
0.0000078125 0 3 3 1 0 1 2 0 
0.0000535625 0 3 3 1 0 1 2 1 
0.0000221250 0 3 3 1 0 1 3 2 
0.0000078125 0 3 3 1 0 2 1 0 
0.0000535625 0 3 3 1 0 2 1 1 
0.0000147500 0 3 3 1 0 2 3 2 
0.0000147500 0 3 3 1 0 3 0 0 
0.0000221250 0 3 3 1 0 3 1 2 
0.0000147500 0 3 3 1 0 3 2 2 
0.0001822500 0 3 3 1 0 3 3 1 
0.0000533125 0 3 3 1 1 0 0 0 
0.0000286875 0 3 3 1 1 0 1 2 
0.0000533125 0 3 3 1 1 0 2 2 
0.0000452500 0 3 3 1 1 0 2 3 
0.0000143750 0 3 3 1 1 0 3 0 
0.0000147500 0 3 3 1 1 0 3 1 
0.0000286875 0 3 3 1 1 1 0 2 
0.0000286875 0 3 3 1 1 1 1 1 
0.0000288750 0 3 3 1 1 1 2 0 
0.0000078125 0 3 3 1 1 1 2 1 
0.0000533125 0 3 3 1 1 2 0 2 
0.0000452500 0 3 3 1 1 2 0 3 
0.0000288750 0 3 3 1 1 2 1 0 
0.0000078125 0 3 3 1 1 2 1 1 
0.0000081875 0 3 3 1 1 2 2 0 
0.0000143750 0 3 3 1 1 2 3 2 
0.0000143750 0 3 3 1 1 3 0 0 
0.0000147500 0 3 3 1 1 3 0 1 
0.0000143750 0 3 3 1 1 3 2 2 
0.0000854375 0 3 3 1 1 3 3 0 
0.0000462500 0 3 3 1 2 0 1 2 
0.0000521875 0 3 3 1 2 0 2 3 
0.0000125000 0 3 3 1 2 0 3 0 
0.0000462500 0 3 3 1 2 1 0 2 
0.0000105625 0 3 3 1 2 1 2 0 
0.0000065000 0 3 3 1 2 1 3 3 
0.0000521875 0 3 3 1 2 2 0 3 
0.0000105625 0 3 3 1 2 2 1 0 
0.0000125000 0 3 3 1 2 2 3 2 
0.0000286875 0 3 3 1 2 2 3 3 
0.0000125000 0 3 3 1 2 3 0 0 
0.0000065000 0 3 3 1 2 3 1 3 
0.0000125000 0 3 3 1 2 3 2 2 
0.0000286875 0 3 3 1 2 3 2 3 
0.0000535625 0 3 3 1 2 3 3 0 
0.0000501875 0 3 3 1 2 3 3 1 
0.0001210625 0 3 3 1 3 0 0 0 
0.0001210625 0 3 3 1 3 0 2 2 
0.0000286875 0 3 3 1 3 0 2 3 
0.0000106250 0 3 3 1 3 0 3 1 
0.0000521875 0 3 3 1 3 1 1 0 
0.0000125000 0 3 3 1 3 1 2 1 
0.0000030625 0 3 3 1 3 1 3 2 
0.0000512500 0 3 3 1 3 1 3 3 
0.0001210625 0 3 3 1 3 2 0 2 
0.0000286875 0 3 3 1 3 2 0 3 
0.0000125000 0 3 3 1 3 2 1 1 
0.0000106250 0 3 3 1 3 3 0 1 
0.0000030625 0 3 3 1 3 3 1 2 
0.0000512500 0 3 3 1 3 3 1 3 
0.0000147500 0 3 3 1 3 3 3 0 
0.0000106250 0 3 3 2 0 0 0 2 
0.0000780625 0 3 3 2 0 0 2 1 
0.0000143750 0 3 3 2 0 0 2 3 
0.0000398125 0 3 3 2 0 1 1 2 
0.0000535625 0 3 3 2 0 1 2 2 
0.0000780625 0 3 3 2 0 2 0 1 
0.0000143750 0 3 3 2 0 2 0 3 
0.0000535625 0 3 3 2 0 2 1 2 
0.0000854375 0 3 3 2 0 2 3 3 
0.0000854375 0 3 3 2 0 3 2 3 
0.0000501875 0 3 3 2 0 3 3 0 
0.0001822500 0 3 3 2 0 3 3 2 
0.0000452500 0 3 3 2 1 0 1 3 
0.0000125000 0 3 3 2 1 0 3 0 
0.0000147500 0 3 3 2 1 0 3 2 
0.0000452500 0 3 3 2 1 1 0 3 
0.0000286875 0 3 3 2 1 1 1 2 
0.0000105625 0 3 3 2 1 1 2 0 
0.0000078125 0 3 3 2 1 1 2 2 
0.0000125000 0 3 3 2 1 1 3 1 
0.0000105625 0 3 3 2 1 2 1 0 
0.0000078125 0 3 3 2 1 2 1 2 
0.0000572500 0 3 3 2 1 2 3 3 
0.0000125000 0 3 3 2 1 3 0 0 
0.0000147500 0 3 3 2 1 3 0 2 
0.0000125000 0 3 3 2 1 3 1 1 
0.0000572500 0 3 3 2 1 3 2 3 
0.0000535625 0 3 3 2 1 3 3 0 
0.0000521875 0 3 3 2 2 0 1 3 
0.0000286875 0 3 3 2 2 0 2 1 
0.0000512500 0 3 3 2 2 0 3 0 
0.0000521875 0 3 3 2 2 1 0 3 
0.0000538125 0 3 3 2 2 1 1 0 
0.0001474375 0 3 3 2 2 1 2 0 
0.0000512500 0 3 3 2 2 1 3 1 
0.0000286875 0 3 3 2 2 1 3 3 
0.0000286875 0 3 3 2 2 2 0 1 
0.0001474375 0 3 3 2 2 2 1 0 
0.0000078125 0 3 3 2 2 2 3 3 
0.0000512500 0 3 3 2 2 3 0 0 
0.0000512500 0 3 3 2 2 3 1 1 
0.0000286875 0 3 3 2 2 3 1 3 
0.0000078125 0 3 3 2 2 3 2 3 
0.0000501875 0 3 3 2 2 3 3 2 
0.0000194375 0 3 3 2 3 0 0 0 
0.0000194375 0 3 3 2 3 0 1 1 
0.0000286875 0 3 3 2 3 0 1 3 
0.0000533125 0 3 3 2 3 0 2 3 
0.0000106250 0 3 3 2 3 0 3 2 
0.0000194375 0 3 3 2 3 1 0 1 
0.0000286875 0 3 3 2 3 1 0 3 
0.0000901250 0 3 3 2 3 1 1 0 
0.0000125000 0 3 3 2 3 1 2 2 
0.0000533125 0 3 3 2 3 2 0 3 
0.0000125000 0 3 3 2 3 2 1 2 
0.0000452500 0 3 3 2 3 2 2 0 
0.0000780625 0 3 3 2 3 2 3 1 
0.0000143750 0 3 3 2 3 2 3 3 
0.0000106250 0 3 3 2 3 3 0 2 
0.0000780625 0 3 3 2 3 3 2 1 
0.0000143750 0 3 3 2 3 3 2 3 
0.0000106250 0 3 3 3 0 0 0 3 
0.0000125000 0 3 3 3 0 0 1 2 
0.0000125000 0 3 3 3 0 0 2 1 
0.0000106250 0 3 3 3 0 0 3 0 
0.0000125000 0 3 3 3 0 1 0 2 
0.0000398125 0 3 3 3 0 1 1 3 
0.0000125000 0 3 3 3 0 1 2 0 
0.0000535625 0 3 3 3 0 1 2 3 
0.0000398125 0 3 3 3 0 1 3 1 
0.0000535625 0 3 3 3 0 1 3 2 
0.0000125000 0 3 3 3 0 2 0 1 
0.0000125000 0 3 3 3 0 2 1 0 
0.0000535625 0 3 3 3 0 2 1 3 
0.0000535625 0 3 3 3 0 2 3 1 
0.0000106250 0 3 3 3 0 3 0 0 
0.0000398125 0 3 3 3 0 3 1 1 
0.0000535625 0 3 3 3 0 3 1 2 
0.0000535625 0 3 3 3 0 3 2 1 
0.0001822500 0 3 3 3 0 3 3 3 
0.0001210625 0 3 3 3 1 0 0 0 
0.0000521875 0 3 3 3 1 0 1 1 
0.0000147500 0 3 3 3 1 0 3 3 
0.0000521875 0 3 3 3 1 1 0 1 
0.0000521875 0 3 3 3 1 1 1 0 
0.0000286875 0 3 3 3 1 1 1 3 
0.0000078125 0 3 3 3 1 1 2 3 
0.0000286875 0 3 3 3 1 1 3 1 
0.0000078125 0 3 3 3 1 1 3 2 
0.0000078125 0 3 3 3 1 2 1 3 
0.0000078125 0 3 3 3 1 2 3 1 
0.0000147500 0 3 3 3 1 3 0 3 
0.0000286875 0 3 3 3 1 3 1 1 
0.0000078125 0 3 3 3 1 3 1 2 
0.0000078125 0 3 3 3 1 3 2 1 
0.0000147500 0 3 3 3 1 3 3 0 
0.0000194375 0 3 3 3 2 0 0 0 
0.0000901250 0 3 3 3 2 0 1 1 
0.0000452500 0 3 3 3 2 0 2 2 
0.0000901250 0 3 3 3 2 1 0 1 
0.0000901250 0 3 3 3 2 1 1 0 
0.0000452500 0 3 3 3 2 2 0 2 
0.0000452500 0 3 3 3 2 2 2 0 
0.0000501875 0 3 3 3 2 3 3 3 
0.0000462500 0 3 3 3 3 0 1 1 
0.0000106250 0 3 3 3 3 0 3 3 
0.0000462500 0 3 3 3 3 1 0 1 
0.0000462500 0 3 3 3 3 1 1 0 
0.0000125000 0 3 3 3 3 1 2 3 
0.0000125000 0 3 3 3 3 1 3 2 
0.0000125000 0 3 3 3 3 2 1 3 
0.0000125000 0 3 3 3 3 2 3 1 
0.0000106250 0 3 3 3 3 3 0 3 
0.0000125000 0 3 3 3 3 3 1 2 
0.0000125000 0 3 3 3 3 3 2 1 
0.0000106250 0 3 3 3 3 3 3 0 
0.0000854375 1 0 0 0 0 0 0 1 
0.0000535625 1 0 0 0 0 0 0 2 
0.0000147500 1 0 0 0 0 0 0 3 
0.0000854375 1 0 0 0 0 0 1 0 
0.0000572500 1 0 0 0 0 0 1 1 
0.0000078125 1 0 0 0 0 0 1 2 
0.0000143750 1 0 0 0 0 0 1 3 
0.0000535625 1 0 0 0 0 0 2 0 
0.0000078125 1 0 0 0 0 0 2 1 
0.0000125000 1 0 0 0 0 0 2 3 
0.0000147500 1 0 0 0 0 0 3 0 
0.0000143750 1 0 0 0 0 0 3 1 
0.0000125000 1 0 0 0 0 0 3 2 
0.0000854375 1 0 0 0 0 1 0 0 
0.0000572500 1 0 0 0 0 1 0 1 
0.0000078125 1 0 0 0 0 1 0 2 
0.0000143750 1 0 0 0 0 1 0 3 
0.0000572500 1 0 0 0 0 1 1 0 
0.0000288750 1 0 0 0 0 1 1 2 
0.0000078125 1 0 0 0 0 1 2 0 
0.0000288750 1 0 0 0 0 1 2 1 
0.0000105625 1 0 0 0 0 1 2 2 
0.0000143750 1 0 0 0 0 1 3 0 
0.0000533125 1 0 0 0 0 1 3 3 
0.0000535625 1 0 0 0 0 2 0 0 
0.0000078125 1 0 0 0 0 2 0 1 
0.0000125000 1 0 0 0 0 2 0 3 
0.0000078125 1 0 0 0 0 2 1 0 
0.0000288750 1 0 0 0 0 2 1 1 
0.0000105625 1 0 0 0 0 2 1 2 
0.0000105625 1 0 0 0 0 2 2 1 
0.0001474375 1 0 0 0 0 2 2 2 
0.0000125000 1 0 0 0 0 2 3 0 
0.0000147500 1 0 0 0 0 3 0 0 
0.0000143750 1 0 0 0 0 3 0 1 
0.0000125000 1 0 0 0 0 3 0 2 
0.0000143750 1 0 0 0 0 3 1 0 
0.0000533125 1 0 0 0 0 3 1 3 
0.0000125000 1 0 0 0 0 3 2 0 
0.0000533125 1 0 0 0 0 3 3 1 
0.0001210625 1 0 0 0 0 3 3 3 
0.0001822500 1 0 0 0 1 0 0 0 
0.0000501875 1 0 0 0 1 0 0 2 
0.0000854375 1 0 0 0 1 0 1 1 
0.0000535625 1 0 0 0 1 0 1 2 
0.0000147500 1 0 0 0 1 0 1 3 
0.0000501875 1 0 0 0 1 0 2 0 
0.0000535625 1 0 0 0 1 0 2 1 
0.0000147500 1 0 0 0 1 0 3 1 
0.0000106250 1 0 0 0 1 0 3 3 
0.0000854375 1 0 0 0 1 1 0 1 
0.0000535625 1 0 0 0 1 1 0 2 
0.0000147500 1 0 0 0 1 1 0 3 
0.0000854375 1 0 0 0 1 1 1 0 
0.0000572500 1 0 0 0 1 1 1 1 
0.0000078125 1 0 0 0 1 1 1 2 
0.0000143750 1 0 0 0 1 1 1 3 
0.0000535625 1 0 0 0 1 1 2 0 
0.0000078125 1 0 0 0 1 1 2 1 
0.0000125000 1 0 0 0 1 1 2 3 
0.0000147500 1 0 0 0 1 1 3 0 
0.0000143750 1 0 0 0 1 1 3 1 
0.0000125000 1 0 0 0 1 1 3 2 
0.0000501875 1 0 0 0 1 2 0 0 
0.0000535625 1 0 0 0 1 2 0 1 
0.0000535625 1 0 0 0 1 2 1 0 
0.0000078125 1 0 0 0 1 2 1 1 
0.0000125000 1 0 0 0 1 2 1 3 
0.0000065000 1 0 0 0 1 2 2 2 
0.0000512500 1 0 0 0 1 2 2 3 
0.0000125000 1 0 0 0 1 2 3 1 
0.0000512500 1 0 0 0 1 2 3 2 
0.0000147500 1 0 0 0 1 3 0 1 
0.0000106250 1 0 0 0 1 3 0 3 
0.0000147500 1 0 0 0 1 3 1 0 
0.0000143750 1 0 0 0 1 3 1 1 
0.0000125000 1 0 0 0 1 3 1 2 
0.0000125000 1 0 0 0 1 3 2 1 
0.0000512500 1 0 0 0 1 3 2 2 
0.0000106250 1 0 0 0 1 3 3 0 
0.0000854375 1 0 0 1 0 0 0 0 
0.0000572500 1 0 0 1 0 0 1 0 
0.0000854375 1 0 0 1 0 0 1 1 
0.0000078125 1 0 0 1 0 0 2 0 
0.0000535625 1 0 0 1 0 0 2 1 
0.0000143750 1 0 0 1 0 0 3 0 
0.0000147500 1 0 0 1 0 0 3 1 
0.0000572500 1 0 0 1 0 1 0 0 
0.0000854375 1 0 0 1 0 1 0 1 
0.0000572500 1 0 0 1 0 1 1 1 
0.0000288750 1 0 0 1 0 1 2 0 
0.0000078125 1 0 0 1 0 1 2 1 
0.0000143750 1 0 0 1 0 1 3 1 
0.0000078125 1 0 0 1 0 2 0 0 
0.0000535625 1 0 0 1 0 2 0 1 
0.0000288750 1 0 0 1 0 2 1 0 
0.0000078125 1 0 0 1 0 2 1 1 
0.0000105625 1 0 0 1 0 2 2 0 
0.0000125000 1 0 0 1 0 2 3 1 
0.0000143750 1 0 0 1 0 3 0 0 
0.0000147500 1 0 0 1 0 3 0 1 
0.0000143750 1 0 0 1 0 3 1 1 
0.0000125000 1 0 0 1 0 3 2 1 
0.0000533125 1 0 0 1 0 3 3 0 
0.0001822500 1 0 0 1 1 0 0 1 
0.0000854375 1 0 0 1 1 0 1 0 
0.0000535625 1 0 0 1 1 0 2 0 
0.0000501875 1 0 0 1 1 0 2 1 
0.0000147500 1 0 0 1 1 0 3 0 
0.0000854375 1 0 0 1 1 1 0 0 
0.0000572500 1 0 0 1 1 1 1 0 
0.0000854375 1 0 0 1 1 1 1 1 
0.0000078125 1 0 0 1 1 1 2 0 
0.0000535625 1 0 0 1 1 1 2 1 
0.0000143750 1 0 0 1 1 1 3 0 
0.0000147500 1 0 0 1 1 1 3 1 
0.0000535625 1 0 0 1 1 2 0 0 
0.0000501875 1 0 0 1 1 2 0 1 
0.0000078125 1 0 0 1 1 2 1 0 
0.0000535625 1 0 0 1 1 2 1 1 
0.0000125000 1 0 0 1 1 2 3 0 
0.0000147500 1 0 0 1 1 3 0 0 
0.0000143750 1 0 0 1 1 3 1 0 
0.0000147500 1 0 0 1 1 3 1 1 
0.0000125000 1 0 0 1 1 3 2 0 
0.0000106250 1 0 0 1 1 3 3 1 
0.0000780625 1 0 0 1 2 0 1 2 
0.0000125000 1 0 0 1 2 0 1 3 
0.0000030625 1 0 0 1 2 0 2 2 
0.0000512500 1 0 0 1 2 0 2 3 
0.0000200625 1 0 0 1 2 0 3 2 
0.0000780625 1 0 0 1 2 1 0 2 
0.0000125000 1 0 0 1 2 1 0 3 
0.0000286875 1 0 0 1 2 1 2 2 
0.0000030625 1 0 0 1 2 2 0 2 
0.0000512500 1 0 0 1 2 2 0 3 
0.0000286875 1 0 0 1 2 2 1 2 
0.0000462500 1 0 0 1 2 2 2 2 
0.0000200625 1 0 0 1 2 3 0 2 
0.0000728125 1 0 0 1 2 3 3 2 
0.0000194375 1 0 0 1 2 3 3 3 
0.0000398125 1 0 0 1 3 0 0 3 
0.0000125000 1 0 0 1 3 0 1 2 
0.0000286875 1 0 0 1 3 0 1 3 
0.0000512500 1 0 0 1 3 0 2 2 
0.0000125000 1 0 0 1 3 1 0 2 
0.0000286875 1 0 0 1 3 1 0 3 
0.0000521875 1 0 0 1 3 1 3 3 
0.0000512500 1 0 0 1 3 2 0 2 
0.0000538125 1 0 0 1 3 2 2 3 
0.0000901250 1 0 0 1 3 2 3 3 
0.0000521875 1 0 0 1 3 3 1 3 
0.0000901250 1 0 0 1 3 3 2 3 
0.0000194375 1 0 0 1 3 3 3 2 
0.0000462500 1 0 0 1 3 3 3 3 
0.0000535625 1 0 0 2 0 0 0 0 
0.0000078125 1 0 0 2 0 0 1 0 
0.0000854375 1 0 0 2 0 0 1 2 
0.0000535625 1 0 0 2 0 0 2 2 
0.0000125000 1 0 0 2 0 0 3 0 
0.0000147500 1 0 0 2 0 0 3 2 
0.0000078125 1 0 0 2 0 1 0 0 
0.0000854375 1 0 0 2 0 1 0 2 
0.0000288750 1 0 0 2 0 1 1 0 
0.0000572500 1 0 0 2 0 1 1 2 
0.0000105625 1 0 0 2 0 1 2 0 
0.0000078125 1 0 0 2 0 1 2 2 
0.0000143750 1 0 0 2 0 1 3 2 
0.0000535625 1 0 0 2 0 2 0 2 
0.0000105625 1 0 0 2 0 2 1 0 
0.0000078125 1 0 0 2 0 2 1 2 
0.0001474375 1 0 0 2 0 2 2 0 
0.0000125000 1 0 0 2 0 2 3 2 
0.0000125000 1 0 0 2 0 3 0 0 
0.0000147500 1 0 0 2 0 3 0 2 
0.0000143750 1 0 0 2 0 3 1 2 
0.0000125000 1 0 0 2 0 3 2 2 
0.0000501875 1 0 0 2 1 0 0 0 
0.0001822500 1 0 0 2 1 0 0 2 
0.0000535625 1 0 0 2 1 0 1 0 
0.0000501875 1 0 0 2 1 0 2 2 
0.0000535625 1 0 0 2 1 1 0 0 
0.0000078125 1 0 0 2 1 1 1 0 
0.0000854375 1 0 0 2 1 1 1 2 
0.0000535625 1 0 0 2 1 1 2 2 
0.0000125000 1 0 0 2 1 1 3 0 
0.0000147500 1 0 0 2 1 1 3 2 
0.0000501875 1 0 0 2 1 2 0 2 
0.0000535625 1 0 0 2 1 2 1 2 
0.0000065000 1 0 0 2 1 2 2 0 
0.0000512500 1 0 0 2 1 2 3 0 
0.0000125000 1 0 0 2 1 3 1 0 
0.0000147500 1 0 0 2 1 3 1 2 
0.0000512500 1 0 0 2 1 3 2 0 
0.0000106250 1 0 0 2 1 3 3 2 
0.0000106250 1 0 0 2 2 0 0 1 
0.0000780625 1 0 0 2 2 0 3 3 
0.0000533125 1 0 0 2 2 1 1 1 
0.0000452500 1 0 0 2 2 1 2 3 
0.0001210625 1 0 0 2 2 1 3 1 
0.0000452500 1 0 0 2 2 2 1 3 
0.0000521875 1 0 0 2 2 2 2 3 
0.0000194375 1 0 0 2 2 2 3 1 
0.0000286875 1 0 0 2 2 2 3 3 
0.0000780625 1 0 0 2 2 3 0 3 
0.0001210625 1 0 0 2 2 3 1 1 
0.0000194375 1 0 0 2 2 3 2 1 
0.0000286875 1 0 0 2 2 3 2 3 
0.0000221250 1 0 0 2 3 0 0 1 
0.0000535625 1 0 0 2 3 0 0 3 
0.0000078125 1 0 0 2 3 0 1 3 
0.0000030625 1 0 0 2 3 0 3 1 
0.0000125000 1 0 0 2 3 0 3 3 
0.0000078125 1 0 0 2 3 1 0 3 
0.0000452500 1 0 0 2 3 1 1 1 
0.0000288750 1 0 0 2 3 1 1 3 
0.0000521875 1 0 0 2 3 1 2 1 
0.0000105625 1 0 0 2 3 1 2 3 
0.0000286875 1 0 0 2 3 1 3 1 
0.0000521875 1 0 0 2 3 2 1 1 
0.0000105625 1 0 0 2 3 2 1 3 
0.0000901250 1 0 0 2 3 2 2 1 
0.0001474375 1 0 0 2 3 2 2 3 
0.0000462500 1 0 0 2 3 2 3 1 
0.0000030625 1 0 0 2 3 3 0 1 
0.0000125000 1 0 0 2 3 3 0 3 
0.0000286875 1 0 0 2 3 3 1 1 
0.0000462500 1 0 0 2 3 3 2 1 
0.0000147500 1 0 0 3 0 0 0 0 
0.0000143750 1 0 0 3 0 0 1 0 
0.0000854375 1 0 0 3 0 0 1 3 
0.0000125000 1 0 0 3 0 0 2 0 
0.0000535625 1 0 0 3 0 0 2 3 
0.0000147500 1 0 0 3 0 0 3 3 
0.0000143750 1 0 0 3 0 1 0 0 
0.0000854375 1 0 0 3 0 1 0 3 
0.0000572500 1 0 0 3 0 1 1 3 
0.0000078125 1 0 0 3 0 1 2 3 
0.0000533125 1 0 0 3 0 1 3 0 
0.0000143750 1 0 0 3 0 1 3 3 
0.0000125000 1 0 0 3 0 2 0 0 
0.0000535625 1 0 0 3 0 2 0 3 
0.0000078125 1 0 0 3 0 2 1 3 
0.0000125000 1 0 0 3 0 2 3 3 
0.0000147500 1 0 0 3 0 3 0 3 
0.0000533125 1 0 0 3 0 3 1 0 
0.0000143750 1 0 0 3 0 3 1 3 
0.0000125000 1 0 0 3 0 3 2 3 
0.0001210625 1 0 0 3 0 3 3 0 
0.0001822500 1 0 0 3 1 0 0 3 
0.0000147500 1 0 0 3 1 0 1 0 
0.0000501875 1 0 0 3 1 0 2 3 
0.0000106250 1 0 0 3 1 0 3 0 
0.0000147500 1 0 0 3 1 1 0 0 
0.0000143750 1 0 0 3 1 1 1 0 
0.0000854375 1 0 0 3 1 1 1 3 
0.0000125000 1 0 0 3 1 1 2 0 
0.0000535625 1 0 0 3 1 1 2 3 
0.0000147500 1 0 0 3 1 1 3 3 
0.0000501875 1 0 0 3 1 2 0 3 
0.0000125000 1 0 0 3 1 2 1 0 
0.0000535625 1 0 0 3 1 2 1 3 
0.0000512500 1 0 0 3 1 2 2 0 
0.0000106250 1 0 0 3 1 3 0 0 
0.0000147500 1 0 0 3 1 3 1 3 
0.0000106250 1 0 0 3 1 3 3 3 
0.0000221250 1 0 0 3 2 0 0 1 
0.0000147500 1 0 0 3 2 0 0 2 
0.0000143750 1 0 0 3 2 0 1 2 
0.0000125000 1 0 0 3 2 0 2 2 
0.0000030625 1 0 0 3 2 0 3 1 
0.0000143750 1 0 0 3 2 1 0 2 
0.0000452500 1 0 0 3 2 1 1 1 
0.0000521875 1 0 0 3 2 1 2 1 
0.0000286875 1 0 0 3 2 1 3 1 
0.0000533125 1 0 0 3 2 1 3 2 
0.0000125000 1 0 0 3 2 2 0 2 
0.0000521875 1 0 0 3 2 2 1 1 
0.0000901250 1 0 0 3 2 2 2 1 
0.0000462500 1 0 0 3 2 2 3 1 
0.0000030625 1 0 0 3 2 3 0 1 
0.0000286875 1 0 0 3 2 3 1 1 
0.0000533125 1 0 0 3 2 3 1 2 
0.0000462500 1 0 0 3 2 3 2 1 
0.0001210625 1 0 0 3 2 3 3 2 
0.0000065000 1 0 0 3 3 0 2 1 
0.0000286875 1 0 0 3 3 0 2 2 
0.0000512500 1 0 0 3 3 0 3 1 
0.0000105625 1 0 0 3 3 1 1 1 
0.0001474375 1 0 0 3 3 1 2 1 
0.0000452500 1 0 0 3 3 1 3 2 
0.0000065000 1 0 0 3 3 2 0 1 
0.0000286875 1 0 0 3 3 2 0 2 
0.0001474375 1 0 0 3 3 2 1 1 
0.0000521875 1 0 0 3 3 2 3 2 
0.0000512500 1 0 0 3 3 3 0 1 
0.0000452500 1 0 0 3 3 3 1 2 
0.0000521875 1 0 0 3 3 3 2 2 
0.0000286875 1 0 0 3 3 3 3 2 
0.0000854375 1 0 1 0 0 0 0 0 
0.0000572500 1 0 1 0 0 0 0 1 
0.0000078125 1 0 1 0 0 0 0 2 
0.0000143750 1 0 1 0 0 0 0 3 
0.0000854375 1 0 1 0 0 0 1 1 
0.0000535625 1 0 1 0 0 0 1 2 
0.0000147500 1 0 1 0 0 0 1 3 
0.0000572500 1 0 1 0 0 1 0 0 
0.0000288750 1 0 1 0 0 1 0 2 
0.0000854375 1 0 1 0 0 1 1 0 
0.0000572500 1 0 1 0 0 1 1 1 
0.0000078125 1 0 1 0 0 1 1 2 
0.0000143750 1 0 1 0 0 1 1 3 
0.0000078125 1 0 1 0 0 2 0 0 
0.0000288750 1 0 1 0 0 2 0 1 
0.0000105625 1 0 1 0 0 2 0 2 
0.0000535625 1 0 1 0 0 2 1 0 
0.0000078125 1 0 1 0 0 2 1 1 
0.0000125000 1 0 1 0 0 2 1 3 
0.0000143750 1 0 1 0 0 3 0 0 
0.0000533125 1 0 1 0 0 3 0 3 
0.0000147500 1 0 1 0 0 3 1 0 
0.0000143750 1 0 1 0 0 3 1 1 
0.0000125000 1 0 1 0 0 3 1 2 
0.0000854375 1 0 1 0 1 0 0 1 
0.0000535625 1 0 1 0 1 0 0 2 
0.0000147500 1 0 1 0 1 0 0 3 
0.0001822500 1 0 1 0 1 0 1 0 
0.0000501875 1 0 1 0 1 0 1 2 
0.0000854375 1 0 1 0 1 1 0 0 
0.0000572500 1 0 1 0 1 1 0 1 
0.0000078125 1 0 1 0 1 1 0 2 
0.0000143750 1 0 1 0 1 1 0 3 
0.0000854375 1 0 1 0 1 1 1 1 
0.0000535625 1 0 1 0 1 1 1 2 
0.0000147500 1 0 1 0 1 1 1 3 
0.0000535625 1 0 1 0 1 2 0 0 
0.0000078125 1 0 1 0 1 2 0 1 
0.0000125000 1 0 1 0 1 2 0 3 
0.0000501875 1 0 1 0 1 2 1 0 
0.0000535625 1 0 1 0 1 2 1 1 
0.0000147500 1 0 1 0 1 3 0 0 
0.0000143750 1 0 1 0 1 3 0 1 
0.0000125000 1 0 1 0 1 3 0 2 
0.0000147500 1 0 1 0 1 3 1 1 
0.0000106250 1 0 1 0 1 3 1 3 
0.0000780625 1 0 1 0 2 0 2 1 
0.0000030625 1 0 1 0 2 0 2 2 
0.0000200625 1 0 1 0 2 0 2 3 
0.0000125000 1 0 1 0 2 0 3 1 
0.0000512500 1 0 1 0 2 0 3 2 
0.0000780625 1 0 1 0 2 1 2 0 
0.0000286875 1 0 1 0 2 1 2 2 
0.0000125000 1 0 1 0 2 1 3 0 
0.0000030625 1 0 1 0 2 2 2 0 
0.0000286875 1 0 1 0 2 2 2 1 
0.0000462500 1 0 1 0 2 2 2 2 
0.0000512500 1 0 1 0 2 2 3 0 
0.0000200625 1 0 1 0 2 3 2 0 
0.0000728125 1 0 1 0 2 3 2 3 
0.0000194375 1 0 1 0 2 3 3 3 
0.0000125000 1 0 1 0 3 0 2 1 
0.0000512500 1 0 1 0 3 0 2 2 
0.0000398125 1 0 1 0 3 0 3 0 
0.0000286875 1 0 1 0 3 0 3 1 
0.0000125000 1 0 1 0 3 1 2 0 
0.0000286875 1 0 1 0 3 1 3 0 
0.0000521875 1 0 1 0 3 1 3 3 
0.0000512500 1 0 1 0 3 2 2 0 
0.0000538125 1 0 1 0 3 2 3 2 
0.0000901250 1 0 1 0 3 2 3 3 
0.0000194375 1 0 1 0 3 3 2 3 
0.0000521875 1 0 1 0 3 3 3 1 
0.0000901250 1 0 1 0 3 3 3 2 
0.0000462500 1 0 1 0 3 3 3 3 
0.0000572500 1 0 1 1 0 0 0 0 
0.0000854375 1 0 1 1 0 0 0 1 
0.0000854375 1 0 1 1 0 0 1 0 
0.0000780625 1 0 1 1 0 0 2 2 
0.0000125000 1 0 1 1 0 0 2 3 
0.0000125000 1 0 1 1 0 0 3 2 
0.0000286875 1 0 1 1 0 0 3 3 
0.0000572500 1 0 1 1 0 1 0 1 
0.0000572500 1 0 1 1 0 1 1 0 
0.0000854375 1 0 1 1 0 1 1 1 
0.0000288750 1 0 1 1 0 2 0 0 
0.0000078125 1 0 1 1 0 2 0 1 
0.0000078125 1 0 1 1 0 2 1 0 
0.0000535625 1 0 1 1 0 2 1 1 
0.0000286875 1 0 1 1 0 2 2 2 
0.0000143750 1 0 1 1 0 3 0 1 
0.0000143750 1 0 1 1 0 3 1 0 
0.0000147500 1 0 1 1 0 3 1 1 
0.0000521875 1 0 1 1 0 3 3 3 
0.0000854375 1 0 1 1 1 0 0 0 
0.0001822500 1 0 1 1 1 0 1 1 
0.0000398125 1 0 1 1 1 0 3 3 
0.0000572500 1 0 1 1 1 1 0 0 
0.0000854375 1 0 1 1 1 1 0 1 
0.0000854375 1 0 1 1 1 1 1 0 
0.0000780625 1 0 1 1 1 1 2 2 
0.0000125000 1 0 1 1 1 1 2 3 
0.0000125000 1 0 1 1 1 1 3 2 
0.0000286875 1 0 1 1 1 1 3 3 
0.0000078125 1 0 1 1 1 2 0 0 
0.0000535625 1 0 1 1 1 2 0 1 
0.0000535625 1 0 1 1 1 2 1 0 
0.0000501875 1 0 1 1 1 2 1 1 
0.0000030625 1 0 1 1 1 2 2 2 
0.0000512500 1 0 1 1 1 2 2 3 
0.0000512500 1 0 1 1 1 2 3 2 
0.0000143750 1 0 1 1 1 3 0 0 
0.0000147500 1 0 1 1 1 3 0 1 
0.0000147500 1 0 1 1 1 3 1 0 
0.0000200625 1 0 1 1 1 3 2 2 
0.0000780625 1 0 1 1 2 0 0 2 
0.0000125000 1 0 1 1 2 0 0 3 
0.0000780625 1 0 1 1 2 0 2 0 
0.0000125000 1 0 1 1 2 0 3 0 
0.0000780625 1 0 1 1 2 1 1 2 
0.0000125000 1 0 1 1 2 1 1 3 
0.0000780625 1 0 1 1 2 1 2 1 
0.0000125000 1 0 1 1 2 1 3 1 
0.0000286875 1 0 1 1 2 2 0 2 
0.0000030625 1 0 1 1 2 2 1 2 
0.0000512500 1 0 1 1 2 2 1 3 
0.0000286875 1 0 1 1 2 2 2 0 
0.0000030625 1 0 1 1 2 2 2 1 
0.0000512500 1 0 1 1 2 2 3 1 
0.0000200625 1 0 1 1 2 3 1 2 
0.0000200625 1 0 1 1 2 3 2 1 
0.0000125000 1 0 1 1 3 0 0 2 
0.0000286875 1 0 1 1 3 0 0 3 
0.0000398125 1 0 1 1 3 0 1 3 
0.0000125000 1 0 1 1 3 0 2 0 
0.0000286875 1 0 1 1 3 0 3 0 
0.0000398125 1 0 1 1 3 0 3 1 
0.0000125000 1 0 1 1 3 1 1 2 
0.0000286875 1 0 1 1 3 1 1 3 
0.0000125000 1 0 1 1 3 1 2 1 
0.0000286875 1 0 1 1 3 1 3 1 
0.0000512500 1 0 1 1 3 2 1 2 
0.0000512500 1 0 1 1 3 2 2 1 
0.0000521875 1 0 1 1 3 3 0 3 
0.0000521875 1 0 1 1 3 3 3 0 
0.0000078125 1 0 1 2 0 0 0 0 
0.0000854375 1 0 1 2 0 0 0 2 
0.0000535625 1 0 1 2 0 0 1 0 
0.0000078125 1 0 1 2 0 0 3 3 
0.0000288750 1 0 1 2 0 1 0 0 
0.0000572500 1 0 1 2 0 1 0 2 
0.0000078125 1 0 1 2 0 1 1 0 
0.0000854375 1 0 1 2 0 1 1 2 
0.0000533125 1 0 1 2 0 1 2 1 
0.0000452500 1 0 1 2 0 1 3 1 
0.0000288750 1 0 1 2 0 1 3 3 
0.0000105625 1 0 1 2 0 2 0 0 
0.0000078125 1 0 1 2 0 2 0 2 
0.0000535625 1 0 1 2 0 2 1 2 
0.0000452500 1 0 1 2 0 2 2 3 
0.0000521875 1 0 1 2 0 2 3 1 
0.0000105625 1 0 1 2 0 2 3 3 
0.0000143750 1 0 1 2 0 3 0 2 
0.0000125000 1 0 1 2 0 3 1 0 
0.0000147500 1 0 1 2 0 3 1 2 
0.0001210625 1 0 1 2 0 3 2 1 
0.0000286875 1 0 1 2 0 3 3 1 
0.0000535625 1 0 1 2 1 0 0 0 
0.0000501875 1 0 1 2 1 0 1 0 
0.0001822500 1 0 1 2 1 0 1 2 
0.0000106250 1 0 1 2 1 0 2 1 
0.0000221250 1 0 1 2 1 0 3 1 
0.0000535625 1 0 1 2 1 0 3 3 
0.0000078125 1 0 1 2 1 1 0 0 
0.0000854375 1 0 1 2 1 1 0 2 
0.0000535625 1 0 1 2 1 1 1 0 
0.0000078125 1 0 1 2 1 1 3 3 
0.0000535625 1 0 1 2 1 2 0 2 
0.0000501875 1 0 1 2 1 2 1 2 
0.0000125000 1 0 1 2 1 3 0 0 
0.0000147500 1 0 1 2 1 3 0 2 
0.0000780625 1 0 1 2 1 3 2 3 
0.0000030625 1 0 1 2 1 3 3 1 
0.0000125000 1 0 1 2 1 3 3 3 
0.0000106250 1 0 1 2 2 0 1 1 
0.0000030625 1 0 1 2 2 0 2 0 
0.0000512500 1 0 1 2 2 0 3 0 
0.0000533125 1 0 1 2 2 1 0 1 
0.0000286875 1 0 1 2 2 1 2 0 
0.0000780625 1 0 1 2 2 1 2 2 
0.0000125000 1 0 1 2 2 1 3 2 
0.0000452500 1 0 1 2 2 2 0 3 
0.0000462500 1 0 1 2 2 2 2 0 
0.0000030625 1 0 1 2 2 2 2 2 
0.0000512500 1 0 1 2 2 2 3 2 
0.0001210625 1 0 1 2 2 3 0 1 
0.0000780625 1 0 1 2 2 3 1 3 
0.0000200625 1 0 1 2 2 3 2 2 
0.0000078125 1 0 1 2 3 0 0 3 
0.0000221250 1 0 1 2 3 0 1 1 
0.0000535625 1 0 1 2 3 0 1 3 
0.0000512500 1 0 1 2 3 0 2 0 
0.0000398125 1 0 1 2 3 0 3 2 
0.0000452500 1 0 1 2 3 1 0 1 
0.0000288750 1 0 1 2 3 1 0 3 
0.0000078125 1 0 1 2 3 1 1 3 
0.0000125000 1 0 1 2 3 1 2 2 
0.0000286875 1 0 1 2 3 1 3 2 
0.0000521875 1 0 1 2 3 2 0 1 
0.0000105625 1 0 1 2 3 2 0 3 
0.0000512500 1 0 1 2 3 2 2 2 
0.0000538125 1 0 1 2 3 2 3 0 
0.0000286875 1 0 1 2 3 3 0 1 
0.0000030625 1 0 1 2 3 3 1 1 
0.0000125000 1 0 1 2 3 3 1 3 
0.0000901250 1 0 1 2 3 3 3 0 
0.0000143750 1 0 1 3 0 0 0 0 
0.0000854375 1 0 1 3 0 0 0 3 
0.0000147500 1 0 1 3 0 0 1 0 
0.0000143750 1 0 1 3 0 0 2 2 
0.0000572500 1 0 1 3 0 1 0 3 
0.0000143750 1 0 1 3 0 1 1 0 
0.0000854375 1 0 1 3 0 1 1 3 
0.0000452500 1 0 1 3 0 1 2 1 
0.0000105625 1 0 1 3 0 1 3 1 
0.0000078125 1 0 1 3 0 2 0 3 
0.0000125000 1 0 1 3 0 2 1 0 
0.0000535625 1 0 1 3 0 2 1 3 
0.0000521875 1 0 1 3 0 2 2 1 
0.0001474375 1 0 1 3 0 2 3 1 
0.0000533125 1 0 1 3 0 3 0 0 
0.0000143750 1 0 1 3 0 3 0 3 
0.0000147500 1 0 1 3 0 3 1 3 
0.0000286875 1 0 1 3 0 3 2 1 
0.0000533125 1 0 1 3 0 3 2 2 
0.0000452500 1 0 1 3 0 3 3 2 
0.0000147500 1 0 1 3 1 0 0 0 
0.0001822500 1 0 1 3 1 0 1 3 
0.0000221250 1 0 1 3 1 0 2 1 
0.0000147500 1 0 1 3 1 0 2 2 
0.0000143750 1 0 1 3 1 1 0 0 
0.0000854375 1 0 1 3 1 1 0 3 
0.0000147500 1 0 1 3 1 1 1 0 
0.0000143750 1 0 1 3 1 1 2 2 
0.0000125000 1 0 1 3 1 2 0 0 
0.0000535625 1 0 1 3 1 2 0 3 
0.0000501875 1 0 1 3 1 2 1 3 
0.0000125000 1 0 1 3 1 2 2 2 
0.0000065000 1 0 1 3 1 2 3 1 
0.0000286875 1 0 1 3 1 2 3 2 
0.0000147500 1 0 1 3 1 3 0 3 
0.0000106250 1 0 1 3 1 3 1 0 
0.0000030625 1 0 1 3 1 3 2 1 
0.0000512500 1 0 1 3 1 3 3 1 
0.0000143750 1 0 1 3 2 0 0 2 
0.0000221250 1 0 1 3 2 0 1 1 
0.0000147500 1 0 1 3 2 0 1 2 
0.0000200625 1 0 1 3 2 0 2 0 
0.0000452500 1 0 1 3 2 1 0 1 
0.0000143750 1 0 1 3 2 1 1 2 
0.0000780625 1 0 1 3 2 1 2 3 
0.0000125000 1 0 1 3 2 1 3 3 
0.0000521875 1 0 1 3 2 2 0 1 
0.0000125000 1 0 1 3 2 2 1 2 
0.0000030625 1 0 1 3 2 2 2 3 
0.0000512500 1 0 1 3 2 2 3 3 
0.0000286875 1 0 1 3 2 3 0 1 
0.0000533125 1 0 1 3 2 3 0 2 
0.0000030625 1 0 1 3 2 3 1 1 
0.0000728125 1 0 1 3 2 3 2 0 
0.0000200625 1 0 1 3 2 3 2 3 
0.0000194375 1 0 1 3 2 3 3 0 
0.0000398125 1 0 1 3 3 0 3 3 
0.0000105625 1 0 1 3 3 1 0 1 
0.0000125000 1 0 1 3 3 1 2 3 
0.0000521875 1 0 1 3 3 1 3 0 
0.0000286875 1 0 1 3 3 1 3 3 
0.0001474375 1 0 1 3 3 2 0 1 
0.0000065000 1 0 1 3 3 2 1 1 
0.0000286875 1 0 1 3 3 2 1 2 
0.0000512500 1 0 1 3 3 2 2 3 
0.0000901250 1 0 1 3 3 2 3 0 
0.0000452500 1 0 1 3 3 3 0 2 
0.0000512500 1 0 1 3 3 3 1 1 
0.0000194375 1 0 1 3 3 3 2 0 
0.0000462500 1 0 1 3 3 3 3 0 
0.0000535625 1 0 2 0 0 0 0 0 
0.0000078125 1 0 2 0 0 0 0 1 
0.0000125000 1 0 2 0 0 0 0 3 
0.0000854375 1 0 2 0 0 0 2 1 
0.0000535625 1 0 2 0 0 0 2 2 
0.0000147500 1 0 2 0 0 0 2 3 
0.0000078125 1 0 2 0 0 1 0 0 
0.0000288750 1 0 2 0 0 1 0 1 
0.0000105625 1 0 2 0 0 1 0 2 
0.0000854375 1 0 2 0 0 1 2 0 
0.0000572500 1 0 2 0 0 1 2 1 
0.0000078125 1 0 2 0 0 1 2 2 
0.0000143750 1 0 2 0 0 1 2 3 
0.0000105625 1 0 2 0 0 2 0 1 
0.0001474375 1 0 2 0 0 2 0 2 
0.0000535625 1 0 2 0 0 2 2 0 
0.0000078125 1 0 2 0 0 2 2 1 
0.0000125000 1 0 2 0 0 2 2 3 
0.0000125000 1 0 2 0 0 3 0 0 
0.0000147500 1 0 2 0 0 3 2 0 
0.0000143750 1 0 2 0 0 3 2 1 
0.0000125000 1 0 2 0 0 3 2 2 
0.0000501875 1 0 2 0 1 0 0 0 
0.0000535625 1 0 2 0 1 0 0 1 
0.0001822500 1 0 2 0 1 0 2 0 
0.0000501875 1 0 2 0 1 0 2 2 
0.0000535625 1 0 2 0 1 1 0 0 
0.0000078125 1 0 2 0 1 1 0 1 
0.0000125000 1 0 2 0 1 1 0 3 
0.0000854375 1 0 2 0 1 1 2 1 
0.0000535625 1 0 2 0 1 1 2 2 
0.0000147500 1 0 2 0 1 1 2 3 
0.0000065000 1 0 2 0 1 2 0 2 
0.0000512500 1 0 2 0 1 2 0 3 
0.0000501875 1 0 2 0 1 2 2 0 
0.0000535625 1 0 2 0 1 2 2 1 
0.0000125000 1 0 2 0 1 3 0 1 
0.0000512500 1 0 2 0 1 3 0 2 
0.0000147500 1 0 2 0 1 3 2 1 
0.0000106250 1 0 2 0 1 3 2 3 
0.0000106250 1 0 2 0 2 0 1 0 
0.0000780625 1 0 2 0 2 0 3 3 
0.0000533125 1 0 2 0 2 1 1 1 
0.0001210625 1 0 2 0 2 1 1 3 
0.0000452500 1 0 2 0 2 1 3 2 
0.0000194375 1 0 2 0 2 2 1 3 
0.0000452500 1 0 2 0 2 2 3 1 
0.0000521875 1 0 2 0 2 2 3 2 
0.0000286875 1 0 2 0 2 2 3 3 
0.0001210625 1 0 2 0 2 3 1 1 
0.0000194375 1 0 2 0 2 3 1 2 
0.0000780625 1 0 2 0 2 3 3 0 
0.0000286875 1 0 2 0 2 3 3 2 
0.0000221250 1 0 2 0 3 0 1 0 
0.0000030625 1 0 2 0 3 0 1 3 
0.0000535625 1 0 2 0 3 0 3 0 
0.0000078125 1 0 2 0 3 0 3 1 
0.0000125000 1 0 2 0 3 0 3 3 
0.0000452500 1 0 2 0 3 1 1 1 
0.0000521875 1 0 2 0 3 1 1 2 
0.0000286875 1 0 2 0 3 1 1 3 
0.0000078125 1 0 2 0 3 1 3 0 
0.0000288750 1 0 2 0 3 1 3 1 
0.0000105625 1 0 2 0 3 1 3 2 
0.0000521875 1 0 2 0 3 2 1 1 
0.0000901250 1 0 2 0 3 2 1 2 
0.0000462500 1 0 2 0 3 2 1 3 
0.0000105625 1 0 2 0 3 2 3 1 
0.0001474375 1 0 2 0 3 2 3 2 
0.0000030625 1 0 2 0 3 3 1 0 
0.0000286875 1 0 2 0 3 3 1 1 
0.0000462500 1 0 2 0 3 3 1 2 
0.0000125000 1 0 2 0 3 3 3 0 
0.0000078125 1 0 2 1 0 0 0 0 
0.0000535625 1 0 2 1 0 0 0 1 
0.0000854375 1 0 2 1 0 0 2 0 
0.0000078125 1 0 2 1 0 0 3 3 
0.0000288750 1 0 2 1 0 1 0 0 
0.0000078125 1 0 2 1 0 1 0 1 
0.0000533125 1 0 2 1 0 1 1 2 
0.0000452500 1 0 2 1 0 1 1 3 
0.0000572500 1 0 2 1 0 1 2 0 
0.0000854375 1 0 2 1 0 1 2 1 
0.0000288750 1 0 2 1 0 1 3 3 
0.0000105625 1 0 2 1 0 2 0 0 
0.0000521875 1 0 2 1 0 2 1 3 
0.0000078125 1 0 2 1 0 2 2 0 
0.0000535625 1 0 2 1 0 2 2 1 
0.0000452500 1 0 2 1 0 2 3 2 
0.0000105625 1 0 2 1 0 2 3 3 
0.0000125000 1 0 2 1 0 3 0 1 
0.0001210625 1 0 2 1 0 3 1 2 
0.0000286875 1 0 2 1 0 3 1 3 
0.0000143750 1 0 2 1 0 3 2 0 
0.0000147500 1 0 2 1 0 3 2 1 
0.0000535625 1 0 2 1 1 0 0 0 
0.0000501875 1 0 2 1 1 0 0 1 
0.0000106250 1 0 2 1 1 0 1 2 
0.0000221250 1 0 2 1 1 0 1 3 
0.0001822500 1 0 2 1 1 0 2 1 
0.0000535625 1 0 2 1 1 0 3 3 
0.0000078125 1 0 2 1 1 1 0 0 
0.0000535625 1 0 2 1 1 1 0 1 
0.0000854375 1 0 2 1 1 1 2 0 
0.0000078125 1 0 2 1 1 1 3 3 
0.0000535625 1 0 2 1 1 2 2 0 
0.0000501875 1 0 2 1 1 2 2 1 
0.0000125000 1 0 2 1 1 3 0 0 
0.0000030625 1 0 2 1 1 3 1 3 
0.0000147500 1 0 2 1 1 3 2 0 
0.0000780625 1 0 2 1 1 3 3 2 
0.0000125000 1 0 2 1 1 3 3 3 
0.0000030625 1 0 2 1 2 0 0 2 
0.0000512500 1 0 2 1 2 0 0 3 
0.0000106250 1 0 2 1 2 0 1 1 
0.0000286875 1 0 2 1 2 1 0 2 
0.0000533125 1 0 2 1 2 1 1 0 
0.0000780625 1 0 2 1 2 1 2 2 
0.0000125000 1 0 2 1 2 1 2 3 
0.0000462500 1 0 2 1 2 2 0 2 
0.0000030625 1 0 2 1 2 2 2 2 
0.0000512500 1 0 2 1 2 2 2 3 
0.0000452500 1 0 2 1 2 2 3 0 
0.0001210625 1 0 2 1 2 3 1 0 
0.0000200625 1 0 2 1 2 3 2 2 
0.0000780625 1 0 2 1 2 3 3 1 
0.0000512500 1 0 2 1 3 0 0 2 
0.0000221250 1 0 2 1 3 0 1 1 
0.0000398125 1 0 2 1 3 0 2 3 
0.0000078125 1 0 2 1 3 0 3 0 
0.0000535625 1 0 2 1 3 0 3 1 
0.0000452500 1 0 2 1 3 1 1 0 
0.0000125000 1 0 2 1 3 1 2 2 
0.0000286875 1 0 2 1 3 1 2 3 
0.0000288750 1 0 2 1 3 1 3 0 
0.0000078125 1 0 2 1 3 1 3 1 
0.0000538125 1 0 2 1 3 2 0 3 
0.0000521875 1 0 2 1 3 2 1 0 
0.0000512500 1 0 2 1 3 2 2 2 
0.0000105625 1 0 2 1 3 2 3 0 
0.0000901250 1 0 2 1 3 3 0 3 
0.0000286875 1 0 2 1 3 3 1 0 
0.0000030625 1 0 2 1 3 3 1 1 
0.0000125000 1 0 2 1 3 3 3 1 
0.0000535625 1 0 2 2 0 0 0 2 
0.0000780625 1 0 2 2 0 0 1 1 
0.0000143750 1 0 2 2 0 0 1 3 
0.0000535625 1 0 2 2 0 0 2 0 
0.0000143750 1 0 2 2 0 0 3 1 
0.0000105625 1 0 2 2 0 1 0 0 
0.0000078125 1 0 2 2 0 1 0 2 
0.0000078125 1 0 2 2 0 1 2 0 
0.0000854375 1 0 2 2 0 1 2 2 
0.0000081875 1 0 2 2 0 1 3 3 
0.0001474375 1 0 2 2 0 2 0 0 
0.0000286875 1 0 2 2 0 2 1 1 
0.0000535625 1 0 2 2 0 2 2 2 
0.0000125000 1 0 2 2 0 3 0 2 
0.0000533125 1 0 2 2 0 3 1 3 
0.0000125000 1 0 2 2 0 3 2 0 
0.0000147500 1 0 2 2 0 3 2 2 
0.0000533125 1 0 2 2 0 3 3 1 
0.0000501875 1 0 2 2 1 0 0 2 
0.0000147500 1 0 2 2 1 0 1 3 
0.0000501875 1 0 2 2 1 0 2 0 
0.0001822500 1 0 2 2 1 0 2 2 
0.0000147500 1 0 2 2 1 0 3 1 
0.0000535625 1 0 2 2 1 1 0 2 
0.0000780625 1 0 2 2 1 1 1 1 
0.0000143750 1 0 2 2 1 1 1 3 
0.0000535625 1 0 2 2 1 1 2 0 
0.0000143750 1 0 2 2 1 1 3 1 
0.0000065000 1 0 2 2 1 2 0 0 
0.0000030625 1 0 2 2 1 2 1 1 
0.0000125000 1 0 2 2 1 2 1 3 
0.0000501875 1 0 2 2 1 2 2 2 
0.0000125000 1 0 2 2 1 2 3 1 
0.0000512500 1 0 2 2 1 3 0 0 
0.0000200625 1 0 2 2 1 3 1 1 
0.0000106250 1 0 2 2 2 0 1 2 
0.0000106250 1 0 2 2 2 0 2 1 
0.0000452500 1 0 2 2 2 1 0 3 
0.0000452500 1 0 2 2 2 1 3 0 
0.0000521875 1 0 2 2 2 2 0 3 
0.0000521875 1 0 2 2 2 2 3 0 
0.0000194375 1 0 2 2 2 3 0 1 
0.0000286875 1 0 2 2 2 3 0 3 
0.0000194375 1 0 2 2 2 3 1 0 
0.0000780625 1 0 2 2 2 3 2 3 
0.0000286875 1 0 2 2 2 3 3 0 
0.0000780625 1 0 2 2 2 3 3 2 
0.0000221250 1 0 2 2 3 0 1 2 
0.0000221250 1 0 2 2 3 0 2 1 
0.0000535625 1 0 2 2 3 0 2 3 
0.0000535625 1 0 2 2 3 0 3 2 
0.0000521875 1 0 2 2 3 1 0 1 
0.0000105625 1 0 2 2 3 1 0 3 
0.0000521875 1 0 2 2 3 1 1 0 
0.0000078125 1 0 2 2 3 1 2 3 
0.0000105625 1 0 2 2 3 1 3 0 
0.0000078125 1 0 2 2 3 1 3 2 
0.0000901250 1 0 2 2 3 2 0 1 
0.0001474375 1 0 2 2 3 2 0 3 
0.0000901250 1 0 2 2 3 2 1 0 
0.0001474375 1 0 2 2 3 2 3 0 
0.0000462500 1 0 2 2 3 3 0 1 
0.0000462500 1 0 2 2 3 3 1 0 
0.0000030625 1 0 2 2 3 3 1 2 
0.0000030625 1 0 2 2 3 3 2 1 
0.0000125000 1 0 2 2 3 3 2 3 
0.0000125000 1 0 2 2 3 3 3 2 
0.0000125000 1 0 2 3 0 0 0 0 
0.0000535625 1 0 2 3 0 0 0 3 
0.0000125000 1 0 2 3 0 0 1 1 
0.0000147500 1 0 2 3 0 0 2 0 
0.0000572500 1 0 2 3 0 0 3 2 
0.0000078125 1 0 2 3 0 1 0 3 
0.0000143750 1 0 2 3 0 1 2 0 
0.0000854375 1 0 2 3 0 1 2 3 
0.0000452500 1 0 2 3 0 2 1 2 
0.0000125000 1 0 2 3 0 2 2 0 
0.0000535625 1 0 2 3 0 2 2 3 
0.0000288750 1 0 2 3 0 2 3 2 
0.0000125000 1 0 2 3 0 3 0 3 
0.0000147500 1 0 2 3 0 3 2 3 
0.0000452500 1 0 2 3 0 3 3 1 
0.0000501875 1 0 2 3 1 0 0 3 
0.0001822500 1 0 2 3 1 0 2 3 
0.0000854375 1 0 2 3 1 0 3 2 
0.0000125000 1 0 2 3 1 1 0 0 
0.0000535625 1 0 2 3 1 1 0 3 
0.0000125000 1 0 2 3 1 1 1 1 
0.0000147500 1 0 2 3 1 1 2 0 
0.0000572500 1 0 2 3 1 1 3 2 
0.0000512500 1 0 2 3 1 2 0 0 
0.0000512500 1 0 2 3 1 2 1 1 
0.0000501875 1 0 2 3 1 2 2 3 
0.0000286875 1 0 2 3 1 2 3 1 
0.0000078125 1 0 2 3 1 2 3 2 
0.0000780625 1 0 2 3 1 3 1 2 
0.0000106250 1 0 2 3 1 3 2 0 
0.0000143750 1 0 2 3 1 3 3 2 
0.0000125000 1 0 2 3 2 0 0 2 
0.0000106250 1 0 2 3 2 0 1 3 
0.0000221250 1 0 2 3 2 0 2 1 
0.0000147500 1 0 2 3 2 0 2 2 
0.0000780625 1 0 2 3 2 0 3 0 
0.0000521875 1 0 2 3 2 1 0 1 
0.0001210625 1 0 2 3 2 1 1 0 
0.0000143750 1 0 2 3 2 1 2 2 
0.0000901250 1 0 2 3 2 2 0 1 
0.0000194375 1 0 2 3 2 2 1 0 
0.0000125000 1 0 2 3 2 2 2 2 
0.0000286875 1 0 2 3 2 2 3 0 
0.0000462500 1 0 2 3 2 3 0 1 
0.0000030625 1 0 2 3 2 3 2 1 
0.0000780625 1 0 2 3 2 3 3 3 
0.0000065000 1 0 2 3 3 0 0 1 
0.0000286875 1 0 2 3 3 0 0 2 
0.0000030625 1 0 2 3 3 0 1 0 
0.0000221250 1 0 2 3 3 0 1 3 
0.0000125000 1 0 2 3 3 0 3 0 
0.0000535625 1 0 2 3 3 0 3 3 
0.0001474375 1 0 2 3 3 1 0 1 
0.0000286875 1 0 2 3 3 1 1 0 
0.0000078125 1 0 2 3 3 1 3 3 
0.0000462500 1 0 2 3 3 2 1 0 
0.0000065000 1 0 2 3 3 2 2 1 
0.0000286875 1 0 2 3 3 2 2 2 
0.0000521875 1 0 2 3 3 3 0 2 
0.0000030625 1 0 2 3 3 3 1 3 
0.0000512500 1 0 2 3 3 3 2 1 
0.0000125000 1 0 2 3 3 3 3 3 
0.0000147500 1 0 3 0 0 0 0 0 
0.0000143750 1 0 3 0 0 0 0 1 
0.0000125000 1 0 3 0 0 0 0 2 
0.0000854375 1 0 3 0 0 0 3 1 
0.0000535625 1 0 3 0 0 0 3 2 
0.0000147500 1 0 3 0 0 0 3 3 
0.0000143750 1 0 3 0 0 1 0 0 
0.0000533125 1 0 3 0 0 1 0 3 
0.0000854375 1 0 3 0 0 1 3 0 
0.0000572500 1 0 3 0 0 1 3 1 
0.0000078125 1 0 3 0 0 1 3 2 
0.0000143750 1 0 3 0 0 1 3 3 
0.0000125000 1 0 3 0 0 2 0 0 
0.0000535625 1 0 3 0 0 2 3 0 
0.0000078125 1 0 3 0 0 2 3 1 
0.0000125000 1 0 3 0 0 2 3 3 
0.0000533125 1 0 3 0 0 3 0 1 
0.0001210625 1 0 3 0 0 3 0 3 
0.0000147500 1 0 3 0 0 3 3 0 
0.0000143750 1 0 3 0 0 3 3 1 
0.0000125000 1 0 3 0 0 3 3 2 
0.0000147500 1 0 3 0 1 0 0 1 
0.0000106250 1 0 3 0 1 0 0 3 
0.0001822500 1 0 3 0 1 0 3 0 
0.0000501875 1 0 3 0 1 0 3 2 
0.0000147500 1 0 3 0 1 1 0 0 
0.0000143750 1 0 3 0 1 1 0 1 
0.0000125000 1 0 3 0 1 1 0 2 
0.0000854375 1 0 3 0 1 1 3 1 
0.0000535625 1 0 3 0 1 1 3 2 
0.0000147500 1 0 3 0 1 1 3 3 
0.0000125000 1 0 3 0 1 2 0 1 
0.0000512500 1 0 3 0 1 2 0 2 
0.0000501875 1 0 3 0 1 2 3 0 
0.0000535625 1 0 3 0 1 2 3 1 
0.0000106250 1 0 3 0 1 3 0 0 
0.0000147500 1 0 3 0 1 3 3 1 
0.0000106250 1 0 3 0 1 3 3 3 
0.0000221250 1 0 3 0 2 0 1 0 
0.0000030625 1 0 3 0 2 0 1 3 
0.0000147500 1 0 3 0 2 0 2 0 
0.0000143750 1 0 3 0 2 0 2 1 
0.0000125000 1 0 3 0 2 0 2 2 
0.0000452500 1 0 3 0 2 1 1 1 
0.0000521875 1 0 3 0 2 1 1 2 
0.0000286875 1 0 3 0 2 1 1 3 
0.0000143750 1 0 3 0 2 1 2 0 
0.0000533125 1 0 3 0 2 1 2 3 
0.0000521875 1 0 3 0 2 2 1 1 
0.0000901250 1 0 3 0 2 2 1 2 
0.0000462500 1 0 3 0 2 2 1 3 
0.0000125000 1 0 3 0 2 2 2 0 
0.0000030625 1 0 3 0 2 3 1 0 
0.0000286875 1 0 3 0 2 3 1 1 
0.0000462500 1 0 3 0 2 3 1 2 
0.0000533125 1 0 3 0 2 3 2 1 
0.0001210625 1 0 3 0 2 3 2 3 
0.0000065000 1 0 3 0 3 0 1 2 
0.0000512500 1 0 3 0 3 0 1 3 
0.0000286875 1 0 3 0 3 0 2 2 
0.0000105625 1 0 3 0 3 1 1 1 
0.0001474375 1 0 3 0 3 1 1 2 
0.0000452500 1 0 3 0 3 1 2 3 
0.0000065000 1 0 3 0 3 2 1 0 
0.0001474375 1 0 3 0 3 2 1 1 
0.0000286875 1 0 3 0 3 2 2 0 
0.0000521875 1 0 3 0 3 2 2 3 
0.0000512500 1 0 3 0 3 3 1 0 
0.0000452500 1 0 3 0 3 3 2 1 
0.0000521875 1 0 3 0 3 3 2 2 
0.0000286875 1 0 3 0 3 3 2 3 
0.0000143750 1 0 3 1 0 0 0 0 
0.0000147500 1 0 3 1 0 0 0 1 
0.0000143750 1 0 3 1 0 0 2 2 
0.0000854375 1 0 3 1 0 0 3 0 
0.0000143750 1 0 3 1 0 1 0 1 
0.0000452500 1 0 3 1 0 1 1 2 
0.0000105625 1 0 3 1 0 1 1 3 
0.0000572500 1 0 3 1 0 1 3 0 
0.0000854375 1 0 3 1 0 1 3 1 
0.0000125000 1 0 3 1 0 2 0 1 
0.0000521875 1 0 3 1 0 2 1 2 
0.0001474375 1 0 3 1 0 2 1 3 
0.0000078125 1 0 3 1 0 2 3 0 
0.0000535625 1 0 3 1 0 2 3 1 
0.0000533125 1 0 3 1 0 3 0 0 
0.0000286875 1 0 3 1 0 3 1 2 
0.0000533125 1 0 3 1 0 3 2 2 
0.0000452500 1 0 3 1 0 3 2 3 
0.0000143750 1 0 3 1 0 3 3 0 
0.0000147500 1 0 3 1 0 3 3 1 
0.0000147500 1 0 3 1 1 0 0 0 
0.0000221250 1 0 3 1 1 0 1 2 
0.0000147500 1 0 3 1 1 0 2 2 
0.0001822500 1 0 3 1 1 0 3 1 
0.0000143750 1 0 3 1 1 1 0 0 
0.0000147500 1 0 3 1 1 1 0 1 
0.0000143750 1 0 3 1 1 1 2 2 
0.0000854375 1 0 3 1 1 1 3 0 
0.0000125000 1 0 3 1 1 2 0 0 
0.0000065000 1 0 3 1 1 2 1 3 
0.0000125000 1 0 3 1 1 2 2 2 
0.0000286875 1 0 3 1 1 2 2 3 
0.0000535625 1 0 3 1 1 2 3 0 
0.0000501875 1 0 3 1 1 2 3 1 
0.0000106250 1 0 3 1 1 3 0 1 
0.0000030625 1 0 3 1 1 3 1 2 
0.0000512500 1 0 3 1 1 3 1 3 
0.0000147500 1 0 3 1 1 3 3 0 
0.0000200625 1 0 3 1 2 0 0 2 
0.0000221250 1 0 3 1 2 0 1 1 
0.0000143750 1 0 3 1 2 0 2 0 
0.0000147500 1 0 3 1 2 0 2 1 
0.0000452500 1 0 3 1 2 1 1 0 
0.0000143750 1 0 3 1 2 1 2 1 
0.0000780625 1 0 3 1 2 1 3 2 
0.0000125000 1 0 3 1 2 1 3 3 
0.0000521875 1 0 3 1 2 2 1 0 
0.0000125000 1 0 3 1 2 2 2 1 
0.0000030625 1 0 3 1 2 2 3 2 
0.0000512500 1 0 3 1 2 2 3 3 
0.0000728125 1 0 3 1 2 3 0 2 
0.0000194375 1 0 3 1 2 3 0 3 
0.0000286875 1 0 3 1 2 3 1 0 
0.0000030625 1 0 3 1 2 3 1 1 
0.0000533125 1 0 3 1 2 3 2 0 
0.0000200625 1 0 3 1 2 3 3 2 
0.0000398125 1 0 3 1 3 0 3 3 
0.0000521875 1 0 3 1 3 1 0 3 
0.0000105625 1 0 3 1 3 1 1 0 
0.0000125000 1 0 3 1 3 1 3 2 
0.0000286875 1 0 3 1 3 1 3 3 
0.0000901250 1 0 3 1 3 2 0 3 
0.0001474375 1 0 3 1 3 2 1 0 
0.0000065000 1 0 3 1 3 2 1 1 
0.0000286875 1 0 3 1 3 2 2 1 
0.0000512500 1 0 3 1 3 2 3 2 
0.0000194375 1 0 3 1 3 3 0 2 
0.0000462500 1 0 3 1 3 3 0 3 
0.0000512500 1 0 3 1 3 3 1 1 
0.0000452500 1 0 3 1 3 3 2 0 
0.0000125000 1 0 3 2 0 0 0 0 
0.0000147500 1 0 3 2 0 0 0 2 
0.0000125000 1 0 3 2 0 0 1 1 
0.0000572500 1 0 3 2 0 0 2 3 
0.0000535625 1 0 3 2 0 0 3 0 
0.0000143750 1 0 3 2 0 1 0 2 
0.0000078125 1 0 3 2 0 1 3 0 
0.0000854375 1 0 3 2 0 1 3 2 
0.0000125000 1 0 3 2 0 2 0 2 
0.0000452500 1 0 3 2 0 2 2 1 
0.0000288750 1 0 3 2 0 2 2 3 
0.0000535625 1 0 3 2 0 2 3 2 
0.0000452500 1 0 3 2 0 3 1 3 
0.0000125000 1 0 3 2 0 3 3 0 
0.0000147500 1 0 3 2 0 3 3 2 
0.0000854375 1 0 3 2 1 0 2 3 
0.0000501875 1 0 3 2 1 0 3 0 
0.0001822500 1 0 3 2 1 0 3 2 
0.0000125000 1 0 3 2 1 1 0 0 
0.0000147500 1 0 3 2 1 1 0 2 
0.0000125000 1 0 3 2 1 1 1 1 
0.0000572500 1 0 3 2 1 1 2 3 
0.0000535625 1 0 3 2 1 1 3 0 
0.0000512500 1 0 3 2 1 2 0 0 
0.0000512500 1 0 3 2 1 2 1 1 
0.0000286875 1 0 3 2 1 2 1 3 
0.0000078125 1 0 3 2 1 2 2 3 
0.0000501875 1 0 3 2 1 2 3 2 
0.0000106250 1 0 3 2 1 3 0 2 
0.0000780625 1 0 3 2 1 3 2 1 
0.0000143750 1 0 3 2 1 3 2 3 
0.0000780625 1 0 3 2 2 0 0 3 
0.0000221250 1 0 3 2 2 0 1 2 
0.0000125000 1 0 3 2 2 0 2 0 
0.0000147500 1 0 3 2 2 0 2 2 
0.0000106250 1 0 3 2 2 0 3 1 
0.0001210625 1 0 3 2 2 1 0 1 
0.0000521875 1 0 3 2 2 1 1 0 
0.0000143750 1 0 3 2 2 1 2 2 
0.0000194375 1 0 3 2 2 2 0 1 
0.0000286875 1 0 3 2 2 2 0 3 
0.0000901250 1 0 3 2 2 2 1 0 
0.0000125000 1 0 3 2 2 2 2 2 
0.0000462500 1 0 3 2 2 3 1 0 
0.0000030625 1 0 3 2 2 3 1 2 
0.0000780625 1 0 3 2 2 3 3 3 
0.0000030625 1 0 3 2 3 0 0 1 
0.0000125000 1 0 3 2 3 0 0 3 
0.0000065000 1 0 3 2 3 0 1 0 
0.0000286875 1 0 3 2 3 0 2 0 
0.0000221250 1 0 3 2 3 0 3 1 
0.0000535625 1 0 3 2 3 0 3 3 
0.0000286875 1 0 3 2 3 1 0 1 
0.0001474375 1 0 3 2 3 1 1 0 
0.0000078125 1 0 3 2 3 1 3 3 
0.0000462500 1 0 3 2 3 2 0 1 
0.0000065000 1 0 3 2 3 2 1 2 
0.0000286875 1 0 3 2 3 2 2 2 
0.0000512500 1 0 3 2 3 3 1 2 
0.0000521875 1 0 3 2 3 3 2 0 
0.0000030625 1 0 3 2 3 3 3 1 
0.0000125000 1 0 3 2 3 3 3 3 
0.0000147500 1 0 3 3 0 0 0 3 
0.0000286875 1 0 3 3 0 0 1 1 
0.0000078125 1 0 3 3 0 0 1 2 
0.0000078125 1 0 3 3 0 0 2 1 
0.0000147500 1 0 3 3 0 0 3 0 
0.0000533125 1 0 3 3 0 1 0 0 
0.0000143750 1 0 3 3 0 1 0 3 
0.0000288750 1 0 3 3 0 1 1 2 
0.0000288750 1 0 3 3 0 1 2 1 
0.0000081875 1 0 3 3 0 1 2 2 
0.0000143750 1 0 3 3 0 1 3 0 
0.0000854375 1 0 3 3 0 1 3 3 
0.0000125000 1 0 3 3 0 2 0 3 
0.0000105625 1 0 3 3 0 2 1 2 
0.0000105625 1 0 3 3 0 2 2 1 
0.0000125000 1 0 3 3 0 2 3 0 
0.0000535625 1 0 3 3 0 2 3 3 
0.0001210625 1 0 3 3 0 3 0 0 
0.0000521875 1 0 3 3 0 3 1 1 
0.0000147500 1 0 3 3 0 3 3 3 
0.0000106250 1 0 3 3 1 0 0 0 
0.0000398125 1 0 3 3 1 0 1 1 
0.0000535625 1 0 3 3 1 0 1 2 
0.0000535625 1 0 3 3 1 0 2 1 
0.0001822500 1 0 3 3 1 0 3 3 
0.0000147500 1 0 3 3 1 1 0 3 
0.0000286875 1 0 3 3 1 1 1 1 
0.0000078125 1 0 3 3 1 1 1 2 
0.0000078125 1 0 3 3 1 1 2 1 
0.0000147500 1 0 3 3 1 1 3 0 
0.0000501875 1 0 3 3 1 2 3 3 
0.0000106250 1 0 3 3 1 3 0 3 
0.0000125000 1 0 3 3 1 3 1 2 
0.0000125000 1 0 3 3 1 3 2 1 
0.0000106250 1 0 3 3 1 3 3 0 
0.0000030625 1 0 3 3 2 0 0 1 
0.0000030625 1 0 3 3 2 0 1 0 
0.0000221250 1 0 3 3 2 0 1 3 
0.0000147500 1 0 3 3 2 0 2 3 
0.0000221250 1 0 3 3 2 0 3 1 
0.0000147500 1 0 3 3 2 0 3 2 
0.0000286875 1 0 3 3 2 1 0 1 
0.0000533125 1 0 3 3 2 1 0 2 
0.0000286875 1 0 3 3 2 1 1 0 
0.0000533125 1 0 3 3 2 1 2 0 
0.0000143750 1 0 3 3 2 1 2 3 
0.0000143750 1 0 3 3 2 1 3 2 
0.0000462500 1 0 3 3 2 2 0 1 
0.0000462500 1 0 3 3 2 2 1 0 
0.0000125000 1 0 3 3 2 2 2 3 
0.0000125000 1 0 3 3 2 2 3 2 
0.0001210625 1 0 3 3 2 3 0 2 
0.0000030625 1 0 3 3 2 3 1 3 
0.0001210625 1 0 3 3 2 3 2 0 
0.0000030625 1 0 3 3 2 3 3 1 
0.0000512500 1 0 3 3 3 0 0 1 
0.0000512500 1 0 3 3 3 0 1 0 
0.0000452500 1 0 3 3 3 1 0 2 
0.0000452500 1 0 3 3 3 1 2 0 
0.0000521875 1 0 3 3 3 2 0 2 
0.0000065000 1 0 3 3 3 2 1 3 
0.0000521875 1 0 3 3 3 2 2 0 
0.0000286875 1 0 3 3 3 2 2 3 
0.0000065000 1 0 3 3 3 2 3 1 
0.0000286875 1 0 3 3 3 2 3 2 
0.0000286875 1 0 3 3 3 3 0 2 
0.0000512500 1 0 3 3 3 3 1 3 
0.0000286875 1 0 3 3 3 3 2 0 
0.0000512500 1 0 3 3 3 3 3 1 
0.0000854375 1 1 0 0 0 0 0 0 
0.0000572500 1 1 0 0 0 0 0 1 
0.0000078125 1 1 0 0 0 0 0 2 
0.0000143750 1 1 0 0 0 0 0 3 
0.0000572500 1 1 0 0 0 0 1 0 
0.0000288750 1 1 0 0 0 0 1 2 
0.0000078125 1 1 0 0 0 0 2 0 
0.0000288750 1 1 0 0 0 0 2 1 
0.0000105625 1 1 0 0 0 0 2 2 
0.0000143750 1 1 0 0 0 0 3 0 
0.0000533125 1 1 0 0 0 0 3 3 
0.0000854375 1 1 0 0 0 1 0 1 
0.0000535625 1 1 0 0 0 1 0 2 
0.0000147500 1 1 0 0 0 1 0 3 
0.0000854375 1 1 0 0 0 1 1 0 
0.0000572500 1 1 0 0 0 1 1 1 
0.0000078125 1 1 0 0 0 1 1 2 
0.0000143750 1 1 0 0 0 1 1 3 
0.0000535625 1 1 0 0 0 1 2 0 
0.0000078125 1 1 0 0 0 1 2 1 
0.0000125000 1 1 0 0 0 1 2 3 
0.0000147500 1 1 0 0 0 1 3 0 
0.0000143750 1 1 0 0 0 1 3 1 
0.0000125000 1 1 0 0 0 1 3 2 
0.0000854375 1 1 0 0 1 0 0 1 
0.0000535625 1 1 0 0 1 0 0 2 
0.0000147500 1 1 0 0 1 0 0 3 
0.0000854375 1 1 0 0 1 0 1 0 
0.0000572500 1 1 0 0 1 0 1 1 
0.0000078125 1 1 0 0 1 0 1 2 
0.0000143750 1 1 0 0 1 0 1 3 
0.0000535625 1 1 0 0 1 0 2 0 
0.0000078125 1 1 0 0 1 0 2 1 
0.0000125000 1 1 0 0 1 0 2 3 
0.0000147500 1 1 0 0 1 0 3 0 
0.0000143750 1 1 0 0 1 0 3 1 
0.0000125000 1 1 0 0 1 0 3 2 
0.0001822500 1 1 0 0 1 1 0 0 
0.0000501875 1 1 0 0 1 1 0 2 
0.0000854375 1 1 0 0 1 1 1 1 
0.0000535625 1 1 0 0 1 1 1 2 
0.0000147500 1 1 0 0 1 1 1 3 
0.0000501875 1 1 0 0 1 1 2 0 
0.0000535625 1 1 0 0 1 1 2 1 
0.0000147500 1 1 0 0 1 1 3 1 
0.0000106250 1 1 0 0 1 1 3 3 
0.0000780625 1 1 0 0 2 2 0 1 
0.0000030625 1 1 0 0 2 2 0 2 
0.0000200625 1 1 0 0 2 2 0 3 
0.0000780625 1 1 0 0 2 2 1 0 
0.0000286875 1 1 0 0 2 2 1 2 
0.0000030625 1 1 0 0 2 2 2 0 
0.0000286875 1 1 0 0 2 2 2 1 
0.0000462500 1 1 0 0 2 2 2 2 
0.0000200625 1 1 0 0 2 2 3 0 
0.0000728125 1 1 0 0 2 2 3 3 
0.0000125000 1 1 0 0 2 3 0 1 
0.0000512500 1 1 0 0 2 3 0 2 
0.0000125000 1 1 0 0 2 3 1 0 
0.0000512500 1 1 0 0 2 3 2 0 
0.0000194375 1 1 0 0 2 3 3 3 
0.0000125000 1 1 0 0 3 2 0 1 
0.0000512500 1 1 0 0 3 2 0 2 
0.0000125000 1 1 0 0 3 2 1 0 
0.0000512500 1 1 0 0 3 2 2 0 
0.0000194375 1 1 0 0 3 2 3 3 
0.0000398125 1 1 0 0 3 3 0 0 
0.0000286875 1 1 0 0 3 3 0 1 
0.0000286875 1 1 0 0 3 3 1 0 
0.0000521875 1 1 0 0 3 3 1 3 
0.0000538125 1 1 0 0 3 3 2 2 
0.0000901250 1 1 0 0 3 3 2 3 
0.0000521875 1 1 0 0 3 3 3 1 
0.0000901250 1 1 0 0 3 3 3 2 
0.0000462500 1 1 0 0 3 3 3 3 
0.0000572500 1 1 0 1 0 0 0 0 
0.0000854375 1 1 0 1 0 0 0 1 
0.0000572500 1 1 0 1 0 0 1 1 
0.0000288750 1 1 0 1 0 0 2 0 
0.0000078125 1 1 0 1 0 0 2 1 
0.0000143750 1 1 0 1 0 0 3 1 
0.0000854375 1 1 0 1 0 1 0 0 
0.0000572500 1 1 0 1 0 1 1 0 
0.0000854375 1 1 0 1 0 1 1 1 
0.0000078125 1 1 0 1 0 1 2 0 
0.0000535625 1 1 0 1 0 1 2 1 
0.0000143750 1 1 0 1 0 1 3 0 
0.0000147500 1 1 0 1 0 1 3 1 
0.0000780625 1 1 0 1 0 2 0 2 
0.0000125000 1 1 0 1 0 2 0 3 
0.0000286875 1 1 0 1 0 2 2 2 
0.0000125000 1 1 0 1 0 3 0 2 
0.0000286875 1 1 0 1 0 3 0 3 
0.0000521875 1 1 0 1 0 3 3 3 
0.0000854375 1 1 0 1 1 0 0 0 
0.0000572500 1 1 0 1 1 0 1 0 
0.0000854375 1 1 0 1 1 0 1 1 
0.0000078125 1 1 0 1 1 0 2 0 
0.0000535625 1 1 0 1 1 0 2 1 
0.0000143750 1 1 0 1 1 0 3 0 
0.0000147500 1 1 0 1 1 0 3 1 
0.0001822500 1 1 0 1 1 1 0 1 
0.0000854375 1 1 0 1 1 1 1 0 
0.0000535625 1 1 0 1 1 1 2 0 
0.0000501875 1 1 0 1 1 1 2 1 
0.0000147500 1 1 0 1 1 1 3 0 
0.0000780625 1 1 0 1 1 2 1 2 
0.0000125000 1 1 0 1 1 2 1 3 
0.0000030625 1 1 0 1 1 2 2 2 
0.0000512500 1 1 0 1 1 2 2 3 
0.0000200625 1 1 0 1 1 2 3 2 
0.0000398125 1 1 0 1 1 3 0 3 
0.0000125000 1 1 0 1 1 3 1 2 
0.0000286875 1 1 0 1 1 3 1 3 
0.0000512500 1 1 0 1 1 3 2 2 
0.0000780625 1 1 0 1 2 0 0 2 
0.0000125000 1 1 0 1 2 0 0 3 
0.0000286875 1 1 0 1 2 0 2 2 
0.0000780625 1 1 0 1 2 1 1 2 
0.0000125000 1 1 0 1 2 1 1 3 
0.0000030625 1 1 0 1 2 1 2 2 
0.0000512500 1 1 0 1 2 1 2 3 
0.0000200625 1 1 0 1 2 1 3 2 
0.0000780625 1 1 0 1 2 2 0 0 
0.0000780625 1 1 0 1 2 2 1 1 
0.0000286875 1 1 0 1 2 2 2 0 
0.0000030625 1 1 0 1 2 2 2 1 
0.0000200625 1 1 0 1 2 2 3 1 
0.0000125000 1 1 0 1 2 3 0 0 
0.0000125000 1 1 0 1 2 3 1 1 
0.0000512500 1 1 0 1 2 3 2 1 
0.0000125000 1 1 0 1 3 0 0 2 
0.0000286875 1 1 0 1 3 0 0 3 
0.0000521875 1 1 0 1 3 0 3 3 
0.0000398125 1 1 0 1 3 1 0 3 
0.0000125000 1 1 0 1 3 1 1 2 
0.0000286875 1 1 0 1 3 1 1 3 
0.0000512500 1 1 0 1 3 1 2 2 
0.0000125000 1 1 0 1 3 2 0 0 
0.0000125000 1 1 0 1 3 2 1 1 
0.0000512500 1 1 0 1 3 2 2 1 
0.0000286875 1 1 0 1 3 3 0 0 
0.0000398125 1 1 0 1 3 3 0 1 
0.0000286875 1 1 0 1 3 3 1 1 
0.0000521875 1 1 0 1 3 3 3 0 
0.0000078125 1 1 0 2 0 0 0 0 
0.0000854375 1 1 0 2 0 0 0 2 
0.0000288750 1 1 0 2 0 0 1 0 
0.0000572500 1 1 0 2 0 0 1 2 
0.0000105625 1 1 0 2 0 0 2 0 
0.0000078125 1 1 0 2 0 0 2 2 
0.0000143750 1 1 0 2 0 0 3 2 
0.0000535625 1 1 0 2 0 1 0 0 
0.0000078125 1 1 0 2 0 1 1 0 
0.0000854375 1 1 0 2 0 1 1 2 
0.0000535625 1 1 0 2 0 1 2 2 
0.0000125000 1 1 0 2 0 1 3 0 
0.0000147500 1 1 0 2 0 1 3 2 
0.0000533125 1 1 0 2 0 2 1 1 
0.0000452500 1 1 0 2 0 2 2 3 
0.0001210625 1 1 0 2 0 2 3 1 
0.0000078125 1 1 0 2 0 3 0 3 
0.0000452500 1 1 0 2 0 3 1 1 
0.0000288750 1 1 0 2 0 3 1 3 
0.0000521875 1 1 0 2 0 3 2 1 
0.0000105625 1 1 0 2 0 3 2 3 
0.0000286875 1 1 0 2 0 3 3 1 
0.0000535625 1 1 0 2 1 0 0 0 
0.0000078125 1 1 0 2 1 0 1 0 
0.0000854375 1 1 0 2 1 0 1 2 
0.0000535625 1 1 0 2 1 0 2 2 
0.0000125000 1 1 0 2 1 0 3 0 
0.0000147500 1 1 0 2 1 0 3 2 
0.0000501875 1 1 0 2 1 1 0 0 
0.0001822500 1 1 0 2 1 1 0 2 
0.0000535625 1 1 0 2 1 1 1 0 
0.0000501875 1 1 0 2 1 1 2 2 
0.0000106250 1 1 0 2 1 2 0 1 
0.0000780625 1 1 0 2 1 2 3 3 
0.0000221250 1 1 0 2 1 3 0 1 
0.0000535625 1 1 0 2 1 3 0 3 
0.0000078125 1 1 0 2 1 3 1 3 
0.0000030625 1 1 0 2 1 3 3 1 
0.0000125000 1 1 0 2 1 3 3 3 
0.0000533125 1 1 0 2 2 0 1 1 
0.0000452500 1 1 0 2 2 0 2 3 
0.0001210625 1 1 0 2 2 0 3 1 
0.0000106250 1 1 0 2 2 1 0 1 
0.0000780625 1 1 0 2 2 1 3 3 
0.0000030625 1 1 0 2 2 2 0 0 
0.0000286875 1 1 0 2 2 2 1 0 
0.0000780625 1 1 0 2 2 2 1 2 
0.0000462500 1 1 0 2 2 2 2 0 
0.0000030625 1 1 0 2 2 2 2 2 
0.0000200625 1 1 0 2 2 2 3 2 
0.0000512500 1 1 0 2 2 3 0 0 
0.0000125000 1 1 0 2 2 3 1 2 
0.0000512500 1 1 0 2 2 3 2 2 
0.0000078125 1 1 0 2 3 0 0 3 
0.0000452500 1 1 0 2 3 0 1 1 
0.0000288750 1 1 0 2 3 0 1 3 
0.0000521875 1 1 0 2 3 0 2 1 
0.0000105625 1 1 0 2 3 0 2 3 
0.0000286875 1 1 0 2 3 0 3 1 
0.0000221250 1 1 0 2 3 1 0 1 
0.0000535625 1 1 0 2 3 1 0 3 
0.0000078125 1 1 0 2 3 1 1 3 
0.0000030625 1 1 0 2 3 1 3 1 
0.0000125000 1 1 0 2 3 1 3 3 
0.0000512500 1 1 0 2 3 2 0 0 
0.0000125000 1 1 0 2 3 2 1 2 
0.0000512500 1 1 0 2 3 2 2 2 
0.0000398125 1 1 0 2 3 3 0 2 
0.0000286875 1 1 0 2 3 3 1 2 
0.0000538125 1 1 0 2 3 3 2 0 
0.0000901250 1 1 0 2 3 3 3 0 
0.0000143750 1 1 0 3 0 0 0 0 
0.0000854375 1 1 0 3 0 0 0 3 
0.0000572500 1 1 0 3 0 0 1 3 
0.0000078125 1 1 0 3 0 0 2 3 
0.0000533125 1 1 0 3 0 0 3 0 
0.0000143750 1 1 0 3 0 0 3 3 
0.0000147500 1 1 0 3 0 1 0 0 
0.0000143750 1 1 0 3 0 1 1 0 
0.0000854375 1 1 0 3 0 1 1 3 
0.0000125000 1 1 0 3 0 1 2 0 
0.0000535625 1 1 0 3 0 1 2 3 
0.0000147500 1 1 0 3 0 1 3 3 
0.0000143750 1 1 0 3 0 2 0 2 
0.0000452500 1 1 0 3 0 2 1 1 
0.0000521875 1 1 0 3 0 2 2 1 
0.0000286875 1 1 0 3 0 2 3 1 
0.0000533125 1 1 0 3 0 2 3 2 
0.0000105625 1 1 0 3 0 3 1 1 
0.0001474375 1 1 0 3 0 3 2 1 
0.0000452500 1 1 0 3 0 3 3 2 
0.0000147500 1 1 0 3 1 0 0 0 
0.0000143750 1 1 0 3 1 0 1 0 
0.0000854375 1 1 0 3 1 0 1 3 
0.0000125000 1 1 0 3 1 0 2 0 
0.0000535625 1 1 0 3 1 0 2 3 
0.0000147500 1 1 0 3 1 0 3 3 
0.0001822500 1 1 0 3 1 1 0 3 
0.0000147500 1 1 0 3 1 1 1 0 
0.0000501875 1 1 0 3 1 1 2 3 
0.0000106250 1 1 0 3 1 1 3 0 
0.0000221250 1 1 0 3 1 2 0 1 
0.0000147500 1 1 0 3 1 2 0 2 
0.0000143750 1 1 0 3 1 2 1 2 
0.0000125000 1 1 0 3 1 2 2 2 
0.0000030625 1 1 0 3 1 2 3 1 
0.0000065000 1 1 0 3 1 3 2 1 
0.0000286875 1 1 0 3 1 3 2 2 
0.0000512500 1 1 0 3 1 3 3 1 
0.0000143750 1 1 0 3 2 0 0 2 
0.0000452500 1 1 0 3 2 0 1 1 
0.0000521875 1 1 0 3 2 0 2 1 
0.0000286875 1 1 0 3 2 0 3 1 
0.0000533125 1 1 0 3 2 0 3 2 
0.0000221250 1 1 0 3 2 1 0 1 
0.0000147500 1 1 0 3 2 1 0 2 
0.0000143750 1 1 0 3 2 1 1 2 
0.0000125000 1 1 0 3 2 1 2 2 
0.0000030625 1 1 0 3 2 1 3 1 
0.0000200625 1 1 0 3 2 2 0 0 
0.0000780625 1 1 0 3 2 2 1 3 
0.0000030625 1 1 0 3 2 2 2 3 
0.0000728125 1 1 0 3 2 2 3 0 
0.0000200625 1 1 0 3 2 2 3 3 
0.0000125000 1 1 0 3 2 3 1 3 
0.0000512500 1 1 0 3 2 3 2 3 
0.0000194375 1 1 0 3 2 3 3 0 
0.0000105625 1 1 0 3 3 0 1 1 
0.0001474375 1 1 0 3 3 0 2 1 
0.0000452500 1 1 0 3 3 0 3 2 
0.0000065000 1 1 0 3 3 1 2 1 
0.0000286875 1 1 0 3 3 1 2 2 
0.0000512500 1 1 0 3 3 1 3 1 
0.0000125000 1 1 0 3 3 2 1 3 
0.0000512500 1 1 0 3 3 2 2 3 
0.0000194375 1 1 0 3 3 2 3 0 
0.0000398125 1 1 0 3 3 3 0 3 
0.0000521875 1 1 0 3 3 3 1 0 
0.0000286875 1 1 0 3 3 3 1 3 
0.0000901250 1 1 0 3 3 3 2 0 
0.0000462500 1 1 0 3 3 3 3 0 
0.0000572500 1 1 1 0 0 0 0 0 
0.0000288750 1 1 1 0 0 0 0 2 
0.0000854375 1 1 1 0 0 0 1 0 
0.0000572500 1 1 1 0 0 0 1 1 
0.0000078125 1 1 1 0 0 0 1 2 
0.0000143750 1 1 1 0 0 0 1 3 
0.0000854375 1 1 1 0 0 1 0 0 
0.0000572500 1 1 1 0 0 1 0 1 
0.0000078125 1 1 1 0 0 1 0 2 
0.0000143750 1 1 1 0 0 1 0 3 
0.0000854375 1 1 1 0 0 1 1 1 
0.0000535625 1 1 1 0 0 1 1 2 
0.0000147500 1 1 1 0 0 1 1 3 
0.0000780625 1 1 1 0 0 2 2 0 
0.0000286875 1 1 1 0 0 2 2 2 
0.0000125000 1 1 1 0 0 2 3 0 
0.0000125000 1 1 1 0 0 3 2 0 
0.0000286875 1 1 1 0 0 3 3 0 
0.0000521875 1 1 1 0 0 3 3 3 
0.0000854375 1 1 1 0 1 0 0 0 
0.0000572500 1 1 1 0 1 0 0 1 
0.0000078125 1 1 1 0 1 0 0 2 
0.0000143750 1 1 1 0 1 0 0 3 
0.0000854375 1 1 1 0 1 0 1 1 
0.0000535625 1 1 1 0 1 0 1 2 
0.0000147500 1 1 1 0 1 0 1 3 
0.0000854375 1 1 1 0 1 1 0 1 
0.0000535625 1 1 1 0 1 1 0 2 
0.0000147500 1 1 1 0 1 1 0 3 
0.0001822500 1 1 1 0 1 1 1 0 
0.0000501875 1 1 1 0 1 1 1 2 
0.0000780625 1 1 1 0 1 2 2 1 
0.0000030625 1 1 1 0 1 2 2 2 
0.0000200625 1 1 1 0 1 2 2 3 
0.0000125000 1 1 1 0 1 2 3 1 
0.0000512500 1 1 1 0 1 2 3 2 
0.0000125000 1 1 1 0 1 3 2 1 
0.0000512500 1 1 1 0 1 3 2 2 
0.0000398125 1 1 1 0 1 3 3 0 
0.0000286875 1 1 1 0 1 3 3 1 
0.0000780625 1 1 1 0 2 0 2 0 
0.0000286875 1 1 1 0 2 0 2 2 
0.0000125000 1 1 1 0 2 0 3 0 
0.0000780625 1 1 1 0 2 1 2 1 
0.0000030625 1 1 1 0 2 1 2 2 
0.0000200625 1 1 1 0 2 1 2 3 
0.0000125000 1 1 1 0 2 1 3 1 
0.0000512500 1 1 1 0 2 1 3 2 
0.0000780625 1 1 1 0 2 2 0 0 
0.0000286875 1 1 1 0 2 2 0 2 
0.0000780625 1 1 1 0 2 2 1 1 
0.0000030625 1 1 1 0 2 2 1 2 
0.0000200625 1 1 1 0 2 2 1 3 
0.0000125000 1 1 1 0 2 3 0 0 
0.0000125000 1 1 1 0 2 3 1 1 
0.0000512500 1 1 1 0 2 3 1 2 
0.0000125000 1 1 1 0 3 0 2 0 
0.0000286875 1 1 1 0 3 0 3 0 
0.0000521875 1 1 1 0 3 0 3 3 
0.0000125000 1 1 1 0 3 1 2 1 
0.0000512500 1 1 1 0 3 1 2 2 
0.0000398125 1 1 1 0 3 1 3 0 
0.0000286875 1 1 1 0 3 1 3 1 
0.0000125000 1 1 1 0 3 2 0 0 
0.0000125000 1 1 1 0 3 2 1 1 
0.0000512500 1 1 1 0 3 2 1 2 
0.0000286875 1 1 1 0 3 3 0 0 
0.0000521875 1 1 1 0 3 3 0 3 
0.0000398125 1 1 1 0 3 3 1 0 
0.0000286875 1 1 1 0 3 3 1 1 
0.0000572500 1 1 1 1 0 0 0 1 
0.0000572500 1 1 1 1 0 0 1 0 
0.0000854375 1 1 1 1 0 0 1 1 
0.0000572500 1 1 1 1 0 1 0 0 
0.0000854375 1 1 1 1 0 1 0 1 
0.0000854375 1 1 1 1 0 1 1 0 
0.0000780625 1 1 1 1 0 1 2 2 
0.0000125000 1 1 1 1 0 1 2 3 
0.0000125000 1 1 1 1 0 1 3 2 
0.0000286875 1 1 1 1 0 1 3 3 
0.0000780625 1 1 1 1 0 2 1 2 
0.0000125000 1 1 1 1 0 2 1 3 
0.0000780625 1 1 1 1 0 2 2 1 
0.0000125000 1 1 1 1 0 2 3 1 
0.0000125000 1 1 1 1 0 3 1 2 
0.0000286875 1 1 1 1 0 3 1 3 
0.0000125000 1 1 1 1 0 3 2 1 
0.0000286875 1 1 1 1 0 3 3 1 
0.0000572500 1 1 1 1 1 0 0 0 
0.0000854375 1 1 1 1 1 0 0 1 
0.0000854375 1 1 1 1 1 0 1 0 
0.0000780625 1 1 1 1 1 0 2 2 
0.0000125000 1 1 1 1 1 0 2 3 
0.0000125000 1 1 1 1 1 0 3 2 
0.0000286875 1 1 1 1 1 0 3 3 
0.0000854375 1 1 1 1 1 1 0 0 
0.0001822500 1 1 1 1 1 1 1 1 
0.0000398125 1 1 1 1 1 1 3 3 
0.0000780625 1 1 1 1 1 2 0 2 
0.0000125000 1 1 1 1 1 2 0 3 
0.0000780625 1 1 1 1 1 2 2 0 
0.0000125000 1 1 1 1 1 2 3 0 
0.0000125000 1 1 1 1 1 3 0 2 
0.0000286875 1 1 1 1 1 3 0 3 
0.0000398125 1 1 1 1 1 3 1 3 
0.0000125000 1 1 1 1 1 3 2 0 
0.0000286875 1 1 1 1 1 3 3 0 
0.0000398125 1 1 1 1 1 3 3 1 
0.0000780625 1 1 1 1 2 0 1 2 
0.0000125000 1 1 1 1 2 0 1 3 
0.0000780625 1 1 1 1 2 0 2 1 
0.0000125000 1 1 1 1 2 0 3 1 
0.0000780625 1 1 1 1 2 1 0 2 
0.0000125000 1 1 1 1 2 1 0 3 
0.0000780625 1 1 1 1 2 1 2 0 
0.0000125000 1 1 1 1 2 1 3 0 
0.0000780625 1 1 1 1 2 2 0 1 
0.0000780625 1 1 1 1 2 2 1 0 
0.0000125000 1 1 1 1 2 3 0 1 
0.0000125000 1 1 1 1 2 3 1 0 
0.0000901250 1 1 1 1 2 3 3 3 
0.0000125000 1 1 1 1 3 0 1 2 
0.0000286875 1 1 1 1 3 0 1 3 
0.0000125000 1 1 1 1 3 0 2 1 
0.0000286875 1 1 1 1 3 0 3 1 
0.0000125000 1 1 1 1 3 1 0 2 
0.0000286875 1 1 1 1 3 1 0 3 
0.0000398125 1 1 1 1 3 1 1 3 
0.0000125000 1 1 1 1 3 1 2 0 
0.0000286875 1 1 1 1 3 1 3 0 
0.0000398125 1 1 1 1 3 1 3 1 
0.0000125000 1 1 1 1 3 2 0 1 
0.0000125000 1 1 1 1 3 2 1 0 
0.0000901250 1 1 1 1 3 2 3 3 
0.0000286875 1 1 1 1 3 3 0 1 
0.0000286875 1 1 1 1 3 3 1 0 
0.0000398125 1 1 1 1 3 3 1 1 
0.0000901250 1 1 1 1 3 3 2 3 
0.0000901250 1 1 1 1 3 3 3 2 
0.0000288750 1 1 1 2 0 0 0 0 
0.0000572500 1 1 1 2 0 0 0 2 
0.0000078125 1 1 1 2 0 0 1 0 
0.0000854375 1 1 1 2 0 0 1 2 
0.0000533125 1 1 1 2 0 0 2 1 
0.0000452500 1 1 1 2 0 0 3 1 
0.0000288750 1 1 1 2 0 0 3 3 
0.0000078125 1 1 1 2 0 1 0 0 
0.0000854375 1 1 1 2 0 1 0 2 
0.0000535625 1 1 1 2 0 1 1 0 
0.0000078125 1 1 1 2 0 1 3 3 
0.0000533125 1 1 1 2 0 2 0 1 
0.0000286875 1 1 1 2 0 2 2 0 
0.0000780625 1 1 1 2 0 2 2 2 
0.0000125000 1 1 1 2 0 2 3 2 
0.0000452500 1 1 1 2 0 3 0 1 
0.0000288750 1 1 1 2 0 3 0 3 
0.0000078125 1 1 1 2 0 3 1 3 
0.0000125000 1 1 1 2 0 3 2 2 
0.0000286875 1 1 1 2 0 3 3 2 
0.0000078125 1 1 1 2 1 0 0 0 
0.0000854375 1 1 1 2 1 0 0 2 
0.0000535625 1 1 1 2 1 0 1 0 
0.0000078125 1 1 1 2 1 0 3 3 
0.0000535625 1 1 1 2 1 1 0 0 
0.0000501875 1 1 1 2 1 1 1 0 
0.0001822500 1 1 1 2 1 1 1 2 
0.0000106250 1 1 1 2 1 1 2 1 
0.0000221250 1 1 1 2 1 1 3 1 
0.0000535625 1 1 1 2 1 1 3 3 
0.0000106250 1 1 1 2 1 2 1 1 
0.0000030625 1 1 1 2 1 2 2 0 
0.0000512500 1 1 1 2 1 2 3 0 
0.0000078125 1 1 1 2 1 3 0 3 
0.0000221250 1 1 1 2 1 3 1 1 
0.0000535625 1 1 1 2 1 3 1 3 
0.0000512500 1 1 1 2 1 3 2 0 
0.0000398125 1 1 1 2 1 3 3 2 
0.0000533125 1 1 1 2 2 0 0 1 
0.0000286875 1 1 1 2 2 0 2 0 
0.0000780625 1 1 1 2 2 0 2 2 
0.0000125000 1 1 1 2 2 0 3 2 
0.0000106250 1 1 1 2 2 1 1 1 
0.0000030625 1 1 1 2 2 1 2 0 
0.0000512500 1 1 1 2 2 1 3 0 
0.0000286875 1 1 1 2 2 2 0 0 
0.0000780625 1 1 1 2 2 2 0 2 
0.0000030625 1 1 1 2 2 2 1 0 
0.0000728125 1 1 1 2 2 2 2 1 
0.0001210625 1 1 1 2 2 2 2 3 
0.0000194375 1 1 1 2 2 2 3 1 
0.0000286875 1 1 1 2 2 2 3 3 
0.0000125000 1 1 1 2 2 3 0 2 
0.0000512500 1 1 1 2 2 3 1 0 
0.0000194375 1 1 1 2 2 3 2 1 
0.0000286875 1 1 1 2 2 3 2 3 
0.0000462500 1 1 1 2 2 3 3 1 
0.0000452500 1 1 1 2 3 0 0 1 
0.0000288750 1 1 1 2 3 0 0 3 
0.0000078125 1 1 1 2 3 0 1 3 
0.0000125000 1 1 1 2 3 0 2 2 
0.0000286875 1 1 1 2 3 0 3 2 
0.0000078125 1 1 1 2 3 1 0 3 
0.0000221250 1 1 1 2 3 1 1 1 
0.0000535625 1 1 1 2 3 1 1 3 
0.0000512500 1 1 1 2 3 1 2 0 
0.0000398125 1 1 1 2 3 1 3 2 
0.0000125000 1 1 1 2 3 2 0 2 
0.0000512500 1 1 1 2 3 2 1 0 
0.0000194375 1 1 1 2 3 2 2 1 
0.0000286875 1 1 1 2 3 2 2 3 
0.0000462500 1 1 1 2 3 2 3 1 
0.0000286875 1 1 1 2 3 3 0 2 
0.0000398125 1 1 1 2 3 3 1 2 
0.0000462500 1 1 1 2 3 3 2 1 
0.0000572500 1 1 1 3 0 0 0 3 
0.0000143750 1 1 1 3 0 0 1 0 
0.0000854375 1 1 1 3 0 0 1 3 
0.0000452500 1 1 1 3 0 0 2 1 
0.0000105625 1 1 1 3 0 0 3 1 
0.0000143750 1 1 1 3 0 1 0 0 
0.0000854375 1 1 1 3 0 1 0 3 
0.0000147500 1 1 1 3 0 1 1 0 
0.0000143750 1 1 1 3 0 1 2 2 
0.0000452500 1 1 1 3 0 2 0 1 
0.0000143750 1 1 1 3 0 2 1 2 
0.0000780625 1 1 1 3 0 2 2 3 
0.0000125000 1 1 1 3 0 2 3 3 
0.0000105625 1 1 1 3 0 3 0 1 
0.0000125000 1 1 1 3 0 3 2 3 
0.0000521875 1 1 1 3 0 3 3 0 
0.0000286875 1 1 1 3 0 3 3 3 
0.0000143750 1 1 1 3 1 0 0 0 
0.0000854375 1 1 1 3 1 0 0 3 
0.0000147500 1 1 1 3 1 0 1 0 
0.0000143750 1 1 1 3 1 0 2 2 
0.0000147500 1 1 1 3 1 1 0 0 
0.0001822500 1 1 1 3 1 1 1 3 
0.0000221250 1 1 1 3 1 1 2 1 
0.0000147500 1 1 1 3 1 1 2 2 
0.0000143750 1 1 1 3 1 2 0 2 
0.0000221250 1 1 1 3 1 2 1 1 
0.0000147500 1 1 1 3 1 2 1 2 
0.0000200625 1 1 1 3 1 2 2 0 
0.0000398125 1 1 1 3 1 3 3 3 
0.0000452500 1 1 1 3 2 0 0 1 
0.0000143750 1 1 1 3 2 0 1 2 
0.0000780625 1 1 1 3 2 0 2 3 
0.0000125000 1 1 1 3 2 0 3 3 
0.0000143750 1 1 1 3 2 1 0 2 
0.0000221250 1 1 1 3 2 1 1 1 
0.0000147500 1 1 1 3 2 1 1 2 
0.0000200625 1 1 1 3 2 1 2 0 
0.0000780625 1 1 1 3 2 2 0 3 
0.0000200625 1 1 1 3 2 2 1 0 
0.0000194375 1 1 1 3 2 2 2 1 
0.0000462500 1 1 1 3 2 2 3 1 
0.0000125000 1 1 1 3 2 3 0 3 
0.0000462500 1 1 1 3 2 3 2 1 
0.0000521875 1 1 1 3 2 3 3 2 
0.0000105625 1 1 1 3 3 0 0 1 
0.0000125000 1 1 1 3 3 0 2 3 
0.0000521875 1 1 1 3 3 0 3 0 
0.0000286875 1 1 1 3 3 0 3 3 
0.0000398125 1 1 1 3 3 1 3 3 
0.0000125000 1 1 1 3 3 2 0 3 
0.0000462500 1 1 1 3 3 2 2 1 
0.0000521875 1 1 1 3 3 2 3 2 
0.0000521875 1 1 1 3 3 3 0 0 
0.0000286875 1 1 1 3 3 3 0 3 
0.0000398125 1 1 1 3 3 3 1 3 
0.0000521875 1 1 1 3 3 3 2 2 
0.0000538125 1 1 1 3 3 3 3 1 
0.0001474375 1 1 1 3 3 3 3 2 
0.0000078125 1 1 2 0 0 0 0 0 
0.0000288750 1 1 2 0 0 0 0 1 
0.0000105625 1 1 2 0 0 0 0 2 
0.0000854375 1 1 2 0 0 0 2 0 
0.0000572500 1 1 2 0 0 0 2 1 
0.0000078125 1 1 2 0 0 0 2 2 
0.0000143750 1 1 2 0 0 0 2 3 
0.0000535625 1 1 2 0 0 1 0 0 
0.0000078125 1 1 2 0 0 1 0 1 
0.0000125000 1 1 2 0 0 1 0 3 
0.0000854375 1 1 2 0 0 1 2 1 
0.0000535625 1 1 2 0 0 1 2 2 
0.0000147500 1 1 2 0 0 1 2 3 
0.0000533125 1 1 2 0 0 2 1 1 
0.0001210625 1 1 2 0 0 2 1 3 
0.0000452500 1 1 2 0 0 2 3 2 
0.0000452500 1 1 2 0 0 3 1 1 
0.0000521875 1 1 2 0 0 3 1 2 
0.0000286875 1 1 2 0 0 3 1 3 
0.0000078125 1 1 2 0 0 3 3 0 
0.0000288750 1 1 2 0 0 3 3 1 
0.0000105625 1 1 2 0 0 3 3 2 
0.0000535625 1 1 2 0 1 0 0 0 
0.0000078125 1 1 2 0 1 0 0 1 
0.0000125000 1 1 2 0 1 0 0 3 
0.0000854375 1 1 2 0 1 0 2 1 
0.0000535625 1 1 2 0 1 0 2 2 
0.0000147500 1 1 2 0 1 0 2 3 
0.0000501875 1 1 2 0 1 1 0 0 
0.0000535625 1 1 2 0 1 1 0 1 
0.0001822500 1 1 2 0 1 1 2 0 
0.0000501875 1 1 2 0 1 1 2 2 
0.0000106250 1 1 2 0 1 2 1 0 
0.0000780625 1 1 2 0 1 2 3 3 
0.0000221250 1 1 2 0 1 3 1 0 
0.0000030625 1 1 2 0 1 3 1 3 
0.0000535625 1 1 2 0 1 3 3 0 
0.0000078125 1 1 2 0 1 3 3 1 
0.0000125000 1 1 2 0 1 3 3 3 
0.0000533125 1 1 2 0 2 0 1 1 
0.0001210625 1 1 2 0 2 0 1 3 
0.0000452500 1 1 2 0 2 0 3 2 
0.0000106250 1 1 2 0 2 1 1 0 
0.0000780625 1 1 2 0 2 1 3 3 
0.0000030625 1 1 2 0 2 2 0 0 
0.0000286875 1 1 2 0 2 2 0 1 
0.0000462500 1 1 2 0 2 2 0 2 
0.0000780625 1 1 2 0 2 2 2 1 
0.0000030625 1 1 2 0 2 2 2 2 
0.0000200625 1 1 2 0 2 2 2 3 
0.0000512500 1 1 2 0 2 3 0 0 
0.0000125000 1 1 2 0 2 3 2 1 
0.0000512500 1 1 2 0 2 3 2 2 
0.0000452500 1 1 2 0 3 0 1 1 
0.0000521875 1 1 2 0 3 0 1 2 
0.0000286875 1 1 2 0 3 0 1 3 
0.0000078125 1 1 2 0 3 0 3 0 
0.0000288750 1 1 2 0 3 0 3 1 
0.0000105625 1 1 2 0 3 0 3 2 
0.0000221250 1 1 2 0 3 1 1 0 
0.0000030625 1 1 2 0 3 1 1 3 
0.0000535625 1 1 2 0 3 1 3 0 
0.0000078125 1 1 2 0 3 1 3 1 
0.0000125000 1 1 2 0 3 1 3 3 
0.0000512500 1 1 2 0 3 2 0 0 
0.0000125000 1 1 2 0 3 2 2 1 
0.0000512500 1 1 2 0 3 2 2 2 
0.0000538125 1 1 2 0 3 3 0 2 
0.0000901250 1 1 2 0 3 3 0 3 
0.0000398125 1 1 2 0 3 3 2 0 
0.0000286875 1 1 2 0 3 3 2 1 
0.0000288750 1 1 2 1 0 0 0 0 
0.0000078125 1 1 2 1 0 0 0 1 
0.0000533125 1 1 2 1 0 0 1 2 
0.0000452500 1 1 2 1 0 0 1 3 
0.0000572500 1 1 2 1 0 0 2 0 
0.0000854375 1 1 2 1 0 0 2 1 
0.0000288750 1 1 2 1 0 0 3 3 
0.0000078125 1 1 2 1 0 1 0 0 
0.0000535625 1 1 2 1 0 1 0 1 
0.0000854375 1 1 2 1 0 1 2 0 
0.0000078125 1 1 2 1 0 1 3 3 
0.0000286875 1 1 2 1 0 2 0 2 
0.0000533125 1 1 2 1 0 2 1 0 
0.0000780625 1 1 2 1 0 2 2 2 
0.0000125000 1 1 2 1 0 2 2 3 
0.0000452500 1 1 2 1 0 3 1 0 
0.0000125000 1 1 2 1 0 3 2 2 
0.0000286875 1 1 2 1 0 3 2 3 
0.0000288750 1 1 2 1 0 3 3 0 
0.0000078125 1 1 2 1 0 3 3 1 
0.0000078125 1 1 2 1 1 0 0 0 
0.0000535625 1 1 2 1 1 0 0 1 
0.0000854375 1 1 2 1 1 0 2 0 
0.0000078125 1 1 2 1 1 0 3 3 
0.0000535625 1 1 2 1 1 1 0 0 
0.0000501875 1 1 2 1 1 1 0 1 
0.0000106250 1 1 2 1 1 1 1 2 
0.0000221250 1 1 2 1 1 1 1 3 
0.0001822500 1 1 2 1 1 1 2 1 
0.0000535625 1 1 2 1 1 1 3 3 
0.0000030625 1 1 2 1 1 2 0 2 
0.0000512500 1 1 2 1 1 2 0 3 
0.0000106250 1 1 2 1 1 2 1 1 
0.0000512500 1 1 2 1 1 3 0 2 
0.0000221250 1 1 2 1 1 3 1 1 
0.0000398125 1 1 2 1 1 3 2 3 
0.0000078125 1 1 2 1 1 3 3 0 
0.0000535625 1 1 2 1 1 3 3 1 
0.0000286875 1 1 2 1 2 0 0 2 
0.0000533125 1 1 2 1 2 0 1 0 
0.0000780625 1 1 2 1 2 0 2 2 
0.0000125000 1 1 2 1 2 0 2 3 
0.0000030625 1 1 2 1 2 1 0 2 
0.0000512500 1 1 2 1 2 1 0 3 
0.0000106250 1 1 2 1 2 1 1 1 
0.0000286875 1 1 2 1 2 2 0 0 
0.0000030625 1 1 2 1 2 2 0 1 
0.0000728125 1 1 2 1 2 2 1 2 
0.0000194375 1 1 2 1 2 2 1 3 
0.0000780625 1 1 2 1 2 2 2 0 
0.0001210625 1 1 2 1 2 2 3 2 
0.0000286875 1 1 2 1 2 2 3 3 
0.0000512500 1 1 2 1 2 3 0 1 
0.0000194375 1 1 2 1 2 3 1 2 
0.0000462500 1 1 2 1 2 3 1 3 
0.0000125000 1 1 2 1 2 3 2 0 
0.0000286875 1 1 2 1 2 3 3 2 
0.0000452500 1 1 2 1 3 0 1 0 
0.0000125000 1 1 2 1 3 0 2 2 
0.0000286875 1 1 2 1 3 0 2 3 
0.0000288750 1 1 2 1 3 0 3 0 
0.0000078125 1 1 2 1 3 0 3 1 
0.0000512500 1 1 2 1 3 1 0 2 
0.0000221250 1 1 2 1 3 1 1 1 
0.0000398125 1 1 2 1 3 1 2 3 
0.0000078125 1 1 2 1 3 1 3 0 
0.0000535625 1 1 2 1 3 1 3 1 
0.0000512500 1 1 2 1 3 2 0 1 
0.0000194375 1 1 2 1 3 2 1 2 
0.0000462500 1 1 2 1 3 2 1 3 
0.0000125000 1 1 2 1 3 2 2 0 
0.0000286875 1 1 2 1 3 2 3 2 
0.0000462500 1 1 2 1 3 3 1 2 
0.0000286875 1 1 2 1 3 3 2 0 
0.0000398125 1 1 2 1 3 3 2 1 
0.0000105625 1 1 2 2 0 0 0 0 
0.0000078125 1 1 2 2 0 0 0 2 
0.0000078125 1 1 2 2 0 0 2 0 
0.0000854375 1 1 2 2 0 0 2 2 
0.0000081875 1 1 2 2 0 0 3 3 
0.0000535625 1 1 2 2 0 1 0 2 
0.0000780625 1 1 2 2 0 1 1 1 
0.0000143750 1 1 2 2 0 1 1 3 
0.0000535625 1 1 2 2 0 1 2 0 
0.0000143750 1 1 2 2 0 1 3 1 
0.0000452500 1 1 2 2 0 2 0 3 
0.0000452500 1 1 2 2 0 2 3 0 
0.0000521875 1 1 2 2 0 3 0 1 
0.0000105625 1 1 2 2 0 3 0 3 
0.0000521875 1 1 2 2 0 3 1 0 
0.0000078125 1 1 2 2 0 3 2 3 
0.0000105625 1 1 2 2 0 3 3 0 
0.0000078125 1 1 2 2 0 3 3 2 
0.0000535625 1 1 2 2 1 0 0 2 
0.0000780625 1 1 2 2 1 0 1 1 
0.0000143750 1 1 2 2 1 0 1 3 
0.0000535625 1 1 2 2 1 0 2 0 
0.0000143750 1 1 2 2 1 0 3 1 
0.0000501875 1 1 2 2 1 1 0 2 
0.0000147500 1 1 2 2 1 1 1 3 
0.0000501875 1 1 2 2 1 1 2 0 
0.0001822500 1 1 2 2 1 1 2 2 
0.0000147500 1 1 2 2 1 1 3 1 
0.0000106250 1 1 2 2 1 2 1 2 
0.0000106250 1 1 2 2 1 2 2 1 
0.0000221250 1 1 2 2 1 3 1 2 
0.0000221250 1 1 2 2 1 3 2 1 
0.0000535625 1 1 2 2 1 3 2 3 
0.0000535625 1 1 2 2 1 3 3 2 
0.0000452500 1 1 2 2 2 0 0 3 
0.0000452500 1 1 2 2 2 0 3 0 
0.0000106250 1 1 2 2 2 1 1 2 
0.0000106250 1 1 2 2 2 1 2 1 
0.0000462500 1 1 2 2 2 2 0 0 
0.0000030625 1 1 2 2 2 2 0 2 
0.0000030625 1 1 2 2 2 2 2 0 
0.0000533125 1 1 2 2 2 2 3 3 
0.0000512500 1 1 2 2 2 3 0 2 
0.0000512500 1 1 2 2 2 3 2 0 
0.0000452500 1 1 2 2 2 3 3 3 
0.0000521875 1 1 2 2 3 0 0 1 
0.0000105625 1 1 2 2 3 0 0 3 
0.0000521875 1 1 2 2 3 0 1 0 
0.0000078125 1 1 2 2 3 0 2 3 
0.0000105625 1 1 2 2 3 0 3 0 
0.0000078125 1 1 2 2 3 0 3 2 
0.0000221250 1 1 2 2 3 1 1 2 
0.0000221250 1 1 2 2 3 1 2 1 
0.0000535625 1 1 2 2 3 1 2 3 
0.0000535625 1 1 2 2 3 1 3 2 
0.0000512500 1 1 2 2 3 2 0 2 
0.0000512500 1 1 2 2 3 2 2 0 
0.0000452500 1 1 2 2 3 2 3 3 
0.0000538125 1 1 2 2 3 3 0 0 
0.0000521875 1 1 2 2 3 3 1 3 
0.0000398125 1 1 2 2 3 3 2 2 
0.0000521875 1 1 2 2 3 3 3 1 
0.0000105625 1 1 2 2 3 3 3 3 
0.0000078125 1 1 2 3 0 0 0 3 
0.0000143750 1 1 2 3 0 0 2 0 
0.0000854375 1 1 2 3 0 0 2 3 
0.0000125000 1 1 2 3 0 1 0 0 
0.0000535625 1 1 2 3 0 1 0 3 
0.0000125000 1 1 2 3 0 1 1 1 
0.0000147500 1 1 2 3 0 1 2 0 
0.0000572500 1 1 2 3 0 1 3 2 
0.0000521875 1 1 2 3 0 2 0 1 
0.0001210625 1 1 2 3 0 2 1 0 
0.0000143750 1 1 2 3 0 2 2 2 
0.0001474375 1 1 2 3 0 3 0 1 
0.0000286875 1 1 2 3 0 3 1 0 
0.0000078125 1 1 2 3 0 3 3 3 
0.0000125000 1 1 2 3 1 0 0 0 
0.0000535625 1 1 2 3 1 0 0 3 
0.0000125000 1 1 2 3 1 0 1 1 
0.0000147500 1 1 2 3 1 0 2 0 
0.0000572500 1 1 2 3 1 0 3 2 
0.0000501875 1 1 2 3 1 1 0 3 
0.0001822500 1 1 2 3 1 1 2 3 
0.0000854375 1 1 2 3 1 1 3 2 
0.0000125000 1 1 2 3 1 2 0 2 
0.0000106250 1 1 2 3 1 2 1 3 
0.0000221250 1 1 2 3 1 2 2 1 
0.0000147500 1 1 2 3 1 2 2 2 
0.0000780625 1 1 2 3 1 2 3 0 
0.0000065000 1 1 2 3 1 3 0 1 
0.0000286875 1 1 2 3 1 3 0 2 
0.0000030625 1 1 2 3 1 3 1 0 
0.0000221250 1 1 2 3 1 3 1 3 
0.0000125000 1 1 2 3 1 3 3 0 
0.0000535625 1 1 2 3 1 3 3 3 
0.0000521875 1 1 2 3 2 0 0 1 
0.0001210625 1 1 2 3 2 0 1 0 
0.0000143750 1 1 2 3 2 0 2 2 
0.0000125000 1 1 2 3 2 1 0 2 
0.0000106250 1 1 2 3 2 1 1 3 
0.0000221250 1 1 2 3 2 1 2 1 
0.0000147500 1 1 2 3 2 1 2 2 
0.0000780625 1 1 2 3 2 1 3 0 
0.0000030625 1 1 2 3 2 2 0 3 
0.0001210625 1 1 2 3 2 2 1 2 
0.0000200625 1 1 2 3 2 2 2 0 
0.0000512500 1 1 2 3 2 3 0 3 
0.0000286875 1 1 2 3 2 3 1 2 
0.0000521875 1 1 2 3 2 3 3 1 
0.0001474375 1 1 2 3 3 0 0 1 
0.0000286875 1 1 2 3 3 0 1 0 
0.0000078125 1 1 2 3 3 0 3 3 
0.0000065000 1 1 2 3 3 1 0 1 
0.0000286875 1 1 2 3 3 1 0 2 
0.0000030625 1 1 2 3 3 1 1 0 
0.0000221250 1 1 2 3 3 1 1 3 
0.0000125000 1 1 2 3 3 1 3 0 
0.0000535625 1 1 2 3 3 1 3 3 
0.0000512500 1 1 2 3 3 2 0 3 
0.0000286875 1 1 2 3 3 2 1 2 
0.0000521875 1 1 2 3 3 2 3 1 
0.0000901250 1 1 2 3 3 3 0 0 
0.0000901250 1 1 2 3 3 3 1 1 
0.0000398125 1 1 2 3 3 3 2 3 
0.0001474375 1 1 2 3 3 3 3 1 
0.0000143750 1 1 3 0 0 0 0 0 
0.0000533125 1 1 3 0 0 0 0 3 
0.0000854375 1 1 3 0 0 0 3 0 
0.0000572500 1 1 3 0 0 0 3 1 
0.0000078125 1 1 3 0 0 0 3 2 
0.0000143750 1 1 3 0 0 0 3 3 
0.0000147500 1 1 3 0 0 1 0 0 
0.0000143750 1 1 3 0 0 1 0 1 
0.0000125000 1 1 3 0 0 1 0 2 
0.0000854375 1 1 3 0 0 1 3 1 
0.0000535625 1 1 3 0 0 1 3 2 
0.0000147500 1 1 3 0 0 1 3 3 
0.0000452500 1 1 3 0 0 2 1 1 
0.0000521875 1 1 3 0 0 2 1 2 
0.0000286875 1 1 3 0 0 2 1 3 
0.0000143750 1 1 3 0 0 2 2 0 
0.0000533125 1 1 3 0 0 2 2 3 
0.0000105625 1 1 3 0 0 3 1 1 
0.0001474375 1 1 3 0 0 3 1 2 
0.0000452500 1 1 3 0 0 3 2 3 
0.0000147500 1 1 3 0 1 0 0 0 
0.0000143750 1 1 3 0 1 0 0 1 
0.0000125000 1 1 3 0 1 0 0 2 
0.0000854375 1 1 3 0 1 0 3 1 
0.0000535625 1 1 3 0 1 0 3 2 
0.0000147500 1 1 3 0 1 0 3 3 
0.0000147500 1 1 3 0 1 1 0 1 
0.0000106250 1 1 3 0 1 1 0 3 
0.0001822500 1 1 3 0 1 1 3 0 
0.0000501875 1 1 3 0 1 1 3 2 
0.0000221250 1 1 3 0 1 2 1 0 
0.0000030625 1 1 3 0 1 2 1 3 
0.0000147500 1 1 3 0 1 2 2 0 
0.0000143750 1 1 3 0 1 2 2 1 
0.0000125000 1 1 3 0 1 2 2 2 
0.0000065000 1 1 3 0 1 3 1 2 
0.0000512500 1 1 3 0 1 3 1 3 
0.0000286875 1 1 3 0 1 3 2 2 
0.0000452500 1 1 3 0 2 0 1 1 
0.0000521875 1 1 3 0 2 0 1 2 
0.0000286875 1 1 3 0 2 0 1 3 
0.0000143750 1 1 3 0 2 0 2 0 
0.0000533125 1 1 3 0 2 0 2 3 
0.0000221250 1 1 3 0 2 1 1 0 
0.0000030625 1 1 3 0 2 1 1 3 
0.0000147500 1 1 3 0 2 1 2 0 
0.0000143750 1 1 3 0 2 1 2 1 
0.0000125000 1 1 3 0 2 1 2 2 
0.0000200625 1 1 3 0 2 2 0 0 
0.0000728125 1 1 3 0 2 2 0 3 
0.0000780625 1 1 3 0 2 2 3 1 
0.0000030625 1 1 3 0 2 2 3 2 
0.0000200625 1 1 3 0 2 2 3 3 
0.0000194375 1 1 3 0 2 3 0 3 
0.0000125000 1 1 3 0 2 3 3 1 
0.0000512500 1 1 3 0 2 3 3 2 
0.0000105625 1 1 3 0 3 0 1 1 
0.0001474375 1 1 3 0 3 0 1 2 
0.0000452500 1 1 3 0 3 0 2 3 
0.0000065000 1 1 3 0 3 1 1 2 
0.0000512500 1 1 3 0 3 1 1 3 
0.0000286875 1 1 3 0 3 1 2 2 
0.0000194375 1 1 3 0 3 2 0 3 
0.0000125000 1 1 3 0 3 2 3 1 
0.0000512500 1 1 3 0 3 2 3 2 
0.0000521875 1 1 3 0 3 3 0 1 
0.0000901250 1 1 3 0 3 3 0 2 
0.0000462500 1 1 3 0 3 3 0 3 
0.0000398125 1 1 3 0 3 3 3 0 
0.0000286875 1 1 3 0 3 3 3 1 
0.0000143750 1 1 3 1 0 0 0 1 
0.0000452500 1 1 3 1 0 0 1 2 
0.0000105625 1 1 3 1 0 0 1 3 
0.0000572500 1 1 3 1 0 0 3 0 
0.0000854375 1 1 3 1 0 0 3 1 
0.0000143750 1 1 3 1 0 1 0 0 
0.0000147500 1 1 3 1 0 1 0 1 
0.0000143750 1 1 3 1 0 1 2 2 
0.0000854375 1 1 3 1 0 1 3 0 
0.0000452500 1 1 3 1 0 2 1 0 
0.0000143750 1 1 3 1 0 2 2 1 
0.0000780625 1 1 3 1 0 2 3 2 
0.0000125000 1 1 3 1 0 2 3 3 
0.0000521875 1 1 3 1 0 3 0 3 
0.0000105625 1 1 3 1 0 3 1 0 
0.0000125000 1 1 3 1 0 3 3 2 
0.0000286875 1 1 3 1 0 3 3 3 
0.0000143750 1 1 3 1 1 0 0 0 
0.0000147500 1 1 3 1 1 0 0 1 
0.0000143750 1 1 3 1 1 0 2 2 
0.0000854375 1 1 3 1 1 0 3 0 
0.0000147500 1 1 3 1 1 1 0 0 
0.0000221250 1 1 3 1 1 1 1 2 
0.0000147500 1 1 3 1 1 1 2 2 
0.0001822500 1 1 3 1 1 1 3 1 
0.0000200625 1 1 3 1 1 2 0 2 
0.0000221250 1 1 3 1 1 2 1 1 
0.0000143750 1 1 3 1 1 2 2 0 
0.0000147500 1 1 3 1 1 2 2 1 
0.0000398125 1 1 3 1 1 3 3 3 
0.0000452500 1 1 3 1 2 0 1 0 
0.0000143750 1 1 3 1 2 0 2 1 
0.0000780625 1 1 3 1 2 0 3 2 
0.0000125000 1 1 3 1 2 0 3 3 
0.0000200625 1 1 3 1 2 1 0 2 
0.0000221250 1 1 3 1 2 1 1 1 
0.0000143750 1 1 3 1 2 1 2 0 
0.0000147500 1 1 3 1 2 1 2 1 
0.0000200625 1 1 3 1 2 2 0 1 
0.0000194375 1 1 3 1 2 2 1 2 
0.0000462500 1 1 3 1 2 2 1 3 
0.0000780625 1 1 3 1 2 2 3 0 
0.0000462500 1 1 3 1 2 3 1 2 
0.0000521875 1 1 3 1 2 3 2 3 
0.0000125000 1 1 3 1 2 3 3 0 
0.0000521875 1 1 3 1 3 0 0 3 
0.0000105625 1 1 3 1 3 0 1 0 
0.0000125000 1 1 3 1 3 0 3 2 
0.0000286875 1 1 3 1 3 0 3 3 
0.0000398125 1 1 3 1 3 1 3 3 
0.0000462500 1 1 3 1 3 2 1 2 
0.0000521875 1 1 3 1 3 2 2 3 
0.0000125000 1 1 3 1 3 2 3 0 
0.0000521875 1 1 3 1 3 3 0 0 
0.0000538125 1 1 3 1 3 3 1 3 
0.0000521875 1 1 3 1 3 3 2 2 
0.0001474375 1 1 3 1 3 3 2 3 
0.0000286875 1 1 3 1 3 3 3 0 
0.0000398125 1 1 3 1 3 3 3 1 
0.0000143750 1 1 3 2 0 0 0 2 
0.0000078125 1 1 3 2 0 0 3 0 
0.0000854375 1 1 3 2 0 0 3 2 
0.0000125000 1 1 3 2 0 1 0 0 
0.0000147500 1 1 3 2 0 1 0 2 
0.0000125000 1 1 3 2 0 1 1 1 
0.0000572500 1 1 3 2 0 1 2 3 
0.0000535625 1 1 3 2 0 1 3 0 
0.0001210625 1 1 3 2 0 2 0 1 
0.0000521875 1 1 3 2 0 2 1 0 
0.0000143750 1 1 3 2 0 2 2 2 
0.0000286875 1 1 3 2 0 3 0 1 
0.0001474375 1 1 3 2 0 3 1 0 
0.0000078125 1 1 3 2 0 3 3 3 
0.0000125000 1 1 3 2 1 0 0 0 
0.0000147500 1 1 3 2 1 0 0 2 
0.0000125000 1 1 3 2 1 0 1 1 
0.0000572500 1 1 3 2 1 0 2 3 
0.0000535625 1 1 3 2 1 0 3 0 
0.0000854375 1 1 3 2 1 1 2 3 
0.0000501875 1 1 3 2 1 1 3 0 
0.0001822500 1 1 3 2 1 1 3 2 
0.0000780625 1 1 3 2 1 2 0 3 
0.0000221250 1 1 3 2 1 2 1 2 
0.0000125000 1 1 3 2 1 2 2 0 
0.0000147500 1 1 3 2 1 2 2 2 
0.0000106250 1 1 3 2 1 2 3 1 
0.0000030625 1 1 3 2 1 3 0 1 
0.0000125000 1 1 3 2 1 3 0 3 
0.0000065000 1 1 3 2 1 3 1 0 
0.0000286875 1 1 3 2 1 3 2 0 
0.0000221250 1 1 3 2 1 3 3 1 
0.0000535625 1 1 3 2 1 3 3 3 
0.0001210625 1 1 3 2 2 0 0 1 
0.0000521875 1 1 3 2 2 0 1 0 
0.0000143750 1 1 3 2 2 0 2 2 
0.0000780625 1 1 3 2 2 1 0 3 
0.0000221250 1 1 3 2 2 1 1 2 
0.0000125000 1 1 3 2 2 1 2 0 
0.0000147500 1 1 3 2 2 1 2 2 
0.0000106250 1 1 3 2 2 1 3 1 
0.0000200625 1 1 3 2 2 2 0 2 
0.0001210625 1 1 3 2 2 2 2 1 
0.0000030625 1 1 3 2 2 2 3 0 
0.0000521875 1 1 3 2 2 3 1 3 
0.0000286875 1 1 3 2 2 3 2 1 
0.0000512500 1 1 3 2 2 3 3 0 
0.0000286875 1 1 3 2 3 0 0 1 
0.0001474375 1 1 3 2 3 0 1 0 
0.0000078125 1 1 3 2 3 0 3 3 
0.0000030625 1 1 3 2 3 1 0 1 
0.0000125000 1 1 3 2 3 1 0 3 
0.0000065000 1 1 3 2 3 1 1 0 
0.0000286875 1 1 3 2 3 1 2 0 
0.0000221250 1 1 3 2 3 1 3 1 
0.0000535625 1 1 3 2 3 1 3 3 
0.0000521875 1 1 3 2 3 2 1 3 
0.0000286875 1 1 3 2 3 2 2 1 
0.0000512500 1 1 3 2 3 2 3 0 
0.0000901250 1 1 3 2 3 3 0 0 
0.0000901250 1 1 3 2 3 3 1 1 
0.0001474375 1 1 3 2 3 3 1 3 
0.0000398125 1 1 3 2 3 3 3 2 
0.0000533125 1 1 3 3 0 0 0 0 
0.0000143750 1 1 3 3 0 0 0 3 
0.0000288750 1 1 3 3 0 0 1 2 
0.0000288750 1 1 3 3 0 0 2 1 
0.0000081875 1 1 3 3 0 0 2 2 
0.0000143750 1 1 3 3 0 0 3 0 
0.0000854375 1 1 3 3 0 0 3 3 
0.0000147500 1 1 3 3 0 1 0 3 
0.0000286875 1 1 3 3 0 1 1 1 
0.0000078125 1 1 3 3 0 1 1 2 
0.0000078125 1 1 3 3 0 1 2 1 
0.0000147500 1 1 3 3 0 1 3 0 
0.0000286875 1 1 3 3 0 2 0 1 
0.0000533125 1 1 3 3 0 2 0 2 
0.0000286875 1 1 3 3 0 2 1 0 
0.0000533125 1 1 3 3 0 2 2 0 
0.0000143750 1 1 3 3 0 2 2 3 
0.0000143750 1 1 3 3 0 2 3 2 
0.0000452500 1 1 3 3 0 3 0 2 
0.0000452500 1 1 3 3 0 3 2 0 
0.0000147500 1 1 3 3 1 0 0 3 
0.0000286875 1 1 3 3 1 0 1 1 
0.0000078125 1 1 3 3 1 0 1 2 
0.0000078125 1 1 3 3 1 0 2 1 
0.0000147500 1 1 3 3 1 0 3 0 
0.0000106250 1 1 3 3 1 1 0 0 
0.0000398125 1 1 3 3 1 1 1 1 
0.0000535625 1 1 3 3 1 1 1 2 
0.0000535625 1 1 3 3 1 1 2 1 
0.0001822500 1 1 3 3 1 1 3 3 
0.0000030625 1 1 3 3 1 2 0 1 
0.0000030625 1 1 3 3 1 2 1 0 
0.0000221250 1 1 3 3 1 2 1 3 
0.0000147500 1 1 3 3 1 2 2 3 
0.0000221250 1 1 3 3 1 2 3 1 
0.0000147500 1 1 3 3 1 2 3 2 
0.0000512500 1 1 3 3 1 3 0 1 
0.0000512500 1 1 3 3 1 3 1 0 
0.0000286875 1 1 3 3 2 0 0 1 
0.0000533125 1 1 3 3 2 0 0 2 
0.0000286875 1 1 3 3 2 0 1 0 
0.0000533125 1 1 3 3 2 0 2 0 
0.0000143750 1 1 3 3 2 0 2 3 
0.0000143750 1 1 3 3 2 0 3 2 
0.0000030625 1 1 3 3 2 1 0 1 
0.0000030625 1 1 3 3 2 1 1 0 
0.0000221250 1 1 3 3 2 1 1 3 
0.0000147500 1 1 3 3 2 1 2 3 
0.0000221250 1 1 3 3 2 1 3 1 
0.0000147500 1 1 3 3 2 1 3 2 
0.0000728125 1 1 3 3 2 2 0 0 
0.0000200625 1 1 3 3 2 2 0 3 
0.0000286875 1 1 3 3 2 2 1 2 
0.0000286875 1 1 3 3 2 2 2 1 
0.0000533125 1 1 3 3 2 2 2 2 
0.0000200625 1 1 3 3 2 2 3 0 
0.0000194375 1 1 3 3 2 3 0 0 
0.0000901250 1 1 3 3 2 3 1 1 
0.0000452500 1 1 3 3 2 3 2 2 
0.0000452500 1 1 3 3 3 0 0 2 
0.0000452500 1 1 3 3 3 0 2 0 
0.0000512500 1 1 3 3 3 1 0 1 
0.0000512500 1 1 3 3 3 1 1 0 
0.0000194375 1 1 3 3 3 2 0 0 
0.0000901250 1 1 3 3 3 2 1 1 
0.0000452500 1 1 3 3 3 2 2 2 
0.0000462500 1 1 3 3 3 3 0 0 
0.0000105625 1 1 3 3 3 3 2 2 
0.0000398125 1 1 3 3 3 3 3 3 
0.0000535625 1 2 0 0 0 0 0 0 
0.0000078125 1 2 0 0 0 0 0 1 
0.0000125000 1 2 0 0 0 0 0 3 
0.0000078125 1 2 0 0 0 0 1 0 
0.0000288750 1 2 0 0 0 0 1 1 
0.0000105625 1 2 0 0 0 0 1 2 
0.0000105625 1 2 0 0 0 0 2 1 
0.0001474375 1 2 0 0 0 0 2 2 
0.0000125000 1 2 0 0 0 0 3 0 
0.0000854375 1 2 0 0 0 2 0 1 
0.0000535625 1 2 0 0 0 2 0 2 
0.0000147500 1 2 0 0 0 2 0 3 
0.0000854375 1 2 0 0 0 2 1 0 
0.0000572500 1 2 0 0 0 2 1 1 
0.0000078125 1 2 0 0 0 2 1 2 
0.0000143750 1 2 0 0 0 2 1 3 
0.0000535625 1 2 0 0 0 2 2 0 
0.0000078125 1 2 0 0 0 2 2 1 
0.0000125000 1 2 0 0 0 2 2 3 
0.0000147500 1 2 0 0 0 2 3 0 
0.0000143750 1 2 0 0 0 2 3 1 
0.0000125000 1 2 0 0 0 2 3 2 
0.0000501875 1 2 0 0 1 0 0 0 
0.0000535625 1 2 0 0 1 0 0 1 
0.0000535625 1 2 0 0 1 0 1 0 
0.0000078125 1 2 0 0 1 0 1 1 
0.0000125000 1 2 0 0 1 0 1 3 
0.0000065000 1 2 0 0 1 0 2 2 
0.0000512500 1 2 0 0 1 0 2 3 
0.0000125000 1 2 0 0 1 0 3 1 
0.0000512500 1 2 0 0 1 0 3 2 
0.0001822500 1 2 0 0 1 2 0 0 
0.0000501875 1 2 0 0 1 2 0 2 
0.0000854375 1 2 0 0 1 2 1 1 
0.0000535625 1 2 0 0 1 2 1 2 
0.0000147500 1 2 0 0 1 2 1 3 
0.0000501875 1 2 0 0 1 2 2 0 
0.0000535625 1 2 0 0 1 2 2 1 
0.0000147500 1 2 0 0 1 2 3 1 
0.0000106250 1 2 0 0 1 2 3 3 
0.0000106250 1 2 0 0 2 1 0 0 
0.0000533125 1 2 0 0 2 1 1 1 
0.0001210625 1 2 0 0 2 1 1 3 
0.0000194375 1 2 0 0 2 1 2 3 
0.0001210625 1 2 0 0 2 1 3 1 
0.0000194375 1 2 0 0 2 1 3 2 
0.0000780625 1 2 0 0 2 3 0 3 
0.0000452500 1 2 0 0 2 3 1 2 
0.0000452500 1 2 0 0 2 3 2 1 
0.0000521875 1 2 0 0 2 3 2 2 
0.0000286875 1 2 0 0 2 3 2 3 
0.0000780625 1 2 0 0 2 3 3 0 
0.0000286875 1 2 0 0 2 3 3 2 
0.0000221250 1 2 0 0 3 1 0 0 
0.0000030625 1 2 0 0 3 1 0 3 
0.0000452500 1 2 0 0 3 1 1 1 
0.0000521875 1 2 0 0 3 1 1 2 
0.0000286875 1 2 0 0 3 1 1 3 
0.0000521875 1 2 0 0 3 1 2 1 
0.0000901250 1 2 0 0 3 1 2 2 
0.0000462500 1 2 0 0 3 1 2 3 
0.0000030625 1 2 0 0 3 1 3 0 
0.0000286875 1 2 0 0 3 1 3 1 
0.0000462500 1 2 0 0 3 1 3 2 
0.0000535625 1 2 0 0 3 3 0 0 
0.0000078125 1 2 0 0 3 3 0 1 
0.0000125000 1 2 0 0 3 3 0 3 
0.0000078125 1 2 0 0 3 3 1 0 
0.0000288750 1 2 0 0 3 3 1 1 
0.0000105625 1 2 0 0 3 3 1 2 
0.0000105625 1 2 0 0 3 3 2 1 
0.0001474375 1 2 0 0 3 3 2 2 
0.0000125000 1 2 0 0 3 3 3 0 
0.0000078125 1 2 0 1 0 0 0 0 
0.0000535625 1 2 0 1 0 0 0 1 
0.0000288750 1 2 0 1 0 0 1 0 
0.0000078125 1 2 0 1 0 0 1 1 
0.0000105625 1 2 0 1 0 0 2 0 
0.0000125000 1 2 0 1 0 0 3 1 
0.0000533125 1 2 0 1 0 1 1 2 
0.0000452500 1 2 0 1 0 1 1 3 
0.0000521875 1 2 0 1 0 1 2 3 
0.0001210625 1 2 0 1 0 1 3 2 
0.0000286875 1 2 0 1 0 1 3 3 
0.0000854375 1 2 0 1 0 2 0 0 
0.0000572500 1 2 0 1 0 2 1 0 
0.0000854375 1 2 0 1 0 2 1 1 
0.0000078125 1 2 0 1 0 2 2 0 
0.0000535625 1 2 0 1 0 2 2 1 
0.0000143750 1 2 0 1 0 2 3 0 
0.0000147500 1 2 0 1 0 2 3 1 
0.0000078125 1 2 0 1 0 3 0 3 
0.0000288750 1 2 0 1 0 3 1 3 
0.0000452500 1 2 0 1 0 3 2 2 
0.0000105625 1 2 0 1 0 3 2 3 
0.0000535625 1 2 0 1 1 0 0 0 
0.0000501875 1 2 0 1 1 0 0 1 
0.0000078125 1 2 0 1 1 0 1 0 
0.0000535625 1 2 0 1 1 0 1 1 
0.0000125000 1 2 0 1 1 0 3 0 
0.0000106250 1 2 0 1 1 1 0 2 
0.0000221250 1 2 0 1 1 1 0 3 
0.0000030625 1 2 0 1 1 1 3 3 
0.0001822500 1 2 0 1 1 2 0 1 
0.0000854375 1 2 0 1 1 2 1 0 
0.0000535625 1 2 0 1 1 2 2 0 
0.0000501875 1 2 0 1 1 2 2 1 
0.0000147500 1 2 0 1 1 2 3 0 
0.0000535625 1 2 0 1 1 3 0 3 
0.0000078125 1 2 0 1 1 3 1 3 
0.0000780625 1 2 0 1 1 3 3 2 
0.0000125000 1 2 0 1 1 3 3 3 
0.0000030625 1 2 0 1 2 0 0 2 
0.0000512500 1 2 0 1 2 0 0 3 
0.0000286875 1 2 0 1 2 0 1 2 
0.0000462500 1 2 0 1 2 0 2 2 
0.0000106250 1 2 0 1 2 1 0 1 
0.0000533125 1 2 0 1 2 1 1 0 
0.0001210625 1 2 0 1 2 1 3 0 
0.0000780625 1 2 0 1 2 2 1 2 
0.0000125000 1 2 0 1 2 2 1 3 
0.0000030625 1 2 0 1 2 2 2 2 
0.0000512500 1 2 0 1 2 2 2 3 
0.0000200625 1 2 0 1 2 2 3 2 
0.0000452500 1 2 0 1 2 3 2 0 
0.0000780625 1 2 0 1 2 3 3 1 
0.0000512500 1 2 0 1 3 0 0 2 
0.0000538125 1 2 0 1 3 0 2 3 
0.0000901250 1 2 0 1 3 0 3 3 
0.0000221250 1 2 0 1 3 1 0 1 
0.0000452500 1 2 0 1 3 1 1 0 
0.0000521875 1 2 0 1 3 1 2 0 
0.0000286875 1 2 0 1 3 1 3 0 
0.0000030625 1 2 0 1 3 1 3 1 
0.0000398125 1 2 0 1 3 2 0 3 
0.0000125000 1 2 0 1 3 2 1 2 
0.0000286875 1 2 0 1 3 2 1 3 
0.0000512500 1 2 0 1 3 2 2 2 
0.0000078125 1 2 0 1 3 3 0 0 
0.0000535625 1 2 0 1 3 3 0 1 
0.0000288750 1 2 0 1 3 3 1 0 
0.0000078125 1 2 0 1 3 3 1 1 
0.0000105625 1 2 0 1 3 3 2 0 
0.0000125000 1 2 0 1 3 3 3 1 
0.0000535625 1 2 0 2 0 0 0 2 
0.0000105625 1 2 0 2 0 0 1 0 
0.0000078125 1 2 0 2 0 0 1 2 
0.0001474375 1 2 0 2 0 0 2 0 
0.0000125000 1 2 0 2 0 0 3 2 
0.0000780625 1 2 0 2 0 1 0 1 
0.0000143750 1 2 0 2 0 1 0 3 
0.0000286875 1 2 0 2 0 1 2 1 
0.0000533125 1 2 0 2 0 1 3 3 
0.0000535625 1 2 0 2 0 2 0 0 
0.0000078125 1 2 0 2 0 2 1 0 
0.0000854375 1 2 0 2 0 2 1 2 
0.0000535625 1 2 0 2 0 2 2 2 
0.0000125000 1 2 0 2 0 2 3 0 
0.0000147500 1 2 0 2 0 2 3 2 
0.0000143750 1 2 0 2 0 3 0 1 
0.0000081875 1 2 0 2 0 3 1 3 
0.0000533125 1 2 0 2 0 3 3 1 
0.0000501875 1 2 0 2 1 0 0 2 
0.0000535625 1 2 0 2 1 0 1 2 
0.0000065000 1 2 0 2 1 0 2 0 
0.0000512500 1 2 0 2 1 0 3 0 
0.0000147500 1 2 0 2 1 1 0 3 
0.0000780625 1 2 0 2 1 1 1 1 
0.0000143750 1 2 0 2 1 1 1 3 
0.0000030625 1 2 0 2 1 1 2 1 
0.0000125000 1 2 0 2 1 1 2 3 
0.0000200625 1 2 0 2 1 1 3 1 
0.0000501875 1 2 0 2 1 2 0 0 
0.0001822500 1 2 0 2 1 2 0 2 
0.0000535625 1 2 0 2 1 2 1 0 
0.0000501875 1 2 0 2 1 2 2 2 
0.0000147500 1 2 0 2 1 3 0 1 
0.0000143750 1 2 0 2 1 3 1 1 
0.0000125000 1 2 0 2 1 3 2 1 
0.0000452500 1 2 0 2 2 0 1 3 
0.0000521875 1 2 0 2 2 0 2 3 
0.0000194375 1 2 0 2 2 0 3 1 
0.0000286875 1 2 0 2 2 0 3 3 
0.0000106250 1 2 0 2 2 1 0 2 
0.0000194375 1 2 0 2 2 1 3 0 
0.0000106250 1 2 0 2 2 2 0 1 
0.0000780625 1 2 0 2 2 2 3 3 
0.0000452500 1 2 0 2 2 3 1 0 
0.0000521875 1 2 0 2 2 3 2 0 
0.0000286875 1 2 0 2 2 3 3 0 
0.0000780625 1 2 0 2 2 3 3 2 
0.0000521875 1 2 0 2 3 0 1 1 
0.0000105625 1 2 0 2 3 0 1 3 
0.0000901250 1 2 0 2 3 0 2 1 
0.0001474375 1 2 0 2 3 0 2 3 
0.0000462500 1 2 0 2 3 0 3 1 
0.0000221250 1 2 0 2 3 1 0 2 
0.0000521875 1 2 0 2 3 1 1 0 
0.0000901250 1 2 0 2 3 1 2 0 
0.0000462500 1 2 0 2 3 1 3 0 
0.0000030625 1 2 0 2 3 1 3 2 
0.0000221250 1 2 0 2 3 2 0 1 
0.0000535625 1 2 0 2 3 2 0 3 
0.0000078125 1 2 0 2 3 2 1 3 
0.0000030625 1 2 0 2 3 2 3 1 
0.0000125000 1 2 0 2 3 2 3 3 
0.0000535625 1 2 0 2 3 3 0 2 
0.0000105625 1 2 0 2 3 3 1 0 
0.0000078125 1 2 0 2 3 3 1 2 
0.0001474375 1 2 0 2 3 3 2 0 
0.0000125000 1 2 0 2 3 3 3 2 
0.0000125000 1 2 0 3 0 0 0 0 
0.0000535625 1 2 0 3 0 0 0 3 
0.0000078125 1 2 0 3 0 0 1 3 
0.0000125000 1 2 0 3 0 0 3 3 
0.0000125000 1 2 0 3 0 1 0 1 
0.0000452500 1 2 0 3 0 1 2 2 
0.0000147500 1 2 0 3 0 2 0 0 
0.0000143750 1 2 0 3 0 2 1 0 
0.0000854375 1 2 0 3 0 2 1 3 
0.0000125000 1 2 0 3 0 2 2 0 
0.0000535625 1 2 0 3 0 2 2 3 
0.0000147500 1 2 0 3 0 2 3 3 
0.0000572500 1 2 0 3 0 3 0 2 
0.0000288750 1 2 0 3 0 3 2 2 
0.0000452500 1 2 0 3 0 3 3 1 
0.0000501875 1 2 0 3 1 0 0 3 
0.0000125000 1 2 0 3 1 0 1 0 
0.0000535625 1 2 0 3 1 0 1 3 
0.0000512500 1 2 0 3 1 0 2 0 
0.0000125000 1 2 0 3 1 1 1 1 
0.0000512500 1 2 0 3 1 1 2 1 
0.0000780625 1 2 0 3 1 1 3 2 
0.0001822500 1 2 0 3 1 2 0 3 
0.0000147500 1 2 0 3 1 2 1 0 
0.0000501875 1 2 0 3 1 2 2 3 
0.0000106250 1 2 0 3 1 2 3 0 
0.0000854375 1 2 0 3 1 3 0 2 
0.0000572500 1 2 0 3 1 3 1 2 
0.0000286875 1 2 0 3 1 3 2 1 
0.0000078125 1 2 0 3 1 3 2 2 
0.0000143750 1 2 0 3 1 3 3 2 
0.0000125000 1 2 0 3 2 0 0 2 
0.0000521875 1 2 0 3 2 0 1 1 
0.0000901250 1 2 0 3 2 0 2 1 
0.0000462500 1 2 0 3 2 0 3 1 
0.0000106250 1 2 0 3 2 1 0 3 
0.0001210625 1 2 0 3 2 1 1 0 
0.0000194375 1 2 0 3 2 1 2 0 
0.0000221250 1 2 0 3 2 2 0 1 
0.0000147500 1 2 0 3 2 2 0 2 
0.0000143750 1 2 0 3 2 2 1 2 
0.0000125000 1 2 0 3 2 2 2 2 
0.0000030625 1 2 0 3 2 2 3 1 
0.0000780625 1 2 0 3 2 3 0 0 
0.0000286875 1 2 0 3 2 3 2 0 
0.0000780625 1 2 0 3 2 3 3 3 
0.0000065000 1 2 0 3 3 0 0 1 
0.0000286875 1 2 0 3 3 0 0 2 
0.0001474375 1 2 0 3 3 0 1 1 
0.0000521875 1 2 0 3 3 0 3 2 
0.0000030625 1 2 0 3 3 1 0 0 
0.0000221250 1 2 0 3 3 1 0 3 
0.0000286875 1 2 0 3 3 1 1 0 
0.0000462500 1 2 0 3 3 1 2 0 
0.0000030625 1 2 0 3 3 1 3 3 
0.0000065000 1 2 0 3 3 2 2 1 
0.0000286875 1 2 0 3 3 2 2 2 
0.0000512500 1 2 0 3 3 2 3 1 
0.0000125000 1 2 0 3 3 3 0 0 
0.0000535625 1 2 0 3 3 3 0 3 
0.0000078125 1 2 0 3 3 3 1 3 
0.0000125000 1 2 0 3 3 3 3 3 
0.0000078125 1 2 1 0 0 0 0 0 
0.0000288750 1 2 1 0 0 0 0 1 
0.0000105625 1 2 1 0 0 0 0 2 
0.0000535625 1 2 1 0 0 0 1 0 
0.0000078125 1 2 1 0 0 0 1 1 
0.0000125000 1 2 1 0 0 0 1 3 
0.0000533125 1 2 1 0 0 1 2 1 
0.0001210625 1 2 1 0 0 1 2 3 
0.0000452500 1 2 1 0 0 1 3 1 
0.0000521875 1 2 1 0 0 1 3 2 
0.0000286875 1 2 1 0 0 1 3 3 
0.0000854375 1 2 1 0 0 2 0 0 
0.0000572500 1 2 1 0 0 2 0 1 
0.0000078125 1 2 1 0 0 2 0 2 
0.0000143750 1 2 1 0 0 2 0 3 
0.0000854375 1 2 1 0 0 2 1 1 
0.0000535625 1 2 1 0 0 2 1 2 
0.0000147500 1 2 1 0 0 2 1 3 
0.0000452500 1 2 1 0 0 3 2 2 
0.0000078125 1 2 1 0 0 3 3 0 
0.0000288750 1 2 1 0 0 3 3 1 
0.0000105625 1 2 1 0 0 3 3 2 
0.0000535625 1 2 1 0 1 0 0 0 
0.0000078125 1 2 1 0 1 0 0 1 
0.0000125000 1 2 1 0 1 0 0 3 
0.0000501875 1 2 1 0 1 0 1 0 
0.0000535625 1 2 1 0 1 0 1 1 
0.0000106250 1 2 1 0 1 1 2 0 
0.0000221250 1 2 1 0 1 1 3 0 
0.0000030625 1 2 1 0 1 1 3 3 
0.0000854375 1 2 1 0 1 2 0 1 
0.0000535625 1 2 1 0 1 2 0 2 
0.0000147500 1 2 1 0 1 2 0 3 
0.0001822500 1 2 1 0 1 2 1 0 
0.0000501875 1 2 1 0 1 2 1 2 
0.0000780625 1 2 1 0 1 3 2 3 
0.0000535625 1 2 1 0 1 3 3 0 
0.0000078125 1 2 1 0 1 3 3 1 
0.0000125000 1 2 1 0 1 3 3 3 
0.0000030625 1 2 1 0 2 0 2 0 
0.0000286875 1 2 1 0 2 0 2 1 
0.0000462500 1 2 1 0 2 0 2 2 
0.0000512500 1 2 1 0 2 0 3 0 
0.0000533125 1 2 1 0 2 1 0 1 
0.0001210625 1 2 1 0 2 1 0 3 
0.0000106250 1 2 1 0 2 1 1 0 
0.0000780625 1 2 1 0 2 2 2 1 
0.0000030625 1 2 1 0 2 2 2 2 
0.0000200625 1 2 1 0 2 2 2 3 
0.0000125000 1 2 1 0 2 2 3 1 
0.0000512500 1 2 1 0 2 2 3 2 
0.0000452500 1 2 1 0 2 3 0 2 
0.0000780625 1 2 1 0 2 3 1 3 
0.0000512500 1 2 1 0 3 0 2 0 
0.0000538125 1 2 1 0 3 0 3 2 
0.0000901250 1 2 1 0 3 0 3 3 
0.0000452500 1 2 1 0 3 1 0 1 
0.0000521875 1 2 1 0 3 1 0 2 
0.0000286875 1 2 1 0 3 1 0 3 
0.0000221250 1 2 1 0 3 1 1 0 
0.0000030625 1 2 1 0 3 1 1 3 
0.0000125000 1 2 1 0 3 2 2 1 
0.0000512500 1 2 1 0 3 2 2 2 
0.0000398125 1 2 1 0 3 2 3 0 
0.0000286875 1 2 1 0 3 2 3 1 
0.0000078125 1 2 1 0 3 3 0 0 
0.0000288750 1 2 1 0 3 3 0 1 
0.0000105625 1 2 1 0 3 3 0 2 
0.0000535625 1 2 1 0 3 3 1 0 
0.0000078125 1 2 1 0 3 3 1 1 
0.0000125000 1 2 1 0 3 3 1 3 
0.0000288750 1 2 1 1 0 0 0 0 
0.0000078125 1 2 1 1 0 0 0 1 
0.0000078125 1 2 1 1 0 0 1 0 
0.0000535625 1 2 1 1 0 0 1 1 
0.0000286875 1 2 1 1 0 0 2 2 
0.0000533125 1 2 1 1 0 1 0 2 
0.0000452500 1 2 1 1 0 1 0 3 
0.0000533125 1 2 1 1 0 1 2 0 
0.0000452500 1 2 1 1 0 1 3 0 
0.0000572500 1 2 1 1 0 2 0 0 
0.0000854375 1 2 1 1 0 2 0 1 
0.0000854375 1 2 1 1 0 2 1 0 
0.0000780625 1 2 1 1 0 2 2 2 
0.0000125000 1 2 1 1 0 2 2 3 
0.0000125000 1 2 1 1 0 2 3 2 
0.0000286875 1 2 1 1 0 2 3 3 
0.0000288750 1 2 1 1 0 3 0 3 
0.0000078125 1 2 1 1 0 3 1 3 
0.0000288750 1 2 1 1 0 3 3 0 
0.0000078125 1 2 1 1 0 3 3 1 
0.0000078125 1 2 1 1 1 0 0 0 
0.0000535625 1 2 1 1 1 0 0 1 
0.0000535625 1 2 1 1 1 0 1 0 
0.0000501875 1 2 1 1 1 0 1 1 
0.0000030625 1 2 1 1 1 0 2 2 
0.0000512500 1 2 1 1 1 0 2 3 
0.0000512500 1 2 1 1 1 0 3 2 
0.0000106250 1 2 1 1 1 1 1 2 
0.0000221250 1 2 1 1 1 1 1 3 
0.0000106250 1 2 1 1 1 1 2 1 
0.0000221250 1 2 1 1 1 1 3 1 
0.0000854375 1 2 1 1 1 2 0 0 
0.0001822500 1 2 1 1 1 2 1 1 
0.0000398125 1 2 1 1 1 2 3 3 
0.0000078125 1 2 1 1 1 3 0 3 
0.0000535625 1 2 1 1 1 3 1 3 
0.0000078125 1 2 1 1 1 3 3 0 
0.0000535625 1 2 1 1 1 3 3 1 
0.0000286875 1 2 1 1 2 0 0 2 
0.0000030625 1 2 1 1 2 0 1 2 
0.0000512500 1 2 1 1 2 0 1 3 
0.0000286875 1 2 1 1 2 0 2 0 
0.0000030625 1 2 1 1 2 0 2 1 
0.0000512500 1 2 1 1 2 0 3 1 
0.0000533125 1 2 1 1 2 1 0 0 
0.0000106250 1 2 1 1 2 1 1 1 
0.0000728125 1 2 1 1 2 1 2 2 
0.0000194375 1 2 1 1 2 1 2 3 
0.0000194375 1 2 1 1 2 1 3 2 
0.0000462500 1 2 1 1 2 1 3 3 
0.0000780625 1 2 1 1 2 2 0 2 
0.0000125000 1 2 1 1 2 2 0 3 
0.0000780625 1 2 1 1 2 2 2 0 
0.0000125000 1 2 1 1 2 2 3 0 
0.0001210625 1 2 1 1 2 3 2 2 
0.0000286875 1 2 1 1 2 3 2 3 
0.0000286875 1 2 1 1 2 3 3 2 
0.0000512500 1 2 1 1 3 0 1 2 
0.0000512500 1 2 1 1 3 0 2 1 
0.0000452500 1 2 1 1 3 1 0 0 
0.0000221250 1 2 1 1 3 1 1 1 
0.0000194375 1 2 1 1 3 1 2 2 
0.0000462500 1 2 1 1 3 1 2 3 
0.0000462500 1 2 1 1 3 1 3 2 
0.0000125000 1 2 1 1 3 2 0 2 
0.0000286875 1 2 1 1 3 2 0 3 
0.0000398125 1 2 1 1 3 2 1 3 
0.0000125000 1 2 1 1 3 2 2 0 
0.0000286875 1 2 1 1 3 2 3 0 
0.0000398125 1 2 1 1 3 2 3 1 
0.0000288750 1 2 1 1 3 3 0 0 
0.0000078125 1 2 1 1 3 3 0 1 
0.0000078125 1 2 1 1 3 3 1 0 
0.0000535625 1 2 1 1 3 3 1 1 
0.0000286875 1 2 1 1 3 3 2 2 
0.0000105625 1 2 1 2 0 0 0 0 
0.0000078125 1 2 1 2 0 0 0 2 
0.0000535625 1 2 1 2 0 0 1 2 
0.0000452500 1 2 1 2 0 0 2 3 
0.0000521875 1 2 1 2 0 0 3 1 
0.0000105625 1 2 1 2 0 0 3 3 
0.0000780625 1 2 1 2 0 1 1 1 
0.0000143750 1 2 1 2 0 1 1 3 
0.0000521875 1 2 1 2 0 1 3 0 
0.0000078125 1 2 1 2 0 2 0 0 
0.0000854375 1 2 1 2 0 2 0 2 
0.0000535625 1 2 1 2 0 2 1 0 
0.0000078125 1 2 1 2 0 2 3 3 
0.0000081875 1 2 1 2 0 3 0 3 
0.0000143750 1 2 1 2 0 3 1 1 
0.0000452500 1 2 1 2 0 3 2 0 
0.0000105625 1 2 1 2 0 3 3 0 
0.0000078125 1 2 1 2 0 3 3 2 
0.0000535625 1 2 1 2 1 0 0 2 
0.0000501875 1 2 1 2 1 0 1 2 
0.0000780625 1 2 1 2 1 1 0 1 
0.0000143750 1 2 1 2 1 1 0 3 
0.0000147500 1 2 1 2 1 1 1 3 
0.0000106250 1 2 1 2 1 1 2 2 
0.0000221250 1 2 1 2 1 1 3 2 
0.0000535625 1 2 1 2 1 2 0 0 
0.0000501875 1 2 1 2 1 2 1 0 
0.0001822500 1 2 1 2 1 2 1 2 
0.0000106250 1 2 1 2 1 2 2 1 
0.0000221250 1 2 1 2 1 2 3 1 
0.0000535625 1 2 1 2 1 2 3 3 
0.0000143750 1 2 1 2 1 3 0 1 
0.0000147500 1 2 1 2 1 3 1 1 
0.0000535625 1 2 1 2 1 3 3 2 
0.0000452500 1 2 1 2 2 0 0 3 
0.0000462500 1 2 1 2 2 0 2 0 
0.0000030625 1 2 1 2 2 0 2 2 
0.0000512500 1 2 1 2 2 0 3 2 
0.0000106250 1 2 1 2 2 1 1 2 
0.0000106250 1 2 1 2 2 2 1 1 
0.0000030625 1 2 1 2 2 2 2 0 
0.0000512500 1 2 1 2 2 2 3 0 
0.0000452500 1 2 1 2 2 3 0 0 
0.0000533125 1 2 1 2 2 3 2 3 
0.0000452500 1 2 1 2 2 3 3 3 
0.0000521875 1 2 1 2 3 0 0 1 
0.0000105625 1 2 1 2 3 0 0 3 
0.0000512500 1 2 1 2 3 0 2 2 
0.0000538125 1 2 1 2 3 0 3 0 
0.0000521875 1 2 1 2 3 1 0 0 
0.0000221250 1 2 1 2 3 1 1 2 
0.0000521875 1 2 1 2 3 1 3 3 
0.0000078125 1 2 1 2 3 2 0 3 
0.0000221250 1 2 1 2 3 2 1 1 
0.0000535625 1 2 1 2 3 2 1 3 
0.0000512500 1 2 1 2 3 2 2 0 
0.0000398125 1 2 1 2 3 2 3 2 
0.0000105625 1 2 1 2 3 3 0 0 
0.0000078125 1 2 1 2 3 3 0 2 
0.0000535625 1 2 1 2 3 3 1 2 
0.0000452500 1 2 1 2 3 3 2 3 
0.0000521875 1 2 1 2 3 3 3 1 
0.0000105625 1 2 1 2 3 3 3 3 
0.0000078125 1 2 1 3 0 0 0 3 
0.0000125000 1 2 1 3 0 0 1 0 
0.0000535625 1 2 1 3 0 0 1 3 
0.0000521875 1 2 1 3 0 0 2 1 
0.0001474375 1 2 1 3 0 0 3 1 
0.0000125000 1 2 1 3 0 1 1 1 
0.0001210625 1 2 1 3 0 1 2 0 
0.0000286875 1 2 1 3 0 1 3 0 
0.0000143750 1 2 1 3 0 2 0 0 
0.0000854375 1 2 1 3 0 2 0 3 
0.0000147500 1 2 1 3 0 2 1 0 
0.0000143750 1 2 1 3 0 2 2 2 
0.0000572500 1 2 1 3 0 3 1 2 
0.0000078125 1 2 1 3 0 3 3 3 
0.0000125000 1 2 1 3 1 0 0 0 
0.0000535625 1 2 1 3 1 0 0 3 
0.0000501875 1 2 1 3 1 0 1 3 
0.0000125000 1 2 1 3 1 0 2 2 
0.0000065000 1 2 1 3 1 0 3 1 
0.0000286875 1 2 1 3 1 0 3 2 
0.0000125000 1 2 1 3 1 1 0 1 
0.0000106250 1 2 1 3 1 1 2 3 
0.0000030625 1 2 1 3 1 1 3 0 
0.0000221250 1 2 1 3 1 1 3 3 
0.0000147500 1 2 1 3 1 2 0 0 
0.0001822500 1 2 1 3 1 2 1 3 
0.0000221250 1 2 1 3 1 2 2 1 
0.0000147500 1 2 1 3 1 2 2 2 
0.0000572500 1 2 1 3 1 3 0 2 
0.0000854375 1 2 1 3 1 3 1 2 
0.0000780625 1 2 1 3 1 3 2 0 
0.0000125000 1 2 1 3 1 3 3 0 
0.0000535625 1 2 1 3 1 3 3 3 
0.0000521875 1 2 1 3 2 0 0 1 
0.0000125000 1 2 1 3 2 0 1 2 
0.0000030625 1 2 1 3 2 0 2 3 
0.0000512500 1 2 1 3 2 0 3 3 
0.0001210625 1 2 1 3 2 1 0 0 
0.0000106250 1 2 1 3 2 1 1 3 
0.0001210625 1 2 1 3 2 1 2 2 
0.0000286875 1 2 1 3 2 1 3 2 
0.0000143750 1 2 1 3 2 2 0 2 
0.0000221250 1 2 1 3 2 2 1 1 
0.0000147500 1 2 1 3 2 2 1 2 
0.0000200625 1 2 1 3 2 2 2 0 
0.0000780625 1 2 1 3 2 3 1 0 
0.0000521875 1 2 1 3 2 3 3 1 
0.0001474375 1 2 1 3 3 0 0 1 
0.0000065000 1 2 1 3 3 0 1 1 
0.0000286875 1 2 1 3 3 0 1 2 
0.0000512500 1 2 1 3 3 0 2 3 
0.0000901250 1 2 1 3 3 0 3 0 
0.0000286875 1 2 1 3 3 1 0 0 
0.0000030625 1 2 1 3 3 1 1 0 
0.0000221250 1 2 1 3 3 1 1 3 
0.0000286875 1 2 1 3 3 1 2 2 
0.0000901250 1 2 1 3 3 1 3 1 
0.0000398125 1 2 1 3 3 2 3 3 
0.0000078125 1 2 1 3 3 3 0 3 
0.0000125000 1 2 1 3 3 3 1 0 
0.0000535625 1 2 1 3 3 3 1 3 
0.0000521875 1 2 1 3 3 3 2 1 
0.0001474375 1 2 1 3 3 3 3 1 
0.0000105625 1 2 2 0 0 0 0 1 
0.0001474375 1 2 2 0 0 0 0 2 
0.0000535625 1 2 2 0 0 0 2 0 
0.0000078125 1 2 2 0 0 0 2 1 
0.0000125000 1 2 2 0 0 0 2 3 
0.0000780625 1 2 2 0 0 1 1 0 
0.0000286875 1 2 2 0 0 1 1 2 
0.0000143750 1 2 2 0 0 1 3 0 
0.0000533125 1 2 2 0 0 1 3 3 
0.0000535625 1 2 2 0 0 2 0 0 
0.0000078125 1 2 2 0 0 2 0 1 
0.0000125000 1 2 2 0 0 2 0 3 
0.0000854375 1 2 2 0 0 2 2 1 
0.0000535625 1 2 2 0 0 2 2 2 
0.0000147500 1 2 2 0 0 2 2 3 
0.0000143750 1 2 2 0 0 3 1 0 
0.0000533125 1 2 2 0 0 3 1 3 
0.0000081875 1 2 2 0 0 3 3 1 
0.0000065000 1 2 2 0 1 0 0 2 
0.0000512500 1 2 2 0 1 0 0 3 
0.0000501875 1 2 2 0 1 0 2 0 
0.0000535625 1 2 2 0 1 0 2 1 
0.0000780625 1 2 2 0 1 1 1 1 
0.0000030625 1 2 2 0 1 1 1 2 
0.0000200625 1 2 2 0 1 1 1 3 
0.0000147500 1 2 2 0 1 1 3 0 
0.0000143750 1 2 2 0 1 1 3 1 
0.0000125000 1 2 2 0 1 1 3 2 
0.0000501875 1 2 2 0 1 2 0 0 
0.0000535625 1 2 2 0 1 2 0 1 
0.0001822500 1 2 2 0 1 2 2 0 
0.0000501875 1 2 2 0 1 2 2 2 
0.0000147500 1 2 2 0 1 3 1 0 
0.0000143750 1 2 2 0 1 3 1 1 
0.0000125000 1 2 2 0 1 3 1 2 
0.0000194375 1 2 2 0 2 0 1 3 
0.0000452500 1 2 2 0 2 0 3 1 
0.0000521875 1 2 2 0 2 0 3 2 
0.0000286875 1 2 2 0 2 0 3 3 
0.0000194375 1 2 2 0 2 1 0 3 
0.0000106250 1 2 2 0 2 1 2 0 
0.0000106250 1 2 2 0 2 2 1 0 
0.0000780625 1 2 2 0 2 2 3 3 
0.0000452500 1 2 2 0 2 3 0 1 
0.0000521875 1 2 2 0 2 3 0 2 
0.0000286875 1 2 2 0 2 3 0 3 
0.0000780625 1 2 2 0 2 3 2 3 
0.0000521875 1 2 2 0 3 0 1 1 
0.0000901250 1 2 2 0 3 0 1 2 
0.0000462500 1 2 2 0 3 0 1 3 
0.0000105625 1 2 2 0 3 0 3 1 
0.0001474375 1 2 2 0 3 0 3 2 
0.0000521875 1 2 2 0 3 1 0 1 
0.0000901250 1 2 2 0 3 1 0 2 
0.0000462500 1 2 2 0 3 1 0 3 
0.0000221250 1 2 2 0 3 1 2 0 
0.0000030625 1 2 2 0 3 1 2 3 
0.0000221250 1 2 2 0 3 2 1 0 
0.0000030625 1 2 2 0 3 2 1 3 
0.0000535625 1 2 2 0 3 2 3 0 
0.0000078125 1 2 2 0 3 2 3 1 
0.0000125000 1 2 2 0 3 2 3 3 
0.0000105625 1 2 2 0 3 3 0 1 
0.0001474375 1 2 2 0 3 3 0 2 
0.0000535625 1 2 2 0 3 3 2 0 
0.0000078125 1 2 2 0 3 3 2 1 
0.0000125000 1 2 2 0 3 3 2 3 
0.0000105625 1 2 2 1 0 0 0 0 
0.0000521875 1 2 2 1 0 0 1 3 
0.0000078125 1 2 2 1 0 0 2 0 
0.0000535625 1 2 2 1 0 0 2 1 
0.0000452500 1 2 2 1 0 0 3 2 
0.0000105625 1 2 2 1 0 0 3 3 
0.0000521875 1 2 2 1 0 1 0 3 
0.0000780625 1 2 2 1 0 1 1 1 
0.0000143750 1 2 2 1 0 1 3 1 
0.0000078125 1 2 2 1 0 2 0 0 
0.0000535625 1 2 2 1 0 2 0 1 
0.0000854375 1 2 2 1 0 2 2 0 
0.0000078125 1 2 2 1 0 2 3 3 
0.0000452500 1 2 2 1 0 3 0 2 
0.0000105625 1 2 2 1 0 3 0 3 
0.0000143750 1 2 2 1 0 3 1 1 
0.0000078125 1 2 2 1 0 3 2 3 
0.0000081875 1 2 2 1 0 3 3 0 
0.0000535625 1 2 2 1 1 0 2 0 
0.0000501875 1 2 2 1 1 0 2 1 
0.0000780625 1 2 2 1 1 1 1 0 
0.0000106250 1 2 2 1 1 1 2 2 
0.0000221250 1 2 2 1 1 1 2 3 
0.0000143750 1 2 2 1 1 1 3 0 
0.0000147500 1 2 2 1 1 1 3 1 
0.0000535625 1 2 2 1 1 2 0 0 
0.0000501875 1 2 2 1 1 2 0 1 
0.0000106250 1 2 2 1 1 2 1 2 
0.0000221250 1 2 2 1 1 2 1 3 
0.0001822500 1 2 2 1 1 2 2 1 
0.0000535625 1 2 2 1 1 2 3 3 
0.0000143750 1 2 2 1 1 3 1 0 
0.0000147500 1 2 2 1 1 3 1 1 
0.0000535625 1 2 2 1 1 3 2 3 
0.0000462500 1 2 2 1 2 0 0 2 
0.0000030625 1 2 2 1 2 0 2 2 
0.0000512500 1 2 2 1 2 0 2 3 
0.0000452500 1 2 2 1 2 0 3 0 
0.0000106250 1 2 2 1 2 1 2 1 
0.0000030625 1 2 2 1 2 2 0 2 
0.0000512500 1 2 2 1 2 2 0 3 
0.0000106250 1 2 2 1 2 2 1 1 
0.0000452500 1 2 2 1 2 3 0 0 
0.0000533125 1 2 2 1 2 3 3 2 
0.0000452500 1 2 2 1 2 3 3 3 
0.0000538125 1 2 2 1 3 0 0 3 
0.0000521875 1 2 2 1 3 0 1 0 
0.0000512500 1 2 2 1 3 0 2 2 
0.0000105625 1 2 2 1 3 0 3 0 
0.0000521875 1 2 2 1 3 1 0 0 
0.0000221250 1 2 2 1 3 1 2 1 
0.0000521875 1 2 2 1 3 1 3 3 
0.0000512500 1 2 2 1 3 2 0 2 
0.0000221250 1 2 2 1 3 2 1 1 
0.0000398125 1 2 2 1 3 2 2 3 
0.0000078125 1 2 2 1 3 2 3 0 
0.0000535625 1 2 2 1 3 2 3 1 
0.0000105625 1 2 2 1 3 3 0 0 
0.0000521875 1 2 2 1 3 3 1 3 
0.0000078125 1 2 2 1 3 3 2 0 
0.0000535625 1 2 2 1 3 3 2 1 
0.0000452500 1 2 2 1 3 3 3 2 
0.0000105625 1 2 2 1 3 3 3 3 
0.0001474375 1 2 2 2 0 0 0 0 
0.0000286875 1 2 2 2 0 0 1 1 
0.0000535625 1 2 2 2 0 0 2 2 
0.0000286875 1 2 2 2 0 1 0 1 
0.0000286875 1 2 2 2 0 1 1 0 
0.0000780625 1 2 2 2 0 1 1 2 
0.0000780625 1 2 2 2 0 1 2 1 
0.0000143750 1 2 2 2 0 1 2 3 
0.0000143750 1 2 2 2 0 1 3 2 
0.0000535625 1 2 2 2 0 2 0 2 
0.0000780625 1 2 2 2 0 2 1 1 
0.0000143750 1 2 2 2 0 2 1 3 
0.0000535625 1 2 2 2 0 2 2 0 
0.0000143750 1 2 2 2 0 2 3 1 
0.0000143750 1 2 2 2 0 3 1 2 
0.0000143750 1 2 2 2 0 3 2 1 
0.0000065000 1 2 2 2 1 0 0 0 
0.0000030625 1 2 2 2 1 0 1 1 
0.0000125000 1 2 2 2 1 0 1 3 
0.0000501875 1 2 2 2 1 0 2 2 
0.0000125000 1 2 2 2 1 0 3 1 
0.0000030625 1 2 2 2 1 1 0 1 
0.0000125000 1 2 2 2 1 1 0 3 
0.0000030625 1 2 2 2 1 1 1 0 
0.0000147500 1 2 2 2 1 1 2 3 
0.0000125000 1 2 2 2 1 1 3 0 
0.0000147500 1 2 2 2 1 1 3 2 
0.0000501875 1 2 2 2 1 2 0 2 
0.0000147500 1 2 2 2 1 2 1 3 
0.0000501875 1 2 2 2 1 2 2 0 
0.0001822500 1 2 2 2 1 2 2 2 
0.0000147500 1 2 2 2 1 2 3 1 
0.0000125000 1 2 2 2 1 3 0 1 
0.0000125000 1 2 2 2 1 3 1 0 
0.0000147500 1 2 2 2 1 3 1 2 
0.0000147500 1 2 2 2 1 3 2 1 
0.0000521875 1 2 2 2 2 0 0 3 
0.0000521875 1 2 2 2 2 0 3 0 
0.0000728125 1 2 2 2 2 1 1 1 
0.0001210625 1 2 2 2 2 1 1 3 
0.0000106250 1 2 2 2 2 1 2 2 
0.0001210625 1 2 2 2 2 1 3 1 
0.0000106250 1 2 2 2 2 2 1 2 
0.0000106250 1 2 2 2 2 2 2 1 
0.0000521875 1 2 2 2 2 3 0 0 
0.0001210625 1 2 2 2 2 3 1 1 
0.0000901250 1 2 2 2 3 0 0 1 
0.0001474375 1 2 2 2 3 0 0 3 
0.0000901250 1 2 2 2 3 0 1 0 
0.0001474375 1 2 2 2 3 0 3 0 
0.0000901250 1 2 2 2 3 1 0 0 
0.0000194375 1 2 2 2 3 1 1 1 
0.0000286875 1 2 2 2 3 1 1 3 
0.0000221250 1 2 2 2 3 1 2 2 
0.0000286875 1 2 2 2 3 1 3 1 
0.0000221250 1 2 2 2 3 2 1 2 
0.0000221250 1 2 2 2 3 2 2 1 
0.0000535625 1 2 2 2 3 2 2 3 
0.0000535625 1 2 2 2 3 2 3 2 
0.0001474375 1 2 2 2 3 3 0 0 
0.0000286875 1 2 2 2 3 3 1 1 
0.0000535625 1 2 2 2 3 3 2 2 
0.0000452500 1 2 2 3 0 0 1 2 
0.0000125000 1 2 2 3 0 0 2 0 
0.0000535625 1 2 2 3 0 0 2 3 
0.0000288750 1 2 2 3 0 0 3 2 
0.0000452500 1 2 2 3 0 1 0 2 
0.0000780625 1 2 2 3 0 1 1 3 
0.0000125000 1 2 2 3 0 1 2 1 
0.0000533125 1 2 2 3 0 1 3 0 
0.0000143750 1 2 2 3 0 1 3 3 
0.0000125000 1 2 2 3 0 2 0 0 
0.0000535625 1 2 2 3 0 2 0 3 
0.0000125000 1 2 2 3 0 2 1 1 
0.0000147500 1 2 2 3 0 2 2 0 
0.0000572500 1 2 2 3 0 2 3 2 
0.0000288750 1 2 2 3 0 3 0 2 
0.0000533125 1 2 2 3 0 3 1 0 
0.0000143750 1 2 2 3 0 3 1 3 
0.0000572500 1 2 2 3 0 3 2 2 
0.0000512500 1 2 2 3 1 0 0 0 
0.0000512500 1 2 2 3 1 0 1 1 
0.0000501875 1 2 2 3 1 0 2 3 
0.0000286875 1 2 2 3 1 0 3 1 
0.0000078125 1 2 2 3 1 0 3 2 
0.0000512500 1 2 2 3 1 1 0 1 
0.0000200625 1 2 2 3 1 1 1 0 
0.0000147500 1 2 2 3 1 1 3 3 
0.0000501875 1 2 2 3 1 2 0 3 
0.0001822500 1 2 2 3 1 2 2 3 
0.0000854375 1 2 2 3 1 2 3 2 
0.0000286875 1 2 2 3 1 3 0 1 
0.0000078125 1 2 2 3 1 3 0 2 
0.0000147500 1 2 2 3 1 3 1 3 
0.0000854375 1 2 2 3 1 3 2 2 
0.0000901250 1 2 2 3 2 0 0 1 
0.0000194375 1 2 2 3 2 0 1 0 
0.0000125000 1 2 2 3 2 0 2 2 
0.0000286875 1 2 2 3 2 0 3 0 
0.0000194375 1 2 2 3 2 1 0 0 
0.0000194375 1 2 2 3 2 1 1 1 
0.0000106250 1 2 2 3 2 1 2 3 
0.0000286875 1 2 2 3 2 1 3 1 
0.0000533125 1 2 2 3 2 1 3 2 
0.0000125000 1 2 2 3 2 2 0 2 
0.0000106250 1 2 2 3 2 2 1 3 
0.0000221250 1 2 2 3 2 2 2 1 
0.0000147500 1 2 2 3 2 2 2 2 
0.0000780625 1 2 2 3 2 2 3 0 
0.0000286875 1 2 2 3 2 3 0 0 
0.0000286875 1 2 2 3 2 3 1 1 
0.0000533125 1 2 2 3 2 3 1 2 
0.0000780625 1 2 2 3 2 3 2 0 
0.0000462500 1 2 2 3 3 0 1 0 
0.0000065000 1 2 2 3 3 0 2 1 
0.0000286875 1 2 2 3 3 0 2 2 
0.0000462500 1 2 2 3 3 1 0 0 
0.0000462500 1 2 2 3 3 1 1 1 
0.0000030625 1 2 2 3 3 1 2 0 
0.0000221250 1 2 2 3 3 1 2 3 
0.0000452500 1 2 2 3 3 1 3 2 
0.0000065000 1 2 2 3 3 2 0 1 
0.0000286875 1 2 2 3 3 2 0 2 
0.0000030625 1 2 2 3 3 2 1 0 
0.0000221250 1 2 2 3 3 2 1 3 
0.0000125000 1 2 2 3 3 2 3 0 
0.0000535625 1 2 2 3 3 2 3 3 
0.0000452500 1 2 2 3 3 3 1 2 
0.0000125000 1 2 2 3 3 3 2 0 
0.0000535625 1 2 2 3 3 3 2 3 
0.0000288750 1 2 2 3 3 3 3 2 
0.0000125000 1 2 3 0 0 0 0 0 
0.0000535625 1 2 3 0 0 0 3 0 
0.0000078125 1 2 3 0 0 0 3 1 
0.0000125000 1 2 3 0 0 0 3 3 
0.0000125000 1 2 3 0 0 1 1 0 
0.0000452500 1 2 3 0 0 1 2 2 
0.0000147500 1 2 3 0 0 2 0 0 
0.0000143750 1 2 3 0 0 2 0 1 
0.0000125000 1 2 3 0 0 2 0 2 
0.0000854375 1 2 3 0 0 2 3 1 
0.0000535625 1 2 3 0 0 2 3 2 
0.0000147500 1 2 3 0 0 2 3 3 
0.0000452500 1 2 3 0 0 3 1 3 
0.0000572500 1 2 3 0 0 3 2 0 
0.0000288750 1 2 3 0 0 3 2 2 
0.0000125000 1 2 3 0 1 0 0 1 
0.0000512500 1 2 3 0 1 0 0 2 
0.0000501875 1 2 3 0 1 0 3 0 
0.0000535625 1 2 3 0 1 0 3 1 
0.0000125000 1 2 3 0 1 1 1 1 
0.0000512500 1 2 3 0 1 1 1 2 
0.0000780625 1 2 3 0 1 1 2 3 
0.0000147500 1 2 3 0 1 2 0 1 
0.0000106250 1 2 3 0 1 2 0 3 
0.0001822500 1 2 3 0 1 2 3 0 
0.0000501875 1 2 3 0 1 2 3 2 
0.0000286875 1 2 3 0 1 3 1 2 
0.0000854375 1 2 3 0 1 3 2 0 
0.0000572500 1 2 3 0 1 3 2 1 
0.0000078125 1 2 3 0 1 3 2 2 
0.0000143750 1 2 3 0 1 3 2 3 
0.0000521875 1 2 3 0 2 0 1 1 
0.0000901250 1 2 3 0 2 0 1 2 
0.0000462500 1 2 3 0 2 0 1 3 
0.0000125000 1 2 3 0 2 0 2 0 
0.0001210625 1 2 3 0 2 1 0 1 
0.0000194375 1 2 3 0 2 1 0 2 
0.0000106250 1 2 3 0 2 1 3 0 
0.0000221250 1 2 3 0 2 2 1 0 
0.0000030625 1 2 3 0 2 2 1 3 
0.0000147500 1 2 3 0 2 2 2 0 
0.0000143750 1 2 3 0 2 2 2 1 
0.0000125000 1 2 3 0 2 2 2 2 
0.0000780625 1 2 3 0 2 3 0 0 
0.0000286875 1 2 3 0 2 3 0 2 
0.0000780625 1 2 3 0 2 3 3 3 
0.0000065000 1 2 3 0 3 0 1 0 
0.0001474375 1 2 3 0 3 0 1 1 
0.0000286875 1 2 3 0 3 0 2 0 
0.0000521875 1 2 3 0 3 0 2 3 
0.0000030625 1 2 3 0 3 1 0 0 
0.0000286875 1 2 3 0 3 1 0 1 
0.0000462500 1 2 3 0 3 1 0 2 
0.0000221250 1 2 3 0 3 1 3 0 
0.0000030625 1 2 3 0 3 1 3 3 
0.0000065000 1 2 3 0 3 2 1 2 
0.0000512500 1 2 3 0 3 2 1 3 
0.0000286875 1 2 3 0 3 2 2 2 
0.0000125000 1 2 3 0 3 3 0 0 
0.0000535625 1 2 3 0 3 3 3 0 
0.0000078125 1 2 3 0 3 3 3 1 
0.0000125000 1 2 3 0 3 3 3 3 
0.0000125000 1 2 3 1 0 0 0 1 
0.0000521875 1 2 3 1 0 0 1 2 
0.0001474375 1 2 3 1 0 0 1 3 
0.0000078125 1 2 3 1 0 0 3 0 
0.0000535625 1 2 3 1 0 0 3 1 
0.0001210625 1 2 3 1 0 1 0 2 
0.0000286875 1 2 3 1 0 1 0 3 
0.0000125000 1 2 3 1 0 1 1 1 
0.0000143750 1 2 3 1 0 2 0 0 
0.0000147500 1 2 3 1 0 2 0 1 
0.0000143750 1 2 3 1 0 2 2 2 
0.0000854375 1 2 3 1 0 2 3 0 
0.0000572500 1 2 3 1 0 3 2 1 
0.0000078125 1 2 3 1 0 3 3 3 
0.0000125000 1 2 3 1 1 0 0 0 
0.0000065000 1 2 3 1 1 0 1 3 
0.0000125000 1 2 3 1 1 0 2 2 
0.0000286875 1 2 3 1 1 0 2 3 
0.0000535625 1 2 3 1 1 0 3 0 
0.0000501875 1 2 3 1 1 0 3 1 
0.0000030625 1 2 3 1 1 1 0 3 
0.0000125000 1 2 3 1 1 1 1 0 
0.0000106250 1 2 3 1 1 1 3 2 
0.0000221250 1 2 3 1 1 1 3 3 
0.0000147500 1 2 3 1 1 2 0 0 
0.0000221250 1 2 3 1 1 2 1 2 
0.0000147500 1 2 3 1 1 2 2 2 
0.0001822500 1 2 3 1 1 2 3 1 
0.0000780625 1 2 3 1 1 3 0 2 
0.0000125000 1 2 3 1 1 3 0 3 
0.0000572500 1 2 3 1 1 3 2 0 
0.0000854375 1 2 3 1 1 3 2 1 
0.0000535625 1 2 3 1 1 3 3 3 
0.0000521875 1 2 3 1 2 0 1 0 
0.0000125000 1 2 3 1 2 0 2 1 
0.0000030625 1 2 3 1 2 0 3 2 
0.0000512500 1 2 3 1 2 0 3 3 
0.0001210625 1 2 3 1 2 1 0 0 
0.0001210625 1 2 3 1 2 1 2 2 
0.0000286875 1 2 3 1 2 1 2 3 
0.0000106250 1 2 3 1 2 1 3 1 
0.0000200625 1 2 3 1 2 2 0 2 
0.0000221250 1 2 3 1 2 2 1 1 
0.0000143750 1 2 3 1 2 2 2 0 
0.0000147500 1 2 3 1 2 2 2 1 
0.0000780625 1 2 3 1 2 3 0 1 
0.0000521875 1 2 3 1 2 3 1 3 
0.0000901250 1 2 3 1 3 0 0 3 
0.0001474375 1 2 3 1 3 0 1 0 
0.0000065000 1 2 3 1 3 0 1 1 
0.0000286875 1 2 3 1 3 0 2 1 
0.0000512500 1 2 3 1 3 0 3 2 
0.0000286875 1 2 3 1 3 1 0 0 
0.0000030625 1 2 3 1 3 1 0 1 
0.0000901250 1 2 3 1 3 1 1 3 
0.0000286875 1 2 3 1 3 1 2 2 
0.0000221250 1 2 3 1 3 1 3 1 
0.0000398125 1 2 3 1 3 2 3 3 
0.0000125000 1 2 3 1 3 3 0 1 
0.0000521875 1 2 3 1 3 3 1 2 
0.0001474375 1 2 3 1 3 3 1 3 
0.0000078125 1 2 3 1 3 3 3 0 
0.0000535625 1 2 3 1 3 3 3 1 
0.0000125000 1 2 3 2 0 0 0 2 
0.0000452500 1 2 3 2 0 0 2 1 
0.0000288750 1 2 3 2 0 0 2 3 
0.0000535625 1 2 3 2 0 0 3 2 
0.0000533125 1 2 3 2 0 1 0 3 
0.0000125000 1 2 3 2 0 1 1 2 
0.0000452500 1 2 3 2 0 1 2 0 
0.0000780625 1 2 3 2 0 1 3 1 
0.0000143750 1 2 3 2 0 1 3 3 
0.0000125000 1 2 3 2 0 2 0 0 
0.0000147500 1 2 3 2 0 2 0 2 
0.0000125000 1 2 3 2 0 2 1 1 
0.0000572500 1 2 3 2 0 2 2 3 
0.0000535625 1 2 3 2 0 2 3 0 
0.0000533125 1 2 3 2 0 3 0 1 
0.0000288750 1 2 3 2 0 3 2 0 
0.0000572500 1 2 3 2 0 3 2 2 
0.0000143750 1 2 3 2 0 3 3 1 
0.0000512500 1 2 3 2 1 0 0 0 
0.0000512500 1 2 3 2 1 0 1 1 
0.0000286875 1 2 3 2 1 0 1 3 
0.0000078125 1 2 3 2 1 0 2 3 
0.0000501875 1 2 3 2 1 0 3 2 
0.0000200625 1 2 3 2 1 1 0 1 
0.0000512500 1 2 3 2 1 1 1 0 
0.0000147500 1 2 3 2 1 1 3 3 
0.0000854375 1 2 3 2 1 2 2 3 
0.0000501875 1 2 3 2 1 2 3 0 
0.0001822500 1 2 3 2 1 2 3 2 
0.0000286875 1 2 3 2 1 3 1 0 
0.0000078125 1 2 3 2 1 3 2 0 
0.0000854375 1 2 3 2 1 3 2 2 
0.0000147500 1 2 3 2 1 3 3 1 
0.0000194375 1 2 3 2 2 0 0 1 
0.0000286875 1 2 3 2 2 0 0 3 
0.0000901250 1 2 3 2 2 0 1 0 
0.0000125000 1 2 3 2 2 0 2 2 
0.0000194375 1 2 3 2 2 1 0 0 
0.0000194375 1 2 3 2 2 1 1 1 
0.0000286875 1 2 3 2 2 1 1 3 
0.0000533125 1 2 3 2 2 1 2 3 
0.0000106250 1 2 3 2 2 1 3 2 
0.0000780625 1 2 3 2 2 2 0 3 
0.0000221250 1 2 3 2 2 2 1 2 
0.0000125000 1 2 3 2 2 2 2 0 
0.0000147500 1 2 3 2 2 2 2 2 
0.0000106250 1 2 3 2 2 2 3 1 
0.0000286875 1 2 3 2 2 3 0 0 
0.0000780625 1 2 3 2 2 3 0 2 
0.0000286875 1 2 3 2 2 3 1 1 
0.0000533125 1 2 3 2 2 3 2 1 
0.0000462500 1 2 3 2 3 0 0 1 
0.0000065000 1 2 3 2 3 0 1 2 
0.0000286875 1 2 3 2 3 0 2 2 
0.0000462500 1 2 3 2 3 1 0 0 
0.0000030625 1 2 3 2 3 1 0 2 
0.0000462500 1 2 3 2 3 1 1 1 
0.0000452500 1 2 3 2 3 1 2 3 
0.0000221250 1 2 3 2 3 1 3 2 
0.0000030625 1 2 3 2 3 2 0 1 
0.0000125000 1 2 3 2 3 2 0 3 
0.0000065000 1 2 3 2 3 2 1 0 
0.0000286875 1 2 3 2 3 2 2 0 
0.0000221250 1 2 3 2 3 2 3 1 
0.0000535625 1 2 3 2 3 2 3 3 
0.0000125000 1 2 3 2 3 3 0 2 
0.0000452500 1 2 3 2 3 3 2 1 
0.0000288750 1 2 3 2 3 3 2 3 
0.0000535625 1 2 3 2 3 3 3 2 
0.0000125000 1 2 3 3 0 0 0 3 
0.0000105625 1 2 3 3 0 0 1 2 
0.0000105625 1 2 3 3 0 0 2 1 
0.0000125000 1 2 3 3 0 0 3 0 
0.0000535625 1 2 3 3 0 0 3 3 
0.0000125000 1 2 3 3 0 1 1 3 
0.0000125000 1 2 3 3 0 1 3 1 
0.0000147500 1 2 3 3 0 2 0 3 
0.0000286875 1 2 3 3 0 2 1 1 
0.0000078125 1 2 3 3 0 2 1 2 
0.0000078125 1 2 3 3 0 2 2 1 
0.0000147500 1 2 3 3 0 2 3 0 
0.0000452500 1 2 3 3 0 3 0 1 
0.0000452500 1 2 3 3 0 3 1 0 
0.0000572500 1 2 3 3 0 3 2 3 
0.0000572500 1 2 3 3 0 3 3 2 
0.0000501875 1 2 3 3 1 0 3 3 
0.0000780625 1 2 3 3 1 1 0 2 
0.0000780625 1 2 3 3 1 1 2 0 
0.0000106250 1 2 3 3 1 2 0 0 
0.0000398125 1 2 3 3 1 2 1 1 
0.0000535625 1 2 3 3 1 2 1 2 
0.0000535625 1 2 3 3 1 2 2 1 
0.0001822500 1 2 3 3 1 2 3 3 
0.0000143750 1 2 3 3 1 3 0 2 
0.0000143750 1 2 3 3 1 3 2 0 
0.0000854375 1 2 3 3 1 3 2 3 
0.0000854375 1 2 3 3 1 3 3 2 
0.0000462500 1 2 3 3 2 0 0 1 
0.0000462500 1 2 3 3 2 0 1 0 
0.0000125000 1 2 3 3 2 0 2 3 
0.0000125000 1 2 3 3 2 0 3 2 
0.0000462500 1 2 3 3 2 1 1 1 
0.0000106250 1 2 3 3 2 1 3 3 
0.0000030625 1 2 3 3 2 2 0 1 
0.0000030625 1 2 3 3 2 2 1 0 
0.0000221250 1 2 3 3 2 2 1 3 
0.0000147500 1 2 3 3 2 2 2 3 
0.0000221250 1 2 3 3 2 2 3 1 
0.0000147500 1 2 3 3 2 2 3 2 
0.0000780625 1 2 3 3 2 3 0 3 
0.0000452500 1 2 3 3 2 3 1 2 
0.0000452500 1 2 3 3 2 3 2 1 
0.0000780625 1 2 3 3 2 3 3 0 
0.0000521875 1 2 3 3 3 0 0 2 
0.0000065000 1 2 3 3 3 0 1 3 
0.0000521875 1 2 3 3 3 0 2 0 
0.0000286875 1 2 3 3 3 0 2 3 
0.0000065000 1 2 3 3 3 0 3 1 
0.0000286875 1 2 3 3 3 0 3 2 
0.0000030625 1 2 3 3 3 1 0 3 
0.0000521875 1 2 3 3 3 1 1 2 
0.0000521875 1 2 3 3 3 1 2 1 
0.0000030625 1 2 3 3 3 1 3 0 
0.0000221250 1 2 3 3 3 1 3 3 
0.0000512500 1 2 3 3 3 2 0 1 
0.0000512500 1 2 3 3 3 2 1 0 
0.0000125000 1 2 3 3 3 3 0 3 
0.0000105625 1 2 3 3 3 3 1 2 
0.0000105625 1 2 3 3 3 3 2 1 
0.0000125000 1 2 3 3 3 3 3 0 
0.0000535625 1 2 3 3 3 3 3 3 
0.0000147500 1 3 0 0 0 0 0 0 
0.0000143750 1 3 0 0 0 0 0 1 
0.0000125000 1 3 0 0 0 0 0 2 
0.0000143750 1 3 0 0 0 0 1 0 
0.0000533125 1 3 0 0 0 0 1 3 
0.0000125000 1 3 0 0 0 0 2 0 
0.0000533125 1 3 0 0 0 0 3 1 
0.0001210625 1 3 0 0 0 0 3 3 
0.0000854375 1 3 0 0 0 3 0 1 
0.0000535625 1 3 0 0 0 3 0 2 
0.0000147500 1 3 0 0 0 3 0 3 
0.0000854375 1 3 0 0 0 3 1 0 
0.0000572500 1 3 0 0 0 3 1 1 
0.0000078125 1 3 0 0 0 3 1 2 
0.0000143750 1 3 0 0 0 3 1 3 
0.0000535625 1 3 0 0 0 3 2 0 
0.0000078125 1 3 0 0 0 3 2 1 
0.0000125000 1 3 0 0 0 3 2 3 
0.0000147500 1 3 0 0 0 3 3 0 
0.0000143750 1 3 0 0 0 3 3 1 
0.0000125000 1 3 0 0 0 3 3 2 
0.0000147500 1 3 0 0 1 0 0 1 
0.0000106250 1 3 0 0 1 0 0 3 
0.0000147500 1 3 0 0 1 0 1 0 
0.0000143750 1 3 0 0 1 0 1 1 
0.0000125000 1 3 0 0 1 0 1 2 
0.0000125000 1 3 0 0 1 0 2 1 
0.0000512500 1 3 0 0 1 0 2 2 
0.0000106250 1 3 0 0 1 0 3 0 
0.0001822500 1 3 0 0 1 3 0 0 
0.0000501875 1 3 0 0 1 3 0 2 
0.0000854375 1 3 0 0 1 3 1 1 
0.0000535625 1 3 0 0 1 3 1 2 
0.0000147500 1 3 0 0 1 3 1 3 
0.0000501875 1 3 0 0 1 3 2 0 
0.0000535625 1 3 0 0 1 3 2 1 
0.0000147500 1 3 0 0 1 3 3 1 
0.0000106250 1 3 0 0 1 3 3 3 
0.0000221250 1 3 0 0 2 1 0 0 
0.0000030625 1 3 0 0 2 1 0 3 
0.0000452500 1 3 0 0 2 1 1 1 
0.0000521875 1 3 0 0 2 1 1 2 
0.0000286875 1 3 0 0 2 1 1 3 
0.0000521875 1 3 0 0 2 1 2 1 
0.0000901250 1 3 0 0 2 1 2 2 
0.0000462500 1 3 0 0 2 1 2 3 
0.0000030625 1 3 0 0 2 1 3 0 
0.0000286875 1 3 0 0 2 1 3 1 
0.0000462500 1 3 0 0 2 1 3 2 
0.0000147500 1 3 0 0 2 2 0 0 
0.0000143750 1 3 0 0 2 2 0 1 
0.0000125000 1 3 0 0 2 2 0 2 
0.0000143750 1 3 0 0 2 2 1 0 
0.0000533125 1 3 0 0 2 2 1 3 
0.0000125000 1 3 0 0 2 2 2 0 
0.0000533125 1 3 0 0 2 2 3 1 
0.0001210625 1 3 0 0 2 2 3 3 
0.0000065000 1 3 0 0 3 1 0 2 
0.0000512500 1 3 0 0 3 1 0 3 
0.0000105625 1 3 0 0 3 1 1 1 
0.0001474375 1 3 0 0 3 1 1 2 
0.0000065000 1 3 0 0 3 1 2 0 
0.0001474375 1 3 0 0 3 1 2 1 
0.0000512500 1 3 0 0 3 1 3 0 
0.0000286875 1 3 0 0 3 2 0 2 
0.0000452500 1 3 0 0 3 2 1 3 
0.0000286875 1 3 0 0 3 2 2 0 
0.0000521875 1 3 0 0 3 2 2 3 
0.0000452500 1 3 0 0 3 2 3 1 
0.0000521875 1 3 0 0 3 2 3 2 
0.0000286875 1 3 0 0 3 2 3 3 
0.0000143750 1 3 0 1 0 0 0 0 
0.0000147500 1 3 0 1 0 0 0 1 
0.0000143750 1 3 0 1 0 0 1 1 
0.0000125000 1 3 0 1 0 0 2 1 
0.0000533125 1 3 0 1 0 0 3 0 
0.0000452500 1 3 0 1 0 1 1 2 
0.0000105625 1 3 0 1 0 1 1 3 
0.0000521875 1 3 0 1 0 1 2 2 
0.0001474375 1 3 0 1 0 1 2 3 
0.0000286875 1 3 0 1 0 1 3 2 
0.0000143750 1 3 0 1 0 2 0 2 
0.0000533125 1 3 0 1 0 2 3 2 
0.0000452500 1 3 0 1 0 2 3 3 
0.0000854375 1 3 0 1 0 3 0 0 
0.0000572500 1 3 0 1 0 3 1 0 
0.0000854375 1 3 0 1 0 3 1 1 
0.0000078125 1 3 0 1 0 3 2 0 
0.0000535625 1 3 0 1 0 3 2 1 
0.0000143750 1 3 0 1 0 3 3 0 
0.0000147500 1 3 0 1 0 3 3 1 
0.0000147500 1 3 0 1 1 0 0 0 
0.0000143750 1 3 0 1 1 0 1 0 
0.0000147500 1 3 0 1 1 0 1 1 
0.0000125000 1 3 0 1 1 0 2 0 
0.0000106250 1 3 0 1 1 0 3 1 
0.0000221250 1 3 0 1 1 1 0 2 
0.0000065000 1 3 0 1 1 1 2 3 
0.0000030625 1 3 0 1 1 1 3 2 
0.0000512500 1 3 0 1 1 1 3 3 
0.0000147500 1 3 0 1 1 2 0 2 
0.0000143750 1 3 0 1 1 2 1 2 
0.0000125000 1 3 0 1 1 2 2 2 
0.0000286875 1 3 0 1 1 2 2 3 
0.0001822500 1 3 0 1 1 3 0 1 
0.0000854375 1 3 0 1 1 3 1 0 
0.0000535625 1 3 0 1 1 3 2 0 
0.0000501875 1 3 0 1 1 3 2 1 
0.0000147500 1 3 0 1 1 3 3 0 
0.0000200625 1 3 0 1 2 0 0 2 
0.0000728125 1 3 0 1 2 0 3 2 
0.0000194375 1 3 0 1 2 0 3 3 
0.0000221250 1 3 0 1 2 1 0 1 
0.0000452500 1 3 0 1 2 1 1 0 
0.0000521875 1 3 0 1 2 1 2 0 
0.0000286875 1 3 0 1 2 1 3 0 
0.0000030625 1 3 0 1 2 1 3 1 
0.0000143750 1 3 0 1 2 2 0 0 
0.0000147500 1 3 0 1 2 2 0 1 
0.0000143750 1 3 0 1 2 2 1 1 
0.0000125000 1 3 0 1 2 2 2 1 
0.0000533125 1 3 0 1 2 2 3 0 
0.0000780625 1 3 0 1 2 3 1 2 
0.0000125000 1 3 0 1 2 3 1 3 
0.0000030625 1 3 0 1 2 3 2 2 
0.0000512500 1 3 0 1 2 3 2 3 
0.0000200625 1 3 0 1 2 3 3 2 
0.0000521875 1 3 0 1 3 0 1 3 
0.0000901250 1 3 0 1 3 0 2 3 
0.0000194375 1 3 0 1 3 0 3 2 
0.0000462500 1 3 0 1 3 0 3 3 
0.0000105625 1 3 0 1 3 1 1 0 
0.0001474375 1 3 0 1 3 1 2 0 
0.0000065000 1 3 0 1 3 1 2 1 
0.0000512500 1 3 0 1 3 1 3 1 
0.0000286875 1 3 0 1 3 2 2 1 
0.0000452500 1 3 0 1 3 2 3 0 
0.0000398125 1 3 0 1 3 3 0 3 
0.0000125000 1 3 0 1 3 3 1 2 
0.0000286875 1 3 0 1 3 3 1 3 
0.0000512500 1 3 0 1 3 3 2 2 
0.0000125000 1 3 0 2 0 0 0 0 
0.0000147500 1 3 0 2 0 0 0 2 
0.0000143750 1 3 0 2 0 0 1 2 
0.0000125000 1 3 0 2 0 0 2 2 
0.0000125000 1 3 0 2 0 1 0 1 
0.0000452500 1 3 0 2 0 1 3 3 
0.0000572500 1 3 0 2 0 2 0 3 
0.0000452500 1 3 0 2 0 2 2 1 
0.0000288750 1 3 0 2 0 2 2 3 
0.0000535625 1 3 0 2 0 3 0 0 
0.0000078125 1 3 0 2 0 3 1 0 
0.0000854375 1 3 0 2 0 3 1 2 
0.0000535625 1 3 0 2 0 3 2 2 
0.0000125000 1 3 0 2 0 3 3 0 
0.0000147500 1 3 0 2 0 3 3 2 
0.0000125000 1 3 0 2 1 0 1 0 
0.0000147500 1 3 0 2 1 0 1 2 
0.0000512500 1 3 0 2 1 0 2 0 
0.0000106250 1 3 0 2 1 0 3 2 
0.0000125000 1 3 0 2 1 1 1 1 
0.0000512500 1 3 0 2 1 1 2 1 
0.0000286875 1 3 0 2 1 1 2 3 
0.0000854375 1 3 0 2 1 2 0 3 
0.0000572500 1 3 0 2 1 2 1 3 
0.0000078125 1 3 0 2 1 2 2 3 
0.0000780625 1 3 0 2 1 2 3 1 
0.0000143750 1 3 0 2 1 2 3 3 
0.0000501875 1 3 0 2 1 3 0 0 
0.0001822500 1 3 0 2 1 3 0 2 
0.0000535625 1 3 0 2 1 3 1 0 
0.0000501875 1 3 0 2 1 3 2 2 
0.0000780625 1 3 0 2 2 0 0 3 
0.0001210625 1 3 0 2 2 0 1 1 
0.0000194375 1 3 0 2 2 0 2 1 
0.0000286875 1 3 0 2 2 0 2 3 
0.0000221250 1 3 0 2 2 1 0 2 
0.0000521875 1 3 0 2 2 1 1 0 
0.0000901250 1 3 0 2 2 1 2 0 
0.0000462500 1 3 0 2 2 1 3 0 
0.0000030625 1 3 0 2 2 1 3 2 
0.0000125000 1 3 0 2 2 2 0 0 
0.0000147500 1 3 0 2 2 2 0 2 
0.0000143750 1 3 0 2 2 2 1 2 
0.0000125000 1 3 0 2 2 2 2 2 
0.0000106250 1 3 0 2 2 3 0 1 
0.0000780625 1 3 0 2 2 3 3 3 
0.0000030625 1 3 0 2 3 0 0 1 
0.0000125000 1 3 0 2 3 0 0 3 
0.0000286875 1 3 0 2 3 0 1 1 
0.0000462500 1 3 0 2 3 0 2 1 
0.0000065000 1 3 0 2 3 1 0 0 
0.0001474375 1 3 0 2 3 1 1 0 
0.0000065000 1 3 0 2 3 1 2 2 
0.0000512500 1 3 0 2 3 1 3 2 
0.0000286875 1 3 0 2 3 2 0 0 
0.0000286875 1 3 0 2 3 2 2 2 
0.0000521875 1 3 0 2 3 2 3 0 
0.0000221250 1 3 0 2 3 3 0 1 
0.0000535625 1 3 0 2 3 3 0 3 
0.0000078125 1 3 0 2 3 3 1 3 
0.0000030625 1 3 0 2 3 3 3 1 
0.0000125000 1 3 0 2 3 3 3 3 
0.0000147500 1 3 0 3 0 0 0 3 
0.0000533125 1 3 0 3 0 0 1 0 
0.0000143750 1 3 0 3 0 0 1 3 
0.0000125000 1 3 0 3 0 0 2 3 
0.0001210625 1 3 0 3 0 0 3 0 
0.0000286875 1 3 0 3 0 1 0 1 
0.0000078125 1 3 0 3 0 1 0 2 
0.0000288750 1 3 0 3 0 1 1 2 
0.0000105625 1 3 0 3 0 1 2 2 
0.0000521875 1 3 0 3 0 1 3 1 
0.0000078125 1 3 0 3 0 2 0 1 
0.0000288750 1 3 0 3 0 2 1 1 
0.0000081875 1 3 0 3 0 2 1 2 
0.0000105625 1 3 0 3 0 2 2 1 
0.0000147500 1 3 0 3 0 3 0 0 
0.0000143750 1 3 0 3 0 3 1 0 
0.0000854375 1 3 0 3 0 3 1 3 
0.0000125000 1 3 0 3 0 3 2 0 
0.0000535625 1 3 0 3 0 3 2 3 
0.0000147500 1 3 0 3 0 3 3 3 
0.0000106250 1 3 0 3 1 0 0 0 
0.0000147500 1 3 0 3 1 0 1 3 
0.0000106250 1 3 0 3 1 0 3 3 
0.0000398125 1 3 0 3 1 1 0 1 
0.0000535625 1 3 0 3 1 1 0 2 
0.0000286875 1 3 0 3 1 1 1 1 
0.0000078125 1 3 0 3 1 1 1 2 
0.0000125000 1 3 0 3 1 1 3 2 
0.0000535625 1 3 0 3 1 2 0 1 
0.0000078125 1 3 0 3 1 2 1 1 
0.0000125000 1 3 0 3 1 2 3 1 
0.0001822500 1 3 0 3 1 3 0 3 
0.0000147500 1 3 0 3 1 3 1 0 
0.0000501875 1 3 0 3 1 3 2 3 
0.0000106250 1 3 0 3 1 3 3 0 
0.0000030625 1 3 0 3 2 0 0 1 
0.0000286875 1 3 0 3 2 0 1 1 
0.0000533125 1 3 0 3 2 0 1 2 
0.0000462500 1 3 0 3 2 0 2 1 
0.0001210625 1 3 0 3 2 0 3 2 
0.0000030625 1 3 0 3 2 1 0 0 
0.0000221250 1 3 0 3 2 1 0 3 
0.0000286875 1 3 0 3 2 1 1 0 
0.0000462500 1 3 0 3 2 1 2 0 
0.0000030625 1 3 0 3 2 1 3 3 
0.0000147500 1 3 0 3 2 2 0 3 
0.0000533125 1 3 0 3 2 2 1 0 
0.0000143750 1 3 0 3 2 2 1 3 
0.0000125000 1 3 0 3 2 2 2 3 
0.0001210625 1 3 0 3 2 2 3 0 
0.0000221250 1 3 0 3 2 3 0 1 
0.0000147500 1 3 0 3 2 3 0 2 
0.0000143750 1 3 0 3 2 3 1 2 
0.0000125000 1 3 0 3 2 3 2 2 
0.0000030625 1 3 0 3 2 3 3 1 
0.0000512500 1 3 0 3 3 0 0 1 
0.0000452500 1 3 0 3 3 0 1 2 
0.0000521875 1 3 0 3 3 0 2 2 
0.0000286875 1 3 0 3 3 0 3 2 
0.0000512500 1 3 0 3 3 1 0 0 
0.0000065000 1 3 0 3 3 1 2 3 
0.0000512500 1 3 0 3 3 1 3 3 
0.0000452500 1 3 0 3 3 2 1 0 
0.0000521875 1 3 0 3 3 2 2 0 
0.0000286875 1 3 0 3 3 2 2 3 
0.0000286875 1 3 0 3 3 2 3 0 
0.0000065000 1 3 0 3 3 3 2 1 
0.0000286875 1 3 0 3 3 3 2 2 
0.0000512500 1 3 0 3 3 3 3 1 
0.0000143750 1 3 1 0 0 0 0 0 
0.0000533125 1 3 1 0 0 0 0 3 
0.0000147500 1 3 1 0 0 0 1 0 
0.0000143750 1 3 1 0 0 0 1 1 
0.0000125000 1 3 1 0 0 0 1 2 
0.0000452500 1 3 1 0 0 1 2 1 
0.0000521875 1 3 1 0 0 1 2 2 
0.0000286875 1 3 1 0 0 1 2 3 
0.0000105625 1 3 1 0 0 1 3 1 
0.0001474375 1 3 1 0 0 1 3 2 
0.0000143750 1 3 1 0 0 2 2 0 
0.0000533125 1 3 1 0 0 2 2 3 
0.0000452500 1 3 1 0 0 2 3 3 
0.0000854375 1 3 1 0 0 3 0 0 
0.0000572500 1 3 1 0 0 3 0 1 
0.0000078125 1 3 1 0 0 3 0 2 
0.0000143750 1 3 1 0 0 3 0 3 
0.0000854375 1 3 1 0 0 3 1 1 
0.0000535625 1 3 1 0 0 3 1 2 
0.0000147500 1 3 1 0 0 3 1 3 
0.0000147500 1 3 1 0 1 0 0 0 
0.0000143750 1 3 1 0 1 0 0 1 
0.0000125000 1 3 1 0 1 0 0 2 
0.0000147500 1 3 1 0 1 0 1 1 
0.0000106250 1 3 1 0 1 0 1 3 
0.0000221250 1 3 1 0 1 1 2 0 
0.0000030625 1 3 1 0 1 1 2 3 
0.0000065000 1 3 1 0 1 1 3 2 
0.0000512500 1 3 1 0 1 1 3 3 
0.0000147500 1 3 1 0 1 2 2 0 
0.0000143750 1 3 1 0 1 2 2 1 
0.0000125000 1 3 1 0 1 2 2 2 
0.0000286875 1 3 1 0 1 2 3 2 
0.0000854375 1 3 1 0 1 3 0 1 
0.0000535625 1 3 1 0 1 3 0 2 
0.0000147500 1 3 1 0 1 3 0 3 
0.0001822500 1 3 1 0 1 3 1 0 
0.0000501875 1 3 1 0 1 3 1 2 
0.0000200625 1 3 1 0 2 0 2 0 
0.0000728125 1 3 1 0 2 0 2 3 
0.0000194375 1 3 1 0 2 0 3 3 
0.0000452500 1 3 1 0 2 1 0 1 
0.0000521875 1 3 1 0 2 1 0 2 
0.0000286875 1 3 1 0 2 1 0 3 
0.0000221250 1 3 1 0 2 1 1 0 
0.0000030625 1 3 1 0 2 1 1 3 
0.0000143750 1 3 1 0 2 2 0 0 
0.0000533125 1 3 1 0 2 2 0 3 
0.0000147500 1 3 1 0 2 2 1 0 
0.0000143750 1 3 1 0 2 2 1 1 
0.0000125000 1 3 1 0 2 2 1 2 
0.0000780625 1 3 1 0 2 3 2 1 
0.0000030625 1 3 1 0 2 3 2 2 
0.0000200625 1 3 1 0 2 3 2 3 
0.0000125000 1 3 1 0 2 3 3 1 
0.0000512500 1 3 1 0 2 3 3 2 
0.0000194375 1 3 1 0 3 0 2 3 
0.0000521875 1 3 1 0 3 0 3 1 
0.0000901250 1 3 1 0 3 0 3 2 
0.0000462500 1 3 1 0 3 0 3 3 
0.0000105625 1 3 1 0 3 1 0 1 
0.0001474375 1 3 1 0 3 1 0 2 
0.0000065000 1 3 1 0 3 1 1 2 
0.0000512500 1 3 1 0 3 1 1 3 
0.0000452500 1 3 1 0 3 2 0 3 
0.0000286875 1 3 1 0 3 2 1 2 
0.0000125000 1 3 1 0 3 3 2 1 
0.0000512500 1 3 1 0 3 3 2 2 
0.0000398125 1 3 1 0 3 3 3 0 
0.0000286875 1 3 1 0 3 3 3 1 
0.0000143750 1 3 1 1 0 0 0 1 
0.0000143750 1 3 1 1 0 0 1 0 
0.0000147500 1 3 1 1 0 0 1 1 
0.0000521875 1 3 1 1 0 0 3 3 
0.0000452500 1 3 1 1 0 1 0 2 
0.0000105625 1 3 1 1 0 1 0 3 
0.0000452500 1 3 1 1 0 1 2 0 
0.0000105625 1 3 1 1 0 1 3 0 
0.0000143750 1 3 1 1 0 2 1 2 
0.0000143750 1 3 1 1 0 2 2 1 
0.0000572500 1 3 1 1 0 3 0 0 
0.0000854375 1 3 1 1 0 3 0 1 
0.0000854375 1 3 1 1 0 3 1 0 
0.0000780625 1 3 1 1 0 3 2 2 
0.0000125000 1 3 1 1 0 3 2 3 
0.0000125000 1 3 1 1 0 3 3 2 
0.0000286875 1 3 1 1 0 3 3 3 
0.0000143750 1 3 1 1 1 0 0 0 
0.0000147500 1 3 1 1 1 0 0 1 
0.0000147500 1 3 1 1 1 0 1 0 
0.0000200625 1 3 1 1 1 0 2 2 
0.0000221250 1 3 1 1 1 1 1 2 
0.0000221250 1 3 1 1 1 1 2 1 
0.0000143750 1 3 1 1 1 2 0 2 
0.0000147500 1 3 1 1 1 2 1 2 
0.0000143750 1 3 1 1 1 2 2 0 
0.0000147500 1 3 1 1 1 2 2 1 
0.0000854375 1 3 1 1 1 3 0 0 
0.0001822500 1 3 1 1 1 3 1 1 
0.0000398125 1 3 1 1 1 3 3 3 
0.0000200625 1 3 1 1 2 0 1 2 
0.0000200625 1 3 1 1 2 0 2 1 
0.0000452500 1 3 1 1 2 1 0 0 
0.0000221250 1 3 1 1 2 1 1 1 
0.0000194375 1 3 1 1 2 1 2 2 
0.0000462500 1 3 1 1 2 1 2 3 
0.0000462500 1 3 1 1 2 1 3 2 
0.0000143750 1 3 1 1 2 2 0 1 
0.0000143750 1 3 1 1 2 2 1 0 
0.0000147500 1 3 1 1 2 2 1 1 
0.0000521875 1 3 1 1 2 2 3 3 
0.0000780625 1 3 1 1 2 3 0 2 
0.0000125000 1 3 1 1 2 3 0 3 
0.0000780625 1 3 1 1 2 3 2 0 
0.0000125000 1 3 1 1 2 3 3 0 
0.0000521875 1 3 1 1 3 0 0 3 
0.0000521875 1 3 1 1 3 0 3 0 
0.0000105625 1 3 1 1 3 1 0 0 
0.0000462500 1 3 1 1 3 1 2 2 
0.0000538125 1 3 1 1 3 1 3 3 
0.0000521875 1 3 1 1 3 2 2 3 
0.0000521875 1 3 1 1 3 2 3 2 
0.0001474375 1 3 1 1 3 2 3 3 
0.0000125000 1 3 1 1 3 3 0 2 
0.0000286875 1 3 1 1 3 3 0 3 
0.0000398125 1 3 1 1 3 3 1 3 
0.0000125000 1 3 1 1 3 3 2 0 
0.0000286875 1 3 1 1 3 3 3 0 
0.0000398125 1 3 1 1 3 3 3 1 
0.0000143750 1 3 1 2 0 0 0 2 
0.0000125000 1 3 1 2 0 0 1 0 
0.0000147500 1 3 1 2 0 0 1 2 
0.0001210625 1 3 1 2 0 0 2 1 
0.0000286875 1 3 1 2 0 0 3 1 
0.0000125000 1 3 1 2 0 1 1 1 
0.0000521875 1 3 1 2 0 1 2 0 
0.0001474375 1 3 1 2 0 1 3 0 
0.0000572500 1 3 1 2 0 2 1 3 
0.0000143750 1 3 1 2 0 2 2 2 
0.0000078125 1 3 1 2 0 3 0 0 
0.0000854375 1 3 1 2 0 3 0 2 
0.0000535625 1 3 1 2 0 3 1 0 
0.0000078125 1 3 1 2 0 3 3 3 
0.0000125000 1 3 1 2 1 0 0 0 
0.0000147500 1 3 1 2 1 0 0 2 
0.0000780625 1 3 1 2 1 0 2 3 
0.0000030625 1 3 1 2 1 0 3 1 
0.0000125000 1 3 1 2 1 0 3 3 
0.0000125000 1 3 1 2 1 1 0 1 
0.0000221250 1 3 1 2 1 1 2 2 
0.0000065000 1 3 1 2 1 1 3 0 
0.0000572500 1 3 1 2 1 2 0 3 
0.0000854375 1 3 1 2 1 2 1 3 
0.0000125000 1 3 1 2 1 2 2 0 
0.0000147500 1 3 1 2 1 2 2 2 
0.0000286875 1 3 1 2 1 2 3 0 
0.0000535625 1 3 1 2 1 3 0 0 
0.0000501875 1 3 1 2 1 3 1 0 
0.0001822500 1 3 1 2 1 3 1 2 
0.0000106250 1 3 1 2 1 3 2 1 
0.0000221250 1 3 1 2 1 3 3 1 
0.0000535625 1 3 1 2 1 3 3 3 
0.0001210625 1 3 1 2 2 0 0 1 
0.0000780625 1 3 1 2 2 0 1 3 
0.0000200625 1 3 1 2 2 0 2 2 
0.0000521875 1 3 1 2 2 1 0 0 
0.0000221250 1 3 1 2 2 1 1 2 
0.0000521875 1 3 1 2 2 1 3 3 
0.0000143750 1 3 1 2 2 2 0 2 
0.0000125000 1 3 1 2 2 2 1 0 
0.0000147500 1 3 1 2 2 2 1 2 
0.0001210625 1 3 1 2 2 2 2 1 
0.0000286875 1 3 1 2 2 2 3 1 
0.0000106250 1 3 1 2 2 3 1 1 
0.0000030625 1 3 1 2 2 3 2 0 
0.0000512500 1 3 1 2 2 3 3 0 
0.0000286875 1 3 1 2 3 0 0 1 
0.0000030625 1 3 1 2 3 0 1 1 
0.0000125000 1 3 1 2 3 0 1 3 
0.0000901250 1 3 1 2 3 0 3 0 
0.0001474375 1 3 1 2 3 1 0 0 
0.0000065000 1 3 1 2 3 1 1 0 
0.0000521875 1 3 1 2 3 1 2 3 
0.0000901250 1 3 1 2 3 1 3 1 
0.0001474375 1 3 1 2 3 1 3 3 
0.0000286875 1 3 1 2 3 2 1 0 
0.0000286875 1 3 1 2 3 2 2 1 
0.0000078125 1 3 1 2 3 3 0 3 
0.0000221250 1 3 1 2 3 3 1 1 
0.0000535625 1 3 1 2 3 3 1 3 
0.0000512500 1 3 1 2 3 3 2 0 
0.0000398125 1 3 1 2 3 3 3 2 
0.0000533125 1 3 1 3 0 0 0 0 
0.0000143750 1 3 1 3 0 0 0 3 
0.0000147500 1 3 1 3 0 0 1 3 
0.0000286875 1 3 1 3 0 0 2 1 
0.0000533125 1 3 1 3 0 0 2 2 
0.0000452500 1 3 1 3 0 0 3 2 
0.0000288750 1 3 1 3 0 1 0 2 
0.0000286875 1 3 1 3 0 1 1 1 
0.0000078125 1 3 1 3 0 1 1 2 
0.0000286875 1 3 1 3 0 1 2 0 
0.0000288750 1 3 1 3 0 2 0 1 
0.0000081875 1 3 1 3 0 2 0 2 
0.0000078125 1 3 1 3 0 2 1 1 
0.0000533125 1 3 1 3 0 2 2 0 
0.0000143750 1 3 1 3 0 2 2 3 
0.0000452500 1 3 1 3 0 2 3 0 
0.0000143750 1 3 1 3 0 3 0 0 
0.0000854375 1 3 1 3 0 3 0 3 
0.0000147500 1 3 1 3 0 3 1 0 
0.0000143750 1 3 1 3 0 3 2 2 
0.0000147500 1 3 1 3 1 0 0 3 
0.0000106250 1 3 1 3 1 0 1 0 
0.0000030625 1 3 1 3 1 0 2 1 
0.0000512500 1 3 1 3 1 0 3 1 
0.0000286875 1 3 1 3 1 1 0 1 
0.0000078125 1 3 1 3 1 1 0 2 
0.0000398125 1 3 1 3 1 1 1 1 
0.0000535625 1 3 1 3 1 1 1 2 
0.0000030625 1 3 1 3 1 1 2 0 
0.0000221250 1 3 1 3 1 1 2 3 
0.0000512500 1 3 1 3 1 1 3 0 
0.0000078125 1 3 1 3 1 2 0 1 
0.0000535625 1 3 1 3 1 2 1 1 
0.0000147500 1 3 1 3 1 2 2 3 
0.0000147500 1 3 1 3 1 3 0 0 
0.0001822500 1 3 1 3 1 3 1 3 
0.0000221250 1 3 1 3 1 3 2 1 
0.0000147500 1 3 1 3 1 3 2 2 
0.0000286875 1 3 1 3 2 0 0 1 
0.0000533125 1 3 1 3 2 0 0 2 
0.0000030625 1 3 1 3 2 0 1 1 
0.0000728125 1 3 1 3 2 0 2 0 
0.0000200625 1 3 1 3 2 0 2 3 
0.0000194375 1 3 1 3 2 0 3 0 
0.0000286875 1 3 1 3 2 1 0 0 
0.0000030625 1 3 1 3 2 1 1 0 
0.0000221250 1 3 1 3 2 1 1 3 
0.0000286875 1 3 1 3 2 1 2 2 
0.0000901250 1 3 1 3 2 1 3 1 
0.0000533125 1 3 1 3 2 2 0 0 
0.0000143750 1 3 1 3 2 2 0 3 
0.0000147500 1 3 1 3 2 2 1 3 
0.0000286875 1 3 1 3 2 2 2 1 
0.0000533125 1 3 1 3 2 2 2 2 
0.0000452500 1 3 1 3 2 2 3 2 
0.0000143750 1 3 1 3 2 3 0 2 
0.0000221250 1 3 1 3 2 3 1 1 
0.0000147500 1 3 1 3 2 3 1 2 
0.0000200625 1 3 1 3 2 3 2 0 
0.0000452500 1 3 1 3 3 0 0 2 
0.0000512500 1 3 1 3 3 0 1 1 
0.0000194375 1 3 1 3 3 0 2 0 
0.0000462500 1 3 1 3 3 0 3 0 
0.0000512500 1 3 1 3 3 1 1 0 
0.0000901250 1 3 1 3 3 1 2 1 
0.0000452500 1 3 1 3 3 2 0 0 
0.0000452500 1 3 1 3 3 2 2 2 
0.0000105625 1 3 1 3 3 2 3 2 
0.0000398125 1 3 1 3 3 3 3 3 
0.0000125000 1 3 2 0 0 0 0 0 
0.0000147500 1 3 2 0 0 0 2 0 
0.0000143750 1 3 2 0 0 0 2 1 
0.0000125000 1 3 2 0 0 0 2 2 
0.0000125000 1 3 2 0 0 1 1 0 
0.0000452500 1 3 2 0 0 1 3 3 
0.0000452500 1 3 2 0 0 2 1 2 
0.0000572500 1 3 2 0 0 2 3 0 
0.0000288750 1 3 2 0 0 2 3 2 
0.0000535625 1 3 2 0 0 3 0 0 
0.0000078125 1 3 2 0 0 3 0 1 
0.0000125000 1 3 2 0 0 3 0 3 
0.0000854375 1 3 2 0 0 3 2 1 
0.0000535625 1 3 2 0 0 3 2 2 
0.0000147500 1 3 2 0 0 3 2 3 
0.0000125000 1 3 2 0 1 0 0 1 
0.0000512500 1 3 2 0 1 0 0 2 
0.0000147500 1 3 2 0 1 0 2 1 
0.0000106250 1 3 2 0 1 0 2 3 
0.0000125000 1 3 2 0 1 1 1 1 
0.0000512500 1 3 2 0 1 1 1 2 
0.0000286875 1 3 2 0 1 1 3 2 
0.0000780625 1 3 2 0 1 2 1 3 
0.0000854375 1 3 2 0 1 2 3 0 
0.0000572500 1 3 2 0 1 2 3 1 
0.0000078125 1 3 2 0 1 2 3 2 
0.0000143750 1 3 2 0 1 2 3 3 
0.0000501875 1 3 2 0 1 3 0 0 
0.0000535625 1 3 2 0 1 3 0 1 
0.0001822500 1 3 2 0 1 3 2 0 
0.0000501875 1 3 2 0 1 3 2 2 
0.0001210625 1 3 2 0 2 0 1 1 
0.0000194375 1 3 2 0 2 0 1 2 
0.0000780625 1 3 2 0 2 0 3 0 
0.0000286875 1 3 2 0 2 0 3 2 
0.0000521875 1 3 2 0 2 1 0 1 
0.0000901250 1 3 2 0 2 1 0 2 
0.0000462500 1 3 2 0 2 1 0 3 
0.0000221250 1 3 2 0 2 1 2 0 
0.0000030625 1 3 2 0 2 1 2 3 
0.0000125000 1 3 2 0 2 2 0 0 
0.0000147500 1 3 2 0 2 2 2 0 
0.0000143750 1 3 2 0 2 2 2 1 
0.0000125000 1 3 2 0 2 2 2 2 
0.0000106250 1 3 2 0 2 3 1 0 
0.0000780625 1 3 2 0 2 3 3 3 
0.0000030625 1 3 2 0 3 0 1 0 
0.0000286875 1 3 2 0 3 0 1 1 
0.0000462500 1 3 2 0 3 0 1 2 
0.0000125000 1 3 2 0 3 0 3 0 
0.0000065000 1 3 2 0 3 1 0 0 
0.0001474375 1 3 2 0 3 1 0 1 
0.0000065000 1 3 2 0 3 1 2 2 
0.0000512500 1 3 2 0 3 1 2 3 
0.0000286875 1 3 2 0 3 2 0 0 
0.0000521875 1 3 2 0 3 2 0 3 
0.0000286875 1 3 2 0 3 2 2 2 
0.0000221250 1 3 2 0 3 3 1 0 
0.0000030625 1 3 2 0 3 3 1 3 
0.0000535625 1 3 2 0 3 3 3 0 
0.0000078125 1 3 2 0 3 3 3 1 
0.0000125000 1 3 2 0 3 3 3 3 
0.0000125000 1 3 2 1 0 0 0 1 
0.0001210625 1 3 2 1 0 0 1 2 
0.0000286875 1 3 2 1 0 0 1 3 
0.0000143750 1 3 2 1 0 0 2 0 
0.0000147500 1 3 2 1 0 0 2 1 
0.0000521875 1 3 2 1 0 1 0 2 
0.0001474375 1 3 2 1 0 1 0 3 
0.0000125000 1 3 2 1 0 1 1 1 
0.0000143750 1 3 2 1 0 2 2 2 
0.0000572500 1 3 2 1 0 2 3 1 
0.0000078125 1 3 2 1 0 3 0 0 
0.0000535625 1 3 2 1 0 3 0 1 
0.0000854375 1 3 2 1 0 3 2 0 
0.0000078125 1 3 2 1 0 3 3 3 
0.0000125000 1 3 2 1 1 0 0 0 
0.0000030625 1 3 2 1 1 0 1 3 
0.0000147500 1 3 2 1 1 0 2 0 
0.0000780625 1 3 2 1 1 0 3 2 
0.0000125000 1 3 2 1 1 0 3 3 
0.0000065000 1 3 2 1 1 1 0 3 
0.0000125000 1 3 2 1 1 1 1 0 
0.0000221250 1 3 2 1 1 1 2 2 
0.0000125000 1 3 2 1 1 2 0 2 
0.0000286875 1 3 2 1 1 2 0 3 
0.0000147500 1 3 2 1 1 2 2 2 
0.0000572500 1 3 2 1 1 2 3 0 
0.0000854375 1 3 2 1 1 2 3 1 
0.0000535625 1 3 2 1 1 3 0 0 
0.0000501875 1 3 2 1 1 3 0 1 
0.0000106250 1 3 2 1 1 3 1 2 
0.0000221250 1 3 2 1 1 3 1 3 
0.0001822500 1 3 2 1 1 3 2 1 
0.0000535625 1 3 2 1 1 3 3 3 
0.0001210625 1 3 2 1 2 0 1 0 
0.0000200625 1 3 2 1 2 0 2 2 
0.0000780625 1 3 2 1 2 0 3 1 
0.0000521875 1 3 2 1 2 1 0 0 
0.0000221250 1 3 2 1 2 1 2 1 
0.0000521875 1 3 2 1 2 1 3 3 
0.0000125000 1 3 2 1 2 2 0 1 
0.0001210625 1 3 2 1 2 2 1 2 
0.0000286875 1 3 2 1 2 2 1 3 
0.0000143750 1 3 2 1 2 2 2 0 
0.0000147500 1 3 2 1 2 2 2 1 
0.0000030625 1 3 2 1 2 3 0 2 
0.0000512500 1 3 2 1 2 3 0 3 
0.0000106250 1 3 2 1 2 3 1 1 
0.0000901250 1 3 2 1 3 0 0 3 
0.0000286875 1 3 2 1 3 0 1 0 
0.0000030625 1 3 2 1 3 0 1 1 
0.0000125000 1 3 2 1 3 0 3 1 
0.0001474375 1 3 2 1 3 1 0 0 
0.0000065000 1 3 2 1 3 1 0 1 
0.0000901250 1 3 2 1 3 1 1 3 
0.0000521875 1 3 2 1 3 1 3 2 
0.0001474375 1 3 2 1 3 1 3 3 
0.0000286875 1 3 2 1 3 2 0 1 
0.0000286875 1 3 2 1 3 2 1 2 
0.0000512500 1 3 2 1 3 3 0 2 
0.0000221250 1 3 2 1 3 3 1 1 
0.0000398125 1 3 2 1 3 3 2 3 
0.0000078125 1 3 2 1 3 3 3 0 
0.0000535625 1 3 2 1 3 3 3 1 
0.0000125000 1 3 2 2 0 0 0 2 
0.0000533125 1 3 2 2 0 0 1 3 
0.0000125000 1 3 2 2 0 0 2 0 
0.0000147500 1 3 2 2 0 0 2 2 
0.0000533125 1 3 2 2 0 0 3 1 
0.0000125000 1 3 2 2 0 1 1 2 
0.0000125000 1 3 2 2 0 1 2 1 
0.0000452500 1 3 2 2 0 2 0 1 
0.0000288750 1 3 2 2 0 2 0 3 
0.0000452500 1 3 2 2 0 2 1 0 
0.0000572500 1 3 2 2 0 2 2 3 
0.0000288750 1 3 2 2 0 2 3 0 
0.0000572500 1 3 2 2 0 2 3 2 
0.0000535625 1 3 2 2 0 3 0 2 
0.0000780625 1 3 2 2 0 3 1 1 
0.0000143750 1 3 2 2 0 3 1 3 
0.0000535625 1 3 2 2 0 3 2 0 
0.0000143750 1 3 2 2 0 3 3 1 
0.0000512500 1 3 2 2 1 0 0 0 
0.0000200625 1 3 2 2 1 0 1 1 
0.0000512500 1 3 2 2 1 1 0 1 
0.0000286875 1 3 2 2 1 1 0 3 
0.0000512500 1 3 2 2 1 1 1 0 
0.0000286875 1 3 2 2 1 1 3 0 
0.0000078125 1 3 2 2 1 2 0 3 
0.0000854375 1 3 2 2 1 2 2 3 
0.0000078125 1 3 2 2 1 2 3 0 
0.0000854375 1 3 2 2 1 2 3 2 
0.0000501875 1 3 2 2 1 3 0 2 
0.0000147500 1 3 2 2 1 3 1 3 
0.0000501875 1 3 2 2 1 3 2 0 
0.0001822500 1 3 2 2 1 3 2 2 
0.0000147500 1 3 2 2 1 3 3 1 
0.0000194375 1 3 2 2 2 0 0 1 
0.0000286875 1 3 2 2 2 0 0 3 
0.0000194375 1 3 2 2 2 0 1 0 
0.0000780625 1 3 2 2 2 0 2 3 
0.0000286875 1 3 2 2 2 0 3 0 
0.0000780625 1 3 2 2 2 0 3 2 
0.0000901250 1 3 2 2 2 1 0 0 
0.0000194375 1 3 2 2 2 1 1 1 
0.0000286875 1 3 2 2 2 1 1 3 
0.0000221250 1 3 2 2 2 1 2 2 
0.0000286875 1 3 2 2 2 1 3 1 
0.0000125000 1 3 2 2 2 2 0 2 
0.0000533125 1 3 2 2 2 2 1 3 
0.0000125000 1 3 2 2 2 2 2 0 
0.0000147500 1 3 2 2 2 2 2 2 
0.0000533125 1 3 2 2 2 2 3 1 
0.0000106250 1 3 2 2 2 3 1 2 
0.0000106250 1 3 2 2 2 3 2 1 
0.0000462500 1 3 2 2 3 0 0 1 
0.0000462500 1 3 2 2 3 0 1 0 
0.0000030625 1 3 2 2 3 0 1 2 
0.0000030625 1 3 2 2 3 0 2 1 
0.0000125000 1 3 2 2 3 0 2 3 
0.0000125000 1 3 2 2 3 0 3 2 
0.0000065000 1 3 2 2 3 1 0 2 
0.0000462500 1 3 2 2 3 1 1 1 
0.0000065000 1 3 2 2 3 1 2 0 
0.0000286875 1 3 2 2 3 2 0 2 
0.0000452500 1 3 2 2 3 2 1 3 
0.0000286875 1 3 2 2 3 2 2 0 
0.0000452500 1 3 2 2 3 2 3 1 
0.0000288750 1 3 2 2 3 2 3 3 
0.0000221250 1 3 2 2 3 3 1 2 
0.0000221250 1 3 2 2 3 3 2 1 
0.0000535625 1 3 2 2 3 3 2 3 
0.0000535625 1 3 2 2 3 3 3 2 
0.0000125000 1 3 2 3 0 0 0 3 
0.0000147500 1 3 2 3 0 0 2 3 
0.0000452500 1 3 2 3 0 0 3 1 
0.0000105625 1 3 2 3 0 1 0 2 
0.0000125000 1 3 2 3 0 1 1 3 
0.0000286875 1 3 2 3 0 1 2 1 
0.0000078125 1 3 2 3 0 1 2 2 
0.0000452500 1 3 2 3 0 1 3 0 
0.0000105625 1 3 2 3 0 2 0 1 
0.0000078125 1 3 2 3 0 2 2 1 
0.0000572500 1 3 2 3 0 2 3 3 
0.0000125000 1 3 2 3 0 3 0 0 
0.0000535625 1 3 2 3 0 3 0 3 
0.0000125000 1 3 2 3 0 3 1 1 
0.0000147500 1 3 2 3 0 3 2 0 
0.0000572500 1 3 2 3 0 3 3 2 
0.0000780625 1 3 2 3 1 0 1 2 
0.0000106250 1 3 2 3 1 0 2 0 
0.0000143750 1 3 2 3 1 0 3 2 
0.0000398125 1 3 2 3 1 1 2 1 
0.0000535625 1 3 2 3 1 1 2 2 
0.0000780625 1 3 2 3 1 2 1 0 
0.0000535625 1 3 2 3 1 2 2 1 
0.0000143750 1 3 2 3 1 2 3 0 
0.0000854375 1 3 2 3 1 2 3 3 
0.0000501875 1 3 2 3 1 3 0 3 
0.0001822500 1 3 2 3 1 3 2 3 
0.0000854375 1 3 2 3 1 3 3 2 
0.0000462500 1 3 2 3 2 0 0 1 
0.0000030625 1 3 2 3 2 0 2 1 
0.0000780625 1 3 2 3 2 0 3 3 
0.0000462500 1 3 2 3 2 1 0 0 
0.0000462500 1 3 2 3 2 1 1 1 
0.0000030625 1 3 2 3 2 1 2 0 
0.0000221250 1 3 2 3 2 1 2 3 
0.0000452500 1 3 2 3 2 1 3 2 
0.0000125000 1 3 2 3 2 2 0 3 
0.0000147500 1 3 2 3 2 2 2 3 
0.0000452500 1 3 2 3 2 2 3 1 
0.0000125000 1 3 2 3 2 3 0 2 
0.0000106250 1 3 2 3 2 3 1 3 
0.0000221250 1 3 2 3 2 3 2 1 
0.0000147500 1 3 2 3 2 3 2 2 
0.0000780625 1 3 2 3 2 3 3 0 
0.0000521875 1 3 2 3 3 0 0 2 
0.0000030625 1 3 2 3 3 0 1 3 
0.0000512500 1 3 2 3 3 0 2 1 
0.0000125000 1 3 2 3 3 0 3 3 
0.0000065000 1 3 2 3 3 1 0 3 
0.0000521875 1 3 2 3 3 1 1 2 
0.0000512500 1 3 2 3 3 1 2 0 
0.0000105625 1 3 2 3 3 1 3 2 
0.0000521875 1 3 2 3 3 2 0 0 
0.0000286875 1 3 2 3 3 2 0 3 
0.0000521875 1 3 2 3 3 2 1 1 
0.0000105625 1 3 2 3 3 2 3 1 
0.0000065000 1 3 2 3 3 3 0 1 
0.0000286875 1 3 2 3 3 3 0 2 
0.0000030625 1 3 2 3 3 3 1 0 
0.0000221250 1 3 2 3 3 3 1 3 
0.0000125000 1 3 2 3 3 3 3 0 
0.0000535625 1 3 2 3 3 3 3 3 
0.0000533125 1 3 3 0 0 0 0 1 
0.0001210625 1 3 3 0 0 0 0 3 
0.0000147500 1 3 3 0 0 0 3 0 
0.0000143750 1 3 3 0 0 0 3 1 
0.0000125000 1 3 3 0 0 0 3 2 
0.0000286875 1 3 3 0 0 1 1 0 
0.0000521875 1 3 3 0 0 1 1 3 
0.0000078125 1 3 3 0 0 1 2 0 
0.0000288750 1 3 3 0 0 1 2 1 
0.0000105625 1 3 3 0 0 1 2 2 
0.0000078125 1 3 3 0 0 2 1 0 
0.0000288750 1 3 3 0 0 2 1 1 
0.0000105625 1 3 3 0 0 2 1 2 
0.0000081875 1 3 3 0 0 2 2 1 
0.0000147500 1 3 3 0 0 3 0 0 
0.0000143750 1 3 3 0 0 3 0 1 
0.0000125000 1 3 3 0 0 3 0 2 
0.0000854375 1 3 3 0 0 3 3 1 
0.0000535625 1 3 3 0 0 3 3 2 
0.0000147500 1 3 3 0 0 3 3 3 
0.0000106250 1 3 3 0 1 0 0 0 
0.0000147500 1 3 3 0 1 0 3 1 
0.0000106250 1 3 3 0 1 0 3 3 
0.0000398125 1 3 3 0 1 1 1 0 
0.0000286875 1 3 3 0 1 1 1 1 
0.0000535625 1 3 3 0 1 1 2 0 
0.0000078125 1 3 3 0 1 1 2 1 
0.0000125000 1 3 3 0 1 1 2 3 
0.0000535625 1 3 3 0 1 2 1 0 
0.0000078125 1 3 3 0 1 2 1 1 
0.0000125000 1 3 3 0 1 2 1 3 
0.0000147500 1 3 3 0 1 3 0 1 
0.0000106250 1 3 3 0 1 3 0 3 
0.0001822500 1 3 3 0 1 3 3 0 
0.0000501875 1 3 3 0 1 3 3 2 
0.0000030625 1 3 3 0 2 0 1 0 
0.0000286875 1 3 3 0 2 0 1 1 
0.0000462500 1 3 3 0 2 0 1 2 
0.0000533125 1 3 3 0 2 0 2 1 
0.0001210625 1 3 3 0 2 0 2 3 
0.0000030625 1 3 3 0 2 1 0 0 
0.0000286875 1 3 3 0 2 1 0 1 
0.0000462500 1 3 3 0 2 1 0 2 
0.0000221250 1 3 3 0 2 1 3 0 
0.0000030625 1 3 3 0 2 1 3 3 
0.0000533125 1 3 3 0 2 2 0 1 
0.0001210625 1 3 3 0 2 2 0 3 
0.0000147500 1 3 3 0 2 2 3 0 
0.0000143750 1 3 3 0 2 2 3 1 
0.0000125000 1 3 3 0 2 2 3 2 
0.0000221250 1 3 3 0 2 3 1 0 
0.0000030625 1 3 3 0 2 3 1 3 
0.0000147500 1 3 3 0 2 3 2 0 
0.0000143750 1 3 3 0 2 3 2 1 
0.0000125000 1 3 3 0 2 3 2 2 
0.0000512500 1 3 3 0 3 0 1 0 
0.0000452500 1 3 3 0 3 0 2 1 
0.0000521875 1 3 3 0 3 0 2 2 
0.0000286875 1 3 3 0 3 0 2 3 
0.0000512500 1 3 3 0 3 1 0 0 
0.0000065000 1 3 3 0 3 1 3 2 
0.0000512500 1 3 3 0 3 1 3 3 
0.0000452500 1 3 3 0 3 2 0 1 
0.0000521875 1 3 3 0 3 2 0 2 
0.0000286875 1 3 3 0 3 2 0 3 
0.0000286875 1 3 3 0 3 2 3 2 
0.0000065000 1 3 3 0 3 3 1 2 
0.0000512500 1 3 3 0 3 3 1 3 
0.0000286875 1 3 3 0 3 3 2 2 
0.0000533125 1 3 3 1 0 0 0 0 
0.0000286875 1 3 3 1 0 0 1 2 
0.0000533125 1 3 3 1 0 0 2 2 
0.0000452500 1 3 3 1 0 0 2 3 
0.0000143750 1 3 3 1 0 0 3 0 
0.0000147500 1 3 3 1 0 0 3 1 
0.0000286875 1 3 3 1 0 1 0 2 
0.0000286875 1 3 3 1 0 1 1 1 
0.0000288750 1 3 3 1 0 1 2 0 
0.0000078125 1 3 3 1 0 1 2 1 
0.0000533125 1 3 3 1 0 2 0 2 
0.0000452500 1 3 3 1 0 2 0 3 
0.0000288750 1 3 3 1 0 2 1 0 
0.0000078125 1 3 3 1 0 2 1 1 
0.0000081875 1 3 3 1 0 2 2 0 
0.0000143750 1 3 3 1 0 2 3 2 
0.0000143750 1 3 3 1 0 3 0 0 
0.0000147500 1 3 3 1 0 3 0 1 
0.0000143750 1 3 3 1 0 3 2 2 
0.0000854375 1 3 3 1 0 3 3 0 
0.0000106250 1 3 3 1 1 0 0 1 
0.0000030625 1 3 3 1 1 0 1 2 
0.0000512500 1 3 3 1 1 0 1 3 
0.0000147500 1 3 3 1 1 0 3 0 
0.0000030625 1 3 3 1 1 1 0 2 
0.0000512500 1 3 3 1 1 1 0 3 
0.0000286875 1 3 3 1 1 1 1 0 
0.0000398125 1 3 3 1 1 1 1 1 
0.0000078125 1 3 3 1 1 1 2 0 
0.0000535625 1 3 3 1 1 1 2 1 
0.0000221250 1 3 3 1 1 1 3 2 
0.0000078125 1 3 3 1 1 2 1 0 
0.0000535625 1 3 3 1 1 2 1 1 
0.0000147500 1 3 3 1 1 2 3 2 
0.0000147500 1 3 3 1 1 3 0 0 
0.0000221250 1 3 3 1 1 3 1 2 
0.0000147500 1 3 3 1 1 3 2 2 
0.0001822500 1 3 3 1 1 3 3 1 
0.0000728125 1 3 3 1 2 0 0 2 
0.0000194375 1 3 3 1 2 0 0 3 
0.0000286875 1 3 3 1 2 0 1 0 
0.0000030625 1 3 3 1 2 0 1 1 
0.0000533125 1 3 3 1 2 0 2 0 
0.0000200625 1 3 3 1 2 0 3 2 
0.0000286875 1 3 3 1 2 1 0 0 
0.0000030625 1 3 3 1 2 1 0 1 
0.0000901250 1 3 3 1 2 1 1 3 
0.0000286875 1 3 3 1 2 1 2 2 
0.0000221250 1 3 3 1 2 1 3 1 
0.0000533125 1 3 3 1 2 2 0 0 
0.0000286875 1 3 3 1 2 2 1 2 
0.0000533125 1 3 3 1 2 2 2 2 
0.0000452500 1 3 3 1 2 2 2 3 
0.0000143750 1 3 3 1 2 2 3 0 
0.0000147500 1 3 3 1 2 2 3 1 
0.0000200625 1 3 3 1 2 3 0 2 
0.0000221250 1 3 3 1 2 3 1 1 
0.0000143750 1 3 3 1 2 3 2 0 
0.0000147500 1 3 3 1 2 3 2 1 
0.0000194375 1 3 3 1 3 0 0 2 
0.0000462500 1 3 3 1 3 0 0 3 
0.0000512500 1 3 3 1 3 0 1 1 
0.0000452500 1 3 3 1 3 0 2 0 
0.0000512500 1 3 3 1 3 1 0 1 
0.0000901250 1 3 3 1 3 1 1 2 
0.0000452500 1 3 3 1 3 2 0 0 
0.0000452500 1 3 3 1 3 2 2 2 
0.0000105625 1 3 3 1 3 2 2 3 
0.0000398125 1 3 3 1 3 3 3 3 
0.0000452500 1 3 3 2 0 0 1 3 
0.0000125000 1 3 3 2 0 0 3 0 
0.0000147500 1 3 3 2 0 0 3 2 
0.0000452500 1 3 3 2 0 1 0 3 
0.0000286875 1 3 3 2 0 1 1 2 
0.0000105625 1 3 3 2 0 1 2 0 
0.0000078125 1 3 3 2 0 1 2 2 
0.0000125000 1 3 3 2 0 1 3 1 
0.0000105625 1 3 3 2 0 2 1 0 
0.0000078125 1 3 3 2 0 2 1 2 
0.0000572500 1 3 3 2 0 2 3 3 
0.0000125000 1 3 3 2 0 3 0 0 
0.0000147500 1 3 3 2 0 3 0 2 
0.0000125000 1 3 3 2 0 3 1 1 
0.0000572500 1 3 3 2 0 3 2 3 
0.0000535625 1 3 3 2 0 3 3 0 
0.0000106250 1 3 3 2 1 0 0 2 
0.0000780625 1 3 3 2 1 0 2 1 
0.0000143750 1 3 3 2 1 0 2 3 
0.0000398125 1 3 3 2 1 1 1 2 
0.0000535625 1 3 3 2 1 1 2 2 
0.0000780625 1 3 3 2 1 2 0 1 
0.0000143750 1 3 3 2 1 2 0 3 
0.0000535625 1 3 3 2 1 2 1 2 
0.0000854375 1 3 3 2 1 2 3 3 
0.0000854375 1 3 3 2 1 3 2 3 
0.0000501875 1 3 3 2 1 3 3 0 
0.0001822500 1 3 3 2 1 3 3 2 
0.0000462500 1 3 3 2 2 0 1 0 
0.0000030625 1 3 3 2 2 0 1 2 
0.0000780625 1 3 3 2 2 0 3 3 
0.0000462500 1 3 3 2 2 1 0 0 
0.0000030625 1 3 3 2 2 1 0 2 
0.0000462500 1 3 3 2 2 1 1 1 
0.0000452500 1 3 3 2 2 1 2 3 
0.0000221250 1 3 3 2 2 1 3 2 
0.0000452500 1 3 3 2 2 2 1 3 
0.0000125000 1 3 3 2 2 2 3 0 
0.0000147500 1 3 3 2 2 2 3 2 
0.0000780625 1 3 3 2 2 3 0 3 
0.0000221250 1 3 3 2 2 3 1 2 
0.0000125000 1 3 3 2 2 3 2 0 
0.0000147500 1 3 3 2 2 3 2 2 
0.0000106250 1 3 3 2 2 3 3 1 
0.0000512500 1 3 3 2 3 0 1 2 
0.0000521875 1 3 3 2 3 0 2 0 
0.0000030625 1 3 3 2 3 0 3 1 
0.0000125000 1 3 3 2 3 0 3 3 
0.0000512500 1 3 3 2 3 1 0 2 
0.0000521875 1 3 3 2 3 1 2 1 
0.0000105625 1 3 3 2 3 1 2 3 
0.0000065000 1 3 3 2 3 1 3 0 
0.0000521875 1 3 3 2 3 2 0 0 
0.0000521875 1 3 3 2 3 2 1 1 
0.0000105625 1 3 3 2 3 2 1 3 
0.0000286875 1 3 3 2 3 2 3 0 
0.0000030625 1 3 3 2 3 3 0 1 
0.0000125000 1 3 3 2 3 3 0 3 
0.0000065000 1 3 3 2 3 3 1 0 
0.0000286875 1 3 3 2 3 3 2 0 
0.0000221250 1 3 3 2 3 3 3 1 
0.0000535625 1 3 3 2 3 3 3 3 
0.0001210625 1 3 3 3 0 0 0 0 
0.0000521875 1 3 3 3 0 0 1 1 
0.0000147500 1 3 3 3 0 0 3 3 
0.0000521875 1 3 3 3 0 1 0 1 
0.0000521875 1 3 3 3 0 1 1 0 
0.0000286875 1 3 3 3 0 1 1 3 
0.0000078125 1 3 3 3 0 1 2 3 
0.0000286875 1 3 3 3 0 1 3 1 
0.0000078125 1 3 3 3 0 1 3 2 
0.0000078125 1 3 3 3 0 2 1 3 
0.0000078125 1 3 3 3 0 2 3 1 
0.0000147500 1 3 3 3 0 3 0 3 
0.0000286875 1 3 3 3 0 3 1 1 
0.0000078125 1 3 3 3 0 3 1 2 
0.0000078125 1 3 3 3 0 3 2 1 
0.0000147500 1 3 3 3 0 3 3 0 
0.0000106250 1 3 3 3 1 0 0 3 
0.0000125000 1 3 3 3 1 0 1 2 
0.0000125000 1 3 3 3 1 0 2 1 
0.0000106250 1 3 3 3 1 0 3 0 
0.0000125000 1 3 3 3 1 1 0 2 
0.0000398125 1 3 3 3 1 1 1 3 
0.0000125000 1 3 3 3 1 1 2 0 
0.0000535625 1 3 3 3 1 1 2 3 
0.0000398125 1 3 3 3 1 1 3 1 
0.0000535625 1 3 3 3 1 1 3 2 
0.0000125000 1 3 3 3 1 2 0 1 
0.0000125000 1 3 3 3 1 2 1 0 
0.0000535625 1 3 3 3 1 2 1 3 
0.0000535625 1 3 3 3 1 2 3 1 
0.0000106250 1 3 3 3 1 3 0 0 
0.0000398125 1 3 3 3 1 3 1 1 
0.0000535625 1 3 3 3 1 3 1 2 
0.0000535625 1 3 3 3 1 3 2 1 
0.0001822500 1 3 3 3 1 3 3 3 
0.0001210625 1 3 3 3 2 0 0 2 
0.0000030625 1 3 3 3 2 0 1 3 
0.0001210625 1 3 3 3 2 0 2 0 
0.0000030625 1 3 3 3 2 0 3 1 
0.0000030625 1 3 3 3 2 1 0 3 
0.0000521875 1 3 3 3 2 1 1 2 
0.0000521875 1 3 3 3 2 1 2 1 
0.0000030625 1 3 3 3 2 1 3 0 
0.0000221250 1 3 3 3 2 1 3 3 
0.0001210625 1 3 3 3 2 2 0 0 
0.0000521875 1 3 3 3 2 2 1 1 
0.0000147500 1 3 3 3 2 2 3 3 
0.0000030625 1 3 3 3 2 3 0 1 
0.0000030625 1 3 3 3 2 3 1 0 
0.0000221250 1 3 3 3 2 3 1 3 
0.0000147500 1 3 3 3 2 3 2 3 
0.0000221250 1 3 3 3 2 3 3 1 
0.0000147500 1 3 3 3 2 3 3 2 
0.0000286875 1 3 3 3 3 0 0 2 
0.0000512500 1 3 3 3 3 0 1 3 
0.0000286875 1 3 3 3 3 0 2 0 
0.0000512500 1 3 3 3 3 0 3 1 
0.0000512500 1 3 3 3 3 1 0 3 
0.0000538125 1 3 3 3 3 1 1 1 
0.0001474375 1 3 3 3 3 1 1 2 
0.0001474375 1 3 3 3 3 1 2 1 
0.0000512500 1 3 3 3 3 1 3 0 
0.0000286875 1 3 3 3 3 2 0 0 
0.0001474375 1 3 3 3 3 2 1 1 
0.0000288750 1 3 3 3 3 2 2 2 
0.0000512500 1 3 3 3 3 3 0 1 
0.0000512500 1 3 3 3 3 3 1 0 
0.0000501875 2 0 0 0 0 0 0 0 
0.0000535625 2 0 0 0 0 0 0 1 
0.0000535625 2 0 0 0 0 0 1 0 
0.0000078125 2 0 0 0 0 0 1 1 
0.0000125000 2 0 0 0 0 0 1 3 
0.0000065000 2 0 0 0 0 0 2 2 
0.0000512500 2 0 0 0 0 0 2 3 
0.0000125000 2 0 0 0 0 0 3 1 
0.0000512500 2 0 0 0 0 0 3 2 
0.0000535625 2 0 0 0 0 1 0 0 
0.0000078125 2 0 0 0 0 1 0 1 
0.0000125000 2 0 0 0 0 1 0 3 
0.0000078125 2 0 0 0 0 1 1 0 
0.0000288750 2 0 0 0 0 1 1 1 
0.0000105625 2 0 0 0 0 1 1 2 
0.0000105625 2 0 0 0 0 1 2 1 
0.0001474375 2 0 0 0 0 1 2 2 
0.0000125000 2 0 0 0 0 1 3 0 
0.0000065000 2 0 0 0 0 2 0 2 
0.0000512500 2 0 0 0 0 2 0 3 
0.0000105625 2 0 0 0 0 2 1 1 
0.0001474375 2 0 0 0 0 2 1 2 
0.0000065000 2 0 0 0 0 2 2 0 
0.0001474375 2 0 0 0 0 2 2 1 
0.0000512500 2 0 0 0 0 2 3 0 
0.0000125000 2 0 0 0 0 3 0 1 
0.0000512500 2 0 0 0 0 3 0 2 
0.0000125000 2 0 0 0 0 3 1 0 
0.0000512500 2 0 0 0 0 3 2 0 
0.0000194375 2 0 0 0 0 3 3 3 
0.0001822500 2 0 0 0 2 0 0 0 
0.0000501875 2 0 0 0 2 0 0 2 
0.0000854375 2 0 0 0 2 0 1 1 
0.0000535625 2 0 0 0 2 0 1 2 
0.0000147500 2 0 0 0 2 0 1 3 
0.0000501875 2 0 0 0 2 0 2 0 
0.0000535625 2 0 0 0 2 0 2 1 
0.0000147500 2 0 0 0 2 0 3 1 
0.0000106250 2 0 0 0 2 0 3 3 
0.0000854375 2 0 0 0 2 1 0 1 
0.0000535625 2 0 0 0 2 1 0 2 
0.0000147500 2 0 0 0 2 1 0 3 
0.0000854375 2 0 0 0 2 1 1 0 
0.0000572500 2 0 0 0 2 1 1 1 
0.0000078125 2 0 0 0 2 1 1 2 
0.0000143750 2 0 0 0 2 1 1 3 
0.0000535625 2 0 0 0 2 1 2 0 
0.0000078125 2 0 0 0 2 1 2 1 
0.0000125000 2 0 0 0 2 1 2 3 
0.0000147500 2 0 0 0 2 1 3 0 
0.0000143750 2 0 0 0 2 1 3 1 
0.0000125000 2 0 0 0 2 1 3 2 
0.0000501875 2 0 0 0 2 2 0 0 
0.0000535625 2 0 0 0 2 2 0 1 
0.0000535625 2 0 0 0 2 2 1 0 
0.0000078125 2 0 0 0 2 2 1 1 
0.0000125000 2 0 0 0 2 2 1 3 
0.0000065000 2 0 0 0 2 2 2 2 
0.0000512500 2 0 0 0 2 2 2 3 
0.0000125000 2 0 0 0 2 2 3 1 
0.0000512500 2 0 0 0 2 2 3 2 
0.0000147500 2 0 0 0 2 3 0 1 
0.0000106250 2 0 0 0 2 3 0 3 
0.0000147500 2 0 0 0 2 3 1 0 
0.0000143750 2 0 0 0 2 3 1 1 
0.0000125000 2 0 0 0 2 3 1 2 
0.0000125000 2 0 0 0 2 3 2 1 
0.0000512500 2 0 0 0 2 3 2 2 
0.0000106250 2 0 0 0 2 3 3 0 
0.0000535625 2 0 0 1 0 0 0 0 
0.0000501875 2 0 0 1 0 0 0 1 
0.0000078125 2 0 0 1 0 0 1 0 
0.0000535625 2 0 0 1 0 0 1 1 
0.0000125000 2 0 0 1 0 0 3 0 
0.0000078125 2 0 0 1 0 1 0 0 
0.0000535625 2 0 0 1 0 1 0 1 
0.0000288750 2 0 0 1 0 1 1 0 
0.0000078125 2 0 0 1 0 1 1 1 
0.0000105625 2 0 0 1 0 1 2 0 
0.0000125000 2 0 0 1 0 1 3 1 
0.0000105625 2 0 0 1 0 2 1 0 
0.0001474375 2 0 0 1 0 2 2 0 
0.0000065000 2 0 0 1 0 2 2 1 
0.0000512500 2 0 0 1 0 2 3 1 
0.0000125000 2 0 0 1 0 3 0 0 
0.0000125000 2 0 0 1 0 3 1 1 
0.0000512500 2 0 0 1 0 3 2 1 
0.0000106250 2 0 0 1 1 0 0 2 
0.0000221250 2 0 0 1 1 0 0 3 
0.0000030625 2 0 0 1 1 0 3 3 
0.0000533125 2 0 0 1 1 1 1 2 
0.0000452500 2 0 0 1 1 1 1 3 
0.0000521875 2 0 0 1 1 1 2 3 
0.0001210625 2 0 0 1 1 1 3 2 
0.0000286875 2 0 0 1 1 1 3 3 
0.0000521875 2 0 0 1 1 2 1 3 
0.0000901250 2 0 0 1 1 2 2 3 
0.0000194375 2 0 0 1 1 2 3 2 
0.0000462500 2 0 0 1 1 2 3 3 
0.0000030625 2 0 0 1 1 3 0 3 
0.0001210625 2 0 0 1 1 3 1 2 
0.0000286875 2 0 0 1 1 3 1 3 
0.0000194375 2 0 0 1 1 3 2 2 
0.0000462500 2 0 0 1 1 3 2 3 
0.0001822500 2 0 0 1 2 0 0 1 
0.0000854375 2 0 0 1 2 0 1 0 
0.0000535625 2 0 0 1 2 0 2 0 
0.0000501875 2 0 0 1 2 0 2 1 
0.0000147500 2 0 0 1 2 0 3 0 
0.0000854375 2 0 0 1 2 1 0 0 
0.0000572500 2 0 0 1 2 1 1 0 
0.0000854375 2 0 0 1 2 1 1 1 
0.0000078125 2 0 0 1 2 1 2 0 
0.0000535625 2 0 0 1 2 1 2 1 
0.0000143750 2 0 0 1 2 1 3 0 
0.0000147500 2 0 0 1 2 1 3 1 
0.0000535625 2 0 0 1 2 2 0 0 
0.0000501875 2 0 0 1 2 2 0 1 
0.0000078125 2 0 0 1 2 2 1 0 
0.0000535625 2 0 0 1 2 2 1 1 
0.0000125000 2 0 0 1 2 2 3 0 
0.0000147500 2 0 0 1 2 3 0 0 
0.0000143750 2 0 0 1 2 3 1 0 
0.0000147500 2 0 0 1 2 3 1 1 
0.0000125000 2 0 0 1 2 3 2 0 
0.0000106250 2 0 0 1 2 3 3 1 
0.0000535625 2 0 0 1 3 0 0 3 
0.0000078125 2 0 0 1 3 0 1 3 
0.0000780625 2 0 0 1 3 0 3 2 
0.0000125000 2 0 0 1 3 0 3 3 
0.0000078125 2 0 0 1 3 1 0 3 
0.0000288750 2 0 0 1 3 1 1 3 
0.0000452500 2 0 0 1 3 1 2 2 
0.0000105625 2 0 0 1 3 1 2 3 
0.0000452500 2 0 0 1 3 2 1 2 
0.0000105625 2 0 0 1 3 2 1 3 
0.0000521875 2 0 0 1 3 2 2 2 
0.0001474375 2 0 0 1 3 2 2 3 
0.0000286875 2 0 0 1 3 2 3 2 
0.0000780625 2 0 0 1 3 3 0 2 
0.0000125000 2 0 0 1 3 3 0 3 
0.0000286875 2 0 0 1 3 3 2 2 
0.0000501875 2 0 0 2 0 0 0 2 
0.0000535625 2 0 0 2 0 0 1 2 
0.0000065000 2 0 0 2 0 0 2 0 
0.0000512500 2 0 0 2 0 0 3 0 
0.0000535625 2 0 0 2 0 1 0 2 
0.0000105625 2 0 0 2 0 1 1 0 
0.0000078125 2 0 0 2 0 1 1 2 
0.0001474375 2 0 0 2 0 1 2 0 
0.0000125000 2 0 0 2 0 1 3 2 
0.0000065000 2 0 0 2 0 2 0 0 
0.0001474375 2 0 0 2 0 2 1 0 
0.0000065000 2 0 0 2 0 2 2 2 
0.0000512500 2 0 0 2 0 2 3 2 
0.0000512500 2 0 0 2 0 3 0 0 
0.0000125000 2 0 0 2 0 3 1 2 
0.0000512500 2 0 0 2 0 3 2 2 
0.0000147500 2 0 0 2 1 0 0 3 
0.0000780625 2 0 0 2 1 0 1 1 
0.0000143750 2 0 0 2 1 0 1 3 
0.0000030625 2 0 0 2 1 0 2 1 
0.0000125000 2 0 0 2 1 0 2 3 
0.0000200625 2 0 0 2 1 0 3 1 
0.0000780625 2 0 0 2 1 1 0 1 
0.0000143750 2 0 0 2 1 1 0 3 
0.0000286875 2 0 0 2 1 1 2 1 
0.0000533125 2 0 0 2 1 1 3 3 
0.0000030625 2 0 0 2 1 2 0 1 
0.0000125000 2 0 0 2 1 2 0 3 
0.0000286875 2 0 0 2 1 2 1 1 
0.0000462500 2 0 0 2 1 2 2 1 
0.0000200625 2 0 0 2 1 3 0 1 
0.0000533125 2 0 0 2 1 3 1 3 
0.0000728125 2 0 0 2 1 3 3 1 
0.0001210625 2 0 0 2 1 3 3 3 
0.0000501875 2 0 0 2 2 0 0 0 
0.0001822500 2 0 0 2 2 0 0 2 
0.0000535625 2 0 0 2 2 0 1 0 
0.0000501875 2 0 0 2 2 0 2 2 
0.0000535625 2 0 0 2 2 1 0 0 
0.0000078125 2 0 0 2 2 1 1 0 
0.0000854375 2 0 0 2 2 1 1 2 
0.0000535625 2 0 0 2 2 1 2 2 
0.0000125000 2 0 0 2 2 1 3 0 
0.0000147500 2 0 0 2 2 1 3 2 
0.0000501875 2 0 0 2 2 2 0 2 
0.0000535625 2 0 0 2 2 2 1 2 
0.0000065000 2 0 0 2 2 2 2 0 
0.0000512500 2 0 0 2 2 2 3 0 
0.0000125000 2 0 0 2 2 3 1 0 
0.0000147500 2 0 0 2 2 3 1 2 
0.0000512500 2 0 0 2 2 3 2 0 
0.0000106250 2 0 0 2 2 3 3 2 
0.0000147500 2 0 0 2 3 0 0 1 
0.0000143750 2 0 0 2 3 0 1 1 
0.0000125000 2 0 0 2 3 0 2 1 
0.0000143750 2 0 0 2 3 1 0 1 
0.0000081875 2 0 0 2 3 1 1 3 
0.0000533125 2 0 0 2 3 1 3 1 
0.0000125000 2 0 0 2 3 2 0 1 
0.0000452500 2 0 0 2 3 2 3 3 
0.0000533125 2 0 0 2 3 3 1 1 
0.0000452500 2 0 0 2 3 3 2 3 
0.0001210625 2 0 0 2 3 3 3 1 
0.0000501875 2 0 0 3 0 0 0 3 
0.0000125000 2 0 0 3 0 0 1 0 
0.0000535625 2 0 0 3 0 0 1 3 
0.0000512500 2 0 0 3 0 0 2 0 
0.0000125000 2 0 0 3 0 1 0 0 
0.0000535625 2 0 0 3 0 1 0 3 
0.0000078125 2 0 0 3 0 1 1 3 
0.0000125000 2 0 0 3 0 1 3 3 
0.0000512500 2 0 0 3 0 2 0 0 
0.0000065000 2 0 0 3 0 2 2 3 
0.0000512500 2 0 0 3 0 2 3 3 
0.0000125000 2 0 0 3 0 3 1 3 
0.0000512500 2 0 0 3 0 3 2 3 
0.0000194375 2 0 0 3 0 3 3 0 
0.0000125000 2 0 0 3 1 0 1 1 
0.0000512500 2 0 0 3 1 0 2 1 
0.0000780625 2 0 0 3 1 0 3 2 
0.0000125000 2 0 0 3 1 1 0 1 
0.0000452500 2 0 0 3 1 1 2 2 
0.0000512500 2 0 0 3 1 2 0 1 
0.0000452500 2 0 0 3 1 2 1 2 
0.0000521875 2 0 0 3 1 2 2 2 
0.0000286875 2 0 0 3 1 2 3 2 
0.0000780625 2 0 0 3 1 3 0 2 
0.0000286875 2 0 0 3 1 3 2 2 
0.0000194375 2 0 0 3 1 3 3 1 
0.0001822500 2 0 0 3 2 0 0 3 
0.0000147500 2 0 0 3 2 0 1 0 
0.0000501875 2 0 0 3 2 0 2 3 
0.0000106250 2 0 0 3 2 0 3 0 
0.0000147500 2 0 0 3 2 1 0 0 
0.0000143750 2 0 0 3 2 1 1 0 
0.0000854375 2 0 0 3 2 1 1 3 
0.0000125000 2 0 0 3 2 1 2 0 
0.0000535625 2 0 0 3 2 1 2 3 
0.0000147500 2 0 0 3 2 1 3 3 
0.0000501875 2 0 0 3 2 2 0 3 
0.0000125000 2 0 0 3 2 2 1 0 
0.0000535625 2 0 0 3 2 2 1 3 
0.0000512500 2 0 0 3 2 2 2 0 
0.0000106250 2 0 0 3 2 3 0 0 
0.0000147500 2 0 0 3 2 3 1 3 
0.0000106250 2 0 0 3 2 3 3 3 
0.0000854375 2 0 0 3 3 0 0 2 
0.0000572500 2 0 0 3 3 0 1 2 
0.0000286875 2 0 0 3 3 0 2 1 
0.0000078125 2 0 0 3 3 0 2 2 
0.0000143750 2 0 0 3 3 0 3 2 
0.0000572500 2 0 0 3 3 1 0 2 
0.0000288750 2 0 0 3 3 1 2 2 
0.0000452500 2 0 0 3 3 1 3 1 
0.0000286875 2 0 0 3 3 2 0 1 
0.0000078125 2 0 0 3 3 2 0 2 
0.0000288750 2 0 0 3 3 2 1 2 
0.0000105625 2 0 0 3 3 2 2 2 
0.0000521875 2 0 0 3 3 2 3 1 
0.0000143750 2 0 0 3 3 3 0 2 
0.0000452500 2 0 0 3 3 3 1 1 
0.0000521875 2 0 0 3 3 3 2 1 
0.0000286875 2 0 0 3 3 3 3 1 
0.0000533125 2 0 0 3 3 3 3 2 
0.0000535625 2 0 1 0 0 0 0 0 
0.0000078125 2 0 1 0 0 0 0 1 
0.0000125000 2 0 1 0 0 0 0 3 
0.0000501875 2 0 1 0 0 0 1 0 
0.0000535625 2 0 1 0 0 0 1 1 
0.0000078125 2 0 1 0 0 1 0 0 
0.0000288750 2 0 1 0 0 1 0 1 
0.0000105625 2 0 1 0 0 1 0 2 
0.0000535625 2 0 1 0 0 1 1 0 
0.0000078125 2 0 1 0 0 1 1 1 
0.0000125000 2 0 1 0 0 1 1 3 
0.0000105625 2 0 1 0 0 2 0 1 
0.0001474375 2 0 1 0 0 2 0 2 
0.0000065000 2 0 1 0 0 2 1 2 
0.0000512500 2 0 1 0 0 2 1 3 
0.0000125000 2 0 1 0 0 3 0 0 
0.0000125000 2 0 1 0 0 3 1 1 
0.0000512500 2 0 1 0 0 3 1 2 
0.0000106250 2 0 1 0 1 0 2 0 
0.0000221250 2 0 1 0 1 0 3 0 
0.0000030625 2 0 1 0 1 0 3 3 
0.0000533125 2 0 1 0 1 1 2 1 
0.0001210625 2 0 1 0 1 1 2 3 
0.0000452500 2 0 1 0 1 1 3 1 
0.0000521875 2 0 1 0 1 1 3 2 
0.0000286875 2 0 1 0 1 1 3 3 
0.0000194375 2 0 1 0 1 2 2 3 
0.0000521875 2 0 1 0 1 2 3 1 
0.0000901250 2 0 1 0 1 2 3 2 
0.0000462500 2 0 1 0 1 2 3 3 
0.0001210625 2 0 1 0 1 3 2 1 
0.0000194375 2 0 1 0 1 3 2 2 
0.0000030625 2 0 1 0 1 3 3 0 
0.0000286875 2 0 1 0 1 3 3 1 
0.0000462500 2 0 1 0 1 3 3 2 
0.0000854375 2 0 1 0 2 0 0 1 
0.0000535625 2 0 1 0 2 0 0 2 
0.0000147500 2 0 1 0 2 0 0 3 
0.0001822500 2 0 1 0 2 0 1 0 
0.0000501875 2 0 1 0 2 0 1 2 
0.0000854375 2 0 1 0 2 1 0 0 
0.0000572500 2 0 1 0 2 1 0 1 
0.0000078125 2 0 1 0 2 1 0 2 
0.0000143750 2 0 1 0 2 1 0 3 
0.0000854375 2 0 1 0 2 1 1 1 
0.0000535625 2 0 1 0 2 1 1 2 
0.0000147500 2 0 1 0 2 1 1 3 
0.0000535625 2 0 1 0 2 2 0 0 
0.0000078125 2 0 1 0 2 2 0 1 
0.0000125000 2 0 1 0 2 2 0 3 
0.0000501875 2 0 1 0 2 2 1 0 
0.0000535625 2 0 1 0 2 2 1 1 
0.0000147500 2 0 1 0 2 3 0 0 
0.0000143750 2 0 1 0 2 3 0 1 
0.0000125000 2 0 1 0 2 3 0 2 
0.0000147500 2 0 1 0 2 3 1 1 
0.0000106250 2 0 1 0 2 3 1 3 
0.0000780625 2 0 1 0 3 0 2 3 
0.0000535625 2 0 1 0 3 0 3 0 
0.0000078125 2 0 1 0 3 0 3 1 
0.0000125000 2 0 1 0 3 0 3 3 
0.0000452500 2 0 1 0 3 1 2 2 
0.0000078125 2 0 1 0 3 1 3 0 
0.0000288750 2 0 1 0 3 1 3 1 
0.0000105625 2 0 1 0 3 1 3 2 
0.0000452500 2 0 1 0 3 2 2 1 
0.0000521875 2 0 1 0 3 2 2 2 
0.0000286875 2 0 1 0 3 2 2 3 
0.0000105625 2 0 1 0 3 2 3 1 
0.0001474375 2 0 1 0 3 2 3 2 
0.0000780625 2 0 1 0 3 3 2 0 
0.0000286875 2 0 1 0 3 3 2 2 
0.0000125000 2 0 1 0 3 3 3 0 
0.0000078125 2 0 1 1 0 0 0 0 
0.0000535625 2 0 1 1 0 0 0 1 
0.0000535625 2 0 1 1 0 0 1 0 
0.0000501875 2 0 1 1 0 0 1 1 
0.0000030625 2 0 1 1 0 0 2 2 
0.0000512500 2 0 1 1 0 0 2 3 
0.0000512500 2 0 1 1 0 0 3 2 
0.0000288750 2 0 1 1 0 1 0 0 
0.0000078125 2 0 1 1 0 1 0 1 
0.0000078125 2 0 1 1 0 1 1 0 
0.0000535625 2 0 1 1 0 1 1 1 
0.0000286875 2 0 1 1 0 1 2 2 
0.0000105625 2 0 1 1 0 2 0 0 
0.0000462500 2 0 1 1 0 2 2 2 
0.0000538125 2 0 1 1 0 2 3 3 
0.0000125000 2 0 1 1 0 3 0 1 
0.0000125000 2 0 1 1 0 3 1 0 
0.0000901250 2 0 1 1 0 3 3 3 
0.0000106250 2 0 1 1 1 0 1 2 
0.0000221250 2 0 1 1 1 0 1 3 
0.0000106250 2 0 1 1 1 0 2 1 
0.0000221250 2 0 1 1 1 0 3 1 
0.0000533125 2 0 1 1 1 1 0 2 
0.0000452500 2 0 1 1 1 1 0 3 
0.0000533125 2 0 1 1 1 1 2 0 
0.0000452500 2 0 1 1 1 1 3 0 
0.0000521875 2 0 1 1 1 2 0 3 
0.0000521875 2 0 1 1 1 2 3 0 
0.0001210625 2 0 1 1 1 3 0 2 
0.0000286875 2 0 1 1 1 3 0 3 
0.0000030625 2 0 1 1 1 3 1 3 
0.0001210625 2 0 1 1 1 3 2 0 
0.0000286875 2 0 1 1 1 3 3 0 
0.0000030625 2 0 1 1 1 3 3 1 
0.0000854375 2 0 1 1 2 0 0 0 
0.0001822500 2 0 1 1 2 0 1 1 
0.0000398125 2 0 1 1 2 0 3 3 
0.0000572500 2 0 1 1 2 1 0 0 
0.0000854375 2 0 1 1 2 1 0 1 
0.0000854375 2 0 1 1 2 1 1 0 
0.0000780625 2 0 1 1 2 1 2 2 
0.0000125000 2 0 1 1 2 1 2 3 
0.0000125000 2 0 1 1 2 1 3 2 
0.0000286875 2 0 1 1 2 1 3 3 
0.0000078125 2 0 1 1 2 2 0 0 
0.0000535625 2 0 1 1 2 2 0 1 
0.0000535625 2 0 1 1 2 2 1 0 
0.0000501875 2 0 1 1 2 2 1 1 
0.0000030625 2 0 1 1 2 2 2 2 
0.0000512500 2 0 1 1 2 2 2 3 
0.0000512500 2 0 1 1 2 2 3 2 
0.0000143750 2 0 1 1 2 3 0 0 
0.0000147500 2 0 1 1 2 3 0 1 
0.0000147500 2 0 1 1 2 3 1 0 
0.0000200625 2 0 1 1 2 3 2 2 
0.0000078125 2 0 1 1 3 0 0 3 
0.0000535625 2 0 1 1 3 0 1 3 
0.0000078125 2 0 1 1 3 0 3 0 
0.0000535625 2 0 1 1 3 0 3 1 
0.0000288750 2 0 1 1 3 1 0 3 
0.0000078125 2 0 1 1 3 1 1 3 
0.0000288750 2 0 1 1 3 1 3 0 
0.0000078125 2 0 1 1 3 1 3 1 
0.0000452500 2 0 1 1 3 2 0 2 
0.0000105625 2 0 1 1 3 2 0 3 
0.0000452500 2 0 1 1 3 2 2 0 
0.0000105625 2 0 1 1 3 2 3 0 
0.0000780625 2 0 1 1 3 3 1 2 
0.0000125000 2 0 1 1 3 3 1 3 
0.0000780625 2 0 1 1 3 3 2 1 
0.0000125000 2 0 1 1 3 3 3 1 
0.0000535625 2 0 1 2 0 0 0 2 
0.0000501875 2 0 1 2 0 0 1 2 
0.0000105625 2 0 1 2 0 1 0 0 
0.0000078125 2 0 1 2 0 1 0 2 
0.0000535625 2 0 1 2 0 1 1 2 
0.0000452500 2 0 1 2 0 1 2 3 
0.0000521875 2 0 1 2 0 1 3 1 
0.0000105625 2 0 1 2 0 1 3 3 
0.0001474375 2 0 1 2 0 2 0 0 
0.0000065000 2 0 1 2 0 2 1 0 
0.0000521875 2 0 1 2 0 2 2 3 
0.0000901250 2 0 1 2 0 2 3 1 
0.0001474375 2 0 1 2 0 2 3 3 
0.0000125000 2 0 1 2 0 3 0 2 
0.0000512500 2 0 1 2 0 3 1 0 
0.0000194375 2 0 1 2 0 3 2 1 
0.0000286875 2 0 1 2 0 3 2 3 
0.0000462500 2 0 1 2 0 3 3 1 
0.0000780625 2 0 1 2 1 0 0 1 
0.0000143750 2 0 1 2 1 0 0 3 
0.0000147500 2 0 1 2 1 0 1 3 
0.0000106250 2 0 1 2 1 0 2 2 
0.0000221250 2 0 1 2 1 0 3 2 
0.0000780625 2 0 1 2 1 1 1 1 
0.0000143750 2 0 1 2 1 1 1 3 
0.0000521875 2 0 1 2 1 1 3 0 
0.0000286875 2 0 1 2 1 2 0 1 
0.0000030625 2 0 1 2 1 2 1 1 
0.0000125000 2 0 1 2 1 2 1 3 
0.0000901250 2 0 1 2 1 2 3 0 
0.0000533125 2 0 1 2 1 3 0 3 
0.0000200625 2 0 1 2 1 3 1 1 
0.0000194375 2 0 1 2 1 3 2 0 
0.0000462500 2 0 1 2 1 3 3 0 
0.0000030625 2 0 1 2 1 3 3 2 
0.0000535625 2 0 1 2 2 0 0 0 
0.0000501875 2 0 1 2 2 0 1 0 
0.0001822500 2 0 1 2 2 0 1 2 
0.0000106250 2 0 1 2 2 0 2 1 
0.0000221250 2 0 1 2 2 0 3 1 
0.0000535625 2 0 1 2 2 0 3 3 
0.0000078125 2 0 1 2 2 1 0 0 
0.0000854375 2 0 1 2 2 1 0 2 
0.0000535625 2 0 1 2 2 1 1 0 
0.0000078125 2 0 1 2 2 1 3 3 
0.0000535625 2 0 1 2 2 2 0 2 
0.0000501875 2 0 1 2 2 2 1 2 
0.0000125000 2 0 1 2 2 3 0 0 
0.0000147500 2 0 1 2 2 3 0 2 
0.0000780625 2 0 1 2 2 3 2 3 
0.0000030625 2 0 1 2 2 3 3 1 
0.0000125000 2 0 1 2 2 3 3 3 
0.0000143750 2 0 1 2 3 0 0 1 
0.0000147500 2 0 1 2 3 0 1 1 
0.0000535625 2 0 1 2 3 0 3 2 
0.0000081875 2 0 1 2 3 1 0 3 
0.0000143750 2 0 1 2 3 1 1 1 
0.0000452500 2 0 1 2 3 1 2 0 
0.0000105625 2 0 1 2 3 1 3 0 
0.0000078125 2 0 1 2 3 1 3 2 
0.0000125000 2 0 1 2 3 2 1 1 
0.0000521875 2 0 1 2 3 2 2 0 
0.0001474375 2 0 1 2 3 2 3 0 
0.0000533125 2 0 1 2 3 3 0 1 
0.0000286875 2 0 1 2 3 3 2 0 
0.0000780625 2 0 1 2 3 3 2 2 
0.0000125000 2 0 1 2 3 3 3 2 
0.0000125000 2 0 1 3 0 0 0 0 
0.0000535625 2 0 1 3 0 0 0 3 
0.0000501875 2 0 1 3 0 0 1 3 
0.0000125000 2 0 1 3 0 0 2 2 
0.0000065000 2 0 1 3 0 0 3 1 
0.0000286875 2 0 1 3 0 0 3 2 
0.0000078125 2 0 1 3 0 1 0 3 
0.0000125000 2 0 1 3 0 1 1 0 
0.0000535625 2 0 1 3 0 1 1 3 
0.0000521875 2 0 1 3 0 1 2 1 
0.0001474375 2 0 1 3 0 1 3 1 
0.0000512500 2 0 1 3 0 2 1 0 
0.0000901250 2 0 1 3 0 2 2 1 
0.0000125000 2 0 1 3 0 3 0 3 
0.0000462500 2 0 1 3 0 3 2 1 
0.0000521875 2 0 1 3 0 3 3 2 
0.0000125000 2 0 1 3 1 0 0 1 
0.0000106250 2 0 1 3 1 0 2 3 
0.0000030625 2 0 1 3 1 0 3 0 
0.0000221250 2 0 1 3 1 0 3 3 
0.0000125000 2 0 1 3 1 1 1 1 
0.0001210625 2 0 1 3 1 1 2 0 
0.0000286875 2 0 1 3 1 1 3 0 
0.0000452500 2 0 1 3 1 2 0 2 
0.0000512500 2 0 1 3 1 2 1 1 
0.0000194375 2 0 1 3 1 2 2 0 
0.0000462500 2 0 1 3 1 2 3 0 
0.0000780625 2 0 1 3 1 3 1 2 
0.0000030625 2 0 1 3 1 3 3 3 
0.0000147500 2 0 1 3 2 0 0 0 
0.0001822500 2 0 1 3 2 0 1 3 
0.0000221250 2 0 1 3 2 0 2 1 
0.0000147500 2 0 1 3 2 0 2 2 
0.0000143750 2 0 1 3 2 1 0 0 
0.0000854375 2 0 1 3 2 1 0 3 
0.0000147500 2 0 1 3 2 1 1 0 
0.0000143750 2 0 1 3 2 1 2 2 
0.0000125000 2 0 1 3 2 2 0 0 
0.0000535625 2 0 1 3 2 2 0 3 
0.0000501875 2 0 1 3 2 2 1 3 
0.0000125000 2 0 1 3 2 2 2 2 
0.0000065000 2 0 1 3 2 2 3 1 
0.0000286875 2 0 1 3 2 2 3 2 
0.0000147500 2 0 1 3 2 3 0 3 
0.0000106250 2 0 1 3 2 3 1 0 
0.0000030625 2 0 1 3 2 3 2 1 
0.0000512500 2 0 1 3 2 3 3 1 
0.0000572500 2 0 1 3 3 0 0 2 
0.0000854375 2 0 1 3 3 0 1 2 
0.0000780625 2 0 1 3 3 0 2 0 
0.0000125000 2 0 1 3 3 0 3 0 
0.0000535625 2 0 1 3 3 0 3 3 
0.0000572500 2 0 1 3 3 1 1 2 
0.0000078125 2 0 1 3 3 1 3 3 
0.0000288750 2 0 1 3 3 2 0 2 
0.0000286875 2 0 1 3 3 2 1 1 
0.0000078125 2 0 1 3 3 2 1 2 
0.0000286875 2 0 1 3 3 2 2 0 
0.0000452500 2 0 1 3 3 3 0 1 
0.0000143750 2 0 1 3 3 3 1 2 
0.0000780625 2 0 1 3 3 3 2 3 
0.0000125000 2 0 1 3 3 3 3 3 
0.0000065000 2 0 2 0 0 0 0 2 
0.0000512500 2 0 2 0 0 0 0 3 
0.0000501875 2 0 2 0 0 0 2 0 
0.0000535625 2 0 2 0 0 0 2 1 
0.0000105625 2 0 2 0 0 1 0 1 
0.0001474375 2 0 2 0 0 1 0 2 
0.0000535625 2 0 2 0 0 1 2 0 
0.0000078125 2 0 2 0 0 1 2 1 
0.0000125000 2 0 2 0 0 1 2 3 
0.0000065000 2 0 2 0 0 2 0 0 
0.0001474375 2 0 2 0 0 2 0 1 
0.0000065000 2 0 2 0 0 2 2 2 
0.0000512500 2 0 2 0 0 2 2 3 
0.0000512500 2 0 2 0 0 3 0 0 
0.0000125000 2 0 2 0 0 3 2 1 
0.0000512500 2 0 2 0 0 3 2 2 
0.0000780625 2 0 2 0 1 0 1 1 
0.0000030625 2 0 2 0 1 0 1 2 
0.0000200625 2 0 2 0 1 0 1 3 
0.0000147500 2 0 2 0 1 0 3 0 
0.0000143750 2 0 2 0 1 0 3 1 
0.0000125000 2 0 2 0 1 0 3 2 
0.0000780625 2 0 2 0 1 1 1 0 
0.0000286875 2 0 2 0 1 1 1 2 
0.0000143750 2 0 2 0 1 1 3 0 
0.0000533125 2 0 2 0 1 1 3 3 
0.0000030625 2 0 2 0 1 2 1 0 
0.0000286875 2 0 2 0 1 2 1 1 
0.0000462500 2 0 2 0 1 2 1 2 
0.0000125000 2 0 2 0 1 2 3 0 
0.0000200625 2 0 2 0 1 3 1 0 
0.0000728125 2 0 2 0 1 3 1 3 
0.0000533125 2 0 2 0 1 3 3 1 
0.0001210625 2 0 2 0 1 3 3 3 
0.0000501875 2 0 2 0 2 0 0 0 
0.0000535625 2 0 2 0 2 0 0 1 
0.0001822500 2 0 2 0 2 0 2 0 
0.0000501875 2 0 2 0 2 0 2 2 
0.0000535625 2 0 2 0 2 1 0 0 
0.0000078125 2 0 2 0 2 1 0 1 
0.0000125000 2 0 2 0 2 1 0 3 
0.0000854375 2 0 2 0 2 1 2 1 
0.0000535625 2 0 2 0 2 1 2 2 
0.0000147500 2 0 2 0 2 1 2 3 
0.0000065000 2 0 2 0 2 2 0 2 
0.0000512500 2 0 2 0 2 2 0 3 
0.0000501875 2 0 2 0 2 2 2 0 
0.0000535625 2 0 2 0 2 2 2 1 
0.0000125000 2 0 2 0 2 3 0 1 
0.0000512500 2 0 2 0 2 3 0 2 
0.0000147500 2 0 2 0 2 3 2 1 
0.0000106250 2 0 2 0 2 3 2 3 
0.0000147500 2 0 2 0 3 0 1 0 
0.0000143750 2 0 2 0 3 0 1 1 
0.0000125000 2 0 2 0 3 0 1 2 
0.0000143750 2 0 2 0 3 1 1 0 
0.0000533125 2 0 2 0 3 1 1 3 
0.0000081875 2 0 2 0 3 1 3 1 
0.0000125000 2 0 2 0 3 2 1 0 
0.0000452500 2 0 2 0 3 2 3 3 
0.0000533125 2 0 2 0 3 3 1 1 
0.0001210625 2 0 2 0 3 3 1 3 
0.0000452500 2 0 2 0 3 3 3 2 
0.0000535625 2 0 2 1 0 0 2 0 
0.0000501875 2 0 2 1 0 0 2 1 
0.0000105625 2 0 2 1 0 1 0 0 
0.0000521875 2 0 2 1 0 1 1 3 
0.0000078125 2 0 2 1 0 1 2 0 
0.0000535625 2 0 2 1 0 1 2 1 
0.0000452500 2 0 2 1 0 1 3 2 
0.0000105625 2 0 2 1 0 1 3 3 
0.0001474375 2 0 2 1 0 2 0 0 
0.0000065000 2 0 2 1 0 2 0 1 
0.0000901250 2 0 2 1 0 2 1 3 
0.0000521875 2 0 2 1 0 2 3 2 
0.0001474375 2 0 2 1 0 2 3 3 
0.0000512500 2 0 2 1 0 3 0 1 
0.0000194375 2 0 2 1 0 3 1 2 
0.0000462500 2 0 2 1 0 3 1 3 
0.0000125000 2 0 2 1 0 3 2 0 
0.0000286875 2 0 2 1 0 3 3 2 
0.0000780625 2 0 2 1 1 0 1 0 
0.0000106250 2 0 2 1 1 0 2 2 
0.0000221250 2 0 2 1 1 0 2 3 
0.0000143750 2 0 2 1 1 0 3 0 
0.0000147500 2 0 2 1 1 0 3 1 
0.0000521875 2 0 2 1 1 1 0 3 
0.0000780625 2 0 2 1 1 1 1 1 
0.0000143750 2 0 2 1 1 1 3 1 
0.0000901250 2 0 2 1 1 2 0 3 
0.0000286875 2 0 2 1 1 2 1 0 
0.0000030625 2 0 2 1 1 2 1 1 
0.0000125000 2 0 2 1 1 2 3 1 
0.0000194375 2 0 2 1 1 3 0 2 
0.0000462500 2 0 2 1 1 3 0 3 
0.0000200625 2 0 2 1 1 3 1 1 
0.0000030625 2 0 2 1 1 3 2 3 
0.0000533125 2 0 2 1 1 3 3 0 
0.0000535625 2 0 2 1 2 0 0 0 
0.0000501875 2 0 2 1 2 0 0 1 
0.0000106250 2 0 2 1 2 0 1 2 
0.0000221250 2 0 2 1 2 0 1 3 
0.0001822500 2 0 2 1 2 0 2 1 
0.0000535625 2 0 2 1 2 0 3 3 
0.0000078125 2 0 2 1 2 1 0 0 
0.0000535625 2 0 2 1 2 1 0 1 
0.0000854375 2 0 2 1 2 1 2 0 
0.0000078125 2 0 2 1 2 1 3 3 
0.0000535625 2 0 2 1 2 2 2 0 
0.0000501875 2 0 2 1 2 2 2 1 
0.0000125000 2 0 2 1 2 3 0 0 
0.0000030625 2 0 2 1 2 3 1 3 
0.0000147500 2 0 2 1 2 3 2 0 
0.0000780625 2 0 2 1 2 3 3 2 
0.0000125000 2 0 2 1 2 3 3 3 
0.0000143750 2 0 2 1 3 0 1 0 
0.0000147500 2 0 2 1 3 0 1 1 
0.0000535625 2 0 2 1 3 0 2 3 
0.0000452500 2 0 2 1 3 1 0 2 
0.0000105625 2 0 2 1 3 1 0 3 
0.0000143750 2 0 2 1 3 1 1 1 
0.0000078125 2 0 2 1 3 1 2 3 
0.0000081875 2 0 2 1 3 1 3 0 
0.0000521875 2 0 2 1 3 2 0 2 
0.0001474375 2 0 2 1 3 2 0 3 
0.0000125000 2 0 2 1 3 2 1 1 
0.0000286875 2 0 2 1 3 3 0 2 
0.0000533125 2 0 2 1 3 3 1 0 
0.0000780625 2 0 2 1 3 3 2 2 
0.0000125000 2 0 2 1 3 3 2 3 
0.0000065000 2 0 2 2 0 0 0 0 
0.0000030625 2 0 2 2 0 0 1 1 
0.0000125000 2 0 2 2 0 0 1 3 
0.0000501875 2 0 2 2 0 0 2 2 
0.0000125000 2 0 2 2 0 0 3 1 
0.0001474375 2 0 2 2 0 1 0 0 
0.0000286875 2 0 2 2 0 1 1 1 
0.0000535625 2 0 2 2 0 1 2 2 
0.0000065000 2 0 2 2 0 2 0 2 
0.0000462500 2 0 2 2 0 2 1 1 
0.0000065000 2 0 2 2 0 2 2 0 
0.0000512500 2 0 2 2 0 3 0 2 
0.0000512500 2 0 2 2 0 3 2 0 
0.0000452500 2 0 2 2 0 3 3 3 
0.0000030625 2 0 2 2 1 0 0 1 
0.0000125000 2 0 2 2 1 0 0 3 
0.0000030625 2 0 2 2 1 0 1 0 
0.0000147500 2 0 2 2 1 0 2 3 
0.0000125000 2 0 2 2 1 0 3 0 
0.0000147500 2 0 2 2 1 0 3 2 
0.0000286875 2 0 2 2 1 1 0 1 
0.0000286875 2 0 2 2 1 1 1 0 
0.0000780625 2 0 2 2 1 1 1 2 
0.0000780625 2 0 2 2 1 1 2 1 
0.0000143750 2 0 2 2 1 1 2 3 
0.0000143750 2 0 2 2 1 1 3 2 
0.0000462500 2 0 2 2 1 2 0 1 
0.0000462500 2 0 2 2 1 2 1 0 
0.0000030625 2 0 2 2 1 2 1 2 
0.0000030625 2 0 2 2 1 2 2 1 
0.0000125000 2 0 2 2 1 2 2 3 
0.0000125000 2 0 2 2 1 2 3 2 
0.0000200625 2 0 2 2 1 3 1 2 
0.0000200625 2 0 2 2 1 3 2 1 
0.0000501875 2 0 2 2 2 0 0 2 
0.0000147500 2 0 2 2 2 0 1 3 
0.0000501875 2 0 2 2 2 0 2 0 
0.0001822500 2 0 2 2 2 0 2 2 
0.0000147500 2 0 2 2 2 0 3 1 
0.0000535625 2 0 2 2 2 1 0 2 
0.0000780625 2 0 2 2 2 1 1 1 
0.0000143750 2 0 2 2 2 1 1 3 
0.0000535625 2 0 2 2 2 1 2 0 
0.0000143750 2 0 2 2 2 1 3 1 
0.0000065000 2 0 2 2 2 2 0 0 
0.0000030625 2 0 2 2 2 2 1 1 
0.0000125000 2 0 2 2 2 2 1 3 
0.0000501875 2 0 2 2 2 2 2 2 
0.0000125000 2 0 2 2 2 2 3 1 
0.0000512500 2 0 2 2 2 3 0 0 
0.0000200625 2 0 2 2 2 3 1 1 
0.0000125000 2 0 2 2 3 0 0 1 
0.0000125000 2 0 2 2 3 0 1 0 
0.0000147500 2 0 2 2 3 0 1 2 
0.0000147500 2 0 2 2 3 0 2 1 
0.0000143750 2 0 2 2 3 1 1 2 
0.0000143750 2 0 2 2 3 1 2 1 
0.0000125000 2 0 2 2 3 2 1 2 
0.0000125000 2 0 2 2 3 2 2 1 
0.0000452500 2 0 2 2 3 3 0 3 
0.0000452500 2 0 2 2 3 3 3 0 
0.0000512500 2 0 2 3 0 0 0 0 
0.0000512500 2 0 2 3 0 0 1 1 
0.0000501875 2 0 2 3 0 0 2 3 
0.0000286875 2 0 2 3 0 0 3 1 
0.0000078125 2 0 2 3 0 0 3 2 
0.0000452500 2 0 2 3 0 1 1 2 
0.0000125000 2 0 2 3 0 1 2 0 
0.0000535625 2 0 2 3 0 1 2 3 
0.0000288750 2 0 2 3 0 1 3 2 
0.0000065000 2 0 2 3 0 2 0 3 
0.0000521875 2 0 2 3 0 2 1 2 
0.0000512500 2 0 2 3 0 2 2 0 
0.0000105625 2 0 2 3 0 2 3 2 
0.0000512500 2 0 2 3 0 3 0 3 
0.0000286875 2 0 2 3 0 3 1 2 
0.0000521875 2 0 2 3 0 3 3 1 
0.0000512500 2 0 2 3 1 0 0 1 
0.0000200625 2 0 2 3 1 0 1 0 
0.0000147500 2 0 2 3 1 0 3 3 
0.0000452500 2 0 2 3 1 1 0 2 
0.0000780625 2 0 2 3 1 1 1 3 
0.0000125000 2 0 2 3 1 1 2 1 
0.0000533125 2 0 2 3 1 1 3 0 
0.0000143750 2 0 2 3 1 1 3 3 
0.0000521875 2 0 2 3 1 2 0 2 
0.0000030625 2 0 2 3 1 2 1 3 
0.0000512500 2 0 2 3 1 2 2 1 
0.0000125000 2 0 2 3 1 2 3 3 
0.0000286875 2 0 2 3 1 3 0 2 
0.0000728125 2 0 2 3 1 3 1 0 
0.0000200625 2 0 2 3 1 3 1 3 
0.0000780625 2 0 2 3 1 3 2 2 
0.0001210625 2 0 2 3 1 3 3 0 
0.0000501875 2 0 2 3 2 0 0 3 
0.0001822500 2 0 2 3 2 0 2 3 
0.0000854375 2 0 2 3 2 0 3 2 
0.0000125000 2 0 2 3 2 1 0 0 
0.0000535625 2 0 2 3 2 1 0 3 
0.0000125000 2 0 2 3 2 1 1 1 
0.0000147500 2 0 2 3 2 1 2 0 
0.0000572500 2 0 2 3 2 1 3 2 
0.0000512500 2 0 2 3 2 2 0 0 
0.0000512500 2 0 2 3 2 2 1 1 
0.0000501875 2 0 2 3 2 2 2 3 
0.0000286875 2 0 2 3 2 2 3 1 
0.0000078125 2 0 2 3 2 2 3 2 
0.0000780625 2 0 2 3 2 3 1 2 
0.0000106250 2 0 2 3 2 3 2 0 
0.0000143750 2 0 2 3 2 3 3 2 
0.0000286875 2 0 2 3 3 0 0 1 
0.0000078125 2 0 2 3 3 0 0 2 
0.0000147500 2 0 2 3 3 0 1 3 
0.0000854375 2 0 2 3 3 0 2 2 
0.0000288750 2 0 2 3 3 1 0 2 
0.0000533125 2 0 2 3 3 1 1 0 
0.0000143750 2 0 2 3 3 1 1 3 
0.0000572500 2 0 2 3 3 1 2 2 
0.0000105625 2 0 2 3 3 2 0 2 
0.0000125000 2 0 2 3 3 2 1 3 
0.0000286875 2 0 2 3 3 2 2 1 
0.0000078125 2 0 2 3 3 2 2 2 
0.0000452500 2 0 2 3 3 2 3 0 
0.0000521875 2 0 2 3 3 3 0 1 
0.0001210625 2 0 2 3 3 3 1 0 
0.0000143750 2 0 2 3 3 3 2 2 
0.0000125000 2 0 3 0 0 0 0 1 
0.0000512500 2 0 3 0 0 0 0 2 
0.0000501875 2 0 3 0 0 0 3 0 
0.0000535625 2 0 3 0 0 0 3 1 
0.0000125000 2 0 3 0 0 1 0 0 
0.0000535625 2 0 3 0 0 1 3 0 
0.0000078125 2 0 3 0 0 1 3 1 
0.0000125000 2 0 3 0 0 1 3 3 
0.0000512500 2 0 3 0 0 2 0 0 
0.0000065000 2 0 3 0 0 2 3 2 
0.0000512500 2 0 3 0 0 2 3 3 
0.0000194375 2 0 3 0 0 3 0 3 
0.0000125000 2 0 3 0 0 3 3 1 
0.0000512500 2 0 3 0 0 3 3 2 
0.0000125000 2 0 3 0 1 0 1 1 
0.0000512500 2 0 3 0 1 0 1 2 
0.0000780625 2 0 3 0 1 0 2 3 
0.0000125000 2 0 3 0 1 1 1 0 
0.0000452500 2 0 3 0 1 1 2 2 
0.0000512500 2 0 3 0 1 2 1 0 
0.0000452500 2 0 3 0 1 2 2 1 
0.0000521875 2 0 3 0 1 2 2 2 
0.0000286875 2 0 3 0 1 2 2 3 
0.0000194375 2 0 3 0 1 3 1 3 
0.0000780625 2 0 3 0 1 3 2 0 
0.0000286875 2 0 3 0 1 3 2 2 
0.0000147500 2 0 3 0 2 0 0 1 
0.0000106250 2 0 3 0 2 0 0 3 
0.0001822500 2 0 3 0 2 0 3 0 
0.0000501875 2 0 3 0 2 0 3 2 
0.0000147500 2 0 3 0 2 1 0 0 
0.0000143750 2 0 3 0 2 1 0 1 
0.0000125000 2 0 3 0 2 1 0 2 
0.0000854375 2 0 3 0 2 1 3 1 
0.0000535625 2 0 3 0 2 1 3 2 
0.0000147500 2 0 3 0 2 1 3 3 
0.0000125000 2 0 3 0 2 2 0 1 
0.0000512500 2 0 3 0 2 2 0 2 
0.0000501875 2 0 3 0 2 2 3 0 
0.0000535625 2 0 3 0 2 2 3 1 
0.0000106250 2 0 3 0 2 3 0 0 
0.0000147500 2 0 3 0 2 3 3 1 
0.0000106250 2 0 3 0 2 3 3 3 
0.0000286875 2 0 3 0 3 0 1 2 
0.0000854375 2 0 3 0 3 0 2 0 
0.0000572500 2 0 3 0 3 0 2 1 
0.0000078125 2 0 3 0 3 0 2 2 
0.0000143750 2 0 3 0 3 0 2 3 
0.0000452500 2 0 3 0 3 1 1 3 
0.0000572500 2 0 3 0 3 1 2 0 
0.0000288750 2 0 3 0 3 1 2 2 
0.0000286875 2 0 3 0 3 2 1 0 
0.0000521875 2 0 3 0 3 2 1 3 
0.0000078125 2 0 3 0 3 2 2 0 
0.0000288750 2 0 3 0 3 2 2 1 
0.0000105625 2 0 3 0 3 2 2 2 
0.0000452500 2 0 3 0 3 3 1 1 
0.0000521875 2 0 3 0 3 3 1 2 
0.0000286875 2 0 3 0 3 3 1 3 
0.0000143750 2 0 3 0 3 3 2 0 
0.0000533125 2 0 3 0 3 3 2 3 
0.0000125000 2 0 3 1 0 0 0 0 
0.0000065000 2 0 3 1 0 0 1 3 
0.0000125000 2 0 3 1 0 0 2 2 
0.0000286875 2 0 3 1 0 0 2 3 
0.0000535625 2 0 3 1 0 0 3 0 
0.0000501875 2 0 3 1 0 0 3 1 
0.0000125000 2 0 3 1 0 1 0 1 
0.0000521875 2 0 3 1 0 1 1 2 
0.0001474375 2 0 3 1 0 1 1 3 
0.0000078125 2 0 3 1 0 1 3 0 
0.0000535625 2 0 3 1 0 1 3 1 
0.0000512500 2 0 3 1 0 2 0 1 
0.0000901250 2 0 3 1 0 2 1 2 
0.0000462500 2 0 3 1 0 3 1 2 
0.0000521875 2 0 3 1 0 3 2 3 
0.0000125000 2 0 3 1 0 3 3 0 
0.0000030625 2 0 3 1 1 0 0 3 
0.0000125000 2 0 3 1 1 0 1 0 
0.0000106250 2 0 3 1 1 0 3 2 
0.0000221250 2 0 3 1 1 0 3 3 
0.0001210625 2 0 3 1 1 1 0 2 
0.0000286875 2 0 3 1 1 1 0 3 
0.0000125000 2 0 3 1 1 1 1 1 
0.0000194375 2 0 3 1 1 2 0 2 
0.0000462500 2 0 3 1 1 2 0 3 
0.0000512500 2 0 3 1 1 2 1 1 
0.0000452500 2 0 3 1 1 2 2 0 
0.0000780625 2 0 3 1 1 3 2 1 
0.0000030625 2 0 3 1 1 3 3 3 
0.0000147500 2 0 3 1 2 0 0 0 
0.0000221250 2 0 3 1 2 0 1 2 
0.0000147500 2 0 3 1 2 0 2 2 
0.0001822500 2 0 3 1 2 0 3 1 
0.0000143750 2 0 3 1 2 1 0 0 
0.0000147500 2 0 3 1 2 1 0 1 
0.0000143750 2 0 3 1 2 1 2 2 
0.0000854375 2 0 3 1 2 1 3 0 
0.0000125000 2 0 3 1 2 2 0 0 
0.0000065000 2 0 3 1 2 2 1 3 
0.0000125000 2 0 3 1 2 2 2 2 
0.0000286875 2 0 3 1 2 2 2 3 
0.0000535625 2 0 3 1 2 2 3 0 
0.0000501875 2 0 3 1 2 2 3 1 
0.0000106250 2 0 3 1 2 3 0 1 
0.0000030625 2 0 3 1 2 3 1 2 
0.0000512500 2 0 3 1 2 3 1 3 
0.0000147500 2 0 3 1 2 3 3 0 
0.0000780625 2 0 3 1 3 0 0 2 
0.0000125000 2 0 3 1 3 0 0 3 
0.0000572500 2 0 3 1 3 0 2 0 
0.0000854375 2 0 3 1 3 0 2 1 
0.0000535625 2 0 3 1 3 0 3 3 
0.0000572500 2 0 3 1 3 1 2 1 
0.0000078125 2 0 3 1 3 1 3 3 
0.0000286875 2 0 3 1 3 2 0 2 
0.0000286875 2 0 3 1 3 2 1 1 
0.0000288750 2 0 3 1 3 2 2 0 
0.0000078125 2 0 3 1 3 2 2 1 
0.0000452500 2 0 3 1 3 3 1 0 
0.0000143750 2 0 3 1 3 3 2 1 
0.0000780625 2 0 3 1 3 3 3 2 
0.0000125000 2 0 3 1 3 3 3 3 
0.0000512500 2 0 3 2 0 0 0 0 
0.0000512500 2 0 3 2 0 0 1 1 
0.0000286875 2 0 3 2 0 0 1 3 
0.0000078125 2 0 3 2 0 0 2 3 
0.0000501875 2 0 3 2 0 0 3 2 
0.0000125000 2 0 3 2 0 1 0 2 
0.0000452500 2 0 3 2 0 1 2 1 
0.0000288750 2 0 3 2 0 1 2 3 
0.0000535625 2 0 3 2 0 1 3 2 
0.0000512500 2 0 3 2 0 2 0 2 
0.0000521875 2 0 3 2 0 2 2 1 
0.0000105625 2 0 3 2 0 2 2 3 
0.0000065000 2 0 3 2 0 2 3 0 
0.0000521875 2 0 3 2 0 3 1 3 
0.0000286875 2 0 3 2 0 3 2 1 
0.0000512500 2 0 3 2 0 3 3 0 
0.0000200625 2 0 3 2 1 0 0 1 
0.0000512500 2 0 3 2 1 0 1 0 
0.0000147500 2 0 3 2 1 0 3 3 
0.0000533125 2 0 3 2 1 1 0 3 
0.0000125000 2 0 3 2 1 1 1 2 
0.0000452500 2 0 3 2 1 1 2 0 
0.0000780625 2 0 3 2 1 1 3 1 
0.0000143750 2 0 3 2 1 1 3 3 
0.0000512500 2 0 3 2 1 2 1 2 
0.0000521875 2 0 3 2 1 2 2 0 
0.0000030625 2 0 3 2 1 2 3 1 
0.0000125000 2 0 3 2 1 2 3 3 
0.0000728125 2 0 3 2 1 3 0 1 
0.0001210625 2 0 3 2 1 3 0 3 
0.0000286875 2 0 3 2 1 3 2 0 
0.0000780625 2 0 3 2 1 3 2 2 
0.0000200625 2 0 3 2 1 3 3 1 
0.0000854375 2 0 3 2 2 0 2 3 
0.0000501875 2 0 3 2 2 0 3 0 
0.0001822500 2 0 3 2 2 0 3 2 
0.0000125000 2 0 3 2 2 1 0 0 
0.0000147500 2 0 3 2 2 1 0 2 
0.0000125000 2 0 3 2 2 1 1 1 
0.0000572500 2 0 3 2 2 1 2 3 
0.0000535625 2 0 3 2 2 1 3 0 
0.0000512500 2 0 3 2 2 2 0 0 
0.0000512500 2 0 3 2 2 2 1 1 
0.0000286875 2 0 3 2 2 2 1 3 
0.0000078125 2 0 3 2 2 2 2 3 
0.0000501875 2 0 3 2 2 2 3 2 
0.0000106250 2 0 3 2 2 3 0 2 
0.0000780625 2 0 3 2 2 3 2 1 
0.0000143750 2 0 3 2 2 3 2 3 
0.0000286875 2 0 3 2 3 0 1 0 
0.0000078125 2 0 3 2 3 0 2 0 
0.0000854375 2 0 3 2 3 0 2 2 
0.0000147500 2 0 3 2 3 0 3 1 
0.0000533125 2 0 3 2 3 1 0 1 
0.0000288750 2 0 3 2 3 1 2 0 
0.0000572500 2 0 3 2 3 1 2 2 
0.0000143750 2 0 3 2 3 1 3 1 
0.0000452500 2 0 3 2 3 2 0 3 
0.0000286875 2 0 3 2 3 2 1 2 
0.0000105625 2 0 3 2 3 2 2 0 
0.0000078125 2 0 3 2 3 2 2 2 
0.0000125000 2 0 3 2 3 2 3 1 
0.0001210625 2 0 3 2 3 3 0 1 
0.0000521875 2 0 3 2 3 3 1 0 
0.0000143750 2 0 3 2 3 3 2 2 
0.0000501875 2 0 3 3 0 0 3 3 
0.0000125000 2 0 3 3 0 1 0 3 
0.0000105625 2 0 3 3 0 1 1 2 
0.0000105625 2 0 3 3 0 1 2 1 
0.0000125000 2 0 3 3 0 1 3 0 
0.0000535625 2 0 3 3 0 1 3 3 
0.0000512500 2 0 3 3 0 2 0 3 
0.0000538125 2 0 3 3 0 2 1 1 
0.0001474375 2 0 3 3 0 2 1 2 
0.0001474375 2 0 3 3 0 2 2 1 
0.0000512500 2 0 3 3 0 2 3 0 
0.0000194375 2 0 3 3 0 3 0 0 
0.0000901250 2 0 3 3 0 3 1 1 
0.0000452500 2 0 3 3 0 3 2 2 
0.0000780625 2 0 3 3 1 0 0 2 
0.0000780625 2 0 3 3 1 0 2 0 
0.0000125000 2 0 3 3 1 1 1 3 
0.0000125000 2 0 3 3 1 1 3 1 
0.0000286875 2 0 3 3 1 2 0 2 
0.0000512500 2 0 3 3 1 2 1 3 
0.0000286875 2 0 3 3 1 2 2 0 
0.0000512500 2 0 3 3 1 2 3 1 
0.0000194375 2 0 3 3 1 3 0 1 
0.0000194375 2 0 3 3 1 3 1 0 
0.0000780625 2 0 3 3 1 3 2 3 
0.0000780625 2 0 3 3 1 3 3 2 
0.0000106250 2 0 3 3 2 0 0 0 
0.0000398125 2 0 3 3 2 0 1 1 
0.0000535625 2 0 3 3 2 0 1 2 
0.0000535625 2 0 3 3 2 0 2 1 
0.0001822500 2 0 3 3 2 0 3 3 
0.0000147500 2 0 3 3 2 1 0 3 
0.0000286875 2 0 3 3 2 1 1 1 
0.0000078125 2 0 3 3 2 1 1 2 
0.0000078125 2 0 3 3 2 1 2 1 
0.0000147500 2 0 3 3 2 1 3 0 
0.0000501875 2 0 3 3 2 2 3 3 
0.0000106250 2 0 3 3 2 3 0 3 
0.0000125000 2 0 3 3 2 3 1 2 
0.0000125000 2 0 3 3 2 3 2 1 
0.0000106250 2 0 3 3 2 3 3 0 
0.0000143750 2 0 3 3 3 0 0 2 
0.0000143750 2 0 3 3 3 0 2 0 
0.0000854375 2 0 3 3 3 0 2 3 
0.0000854375 2 0 3 3 3 0 3 2 
0.0000452500 2 0 3 3 3 1 0 1 
0.0000452500 2 0 3 3 3 1 1 0 
0.0000572500 2 0 3 3 3 1 2 3 
0.0000572500 2 0 3 3 3 1 3 2 
0.0000521875 2 0 3 3 3 2 0 1 
0.0000521875 2 0 3 3 3 2 1 0 
0.0000286875 2 0 3 3 3 2 1 3 
0.0000078125 2 0 3 3 3 2 2 3 
0.0000286875 2 0 3 3 3 2 3 1 
0.0000078125 2 0 3 3 3 2 3 2 
0.0000286875 2 0 3 3 3 3 0 1 
0.0000533125 2 0 3 3 3 3 0 2 
0.0000286875 2 0 3 3 3 3 1 0 
0.0000533125 2 0 3 3 3 3 2 0 
0.0000143750 2 0 3 3 3 3 2 3 
0.0000143750 2 0 3 3 3 3 3 2 
0.0000535625 2 1 0 0 0 0 0 0 
0.0000078125 2 1 0 0 0 0 0 1 
0.0000125000 2 1 0 0 0 0 0 3 
0.0000078125 2 1 0 0 0 0 1 0 
0.0000288750 2 1 0 0 0 0 1 1 
0.0000105625 2 1 0 0 0 0 1 2 
0.0000105625 2 1 0 0 0 0 2 1 
0.0001474375 2 1 0 0 0 0 2 2 
0.0000125000 2 1 0 0 0 0 3 0 
0.0000501875 2 1 0 0 0 1 0 0 
0.0000535625 2 1 0 0 0 1 0 1 
0.0000535625 2 1 0 0 0 1 1 0 
0.0000078125 2 1 0 0 0 1 1 1 
0.0000125000 2 1 0 0 0 1 1 3 
0.0000065000 2 1 0 0 0 1 2 2 
0.0000512500 2 1 0 0 0 1 2 3 
0.0000125000 2 1 0 0 0 1 3 1 
0.0000512500 2 1 0 0 0 1 3 2 
0.0000106250 2 1 0 0 1 2 0 0 
0.0000533125 2 1 0 0 1 2 1 1 
0.0001210625 2 1 0 0 1 2 1 3 
0.0000194375 2 1 0 0 1 2 2 3 
0.0001210625 2 1 0 0 1 2 3 1 
0.0000194375 2 1 0 0 1 2 3 2 
0.0000221250 2 1 0 0 1 3 0 0 
0.0000030625 2 1 0 0 1 3 0 3 
0.0000452500 2 1 0 0 1 3 1 1 
0.0000521875 2 1 0 0 1 3 1 2 
0.0000286875 2 1 0 0 1 3 1 3 
0.0000521875 2 1 0 0 1 3 2 1 
0.0000901250 2 1 0 0 1 3 2 2 
0.0000462500 2 1 0 0 1 3 2 3 
0.0000030625 2 1 0 0 1 3 3 0 
0.0000286875 2 1 0 0 1 3 3 1 
0.0000462500 2 1 0 0 1 3 3 2 
0.0000854375 2 1 0 0 2 0 0 1 
0.0000535625 2 1 0 0 2 0 0 2 
0.0000147500 2 1 0 0 2 0 0 3 
0.0000854375 2 1 0 0 2 0 1 0 
0.0000572500 2 1 0 0 2 0 1 1 
0.0000078125 2 1 0 0 2 0 1 2 
0.0000143750 2 1 0 0 2 0 1 3 
0.0000535625 2 1 0 0 2 0 2 0 
0.0000078125 2 1 0 0 2 0 2 1 
0.0000125000 2 1 0 0 2 0 2 3 
0.0000147500 2 1 0 0 2 0 3 0 
0.0000143750 2 1 0 0 2 0 3 1 
0.0000125000 2 1 0 0 2 0 3 2 
0.0001822500 2 1 0 0 2 1 0 0 
0.0000501875 2 1 0 0 2 1 0 2 
0.0000854375 2 1 0 0 2 1 1 1 
0.0000535625 2 1 0 0 2 1 1 2 
0.0000147500 2 1 0 0 2 1 1 3 
0.0000501875 2 1 0 0 2 1 2 0 
0.0000535625 2 1 0 0 2 1 2 1 
0.0000147500 2 1 0 0 2 1 3 1 
0.0000106250 2 1 0 0 2 1 3 3 
0.0000780625 2 1 0 0 3 2 0 3 
0.0000452500 2 1 0 0 3 2 1 2 
0.0000452500 2 1 0 0 3 2 2 1 
0.0000521875 2 1 0 0 3 2 2 2 
0.0000286875 2 1 0 0 3 2 2 3 
0.0000780625 2 1 0 0 3 2 3 0 
0.0000286875 2 1 0 0 3 2 3 2 
0.0000535625 2 1 0 0 3 3 0 0 
0.0000078125 2 1 0 0 3 3 0 1 
0.0000125000 2 1 0 0 3 3 0 3 
0.0000078125 2 1 0 0 3 3 1 0 
0.0000288750 2 1 0 0 3 3 1 1 
0.0000105625 2 1 0 0 3 3 1 2 
0.0000105625 2 1 0 0 3 3 2 1 
0.0001474375 2 1 0 0 3 3 2 2 
0.0000125000 2 1 0 0 3 3 3 0 
0.0000078125 2 1 0 1 0 0 0 0 
0.0000535625 2 1 0 1 0 0 0 1 
0.0000288750 2 1 0 1 0 0 1 0 
0.0000078125 2 1 0 1 0 0 1 1 
0.0000105625 2 1 0 1 0 0 2 0 
0.0000125000 2 1 0 1 0 0 3 1 
0.0000535625 2 1 0 1 0 1 0 0 
0.0000501875 2 1 0 1 0 1 0 1 
0.0000078125 2 1 0 1 0 1 1 0 
0.0000535625 2 1 0 1 0 1 1 1 
0.0000125000 2 1 0 1 0 1 3 0 
0.0000030625 2 1 0 1 0 2 0 2 
0.0000512500 2 1 0 1 0 2 0 3 
0.0000286875 2 1 0 1 0 2 1 2 
0.0000462500 2 1 0 1 0 2 2 2 
0.0000512500 2 1 0 1 0 3 0 2 
0.0000538125 2 1 0 1 0 3 2 3 
0.0000901250 2 1 0 1 0 3 3 3 
0.0000533125 2 1 0 1 1 0 1 2 
0.0000452500 2 1 0 1 1 0 1 3 
0.0000521875 2 1 0 1 1 0 2 3 
0.0001210625 2 1 0 1 1 0 3 2 
0.0000286875 2 1 0 1 1 0 3 3 
0.0000106250 2 1 0 1 1 1 0 2 
0.0000221250 2 1 0 1 1 1 0 3 
0.0000030625 2 1 0 1 1 1 3 3 
0.0000106250 2 1 0 1 1 2 0 1 
0.0000533125 2 1 0 1 1 2 1 0 
0.0001210625 2 1 0 1 1 2 3 0 
0.0000221250 2 1 0 1 1 3 0 1 
0.0000452500 2 1 0 1 1 3 1 0 
0.0000521875 2 1 0 1 1 3 2 0 
0.0000286875 2 1 0 1 1 3 3 0 
0.0000030625 2 1 0 1 1 3 3 1 
0.0000854375 2 1 0 1 2 0 0 0 
0.0000572500 2 1 0 1 2 0 1 0 
0.0000854375 2 1 0 1 2 0 1 1 
0.0000078125 2 1 0 1 2 0 2 0 
0.0000535625 2 1 0 1 2 0 2 1 
0.0000143750 2 1 0 1 2 0 3 0 
0.0000147500 2 1 0 1 2 0 3 1 
0.0001822500 2 1 0 1 2 1 0 1 
0.0000854375 2 1 0 1 2 1 1 0 
0.0000535625 2 1 0 1 2 1 2 0 
0.0000501875 2 1 0 1 2 1 2 1 
0.0000147500 2 1 0 1 2 1 3 0 
0.0000780625 2 1 0 1 2 2 1 2 
0.0000125000 2 1 0 1 2 2 1 3 
0.0000030625 2 1 0 1 2 2 2 2 
0.0000512500 2 1 0 1 2 2 2 3 
0.0000200625 2 1 0 1 2 2 3 2 
0.0000398125 2 1 0 1 2 3 0 3 
0.0000125000 2 1 0 1 2 3 1 2 
0.0000286875 2 1 0 1 2 3 1 3 
0.0000512500 2 1 0 1 2 3 2 2 
0.0000078125 2 1 0 1 3 0 0 3 
0.0000288750 2 1 0 1 3 0 1 3 
0.0000452500 2 1 0 1 3 0 2 2 
0.0000105625 2 1 0 1 3 0 2 3 
0.0000535625 2 1 0 1 3 1 0 3 
0.0000078125 2 1 0 1 3 1 1 3 
0.0000780625 2 1 0 1 3 1 3 2 
0.0000125000 2 1 0 1 3 1 3 3 
0.0000452500 2 1 0 1 3 2 2 0 
0.0000780625 2 1 0 1 3 2 3 1 
0.0000078125 2 1 0 1 3 3 0 0 
0.0000535625 2 1 0 1 3 3 0 1 
0.0000288750 2 1 0 1 3 3 1 0 
0.0000078125 2 1 0 1 3 3 1 1 
0.0000105625 2 1 0 1 3 3 2 0 
0.0000125000 2 1 0 1 3 3 3 1 
0.0000535625 2 1 0 2 0 0 0 2 
0.0000105625 2 1 0 2 0 0 1 0 
0.0000078125 2 1 0 2 0 0 1 2 
0.0001474375 2 1 0 2 0 0 2 0 
0.0000125000 2 1 0 2 0 0 3 2 
0.0000501875 2 1 0 2 0 1 0 2 
0.0000535625 2 1 0 2 0 1 1 2 
0.0000065000 2 1 0 2 0 1 2 0 
0.0000512500 2 1 0 2 0 1 3 0 
0.0000452500 2 1 0 2 0 2 1 3 
0.0000521875 2 1 0 2 0 2 2 3 
0.0000194375 2 1 0 2 0 2 3 1 
0.0000286875 2 1 0 2 0 2 3 3 
0.0000521875 2 1 0 2 0 3 1 1 
0.0000105625 2 1 0 2 0 3 1 3 
0.0000901250 2 1 0 2 0 3 2 1 
0.0001474375 2 1 0 2 0 3 2 3 
0.0000462500 2 1 0 2 0 3 3 1 
0.0000780625 2 1 0 2 1 0 0 1 
0.0000143750 2 1 0 2 1 0 0 3 
0.0000286875 2 1 0 2 1 0 2 1 
0.0000533125 2 1 0 2 1 0 3 3 
0.0000147500 2 1 0 2 1 1 0 3 
0.0000780625 2 1 0 2 1 1 1 1 
0.0000143750 2 1 0 2 1 1 1 3 
0.0000030625 2 1 0 2 1 1 2 1 
0.0000125000 2 1 0 2 1 1 2 3 
0.0000200625 2 1 0 2 1 1 3 1 
0.0000106250 2 1 0 2 1 2 0 2 
0.0000194375 2 1 0 2 1 2 3 0 
0.0000221250 2 1 0 2 1 3 0 2 
0.0000521875 2 1 0 2 1 3 1 0 
0.0000901250 2 1 0 2 1 3 2 0 
0.0000462500 2 1 0 2 1 3 3 0 
0.0000030625 2 1 0 2 1 3 3 2 
0.0000535625 2 1 0 2 2 0 0 0 
0.0000078125 2 1 0 2 2 0 1 0 
0.0000854375 2 1 0 2 2 0 1 2 
0.0000535625 2 1 0 2 2 0 2 2 
0.0000125000 2 1 0 2 2 0 3 0 
0.0000147500 2 1 0 2 2 0 3 2 
0.0000501875 2 1 0 2 2 1 0 0 
0.0001822500 2 1 0 2 2 1 0 2 
0.0000535625 2 1 0 2 2 1 1 0 
0.0000501875 2 1 0 2 2 1 2 2 
0.0000106250 2 1 0 2 2 2 0 1 
0.0000780625 2 1 0 2 2 2 3 3 
0.0000221250 2 1 0 2 2 3 0 1 
0.0000535625 2 1 0 2 2 3 0 3 
0.0000078125 2 1 0 2 2 3 1 3 
0.0000030625 2 1 0 2 2 3 3 1 
0.0000125000 2 1 0 2 2 3 3 3 
0.0000143750 2 1 0 2 3 0 0 1 
0.0000081875 2 1 0 2 3 0 1 3 
0.0000533125 2 1 0 2 3 0 3 1 
0.0000147500 2 1 0 2 3 1 0 1 
0.0000143750 2 1 0 2 3 1 1 1 
0.0000125000 2 1 0 2 3 1 2 1 
0.0000452500 2 1 0 2 3 2 1 0 
0.0000521875 2 1 0 2 3 2 2 0 
0.0000286875 2 1 0 2 3 2 3 0 
0.0000780625 2 1 0 2 3 2 3 2 
0.0000535625 2 1 0 2 3 3 0 2 
0.0000105625 2 1 0 2 3 3 1 0 
0.0000078125 2 1 0 2 3 3 1 2 
0.0001474375 2 1 0 2 3 3 2 0 
0.0000125000 2 1 0 2 3 3 3 2 
0.0000125000 2 1 0 3 0 0 0 0 
0.0000535625 2 1 0 3 0 0 0 3 
0.0000078125 2 1 0 3 0 0 1 3 
0.0000125000 2 1 0 3 0 0 3 3 
0.0000501875 2 1 0 3 0 1 0 3 
0.0000125000 2 1 0 3 0 1 1 0 
0.0000535625 2 1 0 3 0 1 1 3 
0.0000512500 2 1 0 3 0 1 2 0 
0.0000125000 2 1 0 3 0 2 0 2 
0.0000521875 2 1 0 3 0 2 1 1 
0.0000901250 2 1 0 3 0 2 2 1 
0.0000462500 2 1 0 3 0 2 3 1 
0.0000065000 2 1 0 3 0 3 0 1 
0.0000286875 2 1 0 3 0 3 0 2 
0.0001474375 2 1 0 3 0 3 1 1 
0.0000521875 2 1 0 3 0 3 3 2 
0.0000125000 2 1 0 3 1 0 0 1 
0.0000452500 2 1 0 3 1 0 2 2 
0.0000125000 2 1 0 3 1 1 1 1 
0.0000512500 2 1 0 3 1 1 2 1 
0.0000780625 2 1 0 3 1 1 3 2 
0.0000106250 2 1 0 3 1 2 0 3 
0.0001210625 2 1 0 3 1 2 1 0 
0.0000194375 2 1 0 3 1 2 2 0 
0.0000030625 2 1 0 3 1 3 0 0 
0.0000221250 2 1 0 3 1 3 0 3 
0.0000286875 2 1 0 3 1 3 1 0 
0.0000462500 2 1 0 3 1 3 2 0 
0.0000030625 2 1 0 3 1 3 3 3 
0.0000147500 2 1 0 3 2 0 0 0 
0.0000143750 2 1 0 3 2 0 1 0 
0.0000854375 2 1 0 3 2 0 1 3 
0.0000125000 2 1 0 3 2 0 2 0 
0.0000535625 2 1 0 3 2 0 2 3 
0.0000147500 2 1 0 3 2 0 3 3 
0.0001822500 2 1 0 3 2 1 0 3 
0.0000147500 2 1 0 3 2 1 1 0 
0.0000501875 2 1 0 3 2 1 2 3 
0.0000106250 2 1 0 3 2 1 3 0 
0.0000221250 2 1 0 3 2 2 0 1 
0.0000147500 2 1 0 3 2 2 0 2 
0.0000143750 2 1 0 3 2 2 1 2 
0.0000125000 2 1 0 3 2 2 2 2 
0.0000030625 2 1 0 3 2 2 3 1 
0.0000065000 2 1 0 3 2 3 2 1 
0.0000286875 2 1 0 3 2 3 2 2 
0.0000512500 2 1 0 3 2 3 3 1 
0.0000572500 2 1 0 3 3 0 0 2 
0.0000288750 2 1 0 3 3 0 2 2 
0.0000452500 2 1 0 3 3 0 3 1 
0.0000854375 2 1 0 3 3 1 0 2 
0.0000572500 2 1 0 3 3 1 1 2 
0.0000286875 2 1 0 3 3 1 2 1 
0.0000078125 2 1 0 3 3 1 2 2 
0.0000143750 2 1 0 3 3 1 3 2 
0.0000780625 2 1 0 3 3 2 0 0 
0.0000286875 2 1 0 3 3 2 2 0 
0.0000780625 2 1 0 3 3 2 3 3 
0.0000125000 2 1 0 3 3 3 0 0 
0.0000535625 2 1 0 3 3 3 0 3 
0.0000078125 2 1 0 3 3 3 1 3 
0.0000125000 2 1 0 3 3 3 3 3 
0.0000078125 2 1 1 0 0 0 0 0 
0.0000288750 2 1 1 0 0 0 0 1 
0.0000105625 2 1 1 0 0 0 0 2 
0.0000535625 2 1 1 0 0 0 1 0 
0.0000078125 2 1 1 0 0 0 1 1 
0.0000125000 2 1 1 0 0 0 1 3 
0.0000535625 2 1 1 0 0 1 0 0 
0.0000078125 2 1 1 0 0 1 0 1 
0.0000125000 2 1 1 0 0 1 0 3 
0.0000501875 2 1 1 0 0 1 1 0 
0.0000535625 2 1 1 0 0 1 1 1 
0.0000030625 2 1 1 0 0 2 2 0 
0.0000286875 2 1 1 0 0 2 2 1 
0.0000462500 2 1 1 0 0 2 2 2 
0.0000512500 2 1 1 0 0 2 3 0 
0.0000512500 2 1 1 0 0 3 2 0 
0.0000538125 2 1 1 0 0 3 3 2 
0.0000901250 2 1 1 0 0 3 3 3 
0.0000533125 2 1 1 0 1 0 2 1 
0.0001210625 2 1 1 0 1 0 2 3 
0.0000452500 2 1 1 0 1 0 3 1 
0.0000521875 2 1 1 0 1 0 3 2 
0.0000286875 2 1 1 0 1 0 3 3 
0.0000106250 2 1 1 0 1 1 2 0 
0.0000221250 2 1 1 0 1 1 3 0 
0.0000030625 2 1 1 0 1 1 3 3 
0.0000533125 2 1 1 0 1 2 0 1 
0.0001210625 2 1 1 0 1 2 0 3 
0.0000106250 2 1 1 0 1 2 1 0 
0.0000452500 2 1 1 0 1 3 0 1 
0.0000521875 2 1 1 0 1 3 0 2 
0.0000286875 2 1 1 0 1 3 0 3 
0.0000221250 2 1 1 0 1 3 1 0 
0.0000030625 2 1 1 0 1 3 1 3 
0.0000854375 2 1 1 0 2 0 0 0 
0.0000572500 2 1 1 0 2 0 0 1 
0.0000078125 2 1 1 0 2 0 0 2 
0.0000143750 2 1 1 0 2 0 0 3 
0.0000854375 2 1 1 0 2 0 1 1 
0.0000535625 2 1 1 0 2 0 1 2 
0.0000147500 2 1 1 0 2 0 1 3 
0.0000854375 2 1 1 0 2 1 0 1 
0.0000535625 2 1 1 0 2 1 0 2 
0.0000147500 2 1 1 0 2 1 0 3 
0.0001822500 2 1 1 0 2 1 1 0 
0.0000501875 2 1 1 0 2 1 1 2 
0.0000780625 2 1 1 0 2 2 2 1 
0.0000030625 2 1 1 0 2 2 2 2 
0.0000200625 2 1 1 0 2 2 2 3 
0.0000125000 2 1 1 0 2 2 3 1 
0.0000512500 2 1 1 0 2 2 3 2 
0.0000125000 2 1 1 0 2 3 2 1 
0.0000512500 2 1 1 0 2 3 2 2 
0.0000398125 2 1 1 0 2 3 3 0 
0.0000286875 2 1 1 0 2 3 3 1 
0.0000452500 2 1 1 0 3 0 2 2 
0.0000078125 2 1 1 0 3 0 3 0 
0.0000288750 2 1 1 0 3 0 3 1 
0.0000105625 2 1 1 0 3 0 3 2 
0.0000780625 2 1 1 0 3 1 2 3 
0.0000535625 2 1 1 0 3 1 3 0 
0.0000078125 2 1 1 0 3 1 3 1 
0.0000125000 2 1 1 0 3 1 3 3 
0.0000452500 2 1 1 0 3 2 0 2 
0.0000780625 2 1 1 0 3 2 1 3 
0.0000078125 2 1 1 0 3 3 0 0 
0.0000288750 2 1 1 0 3 3 0 1 
0.0000105625 2 1 1 0 3 3 0 2 
0.0000535625 2 1 1 0 3 3 1 0 
0.0000078125 2 1 1 0 3 3 1 1 
0.0000125000 2 1 1 0 3 3 1 3 
0.0000288750 2 1 1 1 0 0 0 0 
0.0000078125 2 1 1 1 0 0 0 1 
0.0000078125 2 1 1 1 0 0 1 0 
0.0000535625 2 1 1 1 0 0 1 1 
0.0000286875 2 1 1 1 0 0 2 2 
0.0000078125 2 1 1 1 0 1 0 0 
0.0000535625 2 1 1 1 0 1 0 1 
0.0000535625 2 1 1 1 0 1 1 0 
0.0000501875 2 1 1 1 0 1 1 1 
0.0000030625 2 1 1 1 0 1 2 2 
0.0000512500 2 1 1 1 0 1 2 3 
0.0000512500 2 1 1 1 0 1 3 2 
0.0000286875 2 1 1 1 0 2 0 2 
0.0000030625 2 1 1 1 0 2 1 2 
0.0000512500 2 1 1 1 0 2 1 3 
0.0000286875 2 1 1 1 0 2 2 0 
0.0000030625 2 1 1 1 0 2 2 1 
0.0000512500 2 1 1 1 0 2 3 1 
0.0000512500 2 1 1 1 0 3 1 2 
0.0000512500 2 1 1 1 0 3 2 1 
0.0000533125 2 1 1 1 1 0 0 2 
0.0000452500 2 1 1 1 1 0 0 3 
0.0000533125 2 1 1 1 1 0 2 0 
0.0000452500 2 1 1 1 1 0 3 0 
0.0000106250 2 1 1 1 1 1 1 2 
0.0000221250 2 1 1 1 1 1 1 3 
0.0000106250 2 1 1 1 1 1 2 1 
0.0000221250 2 1 1 1 1 1 3 1 
0.0000533125 2 1 1 1 1 2 0 0 
0.0000106250 2 1 1 1 1 2 1 1 
0.0000728125 2 1 1 1 1 2 2 2 
0.0000194375 2 1 1 1 1 2 2 3 
0.0000194375 2 1 1 1 1 2 3 2 
0.0000462500 2 1 1 1 1 2 3 3 
0.0000452500 2 1 1 1 1 3 0 0 
0.0000221250 2 1 1 1 1 3 1 1 
0.0000194375 2 1 1 1 1 3 2 2 
0.0000462500 2 1 1 1 1 3 2 3 
0.0000462500 2 1 1 1 1 3 3 2 
0.0000572500 2 1 1 1 2 0 0 0 
0.0000854375 2 1 1 1 2 0 0 1 
0.0000854375 2 1 1 1 2 0 1 0 
0.0000780625 2 1 1 1 2 0 2 2 
0.0000125000 2 1 1 1 2 0 2 3 
0.0000125000 2 1 1 1 2 0 3 2 
0.0000286875 2 1 1 1 2 0 3 3 
0.0000854375 2 1 1 1 2 1 0 0 
0.0001822500 2 1 1 1 2 1 1 1 
0.0000398125 2 1 1 1 2 1 3 3 
0.0000780625 2 1 1 1 2 2 0 2 
0.0000125000 2 1 1 1 2 2 0 3 
0.0000780625 2 1 1 1 2 2 2 0 
0.0000125000 2 1 1 1 2 2 3 0 
0.0000125000 2 1 1 1 2 3 0 2 
0.0000286875 2 1 1 1 2 3 0 3 
0.0000398125 2 1 1 1 2 3 1 3 
0.0000125000 2 1 1 1 2 3 2 0 
0.0000286875 2 1 1 1 2 3 3 0 
0.0000398125 2 1 1 1 2 3 3 1 
0.0000288750 2 1 1 1 3 0 0 3 
0.0000078125 2 1 1 1 3 0 1 3 
0.0000288750 2 1 1 1 3 0 3 0 
0.0000078125 2 1 1 1 3 0 3 1 
0.0000078125 2 1 1 1 3 1 0 3 
0.0000535625 2 1 1 1 3 1 1 3 
0.0000078125 2 1 1 1 3 1 3 0 
0.0000535625 2 1 1 1 3 1 3 1 
0.0001210625 2 1 1 1 3 2 2 2 
0.0000286875 2 1 1 1 3 2 2 3 
0.0000286875 2 1 1 1 3 2 3 2 
0.0000288750 2 1 1 1 3 3 0 0 
0.0000078125 2 1 1 1 3 3 0 1 
0.0000078125 2 1 1 1 3 3 1 0 
0.0000535625 2 1 1 1 3 3 1 1 
0.0000286875 2 1 1 1 3 3 2 2 
0.0000105625 2 1 1 2 0 0 0 0 
0.0000078125 2 1 1 2 0 0 0 2 
0.0000535625 2 1 1 2 0 0 1 2 
0.0000452500 2 1 1 2 0 0 2 3 
0.0000521875 2 1 1 2 0 0 3 1 
0.0000105625 2 1 1 2 0 0 3 3 
0.0000535625 2 1 1 2 0 1 0 2 
0.0000501875 2 1 1 2 0 1 1 2 
0.0000452500 2 1 1 2 0 2 0 3 
0.0000462500 2 1 1 2 0 2 2 0 
0.0000030625 2 1 1 2 0 2 2 2 
0.0000512500 2 1 1 2 0 2 3 2 
0.0000521875 2 1 1 2 0 3 0 1 
0.0000105625 2 1 1 2 0 3 0 3 
0.0000512500 2 1 1 2 0 3 2 2 
0.0000538125 2 1 1 2 0 3 3 0 
0.0000780625 2 1 1 2 1 0 1 1 
0.0000143750 2 1 1 2 1 0 1 3 
0.0000521875 2 1 1 2 1 0 3 0 
0.0000780625 2 1 1 2 1 1 0 1 
0.0000143750 2 1 1 2 1 1 0 3 
0.0000147500 2 1 1 2 1 1 1 3 
0.0000106250 2 1 1 2 1 1 2 2 
0.0000221250 2 1 1 2 1 1 3 2 
0.0000106250 2 1 1 2 1 2 1 2 
0.0000521875 2 1 1 2 1 3 0 0 
0.0000221250 2 1 1 2 1 3 1 2 
0.0000521875 2 1 1 2 1 3 3 3 
0.0000078125 2 1 1 2 2 0 0 0 
0.0000854375 2 1 1 2 2 0 0 2 
0.0000535625 2 1 1 2 2 0 1 0 
0.0000078125 2 1 1 2 2 0 3 3 
0.0000535625 2 1 1 2 2 1 0 0 
0.0000501875 2 1 1 2 2 1 1 0 
0.0001822500 2 1 1 2 2 1 1 2 
0.0000106250 2 1 1 2 2 1 2 1 
0.0000221250 2 1 1 2 2 1 3 1 
0.0000535625 2 1 1 2 2 1 3 3 
0.0000106250 2 1 1 2 2 2 1 1 
0.0000030625 2 1 1 2 2 2 2 0 
0.0000512500 2 1 1 2 2 2 3 0 
0.0000078125 2 1 1 2 2 3 0 3 
0.0000221250 2 1 1 2 2 3 1 1 
0.0000535625 2 1 1 2 2 3 1 3 
0.0000512500 2 1 1 2 2 3 2 0 
0.0000398125 2 1 1 2 2 3 3 2 
0.0000081875 2 1 1 2 3 0 0 3 
0.0000143750 2 1 1 2 3 0 1 1 
0.0000452500 2 1 1 2 3 0 2 0 
0.0000105625 2 1 1 2 3 0 3 0 
0.0000078125 2 1 1 2 3 0 3 2 
0.0000143750 2 1 1 2 3 1 0 1 
0.0000147500 2 1 1 2 3 1 1 1 
0.0000535625 2 1 1 2 3 1 3 2 
0.0000452500 2 1 1 2 3 2 0 0 
0.0000533125 2 1 1 2 3 2 2 3 
0.0000452500 2 1 1 2 3 2 3 3 
0.0000105625 2 1 1 2 3 3 0 0 
0.0000078125 2 1 1 2 3 3 0 2 
0.0000535625 2 1 1 2 3 3 1 2 
0.0000452500 2 1 1 2 3 3 2 3 
0.0000521875 2 1 1 2 3 3 3 1 
0.0000105625 2 1 1 2 3 3 3 3 
0.0000078125 2 1 1 3 0 0 0 3 
0.0000125000 2 1 1 3 0 0 1 0 
0.0000535625 2 1 1 3 0 0 1 3 
0.0000521875 2 1 1 3 0 0 2 1 
0.0001474375 2 1 1 3 0 0 3 1 
0.0000125000 2 1 1 3 0 1 0 0 
0.0000535625 2 1 1 3 0 1 0 3 
0.0000501875 2 1 1 3 0 1 1 3 
0.0000125000 2 1 1 3 0 1 2 2 
0.0000065000 2 1 1 3 0 1 3 1 
0.0000286875 2 1 1 3 0 1 3 2 
0.0000521875 2 1 1 3 0 2 0 1 
0.0000125000 2 1 1 3 0 2 1 2 
0.0000030625 2 1 1 3 0 2 2 3 
0.0000512500 2 1 1 3 0 2 3 3 
0.0001474375 2 1 1 3 0 3 0 1 
0.0000065000 2 1 1 3 0 3 1 1 
0.0000286875 2 1 1 3 0 3 1 2 
0.0000512500 2 1 1 3 0 3 2 3 
0.0000901250 2 1 1 3 0 3 3 0 
0.0000125000 2 1 1 3 1 0 1 1 
0.0001210625 2 1 1 3 1 0 2 0 
0.0000286875 2 1 1 3 1 0 3 0 
0.0000125000 2 1 1 3 1 1 0 1 
0.0000106250 2 1 1 3 1 1 2 3 
0.0000030625 2 1 1 3 1 1 3 0 
0.0000221250 2 1 1 3 1 1 3 3 
0.0001210625 2 1 1 3 1 2 0 0 
0.0000106250 2 1 1 3 1 2 1 3 
0.0001210625 2 1 1 3 1 2 2 2 
0.0000286875 2 1 1 3 1 2 3 2 
0.0000286875 2 1 1 3 1 3 0 0 
0.0000030625 2 1 1 3 1 3 1 0 
0.0000221250 2 1 1 3 1 3 1 3 
0.0000286875 2 1 1 3 1 3 2 2 
0.0000901250 2 1 1 3 1 3 3 1 
0.0000143750 2 1 1 3 2 0 0 0 
0.0000854375 2 1 1 3 2 0 0 3 
0.0000147500 2 1 1 3 2 0 1 0 
0.0000143750 2 1 1 3 2 0 2 2 
0.0000147500 2 1 1 3 2 1 0 0 
0.0001822500 2 1 1 3 2 1 1 3 
0.0000221250 2 1 1 3 2 1 2 1 
0.0000147500 2 1 1 3 2 1 2 2 
0.0000143750 2 1 1 3 2 2 0 2 
0.0000221250 2 1 1 3 2 2 1 1 
0.0000147500 2 1 1 3 2 2 1 2 
0.0000200625 2 1 1 3 2 2 2 0 
0.0000398125 2 1 1 3 2 3 3 3 
0.0000572500 2 1 1 3 3 0 1 2 
0.0000078125 2 1 1 3 3 0 3 3 
0.0000572500 2 1 1 3 3 1 0 2 
0.0000854375 2 1 1 3 3 1 1 2 
0.0000780625 2 1 1 3 3 1 2 0 
0.0000125000 2 1 1 3 3 1 3 0 
0.0000535625 2 1 1 3 3 1 3 3 
0.0000780625 2 1 1 3 3 2 1 0 
0.0000521875 2 1 1 3 3 2 3 1 
0.0000078125 2 1 1 3 3 3 0 3 
0.0000125000 2 1 1 3 3 3 1 0 
0.0000535625 2 1 1 3 3 3 1 3 
0.0000521875 2 1 1 3 3 3 2 1 
0.0001474375 2 1 1 3 3 3 3 1 
0.0000105625 2 1 2 0 0 0 0 1 
0.0001474375 2 1 2 0 0 0 0 2 
0.0000535625 2 1 2 0 0 0 2 0 
0.0000078125 2 1 2 0 0 0 2 1 
0.0000125000 2 1 2 0 0 0 2 3 
0.0000065000 2 1 2 0 0 1 0 2 
0.0000512500 2 1 2 0 0 1 0 3 
0.0000501875 2 1 2 0 0 1 2 0 
0.0000535625 2 1 2 0 0 1 2 1 
0.0000194375 2 1 2 0 0 2 1 3 
0.0000452500 2 1 2 0 0 2 3 1 
0.0000521875 2 1 2 0 0 2 3 2 
0.0000286875 2 1 2 0 0 2 3 3 
0.0000521875 2 1 2 0 0 3 1 1 
0.0000901250 2 1 2 0 0 3 1 2 
0.0000462500 2 1 2 0 0 3 1 3 
0.0000105625 2 1 2 0 0 3 3 1 
0.0001474375 2 1 2 0 0 3 3 2 
0.0000780625 2 1 2 0 1 0 1 0 
0.0000286875 2 1 2 0 1 0 1 2 
0.0000143750 2 1 2 0 1 0 3 0 
0.0000533125 2 1 2 0 1 0 3 3 
0.0000780625 2 1 2 0 1 1 1 1 
0.0000030625 2 1 2 0 1 1 1 2 
0.0000200625 2 1 2 0 1 1 1 3 
0.0000147500 2 1 2 0 1 1 3 0 
0.0000143750 2 1 2 0 1 1 3 1 
0.0000125000 2 1 2 0 1 1 3 2 
0.0000194375 2 1 2 0 1 2 0 3 
0.0000106250 2 1 2 0 1 2 2 0 
0.0000521875 2 1 2 0 1 3 0 1 
0.0000901250 2 1 2 0 1 3 0 2 
0.0000462500 2 1 2 0 1 3 0 3 
0.0000221250 2 1 2 0 1 3 2 0 
0.0000030625 2 1 2 0 1 3 2 3 
0.0000535625 2 1 2 0 2 0 0 0 
0.0000078125 2 1 2 0 2 0 0 1 
0.0000125000 2 1 2 0 2 0 0 3 
0.0000854375 2 1 2 0 2 0 2 1 
0.0000535625 2 1 2 0 2 0 2 2 
0.0000147500 2 1 2 0 2 0 2 3 
0.0000501875 2 1 2 0 2 1 0 0 
0.0000535625 2 1 2 0 2 1 0 1 
0.0001822500 2 1 2 0 2 1 2 0 
0.0000501875 2 1 2 0 2 1 2 2 
0.0000106250 2 1 2 0 2 2 1 0 
0.0000780625 2 1 2 0 2 2 3 3 
0.0000221250 2 1 2 0 2 3 1 0 
0.0000030625 2 1 2 0 2 3 1 3 
0.0000535625 2 1 2 0 2 3 3 0 
0.0000078125 2 1 2 0 2 3 3 1 
0.0000125000 2 1 2 0 2 3 3 3 
0.0000143750 2 1 2 0 3 0 1 0 
0.0000533125 2 1 2 0 3 0 1 3 
0.0000081875 2 1 2 0 3 0 3 1 
0.0000147500 2 1 2 0 3 1 1 0 
0.0000143750 2 1 2 0 3 1 1 1 
0.0000125000 2 1 2 0 3 1 1 2 
0.0000452500 2 1 2 0 3 2 0 1 
0.0000521875 2 1 2 0 3 2 0 2 
0.0000286875 2 1 2 0 3 2 0 3 
0.0000780625 2 1 2 0 3 2 2 3 
0.0000105625 2 1 2 0 3 3 0 1 
0.0001474375 2 1 2 0 3 3 0 2 
0.0000535625 2 1 2 0 3 3 2 0 
0.0000078125 2 1 2 0 3 3 2 1 
0.0000125000 2 1 2 0 3 3 2 3 
0.0000105625 2 1 2 1 0 0 0 0 
0.0000521875 2 1 2 1 0 0 1 3 
0.0000078125 2 1 2 1 0 0 2 0 
0.0000535625 2 1 2 1 0 0 2 1 
0.0000452500 2 1 2 1 0 0 3 2 
0.0000105625 2 1 2 1 0 0 3 3 
0.0000535625 2 1 2 1 0 1 2 0 
0.0000501875 2 1 2 1 0 1 2 1 
0.0000462500 2 1 2 1 0 2 0 2 
0.0000030625 2 1 2 1 0 2 2 2 
0.0000512500 2 1 2 1 0 2 2 3 
0.0000452500 2 1 2 1 0 2 3 0 
0.0000538125 2 1 2 1 0 3 0 3 
0.0000521875 2 1 2 1 0 3 1 0 
0.0000512500 2 1 2 1 0 3 2 2 
0.0000105625 2 1 2 1 0 3 3 0 
0.0000521875 2 1 2 1 1 0 0 3 
0.0000780625 2 1 2 1 1 0 1 1 
0.0000143750 2 1 2 1 1 0 3 1 
0.0000780625 2 1 2 1 1 1 1 0 
0.0000106250 2 1 2 1 1 1 2 2 
0.0000221250 2 1 2 1 1 1 2 3 
0.0000143750 2 1 2 1 1 1 3 0 
0.0000147500 2 1 2 1 1 1 3 1 
0.0000106250 2 1 2 1 1 2 2 1 
0.0000521875 2 1 2 1 1 3 0 0 
0.0000221250 2 1 2 1 1 3 2 1 
0.0000521875 2 1 2 1 1 3 3 3 
0.0000078125 2 1 2 1 2 0 0 0 
0.0000535625 2 1 2 1 2 0 0 1 
0.0000854375 2 1 2 1 2 0 2 0 
0.0000078125 2 1 2 1 2 0 3 3 
0.0000535625 2 1 2 1 2 1 0 0 
0.0000501875 2 1 2 1 2 1 0 1 
0.0000106250 2 1 2 1 2 1 1 2 
0.0000221250 2 1 2 1 2 1 1 3 
0.0001822500 2 1 2 1 2 1 2 1 
0.0000535625 2 1 2 1 2 1 3 3 
0.0000030625 2 1 2 1 2 2 0 2 
0.0000512500 2 1 2 1 2 2 0 3 
0.0000106250 2 1 2 1 2 2 1 1 
0.0000512500 2 1 2 1 2 3 0 2 
0.0000221250 2 1 2 1 2 3 1 1 
0.0000398125 2 1 2 1 2 3 2 3 
0.0000078125 2 1 2 1 2 3 3 0 
0.0000535625 2 1 2 1 2 3 3 1 
0.0000452500 2 1 2 1 3 0 0 2 
0.0000105625 2 1 2 1 3 0 0 3 
0.0000143750 2 1 2 1 3 0 1 1 
0.0000078125 2 1 2 1 3 0 2 3 
0.0000081875 2 1 2 1 3 0 3 0 
0.0000143750 2 1 2 1 3 1 1 0 
0.0000147500 2 1 2 1 3 1 1 1 
0.0000535625 2 1 2 1 3 1 2 3 
0.0000452500 2 1 2 1 3 2 0 0 
0.0000533125 2 1 2 1 3 2 3 2 
0.0000452500 2 1 2 1 3 2 3 3 
0.0000105625 2 1 2 1 3 3 0 0 
0.0000521875 2 1 2 1 3 3 1 3 
0.0000078125 2 1 2 1 3 3 2 0 
0.0000535625 2 1 2 1 3 3 2 1 
0.0000452500 2 1 2 1 3 3 3 2 
0.0000105625 2 1 2 1 3 3 3 3 
0.0001474375 2 1 2 2 0 0 0 0 
0.0000286875 2 1 2 2 0 0 1 1 
0.0000535625 2 1 2 2 0 0 2 2 
0.0000065000 2 1 2 2 0 1 0 0 
0.0000030625 2 1 2 2 0 1 1 1 
0.0000125000 2 1 2 2 0 1 1 3 
0.0000501875 2 1 2 2 0 1 2 2 
0.0000125000 2 1 2 2 0 1 3 1 
0.0000521875 2 1 2 2 0 2 0 3 
0.0000521875 2 1 2 2 0 2 3 0 
0.0000901250 2 1 2 2 0 3 0 1 
0.0001474375 2 1 2 2 0 3 0 3 
0.0000901250 2 1 2 2 0 3 1 0 
0.0001474375 2 1 2 2 0 3 3 0 
0.0000286875 2 1 2 2 1 0 0 1 
0.0000286875 2 1 2 2 1 0 1 0 
0.0000780625 2 1 2 2 1 0 1 2 
0.0000780625 2 1 2 2 1 0 2 1 
0.0000143750 2 1 2 2 1 0 2 3 
0.0000143750 2 1 2 2 1 0 3 2 
0.0000030625 2 1 2 2 1 1 0 1 
0.0000125000 2 1 2 2 1 1 0 3 
0.0000030625 2 1 2 2 1 1 1 0 
0.0000147500 2 1 2 2 1 1 2 3 
0.0000125000 2 1 2 2 1 1 3 0 
0.0000147500 2 1 2 2 1 1 3 2 
0.0000728125 2 1 2 2 1 2 1 1 
0.0001210625 2 1 2 2 1 2 1 3 
0.0000106250 2 1 2 2 1 2 2 2 
0.0001210625 2 1 2 2 1 2 3 1 
0.0000901250 2 1 2 2 1 3 0 0 
0.0000194375 2 1 2 2 1 3 1 1 
0.0000286875 2 1 2 2 1 3 1 3 
0.0000221250 2 1 2 2 1 3 2 2 
0.0000286875 2 1 2 2 1 3 3 1 
0.0000535625 2 1 2 2 2 0 0 2 
0.0000780625 2 1 2 2 2 0 1 1 
0.0000143750 2 1 2 2 2 0 1 3 
0.0000535625 2 1 2 2 2 0 2 0 
0.0000143750 2 1 2 2 2 0 3 1 
0.0000501875 2 1 2 2 2 1 0 2 
0.0000147500 2 1 2 2 2 1 1 3 
0.0000501875 2 1 2 2 2 1 2 0 
0.0001822500 2 1 2 2 2 1 2 2 
0.0000147500 2 1 2 2 2 1 3 1 
0.0000106250 2 1 2 2 2 2 1 2 
0.0000106250 2 1 2 2 2 2 2 1 
0.0000221250 2 1 2 2 2 3 1 2 
0.0000221250 2 1 2 2 2 3 2 1 
0.0000535625 2 1 2 2 2 3 2 3 
0.0000535625 2 1 2 2 2 3 3 2 
0.0000143750 2 1 2 2 3 0 1 2 
0.0000143750 2 1 2 2 3 0 2 1 
0.0000125000 2 1 2 2 3 1 0 1 
0.0000125000 2 1 2 2 3 1 1 0 
0.0000147500 2 1 2 2 3 1 1 2 
0.0000147500 2 1 2 2 3 1 2 1 
0.0000521875 2 1 2 2 3 2 0 0 
0.0001210625 2 1 2 2 3 2 1 1 
0.0001474375 2 1 2 2 3 3 0 0 
0.0000286875 2 1 2 2 3 3 1 1 
0.0000535625 2 1 2 2 3 3 2 2 
0.0000452500 2 1 2 3 0 0 1 2 
0.0000125000 2 1 2 3 0 0 2 0 
0.0000535625 2 1 2 3 0 0 2 3 
0.0000288750 2 1 2 3 0 0 3 2 
0.0000512500 2 1 2 3 0 1 0 0 
0.0000512500 2 1 2 3 0 1 1 1 
0.0000501875 2 1 2 3 0 1 2 3 
0.0000286875 2 1 2 3 0 1 3 1 
0.0000078125 2 1 2 3 0 1 3 2 
0.0000901250 2 1 2 3 0 2 0 1 
0.0000194375 2 1 2 3 0 2 1 0 
0.0000125000 2 1 2 3 0 2 2 2 
0.0000286875 2 1 2 3 0 2 3 0 
0.0000462500 2 1 2 3 0 3 1 0 
0.0000065000 2 1 2 3 0 3 2 1 
0.0000286875 2 1 2 3 0 3 2 2 
0.0000452500 2 1 2 3 1 0 0 2 
0.0000780625 2 1 2 3 1 0 1 3 
0.0000125000 2 1 2 3 1 0 2 1 
0.0000533125 2 1 2 3 1 0 3 0 
0.0000143750 2 1 2 3 1 0 3 3 
0.0000512500 2 1 2 3 1 1 0 1 
0.0000200625 2 1 2 3 1 1 1 0 
0.0000147500 2 1 2 3 1 1 3 3 
0.0000194375 2 1 2 3 1 2 0 0 
0.0000194375 2 1 2 3 1 2 1 1 
0.0000106250 2 1 2 3 1 2 2 3 
0.0000286875 2 1 2 3 1 2 3 1 
0.0000533125 2 1 2 3 1 2 3 2 
0.0000462500 2 1 2 3 1 3 0 0 
0.0000462500 2 1 2 3 1 3 1 1 
0.0000030625 2 1 2 3 1 3 2 0 
0.0000221250 2 1 2 3 1 3 2 3 
0.0000452500 2 1 2 3 1 3 3 2 
0.0000125000 2 1 2 3 2 0 0 0 
0.0000535625 2 1 2 3 2 0 0 3 
0.0000125000 2 1 2 3 2 0 1 1 
0.0000147500 2 1 2 3 2 0 2 0 
0.0000572500 2 1 2 3 2 0 3 2 
0.0000501875 2 1 2 3 2 1 0 3 
0.0001822500 2 1 2 3 2 1 2 3 
0.0000854375 2 1 2 3 2 1 3 2 
0.0000125000 2 1 2 3 2 2 0 2 
0.0000106250 2 1 2 3 2 2 1 3 
0.0000221250 2 1 2 3 2 2 2 1 
0.0000147500 2 1 2 3 2 2 2 2 
0.0000780625 2 1 2 3 2 2 3 0 
0.0000065000 2 1 2 3 2 3 0 1 
0.0000286875 2 1 2 3 2 3 0 2 
0.0000030625 2 1 2 3 2 3 1 0 
0.0000221250 2 1 2 3 2 3 1 3 
0.0000125000 2 1 2 3 2 3 3 0 
0.0000535625 2 1 2 3 2 3 3 3 
0.0000288750 2 1 2 3 3 0 0 2 
0.0000533125 2 1 2 3 3 0 1 0 
0.0000143750 2 1 2 3 3 0 1 3 
0.0000572500 2 1 2 3 3 0 2 2 
0.0000286875 2 1 2 3 3 1 0 1 
0.0000078125 2 1 2 3 3 1 0 2 
0.0000147500 2 1 2 3 3 1 1 3 
0.0000854375 2 1 2 3 3 1 2 2 
0.0000286875 2 1 2 3 3 2 0 0 
0.0000286875 2 1 2 3 3 2 1 1 
0.0000533125 2 1 2 3 3 2 1 2 
0.0000780625 2 1 2 3 3 2 2 0 
0.0000452500 2 1 2 3 3 3 1 2 
0.0000125000 2 1 2 3 3 3 2 0 
0.0000535625 2 1 2 3 3 3 2 3 
0.0000288750 2 1 2 3 3 3 3 2 
0.0000125000 2 1 3 0 0 0 0 0 
0.0000535625 2 1 3 0 0 0 3 0 
0.0000078125 2 1 3 0 0 0 3 1 
0.0000125000 2 1 3 0 0 0 3 3 
0.0000125000 2 1 3 0 0 1 0 1 
0.0000512500 2 1 3 0 0 1 0 2 
0.0000501875 2 1 3 0 0 1 3 0 
0.0000535625 2 1 3 0 0 1 3 1 
0.0000521875 2 1 3 0 0 2 1 1 
0.0000901250 2 1 3 0 0 2 1 2 
0.0000462500 2 1 3 0 0 2 1 3 
0.0000125000 2 1 3 0 0 2 2 0 
0.0000065000 2 1 3 0 0 3 1 0 
0.0001474375 2 1 3 0 0 3 1 1 
0.0000286875 2 1 3 0 0 3 2 0 
0.0000521875 2 1 3 0 0 3 2 3 
0.0000125000 2 1 3 0 1 0 1 0 
0.0000452500 2 1 3 0 1 0 2 2 
0.0000125000 2 1 3 0 1 1 1 1 
0.0000512500 2 1 3 0 1 1 1 2 
0.0000780625 2 1 3 0 1 1 2 3 
0.0001210625 2 1 3 0 1 2 0 1 
0.0000194375 2 1 3 0 1 2 0 2 
0.0000106250 2 1 3 0 1 2 3 0 
0.0000030625 2 1 3 0 1 3 0 0 
0.0000286875 2 1 3 0 1 3 0 1 
0.0000462500 2 1 3 0 1 3 0 2 
0.0000221250 2 1 3 0 1 3 3 0 
0.0000030625 2 1 3 0 1 3 3 3 
0.0000147500 2 1 3 0 2 0 0 0 
0.0000143750 2 1 3 0 2 0 0 1 
0.0000125000 2 1 3 0 2 0 0 2 
0.0000854375 2 1 3 0 2 0 3 1 
0.0000535625 2 1 3 0 2 0 3 2 
0.0000147500 2 1 3 0 2 0 3 3 
0.0000147500 2 1 3 0 2 1 0 1 
0.0000106250 2 1 3 0 2 1 0 3 
0.0001822500 2 1 3 0 2 1 3 0 
0.0000501875 2 1 3 0 2 1 3 2 
0.0000221250 2 1 3 0 2 2 1 0 
0.0000030625 2 1 3 0 2 2 1 3 
0.0000147500 2 1 3 0 2 2 2 0 
0.0000143750 2 1 3 0 2 2 2 1 
0.0000125000 2 1 3 0 2 2 2 2 
0.0000065000 2 1 3 0 2 3 1 2 
0.0000512500 2 1 3 0 2 3 1 3 
0.0000286875 2 1 3 0 2 3 2 2 
0.0000452500 2 1 3 0 3 0 1 3 
0.0000572500 2 1 3 0 3 0 2 0 
0.0000288750 2 1 3 0 3 0 2 2 
0.0000286875 2 1 3 0 3 1 1 2 
0.0000854375 2 1 3 0 3 1 2 0 
0.0000572500 2 1 3 0 3 1 2 1 
0.0000078125 2 1 3 0 3 1 2 2 
0.0000143750 2 1 3 0 3 1 2 3 
0.0000780625 2 1 3 0 3 2 0 0 
0.0000286875 2 1 3 0 3 2 0 2 
0.0000780625 2 1 3 0 3 2 3 3 
0.0000125000 2 1 3 0 3 3 0 0 
0.0000535625 2 1 3 0 3 3 3 0 
0.0000078125 2 1 3 0 3 3 3 1 
0.0000125000 2 1 3 0 3 3 3 3 
0.0000125000 2 1 3 1 0 0 0 1 
0.0000521875 2 1 3 1 0 0 1 2 
0.0001474375 2 1 3 1 0 0 1 3 
0.0000078125 2 1 3 1 0 0 3 0 
0.0000535625 2 1 3 1 0 0 3 1 
0.0000125000 2 1 3 1 0 1 0 0 
0.0000065000 2 1 3 1 0 1 1 3 
0.0000125000 2 1 3 1 0 1 2 2 
0.0000286875 2 1 3 1 0 1 2 3 
0.0000535625 2 1 3 1 0 1 3 0 
0.0000501875 2 1 3 1 0 1 3 1 
0.0000521875 2 1 3 1 0 2 1 0 
0.0000125000 2 1 3 1 0 2 2 1 
0.0000030625 2 1 3 1 0 2 3 2 
0.0000512500 2 1 3 1 0 2 3 3 
0.0000901250 2 1 3 1 0 3 0 3 
0.0001474375 2 1 3 1 0 3 1 0 
0.0000065000 2 1 3 1 0 3 1 1 
0.0000286875 2 1 3 1 0 3 2 1 
0.0000512500 2 1 3 1 0 3 3 2 
0.0001210625 2 1 3 1 1 0 0 2 
0.0000286875 2 1 3 1 1 0 0 3 
0.0000125000 2 1 3 1 1 0 1 1 
0.0000030625 2 1 3 1 1 1 0 3 
0.0000125000 2 1 3 1 1 1 1 0 
0.0000106250 2 1 3 1 1 1 3 2 
0.0000221250 2 1 3 1 1 1 3 3 
0.0001210625 2 1 3 1 1 2 0 0 
0.0001210625 2 1 3 1 1 2 2 2 
0.0000286875 2 1 3 1 1 2 2 3 
0.0000106250 2 1 3 1 1 2 3 1 
0.0000286875 2 1 3 1 1 3 0 0 
0.0000030625 2 1 3 1 1 3 0 1 
0.0000901250 2 1 3 1 1 3 1 3 
0.0000286875 2 1 3 1 1 3 2 2 
0.0000221250 2 1 3 1 1 3 3 1 
0.0000143750 2 1 3 1 2 0 0 0 
0.0000147500 2 1 3 1 2 0 0 1 
0.0000143750 2 1 3 1 2 0 2 2 
0.0000854375 2 1 3 1 2 0 3 0 
0.0000147500 2 1 3 1 2 1 0 0 
0.0000221250 2 1 3 1 2 1 1 2 
0.0000147500 2 1 3 1 2 1 2 2 
0.0001822500 2 1 3 1 2 1 3 1 
0.0000200625 2 1 3 1 2 2 0 2 
0.0000221250 2 1 3 1 2 2 1 1 
0.0000143750 2 1 3 1 2 2 2 0 
0.0000147500 2 1 3 1 2 2 2 1 
0.0000398125 2 1 3 1 2 3 3 3 
0.0000572500 2 1 3 1 3 0 2 1 
0.0000078125 2 1 3 1 3 0 3 3 
0.0000780625 2 1 3 1 3 1 0 2 
0.0000125000 2 1 3 1 3 1 0 3 
0.0000572500 2 1 3 1 3 1 2 0 
0.0000854375 2 1 3 1 3 1 2 1 
0.0000535625 2 1 3 1 3 1 3 3 
0.0000780625 2 1 3 1 3 2 0 1 
0.0000521875 2 1 3 1 3 2 1 3 
0.0000125000 2 1 3 1 3 3 0 1 
0.0000521875 2 1 3 1 3 3 1 2 
0.0001474375 2 1 3 1 3 3 1 3 
0.0000078125 2 1 3 1 3 3 3 0 
0.0000535625 2 1 3 1 3 3 3 1 
0.0000125000 2 1 3 2 0 0 0 2 
0.0000452500 2 1 3 2 0 0 2 1 
0.0000288750 2 1 3 2 0 0 2 3 
0.0000535625 2 1 3 2 0 0 3 2 
0.0000512500 2 1 3 2 0 1 0 0 
0.0000512500 2 1 3 2 0 1 1 1 
0.0000286875 2 1 3 2 0 1 1 3 
0.0000078125 2 1 3 2 0 1 2 3 
0.0000501875 2 1 3 2 0 1 3 2 
0.0000194375 2 1 3 2 0 2 0 1 
0.0000286875 2 1 3 2 0 2 0 3 
0.0000901250 2 1 3 2 0 2 1 0 
0.0000125000 2 1 3 2 0 2 2 2 
0.0000462500 2 1 3 2 0 3 0 1 
0.0000065000 2 1 3 2 0 3 1 2 
0.0000286875 2 1 3 2 0 3 2 2 
0.0000533125 2 1 3 2 1 0 0 3 
0.0000125000 2 1 3 2 1 0 1 2 
0.0000452500 2 1 3 2 1 0 2 0 
0.0000780625 2 1 3 2 1 0 3 1 
0.0000143750 2 1 3 2 1 0 3 3 
0.0000200625 2 1 3 2 1 1 0 1 
0.0000512500 2 1 3 2 1 1 1 0 
0.0000147500 2 1 3 2 1 1 3 3 
0.0000194375 2 1 3 2 1 2 0 0 
0.0000194375 2 1 3 2 1 2 1 1 
0.0000286875 2 1 3 2 1 2 1 3 
0.0000533125 2 1 3 2 1 2 2 3 
0.0000106250 2 1 3 2 1 2 3 2 
0.0000462500 2 1 3 2 1 3 0 0 
0.0000030625 2 1 3 2 1 3 0 2 
0.0000462500 2 1 3 2 1 3 1 1 
0.0000452500 2 1 3 2 1 3 2 3 
0.0000221250 2 1 3 2 1 3 3 2 
0.0000125000 2 1 3 2 2 0 0 0 
0.0000147500 2 1 3 2 2 0 0 2 
0.0000125000 2 1 3 2 2 0 1 1 
0.0000572500 2 1 3 2 2 0 2 3 
0.0000535625 2 1 3 2 2 0 3 0 
0.0000854375 2 1 3 2 2 1 2 3 
0.0000501875 2 1 3 2 2 1 3 0 
0.0001822500 2 1 3 2 2 1 3 2 
0.0000780625 2 1 3 2 2 2 0 3 
0.0000221250 2 1 3 2 2 2 1 2 
0.0000125000 2 1 3 2 2 2 2 0 
0.0000147500 2 1 3 2 2 2 2 2 
0.0000106250 2 1 3 2 2 2 3 1 
0.0000030625 2 1 3 2 2 3 0 1 
0.0000125000 2 1 3 2 2 3 0 3 
0.0000065000 2 1 3 2 2 3 1 0 
0.0000286875 2 1 3 2 2 3 2 0 
0.0000221250 2 1 3 2 2 3 3 1 
0.0000535625 2 1 3 2 2 3 3 3 
0.0000533125 2 1 3 2 3 0 0 1 
0.0000288750 2 1 3 2 3 0 2 0 
0.0000572500 2 1 3 2 3 0 2 2 
0.0000143750 2 1 3 2 3 0 3 1 
0.0000286875 2 1 3 2 3 1 1 0 
0.0000078125 2 1 3 2 3 1 2 0 
0.0000854375 2 1 3 2 3 1 2 2 
0.0000147500 2 1 3 2 3 1 3 1 
0.0000286875 2 1 3 2 3 2 0 0 
0.0000780625 2 1 3 2 3 2 0 2 
0.0000286875 2 1 3 2 3 2 1 1 
0.0000533125 2 1 3 2 3 2 2 1 
0.0000125000 2 1 3 2 3 3 0 2 
0.0000452500 2 1 3 2 3 3 2 1 
0.0000288750 2 1 3 2 3 3 2 3 
0.0000535625 2 1 3 2 3 3 3 2 
0.0000125000 2 1 3 3 0 0 0 3 
0.0000105625 2 1 3 3 0 0 1 2 
0.0000105625 2 1 3 3 0 0 2 1 
0.0000125000 2 1 3 3 0 0 3 0 
0.0000535625 2 1 3 3 0 0 3 3 
0.0000501875 2 1 3 3 0 1 3 3 
0.0000462500 2 1 3 3 0 2 0 1 
0.0000462500 2 1 3 3 0 2 1 0 
0.0000125000 2 1 3 3 0 2 2 3 
0.0000125000 2 1 3 3 0 2 3 2 
0.0000521875 2 1 3 3 0 3 0 2 
0.0000065000 2 1 3 3 0 3 1 3 
0.0000521875 2 1 3 3 0 3 2 0 
0.0000286875 2 1 3 3 0 3 2 3 
0.0000065000 2 1 3 3 0 3 3 1 
0.0000286875 2 1 3 3 0 3 3 2 
0.0000125000 2 1 3 3 1 0 1 3 
0.0000125000 2 1 3 3 1 0 3 1 
0.0000780625 2 1 3 3 1 1 0 2 
0.0000780625 2 1 3 3 1 1 2 0 
0.0000462500 2 1 3 3 1 2 1 1 
0.0000106250 2 1 3 3 1 2 3 3 
0.0000030625 2 1 3 3 1 3 0 3 
0.0000521875 2 1 3 3 1 3 1 2 
0.0000521875 2 1 3 3 1 3 2 1 
0.0000030625 2 1 3 3 1 3 3 0 
0.0000221250 2 1 3 3 1 3 3 3 
0.0000147500 2 1 3 3 2 0 0 3 
0.0000286875 2 1 3 3 2 0 1 1 
0.0000078125 2 1 3 3 2 0 1 2 
0.0000078125 2 1 3 3 2 0 2 1 
0.0000147500 2 1 3 3 2 0 3 0 
0.0000106250 2 1 3 3 2 1 0 0 
0.0000398125 2 1 3 3 2 1 1 1 
0.0000535625 2 1 3 3 2 1 1 2 
0.0000535625 2 1 3 3 2 1 2 1 
0.0001822500 2 1 3 3 2 1 3 3 
0.0000030625 2 1 3 3 2 2 0 1 
0.0000030625 2 1 3 3 2 2 1 0 
0.0000221250 2 1 3 3 2 2 1 3 
0.0000147500 2 1 3 3 2 2 2 3 
0.0000221250 2 1 3 3 2 2 3 1 
0.0000147500 2 1 3 3 2 2 3 2 
0.0000512500 2 1 3 3 2 3 0 1 
0.0000512500 2 1 3 3 2 3 1 0 
0.0000452500 2 1 3 3 3 0 0 1 
0.0000452500 2 1 3 3 3 0 1 0 
0.0000572500 2 1 3 3 3 0 2 3 
0.0000572500 2 1 3 3 3 0 3 2 
0.0000143750 2 1 3 3 3 1 0 2 
0.0000143750 2 1 3 3 3 1 2 0 
0.0000854375 2 1 3 3 3 1 2 3 
0.0000854375 2 1 3 3 3 1 3 2 
0.0000780625 2 1 3 3 3 2 0 3 
0.0000452500 2 1 3 3 3 2 1 2 
0.0000452500 2 1 3 3 3 2 2 1 
0.0000780625 2 1 3 3 3 2 3 0 
0.0000125000 2 1 3 3 3 3 0 3 
0.0000105625 2 1 3 3 3 3 1 2 
0.0000105625 2 1 3 3 3 3 2 1 
0.0000125000 2 1 3 3 3 3 3 0 
0.0000535625 2 1 3 3 3 3 3 3 
0.0000065000 2 2 0 0 0 0 0 2 
0.0000512500 2 2 0 0 0 0 0 3 
0.0000105625 2 2 0 0 0 0 1 1 
0.0001474375 2 2 0 0 0 0 1 2 
0.0000065000 2 2 0 0 0 0 2 0 
0.0001474375 2 2 0 0 0 0 2 1 
0.0000512500 2 2 0 0 0 0 3 0 
0.0000501875 2 2 0 0 0 2 0 0 
0.0000535625 2 2 0 0 0 2 0 1 
0.0000535625 2 2 0 0 0 2 1 0 
0.0000078125 2 2 0 0 0 2 1 1 
0.0000125000 2 2 0 0 0 2 1 3 
0.0000065000 2 2 0 0 0 2 2 2 
0.0000512500 2 2 0 0 0 2 2 3 
0.0000125000 2 2 0 0 0 2 3 1 
0.0000512500 2 2 0 0 0 2 3 2 
0.0000780625 2 2 0 0 1 1 0 1 
0.0000030625 2 2 0 0 1 1 0 2 
0.0000200625 2 2 0 0 1 1 0 3 
0.0000780625 2 2 0 0 1 1 1 0 
0.0000286875 2 2 0 0 1 1 1 2 
0.0000030625 2 2 0 0 1 1 2 0 
0.0000286875 2 2 0 0 1 1 2 1 
0.0000462500 2 2 0 0 1 1 2 2 
0.0000200625 2 2 0 0 1 1 3 0 
0.0000728125 2 2 0 0 1 1 3 3 
0.0000147500 2 2 0 0 1 3 0 0 
0.0000143750 2 2 0 0 1 3 0 1 
0.0000125000 2 2 0 0 1 3 0 2 
0.0000143750 2 2 0 0 1 3 1 0 
0.0000533125 2 2 0 0 1 3 1 3 
0.0000125000 2 2 0 0 1 3 2 0 
0.0000533125 2 2 0 0 1 3 3 1 
0.0001210625 2 2 0 0 1 3 3 3 
0.0000501875 2 2 0 0 2 0 0 0 
0.0000535625 2 2 0 0 2 0 0 1 
0.0000535625 2 2 0 0 2 0 1 0 
0.0000078125 2 2 0 0 2 0 1 1 
0.0000125000 2 2 0 0 2 0 1 3 
0.0000065000 2 2 0 0 2 0 2 2 
0.0000512500 2 2 0 0 2 0 2 3 
0.0000125000 2 2 0 0 2 0 3 1 
0.0000512500 2 2 0 0 2 0 3 2 
0.0001822500 2 2 0 0 2 2 0 0 
0.0000501875 2 2 0 0 2 2 0 2 
0.0000854375 2 2 0 0 2 2 1 1 
0.0000535625 2 2 0 0 2 2 1 2 
0.0000147500 2 2 0 0 2 2 1 3 
0.0000501875 2 2 0 0 2 2 2 0 
0.0000535625 2 2 0 0 2 2 2 1 
0.0000147500 2 2 0 0 2 2 3 1 
0.0000106250 2 2 0 0 2 2 3 3 
0.0000147500 2 2 0 0 3 1 0 0 
0.0000143750 2 2 0 0 3 1 0 1 
0.0000125000 2 2 0 0 3 1 0 2 
0.0000143750 2 2 0 0 3 1 1 0 
0.0000533125 2 2 0 0 3 1 1 3 
0.0000125000 2 2 0 0 3 1 2 0 
0.0000533125 2 2 0 0 3 1 3 1 
0.0001210625 2 2 0 0 3 1 3 3 
0.0000081875 2 2 0 0 3 3 1 1 
0.0000452500 2 2 0 0 3 3 2 3 
0.0000452500 2 2 0 0 3 3 3 2 
0.0000105625 2 2 0 1 0 0 1 0 
0.0001474375 2 2 0 1 0 0 2 0 
0.0000065000 2 2 0 1 0 0 2 1 
0.0000512500 2 2 0 1 0 0 3 1 
0.0000521875 2 2 0 1 0 1 1 3 
0.0000901250 2 2 0 1 0 1 2 3 
0.0000194375 2 2 0 1 0 1 3 2 
0.0000462500 2 2 0 1 0 1 3 3 
0.0000535625 2 2 0 1 0 2 0 0 
0.0000501875 2 2 0 1 0 2 0 1 
0.0000078125 2 2 0 1 0 2 1 0 
0.0000535625 2 2 0 1 0 2 1 1 
0.0000125000 2 2 0 1 0 2 3 0 
0.0000452500 2 2 0 1 0 3 1 2 
0.0000105625 2 2 0 1 0 3 1 3 
0.0000521875 2 2 0 1 0 3 2 2 
0.0001474375 2 2 0 1 0 3 2 3 
0.0000286875 2 2 0 1 0 3 3 2 
0.0000521875 2 2 0 1 1 0 1 3 
0.0000901250 2 2 0 1 1 0 2 3 
0.0000194375 2 2 0 1 1 0 3 2 
0.0000462500 2 2 0 1 1 0 3 3 
0.0000780625 2 2 0 1 1 1 0 0 
0.0000780625 2 2 0 1 1 1 1 1 
0.0000286875 2 2 0 1 1 1 2 0 
0.0000030625 2 2 0 1 1 1 2 1 
0.0000200625 2 2 0 1 1 1 3 1 
0.0000106250 2 2 0 1 1 2 0 2 
0.0000221250 2 2 0 1 1 2 0 3 
0.0000030625 2 2 0 1 1 2 3 3 
0.0000143750 2 2 0 1 1 3 0 0 
0.0000147500 2 2 0 1 1 3 0 1 
0.0000143750 2 2 0 1 1 3 1 1 
0.0000125000 2 2 0 1 1 3 2 1 
0.0000533125 2 2 0 1 1 3 3 0 
0.0000535625 2 2 0 1 2 0 0 0 
0.0000501875 2 2 0 1 2 0 0 1 
0.0000078125 2 2 0 1 2 0 1 0 
0.0000535625 2 2 0 1 2 0 1 1 
0.0000125000 2 2 0 1 2 0 3 0 
0.0000106250 2 2 0 1 2 1 0 2 
0.0000221250 2 2 0 1 2 1 0 3 
0.0000030625 2 2 0 1 2 1 3 3 
0.0001822500 2 2 0 1 2 2 0 1 
0.0000854375 2 2 0 1 2 2 1 0 
0.0000535625 2 2 0 1 2 2 2 0 
0.0000501875 2 2 0 1 2 2 2 1 
0.0000147500 2 2 0 1 2 2 3 0 
0.0000535625 2 2 0 1 2 3 0 3 
0.0000078125 2 2 0 1 2 3 1 3 
0.0000780625 2 2 0 1 2 3 3 2 
0.0000125000 2 2 0 1 2 3 3 3 
0.0000452500 2 2 0 1 3 0 1 2 
0.0000105625 2 2 0 1 3 0 1 3 
0.0000521875 2 2 0 1 3 0 2 2 
0.0001474375 2 2 0 1 3 0 2 3 
0.0000286875 2 2 0 1 3 0 3 2 
0.0000143750 2 2 0 1 3 1 0 0 
0.0000147500 2 2 0 1 3 1 0 1 
0.0000143750 2 2 0 1 3 1 1 1 
0.0000125000 2 2 0 1 3 1 2 1 
0.0000533125 2 2 0 1 3 1 3 0 
0.0000535625 2 2 0 1 3 2 0 3 
0.0000078125 2 2 0 1 3 2 1 3 
0.0000780625 2 2 0 1 3 2 3 2 
0.0000125000 2 2 0 1 3 2 3 3 
0.0000081875 2 2 0 1 3 3 1 0 
0.0000065000 2 2 0 2 0 0 0 0 
0.0001474375 2 2 0 2 0 0 1 0 
0.0000065000 2 2 0 2 0 0 2 2 
0.0000512500 2 2 0 2 0 0 3 2 
0.0000030625 2 2 0 2 0 1 0 1 
0.0000125000 2 2 0 2 0 1 0 3 
0.0000286875 2 2 0 2 0 1 1 1 
0.0000462500 2 2 0 2 0 1 2 1 
0.0000501875 2 2 0 2 0 2 0 2 
0.0000535625 2 2 0 2 0 2 1 2 
0.0000065000 2 2 0 2 0 2 2 0 
0.0000512500 2 2 0 2 0 2 3 0 
0.0000125000 2 2 0 2 0 3 0 1 
0.0000452500 2 2 0 2 0 3 3 3 
0.0000030625 2 2 0 2 1 0 0 1 
0.0000125000 2 2 0 2 1 0 0 3 
0.0000286875 2 2 0 2 1 0 1 1 
0.0000462500 2 2 0 2 1 0 2 1 
0.0000030625 2 2 0 2 1 1 0 0 
0.0000286875 2 2 0 2 1 1 1 0 
0.0000780625 2 2 0 2 1 1 1 2 
0.0000462500 2 2 0 2 1 1 2 0 
0.0000030625 2 2 0 2 1 1 2 2 
0.0000200625 2 2 0 2 1 1 3 2 
0.0000147500 2 2 0 2 1 2 0 3 
0.0000780625 2 2 0 2 1 2 1 1 
0.0000143750 2 2 0 2 1 2 1 3 
0.0000030625 2 2 0 2 1 2 2 1 
0.0000125000 2 2 0 2 1 2 2 3 
0.0000200625 2 2 0 2 1 2 3 1 
0.0000125000 2 2 0 2 1 3 0 0 
0.0000147500 2 2 0 2 1 3 0 2 
0.0000143750 2 2 0 2 1 3 1 2 
0.0000125000 2 2 0 2 1 3 2 2 
0.0000501875 2 2 0 2 2 0 0 2 
0.0000535625 2 2 0 2 2 0 1 2 
0.0000065000 2 2 0 2 2 0 2 0 
0.0000512500 2 2 0 2 2 0 3 0 
0.0000147500 2 2 0 2 2 1 0 3 
0.0000780625 2 2 0 2 2 1 1 1 
0.0000143750 2 2 0 2 2 1 1 3 
0.0000030625 2 2 0 2 2 1 2 1 
0.0000125000 2 2 0 2 2 1 2 3 
0.0000200625 2 2 0 2 2 1 3 1 
0.0000501875 2 2 0 2 2 2 0 0 
0.0001822500 2 2 0 2 2 2 0 2 
0.0000535625 2 2 0 2 2 2 1 0 
0.0000501875 2 2 0 2 2 2 2 2 
0.0000147500 2 2 0 2 2 3 0 1 
0.0000143750 2 2 0 2 2 3 1 1 
0.0000125000 2 2 0 2 2 3 2 1 
0.0000125000 2 2 0 2 3 0 0 1 
0.0000452500 2 2 0 2 3 0 3 3 
0.0000125000 2 2 0 2 3 1 0 0 
0.0000147500 2 2 0 2 3 1 0 2 
0.0000143750 2 2 0 2 3 1 1 2 
0.0000125000 2 2 0 2 3 1 2 2 
0.0000147500 2 2 0 2 3 2 0 1 
0.0000143750 2 2 0 2 3 2 1 1 
0.0000125000 2 2 0 2 3 2 2 1 
0.0000452500 2 2 0 2 3 3 3 0 
0.0000512500 2 2 0 3 0 0 0 0 
0.0000065000 2 2 0 3 0 0 2 3 
0.0000512500 2 2 0 3 0 0 3 3 
0.0000512500 2 2 0 3 0 1 0 1 
0.0000452500 2 2 0 3 0 1 1 2 
0.0000521875 2 2 0 3 0 1 2 2 
0.0000286875 2 2 0 3 0 1 3 2 
0.0000501875 2 2 0 3 0 2 0 3 
0.0000125000 2 2 0 3 0 2 1 0 
0.0000535625 2 2 0 3 0 2 1 3 
0.0000512500 2 2 0 3 0 2 2 0 
0.0000286875 2 2 0 3 0 3 0 1 
0.0000078125 2 2 0 3 0 3 0 2 
0.0000288750 2 2 0 3 0 3 1 2 
0.0000105625 2 2 0 3 0 3 2 2 
0.0000521875 2 2 0 3 0 3 3 1 
0.0000512500 2 2 0 3 1 0 0 1 
0.0000452500 2 2 0 3 1 0 1 2 
0.0000521875 2 2 0 3 1 0 2 2 
0.0000286875 2 2 0 3 1 0 3 2 
0.0000200625 2 2 0 3 1 1 0 0 
0.0000780625 2 2 0 3 1 1 1 3 
0.0000030625 2 2 0 3 1 1 2 3 
0.0000728125 2 2 0 3 1 1 3 0 
0.0000200625 2 2 0 3 1 1 3 3 
0.0000125000 2 2 0 3 1 2 1 1 
0.0000512500 2 2 0 3 1 2 2 1 
0.0000780625 2 2 0 3 1 2 3 2 
0.0000147500 2 2 0 3 1 3 0 3 
0.0000533125 2 2 0 3 1 3 1 0 
0.0000143750 2 2 0 3 1 3 1 3 
0.0000125000 2 2 0 3 1 3 2 3 
0.0001210625 2 2 0 3 1 3 3 0 
0.0000501875 2 2 0 3 2 0 0 3 
0.0000125000 2 2 0 3 2 0 1 0 
0.0000535625 2 2 0 3 2 0 1 3 
0.0000512500 2 2 0 3 2 0 2 0 
0.0000125000 2 2 0 3 2 1 1 1 
0.0000512500 2 2 0 3 2 1 2 1 
0.0000780625 2 2 0 3 2 1 3 2 
0.0001822500 2 2 0 3 2 2 0 3 
0.0000147500 2 2 0 3 2 2 1 0 
0.0000501875 2 2 0 3 2 2 2 3 
0.0000106250 2 2 0 3 2 2 3 0 
0.0000854375 2 2 0 3 2 3 0 2 
0.0000572500 2 2 0 3 2 3 1 2 
0.0000286875 2 2 0 3 2 3 2 1 
0.0000078125 2 2 0 3 2 3 2 2 
0.0000143750 2 2 0 3 2 3 3 2 
0.0000286875 2 2 0 3 3 0 0 1 
0.0000078125 2 2 0 3 3 0 0 2 
0.0000288750 2 2 0 3 3 0 1 2 
0.0000105625 2 2 0 3 3 0 2 2 
0.0000521875 2 2 0 3 3 0 3 1 
0.0000147500 2 2 0 3 3 1 0 3 
0.0000533125 2 2 0 3 3 1 1 0 
0.0000143750 2 2 0 3 3 1 1 3 
0.0000125000 2 2 0 3 3 1 2 3 
0.0001210625 2 2 0 3 3 1 3 0 
0.0000854375 2 2 0 3 3 2 0 2 
0.0000572500 2 2 0 3 3 2 1 2 
0.0000286875 2 2 0 3 3 2 2 1 
0.0000078125 2 2 0 3 3 2 2 2 
0.0000143750 2 2 0 3 3 2 3 2 
0.0000452500 2 2 0 3 3 3 2 0 
0.0000105625 2 2 1 0 0 0 0 1 
0.0001474375 2 2 1 0 0 0 0 2 
0.0000065000 2 2 1 0 0 0 1 2 
0.0000512500 2 2 1 0 0 0 1 3 
0.0000194375 2 2 1 0 0 1 2 3 
0.0000521875 2 2 1 0 0 1 3 1 
0.0000901250 2 2 1 0 0 1 3 2 
0.0000462500 2 2 1 0 0 1 3 3 
0.0000535625 2 2 1 0 0 2 0 0 
0.0000078125 2 2 1 0 0 2 0 1 
0.0000125000 2 2 1 0 0 2 0 3 
0.0000501875 2 2 1 0 0 2 1 0 
0.0000535625 2 2 1 0 0 2 1 1 
0.0000452500 2 2 1 0 0 3 2 1 
0.0000521875 2 2 1 0 0 3 2 2 
0.0000286875 2 2 1 0 0 3 2 3 
0.0000105625 2 2 1 0 0 3 3 1 
0.0001474375 2 2 1 0 0 3 3 2 
0.0000194375 2 2 1 0 1 0 2 3 
0.0000521875 2 2 1 0 1 0 3 1 
0.0000901250 2 2 1 0 1 0 3 2 
0.0000462500 2 2 1 0 1 0 3 3 
0.0000780625 2 2 1 0 1 1 0 0 
0.0000286875 2 2 1 0 1 1 0 2 
0.0000780625 2 2 1 0 1 1 1 1 
0.0000030625 2 2 1 0 1 1 1 2 
0.0000200625 2 2 1 0 1 1 1 3 
0.0000106250 2 2 1 0 1 2 2 0 
0.0000221250 2 2 1 0 1 2 3 0 
0.0000030625 2 2 1 0 1 2 3 3 
0.0000143750 2 2 1 0 1 3 0 0 
0.0000533125 2 2 1 0 1 3 0 3 
0.0000147500 2 2 1 0 1 3 1 0 
0.0000143750 2 2 1 0 1 3 1 1 
0.0000125000 2 2 1 0 1 3 1 2 
0.0000535625 2 2 1 0 2 0 0 0 
0.0000078125 2 2 1 0 2 0 0 1 
0.0000125000 2 2 1 0 2 0 0 3 
0.0000501875 2 2 1 0 2 0 1 0 
0.0000535625 2 2 1 0 2 0 1 1 
0.0000106250 2 2 1 0 2 1 2 0 
0.0000221250 2 2 1 0 2 1 3 0 
0.0000030625 2 2 1 0 2 1 3 3 
0.0000854375 2 2 1 0 2 2 0 1 
0.0000535625 2 2 1 0 2 2 0 2 
0.0000147500 2 2 1 0 2 2 0 3 
0.0001822500 2 2 1 0 2 2 1 0 
0.0000501875 2 2 1 0 2 2 1 2 
0.0000780625 2 2 1 0 2 3 2 3 
0.0000535625 2 2 1 0 2 3 3 0 
0.0000078125 2 2 1 0 2 3 3 1 
0.0000125000 2 2 1 0 2 3 3 3 
0.0000452500 2 2 1 0 3 0 2 1 
0.0000521875 2 2 1 0 3 0 2 2 
0.0000286875 2 2 1 0 3 0 2 3 
0.0000105625 2 2 1 0 3 0 3 1 
0.0001474375 2 2 1 0 3 0 3 2 
0.0000143750 2 2 1 0 3 1 0 0 
0.0000533125 2 2 1 0 3 1 0 3 
0.0000147500 2 2 1 0 3 1 1 0 
0.0000143750 2 2 1 0 3 1 1 1 
0.0000125000 2 2 1 0 3 1 1 2 
0.0000780625 2 2 1 0 3 2 2 3 
0.0000535625 2 2 1 0 3 2 3 0 
0.0000078125 2 2 1 0 3 2 3 1 
0.0000125000 2 2 1 0 3 2 3 3 
0.0000081875 2 2 1 0 3 3 0 1 
0.0000105625 2 2 1 1 0 0 0 0 
0.0000462500 2 2 1 1 0 0 2 2 
0.0000538125 2 2 1 1 0 0 3 3 
0.0000521875 2 2 1 1 0 1 0 3 
0.0000521875 2 2 1 1 0 1 3 0 
0.0000078125 2 2 1 1 0 2 0 0 
0.0000535625 2 2 1 1 0 2 0 1 
0.0000535625 2 2 1 1 0 2 1 0 
0.0000501875 2 2 1 1 0 2 1 1 
0.0000030625 2 2 1 1 0 2 2 2 
0.0000512500 2 2 1 1 0 2 2 3 
0.0000512500 2 2 1 1 0 2 3 2 
0.0000452500 2 2 1 1 0 3 0 2 
0.0000105625 2 2 1 1 0 3 0 3 
0.0000452500 2 2 1 1 0 3 2 0 
0.0000105625 2 2 1 1 0 3 3 0 
0.0000521875 2 2 1 1 1 0 0 3 
0.0000521875 2 2 1 1 1 0 3 0 
0.0000780625 2 2 1 1 1 1 0 1 
0.0000780625 2 2 1 1 1 1 1 0 
0.0000106250 2 2 1 1 1 2 1 2 
0.0000221250 2 2 1 1 1 2 1 3 
0.0000106250 2 2 1 1 1 2 2 1 
0.0000221250 2 2 1 1 1 2 3 1 
0.0000143750 2 2 1 1 1 3 0 1 
0.0000143750 2 2 1 1 1 3 1 0 
0.0000147500 2 2 1 1 1 3 1 1 
0.0000521875 2 2 1 1 1 3 3 3 
0.0000078125 2 2 1 1 2 0 0 0 
0.0000535625 2 2 1 1 2 0 0 1 
0.0000535625 2 2 1 1 2 0 1 0 
0.0000501875 2 2 1 1 2 0 1 1 
0.0000030625 2 2 1 1 2 0 2 2 
0.0000512500 2 2 1 1 2 0 2 3 
0.0000512500 2 2 1 1 2 0 3 2 
0.0000106250 2 2 1 1 2 1 1 2 
0.0000221250 2 2 1 1 2 1 1 3 
0.0000106250 2 2 1 1 2 1 2 1 
0.0000221250 2 2 1 1 2 1 3 1 
0.0000854375 2 2 1 1 2 2 0 0 
0.0001822500 2 2 1 1 2 2 1 1 
0.0000398125 2 2 1 1 2 2 3 3 
0.0000078125 2 2 1 1 2 3 0 3 
0.0000535625 2 2 1 1 2 3 1 3 
0.0000078125 2 2 1 1 2 3 3 0 
0.0000535625 2 2 1 1 2 3 3 1 
0.0000452500 2 2 1 1 3 0 0 2 
0.0000105625 2 2 1 1 3 0 0 3 
0.0000452500 2 2 1 1 3 0 2 0 
0.0000105625 2 2 1 1 3 0 3 0 
0.0000143750 2 2 1 1 3 1 0 1 
0.0000143750 2 2 1 1 3 1 1 0 
0.0000147500 2 2 1 1 3 1 1 1 
0.0000521875 2 2 1 1 3 1 3 3 
0.0000078125 2 2 1 1 3 2 0 3 
0.0000535625 2 2 1 1 3 2 1 3 
0.0000078125 2 2 1 1 3 2 3 0 
0.0000535625 2 2 1 1 3 2 3 1 
0.0000081875 2 2 1 1 3 3 0 0 
0.0000533125 2 2 1 1 3 3 2 2 
0.0000452500 2 2 1 1 3 3 2 3 
0.0000452500 2 2 1 1 3 3 3 2 
0.0000105625 2 2 1 1 3 3 3 3 
0.0001474375 2 2 1 2 0 0 0 0 
0.0000065000 2 2 1 2 0 0 1 0 
0.0000521875 2 2 1 2 0 0 2 3 
0.0000901250 2 2 1 2 0 0 3 1 
0.0001474375 2 2 1 2 0 0 3 3 
0.0000286875 2 2 1 2 0 1 0 1 
0.0000030625 2 2 1 2 0 1 1 1 
0.0000125000 2 2 1 2 0 1 1 3 
0.0000901250 2 2 1 2 0 1 3 0 
0.0000535625 2 2 1 2 0 2 0 2 
0.0000501875 2 2 1 2 0 2 1 2 
0.0000125000 2 2 1 2 0 3 1 1 
0.0000521875 2 2 1 2 0 3 2 0 
0.0001474375 2 2 1 2 0 3 3 0 
0.0000286875 2 2 1 2 1 0 0 1 
0.0000030625 2 2 1 2 1 0 1 1 
0.0000125000 2 2 1 2 1 0 1 3 
0.0000901250 2 2 1 2 1 0 3 0 
0.0000286875 2 2 1 2 1 1 0 0 
0.0000780625 2 2 1 2 1 1 0 2 
0.0000030625 2 2 1 2 1 1 1 0 
0.0000728125 2 2 1 2 1 1 2 1 
0.0001210625 2 2 1 2 1 1 2 3 
0.0000194375 2 2 1 2 1 1 3 1 
0.0000286875 2 2 1 2 1 1 3 3 
0.0000780625 2 2 1 2 1 2 0 1 
0.0000143750 2 2 1 2 1 2 0 3 
0.0000147500 2 2 1 2 1 2 1 3 
0.0000106250 2 2 1 2 1 2 2 2 
0.0000221250 2 2 1 2 1 2 3 2 
0.0000143750 2 2 1 2 1 3 0 2 
0.0000125000 2 2 1 2 1 3 1 0 
0.0000147500 2 2 1 2 1 3 1 2 
0.0001210625 2 2 1 2 1 3 2 1 
0.0000286875 2 2 1 2 1 3 3 1 
0.0000535625 2 2 1 2 2 0 0 2 
0.0000501875 2 2 1 2 2 0 1 2 
0.0000780625 2 2 1 2 2 1 0 1 
0.0000143750 2 2 1 2 2 1 0 3 
0.0000147500 2 2 1 2 2 1 1 3 
0.0000106250 2 2 1 2 2 1 2 2 
0.0000221250 2 2 1 2 2 1 3 2 
0.0000535625 2 2 1 2 2 2 0 0 
0.0000501875 2 2 1 2 2 2 1 0 
0.0001822500 2 2 1 2 2 2 1 2 
0.0000106250 2 2 1 2 2 2 2 1 
0.0000221250 2 2 1 2 2 2 3 1 
0.0000535625 2 2 1 2 2 2 3 3 
0.0000143750 2 2 1 2 2 3 0 1 
0.0000147500 2 2 1 2 2 3 1 1 
0.0000535625 2 2 1 2 2 3 3 2 
0.0000125000 2 2 1 2 3 0 1 1 
0.0000521875 2 2 1 2 3 0 2 0 
0.0001474375 2 2 1 2 3 0 3 0 
0.0000143750 2 2 1 2 3 1 0 2 
0.0000125000 2 2 1 2 3 1 1 0 
0.0000147500 2 2 1 2 3 1 1 2 
0.0001210625 2 2 1 2 3 1 2 1 
0.0000286875 2 2 1 2 3 1 3 1 
0.0000143750 2 2 1 2 3 2 0 1 
0.0000147500 2 2 1 2 3 2 1 1 
0.0000535625 2 2 1 2 3 2 3 2 
0.0000512500 2 2 1 3 0 0 1 0 
0.0000901250 2 2 1 3 0 0 2 1 
0.0000452500 2 2 1 3 0 1 0 2 
0.0000512500 2 2 1 3 0 1 1 1 
0.0000194375 2 2 1 3 0 1 2 0 
0.0000462500 2 2 1 3 0 1 3 0 
0.0000125000 2 2 1 3 0 2 0 0 
0.0000535625 2 2 1 3 0 2 0 3 
0.0000501875 2 2 1 3 0 2 1 3 
0.0000125000 2 2 1 3 0 2 2 2 
0.0000065000 2 2 1 3 0 2 3 1 
0.0000286875 2 2 1 3 0 2 3 2 
0.0000288750 2 2 1 3 0 3 0 2 
0.0000286875 2 2 1 3 0 3 1 1 
0.0000078125 2 2 1 3 0 3 1 2 
0.0000286875 2 2 1 3 0 3 2 0 
0.0000452500 2 2 1 3 1 0 0 2 
0.0000512500 2 2 1 3 1 0 1 1 
0.0000194375 2 2 1 3 1 0 2 0 
0.0000462500 2 2 1 3 1 0 3 0 
0.0000780625 2 2 1 3 1 1 0 3 
0.0000200625 2 2 1 3 1 1 1 0 
0.0000194375 2 2 1 3 1 1 2 1 
0.0000462500 2 2 1 3 1 1 3 1 
0.0000125000 2 2 1 3 1 2 0 1 
0.0000106250 2 2 1 3 1 2 2 3 
0.0000030625 2 2 1 3 1 2 3 0 
0.0000221250 2 2 1 3 1 2 3 3 
0.0000533125 2 2 1 3 1 3 0 0 
0.0000143750 2 2 1 3 1 3 0 3 
0.0000147500 2 2 1 3 1 3 1 3 
0.0000286875 2 2 1 3 1 3 2 1 
0.0000533125 2 2 1 3 1 3 2 2 
0.0000452500 2 2 1 3 1 3 3 2 
0.0000125000 2 2 1 3 2 0 0 0 
0.0000535625 2 2 1 3 2 0 0 3 
0.0000501875 2 2 1 3 2 0 1 3 
0.0000125000 2 2 1 3 2 0 2 2 
0.0000065000 2 2 1 3 2 0 3 1 
0.0000286875 2 2 1 3 2 0 3 2 
0.0000125000 2 2 1 3 2 1 0 1 
0.0000106250 2 2 1 3 2 1 2 3 
0.0000030625 2 2 1 3 2 1 3 0 
0.0000221250 2 2 1 3 2 1 3 3 
0.0000147500 2 2 1 3 2 2 0 0 
0.0001822500 2 2 1 3 2 2 1 3 
0.0000221250 2 2 1 3 2 2 2 1 
0.0000147500 2 2 1 3 2 2 2 2 
0.0000572500 2 2 1 3 2 3 0 2 
0.0000854375 2 2 1 3 2 3 1 2 
0.0000780625 2 2 1 3 2 3 2 0 
0.0000125000 2 2 1 3 2 3 3 0 
0.0000535625 2 2 1 3 2 3 3 3 
0.0000288750 2 2 1 3 3 0 0 2 
0.0000286875 2 2 1 3 3 0 1 1 
0.0000078125 2 2 1 3 3 0 1 2 
0.0000286875 2 2 1 3 3 0 2 0 
0.0000533125 2 2 1 3 3 1 0 0 
0.0000143750 2 2 1 3 3 1 0 3 
0.0000147500 2 2 1 3 3 1 1 3 
0.0000286875 2 2 1 3 3 1 2 1 
0.0000533125 2 2 1 3 3 1 2 2 
0.0000452500 2 2 1 3 3 1 3 2 
0.0000572500 2 2 1 3 3 2 0 2 
0.0000854375 2 2 1 3 3 2 1 2 
0.0000780625 2 2 1 3 3 2 2 0 
0.0000125000 2 2 1 3 3 2 3 0 
0.0000535625 2 2 1 3 3 2 3 3 
0.0000288750 2 2 1 3 3 3 3 2 
0.0000065000 2 2 2 0 0 0 0 0 
0.0001474375 2 2 2 0 0 0 0 1 
0.0000065000 2 2 2 0 0 0 2 2 
0.0000512500 2 2 2 0 0 0 2 3 
0.0000030625 2 2 2 0 0 1 1 0 
0.0000286875 2 2 2 0 0 1 1 1 
0.0000462500 2 2 2 0 0 1 1 2 
0.0000125000 2 2 2 0 0 1 3 0 
0.0000065000 2 2 2 0 0 2 0 2 
0.0000512500 2 2 2 0 0 2 0 3 
0.0000501875 2 2 2 0 0 2 2 0 
0.0000535625 2 2 2 0 0 2 2 1 
0.0000125000 2 2 2 0 0 3 1 0 
0.0000452500 2 2 2 0 0 3 3 3 
0.0000030625 2 2 2 0 1 0 1 0 
0.0000286875 2 2 2 0 1 0 1 1 
0.0000462500 2 2 2 0 1 0 1 2 
0.0000125000 2 2 2 0 1 0 3 0 
0.0000030625 2 2 2 0 1 1 0 0 
0.0000286875 2 2 2 0 1 1 0 1 
0.0000462500 2 2 2 0 1 1 0 2 
0.0000780625 2 2 2 0 1 1 2 1 
0.0000030625 2 2 2 0 1 1 2 2 
0.0000200625 2 2 2 0 1 1 2 3 
0.0000780625 2 2 2 0 1 2 1 1 
0.0000030625 2 2 2 0 1 2 1 2 
0.0000200625 2 2 2 0 1 2 1 3 
0.0000147500 2 2 2 0 1 2 3 0 
0.0000143750 2 2 2 0 1 2 3 1 
0.0000125000 2 2 2 0 1 2 3 2 
0.0000125000 2 2 2 0 1 3 0 0 
0.0000147500 2 2 2 0 1 3 2 0 
0.0000143750 2 2 2 0 1 3 2 1 
0.0000125000 2 2 2 0 1 3 2 2 
0.0000065000 2 2 2 0 2 0 0 2 
0.0000512500 2 2 2 0 2 0 0 3 
0.0000501875 2 2 2 0 2 0 2 0 
0.0000535625 2 2 2 0 2 0 2 1 
0.0000780625 2 2 2 0 2 1 1 1 
0.0000030625 2 2 2 0 2 1 1 2 
0.0000200625 2 2 2 0 2 1 1 3 
0.0000147500 2 2 2 0 2 1 3 0 
0.0000143750 2 2 2 0 2 1 3 1 
0.0000125000 2 2 2 0 2 1 3 2 
0.0000501875 2 2 2 0 2 2 0 0 
0.0000535625 2 2 2 0 2 2 0 1 
0.0001822500 2 2 2 0 2 2 2 0 
0.0000501875 2 2 2 0 2 2 2 2 
0.0000147500 2 2 2 0 2 3 1 0 
0.0000143750 2 2 2 0 2 3 1 1 
0.0000125000 2 2 2 0 2 3 1 2 
0.0000125000 2 2 2 0 3 0 1 0 
0.0000452500 2 2 2 0 3 0 3 3 
0.0000125000 2 2 2 0 3 1 0 0 
0.0000147500 2 2 2 0 3 1 2 0 
0.0000143750 2 2 2 0 3 1 2 1 
0.0000125000 2 2 2 0 3 1 2 2 
0.0000147500 2 2 2 0 3 2 1 0 
0.0000143750 2 2 2 0 3 2 1 1 
0.0000125000 2 2 2 0 3 2 1 2 
0.0000452500 2 2 2 0 3 3 0 3 
0.0001474375 2 2 2 1 0 0 0 0 
0.0000065000 2 2 2 1 0 0 0 1 
0.0000901250 2 2 2 1 0 0 1 3 
0.0000521875 2 2 2 1 0 0 3 2 
0.0001474375 2 2 2 1 0 0 3 3 
0.0000901250 2 2 2 1 0 1 0 3 
0.0000286875 2 2 2 1 0 1 1 0 
0.0000030625 2 2 2 1 0 1 1 1 
0.0000125000 2 2 2 1 0 1 3 1 
0.0000535625 2 2 2 1 0 2 2 0 
0.0000501875 2 2 2 1 0 2 2 1 
0.0000521875 2 2 2 1 0 3 0 2 
0.0001474375 2 2 2 1 0 3 0 3 
0.0000125000 2 2 2 1 0 3 1 1 
0.0000901250 2 2 2 1 1 0 0 3 
0.0000286875 2 2 2 1 1 0 1 0 
0.0000030625 2 2 2 1 1 0 1 1 
0.0000125000 2 2 2 1 1 0 3 1 
0.0000286875 2 2 2 1 1 1 0 0 
0.0000030625 2 2 2 1 1 1 0 1 
0.0000728125 2 2 2 1 1 1 1 2 
0.0000194375 2 2 2 1 1 1 1 3 
0.0000780625 2 2 2 1 1 1 2 0 
0.0001210625 2 2 2 1 1 1 3 2 
0.0000286875 2 2 2 1 1 1 3 3 
0.0000780625 2 2 2 1 1 2 1 0 
0.0000106250 2 2 2 1 1 2 2 2 
0.0000221250 2 2 2 1 1 2 2 3 
0.0000143750 2 2 2 1 1 2 3 0 
0.0000147500 2 2 2 1 1 2 3 1 
0.0000125000 2 2 2 1 1 3 0 1 
0.0001210625 2 2 2 1 1 3 1 2 
0.0000286875 2 2 2 1 1 3 1 3 
0.0000143750 2 2 2 1 1 3 2 0 
0.0000147500 2 2 2 1 1 3 2 1 
0.0000535625 2 2 2 1 2 0 2 0 
0.0000501875 2 2 2 1 2 0 2 1 
0.0000780625 2 2 2 1 2 1 1 0 
0.0000106250 2 2 2 1 2 1 2 2 
0.0000221250 2 2 2 1 2 1 2 3 
0.0000143750 2 2 2 1 2 1 3 0 
0.0000147500 2 2 2 1 2 1 3 1 
0.0000535625 2 2 2 1 2 2 0 0 
0.0000501875 2 2 2 1 2 2 0 1 
0.0000106250 2 2 2 1 2 2 1 2 
0.0000221250 2 2 2 1 2 2 1 3 
0.0001822500 2 2 2 1 2 2 2 1 
0.0000535625 2 2 2 1 2 2 3 3 
0.0000143750 2 2 2 1 2 3 1 0 
0.0000147500 2 2 2 1 2 3 1 1 
0.0000535625 2 2 2 1 2 3 2 3 
0.0000521875 2 2 2 1 3 0 0 2 
0.0001474375 2 2 2 1 3 0 0 3 
0.0000125000 2 2 2 1 3 0 1 1 
0.0000125000 2 2 2 1 3 1 0 1 
0.0001210625 2 2 2 1 3 1 1 2 
0.0000286875 2 2 2 1 3 1 1 3 
0.0000143750 2 2 2 1 3 1 2 0 
0.0000147500 2 2 2 1 3 1 2 1 
0.0000143750 2 2 2 1 3 2 1 0 
0.0000147500 2 2 2 1 3 2 1 1 
0.0000535625 2 2 2 1 3 2 2 3 
0.0000065000 2 2 2 2 0 0 0 2 
0.0000462500 2 2 2 2 0 0 1 1 
0.0000065000 2 2 2 2 0 0 2 0 
0.0000462500 2 2 2 2 0 1 0 1 
0.0000462500 2 2 2 2 0 1 1 0 
0.0000030625 2 2 2 2 0 1 1 2 
0.0000030625 2 2 2 2 0 1 2 1 
0.0000125000 2 2 2 2 0 1 2 3 
0.0000125000 2 2 2 2 0 1 3 2 
0.0000065000 2 2 2 2 0 2 0 0 
0.0000030625 2 2 2 2 0 2 1 1 
0.0000125000 2 2 2 2 0 2 1 3 
0.0000501875 2 2 2 2 0 2 2 2 
0.0000125000 2 2 2 2 0 2 3 1 
0.0000125000 2 2 2 2 0 3 1 2 
0.0000125000 2 2 2 2 0 3 2 1 
0.0000462500 2 2 2 2 1 0 0 1 
0.0000462500 2 2 2 2 1 0 1 0 
0.0000030625 2 2 2 2 1 0 1 2 
0.0000030625 2 2 2 2 1 0 2 1 
0.0000125000 2 2 2 2 1 0 2 3 
0.0000125000 2 2 2 2 1 0 3 2 
0.0000462500 2 2 2 2 1 1 0 0 
0.0000030625 2 2 2 2 1 1 0 2 
0.0000030625 2 2 2 2 1 1 2 0 
0.0000533125 2 2 2 2 1 1 3 3 
0.0000030625 2 2 2 2 1 2 0 1 
0.0000125000 2 2 2 2 1 2 0 3 
0.0000030625 2 2 2 2 1 2 1 0 
0.0000147500 2 2 2 2 1 2 2 3 
0.0000125000 2 2 2 2 1 2 3 0 
0.0000147500 2 2 2 2 1 2 3 2 
0.0000125000 2 2 2 2 1 3 0 2 
0.0000533125 2 2 2 2 1 3 1 3 
0.0000125000 2 2 2 2 1 3 2 0 
0.0000147500 2 2 2 2 1 3 2 2 
0.0000533125 2 2 2 2 1 3 3 1 
0.0000065000 2 2 2 2 2 0 0 0 
0.0000030625 2 2 2 2 2 0 1 1 
0.0000125000 2 2 2 2 2 0 1 3 
0.0000501875 2 2 2 2 2 0 2 2 
0.0000125000 2 2 2 2 2 0 3 1 
0.0000030625 2 2 2 2 2 1 0 1 
0.0000125000 2 2 2 2 2 1 0 3 
0.0000030625 2 2 2 2 2 1 1 0 
0.0000147500 2 2 2 2 2 1 2 3 
0.0000125000 2 2 2 2 2 1 3 0 
0.0000147500 2 2 2 2 2 1 3 2 
0.0000501875 2 2 2 2 2 2 0 2 
0.0000147500 2 2 2 2 2 2 1 3 
0.0000501875 2 2 2 2 2 2 2 0 
0.0001822500 2 2 2 2 2 2 2 2 
0.0000147500 2 2 2 2 2 2 3 1 
0.0000125000 2 2 2 2 2 3 0 1 
0.0000125000 2 2 2 2 2 3 1 0 
0.0000147500 2 2 2 2 2 3 1 2 
0.0000147500 2 2 2 2 2 3 2 1 
0.0000125000 2 2 2 2 3 0 1 2 
0.0000125000 2 2 2 2 3 0 2 1 
0.0000125000 2 2 2 2 3 1 0 2 
0.0000533125 2 2 2 2 3 1 1 3 
0.0000125000 2 2 2 2 3 1 2 0 
0.0000147500 2 2 2 2 3 1 2 2 
0.0000533125 2 2 2 2 3 1 3 1 
0.0000125000 2 2 2 2 3 2 0 1 
0.0000125000 2 2 2 2 3 2 1 0 
0.0000147500 2 2 2 2 3 2 1 2 
0.0000147500 2 2 2 2 3 2 2 1 
0.0000533125 2 2 2 2 3 3 1 1 
0.0000065000 2 2 2 3 0 0 0 3 
0.0000521875 2 2 2 3 0 0 1 2 
0.0000512500 2 2 2 3 0 0 2 0 
0.0000105625 2 2 2 3 0 0 3 2 
0.0000521875 2 2 2 3 0 1 0 2 
0.0000030625 2 2 2 3 0 1 1 3 
0.0000512500 2 2 2 3 0 1 2 1 
0.0000125000 2 2 2 3 0 1 3 3 
0.0000512500 2 2 2 3 0 2 0 0 
0.0000512500 2 2 2 3 0 2 1 1 
0.0000501875 2 2 2 3 0 2 2 3 
0.0000286875 2 2 2 3 0 2 3 1 
0.0000078125 2 2 2 3 0 2 3 2 
0.0000105625 2 2 2 3 0 3 0 2 
0.0000125000 2 2 2 3 0 3 1 3 
0.0000286875 2 2 2 3 0 3 2 1 
0.0000078125 2 2 2 3 0 3 2 2 
0.0000452500 2 2 2 3 0 3 3 0 
0.0000521875 2 2 2 3 1 0 0 2 
0.0000030625 2 2 2 3 1 0 1 3 
0.0000512500 2 2 2 3 1 0 2 1 
0.0000125000 2 2 2 3 1 0 3 3 
0.0000030625 2 2 2 3 1 1 0 3 
0.0001210625 2 2 2 3 1 1 1 2 
0.0000200625 2 2 2 3 1 1 2 0 
0.0000512500 2 2 2 3 1 2 0 1 
0.0000200625 2 2 2 3 1 2 1 0 
0.0000147500 2 2 2 3 1 2 3 3 
0.0000125000 2 2 2 3 1 3 0 3 
0.0000147500 2 2 2 3 1 3 2 3 
0.0000452500 2 2 2 3 1 3 3 1 
0.0000512500 2 2 2 3 2 0 0 0 
0.0000512500 2 2 2 3 2 0 1 1 
0.0000501875 2 2 2 3 2 0 2 3 
0.0000286875 2 2 2 3 2 0 3 1 
0.0000078125 2 2 2 3 2 0 3 2 
0.0000512500 2 2 2 3 2 1 0 1 
0.0000200625 2 2 2 3 2 1 1 0 
0.0000147500 2 2 2 3 2 1 3 3 
0.0000501875 2 2 2 3 2 2 0 3 
0.0001822500 2 2 2 3 2 2 2 3 
0.0000854375 2 2 2 3 2 2 3 2 
0.0000286875 2 2 2 3 2 3 0 1 
0.0000078125 2 2 2 3 2 3 0 2 
0.0000147500 2 2 2 3 2 3 1 3 
0.0000854375 2 2 2 3 2 3 2 2 
0.0000105625 2 2 2 3 3 0 0 2 
0.0000125000 2 2 2 3 3 0 1 3 
0.0000286875 2 2 2 3 3 0 2 1 
0.0000078125 2 2 2 3 3 0 2 2 
0.0000452500 2 2 2 3 3 0 3 0 
0.0000125000 2 2 2 3 3 1 0 3 
0.0000147500 2 2 2 3 3 1 2 3 
0.0000452500 2 2 2 3 3 1 3 1 
0.0000286875 2 2 2 3 3 2 0 1 
0.0000078125 2 2 2 3 3 2 0 2 
0.0000147500 2 2 2 3 3 2 1 3 
0.0000854375 2 2 2 3 3 2 2 2 
0.0000452500 2 2 2 3 3 3 0 0 
0.0000452500 2 2 2 3 3 3 1 1 
0.0000288750 2 2 2 3 3 3 3 1 
0.0000081875 2 2 2 3 3 3 3 2 
0.0000512500 2 2 3 0 0 0 0 0 
0.0000065000 2 2 3 0 0 0 3 2 
0.0000512500 2 2 3 0 0 0 3 3 
0.0000512500 2 2 3 0 0 1 1 0 
0.0000452500 2 2 3 0 0 1 2 1 
0.0000521875 2 2 3 0 0 1 2 2 
0.0000286875 2 2 3 0 0 1 2 3 
0.0000125000 2 2 3 0 0 2 0 1 
0.0000512500 2 2 3 0 0 2 0 2 
0.0000501875 2 2 3 0 0 2 3 0 
0.0000535625 2 2 3 0 0 2 3 1 
0.0000286875 2 2 3 0 0 3 1 0 
0.0000521875 2 2 3 0 0 3 1 3 
0.0000078125 2 2 3 0 0 3 2 0 
0.0000288750 2 2 3 0 0 3 2 1 
0.0000105625 2 2 3 0 0 3 2 2 
0.0000512500 2 2 3 0 1 0 1 0 
0.0000452500 2 2 3 0 1 0 2 1 
0.0000521875 2 2 3 0 1 0 2 2 
0.0000286875 2 2 3 0 1 0 2 3 
0.0000200625 2 2 3 0 1 1 0 0 
0.0000728125 2 2 3 0 1 1 0 3 
0.0000780625 2 2 3 0 1 1 3 1 
0.0000030625 2 2 3 0 1 1 3 2 
0.0000200625 2 2 3 0 1 1 3 3 
0.0000125000 2 2 3 0 1 2 1 1 
0.0000512500 2 2 3 0 1 2 1 2 
0.0000780625 2 2 3 0 1 2 2 3 
0.0000533125 2 2 3 0 1 3 0 1 
0.0001210625 2 2 3 0 1 3 0 3 
0.0000147500 2 2 3 0 1 3 3 0 
0.0000143750 2 2 3 0 1 3 3 1 
0.0000125000 2 2 3 0 1 3 3 2 
0.0000125000 2 2 3 0 2 0 0 1 
0.0000512500 2 2 3 0 2 0 0 2 
0.0000501875 2 2 3 0 2 0 3 0 
0.0000535625 2 2 3 0 2 0 3 1 
0.0000125000 2 2 3 0 2 1 1 1 
0.0000512500 2 2 3 0 2 1 1 2 
0.0000780625 2 2 3 0 2 1 2 3 
0.0000147500 2 2 3 0 2 2 0 1 
0.0000106250 2 2 3 0 2 2 0 3 
0.0001822500 2 2 3 0 2 2 3 0 
0.0000501875 2 2 3 0 2 2 3 2 
0.0000286875 2 2 3 0 2 3 1 2 
0.0000854375 2 2 3 0 2 3 2 0 
0.0000572500 2 2 3 0 2 3 2 1 
0.0000078125 2 2 3 0 2 3 2 2 
0.0000143750 2 2 3 0 2 3 2 3 
0.0000286875 2 2 3 0 3 0 1 0 
0.0000521875 2 2 3 0 3 0 1 3 
0.0000078125 2 2 3 0 3 0 2 0 
0.0000288750 2 2 3 0 3 0 2 1 
0.0000105625 2 2 3 0 3 0 2 2 
0.0000533125 2 2 3 0 3 1 0 1 
0.0001210625 2 2 3 0 3 1 0 3 
0.0000147500 2 2 3 0 3 1 3 0 
0.0000143750 2 2 3 0 3 1 3 1 
0.0000125000 2 2 3 0 3 1 3 2 
0.0000286875 2 2 3 0 3 2 1 2 
0.0000854375 2 2 3 0 3 2 2 0 
0.0000572500 2 2 3 0 3 2 2 1 
0.0000078125 2 2 3 0 3 2 2 2 
0.0000143750 2 2 3 0 3 2 2 3 
0.0000452500 2 2 3 0 3 3 0 2 
0.0000512500 2 2 3 1 0 0 0 1 
0.0000901250 2 2 3 1 0 0 1 2 
0.0000194375 2 2 3 1 0 1 0 2 
0.0000462500 2 2 3 1 0 1 0 3 
0.0000512500 2 2 3 1 0 1 1 1 
0.0000452500 2 2 3 1 0 1 2 0 
0.0000125000 2 2 3 1 0 2 0 0 
0.0000065000 2 2 3 1 0 2 1 3 
0.0000125000 2 2 3 1 0 2 2 2 
0.0000286875 2 2 3 1 0 2 2 3 
0.0000535625 2 2 3 1 0 2 3 0 
0.0000501875 2 2 3 1 0 2 3 1 
0.0000286875 2 2 3 1 0 3 0 2 
0.0000286875 2 2 3 1 0 3 1 1 
0.0000288750 2 2 3 1 0 3 2 0 
0.0000078125 2 2 3 1 0 3 2 1 
0.0000194375 2 2 3 1 1 0 0 2 
0.0000462500 2 2 3 1 1 0 0 3 
0.0000512500 2 2 3 1 1 0 1 1 
0.0000452500 2 2 3 1 1 0 2 0 
0.0000200625 2 2 3 1 1 1 0 1 
0.0000194375 2 2 3 1 1 1 1 2 
0.0000462500 2 2 3 1 1 1 1 3 
0.0000780625 2 2 3 1 1 1 3 0 
0.0000030625 2 2 3 1 1 2 0 3 
0.0000125000 2 2 3 1 1 2 1 0 
0.0000106250 2 2 3 1 1 2 3 2 
0.0000221250 2 2 3 1 1 2 3 3 
0.0000533125 2 2 3 1 1 3 0 0 
0.0000286875 2 2 3 1 1 3 1 2 
0.0000533125 2 2 3 1 1 3 2 2 
0.0000452500 2 2 3 1 1 3 2 3 
0.0000143750 2 2 3 1 1 3 3 0 
0.0000147500 2 2 3 1 1 3 3 1 
0.0000125000 2 2 3 1 2 0 0 0 
0.0000065000 2 2 3 1 2 0 1 3 
0.0000125000 2 2 3 1 2 0 2 2 
0.0000286875 2 2 3 1 2 0 2 3 
0.0000535625 2 2 3 1 2 0 3 0 
0.0000501875 2 2 3 1 2 0 3 1 
0.0000030625 2 2 3 1 2 1 0 3 
0.0000125000 2 2 3 1 2 1 1 0 
0.0000106250 2 2 3 1 2 1 3 2 
0.0000221250 2 2 3 1 2 1 3 3 
0.0000147500 2 2 3 1 2 2 0 0 
0.0000221250 2 2 3 1 2 2 1 2 
0.0000147500 2 2 3 1 2 2 2 2 
0.0001822500 2 2 3 1 2 2 3 1 
0.0000780625 2 2 3 1 2 3 0 2 
0.0000125000 2 2 3 1 2 3 0 3 
0.0000572500 2 2 3 1 2 3 2 0 
0.0000854375 2 2 3 1 2 3 2 1 
0.0000535625 2 2 3 1 2 3 3 3 
0.0000286875 2 2 3 1 3 0 0 2 
0.0000286875 2 2 3 1 3 0 1 1 
0.0000288750 2 2 3 1 3 0 2 0 
0.0000078125 2 2 3 1 3 0 2 1 
0.0000533125 2 2 3 1 3 1 0 0 
0.0000286875 2 2 3 1 3 1 1 2 
0.0000533125 2 2 3 1 3 1 2 2 
0.0000452500 2 2 3 1 3 1 2 3 
0.0000143750 2 2 3 1 3 1 3 0 
0.0000147500 2 2 3 1 3 1 3 1 
0.0000780625 2 2 3 1 3 2 0 2 
0.0000125000 2 2 3 1 3 2 0 3 
0.0000572500 2 2 3 1 3 2 2 0 
0.0000854375 2 2 3 1 3 2 2 1 
0.0000535625 2 2 3 1 3 2 3 3 
0.0000288750 2 2 3 1 3 3 2 3 
0.0000512500 2 2 3 2 0 0 0 2 
0.0000521875 2 2 3 2 0 0 2 1 
0.0000105625 2 2 3 2 0 0 2 3 
0.0000065000 2 2 3 2 0 0 3 0 
0.0000512500 2 2 3 2 0 1 1 2 
0.0000521875 2 2 3 2 0 1 2 0 
0.0000030625 2 2 3 2 0 1 3 1 
0.0000125000 2 2 3 2 0 1 3 3 
0.0000512500 2 2 3 2 0 2 0 0 
0.0000512500 2 2 3 2 0 2 1 1 
0.0000286875 2 2 3 2 0 2 1 3 
0.0000078125 2 2 3 2 0 2 2 3 
0.0000501875 2 2 3 2 0 2 3 2 
0.0000452500 2 2 3 2 0 3 0 3 
0.0000286875 2 2 3 2 0 3 1 2 
0.0000105625 2 2 3 2 0 3 2 0 
0.0000078125 2 2 3 2 0 3 2 2 
0.0000125000 2 2 3 2 0 3 3 1 
0.0000512500 2 2 3 2 1 0 1 2 
0.0000521875 2 2 3 2 1 0 2 0 
0.0000030625 2 2 3 2 1 0 3 1 
0.0000125000 2 2 3 2 1 0 3 3 
0.0000200625 2 2 3 2 1 1 0 2 
0.0001210625 2 2 3 2 1 1 2 1 
0.0000030625 2 2 3 2 1 1 3 0 
0.0000200625 2 2 3 2 1 2 0 1 
0.0000512500 2 2 3 2 1 2 1 0 
0.0000147500 2 2 3 2 1 2 3 3 
0.0000452500 2 2 3 2 1 3 1 3 
0.0000125000 2 2 3 2 1 3 3 0 
0.0000147500 2 2 3 2 1 3 3 2 
0.0000512500 2 2 3 2 2 0 0 0 
0.0000512500 2 2 3 2 2 0 1 1 
0.0000286875 2 2 3 2 2 0 1 3 
0.0000078125 2 2 3 2 2 0 2 3 
0.0000501875 2 2 3 2 2 0 3 2 
0.0000200625 2 2 3 2 2 1 0 1 
0.0000512500 2 2 3 2 2 1 1 0 
0.0000147500 2 2 3 2 2 1 3 3 
0.0000854375 2 2 3 2 2 2 2 3 
0.0000501875 2 2 3 2 2 2 3 0 
0.0001822500 2 2 3 2 2 2 3 2 
0.0000286875 2 2 3 2 2 3 1 0 
0.0000078125 2 2 3 2 2 3 2 0 
0.0000854375 2 2 3 2 2 3 2 2 
0.0000147500 2 2 3 2 2 3 3 1 
0.0000452500 2 2 3 2 3 0 0 3 
0.0000286875 2 2 3 2 3 0 1 2 
0.0000105625 2 2 3 2 3 0 2 0 
0.0000078125 2 2 3 2 3 0 2 2 
0.0000125000 2 2 3 2 3 0 3 1 
0.0000452500 2 2 3 2 3 1 1 3 
0.0000125000 2 2 3 2 3 1 3 0 
0.0000147500 2 2 3 2 3 1 3 2 
0.0000286875 2 2 3 2 3 2 1 0 
0.0000078125 2 2 3 2 3 2 2 0 
0.0000854375 2 2 3 2 3 2 2 2 
0.0000147500 2 2 3 2 3 2 3 1 
0.0000452500 2 2 3 2 3 3 0 0 
0.0000452500 2 2 3 2 3 3 1 1 
0.0000288750 2 2 3 2 3 3 1 3 
0.0000081875 2 2 3 2 3 3 2 3 
0.0000512500 2 2 3 3 0 0 0 3 
0.0000538125 2 2 3 3 0 0 1 1 
0.0001474375 2 2 3 3 0 0 1 2 
0.0001474375 2 2 3 3 0 0 2 1 
0.0000512500 2 2 3 3 0 0 3 0 
0.0000286875 2 2 3 3 0 1 0 2 
0.0000512500 2 2 3 3 0 1 1 3 
0.0000286875 2 2 3 3 0 1 2 0 
0.0000512500 2 2 3 3 0 1 3 1 
0.0000501875 2 2 3 3 0 2 3 3 
0.0000521875 2 2 3 3 0 3 0 1 
0.0000521875 2 2 3 3 0 3 1 0 
0.0000286875 2 2 3 3 0 3 1 3 
0.0000078125 2 2 3 3 0 3 2 3 
0.0000286875 2 2 3 3 0 3 3 1 
0.0000078125 2 2 3 3 0 3 3 2 
0.0000286875 2 2 3 3 1 0 0 2 
0.0000512500 2 2 3 3 1 0 1 3 
0.0000286875 2 2 3 3 1 0 2 0 
0.0000512500 2 2 3 3 1 0 3 1 
0.0000728125 2 2 3 3 1 1 0 0 
0.0000200625 2 2 3 3 1 1 0 3 
0.0000286875 2 2 3 3 1 1 1 2 
0.0000286875 2 2 3 3 1 1 2 1 
0.0000533125 2 2 3 3 1 1 2 2 
0.0000200625 2 2 3 3 1 1 3 0 
0.0000780625 2 2 3 3 1 2 0 2 
0.0000780625 2 2 3 3 1 2 2 0 
0.0001210625 2 2 3 3 1 3 0 0 
0.0000521875 2 2 3 3 1 3 1 1 
0.0000147500 2 2 3 3 1 3 3 3 
0.0000501875 2 2 3 3 2 0 3 3 
0.0000780625 2 2 3 3 2 1 0 2 
0.0000780625 2 2 3 3 2 1 2 0 
0.0000106250 2 2 3 3 2 2 0 0 
0.0000398125 2 2 3 3 2 2 1 1 
0.0000535625 2 2 3 3 2 2 1 2 
0.0000535625 2 2 3 3 2 2 2 1 
0.0001822500 2 2 3 3 2 2 3 3 
0.0000143750 2 2 3 3 2 3 0 2 
0.0000143750 2 2 3 3 2 3 2 0 
0.0000854375 2 2 3 3 2 3 2 3 
0.0000854375 2 2 3 3 2 3 3 2 
0.0000521875 2 2 3 3 3 0 0 1 
0.0000521875 2 2 3 3 3 0 1 0 
0.0000286875 2 2 3 3 3 0 1 3 
0.0000078125 2 2 3 3 3 0 2 3 
0.0000286875 2 2 3 3 3 0 3 1 
0.0000078125 2 2 3 3 3 0 3 2 
0.0001210625 2 2 3 3 3 1 0 0 
0.0000521875 2 2 3 3 3 1 1 1 
0.0000147500 2 2 3 3 3 1 3 3 
0.0000143750 2 2 3 3 3 2 0 2 
0.0000143750 2 2 3 3 3 2 2 0 
0.0000854375 2 2 3 3 3 2 2 3 
0.0000854375 2 2 3 3 3 2 3 2 
0.0000105625 2 2 3 3 3 3 1 1 
0.0000125000 2 3 0 0 0 0 0 1 
0.0000512500 2 3 0 0 0 0 0 2 
0.0000125000 2 3 0 0 0 0 1 0 
0.0000512500 2 3 0 0 0 0 2 0 
0.0000194375 2 3 0 0 0 0 3 3 
0.0000501875 2 3 0 0 0 3 0 0 
0.0000535625 2 3 0 0 0 3 0 1 
0.0000535625 2 3 0 0 0 3 1 0 
0.0000078125 2 3 0 0 0 3 1 1 
0.0000125000 2 3 0 0 0 3 1 3 
0.0000065000 2 3 0 0 0 3 2 2 
0.0000512500 2 3 0 0 0 3 2 3 
0.0000125000 2 3 0 0 0 3 3 1 
0.0000512500 2 3 0 0 0 3 3 2 
0.0000125000 2 3 0 0 1 1 0 1 
0.0000512500 2 3 0 0 1 1 0 2 
0.0000125000 2 3 0 0 1 1 1 0 
0.0000512500 2 3 0 0 1 1 2 0 
0.0000194375 2 3 0 0 1 1 3 3 
0.0000780625 2 3 0 0 1 2 0 3 
0.0000452500 2 3 0 0 1 2 1 2 
0.0000452500 2 3 0 0 1 2 2 1 
0.0000521875 2 3 0 0 1 2 2 2 
0.0000286875 2 3 0 0 1 2 2 3 
0.0000780625 2 3 0 0 1 2 3 0 
0.0000286875 2 3 0 0 1 2 3 2 
0.0000147500 2 3 0 0 2 0 0 1 
0.0000106250 2 3 0 0 2 0 0 3 
0.0000147500 2 3 0 0 2 0 1 0 
0.0000143750 2 3 0 0 2 0 1 1 
0.0000125000 2 3 0 0 2 0 1 2 
0.0000125000 2 3 0 0 2 0 2 1 
0.0000512500 2 3 0 0 2 0 2 2 
0.0000106250 2 3 0 0 2 0 3 0 
0.0001822500 2 3 0 0 2 3 0 0 
0.0000501875 2 3 0 0 2 3 0 2 
0.0000854375 2 3 0 0 2 3 1 1 
0.0000535625 2 3 0 0 2 3 1 2 
0.0000147500 2 3 0 0 2 3 1 3 
0.0000501875 2 3 0 0 2 3 2 0 
0.0000535625 2 3 0 0 2 3 2 1 
0.0000147500 2 3 0 0 2 3 3 1 
0.0000106250 2 3 0 0 2 3 3 3 
0.0000286875 2 3 0 0 3 1 0 2 
0.0000452500 2 3 0 0 3 1 1 3 
0.0000286875 2 3 0 0 3 1 2 0 
0.0000521875 2 3 0 0 3 1 2 3 
0.0000452500 2 3 0 0 3 1 3 1 
0.0000521875 2 3 0 0 3 1 3 2 
0.0000286875 2 3 0 0 3 1 3 3 
0.0000854375 2 3 0 0 3 2 0 0 
0.0000572500 2 3 0 0 3 2 0 1 
0.0000078125 2 3 0 0 3 2 0 2 
0.0000143750 2 3 0 0 3 2 0 3 
0.0000572500 2 3 0 0 3 2 1 0 
0.0000288750 2 3 0 0 3 2 1 2 
0.0000078125 2 3 0 0 3 2 2 0 
0.0000288750 2 3 0 0 3 2 2 1 
0.0000105625 2 3 0 0 3 2 2 2 
0.0000143750 2 3 0 0 3 2 3 0 
0.0000533125 2 3 0 0 3 2 3 3 
0.0000125000 2 3 0 1 0 0 0 0 
0.0000125000 2 3 0 1 0 0 1 1 
0.0000512500 2 3 0 1 0 0 2 1 
0.0000065000 2 3 0 1 0 1 0 3 
0.0000521875 2 3 0 1 0 1 1 2 
0.0001474375 2 3 0 1 0 1 1 3 
0.0000901250 2 3 0 1 0 1 2 2 
0.0000462500 2 3 0 1 0 1 3 2 
0.0000125000 2 3 0 1 0 2 0 2 
0.0000286875 2 3 0 1 0 2 0 3 
0.0000521875 2 3 0 1 0 2 3 3 
0.0000535625 2 3 0 1 0 3 0 0 
0.0000501875 2 3 0 1 0 3 0 1 
0.0000078125 2 3 0 1 0 3 1 0 
0.0000535625 2 3 0 1 0 3 1 1 
0.0000125000 2 3 0 1 0 3 3 0 
0.0000030625 2 3 0 1 1 0 0 3 
0.0001210625 2 3 0 1 1 0 1 2 
0.0000286875 2 3 0 1 1 0 1 3 
0.0000194375 2 3 0 1 1 0 2 2 
0.0000462500 2 3 0 1 1 0 2 3 
0.0000125000 2 3 0 1 1 1 0 0 
0.0000125000 2 3 0 1 1 1 1 1 
0.0000512500 2 3 0 1 1 1 2 1 
0.0000452500 2 3 0 1 1 2 2 0 
0.0000780625 2 3 0 1 1 2 3 1 
0.0000106250 2 3 0 1 1 3 0 2 
0.0000221250 2 3 0 1 1 3 0 3 
0.0000030625 2 3 0 1 1 3 3 3 
0.0000147500 2 3 0 1 2 0 0 0 
0.0000143750 2 3 0 1 2 0 1 0 
0.0000147500 2 3 0 1 2 0 1 1 
0.0000125000 2 3 0 1 2 0 2 0 
0.0000106250 2 3 0 1 2 0 3 1 
0.0000221250 2 3 0 1 2 1 0 2 
0.0000065000 2 3 0 1 2 1 2 3 
0.0000030625 2 3 0 1 2 1 3 2 
0.0000512500 2 3 0 1 2 1 3 3 
0.0000147500 2 3 0 1 2 2 0 2 
0.0000143750 2 3 0 1 2 2 1 2 
0.0000125000 2 3 0 1 2 2 2 2 
0.0000286875 2 3 0 1 2 2 2 3 
0.0001822500 2 3 0 1 2 3 0 1 
0.0000854375 2 3 0 1 2 3 1 0 
0.0000535625 2 3 0 1 2 3 2 0 
0.0000501875 2 3 0 1 2 3 2 1 
0.0000147500 2 3 0 1 2 3 3 0 
0.0000780625 2 3 0 1 3 0 0 2 
0.0000125000 2 3 0 1 3 0 0 3 
0.0000286875 2 3 0 1 3 0 2 2 
0.0000286875 2 3 0 1 3 1 2 1 
0.0000452500 2 3 0 1 3 1 3 0 
0.0000572500 2 3 0 1 3 2 0 0 
0.0000854375 2 3 0 1 3 2 0 1 
0.0000572500 2 3 0 1 3 2 1 1 
0.0000288750 2 3 0 1 3 2 2 0 
0.0000078125 2 3 0 1 3 2 2 1 
0.0000143750 2 3 0 1 3 2 3 1 
0.0000535625 2 3 0 1 3 3 0 3 
0.0000078125 2 3 0 1 3 3 1 3 
0.0000780625 2 3 0 1 3 3 3 2 
0.0000125000 2 3 0 1 3 3 3 3 
0.0000512500 2 3 0 2 0 0 0 0 
0.0000125000 2 3 0 2 0 0 1 2 
0.0000512500 2 3 0 2 0 0 2 2 
0.0000512500 2 3 0 2 0 1 0 1 
0.0000286875 2 3 0 2 0 1 0 3 
0.0000521875 2 3 0 2 0 1 3 3 
0.0000078125 2 3 0 2 0 2 0 3 
0.0000452500 2 3 0 2 0 2 1 1 
0.0000288750 2 3 0 2 0 2 1 3 
0.0000521875 2 3 0 2 0 2 2 1 
0.0000105625 2 3 0 2 0 2 2 3 
0.0000286875 2 3 0 2 0 2 3 1 
0.0000501875 2 3 0 2 0 3 0 2 
0.0000535625 2 3 0 2 0 3 1 2 
0.0000065000 2 3 0 2 0 3 2 0 
0.0000512500 2 3 0 2 0 3 3 0 
0.0000200625 2 3 0 2 1 0 0 1 
0.0000533125 2 3 0 2 1 0 1 3 
0.0000728125 2 3 0 2 1 0 3 1 
0.0001210625 2 3 0 2 1 0 3 3 
0.0000512500 2 3 0 2 1 1 0 0 
0.0000125000 2 3 0 2 1 1 1 2 
0.0000512500 2 3 0 2 1 1 2 2 
0.0000452500 2 3 0 2 1 2 1 0 
0.0000521875 2 3 0 2 1 2 2 0 
0.0000286875 2 3 0 2 1 2 3 0 
0.0000780625 2 3 0 2 1 2 3 2 
0.0000147500 2 3 0 2 1 3 0 3 
0.0000780625 2 3 0 2 1 3 1 1 
0.0000143750 2 3 0 2 1 3 1 3 
0.0000030625 2 3 0 2 1 3 2 1 
0.0000125000 2 3 0 2 1 3 2 3 
0.0000200625 2 3 0 2 1 3 3 1 
0.0000125000 2 3 0 2 2 0 1 0 
0.0000147500 2 3 0 2 2 0 1 2 
0.0000512500 2 3 0 2 2 0 2 0 
0.0000106250 2 3 0 2 2 0 3 2 
0.0000125000 2 3 0 2 2 1 1 1 
0.0000512500 2 3 0 2 2 1 2 1 
0.0000286875 2 3 0 2 2 1 2 3 
0.0000854375 2 3 0 2 2 2 0 3 
0.0000572500 2 3 0 2 2 2 1 3 
0.0000078125 2 3 0 2 2 2 2 3 
0.0000780625 2 3 0 2 2 2 3 1 
0.0000143750 2 3 0 2 2 2 3 3 
0.0000501875 2 3 0 2 2 3 0 0 
0.0001822500 2 3 0 2 2 3 0 2 
0.0000535625 2 3 0 2 2 3 1 0 
0.0000501875 2 3 0 2 2 3 2 2 
0.0000533125 2 3 0 2 3 0 1 1 
0.0000452500 2 3 0 2 3 0 2 3 
0.0001210625 2 3 0 2 3 0 3 1 
0.0000286875 2 3 0 2 3 1 0 0 
0.0000286875 2 3 0 2 3 1 2 2 
0.0000521875 2 3 0 2 3 1 3 0 
0.0000078125 2 3 0 2 3 2 0 0 
0.0000854375 2 3 0 2 3 2 0 2 
0.0000288750 2 3 0 2 3 2 1 0 
0.0000572500 2 3 0 2 3 2 1 2 
0.0000105625 2 3 0 2 3 2 2 0 
0.0000078125 2 3 0 2 3 2 2 2 
0.0000143750 2 3 0 2 3 2 3 2 
0.0000147500 2 3 0 2 3 3 0 1 
0.0000143750 2 3 0 2 3 3 1 1 
0.0000125000 2 3 0 2 3 3 2 1 
0.0000125000 2 3 0 3 0 0 1 3 
0.0000512500 2 3 0 3 0 0 2 3 
0.0000194375 2 3 0 3 0 0 3 0 
0.0000105625 2 3 0 3 0 1 1 2 
0.0000538125 2 3 0 3 0 1 2 1 
0.0001474375 2 3 0 3 0 1 2 2 
0.0000901250 2 3 0 3 0 1 3 1 
0.0000105625 2 3 0 3 0 2 1 1 
0.0001474375 2 3 0 3 0 2 2 1 
0.0000452500 2 3 0 3 0 2 3 2 
0.0000501875 2 3 0 3 0 3 0 3 
0.0000125000 2 3 0 3 0 3 1 0 
0.0000535625 2 3 0 3 0 3 1 3 
0.0000512500 2 3 0 3 0 3 2 0 
0.0000780625 2 3 0 3 1 0 0 2 
0.0000286875 2 3 0 3 1 0 2 2 
0.0000194375 2 3 0 3 1 0 3 1 
0.0000125000 2 3 0 3 1 1 1 3 
0.0000512500 2 3 0 3 1 1 2 3 
0.0000194375 2 3 0 3 1 1 3 0 
0.0000780625 2 3 0 3 1 2 0 0 
0.0000286875 2 3 0 3 1 2 2 0 
0.0000780625 2 3 0 3 1 2 3 3 
0.0000125000 2 3 0 3 1 3 1 1 
0.0000512500 2 3 0 3 1 3 2 1 
0.0000780625 2 3 0 3 1 3 3 2 
0.0000106250 2 3 0 3 2 0 0 0 
0.0000147500 2 3 0 3 2 0 1 3 
0.0000106250 2 3 0 3 2 0 3 3 
0.0000398125 2 3 0 3 2 1 0 1 
0.0000535625 2 3 0 3 2 1 0 2 
0.0000286875 2 3 0 3 2 1 1 1 
0.0000078125 2 3 0 3 2 1 1 2 
0.0000125000 2 3 0 3 2 1 3 2 
0.0000535625 2 3 0 3 2 2 0 1 
0.0000078125 2 3 0 3 2 2 1 1 
0.0000125000 2 3 0 3 2 2 3 1 
0.0001822500 2 3 0 3 2 3 0 3 
0.0000147500 2 3 0 3 2 3 1 0 
0.0000501875 2 3 0 3 2 3 2 3 
0.0000106250 2 3 0 3 2 3 3 0 
0.0000143750 2 3 0 3 3 0 0 2 
0.0000452500 2 3 0 3 3 0 1 1 
0.0000521875 2 3 0 3 3 0 2 1 
0.0000286875 2 3 0 3 3 0 3 1 
0.0000533125 2 3 0 3 3 0 3 2 
0.0000452500 2 3 0 3 3 1 1 0 
0.0000521875 2 3 0 3 3 1 2 0 
0.0000286875 2 3 0 3 3 1 2 3 
0.0000286875 2 3 0 3 3 1 3 0 
0.0000143750 2 3 0 3 3 2 0 0 
0.0000854375 2 3 0 3 3 2 0 3 
0.0000572500 2 3 0 3 3 2 1 3 
0.0000078125 2 3 0 3 3 2 2 3 
0.0000533125 2 3 0 3 3 2 3 0 
0.0000143750 2 3 0 3 3 2 3 3 
0.0000854375 2 3 0 3 3 3 0 2 
0.0000572500 2 3 0 3 3 3 1 2 
0.0000286875 2 3 0 3 3 3 2 1 
0.0000078125 2 3 0 3 3 3 2 2 
0.0000143750 2 3 0 3 3 3 3 2 
0.0000125000 2 3 1 0 0 0 0 0 
0.0000125000 2 3 1 0 0 0 1 1 
0.0000512500 2 3 1 0 0 0 1 2 
0.0000521875 2 3 1 0 0 1 2 1 
0.0000901250 2 3 1 0 0 1 2 2 
0.0000462500 2 3 1 0 0 1 2 3 
0.0000065000 2 3 1 0 0 1 3 0 
0.0001474375 2 3 1 0 0 1 3 1 
0.0000125000 2 3 1 0 0 2 2 0 
0.0000286875 2 3 1 0 0 2 3 0 
0.0000521875 2 3 1 0 0 2 3 3 
0.0000535625 2 3 1 0 0 3 0 0 
0.0000078125 2 3 1 0 0 3 0 1 
0.0000125000 2 3 1 0 0 3 0 3 
0.0000501875 2 3 1 0 0 3 1 0 
0.0000535625 2 3 1 0 0 3 1 1 
0.0001210625 2 3 1 0 1 0 2 1 
0.0000194375 2 3 1 0 1 0 2 2 
0.0000030625 2 3 1 0 1 0 3 0 
0.0000286875 2 3 1 0 1 0 3 1 
0.0000462500 2 3 1 0 1 0 3 2 
0.0000125000 2 3 1 0 1 1 0 0 
0.0000125000 2 3 1 0 1 1 1 1 
0.0000512500 2 3 1 0 1 1 1 2 
0.0000452500 2 3 1 0 1 2 0 2 
0.0000780625 2 3 1 0 1 2 1 3 
0.0000106250 2 3 1 0 1 3 2 0 
0.0000221250 2 3 1 0 1 3 3 0 
0.0000030625 2 3 1 0 1 3 3 3 
0.0000147500 2 3 1 0 2 0 0 0 
0.0000143750 2 3 1 0 2 0 0 1 
0.0000125000 2 3 1 0 2 0 0 2 
0.0000147500 2 3 1 0 2 0 1 1 
0.0000106250 2 3 1 0 2 0 1 3 
0.0000221250 2 3 1 0 2 1 2 0 
0.0000030625 2 3 1 0 2 1 2 3 
0.0000065000 2 3 1 0 2 1 3 2 
0.0000512500 2 3 1 0 2 1 3 3 
0.0000147500 2 3 1 0 2 2 2 0 
0.0000143750 2 3 1 0 2 2 2 1 
0.0000125000 2 3 1 0 2 2 2 2 
0.0000286875 2 3 1 0 2 2 3 2 
0.0000854375 2 3 1 0 2 3 0 1 
0.0000535625 2 3 1 0 2 3 0 2 
0.0000147500 2 3 1 0 2 3 0 3 
0.0001822500 2 3 1 0 2 3 1 0 
0.0000501875 2 3 1 0 2 3 1 2 
0.0000780625 2 3 1 0 3 0 2 0 
0.0000286875 2 3 1 0 3 0 2 2 
0.0000125000 2 3 1 0 3 0 3 0 
0.0000452500 2 3 1 0 3 1 0 3 
0.0000286875 2 3 1 0 3 1 1 2 
0.0000572500 2 3 1 0 3 2 0 0 
0.0000288750 2 3 1 0 3 2 0 2 
0.0000854375 2 3 1 0 3 2 1 0 
0.0000572500 2 3 1 0 3 2 1 1 
0.0000078125 2 3 1 0 3 2 1 2 
0.0000143750 2 3 1 0 3 2 1 3 
0.0000780625 2 3 1 0 3 3 2 3 
0.0000535625 2 3 1 0 3 3 3 0 
0.0000078125 2 3 1 0 3 3 3 1 
0.0000125000 2 3 1 0 3 3 3 3 
0.0000125000 2 3 1 1 0 0 0 1 
0.0000125000 2 3 1 1 0 0 1 0 
0.0000901250 2 3 1 1 0 0 3 3 
0.0000521875 2 3 1 1 0 1 0 2 
0.0001474375 2 3 1 1 0 1 0 3 
0.0000065000 2 3 1 1 0 1 1 3 
0.0000521875 2 3 1 1 0 1 2 0 
0.0001474375 2 3 1 1 0 1 3 0 
0.0000065000 2 3 1 1 0 1 3 1 
0.0000125000 2 3 1 1 0 2 1 2 
0.0000286875 2 3 1 1 0 2 1 3 
0.0000125000 2 3 1 1 0 2 2 1 
0.0000286875 2 3 1 1 0 2 3 1 
0.0000078125 2 3 1 1 0 3 0 0 
0.0000535625 2 3 1 1 0 3 0 1 
0.0000535625 2 3 1 1 0 3 1 0 
0.0000501875 2 3 1 1 0 3 1 1 
0.0000030625 2 3 1 1 0 3 2 2 
0.0000512500 2 3 1 1 0 3 2 3 
0.0000512500 2 3 1 1 0 3 3 2 
0.0001210625 2 3 1 1 1 0 0 2 
0.0000286875 2 3 1 1 1 0 0 3 
0.0000030625 2 3 1 1 1 0 1 3 
0.0001210625 2 3 1 1 1 0 2 0 
0.0000286875 2 3 1 1 1 0 3 0 
0.0000030625 2 3 1 1 1 0 3 1 
0.0000125000 2 3 1 1 1 1 0 1 
0.0000125000 2 3 1 1 1 1 1 0 
0.0000901250 2 3 1 1 1 1 3 3 
0.0001210625 2 3 1 1 1 2 2 2 
0.0000286875 2 3 1 1 1 2 2 3 
0.0000286875 2 3 1 1 1 2 3 2 
0.0000106250 2 3 1 1 1 3 1 2 
0.0000221250 2 3 1 1 1 3 1 3 
0.0000106250 2 3 1 1 1 3 2 1 
0.0000221250 2 3 1 1 1 3 3 1 
0.0000143750 2 3 1 1 2 0 0 0 
0.0000147500 2 3 1 1 2 0 0 1 
0.0000147500 2 3 1 1 2 0 1 0 
0.0000200625 2 3 1 1 2 0 2 2 
0.0000221250 2 3 1 1 2 1 1 2 
0.0000221250 2 3 1 1 2 1 2 1 
0.0000143750 2 3 1 1 2 2 0 2 
0.0000147500 2 3 1 1 2 2 1 2 
0.0000143750 2 3 1 1 2 2 2 0 
0.0000147500 2 3 1 1 2 2 2 1 
0.0000854375 2 3 1 1 2 3 0 0 
0.0001822500 2 3 1 1 2 3 1 1 
0.0000398125 2 3 1 1 2 3 3 3 
0.0000780625 2 3 1 1 3 0 1 2 
0.0000125000 2 3 1 1 3 0 1 3 
0.0000780625 2 3 1 1 3 0 2 1 
0.0000125000 2 3 1 1 3 0 3 1 
0.0000521875 2 3 1 1 3 1 2 3 
0.0000521875 2 3 1 1 3 1 3 2 
0.0001474375 2 3 1 1 3 1 3 3 
0.0000572500 2 3 1 1 3 2 0 1 
0.0000572500 2 3 1 1 3 2 1 0 
0.0000854375 2 3 1 1 3 2 1 1 
0.0000078125 2 3 1 1 3 3 0 3 
0.0000535625 2 3 1 1 3 3 1 3 
0.0000078125 2 3 1 1 3 3 3 0 
0.0000535625 2 3 1 1 3 3 3 1 
0.0000125000 2 3 1 2 0 0 0 2 
0.0000512500 2 3 1 2 0 0 1 0 
0.0000194375 2 3 1 2 0 0 2 1 
0.0000286875 2 3 1 2 0 0 2 3 
0.0000462500 2 3 1 2 0 0 3 1 
0.0000512500 2 3 1 2 0 1 1 1 
0.0000286875 2 3 1 2 0 1 1 3 
0.0000901250 2 3 1 2 0 1 2 0 
0.0000065000 2 3 1 2 0 1 3 2 
0.0000452500 2 3 1 2 0 2 0 1 
0.0000288750 2 3 1 2 0 2 0 3 
0.0000078125 2 3 1 2 0 2 1 3 
0.0000125000 2 3 1 2 0 2 2 2 
0.0000286875 2 3 1 2 0 2 3 2 
0.0000535625 2 3 1 2 0 3 0 2 
0.0000501875 2 3 1 2 0 3 1 2 
0.0000533125 2 3 1 2 1 0 0 3 
0.0000200625 2 3 1 2 1 0 1 1 
0.0000194375 2 3 1 2 1 0 2 0 
0.0000462500 2 3 1 2 1 0 3 0 
0.0000030625 2 3 1 2 1 0 3 2 
0.0000125000 2 3 1 2 1 1 0 2 
0.0000512500 2 3 1 2 1 1 1 0 
0.0000194375 2 3 1 2 1 1 2 1 
0.0000286875 2 3 1 2 1 1 2 3 
0.0000462500 2 3 1 2 1 1 3 1 
0.0000452500 2 3 1 2 1 2 0 0 
0.0000533125 2 3 1 2 1 2 2 3 
0.0000452500 2 3 1 2 1 2 3 3 
0.0000780625 2 3 1 2 1 3 0 1 
0.0000143750 2 3 1 2 1 3 0 3 
0.0000147500 2 3 1 2 1 3 1 3 
0.0000106250 2 3 1 2 1 3 2 2 
0.0000221250 2 3 1 2 1 3 3 2 
0.0000125000 2 3 1 2 2 0 0 0 
0.0000147500 2 3 1 2 2 0 0 2 
0.0000780625 2 3 1 2 2 0 2 3 
0.0000030625 2 3 1 2 2 0 3 1 
0.0000125000 2 3 1 2 2 0 3 3 
0.0000125000 2 3 1 2 2 1 0 1 
0.0000221250 2 3 1 2 2 1 2 2 
0.0000065000 2 3 1 2 2 1 3 0 
0.0000572500 2 3 1 2 2 2 0 3 
0.0000854375 2 3 1 2 2 2 1 3 
0.0000125000 2 3 1 2 2 2 2 0 
0.0000147500 2 3 1 2 2 2 2 2 
0.0000286875 2 3 1 2 2 2 3 0 
0.0000535625 2 3 1 2 2 3 0 0 
0.0000501875 2 3 1 2 2 3 1 0 
0.0001822500 2 3 1 2 2 3 1 2 
0.0000106250 2 3 1 2 2 3 2 1 
0.0000221250 2 3 1 2 2 3 3 1 
0.0000535625 2 3 1 2 2 3 3 3 
0.0000533125 2 3 1 2 3 0 0 1 
0.0000286875 2 3 1 2 3 0 2 0 
0.0000780625 2 3 1 2 3 0 2 2 
0.0000125000 2 3 1 2 3 0 3 2 
0.0000286875 2 3 1 2 3 1 1 0 
0.0000286875 2 3 1 2 3 1 2 1 
0.0000288750 2 3 1 2 3 2 0 0 
0.0000572500 2 3 1 2 3 2 0 2 
0.0000078125 2 3 1 2 3 2 1 0 
0.0000854375 2 3 1 2 3 2 1 2 
0.0000533125 2 3 1 2 3 2 2 1 
0.0000452500 2 3 1 2 3 2 3 1 
0.0000288750 2 3 1 2 3 2 3 3 
0.0000143750 2 3 1 2 3 3 0 1 
0.0000147500 2 3 1 2 3 3 1 1 
0.0000535625 2 3 1 2 3 3 3 2 
0.0000125000 2 3 1 3 0 0 0 3 
0.0000462500 2 3 1 3 0 0 2 1 
0.0000521875 2 3 1 3 0 0 3 2 
0.0000105625 2 3 1 3 0 1 0 2 
0.0000462500 2 3 1 3 0 1 2 0 
0.0000065000 2 3 1 3 0 1 3 3 
0.0000105625 2 3 1 3 0 2 0 1 
0.0000125000 2 3 1 3 0 2 2 3 
0.0000521875 2 3 1 3 0 2 3 0 
0.0000286875 2 3 1 3 0 2 3 3 
0.0000125000 2 3 1 3 0 3 0 0 
0.0000535625 2 3 1 3 0 3 0 3 
0.0000501875 2 3 1 3 0 3 1 3 
0.0000125000 2 3 1 3 0 3 2 2 
0.0000065000 2 3 1 3 0 3 3 1 
0.0000286875 2 3 1 3 0 3 3 2 
0.0000780625 2 3 1 3 1 0 1 2 
0.0000030625 2 3 1 3 1 0 3 3 
0.0000125000 2 3 1 3 1 1 0 3 
0.0000462500 2 3 1 3 1 1 2 1 
0.0000521875 2 3 1 3 1 1 3 2 
0.0000780625 2 3 1 3 1 2 1 0 
0.0000521875 2 3 1 3 1 2 3 1 
0.0000125000 2 3 1 3 1 3 0 1 
0.0000106250 2 3 1 3 1 3 2 3 
0.0000030625 2 3 1 3 1 3 3 0 
0.0000221250 2 3 1 3 1 3 3 3 
0.0000147500 2 3 1 3 2 0 0 3 
0.0000106250 2 3 1 3 2 0 1 0 
0.0000030625 2 3 1 3 2 0 2 1 
0.0000512500 2 3 1 3 2 0 3 1 
0.0000286875 2 3 1 3 2 1 0 1 
0.0000078125 2 3 1 3 2 1 0 2 
0.0000398125 2 3 1 3 2 1 1 1 
0.0000535625 2 3 1 3 2 1 1 2 
0.0000030625 2 3 1 3 2 1 2 0 
0.0000221250 2 3 1 3 2 1 2 3 
0.0000512500 2 3 1 3 2 1 3 0 
0.0000078125 2 3 1 3 2 2 0 1 
0.0000535625 2 3 1 3 2 2 1 1 
0.0000147500 2 3 1 3 2 2 2 3 
0.0000147500 2 3 1 3 2 3 0 0 
0.0001822500 2 3 1 3 2 3 1 3 
0.0000221250 2 3 1 3 2 3 2 1 
0.0000147500 2 3 1 3 2 3 2 2 
0.0000452500 2 3 1 3 3 0 0 1 
0.0000143750 2 3 1 3 3 0 1 2 
0.0000780625 2 3 1 3 3 0 2 3 
0.0000125000 2 3 1 3 3 0 3 3 
0.0000452500 2 3 1 3 3 1 0 0 
0.0000452500 2 3 1 3 3 1 2 2 
0.0000105625 2 3 1 3 3 1 3 2 
0.0000572500 2 3 1 3 3 2 0 3 
0.0000143750 2 3 1 3 3 2 1 0 
0.0000854375 2 3 1 3 3 2 1 3 
0.0000452500 2 3 1 3 3 2 2 1 
0.0000105625 2 3 1 3 3 2 3 1 
0.0000572500 2 3 1 3 3 3 0 2 
0.0000854375 2 3 1 3 3 3 1 2 
0.0000780625 2 3 1 3 3 3 2 0 
0.0000125000 2 3 1 3 3 3 3 0 
0.0000535625 2 3 1 3 3 3 3 3 
0.0000512500 2 3 2 0 0 0 0 0 
0.0000125000 2 3 2 0 0 0 2 1 
0.0000512500 2 3 2 0 0 0 2 2 
0.0000512500 2 3 2 0 0 1 1 0 
0.0000286875 2 3 2 0 0 1 3 0 
0.0000521875 2 3 2 0 0 1 3 3 
0.0000452500 2 3 2 0 0 2 1 1 
0.0000521875 2 3 2 0 0 2 1 2 
0.0000286875 2 3 2 0 0 2 1 3 
0.0000078125 2 3 2 0 0 2 3 0 
0.0000288750 2 3 2 0 0 2 3 1 
0.0000105625 2 3 2 0 0 2 3 2 
0.0000065000 2 3 2 0 0 3 0 2 
0.0000512500 2 3 2 0 0 3 0 3 
0.0000501875 2 3 2 0 0 3 2 0 
0.0000535625 2 3 2 0 0 3 2 1 
0.0000200625 2 3 2 0 1 0 1 0 
0.0000728125 2 3 2 0 1 0 1 3 
0.0000533125 2 3 2 0 1 0 3 1 
0.0001210625 2 3 2 0 1 0 3 3 
0.0000512500 2 3 2 0 1 1 0 0 
0.0000125000 2 3 2 0 1 1 2 1 
0.0000512500 2 3 2 0 1 1 2 2 
0.0000452500 2 3 2 0 1 2 0 1 
0.0000521875 2 3 2 0 1 2 0 2 
0.0000286875 2 3 2 0 1 2 0 3 
0.0000780625 2 3 2 0 1 2 2 3 
0.0000780625 2 3 2 0 1 3 1 1 
0.0000030625 2 3 2 0 1 3 1 2 
0.0000200625 2 3 2 0 1 3 1 3 
0.0000147500 2 3 2 0 1 3 3 0 
0.0000143750 2 3 2 0 1 3 3 1 
0.0000125000 2 3 2 0 1 3 3 2 
0.0000125000 2 3 2 0 2 0 0 1 
0.0000512500 2 3 2 0 2 0 0 2 
0.0000147500 2 3 2 0 2 0 2 1 
0.0000106250 2 3 2 0 2 0 2 3 
0.0000125000 2 3 2 0 2 1 1 1 
0.0000512500 2 3 2 0 2 1 1 2 
0.0000286875 2 3 2 0 2 1 3 2 
0.0000780625 2 3 2 0 2 2 1 3 
0.0000854375 2 3 2 0 2 2 3 0 
0.0000572500 2 3 2 0 2 2 3 1 
0.0000078125 2 3 2 0 2 2 3 2 
0.0000143750 2 3 2 0 2 2 3 3 
0.0000501875 2 3 2 0 2 3 0 0 
0.0000535625 2 3 2 0 2 3 0 1 
0.0001822500 2 3 2 0 2 3 2 0 
0.0000501875 2 3 2 0 2 3 2 2 
0.0000533125 2 3 2 0 3 0 1 1 
0.0001210625 2 3 2 0 3 0 1 3 
0.0000452500 2 3 2 0 3 0 3 2 
0.0000286875 2 3 2 0 3 1 0 0 
0.0000521875 2 3 2 0 3 1 0 3 
0.0000286875 2 3 2 0 3 1 2 2 
0.0000078125 2 3 2 0 3 2 0 0 
0.0000288750 2 3 2 0 3 2 0 1 
0.0000105625 2 3 2 0 3 2 0 2 
0.0000854375 2 3 2 0 3 2 2 0 
0.0000572500 2 3 2 0 3 2 2 1 
0.0000078125 2 3 2 0 3 2 2 2 
0.0000143750 2 3 2 0 3 2 2 3 
0.0000147500 2 3 2 0 3 3 1 0 
0.0000143750 2 3 2 0 3 3 1 1 
0.0000125000 2 3 2 0 3 3 1 2 
0.0000512500 2 3 2 1 0 0 0 1 
0.0000194375 2 3 2 1 0 0 1 2 
0.0000462500 2 3 2 1 0 0 1 3 
0.0000125000 2 3 2 1 0 0 2 0 
0.0000286875 2 3 2 1 0 0 3 2 
0.0000901250 2 3 2 1 0 1 0 2 
0.0000512500 2 3 2 1 0 1 1 1 
0.0000065000 2 3 2 1 0 1 2 3 
0.0000286875 2 3 2 1 0 1 3 1 
0.0000452500 2 3 2 1 0 2 1 0 
0.0000125000 2 3 2 1 0 2 2 2 
0.0000286875 2 3 2 1 0 2 2 3 
0.0000288750 2 3 2 1 0 2 3 0 
0.0000078125 2 3 2 1 0 2 3 1 
0.0000535625 2 3 2 1 0 3 2 0 
0.0000501875 2 3 2 1 0 3 2 1 
0.0000194375 2 3 2 1 1 0 0 2 
0.0000462500 2 3 2 1 1 0 0 3 
0.0000200625 2 3 2 1 1 0 1 1 
0.0000030625 2 3 2 1 1 0 2 3 
0.0000533125 2 3 2 1 1 0 3 0 
0.0000512500 2 3 2 1 1 1 0 1 
0.0000194375 2 3 2 1 1 1 1 2 
0.0000462500 2 3 2 1 1 1 1 3 
0.0000125000 2 3 2 1 1 1 2 0 
0.0000286875 2 3 2 1 1 1 3 2 
0.0000452500 2 3 2 1 1 2 0 0 
0.0000533125 2 3 2 1 1 2 3 2 
0.0000452500 2 3 2 1 1 2 3 3 
0.0000780625 2 3 2 1 1 3 1 0 
0.0000106250 2 3 2 1 1 3 2 2 
0.0000221250 2 3 2 1 1 3 2 3 
0.0000143750 2 3 2 1 1 3 3 0 
0.0000147500 2 3 2 1 1 3 3 1 
0.0000125000 2 3 2 1 2 0 0 0 
0.0000030625 2 3 2 1 2 0 1 3 
0.0000147500 2 3 2 1 2 0 2 0 
0.0000780625 2 3 2 1 2 0 3 2 
0.0000125000 2 3 2 1 2 0 3 3 
0.0000065000 2 3 2 1 2 1 0 3 
0.0000125000 2 3 2 1 2 1 1 0 
0.0000221250 2 3 2 1 2 1 2 2 
0.0000125000 2 3 2 1 2 2 0 2 
0.0000286875 2 3 2 1 2 2 0 3 
0.0000147500 2 3 2 1 2 2 2 2 
0.0000572500 2 3 2 1 2 2 3 0 
0.0000854375 2 3 2 1 2 2 3 1 
0.0000535625 2 3 2 1 2 3 0 0 
0.0000501875 2 3 2 1 2 3 0 1 
0.0000106250 2 3 2 1 2 3 1 2 
0.0000221250 2 3 2 1 2 3 1 3 
0.0001822500 2 3 2 1 2 3 2 1 
0.0000535625 2 3 2 1 2 3 3 3 
0.0000286875 2 3 2 1 3 0 0 2 
0.0000533125 2 3 2 1 3 0 1 0 
0.0000780625 2 3 2 1 3 0 2 2 
0.0000125000 2 3 2 1 3 0 2 3 
0.0000286875 2 3 2 1 3 1 0 1 
0.0000286875 2 3 2 1 3 1 1 2 
0.0000288750 2 3 2 1 3 2 0 0 
0.0000078125 2 3 2 1 3 2 0 1 
0.0000533125 2 3 2 1 3 2 1 2 
0.0000452500 2 3 2 1 3 2 1 3 
0.0000572500 2 3 2 1 3 2 2 0 
0.0000854375 2 3 2 1 3 2 2 1 
0.0000288750 2 3 2 1 3 2 3 3 
0.0000143750 2 3 2 1 3 3 1 0 
0.0000147500 2 3 2 1 3 3 1 1 
0.0000535625 2 3 2 1 3 3 2 3 
0.0000512500 2 3 2 2 0 0 0 2 
0.0000512500 2 3 2 2 0 0 2 0 
0.0000452500 2 3 2 2 0 0 3 3 
0.0000512500 2 3 2 2 0 1 1 2 
0.0000512500 2 3 2 2 0 1 2 1 
0.0000286875 2 3 2 2 0 1 2 3 
0.0000286875 2 3 2 2 0 1 3 2 
0.0000521875 2 3 2 2 0 2 0 1 
0.0000105625 2 3 2 2 0 2 0 3 
0.0000521875 2 3 2 2 0 2 1 0 
0.0000078125 2 3 2 2 0 2 2 3 
0.0000105625 2 3 2 2 0 2 3 0 
0.0000078125 2 3 2 2 0 2 3 2 
0.0000065000 2 3 2 2 0 3 0 0 
0.0000030625 2 3 2 2 0 3 1 1 
0.0000125000 2 3 2 2 0 3 1 3 
0.0000501875 2 3 2 2 0 3 2 2 
0.0000125000 2 3 2 2 0 3 3 1 
0.0000200625 2 3 2 2 1 0 1 2 
0.0000200625 2 3 2 2 1 0 2 1 
0.0000512500 2 3 2 2 1 1 0 2 
0.0000512500 2 3 2 2 1 1 2 0 
0.0000452500 2 3 2 2 1 1 3 3 
0.0000521875 2 3 2 2 1 2 0 0 
0.0001210625 2 3 2 2 1 2 1 1 
0.0000030625 2 3 2 2 1 3 0 1 
0.0000125000 2 3 2 2 1 3 0 3 
0.0000030625 2 3 2 2 1 3 1 0 
0.0000147500 2 3 2 2 1 3 2 3 
0.0000125000 2 3 2 2 1 3 3 0 
0.0000147500 2 3 2 2 1 3 3 2 
0.0000512500 2 3 2 2 2 0 0 0 
0.0000200625 2 3 2 2 2 0 1 1 
0.0000512500 2 3 2 2 2 1 0 1 
0.0000286875 2 3 2 2 2 1 0 3 
0.0000512500 2 3 2 2 2 1 1 0 
0.0000286875 2 3 2 2 2 1 3 0 
0.0000078125 2 3 2 2 2 2 0 3 
0.0000854375 2 3 2 2 2 2 2 3 
0.0000078125 2 3 2 2 2 2 3 0 
0.0000854375 2 3 2 2 2 2 3 2 
0.0000501875 2 3 2 2 2 3 0 2 
0.0000147500 2 3 2 2 2 3 1 3 
0.0000501875 2 3 2 2 2 3 2 0 
0.0001822500 2 3 2 2 2 3 2 2 
0.0000147500 2 3 2 2 2 3 3 1 
0.0000452500 2 3 2 2 3 0 0 3 
0.0000452500 2 3 2 2 3 0 3 0 
0.0000286875 2 3 2 2 3 1 0 2 
0.0000452500 2 3 2 2 3 1 1 3 
0.0000286875 2 3 2 2 3 1 2 0 
0.0000452500 2 3 2 2 3 1 3 1 
0.0000288750 2 3 2 2 3 1 3 3 
0.0000105625 2 3 2 2 3 2 0 0 
0.0000078125 2 3 2 2 3 2 0 2 
0.0000078125 2 3 2 2 3 2 2 0 
0.0000854375 2 3 2 2 3 2 2 2 
0.0000081875 2 3 2 2 3 2 3 3 
0.0000125000 2 3 2 2 3 3 0 1 
0.0000125000 2 3 2 2 3 3 1 0 
0.0000147500 2 3 2 2 3 3 1 2 
0.0000147500 2 3 2 2 3 3 2 1 
0.0000512500 2 3 2 3 0 0 0 3 
0.0000286875 2 3 2 3 0 0 1 2 
0.0000521875 2 3 2 3 0 0 3 1 
0.0000538125 2 3 2 3 0 1 0 1 
0.0001474375 2 3 2 3 0 1 0 2 
0.0000512500 2 3 2 3 0 1 1 3 
0.0000521875 2 3 2 3 0 1 3 0 
0.0000286875 2 3 2 3 0 1 3 3 
0.0001474375 2 3 2 3 0 2 0 1 
0.0000286875 2 3 2 3 0 2 1 0 
0.0000078125 2 3 2 3 0 2 3 3 
0.0000512500 2 3 2 3 0 3 0 0 
0.0000512500 2 3 2 3 0 3 1 1 
0.0000501875 2 3 2 3 0 3 2 3 
0.0000286875 2 3 2 3 0 3 3 1 
0.0000078125 2 3 2 3 0 3 3 2 
0.0000286875 2 3 2 3 1 0 0 2 
0.0000728125 2 3 2 3 1 0 1 0 
0.0000200625 2 3 2 3 1 0 1 3 
0.0000780625 2 3 2 3 1 0 2 2 
0.0001210625 2 3 2 3 1 0 3 0 
0.0000512500 2 3 2 3 1 1 0 3 
0.0000286875 2 3 2 3 1 1 1 2 
0.0000521875 2 3 2 3 1 1 3 1 
0.0000286875 2 3 2 3 1 2 0 0 
0.0000286875 2 3 2 3 1 2 1 1 
0.0000533125 2 3 2 3 1 2 1 2 
0.0000780625 2 3 2 3 1 2 2 0 
0.0000512500 2 3 2 3 1 3 0 1 
0.0000200625 2 3 2 3 1 3 1 0 
0.0000147500 2 3 2 3 1 3 3 3 
0.0000780625 2 3 2 3 2 0 1 2 
0.0000106250 2 3 2 3 2 0 2 0 
0.0000143750 2 3 2 3 2 0 3 2 
0.0000398125 2 3 2 3 2 1 2 1 
0.0000535625 2 3 2 3 2 1 2 2 
0.0000780625 2 3 2 3 2 2 1 0 
0.0000535625 2 3 2 3 2 2 2 1 
0.0000143750 2 3 2 3 2 2 3 0 
0.0000854375 2 3 2 3 2 2 3 3 
0.0000501875 2 3 2 3 2 3 0 3 
0.0001822500 2 3 2 3 2 3 2 3 
0.0000854375 2 3 2 3 2 3 3 2 
0.0000521875 2 3 2 3 3 0 0 1 
0.0001210625 2 3 2 3 3 0 1 0 
0.0000143750 2 3 2 3 3 0 2 2 
0.0000521875 2 3 2 3 3 1 0 0 
0.0000286875 2 3 2 3 3 1 0 3 
0.0000521875 2 3 2 3 3 1 1 1 
0.0000105625 2 3 2 3 3 1 3 1 
0.0000078125 2 3 2 3 3 2 0 3 
0.0000143750 2 3 2 3 3 2 2 0 
0.0000854375 2 3 2 3 3 2 2 3 
0.0000286875 2 3 2 3 3 3 0 1 
0.0000078125 2 3 2 3 3 3 0 2 
0.0000147500 2 3 2 3 3 3 1 3 
0.0000854375 2 3 2 3 3 3 2 2 
0.0000194375 2 3 3 0 0 0 0 3 
0.0000125000 2 3 3 0 0 0 3 1 
0.0000512500 2 3 3 0 0 0 3 2 
0.0000538125 2 3 3 0 0 1 1 2 
0.0000901250 2 3 3 0 0 1 1 3 
0.0000105625 2 3 3 0 0 1 2 1 
0.0001474375 2 3 3 0 0 1 2 2 
0.0000105625 2 3 3 0 0 2 1 1 
0.0001474375 2 3 3 0 0 2 1 2 
0.0000452500 2 3 3 0 0 2 2 3 
0.0000125000 2 3 3 0 0 3 0 1 
0.0000512500 2 3 3 0 0 3 0 2 
0.0000501875 2 3 3 0 0 3 3 0 
0.0000535625 2 3 3 0 0 3 3 1 
0.0000194375 2 3 3 0 1 0 1 3 
0.0000780625 2 3 3 0 1 0 2 0 
0.0000286875 2 3 3 0 1 0 2 2 
0.0000194375 2 3 3 0 1 1 0 3 
0.0000125000 2 3 3 0 1 1 3 1 
0.0000512500 2 3 3 0 1 1 3 2 
0.0000780625 2 3 3 0 1 2 0 0 
0.0000286875 2 3 3 0 1 2 0 2 
0.0000780625 2 3 3 0 1 2 3 3 
0.0000125000 2 3 3 0 1 3 1 1 
0.0000512500 2 3 3 0 1 3 1 2 
0.0000780625 2 3 3 0 1 3 2 3 
0.0000106250 2 3 3 0 2 0 0 0 
0.0000147500 2 3 3 0 2 0 3 1 
0.0000106250 2 3 3 0 2 0 3 3 
0.0000398125 2 3 3 0 2 1 1 0 
0.0000286875 2 3 3 0 2 1 1 1 
0.0000535625 2 3 3 0 2 1 2 0 
0.0000078125 2 3 3 0 2 1 2 1 
0.0000125000 2 3 3 0 2 1 2 3 
0.0000535625 2 3 3 0 2 2 1 0 
0.0000078125 2 3 3 0 2 2 1 1 
0.0000125000 2 3 3 0 2 2 1 3 
0.0000147500 2 3 3 0 2 3 0 1 
0.0000106250 2 3 3 0 2 3 0 3 
0.0001822500 2 3 3 0 2 3 3 0 
0.0000501875 2 3 3 0 2 3 3 2 
0.0000452500 2 3 3 0 3 0 1 1 
0.0000521875 2 3 3 0 3 0 1 2 
0.0000286875 2 3 3 0 3 0 1 3 
0.0000143750 2 3 3 0 3 0 2 0 
0.0000533125 2 3 3 0 3 0 2 3 
0.0000452500 2 3 3 0 3 1 0 1 
0.0000521875 2 3 3 0 3 1 0 2 
0.0000286875 2 3 3 0 3 1 0 3 
0.0000286875 2 3 3 0 3 1 3 2 
0.0000143750 2 3 3 0 3 2 0 0 
0.0000533125 2 3 3 0 3 2 0 3 
0.0000854375 2 3 3 0 3 2 3 0 
0.0000572500 2 3 3 0 3 2 3 1 
0.0000078125 2 3 3 0 3 2 3 2 
0.0000143750 2 3 3 0 3 2 3 3 
0.0000286875 2 3 3 0 3 3 1 2 
0.0000854375 2 3 3 0 3 3 2 0 
0.0000572500 2 3 3 0 3 3 2 1 
0.0000078125 2 3 3 0 3 3 2 2 
0.0000143750 2 3 3 0 3 3 2 3 
0.0000462500 2 3 3 1 0 0 1 2 
0.0000521875 2 3 3 1 0 0 2 3 
0.0000125000 2 3 3 1 0 0 3 0 
0.0000462500 2 3 3 1 0 1 0 2 
0.0000105625 2 3 3 1 0 1 2 0 
0.0000065000 2 3 3 1 0 1 3 3 
0.0000521875 2 3 3 1 0 2 0 3 
0.0000105625 2 3 3 1 0 2 1 0 
0.0000125000 2 3 3 1 0 2 3 2 
0.0000286875 2 3 3 1 0 2 3 3 
0.0000125000 2 3 3 1 0 3 0 0 
0.0000065000 2 3 3 1 0 3 1 3 
0.0000125000 2 3 3 1 0 3 2 2 
0.0000286875 2 3 3 1 0 3 2 3 
0.0000535625 2 3 3 1 0 3 3 0 
0.0000501875 2 3 3 1 0 3 3 1 
0.0000780625 2 3 3 1 1 0 2 1 
0.0000030625 2 3 3 1 1 0 3 3 
0.0000462500 2 3 3 1 1 1 1 2 
0.0000521875 2 3 3 1 1 1 2 3 
0.0000125000 2 3 3 1 1 1 3 0 
0.0000780625 2 3 3 1 1 2 0 1 
0.0000521875 2 3 3 1 1 2 1 3 
0.0000030625 2 3 3 1 1 3 0 3 
0.0000125000 2 3 3 1 1 3 1 0 
0.0000106250 2 3 3 1 1 3 3 2 
0.0000221250 2 3 3 1 1 3 3 3 
0.0000106250 2 3 3 1 2 0 0 1 
0.0000030625 2 3 3 1 2 0 1 2 
0.0000512500 2 3 3 1 2 0 1 3 
0.0000147500 2 3 3 1 2 0 3 0 
0.0000030625 2 3 3 1 2 1 0 2 
0.0000512500 2 3 3 1 2 1 0 3 
0.0000286875 2 3 3 1 2 1 1 0 
0.0000398125 2 3 3 1 2 1 1 1 
0.0000078125 2 3 3 1 2 1 2 0 
0.0000535625 2 3 3 1 2 1 2 1 
0.0000221250 2 3 3 1 2 1 3 2 
0.0000078125 2 3 3 1 2 2 1 0 
0.0000535625 2 3 3 1 2 2 1 1 
0.0000147500 2 3 3 1 2 2 3 2 
0.0000147500 2 3 3 1 2 3 0 0 
0.0000221250 2 3 3 1 2 3 1 2 
0.0000147500 2 3 3 1 2 3 2 2 
0.0001822500 2 3 3 1 2 3 3 1 
0.0000452500 2 3 3 1 3 0 1 0 
0.0000143750 2 3 3 1 3 0 2 1 
0.0000780625 2 3 3 1 3 0 3 2 
0.0000125000 2 3 3 1 3 0 3 3 
0.0000452500 2 3 3 1 3 1 0 0 
0.0000452500 2 3 3 1 3 1 2 2 
0.0000105625 2 3 3 1 3 1 2 3 
0.0000143750 2 3 3 1 3 2 0 1 
0.0000452500 2 3 3 1 3 2 1 2 
0.0000105625 2 3 3 1 3 2 1 3 
0.0000572500 2 3 3 1 3 2 3 0 
0.0000854375 2 3 3 1 3 2 3 1 
0.0000780625 2 3 3 1 3 3 0 2 
0.0000125000 2 3 3 1 3 3 0 3 
0.0000572500 2 3 3 1 3 3 2 0 
0.0000854375 2 3 3 1 3 3 2 1 
0.0000535625 2 3 3 1 3 3 3 3 
0.0000521875 2 3 3 2 0 0 1 3 
0.0000286875 2 3 3 2 0 0 2 1 
0.0000512500 2 3 3 2 0 0 3 0 
0.0000521875 2 3 3 2 0 1 0 3 
0.0000538125 2 3 3 2 0 1 1 0 
0.0001474375 2 3 3 2 0 1 2 0 
0.0000512500 2 3 3 2 0 1 3 1 
0.0000286875 2 3 3 2 0 1 3 3 
0.0000286875 2 3 3 2 0 2 0 1 
0.0001474375 2 3 3 2 0 2 1 0 
0.0000078125 2 3 3 2 0 2 3 3 
0.0000512500 2 3 3 2 0 3 0 0 
0.0000512500 2 3 3 2 0 3 1 1 
0.0000286875 2 3 3 2 0 3 1 3 
0.0000078125 2 3 3 2 0 3 2 3 
0.0000501875 2 3 3 2 0 3 3 2 
0.0000728125 2 3 3 2 1 0 0 1 
0.0001210625 2 3 3 2 1 0 0 3 
0.0000286875 2 3 3 2 1 0 2 0 
0.0000780625 2 3 3 2 1 0 2 2 
0.0000200625 2 3 3 2 1 0 3 1 
0.0000521875 2 3 3 2 1 1 1 3 
0.0000286875 2 3 3 2 1 1 2 1 
0.0000512500 2 3 3 2 1 1 3 0 
0.0000286875 2 3 3 2 1 2 0 0 
0.0000780625 2 3 3 2 1 2 0 2 
0.0000286875 2 3 3 2 1 2 1 1 
0.0000533125 2 3 3 2 1 2 2 1 
0.0000200625 2 3 3 2 1 3 0 1 
0.0000512500 2 3 3 2 1 3 1 0 
0.0000147500 2 3 3 2 1 3 3 3 
0.0000106250 2 3 3 2 2 0 0 2 
0.0000780625 2 3 3 2 2 0 2 1 
0.0000143750 2 3 3 2 2 0 2 3 
0.0000398125 2 3 3 2 2 1 1 2 
0.0000535625 2 3 3 2 2 1 2 2 
0.0000780625 2 3 3 2 2 2 0 1 
0.0000143750 2 3 3 2 2 2 0 3 
0.0000535625 2 3 3 2 2 2 1 2 
0.0000854375 2 3 3 2 2 2 3 3 
0.0000854375 2 3 3 2 2 3 2 3 
0.0000501875 2 3 3 2 2 3 3 0 
0.0001822500 2 3 3 2 2 3 3 2 
0.0001210625 2 3 3 2 3 0 0 1 
0.0000521875 2 3 3 2 3 0 1 0 
0.0000143750 2 3 3 2 3 0 2 2 
0.0000521875 2 3 3 2 3 1 0 0 
0.0000521875 2 3 3 2 3 1 1 1 
0.0000105625 2 3 3 2 3 1 1 3 
0.0000286875 2 3 3 2 3 1 3 0 
0.0000143750 2 3 3 2 3 2 0 2 
0.0000078125 2 3 3 2 3 2 3 0 
0.0000854375 2 3 3 2 3 2 3 2 
0.0000286875 2 3 3 2 3 3 1 0 
0.0000078125 2 3 3 2 3 3 2 0 
0.0000854375 2 3 3 2 3 3 2 2 
0.0000147500 2 3 3 2 3 3 3 1 
0.0000194375 2 3 3 3 0 0 0 0 
0.0000901250 2 3 3 3 0 0 1 1 
0.0000452500 2 3 3 3 0 0 2 2 
0.0000901250 2 3 3 3 0 1 0 1 
0.0000901250 2 3 3 3 0 1 1 0 
0.0000452500 2 3 3 3 0 2 0 2 
0.0000452500 2 3 3 3 0 2 2 0 
0.0000501875 2 3 3 3 0 3 3 3 
0.0000194375 2 3 3 3 1 0 0 1 
0.0000194375 2 3 3 3 1 0 1 0 
0.0000780625 2 3 3 3 1 0 2 3 
0.0000780625 2 3 3 3 1 0 3 2 
0.0000194375 2 3 3 3 1 1 0 0 
0.0000901250 2 3 3 3 1 1 1 1 
0.0000452500 2 3 3 3 1 1 2 2 
0.0000780625 2 3 3 3 1 2 0 3 
0.0000452500 2 3 3 3 1 2 1 2 
0.0000452500 2 3 3 3 1 2 2 1 
0.0000780625 2 3 3 3 1 2 3 0 
0.0000780625 2 3 3 3 1 3 0 2 
0.0000780625 2 3 3 3 1 3 2 0 
0.0000106250 2 3 3 3 2 0 0 3 
0.0000125000 2 3 3 3 2 0 1 2 
0.0000125000 2 3 3 3 2 0 2 1 
0.0000106250 2 3 3 3 2 0 3 0 
0.0000125000 2 3 3 3 2 1 0 2 
0.0000398125 2 3 3 3 2 1 1 3 
0.0000125000 2 3 3 3 2 1 2 0 
0.0000535625 2 3 3 3 2 1 2 3 
0.0000398125 2 3 3 3 2 1 3 1 
0.0000535625 2 3 3 3 2 1 3 2 
0.0000125000 2 3 3 3 2 2 0 1 
0.0000125000 2 3 3 3 2 2 1 0 
0.0000535625 2 3 3 3 2 2 1 3 
0.0000535625 2 3 3 3 2 2 3 1 
0.0000106250 2 3 3 3 2 3 0 0 
0.0000398125 2 3 3 3 2 3 1 1 
0.0000535625 2 3 3 3 2 3 1 2 
0.0000535625 2 3 3 3 2 3 2 1 
0.0001822500 2 3 3 3 2 3 3 3 
0.0000286875 2 3 3 3 3 0 0 1 
0.0000533125 2 3 3 3 3 0 0 2 
0.0000286875 2 3 3 3 3 0 1 0 
0.0000533125 2 3 3 3 3 0 2 0 
0.0000143750 2 3 3 3 3 0 2 3 
0.0000143750 2 3 3 3 3 0 3 2 
0.0000286875 2 3 3 3 3 1 0 0 
0.0001474375 2 3 3 3 3 1 1 1 
0.0000288750 2 3 3 3 3 1 2 2 
0.0000533125 2 3 3 3 3 2 0 0 
0.0000143750 2 3 3 3 3 2 0 3 
0.0000288750 2 3 3 3 3 2 1 2 
0.0000288750 2 3 3 3 3 2 2 1 
0.0000081875 2 3 3 3 3 2 2 2 
0.0000143750 2 3 3 3 3 2 3 0 
0.0000854375 2 3 3 3 3 2 3 3 
0.0000143750 2 3 3 3 3 3 0 2 
0.0000143750 2 3 3 3 3 3 2 0 
0.0000854375 2 3 3 3 3 3 2 3 
0.0000854375 2 3 3 3 3 3 3 2 
0.0000147500 3 0 0 0 0 0 0 1 
0.0000106250 3 0 0 0 0 0 0 3 
0.0000147500 3 0 0 0 0 0 1 0 
0.0000143750 3 0 0 0 0 0 1 1 
0.0000125000 3 0 0 0 0 0 1 2 
0.0000125000 3 0 0 0 0 0 2 1 
0.0000512500 3 0 0 0 0 0 2 2 
0.0000106250 3 0 0 0 0 0 3 0 
0.0000147500 3 0 0 0 0 1 0 0 
0.0000143750 3 0 0 0 0 1 0 1 
0.0000125000 3 0 0 0 0 1 0 2 
0.0000143750 3 0 0 0 0 1 1 0 
0.0000533125 3 0 0 0 0 1 1 3 
0.0000125000 3 0 0 0 0 1 2 0 
0.0000533125 3 0 0 0 0 1 3 1 
0.0001210625 3 0 0 0 0 1 3 3 
0.0000125000 3 0 0 0 0 2 0 1 
0.0000512500 3 0 0 0 0 2 0 2 
0.0000125000 3 0 0 0 0 2 1 0 
0.0000512500 3 0 0 0 0 2 2 0 
0.0000194375 3 0 0 0 0 2 3 3 
0.0000106250 3 0 0 0 0 3 0 0 
0.0000533125 3 0 0 0 0 3 1 1 
0.0001210625 3 0 0 0 0 3 1 3 
0.0000194375 3 0 0 0 0 3 2 3 
0.0001210625 3 0 0 0 0 3 3 1 
0.0000194375 3 0 0 0 0 3 3 2 
0.0001822500 3 0 0 0 3 0 0 0 
0.0000501875 3 0 0 0 3 0 0 2 
0.0000854375 3 0 0 0 3 0 1 1 
0.0000535625 3 0 0 0 3 0 1 2 
0.0000147500 3 0 0 0 3 0 1 3 
0.0000501875 3 0 0 0 3 0 2 0 
0.0000535625 3 0 0 0 3 0 2 1 
0.0000147500 3 0 0 0 3 0 3 1 
0.0000106250 3 0 0 0 3 0 3 3 
0.0000854375 3 0 0 0 3 1 0 1 
0.0000535625 3 0 0 0 3 1 0 2 
0.0000147500 3 0 0 0 3 1 0 3 
0.0000854375 3 0 0 0 3 1 1 0 
0.0000572500 3 0 0 0 3 1 1 1 
0.0000078125 3 0 0 0 3 1 1 2 
0.0000143750 3 0 0 0 3 1 1 3 
0.0000535625 3 0 0 0 3 1 2 0 
0.0000078125 3 0 0 0 3 1 2 1 
0.0000125000 3 0 0 0 3 1 2 3 
0.0000147500 3 0 0 0 3 1 3 0 
0.0000143750 3 0 0 0 3 1 3 1 
0.0000125000 3 0 0 0 3 1 3 2 
0.0000501875 3 0 0 0 3 2 0 0 
0.0000535625 3 0 0 0 3 2 0 1 
0.0000535625 3 0 0 0 3 2 1 0 
0.0000078125 3 0 0 0 3 2 1 1 
0.0000125000 3 0 0 0 3 2 1 3 
0.0000065000 3 0 0 0 3 2 2 2 
0.0000512500 3 0 0 0 3 2 2 3 
0.0000125000 3 0 0 0 3 2 3 1 
0.0000512500 3 0 0 0 3 2 3 2 
0.0000147500 3 0 0 0 3 3 0 1 
0.0000106250 3 0 0 0 3 3 0 3 
0.0000147500 3 0 0 0 3 3 1 0 
0.0000143750 3 0 0 0 3 3 1 1 
0.0000125000 3 0 0 0 3 3 1 2 
0.0000125000 3 0 0 0 3 3 2 1 
0.0000512500 3 0 0 0 3 3 2 2 
0.0000106250 3 0 0 0 3 3 3 0 
0.0000147500 3 0 0 1 0 0 0 0 
0.0000143750 3 0 0 1 0 0 1 0 
0.0000147500 3 0 0 1 0 0 1 1 
0.0000125000 3 0 0 1 0 0 2 0 
0.0000106250 3 0 0 1 0 0 3 1 
0.0000143750 3 0 0 1 0 1 0 0 
0.0000147500 3 0 0 1 0 1 0 1 
0.0000143750 3 0 0 1 0 1 1 1 
0.0000125000 3 0 0 1 0 1 2 1 
0.0000533125 3 0 0 1 0 1 3 0 
0.0000125000 3 0 0 1 0 2 0 0 
0.0000125000 3 0 0 1 0 2 1 1 
0.0000512500 3 0 0 1 0 2 2 1 
0.0000106250 3 0 0 1 0 3 0 1 
0.0000533125 3 0 0 1 0 3 1 0 
0.0001210625 3 0 0 1 0 3 3 0 
0.0000221250 3 0 0 1 1 0 0 2 
0.0000065000 3 0 0 1 1 0 2 3 
0.0000030625 3 0 0 1 1 0 3 2 
0.0000512500 3 0 0 1 1 0 3 3 
0.0000452500 3 0 0 1 1 1 1 2 
0.0000105625 3 0 0 1 1 1 1 3 
0.0000521875 3 0 0 1 1 1 2 2 
0.0001474375 3 0 0 1 1 1 2 3 
0.0000286875 3 0 0 1 1 1 3 2 
0.0000065000 3 0 0 1 1 2 0 3 
0.0000521875 3 0 0 1 1 2 1 2 
0.0001474375 3 0 0 1 1 2 1 3 
0.0000901250 3 0 0 1 1 2 2 2 
0.0000462500 3 0 0 1 1 2 3 2 
0.0000030625 3 0 0 1 1 3 0 2 
0.0000512500 3 0 0 1 1 3 0 3 
0.0000286875 3 0 0 1 1 3 1 2 
0.0000462500 3 0 0 1 1 3 2 2 
0.0000147500 3 0 0 1 2 0 0 2 
0.0000143750 3 0 0 1 2 0 1 2 
0.0000125000 3 0 0 1 2 0 2 2 
0.0000286875 3 0 0 1 2 0 2 3 
0.0000143750 3 0 0 1 2 1 0 2 
0.0000533125 3 0 0 1 2 1 3 2 
0.0000452500 3 0 0 1 2 1 3 3 
0.0000125000 3 0 0 1 2 2 0 2 
0.0000286875 3 0 0 1 2 2 0 3 
0.0000521875 3 0 0 1 2 2 3 3 
0.0000533125 3 0 0 1 2 3 1 2 
0.0000452500 3 0 0 1 2 3 1 3 
0.0000521875 3 0 0 1 2 3 2 3 
0.0001210625 3 0 0 1 2 3 3 2 
0.0000286875 3 0 0 1 2 3 3 3 
0.0001822500 3 0 0 1 3 0 0 1 
0.0000854375 3 0 0 1 3 0 1 0 
0.0000535625 3 0 0 1 3 0 2 0 
0.0000501875 3 0 0 1 3 0 2 1 
0.0000147500 3 0 0 1 3 0 3 0 
0.0000854375 3 0 0 1 3 1 0 0 
0.0000572500 3 0 0 1 3 1 1 0 
0.0000854375 3 0 0 1 3 1 1 1 
0.0000078125 3 0 0 1 3 1 2 0 
0.0000535625 3 0 0 1 3 1 2 1 
0.0000143750 3 0 0 1 3 1 3 0 
0.0000147500 3 0 0 1 3 1 3 1 
0.0000535625 3 0 0 1 3 2 0 0 
0.0000501875 3 0 0 1 3 2 0 1 
0.0000078125 3 0 0 1 3 2 1 0 
0.0000535625 3 0 0 1 3 2 1 1 
0.0000125000 3 0 0 1 3 2 3 0 
0.0000147500 3 0 0 1 3 3 0 0 
0.0000143750 3 0 0 1 3 3 1 0 
0.0000147500 3 0 0 1 3 3 1 1 
0.0000125000 3 0 0 1 3 3 2 0 
0.0000106250 3 0 0 1 3 3 3 1 
0.0000125000 3 0 0 2 0 0 1 0 
0.0000147500 3 0 0 2 0 0 1 2 
0.0000512500 3 0 0 2 0 0 2 0 
0.0000106250 3 0 0 2 0 0 3 2 
0.0000125000 3 0 0 2 0 1 0 0 
0.0000147500 3 0 0 2 0 1 0 2 
0.0000143750 3 0 0 2 0 1 1 2 
0.0000125000 3 0 0 2 0 1 2 2 
0.0000512500 3 0 0 2 0 2 0 0 
0.0000125000 3 0 0 2 0 2 1 2 
0.0000512500 3 0 0 2 0 2 2 2 
0.0000106250 3 0 0 2 0 3 0 2 
0.0000194375 3 0 0 2 0 3 3 0 
0.0000125000 3 0 0 2 1 0 1 1 
0.0000512500 3 0 0 2 1 0 2 1 
0.0000286875 3 0 0 2 1 0 2 3 
0.0000125000 3 0 0 2 1 1 0 1 
0.0000452500 3 0 0 2 1 1 3 3 
0.0000512500 3 0 0 2 1 2 0 1 
0.0000286875 3 0 0 2 1 2 0 3 
0.0000521875 3 0 0 2 1 2 3 3 
0.0000452500 3 0 0 2 1 3 1 3 
0.0000521875 3 0 0 2 1 3 2 3 
0.0000194375 3 0 0 2 1 3 3 1 
0.0000286875 3 0 0 2 1 3 3 3 
0.0000854375 3 0 0 2 2 0 0 3 
0.0000572500 3 0 0 2 2 0 1 3 
0.0000078125 3 0 0 2 2 0 2 3 
0.0000780625 3 0 0 2 2 0 3 1 
0.0000143750 3 0 0 2 2 0 3 3 
0.0000572500 3 0 0 2 2 1 0 3 
0.0000452500 3 0 0 2 2 1 2 1 
0.0000288750 3 0 0 2 2 1 2 3 
0.0000078125 3 0 0 2 2 2 0 3 
0.0000452500 3 0 0 2 2 2 1 1 
0.0000288750 3 0 0 2 2 2 1 3 
0.0000521875 3 0 0 2 2 2 2 1 
0.0000105625 3 0 0 2 2 2 2 3 
0.0000286875 3 0 0 2 2 2 3 1 
0.0000780625 3 0 0 2 2 3 0 1 
0.0000143750 3 0 0 2 2 3 0 3 
0.0000286875 3 0 0 2 2 3 2 1 
0.0000533125 3 0 0 2 2 3 3 3 
0.0000501875 3 0 0 2 3 0 0 0 
0.0001822500 3 0 0 2 3 0 0 2 
0.0000535625 3 0 0 2 3 0 1 0 
0.0000501875 3 0 0 2 3 0 2 2 
0.0000535625 3 0 0 2 3 1 0 0 
0.0000078125 3 0 0 2 3 1 1 0 
0.0000854375 3 0 0 2 3 1 1 2 
0.0000535625 3 0 0 2 3 1 2 2 
0.0000125000 3 0 0 2 3 1 3 0 
0.0000147500 3 0 0 2 3 1 3 2 
0.0000501875 3 0 0 2 3 2 0 2 
0.0000535625 3 0 0 2 3 2 1 2 
0.0000065000 3 0 0 2 3 2 2 0 
0.0000512500 3 0 0 2 3 2 3 0 
0.0000125000 3 0 0 2 3 3 1 0 
0.0000147500 3 0 0 2 3 3 1 2 
0.0000512500 3 0 0 2 3 3 2 0 
0.0000106250 3 0 0 2 3 3 3 2 
0.0000106250 3 0 0 3 0 0 0 0 
0.0000147500 3 0 0 3 0 0 1 3 
0.0000106250 3 0 0 3 0 0 3 3 
0.0000147500 3 0 0 3 0 1 0 3 
0.0000533125 3 0 0 3 0 1 1 0 
0.0000143750 3 0 0 3 0 1 1 3 
0.0000125000 3 0 0 3 0 1 2 3 
0.0001210625 3 0 0 3 0 1 3 0 
0.0000125000 3 0 0 3 0 2 1 3 
0.0000512500 3 0 0 3 0 2 2 3 
0.0000194375 3 0 0 3 0 2 3 0 
0.0000106250 3 0 0 3 0 3 0 3 
0.0001210625 3 0 0 3 0 3 1 0 
0.0000194375 3 0 0 3 0 3 2 0 
0.0000398125 3 0 0 3 1 0 0 1 
0.0000535625 3 0 0 3 1 0 0 2 
0.0000286875 3 0 0 3 1 0 1 1 
0.0000078125 3 0 0 3 1 0 1 2 
0.0000125000 3 0 0 3 1 0 3 2 
0.0000286875 3 0 0 3 1 1 0 1 
0.0000078125 3 0 0 3 1 1 0 2 
0.0000288750 3 0 0 3 1 1 1 2 
0.0000105625 3 0 0 3 1 1 2 2 
0.0000521875 3 0 0 3 1 1 3 1 
0.0000105625 3 0 0 3 1 2 1 2 
0.0000538125 3 0 0 3 1 2 2 1 
0.0001474375 3 0 0 3 1 2 2 2 
0.0000901250 3 0 0 3 1 2 3 1 
0.0000125000 3 0 0 3 1 3 0 2 
0.0000521875 3 0 0 3 1 3 1 1 
0.0000901250 3 0 0 3 1 3 2 1 
0.0000462500 3 0 0 3 1 3 3 1 
0.0000535625 3 0 0 3 2 0 0 1 
0.0000078125 3 0 0 3 2 0 1 1 
0.0000125000 3 0 0 3 2 0 3 1 
0.0000078125 3 0 0 3 2 1 0 1 
0.0000288750 3 0 0 3 2 1 1 1 
0.0000081875 3 0 0 3 2 1 1 2 
0.0000105625 3 0 0 3 2 1 2 1 
0.0000105625 3 0 0 3 2 2 1 1 
0.0001474375 3 0 0 3 2 2 2 1 
0.0000452500 3 0 0 3 2 2 3 2 
0.0000125000 3 0 0 3 2 3 0 1 
0.0000452500 3 0 0 3 2 3 2 2 
0.0001822500 3 0 0 3 3 0 0 3 
0.0000147500 3 0 0 3 3 0 1 0 
0.0000501875 3 0 0 3 3 0 2 3 
0.0000106250 3 0 0 3 3 0 3 0 
0.0000147500 3 0 0 3 3 1 0 0 
0.0000143750 3 0 0 3 3 1 1 0 
0.0000854375 3 0 0 3 3 1 1 3 
0.0000125000 3 0 0 3 3 1 2 0 
0.0000535625 3 0 0 3 3 1 2 3 
0.0000147500 3 0 0 3 3 1 3 3 
0.0000501875 3 0 0 3 3 2 0 3 
0.0000125000 3 0 0 3 3 2 1 0 
0.0000535625 3 0 0 3 3 2 1 3 
0.0000512500 3 0 0 3 3 2 2 0 
0.0000106250 3 0 0 3 3 3 0 0 
0.0000147500 3 0 0 3 3 3 1 3 
0.0000106250 3 0 0 3 3 3 3 3 
0.0000147500 3 0 1 0 0 0 0 0 
0.0000143750 3 0 1 0 0 0 0 1 
0.0000125000 3 0 1 0 0 0 0 2 
0.0000147500 3 0 1 0 0 0 1 1 
0.0000106250 3 0 1 0 0 0 1 3 
0.0000143750 3 0 1 0 0 1 0 0 
0.0000533125 3 0 1 0 0 1 0 3 
0.0000147500 3 0 1 0 0 1 1 0 
0.0000143750 3 0 1 0 0 1 1 1 
0.0000125000 3 0 1 0 0 1 1 2 
0.0000125000 3 0 1 0 0 2 0 0 
0.0000125000 3 0 1 0 0 2 1 1 
0.0000512500 3 0 1 0 0 2 1 2 
0.0000533125 3 0 1 0 0 3 0 1 
0.0001210625 3 0 1 0 0 3 0 3 
0.0000106250 3 0 1 0 0 3 1 0 
0.0000221250 3 0 1 0 1 0 2 0 
0.0000030625 3 0 1 0 1 0 2 3 
0.0000065000 3 0 1 0 1 0 3 2 
0.0000512500 3 0 1 0 1 0 3 3 
0.0000452500 3 0 1 0 1 1 2 1 
0.0000521875 3 0 1 0 1 1 2 2 
0.0000286875 3 0 1 0 1 1 2 3 
0.0000105625 3 0 1 0 1 1 3 1 
0.0001474375 3 0 1 0 1 1 3 2 
0.0000521875 3 0 1 0 1 2 2 1 
0.0000901250 3 0 1 0 1 2 2 2 
0.0000462500 3 0 1 0 1 2 2 3 
0.0000065000 3 0 1 0 1 2 3 0 
0.0001474375 3 0 1 0 1 2 3 1 
0.0000030625 3 0 1 0 1 3 2 0 
0.0000286875 3 0 1 0 1 3 2 1 
0.0000462500 3 0 1 0 1 3 2 2 
0.0000512500 3 0 1 0 1 3 3 0 
0.0000147500 3 0 1 0 2 0 2 0 
0.0000143750 3 0 1 0 2 0 2 1 
0.0000125000 3 0 1 0 2 0 2 2 
0.0000286875 3 0 1 0 2 0 3 2 
0.0000143750 3 0 1 0 2 1 2 0 
0.0000533125 3 0 1 0 2 1 2 3 
0.0000452500 3 0 1 0 2 1 3 3 
0.0000125000 3 0 1 0 2 2 2 0 
0.0000286875 3 0 1 0 2 2 3 0 
0.0000521875 3 0 1 0 2 2 3 3 
0.0000533125 3 0 1 0 2 3 2 1 
0.0001210625 3 0 1 0 2 3 2 3 
0.0000452500 3 0 1 0 2 3 3 1 
0.0000521875 3 0 1 0 2 3 3 2 
0.0000286875 3 0 1 0 2 3 3 3 
0.0000854375 3 0 1 0 3 0 0 1 
0.0000535625 3 0 1 0 3 0 0 2 
0.0000147500 3 0 1 0 3 0 0 3 
0.0001822500 3 0 1 0 3 0 1 0 
0.0000501875 3 0 1 0 3 0 1 2 
0.0000854375 3 0 1 0 3 1 0 0 
0.0000572500 3 0 1 0 3 1 0 1 
0.0000078125 3 0 1 0 3 1 0 2 
0.0000143750 3 0 1 0 3 1 0 3 
0.0000854375 3 0 1 0 3 1 1 1 
0.0000535625 3 0 1 0 3 1 1 2 
0.0000147500 3 0 1 0 3 1 1 3 
0.0000535625 3 0 1 0 3 2 0 0 
0.0000078125 3 0 1 0 3 2 0 1 
0.0000125000 3 0 1 0 3 2 0 3 
0.0000501875 3 0 1 0 3 2 1 0 
0.0000535625 3 0 1 0 3 2 1 1 
0.0000147500 3 0 1 0 3 3 0 0 
0.0000143750 3 0 1 0 3 3 0 1 
0.0000125000 3 0 1 0 3 3 0 2 
0.0000147500 3 0 1 0 3 3 1 1 
0.0000106250 3 0 1 0 3 3 1 3 
0.0000143750 3 0 1 1 0 0 0 0 
0.0000147500 3 0 1 1 0 0 0 1 
0.0000147500 3 0 1 1 0 0 1 0 
0.0000200625 3 0 1 1 0 0 2 2 
0.0000143750 3 0 1 1 0 1 0 1 
0.0000143750 3 0 1 1 0 1 1 0 
0.0000147500 3 0 1 1 0 1 1 1 
0.0000521875 3 0 1 1 0 1 3 3 
0.0000125000 3 0 1 1 0 2 0 1 
0.0000125000 3 0 1 1 0 2 1 0 
0.0000901250 3 0 1 1 0 2 3 3 
0.0000533125 3 0 1 1 0 3 0 0 
0.0000106250 3 0 1 1 0 3 1 1 
0.0000728125 3 0 1 1 0 3 2 2 
0.0000194375 3 0 1 1 0 3 2 3 
0.0000194375 3 0 1 1 0 3 3 2 
0.0000462500 3 0 1 1 0 3 3 3 
0.0000221250 3 0 1 1 1 0 1 2 
0.0000221250 3 0 1 1 1 0 2 1 
0.0000452500 3 0 1 1 1 1 0 2 
0.0000105625 3 0 1 1 1 1 0 3 
0.0000452500 3 0 1 1 1 1 2 0 
0.0000105625 3 0 1 1 1 1 3 0 
0.0000521875 3 0 1 1 1 2 0 2 
0.0001474375 3 0 1 1 1 2 0 3 
0.0000065000 3 0 1 1 1 2 1 3 
0.0000521875 3 0 1 1 1 2 2 0 
0.0001474375 3 0 1 1 1 2 3 0 
0.0000065000 3 0 1 1 1 2 3 1 
0.0000286875 3 0 1 1 1 3 0 2 
0.0000030625 3 0 1 1 1 3 1 2 
0.0000512500 3 0 1 1 1 3 1 3 
0.0000286875 3 0 1 1 1 3 2 0 
0.0000030625 3 0 1 1 1 3 2 1 
0.0000512500 3 0 1 1 1 3 3 1 
0.0000143750 3 0 1 1 2 0 0 2 
0.0000147500 3 0 1 1 2 0 1 2 
0.0000143750 3 0 1 1 2 0 2 0 
0.0000147500 3 0 1 1 2 0 2 1 
0.0000143750 3 0 1 1 2 1 1 2 
0.0000143750 3 0 1 1 2 1 2 1 
0.0000125000 3 0 1 1 2 2 1 2 
0.0000286875 3 0 1 1 2 2 1 3 
0.0000125000 3 0 1 1 2 2 2 1 
0.0000286875 3 0 1 1 2 2 3 1 
0.0000533125 3 0 1 1 2 3 0 2 
0.0000452500 3 0 1 1 2 3 0 3 
0.0000533125 3 0 1 1 2 3 2 0 
0.0000452500 3 0 1 1 2 3 3 0 
0.0000854375 3 0 1 1 3 0 0 0 
0.0001822500 3 0 1 1 3 0 1 1 
0.0000398125 3 0 1 1 3 0 3 3 
0.0000572500 3 0 1 1 3 1 0 0 
0.0000854375 3 0 1 1 3 1 0 1 
0.0000854375 3 0 1 1 3 1 1 0 
0.0000780625 3 0 1 1 3 1 2 2 
0.0000125000 3 0 1 1 3 1 2 3 
0.0000125000 3 0 1 1 3 1 3 2 
0.0000286875 3 0 1 1 3 1 3 3 
0.0000078125 3 0 1 1 3 2 0 0 
0.0000535625 3 0 1 1 3 2 0 1 
0.0000535625 3 0 1 1 3 2 1 0 
0.0000501875 3 0 1 1 3 2 1 1 
0.0000030625 3 0 1 1 3 2 2 2 
0.0000512500 3 0 1 1 3 2 2 3 
0.0000512500 3 0 1 1 3 2 3 2 
0.0000143750 3 0 1 1 3 3 0 0 
0.0000147500 3 0 1 1 3 3 0 1 
0.0000147500 3 0 1 1 3 3 1 0 
0.0000200625 3 0 1 1 3 3 2 2 
0.0000125000 3 0 1 2 0 0 0 0 
0.0000147500 3 0 1 2 0 0 0 2 
0.0000780625 3 0 1 2 0 0 2 3 
0.0000030625 3 0 1 2 0 0 3 1 
0.0000125000 3 0 1 2 0 0 3 3 
0.0000143750 3 0 1 2 0 1 0 2 
0.0000125000 3 0 1 2 0 1 1 0 
0.0000147500 3 0 1 2 0 1 1 2 
0.0001210625 3 0 1 2 0 1 2 1 
0.0000286875 3 0 1 2 0 1 3 1 
0.0000125000 3 0 1 2 0 2 0 2 
0.0000512500 3 0 1 2 0 2 1 0 
0.0000194375 3 0 1 2 0 2 2 1 
0.0000286875 3 0 1 2 0 2 2 3 
0.0000462500 3 0 1 2 0 2 3 1 
0.0000106250 3 0 1 2 0 3 1 2 
0.0000125000 3 0 1 2 1 0 0 1 
0.0000221250 3 0 1 2 1 0 2 2 
0.0000065000 3 0 1 2 1 0 3 0 
0.0000125000 3 0 1 2 1 1 1 1 
0.0000521875 3 0 1 2 1 1 2 0 
0.0001474375 3 0 1 2 1 1 3 0 
0.0000512500 3 0 1 2 1 2 1 1 
0.0000286875 3 0 1 2 1 2 1 3 
0.0000901250 3 0 1 2 1 2 2 0 
0.0000065000 3 0 1 2 1 2 3 2 
0.0000452500 3 0 1 2 1 3 0 3 
0.0000462500 3 0 1 2 1 3 2 0 
0.0000030625 3 0 1 2 1 3 2 2 
0.0000512500 3 0 1 2 1 3 3 2 
0.0000572500 3 0 1 2 2 0 0 3 
0.0000854375 3 0 1 2 2 0 1 3 
0.0000125000 3 0 1 2 2 0 2 0 
0.0000147500 3 0 1 2 2 0 2 2 
0.0000286875 3 0 1 2 2 0 3 0 
0.0000572500 3 0 1 2 2 1 1 3 
0.0000143750 3 0 1 2 2 1 2 2 
0.0000452500 3 0 1 2 2 2 0 1 
0.0000288750 3 0 1 2 2 2 0 3 
0.0000078125 3 0 1 2 2 2 1 3 
0.0000125000 3 0 1 2 2 2 2 2 
0.0000286875 3 0 1 2 2 2 3 2 
0.0000780625 3 0 1 2 2 3 1 1 
0.0000143750 3 0 1 2 2 3 1 3 
0.0000521875 3 0 1 2 2 3 3 0 
0.0000535625 3 0 1 2 3 0 0 0 
0.0000501875 3 0 1 2 3 0 1 0 
0.0001822500 3 0 1 2 3 0 1 2 
0.0000106250 3 0 1 2 3 0 2 1 
0.0000221250 3 0 1 2 3 0 3 1 
0.0000535625 3 0 1 2 3 0 3 3 
0.0000078125 3 0 1 2 3 1 0 0 
0.0000854375 3 0 1 2 3 1 0 2 
0.0000535625 3 0 1 2 3 1 1 0 
0.0000078125 3 0 1 2 3 1 3 3 
0.0000535625 3 0 1 2 3 2 0 2 
0.0000501875 3 0 1 2 3 2 1 2 
0.0000125000 3 0 1 2 3 3 0 0 
0.0000147500 3 0 1 2 3 3 0 2 
0.0000780625 3 0 1 2 3 3 2 3 
0.0000030625 3 0 1 2 3 3 3 1 
0.0000125000 3 0 1 2 3 3 3 3 
0.0000147500 3 0 1 3 0 0 0 3 
0.0000106250 3 0 1 3 0 0 1 0 
0.0000030625 3 0 1 3 0 0 2 1 
0.0000512500 3 0 1 3 0 0 3 1 
0.0000533125 3 0 1 3 0 1 0 0 
0.0000143750 3 0 1 3 0 1 0 3 
0.0000147500 3 0 1 3 0 1 1 3 
0.0000286875 3 0 1 3 0 1 2 1 
0.0000533125 3 0 1 3 0 1 2 2 
0.0000452500 3 0 1 3 0 1 3 2 
0.0000125000 3 0 1 3 0 2 0 3 
0.0000462500 3 0 1 3 0 2 2 1 
0.0000521875 3 0 1 3 0 2 3 2 
0.0001210625 3 0 1 3 0 3 0 0 
0.0000106250 3 0 1 3 0 3 1 3 
0.0001210625 3 0 1 3 0 3 2 2 
0.0000286875 3 0 1 3 0 3 3 2 
0.0000286875 3 0 1 3 1 0 0 1 
0.0000078125 3 0 1 3 1 0 0 2 
0.0000398125 3 0 1 3 1 0 1 1 
0.0000535625 3 0 1 3 1 0 1 2 
0.0000030625 3 0 1 3 1 0 2 0 
0.0000221250 3 0 1 3 1 0 2 3 
0.0000512500 3 0 1 3 1 0 3 0 
0.0000288750 3 0 1 3 1 1 0 2 
0.0000286875 3 0 1 3 1 1 1 1 
0.0000078125 3 0 1 3 1 1 1 2 
0.0000286875 3 0 1 3 1 1 2 0 
0.0000105625 3 0 1 3 1 2 0 2 
0.0000462500 3 0 1 3 1 2 2 0 
0.0000065000 3 0 1 3 1 2 3 3 
0.0000521875 3 0 1 3 1 3 0 1 
0.0000125000 3 0 1 3 1 3 1 2 
0.0000030625 3 0 1 3 1 3 2 3 
0.0000512500 3 0 1 3 1 3 3 3 
0.0000078125 3 0 1 3 2 0 0 1 
0.0000535625 3 0 1 3 2 0 1 1 
0.0000147500 3 0 1 3 2 0 2 3 
0.0000288750 3 0 1 3 2 1 0 1 
0.0000081875 3 0 1 3 2 1 0 2 
0.0000078125 3 0 1 3 2 1 1 1 
0.0000533125 3 0 1 3 2 1 2 0 
0.0000143750 3 0 1 3 2 1 2 3 
0.0000452500 3 0 1 3 2 1 3 0 
0.0000105625 3 0 1 3 2 2 0 1 
0.0000125000 3 0 1 3 2 2 2 3 
0.0000521875 3 0 1 3 2 2 3 0 
0.0000286875 3 0 1 3 2 2 3 3 
0.0000125000 3 0 1 3 2 3 1 1 
0.0001210625 3 0 1 3 2 3 2 0 
0.0000286875 3 0 1 3 2 3 3 0 
0.0000147500 3 0 1 3 3 0 0 0 
0.0001822500 3 0 1 3 3 0 1 3 
0.0000221250 3 0 1 3 3 0 2 1 
0.0000147500 3 0 1 3 3 0 2 2 
0.0000143750 3 0 1 3 3 1 0 0 
0.0000854375 3 0 1 3 3 1 0 3 
0.0000147500 3 0 1 3 3 1 1 0 
0.0000143750 3 0 1 3 3 1 2 2 
0.0000125000 3 0 1 3 3 2 0 0 
0.0000535625 3 0 1 3 3 2 0 3 
0.0000501875 3 0 1 3 3 2 1 3 
0.0000125000 3 0 1 3 3 2 2 2 
0.0000065000 3 0 1 3 3 2 3 1 
0.0000286875 3 0 1 3 3 2 3 2 
0.0000147500 3 0 1 3 3 3 0 3 
0.0000106250 3 0 1 3 3 3 1 0 
0.0000030625 3 0 1 3 3 3 2 1 
0.0000512500 3 0 1 3 3 3 3 1 
0.0000125000 3 0 2 0 0 0 0 1 
0.0000512500 3 0 2 0 0 0 0 2 
0.0000147500 3 0 2 0 0 0 2 1 
0.0000106250 3 0 2 0 0 0 2 3 
0.0000125000 3 0 2 0 0 1 0 0 
0.0000147500 3 0 2 0 0 1 2 0 
0.0000143750 3 0 2 0 0 1 2 1 
0.0000125000 3 0 2 0 0 1 2 2 
0.0000512500 3 0 2 0 0 2 0 0 
0.0000125000 3 0 2 0 0 2 2 1 
0.0000512500 3 0 2 0 0 2 2 2 
0.0000194375 3 0 2 0 0 3 0 3 
0.0000106250 3 0 2 0 0 3 2 0 
0.0000125000 3 0 2 0 1 0 1 1 
0.0000512500 3 0 2 0 1 0 1 2 
0.0000286875 3 0 2 0 1 0 3 2 
0.0000125000 3 0 2 0 1 1 1 0 
0.0000452500 3 0 2 0 1 1 3 3 
0.0000512500 3 0 2 0 1 2 1 0 
0.0000286875 3 0 2 0 1 2 3 0 
0.0000521875 3 0 2 0 1 2 3 3 
0.0000194375 3 0 2 0 1 3 1 3 
0.0000452500 3 0 2 0 1 3 3 1 
0.0000521875 3 0 2 0 1 3 3 2 
0.0000286875 3 0 2 0 1 3 3 3 
0.0000780625 3 0 2 0 2 0 1 3 
0.0000854375 3 0 2 0 2 0 3 0 
0.0000572500 3 0 2 0 2 0 3 1 
0.0000078125 3 0 2 0 2 0 3 2 
0.0000143750 3 0 2 0 2 0 3 3 
0.0000452500 3 0 2 0 2 1 1 2 
0.0000572500 3 0 2 0 2 1 3 0 
0.0000288750 3 0 2 0 2 1 3 2 
0.0000452500 3 0 2 0 2 2 1 1 
0.0000521875 3 0 2 0 2 2 1 2 
0.0000286875 3 0 2 0 2 2 1 3 
0.0000078125 3 0 2 0 2 2 3 0 
0.0000288750 3 0 2 0 2 2 3 1 
0.0000105625 3 0 2 0 2 2 3 2 
0.0000780625 3 0 2 0 2 3 1 0 
0.0000286875 3 0 2 0 2 3 1 2 
0.0000143750 3 0 2 0 2 3 3 0 
0.0000533125 3 0 2 0 2 3 3 3 
0.0000501875 3 0 2 0 3 0 0 0 
0.0000535625 3 0 2 0 3 0 0 1 
0.0001822500 3 0 2 0 3 0 2 0 
0.0000501875 3 0 2 0 3 0 2 2 
0.0000535625 3 0 2 0 3 1 0 0 
0.0000078125 3 0 2 0 3 1 0 1 
0.0000125000 3 0 2 0 3 1 0 3 
0.0000854375 3 0 2 0 3 1 2 1 
0.0000535625 3 0 2 0 3 1 2 2 
0.0000147500 3 0 2 0 3 1 2 3 
0.0000065000 3 0 2 0 3 2 0 2 
0.0000512500 3 0 2 0 3 2 0 3 
0.0000501875 3 0 2 0 3 2 2 0 
0.0000535625 3 0 2 0 3 2 2 1 
0.0000125000 3 0 2 0 3 3 0 1 
0.0000512500 3 0 2 0 3 3 0 2 
0.0000147500 3 0 2 0 3 3 2 1 
0.0000106250 3 0 2 0 3 3 2 3 
0.0000125000 3 0 2 1 0 0 0 0 
0.0000030625 3 0 2 1 0 0 1 3 
0.0000147500 3 0 2 1 0 0 2 0 
0.0000780625 3 0 2 1 0 0 3 2 
0.0000125000 3 0 2 1 0 0 3 3 
0.0000125000 3 0 2 1 0 1 0 1 
0.0001210625 3 0 2 1 0 1 1 2 
0.0000286875 3 0 2 1 0 1 1 3 
0.0000143750 3 0 2 1 0 1 2 0 
0.0000147500 3 0 2 1 0 1 2 1 
0.0000512500 3 0 2 1 0 2 0 1 
0.0000194375 3 0 2 1 0 2 1 2 
0.0000462500 3 0 2 1 0 2 1 3 
0.0000125000 3 0 2 1 0 2 2 0 
0.0000286875 3 0 2 1 0 2 3 2 
0.0000106250 3 0 2 1 0 3 2 1 
0.0000065000 3 0 2 1 1 0 0 3 
0.0000125000 3 0 2 1 1 0 1 0 
0.0000221250 3 0 2 1 1 0 2 2 
0.0000521875 3 0 2 1 1 1 0 2 
0.0001474375 3 0 2 1 1 1 0 3 
0.0000125000 3 0 2 1 1 1 1 1 
0.0000901250 3 0 2 1 1 2 0 2 
0.0000512500 3 0 2 1 1 2 1 1 
0.0000065000 3 0 2 1 1 2 2 3 
0.0000286875 3 0 2 1 1 2 3 1 
0.0000462500 3 0 2 1 1 3 0 2 
0.0000030625 3 0 2 1 1 3 2 2 
0.0000512500 3 0 2 1 1 3 2 3 
0.0000452500 3 0 2 1 1 3 3 0 
0.0000125000 3 0 2 1 2 0 0 2 
0.0000286875 3 0 2 1 2 0 0 3 
0.0000147500 3 0 2 1 2 0 2 2 
0.0000572500 3 0 2 1 2 0 3 0 
0.0000854375 3 0 2 1 2 0 3 1 
0.0000143750 3 0 2 1 2 1 2 2 
0.0000572500 3 0 2 1 2 1 3 1 
0.0000452500 3 0 2 1 2 2 1 0 
0.0000125000 3 0 2 1 2 2 2 2 
0.0000286875 3 0 2 1 2 2 2 3 
0.0000288750 3 0 2 1 2 2 3 0 
0.0000078125 3 0 2 1 2 2 3 1 
0.0000521875 3 0 2 1 2 3 0 3 
0.0000780625 3 0 2 1 2 3 1 1 
0.0000143750 3 0 2 1 2 3 3 1 
0.0000535625 3 0 2 1 3 0 0 0 
0.0000501875 3 0 2 1 3 0 0 1 
0.0000106250 3 0 2 1 3 0 1 2 
0.0000221250 3 0 2 1 3 0 1 3 
0.0001822500 3 0 2 1 3 0 2 1 
0.0000535625 3 0 2 1 3 0 3 3 
0.0000078125 3 0 2 1 3 1 0 0 
0.0000535625 3 0 2 1 3 1 0 1 
0.0000854375 3 0 2 1 3 1 2 0 
0.0000078125 3 0 2 1 3 1 3 3 
0.0000535625 3 0 2 1 3 2 2 0 
0.0000501875 3 0 2 1 3 2 2 1 
0.0000125000 3 0 2 1 3 3 0 0 
0.0000030625 3 0 2 1 3 3 1 3 
0.0000147500 3 0 2 1 3 3 2 0 
0.0000780625 3 0 2 1 3 3 3 2 
0.0000125000 3 0 2 1 3 3 3 3 
0.0000512500 3 0 2 2 0 0 0 0 
0.0000200625 3 0 2 2 0 0 1 1 
0.0000125000 3 0 2 2 0 1 0 2 
0.0000533125 3 0 2 2 0 1 1 3 
0.0000125000 3 0 2 2 0 1 2 0 
0.0000147500 3 0 2 2 0 1 2 2 
0.0000533125 3 0 2 2 0 1 3 1 
0.0000512500 3 0 2 2 0 2 0 2 
0.0000512500 3 0 2 2 0 2 2 0 
0.0000452500 3 0 2 2 0 2 3 3 
0.0000728125 3 0 2 2 0 3 1 1 
0.0001210625 3 0 2 2 0 3 1 3 
0.0000106250 3 0 2 2 0 3 2 2 
0.0001210625 3 0 2 2 0 3 3 1 
0.0000512500 3 0 2 2 1 0 0 1 
0.0000286875 3 0 2 2 1 0 0 3 
0.0000512500 3 0 2 2 1 0 1 0 
0.0000286875 3 0 2 2 1 0 3 0 
0.0000125000 3 0 2 2 1 1 1 2 
0.0000125000 3 0 2 2 1 1 2 1 
0.0000512500 3 0 2 2 1 2 1 2 
0.0000512500 3 0 2 2 1 2 2 1 
0.0000286875 3 0 2 2 1 2 2 3 
0.0000286875 3 0 2 2 1 2 3 2 
0.0000521875 3 0 2 2 1 3 0 3 
0.0000521875 3 0 2 2 1 3 3 0 
0.0000078125 3 0 2 2 2 0 0 3 
0.0000854375 3 0 2 2 2 0 2 3 
0.0000078125 3 0 2 2 2 0 3 0 
0.0000854375 3 0 2 2 2 0 3 2 
0.0000452500 3 0 2 2 2 1 0 1 
0.0000288750 3 0 2 2 2 1 0 3 
0.0000452500 3 0 2 2 2 1 1 0 
0.0000572500 3 0 2 2 2 1 2 3 
0.0000288750 3 0 2 2 2 1 3 0 
0.0000572500 3 0 2 2 2 1 3 2 
0.0000521875 3 0 2 2 2 2 0 1 
0.0000105625 3 0 2 2 2 2 0 3 
0.0000521875 3 0 2 2 2 2 1 0 
0.0000078125 3 0 2 2 2 2 2 3 
0.0000105625 3 0 2 2 2 2 3 0 
0.0000078125 3 0 2 2 2 2 3 2 
0.0000286875 3 0 2 2 2 3 0 1 
0.0000286875 3 0 2 2 2 3 1 0 
0.0000780625 3 0 2 2 2 3 1 2 
0.0000780625 3 0 2 2 2 3 2 1 
0.0000143750 3 0 2 2 2 3 2 3 
0.0000143750 3 0 2 2 2 3 3 2 
0.0000501875 3 0 2 2 3 0 0 2 
0.0000147500 3 0 2 2 3 0 1 3 
0.0000501875 3 0 2 2 3 0 2 0 
0.0001822500 3 0 2 2 3 0 2 2 
0.0000147500 3 0 2 2 3 0 3 1 
0.0000535625 3 0 2 2 3 1 0 2 
0.0000780625 3 0 2 2 3 1 1 1 
0.0000143750 3 0 2 2 3 1 1 3 
0.0000535625 3 0 2 2 3 1 2 0 
0.0000143750 3 0 2 2 3 1 3 1 
0.0000065000 3 0 2 2 3 2 0 0 
0.0000030625 3 0 2 2 3 2 1 1 
0.0000125000 3 0 2 2 3 2 1 3 
0.0000501875 3 0 2 2 3 2 2 2 
0.0000125000 3 0 2 2 3 2 3 1 
0.0000512500 3 0 2 2 3 3 0 0 
0.0000200625 3 0 2 2 3 3 1 1 
0.0000780625 3 0 2 3 0 0 1 2 
0.0000106250 3 0 2 3 0 0 2 0 
0.0000143750 3 0 2 3 0 0 3 2 
0.0000125000 3 0 2 3 0 1 0 3 
0.0000147500 3 0 2 3 0 1 2 3 
0.0000452500 3 0 2 3 0 1 3 1 
0.0000512500 3 0 2 3 0 2 0 3 
0.0000286875 3 0 2 3 0 2 1 2 
0.0000521875 3 0 2 3 0 2 3 1 
0.0000194375 3 0 2 3 0 3 0 0 
0.0000194375 3 0 2 3 0 3 1 1 
0.0000106250 3 0 2 3 0 3 2 3 
0.0000286875 3 0 2 3 0 3 3 1 
0.0000533125 3 0 2 3 0 3 3 2 
0.0000398125 3 0 2 3 1 0 2 1 
0.0000535625 3 0 2 3 1 0 2 2 
0.0000105625 3 0 2 3 1 1 0 2 
0.0000125000 3 0 2 3 1 1 1 3 
0.0000286875 3 0 2 3 1 1 2 1 
0.0000078125 3 0 2 3 1 1 2 2 
0.0000452500 3 0 2 3 1 1 3 0 
0.0000538125 3 0 2 3 1 2 0 1 
0.0001474375 3 0 2 3 1 2 0 2 
0.0000512500 3 0 2 3 1 2 1 3 
0.0000521875 3 0 2 3 1 2 3 0 
0.0000286875 3 0 2 3 1 2 3 3 
0.0000901250 3 0 2 3 1 3 0 1 
0.0000194375 3 0 2 3 1 3 1 0 
0.0000125000 3 0 2 3 1 3 2 2 
0.0000286875 3 0 2 3 1 3 3 0 
0.0000780625 3 0 2 3 2 0 1 0 
0.0000535625 3 0 2 3 2 0 2 1 
0.0000143750 3 0 2 3 2 0 3 0 
0.0000854375 3 0 2 3 2 0 3 3 
0.0000105625 3 0 2 3 2 1 0 1 
0.0000078125 3 0 2 3 2 1 2 1 
0.0000572500 3 0 2 3 2 1 3 3 
0.0001474375 3 0 2 3 2 2 0 1 
0.0000286875 3 0 2 3 2 2 1 0 
0.0000078125 3 0 2 3 2 2 3 3 
0.0000452500 3 0 2 3 2 3 0 2 
0.0000780625 3 0 2 3 2 3 1 3 
0.0000125000 3 0 2 3 2 3 2 1 
0.0000533125 3 0 2 3 2 3 3 0 
0.0000143750 3 0 2 3 2 3 3 3 
0.0000501875 3 0 2 3 3 0 0 3 
0.0001822500 3 0 2 3 3 0 2 3 
0.0000854375 3 0 2 3 3 0 3 2 
0.0000125000 3 0 2 3 3 1 0 0 
0.0000535625 3 0 2 3 3 1 0 3 
0.0000125000 3 0 2 3 3 1 1 1 
0.0000147500 3 0 2 3 3 1 2 0 
0.0000572500 3 0 2 3 3 1 3 2 
0.0000512500 3 0 2 3 3 2 0 0 
0.0000512500 3 0 2 3 3 2 1 1 
0.0000501875 3 0 2 3 3 2 2 3 
0.0000286875 3 0 2 3 3 2 3 1 
0.0000078125 3 0 2 3 3 2 3 2 
0.0000780625 3 0 2 3 3 3 1 2 
0.0000106250 3 0 2 3 3 3 2 0 
0.0000143750 3 0 2 3 3 3 3 2 
0.0000106250 3 0 3 0 0 0 0 0 
0.0000147500 3 0 3 0 0 0 3 1 
0.0000106250 3 0 3 0 0 0 3 3 
0.0000533125 3 0 3 0 0 1 0 1 
0.0001210625 3 0 3 0 0 1 0 3 
0.0000147500 3 0 3 0 0 1 3 0 
0.0000143750 3 0 3 0 0 1 3 1 
0.0000125000 3 0 3 0 0 1 3 2 
0.0000194375 3 0 3 0 0 2 0 3 
0.0000125000 3 0 3 0 0 2 3 1 
0.0000512500 3 0 3 0 0 2 3 2 
0.0001210625 3 0 3 0 0 3 0 1 
0.0000194375 3 0 3 0 0 3 0 2 
0.0000106250 3 0 3 0 0 3 3 0 
0.0000398125 3 0 3 0 1 0 1 0 
0.0000286875 3 0 3 0 1 0 1 1 
0.0000535625 3 0 3 0 1 0 2 0 
0.0000078125 3 0 3 0 1 0 2 1 
0.0000125000 3 0 3 0 1 0 2 3 
0.0000286875 3 0 3 0 1 1 1 0 
0.0000521875 3 0 3 0 1 1 1 3 
0.0000078125 3 0 3 0 1 1 2 0 
0.0000288750 3 0 3 0 1 1 2 1 
0.0000105625 3 0 3 0 1 1 2 2 
0.0000538125 3 0 3 0 1 2 1 2 
0.0000901250 3 0 3 0 1 2 1 3 
0.0000105625 3 0 3 0 1 2 2 1 
0.0001474375 3 0 3 0 1 2 2 2 
0.0000521875 3 0 3 0 1 3 1 1 
0.0000901250 3 0 3 0 1 3 1 2 
0.0000462500 3 0 3 0 1 3 1 3 
0.0000125000 3 0 3 0 1 3 2 0 
0.0000535625 3 0 3 0 2 0 1 0 
0.0000078125 3 0 3 0 2 0 1 1 
0.0000125000 3 0 3 0 2 0 1 3 
0.0000078125 3 0 3 0 2 1 1 0 
0.0000288750 3 0 3 0 2 1 1 1 
0.0000105625 3 0 3 0 2 1 1 2 
0.0000081875 3 0 3 0 2 1 2 1 
0.0000105625 3 0 3 0 2 2 1 1 
0.0001474375 3 0 3 0 2 2 1 2 
0.0000452500 3 0 3 0 2 2 2 3 
0.0000125000 3 0 3 0 2 3 1 0 
0.0000452500 3 0 3 0 2 3 2 2 
0.0000147500 3 0 3 0 3 0 0 1 
0.0000106250 3 0 3 0 3 0 0 3 
0.0001822500 3 0 3 0 3 0 3 0 
0.0000501875 3 0 3 0 3 0 3 2 
0.0000147500 3 0 3 0 3 1 0 0 
0.0000143750 3 0 3 0 3 1 0 1 
0.0000125000 3 0 3 0 3 1 0 2 
0.0000854375 3 0 3 0 3 1 3 1 
0.0000535625 3 0 3 0 3 1 3 2 
0.0000147500 3 0 3 0 3 1 3 3 
0.0000125000 3 0 3 0 3 2 0 1 
0.0000512500 3 0 3 0 3 2 0 2 
0.0000501875 3 0 3 0 3 2 3 0 
0.0000535625 3 0 3 0 3 2 3 1 
0.0000106250 3 0 3 0 3 3 0 0 
0.0000147500 3 0 3 0 3 3 3 1 
0.0000106250 3 0 3 0 3 3 3 3 
0.0000106250 3 0 3 1 0 0 0 1 
0.0000030625 3 0 3 1 0 0 1 2 
0.0000512500 3 0 3 1 0 0 1 3 
0.0000147500 3 0 3 1 0 0 3 0 
0.0000533125 3 0 3 1 0 1 0 0 
0.0000286875 3 0 3 1 0 1 1 2 
0.0000533125 3 0 3 1 0 1 2 2 
0.0000452500 3 0 3 1 0 1 2 3 
0.0000143750 3 0 3 1 0 1 3 0 
0.0000147500 3 0 3 1 0 1 3 1 
0.0000462500 3 0 3 1 0 2 1 2 
0.0000521875 3 0 3 1 0 2 2 3 
0.0000125000 3 0 3 1 0 2 3 0 
0.0001210625 3 0 3 1 0 3 0 0 
0.0001210625 3 0 3 1 0 3 2 2 
0.0000286875 3 0 3 1 0 3 2 3 
0.0000106250 3 0 3 1 0 3 3 1 
0.0000030625 3 0 3 1 1 0 0 2 
0.0000512500 3 0 3 1 1 0 0 3 
0.0000286875 3 0 3 1 1 0 1 0 
0.0000398125 3 0 3 1 1 0 1 1 
0.0000078125 3 0 3 1 1 0 2 0 
0.0000535625 3 0 3 1 1 0 2 1 
0.0000221250 3 0 3 1 1 0 3 2 
0.0000286875 3 0 3 1 1 1 0 2 
0.0000286875 3 0 3 1 1 1 1 1 
0.0000288750 3 0 3 1 1 1 2 0 
0.0000078125 3 0 3 1 1 1 2 1 
0.0000462500 3 0 3 1 1 2 0 2 
0.0000105625 3 0 3 1 1 2 2 0 
0.0000065000 3 0 3 1 1 2 3 3 
0.0000521875 3 0 3 1 1 3 1 0 
0.0000125000 3 0 3 1 1 3 2 1 
0.0000030625 3 0 3 1 1 3 3 2 
0.0000512500 3 0 3 1 1 3 3 3 
0.0000078125 3 0 3 1 2 0 1 0 
0.0000535625 3 0 3 1 2 0 1 1 
0.0000147500 3 0 3 1 2 0 3 2 
0.0000533125 3 0 3 1 2 1 0 2 
0.0000452500 3 0 3 1 2 1 0 3 
0.0000288750 3 0 3 1 2 1 1 0 
0.0000078125 3 0 3 1 2 1 1 1 
0.0000081875 3 0 3 1 2 1 2 0 
0.0000143750 3 0 3 1 2 1 3 2 
0.0000521875 3 0 3 1 2 2 0 3 
0.0000105625 3 0 3 1 2 2 1 0 
0.0000125000 3 0 3 1 2 2 3 2 
0.0000286875 3 0 3 1 2 2 3 3 
0.0001210625 3 0 3 1 2 3 0 2 
0.0000286875 3 0 3 1 2 3 0 3 
0.0000125000 3 0 3 1 2 3 1 1 
0.0000147500 3 0 3 1 3 0 0 0 
0.0000221250 3 0 3 1 3 0 1 2 
0.0000147500 3 0 3 1 3 0 2 2 
0.0001822500 3 0 3 1 3 0 3 1 
0.0000143750 3 0 3 1 3 1 0 0 
0.0000147500 3 0 3 1 3 1 0 1 
0.0000143750 3 0 3 1 3 1 2 2 
0.0000854375 3 0 3 1 3 1 3 0 
0.0000125000 3 0 3 1 3 2 0 0 
0.0000065000 3 0 3 1 3 2 1 3 
0.0000125000 3 0 3 1 3 2 2 2 
0.0000286875 3 0 3 1 3 2 2 3 
0.0000535625 3 0 3 1 3 2 3 0 
0.0000501875 3 0 3 1 3 2 3 1 
0.0000106250 3 0 3 1 3 3 0 1 
0.0000030625 3 0 3 1 3 3 1 2 
0.0000512500 3 0 3 1 3 3 1 3 
0.0000147500 3 0 3 1 3 3 3 0 
0.0000106250 3 0 3 2 0 0 0 2 
0.0000780625 3 0 3 2 0 0 2 1 
0.0000143750 3 0 3 2 0 0 2 3 
0.0000452500 3 0 3 2 0 1 1 3 
0.0000125000 3 0 3 2 0 1 3 0 
0.0000147500 3 0 3 2 0 1 3 2 
0.0000521875 3 0 3 2 0 2 1 3 
0.0000286875 3 0 3 2 0 2 2 1 
0.0000512500 3 0 3 2 0 2 3 0 
0.0000194375 3 0 3 2 0 3 0 0 
0.0000194375 3 0 3 2 0 3 1 1 
0.0000286875 3 0 3 2 0 3 1 3 
0.0000533125 3 0 3 2 0 3 2 3 
0.0000106250 3 0 3 2 0 3 3 2 
0.0000398125 3 0 3 2 1 0 1 2 
0.0000535625 3 0 3 2 1 0 2 2 
0.0000452500 3 0 3 2 1 1 0 3 
0.0000286875 3 0 3 2 1 1 1 2 
0.0000105625 3 0 3 2 1 1 2 0 
0.0000078125 3 0 3 2 1 1 2 2 
0.0000125000 3 0 3 2 1 1 3 1 
0.0000521875 3 0 3 2 1 2 0 3 
0.0000538125 3 0 3 2 1 2 1 0 
0.0001474375 3 0 3 2 1 2 2 0 
0.0000512500 3 0 3 2 1 2 3 1 
0.0000286875 3 0 3 2 1 2 3 3 
0.0000194375 3 0 3 2 1 3 0 1 
0.0000286875 3 0 3 2 1 3 0 3 
0.0000901250 3 0 3 2 1 3 1 0 
0.0000125000 3 0 3 2 1 3 2 2 
0.0000780625 3 0 3 2 2 0 0 1 
0.0000143750 3 0 3 2 2 0 0 3 
0.0000535625 3 0 3 2 2 0 1 2 
0.0000854375 3 0 3 2 2 0 3 3 
0.0000105625 3 0 3 2 2 1 1 0 
0.0000078125 3 0 3 2 2 1 1 2 
0.0000572500 3 0 3 2 2 1 3 3 
0.0000286875 3 0 3 2 2 2 0 1 
0.0001474375 3 0 3 2 2 2 1 0 
0.0000078125 3 0 3 2 2 2 3 3 
0.0000533125 3 0 3 2 2 3 0 3 
0.0000125000 3 0 3 2 2 3 1 2 
0.0000452500 3 0 3 2 2 3 2 0 
0.0000780625 3 0 3 2 2 3 3 1 
0.0000143750 3 0 3 2 2 3 3 3 
0.0000854375 3 0 3 2 3 0 2 3 
0.0000501875 3 0 3 2 3 0 3 0 
0.0001822500 3 0 3 2 3 0 3 2 
0.0000125000 3 0 3 2 3 1 0 0 
0.0000147500 3 0 3 2 3 1 0 2 
0.0000125000 3 0 3 2 3 1 1 1 
0.0000572500 3 0 3 2 3 1 2 3 
0.0000535625 3 0 3 2 3 1 3 0 
0.0000512500 3 0 3 2 3 2 0 0 
0.0000512500 3 0 3 2 3 2 1 1 
0.0000286875 3 0 3 2 3 2 1 3 
0.0000078125 3 0 3 2 3 2 2 3 
0.0000501875 3 0 3 2 3 2 3 2 
0.0000106250 3 0 3 2 3 3 0 2 
0.0000780625 3 0 3 2 3 3 2 1 
0.0000143750 3 0 3 2 3 3 2 3 
0.0000106250 3 0 3 3 0 0 0 3 
0.0000125000 3 0 3 3 0 0 1 2 
0.0000125000 3 0 3 3 0 0 2 1 
0.0000106250 3 0 3 3 0 0 3 0 
0.0001210625 3 0 3 3 0 1 0 0 
0.0000521875 3 0 3 3 0 1 1 1 
0.0000147500 3 0 3 3 0 1 3 3 
0.0000194375 3 0 3 3 0 2 0 0 
0.0000901250 3 0 3 3 0 2 1 1 
0.0000452500 3 0 3 3 0 2 2 2 
0.0000462500 3 0 3 3 0 3 1 1 
0.0000106250 3 0 3 3 0 3 3 3 
0.0000125000 3 0 3 3 1 0 0 2 
0.0000398125 3 0 3 3 1 0 1 3 
0.0000125000 3 0 3 3 1 0 2 0 
0.0000535625 3 0 3 3 1 0 2 3 
0.0000398125 3 0 3 3 1 0 3 1 
0.0000535625 3 0 3 3 1 0 3 2 
0.0000521875 3 0 3 3 1 1 0 1 
0.0000521875 3 0 3 3 1 1 1 0 
0.0000286875 3 0 3 3 1 1 1 3 
0.0000078125 3 0 3 3 1 1 2 3 
0.0000286875 3 0 3 3 1 1 3 1 
0.0000078125 3 0 3 3 1 1 3 2 
0.0000901250 3 0 3 3 1 2 0 1 
0.0000901250 3 0 3 3 1 2 1 0 
0.0000462500 3 0 3 3 1 3 0 1 
0.0000462500 3 0 3 3 1 3 1 0 
0.0000125000 3 0 3 3 1 3 2 3 
0.0000125000 3 0 3 3 1 3 3 2 
0.0000125000 3 0 3 3 2 0 0 1 
0.0000125000 3 0 3 3 2 0 1 0 
0.0000535625 3 0 3 3 2 0 1 3 
0.0000535625 3 0 3 3 2 0 3 1 
0.0000078125 3 0 3 3 2 1 1 3 
0.0000078125 3 0 3 3 2 1 3 1 
0.0000452500 3 0 3 3 2 2 0 2 
0.0000452500 3 0 3 3 2 2 2 0 
0.0000125000 3 0 3 3 2 3 1 3 
0.0000125000 3 0 3 3 2 3 3 1 
0.0000106250 3 0 3 3 3 0 0 0 
0.0000398125 3 0 3 3 3 0 1 1 
0.0000535625 3 0 3 3 3 0 1 2 
0.0000535625 3 0 3 3 3 0 2 1 
0.0001822500 3 0 3 3 3 0 3 3 
0.0000147500 3 0 3 3 3 1 0 3 
0.0000286875 3 0 3 3 3 1 1 1 
0.0000078125 3 0 3 3 3 1 1 2 
0.0000078125 3 0 3 3 3 1 2 1 
0.0000147500 3 0 3 3 3 1 3 0 
0.0000501875 3 0 3 3 3 2 3 3 
0.0000106250 3 0 3 3 3 3 0 3 
0.0000125000 3 0 3 3 3 3 1 2 
0.0000125000 3 0 3 3 3 3 2 1 
0.0000106250 3 0 3 3 3 3 3 0 
0.0000147500 3 1 0 0 0 0 0 0 
0.0000143750 3 1 0 0 0 0 0 1 
0.0000125000 3 1 0 0 0 0 0 2 
0.0000143750 3 1 0 0 0 0 1 0 
0.0000533125 3 1 0 0 0 0 1 3 
0.0000125000 3 1 0 0 0 0 2 0 
0.0000533125 3 1 0 0 0 0 3 1 
0.0001210625 3 1 0 0 0 0 3 3 
0.0000147500 3 1 0 0 0 1 0 1 
0.0000106250 3 1 0 0 0 1 0 3 
0.0000147500 3 1 0 0 0 1 1 0 
0.0000143750 3 1 0 0 0 1 1 1 
0.0000125000 3 1 0 0 0 1 1 2 
0.0000125000 3 1 0 0 0 1 2 1 
0.0000512500 3 1 0 0 0 1 2 2 
0.0000106250 3 1 0 0 0 1 3 0 
0.0000221250 3 1 0 0 1 2 0 0 
0.0000030625 3 1 0 0 1 2 0 3 
0.0000452500 3 1 0 0 1 2 1 1 
0.0000521875 3 1 0 0 1 2 1 2 
0.0000286875 3 1 0 0 1 2 1 3 
0.0000521875 3 1 0 0 1 2 2 1 
0.0000901250 3 1 0 0 1 2 2 2 
0.0000462500 3 1 0 0 1 2 2 3 
0.0000030625 3 1 0 0 1 2 3 0 
0.0000286875 3 1 0 0 1 2 3 1 
0.0000462500 3 1 0 0 1 2 3 2 
0.0000065000 3 1 0 0 1 3 0 2 
0.0000512500 3 1 0 0 1 3 0 3 
0.0000105625 3 1 0 0 1 3 1 1 
0.0001474375 3 1 0 0 1 3 1 2 
0.0000065000 3 1 0 0 1 3 2 0 
0.0001474375 3 1 0 0 1 3 2 1 
0.0000512500 3 1 0 0 1 3 3 0 
0.0000147500 3 1 0 0 2 2 0 0 
0.0000143750 3 1 0 0 2 2 0 1 
0.0000125000 3 1 0 0 2 2 0 2 
0.0000143750 3 1 0 0 2 2 1 0 
0.0000533125 3 1 0 0 2 2 1 3 
0.0000125000 3 1 0 0 2 2 2 0 
0.0000533125 3 1 0 0 2 2 3 1 
0.0001210625 3 1 0 0 2 2 3 3 
0.0000286875 3 1 0 0 2 3 0 2 
0.0000452500 3 1 0 0 2 3 1 3 
0.0000286875 3 1 0 0 2 3 2 0 
0.0000521875 3 1 0 0 2 3 2 3 
0.0000452500 3 1 0 0 2 3 3 1 
0.0000521875 3 1 0 0 2 3 3 2 
0.0000286875 3 1 0 0 2 3 3 3 
0.0000854375 3 1 0 0 3 0 0 1 
0.0000535625 3 1 0 0 3 0 0 2 
0.0000147500 3 1 0 0 3 0 0 3 
0.0000854375 3 1 0 0 3 0 1 0 
0.0000572500 3 1 0 0 3 0 1 1 
0.0000078125 3 1 0 0 3 0 1 2 
0.0000143750 3 1 0 0 3 0 1 3 
0.0000535625 3 1 0 0 3 0 2 0 
0.0000078125 3 1 0 0 3 0 2 1 
0.0000125000 3 1 0 0 3 0 2 3 
0.0000147500 3 1 0 0 3 0 3 0 
0.0000143750 3 1 0 0 3 0 3 1 
0.0000125000 3 1 0 0 3 0 3 2 
0.0001822500 3 1 0 0 3 1 0 0 
0.0000501875 3 1 0 0 3 1 0 2 
0.0000854375 3 1 0 0 3 1 1 1 
0.0000535625 3 1 0 0 3 1 1 2 
0.0000147500 3 1 0 0 3 1 1 3 
0.0000501875 3 1 0 0 3 1 2 0 
0.0000535625 3 1 0 0 3 1 2 1 
0.0000147500 3 1 0 0 3 1 3 1 
0.0000106250 3 1 0 0 3 1 3 3 
0.0000143750 3 1 0 1 0 0 0 0 
0.0000147500 3 1 0 1 0 0 0 1 
0.0000143750 3 1 0 1 0 0 1 1 
0.0000125000 3 1 0 1 0 0 2 1 
0.0000533125 3 1 0 1 0 0 3 0 
0.0000147500 3 1 0 1 0 1 0 0 
0.0000143750 3 1 0 1 0 1 1 0 
0.0000147500 3 1 0 1 0 1 1 1 
0.0000125000 3 1 0 1 0 1 2 0 
0.0000106250 3 1 0 1 0 1 3 1 
0.0000200625 3 1 0 1 0 2 0 2 
0.0000728125 3 1 0 1 0 2 3 2 
0.0000194375 3 1 0 1 0 2 3 3 
0.0000521875 3 1 0 1 0 3 1 3 
0.0000901250 3 1 0 1 0 3 2 3 
0.0000194375 3 1 0 1 0 3 3 2 
0.0000462500 3 1 0 1 0 3 3 3 
0.0000452500 3 1 0 1 1 0 1 2 
0.0000105625 3 1 0 1 1 0 1 3 
0.0000521875 3 1 0 1 1 0 2 2 
0.0001474375 3 1 0 1 1 0 2 3 
0.0000286875 3 1 0 1 1 0 3 2 
0.0000221250 3 1 0 1 1 1 0 2 
0.0000065000 3 1 0 1 1 1 2 3 
0.0000030625 3 1 0 1 1 1 3 2 
0.0000512500 3 1 0 1 1 1 3 3 
0.0000221250 3 1 0 1 1 2 0 1 
0.0000452500 3 1 0 1 1 2 1 0 
0.0000521875 3 1 0 1 1 2 2 0 
0.0000286875 3 1 0 1 1 2 3 0 
0.0000030625 3 1 0 1 1 2 3 1 
0.0000105625 3 1 0 1 1 3 1 0 
0.0001474375 3 1 0 1 1 3 2 0 
0.0000065000 3 1 0 1 1 3 2 1 
0.0000512500 3 1 0 1 1 3 3 1 
0.0000143750 3 1 0 1 2 0 0 2 
0.0000533125 3 1 0 1 2 0 3 2 
0.0000452500 3 1 0 1 2 0 3 3 
0.0000147500 3 1 0 1 2 1 0 2 
0.0000143750 3 1 0 1 2 1 1 2 
0.0000125000 3 1 0 1 2 1 2 2 
0.0000286875 3 1 0 1 2 1 2 3 
0.0000143750 3 1 0 1 2 2 0 0 
0.0000147500 3 1 0 1 2 2 0 1 
0.0000143750 3 1 0 1 2 2 1 1 
0.0000125000 3 1 0 1 2 2 2 1 
0.0000533125 3 1 0 1 2 2 3 0 
0.0000286875 3 1 0 1 2 3 2 1 
0.0000452500 3 1 0 1 2 3 3 0 
0.0000854375 3 1 0 1 3 0 0 0 
0.0000572500 3 1 0 1 3 0 1 0 
0.0000854375 3 1 0 1 3 0 1 1 
0.0000078125 3 1 0 1 3 0 2 0 
0.0000535625 3 1 0 1 3 0 2 1 
0.0000143750 3 1 0 1 3 0 3 0 
0.0000147500 3 1 0 1 3 0 3 1 
0.0001822500 3 1 0 1 3 1 0 1 
0.0000854375 3 1 0 1 3 1 1 0 
0.0000535625 3 1 0 1 3 1 2 0 
0.0000501875 3 1 0 1 3 1 2 1 
0.0000147500 3 1 0 1 3 1 3 0 
0.0000780625 3 1 0 1 3 2 1 2 
0.0000125000 3 1 0 1 3 2 1 3 
0.0000030625 3 1 0 1 3 2 2 2 
0.0000512500 3 1 0 1 3 2 2 3 
0.0000200625 3 1 0 1 3 2 3 2 
0.0000398125 3 1 0 1 3 3 0 3 
0.0000125000 3 1 0 1 3 3 1 2 
0.0000286875 3 1 0 1 3 3 1 3 
0.0000512500 3 1 0 1 3 3 2 2 
0.0000125000 3 1 0 2 0 0 0 0 
0.0000147500 3 1 0 2 0 0 0 2 
0.0000143750 3 1 0 2 0 0 1 2 
0.0000125000 3 1 0 2 0 0 2 2 
0.0000125000 3 1 0 2 0 1 1 0 
0.0000147500 3 1 0 2 0 1 1 2 
0.0000512500 3 1 0 2 0 1 2 0 
0.0000106250 3 1 0 2 0 1 3 2 
0.0000780625 3 1 0 2 0 2 0 3 
0.0001210625 3 1 0 2 0 2 1 1 
0.0000194375 3 1 0 2 0 2 2 1 
0.0000286875 3 1 0 2 0 2 2 3 
0.0000030625 3 1 0 2 0 3 0 1 
0.0000125000 3 1 0 2 0 3 0 3 
0.0000286875 3 1 0 2 0 3 1 1 
0.0000462500 3 1 0 2 0 3 2 1 
0.0000125000 3 1 0 2 1 0 0 1 
0.0000452500 3 1 0 2 1 0 3 3 
0.0000125000 3 1 0 2 1 1 1 1 
0.0000512500 3 1 0 2 1 1 2 1 
0.0000286875 3 1 0 2 1 1 2 3 
0.0000221250 3 1 0 2 1 2 0 2 
0.0000521875 3 1 0 2 1 2 1 0 
0.0000901250 3 1 0 2 1 2 2 0 
0.0000462500 3 1 0 2 1 2 3 0 
0.0000030625 3 1 0 2 1 2 3 2 
0.0000065000 3 1 0 2 1 3 0 0 
0.0001474375 3 1 0 2 1 3 1 0 
0.0000065000 3 1 0 2 1 3 2 2 
0.0000512500 3 1 0 2 1 3 3 2 
0.0000572500 3 1 0 2 2 0 0 3 
0.0000452500 3 1 0 2 2 0 2 1 
0.0000288750 3 1 0 2 2 0 2 3 
0.0000854375 3 1 0 2 2 1 0 3 
0.0000572500 3 1 0 2 2 1 1 3 
0.0000078125 3 1 0 2 2 1 2 3 
0.0000780625 3 1 0 2 2 1 3 1 
0.0000143750 3 1 0 2 2 1 3 3 
0.0000125000 3 1 0 2 2 2 0 0 
0.0000147500 3 1 0 2 2 2 0 2 
0.0000143750 3 1 0 2 2 2 1 2 
0.0000125000 3 1 0 2 2 2 2 2 
0.0000286875 3 1 0 2 2 3 0 0 
0.0000286875 3 1 0 2 2 3 2 2 
0.0000521875 3 1 0 2 2 3 3 0 
0.0000535625 3 1 0 2 3 0 0 0 
0.0000078125 3 1 0 2 3 0 1 0 
0.0000854375 3 1 0 2 3 0 1 2 
0.0000535625 3 1 0 2 3 0 2 2 
0.0000125000 3 1 0 2 3 0 3 0 
0.0000147500 3 1 0 2 3 0 3 2 
0.0000501875 3 1 0 2 3 1 0 0 
0.0001822500 3 1 0 2 3 1 0 2 
0.0000535625 3 1 0 2 3 1 1 0 
0.0000501875 3 1 0 2 3 1 2 2 
0.0000106250 3 1 0 2 3 2 0 1 
0.0000780625 3 1 0 2 3 2 3 3 
0.0000221250 3 1 0 2 3 3 0 1 
0.0000535625 3 1 0 2 3 3 0 3 
0.0000078125 3 1 0 2 3 3 1 3 
0.0000030625 3 1 0 2 3 3 3 1 
0.0000125000 3 1 0 2 3 3 3 3 
0.0000147500 3 1 0 3 0 0 0 3 
0.0000533125 3 1 0 3 0 0 1 0 
0.0000143750 3 1 0 3 0 0 1 3 
0.0000125000 3 1 0 3 0 0 2 3 
0.0001210625 3 1 0 3 0 0 3 0 
0.0000106250 3 1 0 3 0 1 0 0 
0.0000147500 3 1 0 3 0 1 1 3 
0.0000106250 3 1 0 3 0 1 3 3 
0.0000030625 3 1 0 3 0 2 0 1 
0.0000286875 3 1 0 3 0 2 1 1 
0.0000533125 3 1 0 3 0 2 1 2 
0.0000462500 3 1 0 3 0 2 2 1 
0.0001210625 3 1 0 3 0 2 3 2 
0.0000512500 3 1 0 3 0 3 0 1 
0.0000452500 3 1 0 3 0 3 1 2 
0.0000521875 3 1 0 3 0 3 2 2 
0.0000286875 3 1 0 3 0 3 3 2 
0.0000286875 3 1 0 3 1 0 0 1 
0.0000078125 3 1 0 3 1 0 0 2 
0.0000288750 3 1 0 3 1 0 1 2 
0.0000105625 3 1 0 3 1 0 2 2 
0.0000521875 3 1 0 3 1 0 3 1 
0.0000398125 3 1 0 3 1 1 0 1 
0.0000535625 3 1 0 3 1 1 0 2 
0.0000286875 3 1 0 3 1 1 1 1 
0.0000078125 3 1 0 3 1 1 1 2 
0.0000125000 3 1 0 3 1 1 3 2 
0.0000030625 3 1 0 3 1 2 0 0 
0.0000221250 3 1 0 3 1 2 0 3 
0.0000286875 3 1 0 3 1 2 1 0 
0.0000462500 3 1 0 3 1 2 2 0 
0.0000030625 3 1 0 3 1 2 3 3 
0.0000512500 3 1 0 3 1 3 0 0 
0.0000065000 3 1 0 3 1 3 2 3 
0.0000512500 3 1 0 3 1 3 3 3 
0.0000078125 3 1 0 3 2 0 0 1 
0.0000288750 3 1 0 3 2 0 1 1 
0.0000081875 3 1 0 3 2 0 1 2 
0.0000105625 3 1 0 3 2 0 2 1 
0.0000535625 3 1 0 3 2 1 0 1 
0.0000078125 3 1 0 3 2 1 1 1 
0.0000125000 3 1 0 3 2 1 3 1 
0.0000147500 3 1 0 3 2 2 0 3 
0.0000533125 3 1 0 3 2 2 1 0 
0.0000143750 3 1 0 3 2 2 1 3 
0.0000125000 3 1 0 3 2 2 2 3 
0.0001210625 3 1 0 3 2 2 3 0 
0.0000452500 3 1 0 3 2 3 1 0 
0.0000521875 3 1 0 3 2 3 2 0 
0.0000286875 3 1 0 3 2 3 2 3 
0.0000286875 3 1 0 3 2 3 3 0 
0.0000147500 3 1 0 3 3 0 0 0 
0.0000143750 3 1 0 3 3 0 1 0 
0.0000854375 3 1 0 3 3 0 1 3 
0.0000125000 3 1 0 3 3 0 2 0 
0.0000535625 3 1 0 3 3 0 2 3 
0.0000147500 3 1 0 3 3 0 3 3 
0.0001822500 3 1 0 3 3 1 0 3 
0.0000147500 3 1 0 3 3 1 1 0 
0.0000501875 3 1 0 3 3 1 2 3 
0.0000106250 3 1 0 3 3 1 3 0 
0.0000221250 3 1 0 3 3 2 0 1 
0.0000147500 3 1 0 3 3 2 0 2 
0.0000143750 3 1 0 3 3 2 1 2 
0.0000125000 3 1 0 3 3 2 2 2 
0.0000030625 3 1 0 3 3 2 3 1 
0.0000065000 3 1 0 3 3 3 2 1 
0.0000286875 3 1 0 3 3 3 2 2 
0.0000512500 3 1 0 3 3 3 3 1 
0.0000143750 3 1 1 0 0 0 0 0 
0.0000533125 3 1 1 0 0 0 0 3 
0.0000147500 3 1 1 0 0 0 1 0 
0.0000143750 3 1 1 0 0 0 1 1 
0.0000125000 3 1 1 0 0 0 1 2 
0.0000147500 3 1 1 0 0 1 0 0 
0.0000143750 3 1 1 0 0 1 0 1 
0.0000125000 3 1 1 0 0 1 0 2 
0.0000147500 3 1 1 0 0 1 1 1 
0.0000106250 3 1 1 0 0 1 1 3 
0.0000200625 3 1 1 0 0 2 2 0 
0.0000728125 3 1 1 0 0 2 2 3 
0.0000194375 3 1 1 0 0 2 3 3 
0.0000194375 3 1 1 0 0 3 2 3 
0.0000521875 3 1 1 0 0 3 3 1 
0.0000901250 3 1 1 0 0 3 3 2 
0.0000462500 3 1 1 0 0 3 3 3 
0.0000452500 3 1 1 0 1 0 2 1 
0.0000521875 3 1 1 0 1 0 2 2 
0.0000286875 3 1 1 0 1 0 2 3 
0.0000105625 3 1 1 0 1 0 3 1 
0.0001474375 3 1 1 0 1 0 3 2 
0.0000221250 3 1 1 0 1 1 2 0 
0.0000030625 3 1 1 0 1 1 2 3 
0.0000065000 3 1 1 0 1 1 3 2 
0.0000512500 3 1 1 0 1 1 3 3 
0.0000452500 3 1 1 0 1 2 0 1 
0.0000521875 3 1 1 0 1 2 0 2 
0.0000286875 3 1 1 0 1 2 0 3 
0.0000221250 3 1 1 0 1 2 1 0 
0.0000030625 3 1 1 0 1 2 1 3 
0.0000105625 3 1 1 0 1 3 0 1 
0.0001474375 3 1 1 0 1 3 0 2 
0.0000065000 3 1 1 0 1 3 1 2 
0.0000512500 3 1 1 0 1 3 1 3 
0.0000143750 3 1 1 0 2 0 2 0 
0.0000533125 3 1 1 0 2 0 2 3 
0.0000452500 3 1 1 0 2 0 3 3 
0.0000147500 3 1 1 0 2 1 2 0 
0.0000143750 3 1 1 0 2 1 2 1 
0.0000125000 3 1 1 0 2 1 2 2 
0.0000286875 3 1 1 0 2 1 3 2 
0.0000143750 3 1 1 0 2 2 0 0 
0.0000533125 3 1 1 0 2 2 0 3 
0.0000147500 3 1 1 0 2 2 1 0 
0.0000143750 3 1 1 0 2 2 1 1 
0.0000125000 3 1 1 0 2 2 1 2 
0.0000452500 3 1 1 0 2 3 0 3 
0.0000286875 3 1 1 0 2 3 1 2 
0.0000854375 3 1 1 0 3 0 0 0 
0.0000572500 3 1 1 0 3 0 0 1 
0.0000078125 3 1 1 0 3 0 0 2 
0.0000143750 3 1 1 0 3 0 0 3 
0.0000854375 3 1 1 0 3 0 1 1 
0.0000535625 3 1 1 0 3 0 1 2 
0.0000147500 3 1 1 0 3 0 1 3 
0.0000854375 3 1 1 0 3 1 0 1 
0.0000535625 3 1 1 0 3 1 0 2 
0.0000147500 3 1 1 0 3 1 0 3 
0.0001822500 3 1 1 0 3 1 1 0 
0.0000501875 3 1 1 0 3 1 1 2 
0.0000780625 3 1 1 0 3 2 2 1 
0.0000030625 3 1 1 0 3 2 2 2 
0.0000200625 3 1 1 0 3 2 2 3 
0.0000125000 3 1 1 0 3 2 3 1 
0.0000512500 3 1 1 0 3 2 3 2 
0.0000125000 3 1 1 0 3 3 2 1 
0.0000512500 3 1 1 0 3 3 2 2 
0.0000398125 3 1 1 0 3 3 3 0 
0.0000286875 3 1 1 0 3 3 3 1 
0.0000143750 3 1 1 1 0 0 0 1 
0.0000143750 3 1 1 1 0 0 1 0 
0.0000147500 3 1 1 1 0 0 1 1 
0.0000521875 3 1 1 1 0 0 3 3 
0.0000143750 3 1 1 1 0 1 0 0 
0.0000147500 3 1 1 1 0 1 0 1 
0.0000147500 3 1 1 1 0 1 1 0 
0.0000200625 3 1 1 1 0 1 2 2 
0.0000200625 3 1 1 1 0 2 1 2 
0.0000200625 3 1 1 1 0 2 2 1 
0.0000521875 3 1 1 1 0 3 0 3 
0.0000521875 3 1 1 1 0 3 3 0 
0.0000452500 3 1 1 1 1 0 0 2 
0.0000105625 3 1 1 1 1 0 0 3 
0.0000452500 3 1 1 1 1 0 2 0 
0.0000105625 3 1 1 1 1 0 3 0 
0.0000221250 3 1 1 1 1 1 1 2 
0.0000221250 3 1 1 1 1 1 2 1 
0.0000452500 3 1 1 1 1 2 0 0 
0.0000221250 3 1 1 1 1 2 1 1 
0.0000194375 3 1 1 1 1 2 2 2 
0.0000462500 3 1 1 1 1 2 2 3 
0.0000462500 3 1 1 1 1 2 3 2 
0.0000105625 3 1 1 1 1 3 0 0 
0.0000462500 3 1 1 1 1 3 2 2 
0.0000538125 3 1 1 1 1 3 3 3 
0.0000143750 3 1 1 1 2 0 1 2 
0.0000143750 3 1 1 1 2 0 2 1 
0.0000143750 3 1 1 1 2 1 0 2 
0.0000147500 3 1 1 1 2 1 1 2 
0.0000143750 3 1 1 1 2 1 2 0 
0.0000147500 3 1 1 1 2 1 2 1 
0.0000143750 3 1 1 1 2 2 0 1 
0.0000143750 3 1 1 1 2 2 1 0 
0.0000147500 3 1 1 1 2 2 1 1 
0.0000521875 3 1 1 1 2 2 3 3 
0.0000521875 3 1 1 1 2 3 2 3 
0.0000521875 3 1 1 1 2 3 3 2 
0.0001474375 3 1 1 1 2 3 3 3 
0.0000572500 3 1 1 1 3 0 0 0 
0.0000854375 3 1 1 1 3 0 0 1 
0.0000854375 3 1 1 1 3 0 1 0 
0.0000780625 3 1 1 1 3 0 2 2 
0.0000125000 3 1 1 1 3 0 2 3 
0.0000125000 3 1 1 1 3 0 3 2 
0.0000286875 3 1 1 1 3 0 3 3 
0.0000854375 3 1 1 1 3 1 0 0 
0.0001822500 3 1 1 1 3 1 1 1 
0.0000398125 3 1 1 1 3 1 3 3 
0.0000780625 3 1 1 1 3 2 0 2 
0.0000125000 3 1 1 1 3 2 0 3 
0.0000780625 3 1 1 1 3 2 2 0 
0.0000125000 3 1 1 1 3 2 3 0 
0.0000125000 3 1 1 1 3 3 0 2 
0.0000286875 3 1 1 1 3 3 0 3 
0.0000398125 3 1 1 1 3 3 1 3 
0.0000125000 3 1 1 1 3 3 2 0 
0.0000286875 3 1 1 1 3 3 3 0 
0.0000398125 3 1 1 1 3 3 3 1 
0.0000143750 3 1 1 2 0 0 0 2 
0.0000125000 3 1 1 2 0 0 1 0 
0.0000147500 3 1 1 2 0 0 1 2 
0.0001210625 3 1 1 2 0 0 2 1 
0.0000286875 3 1 1 2 0 0 3 1 
0.0000125000 3 1 1 2 0 1 0 0 
0.0000147500 3 1 1 2 0 1 0 2 
0.0000780625 3 1 1 2 0 1 2 3 
0.0000030625 3 1 1 2 0 1 3 1 
0.0000125000 3 1 1 2 0 1 3 3 
0.0001210625 3 1 1 2 0 2 0 1 
0.0000780625 3 1 1 2 0 2 1 3 
0.0000200625 3 1 1 2 0 2 2 2 
0.0000286875 3 1 1 2 0 3 0 1 
0.0000030625 3 1 1 2 0 3 1 1 
0.0000125000 3 1 1 2 0 3 1 3 
0.0000901250 3 1 1 2 0 3 3 0 
0.0000125000 3 1 1 2 1 0 1 1 
0.0000521875 3 1 1 2 1 0 2 0 
0.0001474375 3 1 1 2 1 0 3 0 
0.0000125000 3 1 1 2 1 1 0 1 
0.0000221250 3 1 1 2 1 1 2 2 
0.0000065000 3 1 1 2 1 1 3 0 
0.0000521875 3 1 1 2 1 2 0 0 
0.0000221250 3 1 1 2 1 2 1 2 
0.0000521875 3 1 1 2 1 2 3 3 
0.0001474375 3 1 1 2 1 3 0 0 
0.0000065000 3 1 1 2 1 3 1 0 
0.0000521875 3 1 1 2 1 3 2 3 
0.0000901250 3 1 1 2 1 3 3 1 
0.0001474375 3 1 1 2 1 3 3 3 
0.0000572500 3 1 1 2 2 0 1 3 
0.0000143750 3 1 1 2 2 0 2 2 
0.0000572500 3 1 1 2 2 1 0 3 
0.0000854375 3 1 1 2 2 1 1 3 
0.0000125000 3 1 1 2 2 1 2 0 
0.0000147500 3 1 1 2 2 1 2 2 
0.0000286875 3 1 1 2 2 1 3 0 
0.0000143750 3 1 1 2 2 2 0 2 
0.0000125000 3 1 1 2 2 2 1 0 
0.0000147500 3 1 1 2 2 2 1 2 
0.0001210625 3 1 1 2 2 2 2 1 
0.0000286875 3 1 1 2 2 2 3 1 
0.0000286875 3 1 1 2 2 3 1 0 
0.0000286875 3 1 1 2 2 3 2 1 
0.0000078125 3 1 1 2 3 0 0 0 
0.0000854375 3 1 1 2 3 0 0 2 
0.0000535625 3 1 1 2 3 0 1 0 
0.0000078125 3 1 1 2 3 0 3 3 
0.0000535625 3 1 1 2 3 1 0 0 
0.0000501875 3 1 1 2 3 1 1 0 
0.0001822500 3 1 1 2 3 1 1 2 
0.0000106250 3 1 1 2 3 1 2 1 
0.0000221250 3 1 1 2 3 1 3 1 
0.0000535625 3 1 1 2 3 1 3 3 
0.0000106250 3 1 1 2 3 2 1 1 
0.0000030625 3 1 1 2 3 2 2 0 
0.0000512500 3 1 1 2 3 2 3 0 
0.0000078125 3 1 1 2 3 3 0 3 
0.0000221250 3 1 1 2 3 3 1 1 
0.0000535625 3 1 1 2 3 3 1 3 
0.0000512500 3 1 1 2 3 3 2 0 
0.0000398125 3 1 1 2 3 3 3 2 
0.0000533125 3 1 1 3 0 0 0 0 
0.0000143750 3 1 1 3 0 0 0 3 
0.0000147500 3 1 1 3 0 0 1 3 
0.0000286875 3 1 1 3 0 0 2 1 
0.0000533125 3 1 1 3 0 0 2 2 
0.0000452500 3 1 1 3 0 0 3 2 
0.0000147500 3 1 1 3 0 1 0 3 
0.0000106250 3 1 1 3 0 1 1 0 
0.0000030625 3 1 1 3 0 1 2 1 
0.0000512500 3 1 1 3 0 1 3 1 
0.0000286875 3 1 1 3 0 2 0 1 
0.0000533125 3 1 1 3 0 2 0 2 
0.0000030625 3 1 1 3 0 2 1 1 
0.0000728125 3 1 1 3 0 2 2 0 
0.0000200625 3 1 1 3 0 2 2 3 
0.0000194375 3 1 1 3 0 2 3 0 
0.0000452500 3 1 1 3 0 3 0 2 
0.0000512500 3 1 1 3 0 3 1 1 
0.0000194375 3 1 1 3 0 3 2 0 
0.0000462500 3 1 1 3 0 3 3 0 
0.0000288750 3 1 1 3 1 0 0 2 
0.0000286875 3 1 1 3 1 0 1 1 
0.0000078125 3 1 1 3 1 0 1 2 
0.0000286875 3 1 1 3 1 0 2 0 
0.0000286875 3 1 1 3 1 1 0 1 
0.0000078125 3 1 1 3 1 1 0 2 
0.0000398125 3 1 1 3 1 1 1 1 
0.0000535625 3 1 1 3 1 1 1 2 
0.0000030625 3 1 1 3 1 1 2 0 
0.0000221250 3 1 1 3 1 1 2 3 
0.0000512500 3 1 1 3 1 1 3 0 
0.0000286875 3 1 1 3 1 2 0 0 
0.0000030625 3 1 1 3 1 2 1 0 
0.0000221250 3 1 1 3 1 2 1 3 
0.0000286875 3 1 1 3 1 2 2 2 
0.0000901250 3 1 1 3 1 2 3 1 
0.0000512500 3 1 1 3 1 3 1 0 
0.0000901250 3 1 1 3 1 3 2 1 
0.0000288750 3 1 1 3 2 0 0 1 
0.0000081875 3 1 1 3 2 0 0 2 
0.0000078125 3 1 1 3 2 0 1 1 
0.0000533125 3 1 1 3 2 0 2 0 
0.0000143750 3 1 1 3 2 0 2 3 
0.0000452500 3 1 1 3 2 0 3 0 
0.0000078125 3 1 1 3 2 1 0 1 
0.0000535625 3 1 1 3 2 1 1 1 
0.0000147500 3 1 1 3 2 1 2 3 
0.0000533125 3 1 1 3 2 2 0 0 
0.0000143750 3 1 1 3 2 2 0 3 
0.0000147500 3 1 1 3 2 2 1 3 
0.0000286875 3 1 1 3 2 2 2 1 
0.0000533125 3 1 1 3 2 2 2 2 
0.0000452500 3 1 1 3 2 2 3 2 
0.0000452500 3 1 1 3 2 3 0 0 
0.0000452500 3 1 1 3 2 3 2 2 
0.0000105625 3 1 1 3 2 3 3 2 
0.0000143750 3 1 1 3 3 0 0 0 
0.0000854375 3 1 1 3 3 0 0 3 
0.0000147500 3 1 1 3 3 0 1 0 
0.0000143750 3 1 1 3 3 0 2 2 
0.0000147500 3 1 1 3 3 1 0 0 
0.0001822500 3 1 1 3 3 1 1 3 
0.0000221250 3 1 1 3 3 1 2 1 
0.0000147500 3 1 1 3 3 1 2 2 
0.0000143750 3 1 1 3 3 2 0 2 
0.0000221250 3 1 1 3 3 2 1 1 
0.0000147500 3 1 1 3 3 2 1 2 
0.0000200625 3 1 1 3 3 2 2 0 
0.0000398125 3 1 1 3 3 3 3 3 
0.0000125000 3 1 2 0 0 0 0 0 
0.0000147500 3 1 2 0 0 0 2 0 
0.0000143750 3 1 2 0 0 0 2 1 
0.0000125000 3 1 2 0 0 0 2 2 
0.0000125000 3 1 2 0 0 1 0 1 
0.0000512500 3 1 2 0 0 1 0 2 
0.0000147500 3 1 2 0 0 1 2 1 
0.0000106250 3 1 2 0 0 1 2 3 
0.0001210625 3 1 2 0 0 2 1 1 
0.0000194375 3 1 2 0 0 2 1 2 
0.0000780625 3 1 2 0 0 2 3 0 
0.0000286875 3 1 2 0 0 2 3 2 
0.0000030625 3 1 2 0 0 3 1 0 
0.0000286875 3 1 2 0 0 3 1 1 
0.0000462500 3 1 2 0 0 3 1 2 
0.0000125000 3 1 2 0 0 3 3 0 
0.0000125000 3 1 2 0 1 0 1 0 
0.0000452500 3 1 2 0 1 0 3 3 
0.0000125000 3 1 2 0 1 1 1 1 
0.0000512500 3 1 2 0 1 1 1 2 
0.0000286875 3 1 2 0 1 1 3 2 
0.0000521875 3 1 2 0 1 2 0 1 
0.0000901250 3 1 2 0 1 2 0 2 
0.0000462500 3 1 2 0 1 2 0 3 
0.0000221250 3 1 2 0 1 2 2 0 
0.0000030625 3 1 2 0 1 2 2 3 
0.0000065000 3 1 2 0 1 3 0 0 
0.0001474375 3 1 2 0 1 3 0 1 
0.0000065000 3 1 2 0 1 3 2 2 
0.0000512500 3 1 2 0 1 3 2 3 
0.0000452500 3 1 2 0 2 0 1 2 
0.0000572500 3 1 2 0 2 0 3 0 
0.0000288750 3 1 2 0 2 0 3 2 
0.0000780625 3 1 2 0 2 1 1 3 
0.0000854375 3 1 2 0 2 1 3 0 
0.0000572500 3 1 2 0 2 1 3 1 
0.0000078125 3 1 2 0 2 1 3 2 
0.0000143750 3 1 2 0 2 1 3 3 
0.0000125000 3 1 2 0 2 2 0 0 
0.0000147500 3 1 2 0 2 2 2 0 
0.0000143750 3 1 2 0 2 2 2 1 
0.0000125000 3 1 2 0 2 2 2 2 
0.0000286875 3 1 2 0 2 3 0 0 
0.0000521875 3 1 2 0 2 3 0 3 
0.0000286875 3 1 2 0 2 3 2 2 
0.0000535625 3 1 2 0 3 0 0 0 
0.0000078125 3 1 2 0 3 0 0 1 
0.0000125000 3 1 2 0 3 0 0 3 
0.0000854375 3 1 2 0 3 0 2 1 
0.0000535625 3 1 2 0 3 0 2 2 
0.0000147500 3 1 2 0 3 0 2 3 
0.0000501875 3 1 2 0 3 1 0 0 
0.0000535625 3 1 2 0 3 1 0 1 
0.0001822500 3 1 2 0 3 1 2 0 
0.0000501875 3 1 2 0 3 1 2 2 
0.0000106250 3 1 2 0 3 2 1 0 
0.0000780625 3 1 2 0 3 2 3 3 
0.0000221250 3 1 2 0 3 3 1 0 
0.0000030625 3 1 2 0 3 3 1 3 
0.0000535625 3 1 2 0 3 3 3 0 
0.0000078125 3 1 2 0 3 3 3 1 
0.0000125000 3 1 2 0 3 3 3 3 
0.0000125000 3 1 2 1 0 0 0 1 
0.0001210625 3 1 2 1 0 0 1 2 
0.0000286875 3 1 2 1 0 0 1 3 
0.0000143750 3 1 2 1 0 0 2 0 
0.0000147500 3 1 2 1 0 0 2 1 
0.0000125000 3 1 2 1 0 1 0 0 
0.0000030625 3 1 2 1 0 1 1 3 
0.0000147500 3 1 2 1 0 1 2 0 
0.0000780625 3 1 2 1 0 1 3 2 
0.0000125000 3 1 2 1 0 1 3 3 
0.0001210625 3 1 2 1 0 2 1 0 
0.0000200625 3 1 2 1 0 2 2 2 
0.0000780625 3 1 2 1 0 2 3 1 
0.0000901250 3 1 2 1 0 3 0 3 
0.0000286875 3 1 2 1 0 3 1 0 
0.0000030625 3 1 2 1 0 3 1 1 
0.0000125000 3 1 2 1 0 3 3 1 
0.0000521875 3 1 2 1 1 0 0 2 
0.0001474375 3 1 2 1 1 0 0 3 
0.0000125000 3 1 2 1 1 0 1 1 
0.0000065000 3 1 2 1 1 1 0 3 
0.0000125000 3 1 2 1 1 1 1 0 
0.0000221250 3 1 2 1 1 1 2 2 
0.0000521875 3 1 2 1 1 2 0 0 
0.0000221250 3 1 2 1 1 2 2 1 
0.0000521875 3 1 2 1 1 2 3 3 
0.0001474375 3 1 2 1 1 3 0 0 
0.0000065000 3 1 2 1 1 3 0 1 
0.0000901250 3 1 2 1 1 3 1 3 
0.0000521875 3 1 2 1 1 3 3 2 
0.0001474375 3 1 2 1 1 3 3 3 
0.0000143750 3 1 2 1 2 0 2 2 
0.0000572500 3 1 2 1 2 0 3 1 
0.0000125000 3 1 2 1 2 1 0 2 
0.0000286875 3 1 2 1 2 1 0 3 
0.0000147500 3 1 2 1 2 1 2 2 
0.0000572500 3 1 2 1 2 1 3 0 
0.0000854375 3 1 2 1 2 1 3 1 
0.0000125000 3 1 2 1 2 2 0 1 
0.0001210625 3 1 2 1 2 2 1 2 
0.0000286875 3 1 2 1 2 2 1 3 
0.0000143750 3 1 2 1 2 2 2 0 
0.0000147500 3 1 2 1 2 2 2 1 
0.0000286875 3 1 2 1 2 3 0 1 
0.0000286875 3 1 2 1 2 3 1 2 
0.0000078125 3 1 2 1 3 0 0 0 
0.0000535625 3 1 2 1 3 0 0 1 
0.0000854375 3 1 2 1 3 0 2 0 
0.0000078125 3 1 2 1 3 0 3 3 
0.0000535625 3 1 2 1 3 1 0 0 
0.0000501875 3 1 2 1 3 1 0 1 
0.0000106250 3 1 2 1 3 1 1 2 
0.0000221250 3 1 2 1 3 1 1 3 
0.0001822500 3 1 2 1 3 1 2 1 
0.0000535625 3 1 2 1 3 1 3 3 
0.0000030625 3 1 2 1 3 2 0 2 
0.0000512500 3 1 2 1 3 2 0 3 
0.0000106250 3 1 2 1 3 2 1 1 
0.0000512500 3 1 2 1 3 3 0 2 
0.0000221250 3 1 2 1 3 3 1 1 
0.0000398125 3 1 2 1 3 3 2 3 
0.0000078125 3 1 2 1 3 3 3 0 
0.0000535625 3 1 2 1 3 3 3 1 
0.0000125000 3 1 2 2 0 0 0 2 
0.0000533125 3 1 2 2 0 0 1 3 
0.0000125000 3 1 2 2 0 0 2 0 
0.0000147500 3 1 2 2 0 0 2 2 
0.0000533125 3 1 2 2 0 0 3 1 
0.0000512500 3 1 2 2 0 1 0 0 
0.0000200625 3 1 2 2 0 1 1 1 
0.0000194375 3 1 2 2 0 2 0 1 
0.0000286875 3 1 2 2 0 2 0 3 
0.0000194375 3 1 2 2 0 2 1 0 
0.0000780625 3 1 2 2 0 2 2 3 
0.0000286875 3 1 2 2 0 2 3 0 
0.0000780625 3 1 2 2 0 2 3 2 
0.0000462500 3 1 2 2 0 3 0 1 
0.0000462500 3 1 2 2 0 3 1 0 
0.0000030625 3 1 2 2 0 3 1 2 
0.0000030625 3 1 2 2 0 3 2 1 
0.0000125000 3 1 2 2 0 3 2 3 
0.0000125000 3 1 2 2 0 3 3 2 
0.0000125000 3 1 2 2 1 0 1 2 
0.0000125000 3 1 2 2 1 0 2 1 
0.0000512500 3 1 2 2 1 1 0 1 
0.0000286875 3 1 2 2 1 1 0 3 
0.0000512500 3 1 2 2 1 1 1 0 
0.0000286875 3 1 2 2 1 1 3 0 
0.0000901250 3 1 2 2 1 2 0 0 
0.0000194375 3 1 2 2 1 2 1 1 
0.0000286875 3 1 2 2 1 2 1 3 
0.0000221250 3 1 2 2 1 2 2 2 
0.0000286875 3 1 2 2 1 2 3 1 
0.0000065000 3 1 2 2 1 3 0 2 
0.0000462500 3 1 2 2 1 3 1 1 
0.0000065000 3 1 2 2 1 3 2 0 
0.0000452500 3 1 2 2 2 0 0 1 
0.0000288750 3 1 2 2 2 0 0 3 
0.0000452500 3 1 2 2 2 0 1 0 
0.0000572500 3 1 2 2 2 0 2 3 
0.0000288750 3 1 2 2 2 0 3 0 
0.0000572500 3 1 2 2 2 0 3 2 
0.0000078125 3 1 2 2 2 1 0 3 
0.0000854375 3 1 2 2 2 1 2 3 
0.0000078125 3 1 2 2 2 1 3 0 
0.0000854375 3 1 2 2 2 1 3 2 
0.0000125000 3 1 2 2 2 2 0 2 
0.0000533125 3 1 2 2 2 2 1 3 
0.0000125000 3 1 2 2 2 2 2 0 
0.0000147500 3 1 2 2 2 2 2 2 
0.0000533125 3 1 2 2 2 2 3 1 
0.0000286875 3 1 2 2 2 3 0 2 
0.0000452500 3 1 2 2 2 3 1 3 
0.0000286875 3 1 2 2 2 3 2 0 
0.0000452500 3 1 2 2 2 3 3 1 
0.0000288750 3 1 2 2 2 3 3 3 
0.0000535625 3 1 2 2 3 0 0 2 
0.0000780625 3 1 2 2 3 0 1 1 
0.0000143750 3 1 2 2 3 0 1 3 
0.0000535625 3 1 2 2 3 0 2 0 
0.0000143750 3 1 2 2 3 0 3 1 
0.0000501875 3 1 2 2 3 1 0 2 
0.0000147500 3 1 2 2 3 1 1 3 
0.0000501875 3 1 2 2 3 1 2 0 
0.0001822500 3 1 2 2 3 1 2 2 
0.0000147500 3 1 2 2 3 1 3 1 
0.0000106250 3 1 2 2 3 2 1 2 
0.0000106250 3 1 2 2 3 2 2 1 
0.0000221250 3 1 2 2 3 3 1 2 
0.0000221250 3 1 2 2 3 3 2 1 
0.0000535625 3 1 2 2 3 3 2 3 
0.0000535625 3 1 2 2 3 3 3 2 
0.0000125000 3 1 2 3 0 0 0 3 
0.0000147500 3 1 2 3 0 0 2 3 
0.0000452500 3 1 2 3 0 0 3 1 
0.0000780625 3 1 2 3 0 1 1 2 
0.0000106250 3 1 2 3 0 1 2 0 
0.0000143750 3 1 2 3 0 1 3 2 
0.0000462500 3 1 2 3 0 2 0 1 
0.0000030625 3 1 2 3 0 2 2 1 
0.0000780625 3 1 2 3 0 2 3 3 
0.0000521875 3 1 2 3 0 3 0 2 
0.0000030625 3 1 2 3 0 3 1 3 
0.0000512500 3 1 2 3 0 3 2 1 
0.0000125000 3 1 2 3 0 3 3 3 
0.0000105625 3 1 2 3 1 0 0 2 
0.0000125000 3 1 2 3 1 0 1 3 
0.0000286875 3 1 2 3 1 0 2 1 
0.0000078125 3 1 2 3 1 0 2 2 
0.0000452500 3 1 2 3 1 0 3 0 
0.0000398125 3 1 2 3 1 1 2 1 
0.0000535625 3 1 2 3 1 1 2 2 
0.0000462500 3 1 2 3 1 2 0 0 
0.0000462500 3 1 2 3 1 2 1 1 
0.0000030625 3 1 2 3 1 2 2 0 
0.0000221250 3 1 2 3 1 2 2 3 
0.0000452500 3 1 2 3 1 2 3 2 
0.0000065000 3 1 2 3 1 3 0 3 
0.0000521875 3 1 2 3 1 3 1 2 
0.0000512500 3 1 2 3 1 3 2 0 
0.0000105625 3 1 2 3 1 3 3 2 
0.0000105625 3 1 2 3 2 0 0 1 
0.0000078125 3 1 2 3 2 0 2 1 
0.0000572500 3 1 2 3 2 0 3 3 
0.0000780625 3 1 2 3 2 1 1 0 
0.0000535625 3 1 2 3 2 1 2 1 
0.0000143750 3 1 2 3 2 1 3 0 
0.0000854375 3 1 2 3 2 1 3 3 
0.0000125000 3 1 2 3 2 2 0 3 
0.0000147500 3 1 2 3 2 2 2 3 
0.0000452500 3 1 2 3 2 2 3 1 
0.0000521875 3 1 2 3 2 3 0 0 
0.0000286875 3 1 2 3 2 3 0 3 
0.0000521875 3 1 2 3 2 3 1 1 
0.0000105625 3 1 2 3 2 3 3 1 
0.0000125000 3 1 2 3 3 0 0 0 
0.0000535625 3 1 2 3 3 0 0 3 
0.0000125000 3 1 2 3 3 0 1 1 
0.0000147500 3 1 2 3 3 0 2 0 
0.0000572500 3 1 2 3 3 0 3 2 
0.0000501875 3 1 2 3 3 1 0 3 
0.0001822500 3 1 2 3 3 1 2 3 
0.0000854375 3 1 2 3 3 1 3 2 
0.0000125000 3 1 2 3 3 2 0 2 
0.0000106250 3 1 2 3 3 2 1 3 
0.0000221250 3 1 2 3 3 2 2 1 
0.0000147500 3 1 2 3 3 2 2 2 
0.0000780625 3 1 2 3 3 2 3 0 
0.0000065000 3 1 2 3 3 3 0 1 
0.0000286875 3 1 2 3 3 3 0 2 
0.0000030625 3 1 2 3 3 3 1 0 
0.0000221250 3 1 2 3 3 3 1 3 
0.0000125000 3 1 2 3 3 3 3 0 
0.0000535625 3 1 2 3 3 3 3 3 
0.0000533125 3 1 3 0 0 0 0 1 
0.0001210625 3 1 3 0 0 0 0 3 
0.0000147500 3 1 3 0 0 0 3 0 
0.0000143750 3 1 3 0 0 0 3 1 
0.0000125000 3 1 3 0 0 0 3 2 
0.0000106250 3 1 3 0 0 1 0 0 
0.0000147500 3 1 3 0 0 1 3 1 
0.0000106250 3 1 3 0 0 1 3 3 
0.0000030625 3 1 3 0 0 2 1 0 
0.0000286875 3 1 3 0 0 2 1 1 
0.0000462500 3 1 3 0 0 2 1 2 
0.0000533125 3 1 3 0 0 2 2 1 
0.0001210625 3 1 3 0 0 2 2 3 
0.0000512500 3 1 3 0 0 3 1 0 
0.0000452500 3 1 3 0 0 3 2 1 
0.0000521875 3 1 3 0 0 3 2 2 
0.0000286875 3 1 3 0 0 3 2 3 
0.0000286875 3 1 3 0 1 0 1 0 
0.0000521875 3 1 3 0 1 0 1 3 
0.0000078125 3 1 3 0 1 0 2 0 
0.0000288750 3 1 3 0 1 0 2 1 
0.0000105625 3 1 3 0 1 0 2 2 
0.0000398125 3 1 3 0 1 1 1 0 
0.0000286875 3 1 3 0 1 1 1 1 
0.0000535625 3 1 3 0 1 1 2 0 
0.0000078125 3 1 3 0 1 1 2 1 
0.0000125000 3 1 3 0 1 1 2 3 
0.0000030625 3 1 3 0 1 2 0 0 
0.0000286875 3 1 3 0 1 2 0 1 
0.0000462500 3 1 3 0 1 2 0 2 
0.0000221250 3 1 3 0 1 2 3 0 
0.0000030625 3 1 3 0 1 2 3 3 
0.0000512500 3 1 3 0 1 3 0 0 
0.0000065000 3 1 3 0 1 3 3 2 
0.0000512500 3 1 3 0 1 3 3 3 
0.0000078125 3 1 3 0 2 0 1 0 
0.0000288750 3 1 3 0 2 0 1 1 
0.0000105625 3 1 3 0 2 0 1 2 
0.0000081875 3 1 3 0 2 0 2 1 
0.0000535625 3 1 3 0 2 1 1 0 
0.0000078125 3 1 3 0 2 1 1 1 
0.0000125000 3 1 3 0 2 1 1 3 
0.0000533125 3 1 3 0 2 2 0 1 
0.0001210625 3 1 3 0 2 2 0 3 
0.0000147500 3 1 3 0 2 2 3 0 
0.0000143750 3 1 3 0 2 2 3 1 
0.0000125000 3 1 3 0 2 2 3 2 
0.0000452500 3 1 3 0 2 3 0 1 
0.0000521875 3 1 3 0 2 3 0 2 
0.0000286875 3 1 3 0 2 3 0 3 
0.0000286875 3 1 3 0 2 3 3 2 
0.0000147500 3 1 3 0 3 0 0 0 
0.0000143750 3 1 3 0 3 0 0 1 
0.0000125000 3 1 3 0 3 0 0 2 
0.0000854375 3 1 3 0 3 0 3 1 
0.0000535625 3 1 3 0 3 0 3 2 
0.0000147500 3 1 3 0 3 0 3 3 
0.0000147500 3 1 3 0 3 1 0 1 
0.0000106250 3 1 3 0 3 1 0 3 
0.0001822500 3 1 3 0 3 1 3 0 
0.0000501875 3 1 3 0 3 1 3 2 
0.0000221250 3 1 3 0 3 2 1 0 
0.0000030625 3 1 3 0 3 2 1 3 
0.0000147500 3 1 3 0 3 2 2 0 
0.0000143750 3 1 3 0 3 2 2 1 
0.0000125000 3 1 3 0 3 2 2 2 
0.0000065000 3 1 3 0 3 3 1 2 
0.0000512500 3 1 3 0 3 3 1 3 
0.0000286875 3 1 3 0 3 3 2 2 
0.0000533125 3 1 3 1 0 0 0 0 
0.0000286875 3 1 3 1 0 0 1 2 
0.0000533125 3 1 3 1 0 0 2 2 
0.0000452500 3 1 3 1 0 0 2 3 
0.0000143750 3 1 3 1 0 0 3 0 
0.0000147500 3 1 3 1 0 0 3 1 
0.0000106250 3 1 3 1 0 1 0 1 
0.0000030625 3 1 3 1 0 1 1 2 
0.0000512500 3 1 3 1 0 1 1 3 
0.0000147500 3 1 3 1 0 1 3 0 
0.0000728125 3 1 3 1 0 2 0 2 
0.0000194375 3 1 3 1 0 2 0 3 
0.0000286875 3 1 3 1 0 2 1 0 
0.0000030625 3 1 3 1 0 2 1 1 
0.0000533125 3 1 3 1 0 2 2 0 
0.0000200625 3 1 3 1 0 2 3 2 
0.0000194375 3 1 3 1 0 3 0 2 
0.0000462500 3 1 3 1 0 3 0 3 
0.0000512500 3 1 3 1 0 3 1 1 
0.0000452500 3 1 3 1 0 3 2 0 
0.0000286875 3 1 3 1 1 0 0 2 
0.0000286875 3 1 3 1 1 0 1 1 
0.0000288750 3 1 3 1 1 0 2 0 
0.0000078125 3 1 3 1 1 0 2 1 
0.0000030625 3 1 3 1 1 1 0 2 
0.0000512500 3 1 3 1 1 1 0 3 
0.0000286875 3 1 3 1 1 1 1 0 
0.0000398125 3 1 3 1 1 1 1 1 
0.0000078125 3 1 3 1 1 1 2 0 
0.0000535625 3 1 3 1 1 1 2 1 
0.0000221250 3 1 3 1 1 1 3 2 
0.0000286875 3 1 3 1 1 2 0 0 
0.0000030625 3 1 3 1 1 2 0 1 
0.0000901250 3 1 3 1 1 2 1 3 
0.0000286875 3 1 3 1 1 2 2 2 
0.0000221250 3 1 3 1 1 2 3 1 
0.0000512500 3 1 3 1 1 3 0 1 
0.0000901250 3 1 3 1 1 3 1 2 
0.0000533125 3 1 3 1 2 0 0 2 
0.0000452500 3 1 3 1 2 0 0 3 
0.0000288750 3 1 3 1 2 0 1 0 
0.0000078125 3 1 3 1 2 0 1 1 
0.0000081875 3 1 3 1 2 0 2 0 
0.0000143750 3 1 3 1 2 0 3 2 
0.0000078125 3 1 3 1 2 1 1 0 
0.0000535625 3 1 3 1 2 1 1 1 
0.0000147500 3 1 3 1 2 1 3 2 
0.0000533125 3 1 3 1 2 2 0 0 
0.0000286875 3 1 3 1 2 2 1 2 
0.0000533125 3 1 3 1 2 2 2 2 
0.0000452500 3 1 3 1 2 2 2 3 
0.0000143750 3 1 3 1 2 2 3 0 
0.0000147500 3 1 3 1 2 2 3 1 
0.0000452500 3 1 3 1 2 3 0 0 
0.0000452500 3 1 3 1 2 3 2 2 
0.0000105625 3 1 3 1 2 3 2 3 
0.0000143750 3 1 3 1 3 0 0 0 
0.0000147500 3 1 3 1 3 0 0 1 
0.0000143750 3 1 3 1 3 0 2 2 
0.0000854375 3 1 3 1 3 0 3 0 
0.0000147500 3 1 3 1 3 1 0 0 
0.0000221250 3 1 3 1 3 1 1 2 
0.0000147500 3 1 3 1 3 1 2 2 
0.0001822500 3 1 3 1 3 1 3 1 
0.0000200625 3 1 3 1 3 2 0 2 
0.0000221250 3 1 3 1 3 2 1 1 
0.0000143750 3 1 3 1 3 2 2 0 
0.0000147500 3 1 3 1 3 2 2 1 
0.0000398125 3 1 3 1 3 3 3 3 
0.0000452500 3 1 3 2 0 0 1 3 
0.0000125000 3 1 3 2 0 0 3 0 
0.0000147500 3 1 3 2 0 0 3 2 
0.0000106250 3 1 3 2 0 1 0 2 
0.0000780625 3 1 3 2 0 1 2 1 
0.0000143750 3 1 3 2 0 1 2 3 
0.0000462500 3 1 3 2 0 2 1 0 
0.0000030625 3 1 3 2 0 2 1 2 
0.0000780625 3 1 3 2 0 2 3 3 
0.0000512500 3 1 3 2 0 3 1 2 
0.0000521875 3 1 3 2 0 3 2 0 
0.0000030625 3 1 3 2 0 3 3 1 
0.0000125000 3 1 3 2 0 3 3 3 
0.0000452500 3 1 3 2 1 0 0 3 
0.0000286875 3 1 3 2 1 0 1 2 
0.0000105625 3 1 3 2 1 0 2 0 
0.0000078125 3 1 3 2 1 0 2 2 
0.0000125000 3 1 3 2 1 0 3 1 
0.0000398125 3 1 3 2 1 1 1 2 
0.0000535625 3 1 3 2 1 1 2 2 
0.0000462500 3 1 3 2 1 2 0 0 
0.0000030625 3 1 3 2 1 2 0 2 
0.0000462500 3 1 3 2 1 2 1 1 
0.0000452500 3 1 3 2 1 2 2 3 
0.0000221250 3 1 3 2 1 2 3 2 
0.0000512500 3 1 3 2 1 3 0 2 
0.0000521875 3 1 3 2 1 3 2 1 
0.0000105625 3 1 3 2 1 3 2 3 
0.0000065000 3 1 3 2 1 3 3 0 
0.0000105625 3 1 3 2 2 0 1 0 
0.0000078125 3 1 3 2 2 0 1 2 
0.0000572500 3 1 3 2 2 0 3 3 
0.0000780625 3 1 3 2 2 1 0 1 
0.0000143750 3 1 3 2 2 1 0 3 
0.0000535625 3 1 3 2 2 1 1 2 
0.0000854375 3 1 3 2 2 1 3 3 
0.0000452500 3 1 3 2 2 2 1 3 
0.0000125000 3 1 3 2 2 2 3 0 
0.0000147500 3 1 3 2 2 2 3 2 
0.0000521875 3 1 3 2 2 3 0 0 
0.0000521875 3 1 3 2 2 3 1 1 
0.0000105625 3 1 3 2 2 3 1 3 
0.0000286875 3 1 3 2 2 3 3 0 
0.0000125000 3 1 3 2 3 0 0 0 
0.0000147500 3 1 3 2 3 0 0 2 
0.0000125000 3 1 3 2 3 0 1 1 
0.0000572500 3 1 3 2 3 0 2 3 
0.0000535625 3 1 3 2 3 0 3 0 
0.0000854375 3 1 3 2 3 1 2 3 
0.0000501875 3 1 3 2 3 1 3 0 
0.0001822500 3 1 3 2 3 1 3 2 
0.0000780625 3 1 3 2 3 2 0 3 
0.0000221250 3 1 3 2 3 2 1 2 
0.0000125000 3 1 3 2 3 2 2 0 
0.0000147500 3 1 3 2 3 2 2 2 
0.0000106250 3 1 3 2 3 2 3 1 
0.0000030625 3 1 3 2 3 3 0 1 
0.0000125000 3 1 3 2 3 3 0 3 
0.0000065000 3 1 3 2 3 3 1 0 
0.0000286875 3 1 3 2 3 3 2 0 
0.0000221250 3 1 3 2 3 3 3 1 
0.0000535625 3 1 3 2 3 3 3 3 
0.0001210625 3 1 3 3 0 0 0 0 
0.0000521875 3 1 3 3 0 0 1 1 
0.0000147500 3 1 3 3 0 0 3 3 
0.0000106250 3 1 3 3 0 1 0 3 
0.0000125000 3 1 3 3 0 1 1 2 
0.0000125000 3 1 3 3 0 1 2 1 
0.0000106250 3 1 3 3 0 1 3 0 
0.0001210625 3 1 3 3 0 2 0 2 
0.0000030625 3 1 3 3 0 2 1 3 
0.0001210625 3 1 3 3 0 2 2 0 
0.0000030625 3 1 3 3 0 2 3 1 
0.0000286875 3 1 3 3 0 3 0 2 
0.0000512500 3 1 3 3 0 3 1 3 
0.0000286875 3 1 3 3 0 3 2 0 
0.0000512500 3 1 3 3 0 3 3 1 
0.0000521875 3 1 3 3 1 0 0 1 
0.0000521875 3 1 3 3 1 0 1 0 
0.0000286875 3 1 3 3 1 0 1 3 
0.0000078125 3 1 3 3 1 0 2 3 
0.0000286875 3 1 3 3 1 0 3 1 
0.0000078125 3 1 3 3 1 0 3 2 
0.0000125000 3 1 3 3 1 1 0 2 
0.0000398125 3 1 3 3 1 1 1 3 
0.0000125000 3 1 3 3 1 1 2 0 
0.0000535625 3 1 3 3 1 1 2 3 
0.0000398125 3 1 3 3 1 1 3 1 
0.0000535625 3 1 3 3 1 1 3 2 
0.0000030625 3 1 3 3 1 2 0 3 
0.0000521875 3 1 3 3 1 2 1 2 
0.0000521875 3 1 3 3 1 2 2 1 
0.0000030625 3 1 3 3 1 2 3 0 
0.0000221250 3 1 3 3 1 2 3 3 
0.0000512500 3 1 3 3 1 3 0 3 
0.0000538125 3 1 3 3 1 3 1 1 
0.0001474375 3 1 3 3 1 3 1 2 
0.0001474375 3 1 3 3 1 3 2 1 
0.0000512500 3 1 3 3 1 3 3 0 
0.0000078125 3 1 3 3 2 0 1 3 
0.0000078125 3 1 3 3 2 0 3 1 
0.0000125000 3 1 3 3 2 1 0 1 
0.0000125000 3 1 3 3 2 1 1 0 
0.0000535625 3 1 3 3 2 1 1 3 
0.0000535625 3 1 3 3 2 1 3 1 
0.0001210625 3 1 3 3 2 2 0 0 
0.0000521875 3 1 3 3 2 2 1 1 
0.0000147500 3 1 3 3 2 2 3 3 
0.0000286875 3 1 3 3 2 3 0 0 
0.0001474375 3 1 3 3 2 3 1 1 
0.0000288750 3 1 3 3 2 3 2 2 
0.0000147500 3 1 3 3 3 0 0 3 
0.0000286875 3 1 3 3 3 0 1 1 
0.0000078125 3 1 3 3 3 0 1 2 
0.0000078125 3 1 3 3 3 0 2 1 
0.0000147500 3 1 3 3 3 0 3 0 
0.0000106250 3 1 3 3 3 1 0 0 
0.0000398125 3 1 3 3 3 1 1 1 
0.0000535625 3 1 3 3 3 1 1 2 
0.0000535625 3 1 3 3 3 1 2 1 
0.0001822500 3 1 3 3 3 1 3 3 
0.0000030625 3 1 3 3 3 2 0 1 
0.0000030625 3 1 3 3 3 2 1 0 
0.0000221250 3 1 3 3 3 2 1 3 
0.0000147500 3 1 3 3 3 2 2 3 
0.0000221250 3 1 3 3 3 2 3 1 
0.0000147500 3 1 3 3 3 2 3 2 
0.0000512500 3 1 3 3 3 3 0 1 
0.0000512500 3 1 3 3 3 3 1 0 
0.0000125000 3 2 0 0 0 0 0 1 
0.0000512500 3 2 0 0 0 0 0 2 
0.0000125000 3 2 0 0 0 0 1 0 
0.0000512500 3 2 0 0 0 0 2 0 
0.0000194375 3 2 0 0 0 0 3 3 
0.0000147500 3 2 0 0 0 2 0 1 
0.0000106250 3 2 0 0 0 2 0 3 
0.0000147500 3 2 0 0 0 2 1 0 
0.0000143750 3 2 0 0 0 2 1 1 
0.0000125000 3 2 0 0 0 2 1 2 
0.0000125000 3 2 0 0 0 2 2 1 
0.0000512500 3 2 0 0 0 2 2 2 
0.0000106250 3 2 0 0 0 2 3 0 
0.0000125000 3 2 0 0 1 1 0 1 
0.0000512500 3 2 0 0 1 1 0 2 
0.0000125000 3 2 0 0 1 1 1 0 
0.0000512500 3 2 0 0 1 1 2 0 
0.0000194375 3 2 0 0 1 1 3 3 
0.0000286875 3 2 0 0 1 3 0 2 
0.0000452500 3 2 0 0 1 3 1 3 
0.0000286875 3 2 0 0 1 3 2 0 
0.0000521875 3 2 0 0 1 3 2 3 
0.0000452500 3 2 0 0 1 3 3 1 
0.0000521875 3 2 0 0 1 3 3 2 
0.0000286875 3 2 0 0 1 3 3 3 
0.0000780625 3 2 0 0 2 1 0 3 
0.0000452500 3 2 0 0 2 1 1 2 
0.0000452500 3 2 0 0 2 1 2 1 
0.0000521875 3 2 0 0 2 1 2 2 
0.0000286875 3 2 0 0 2 1 2 3 
0.0000780625 3 2 0 0 2 1 3 0 
0.0000286875 3 2 0 0 2 1 3 2 
0.0000854375 3 2 0 0 2 3 0 0 
0.0000572500 3 2 0 0 2 3 0 1 
0.0000078125 3 2 0 0 2 3 0 2 
0.0000143750 3 2 0 0 2 3 0 3 
0.0000572500 3 2 0 0 2 3 1 0 
0.0000288750 3 2 0 0 2 3 1 2 
0.0000078125 3 2 0 0 2 3 2 0 
0.0000288750 3 2 0 0 2 3 2 1 
0.0000105625 3 2 0 0 2 3 2 2 
0.0000143750 3 2 0 0 2 3 3 0 
0.0000533125 3 2 0 0 2 3 3 3 
0.0000501875 3 2 0 0 3 0 0 0 
0.0000535625 3 2 0 0 3 0 0 1 
0.0000535625 3 2 0 0 3 0 1 0 
0.0000078125 3 2 0 0 3 0 1 1 
0.0000125000 3 2 0 0 3 0 1 3 
0.0000065000 3 2 0 0 3 0 2 2 
0.0000512500 3 2 0 0 3 0 2 3 
0.0000125000 3 2 0 0 3 0 3 1 
0.0000512500 3 2 0 0 3 0 3 2 
0.0001822500 3 2 0 0 3 2 0 0 
0.0000501875 3 2 0 0 3 2 0 2 
0.0000854375 3 2 0 0 3 2 1 1 
0.0000535625 3 2 0 0 3 2 1 2 
0.0000147500 3 2 0 0 3 2 1 3 
0.0000501875 3 2 0 0 3 2 2 0 
0.0000535625 3 2 0 0 3 2 2 1 
0.0000147500 3 2 0 0 3 2 3 1 
0.0000106250 3 2 0 0 3 2 3 3 
0.0000125000 3 2 0 1 0 0 0 0 
0.0000125000 3 2 0 1 0 0 1 1 
0.0000512500 3 2 0 1 0 0 2 1 
0.0000030625 3 2 0 1 0 1 0 3 
0.0001210625 3 2 0 1 0 1 1 2 
0.0000286875 3 2 0 1 0 1 1 3 
0.0000194375 3 2 0 1 0 1 2 2 
0.0000462500 3 2 0 1 0 1 2 3 
0.0000147500 3 2 0 1 0 2 0 0 
0.0000143750 3 2 0 1 0 2 1 0 
0.0000147500 3 2 0 1 0 2 1 1 
0.0000125000 3 2 0 1 0 2 2 0 
0.0000106250 3 2 0 1 0 2 3 1 
0.0000780625 3 2 0 1 0 3 0 2 
0.0000125000 3 2 0 1 0 3 0 3 
0.0000286875 3 2 0 1 0 3 2 2 
0.0000065000 3 2 0 1 1 0 0 3 
0.0000521875 3 2 0 1 1 0 1 2 
0.0001474375 3 2 0 1 1 0 1 3 
0.0000901250 3 2 0 1 1 0 2 2 
0.0000462500 3 2 0 1 1 0 3 2 
0.0000125000 3 2 0 1 1 1 0 0 
0.0000125000 3 2 0 1 1 1 1 1 
0.0000512500 3 2 0 1 1 1 2 1 
0.0000221250 3 2 0 1 1 2 0 2 
0.0000065000 3 2 0 1 1 2 2 3 
0.0000030625 3 2 0 1 1 2 3 2 
0.0000512500 3 2 0 1 1 2 3 3 
0.0000286875 3 2 0 1 1 3 2 1 
0.0000452500 3 2 0 1 1 3 3 0 
0.0000125000 3 2 0 1 2 0 0 2 
0.0000286875 3 2 0 1 2 0 0 3 
0.0000521875 3 2 0 1 2 0 3 3 
0.0000452500 3 2 0 1 2 1 2 0 
0.0000780625 3 2 0 1 2 1 3 1 
0.0000147500 3 2 0 1 2 2 0 2 
0.0000143750 3 2 0 1 2 2 1 2 
0.0000125000 3 2 0 1 2 2 2 2 
0.0000286875 3 2 0 1 2 2 2 3 
0.0000572500 3 2 0 1 2 3 0 0 
0.0000854375 3 2 0 1 2 3 0 1 
0.0000572500 3 2 0 1 2 3 1 1 
0.0000288750 3 2 0 1 2 3 2 0 
0.0000078125 3 2 0 1 2 3 2 1 
0.0000143750 3 2 0 1 2 3 3 1 
0.0000535625 3 2 0 1 3 0 0 0 
0.0000501875 3 2 0 1 3 0 0 1 
0.0000078125 3 2 0 1 3 0 1 0 
0.0000535625 3 2 0 1 3 0 1 1 
0.0000125000 3 2 0 1 3 0 3 0 
0.0000106250 3 2 0 1 3 1 0 2 
0.0000221250 3 2 0 1 3 1 0 3 
0.0000030625 3 2 0 1 3 1 3 3 
0.0001822500 3 2 0 1 3 2 0 1 
0.0000854375 3 2 0 1 3 2 1 0 
0.0000535625 3 2 0 1 3 2 2 0 
0.0000501875 3 2 0 1 3 2 2 1 
0.0000147500 3 2 0 1 3 2 3 0 
0.0000535625 3 2 0 1 3 3 0 3 
0.0000078125 3 2 0 1 3 3 1 3 
0.0000780625 3 2 0 1 3 3 3 2 
0.0000125000 3 2 0 1 3 3 3 3 
0.0000512500 3 2 0 2 0 0 0 0 
0.0000125000 3 2 0 2 0 0 1 2 
0.0000512500 3 2 0 2 0 0 2 2 
0.0000200625 3 2 0 2 0 1 0 1 
0.0000533125 3 2 0 2 0 1 1 3 
0.0000728125 3 2 0 2 0 1 3 1 
0.0001210625 3 2 0 2 0 1 3 3 
0.0000125000 3 2 0 2 0 2 1 0 
0.0000147500 3 2 0 2 0 2 1 2 
0.0000512500 3 2 0 2 0 2 2 0 
0.0000106250 3 2 0 2 0 2 3 2 
0.0000533125 3 2 0 2 0 3 1 1 
0.0000452500 3 2 0 2 0 3 2 3 
0.0001210625 3 2 0 2 0 3 3 1 
0.0000512500 3 2 0 2 1 0 0 1 
0.0000286875 3 2 0 2 1 0 0 3 
0.0000521875 3 2 0 2 1 0 3 3 
0.0000512500 3 2 0 2 1 1 0 0 
0.0000125000 3 2 0 2 1 1 1 2 
0.0000512500 3 2 0 2 1 1 2 2 
0.0000125000 3 2 0 2 1 2 1 1 
0.0000512500 3 2 0 2 1 2 2 1 
0.0000286875 3 2 0 2 1 2 2 3 
0.0000286875 3 2 0 2 1 3 0 0 
0.0000286875 3 2 0 2 1 3 2 2 
0.0000521875 3 2 0 2 1 3 3 0 
0.0000078125 3 2 0 2 2 0 0 3 
0.0000452500 3 2 0 2 2 0 1 1 
0.0000288750 3 2 0 2 2 0 1 3 
0.0000521875 3 2 0 2 2 0 2 1 
0.0000105625 3 2 0 2 2 0 2 3 
0.0000286875 3 2 0 2 2 0 3 1 
0.0000452500 3 2 0 2 2 1 1 0 
0.0000521875 3 2 0 2 2 1 2 0 
0.0000286875 3 2 0 2 2 1 3 0 
0.0000780625 3 2 0 2 2 1 3 2 
0.0000854375 3 2 0 2 2 2 0 3 
0.0000572500 3 2 0 2 2 2 1 3 
0.0000078125 3 2 0 2 2 2 2 3 
0.0000780625 3 2 0 2 2 2 3 1 
0.0000143750 3 2 0 2 2 2 3 3 
0.0000078125 3 2 0 2 2 3 0 0 
0.0000854375 3 2 0 2 2 3 0 2 
0.0000288750 3 2 0 2 2 3 1 0 
0.0000572500 3 2 0 2 2 3 1 2 
0.0000105625 3 2 0 2 2 3 2 0 
0.0000078125 3 2 0 2 2 3 2 2 
0.0000143750 3 2 0 2 2 3 3 2 
0.0000501875 3 2 0 2 3 0 0 2 
0.0000535625 3 2 0 2 3 0 1 2 
0.0000065000 3 2 0 2 3 0 2 0 
0.0000512500 3 2 0 2 3 0 3 0 
0.0000147500 3 2 0 2 3 1 0 3 
0.0000780625 3 2 0 2 3 1 1 1 
0.0000143750 3 2 0 2 3 1 1 3 
0.0000030625 3 2 0 2 3 1 2 1 
0.0000125000 3 2 0 2 3 1 2 3 
0.0000200625 3 2 0 2 3 1 3 1 
0.0000501875 3 2 0 2 3 2 0 0 
0.0001822500 3 2 0 2 3 2 0 2 
0.0000535625 3 2 0 2 3 2 1 0 
0.0000501875 3 2 0 2 3 2 2 2 
0.0000147500 3 2 0 2 3 3 0 1 
0.0000143750 3 2 0 2 3 3 1 1 
0.0000125000 3 2 0 2 3 3 2 1 
0.0000125000 3 2 0 3 0 0 1 3 
0.0000512500 3 2 0 3 0 0 2 3 
0.0000194375 3 2 0 3 0 0 3 0 
0.0000780625 3 2 0 3 0 1 0 2 
0.0000286875 3 2 0 3 0 1 2 2 
0.0000194375 3 2 0 3 0 1 3 1 
0.0000106250 3 2 0 3 0 2 0 0 
0.0000147500 3 2 0 3 0 2 1 3 
0.0000106250 3 2 0 3 0 2 3 3 
0.0000143750 3 2 0 3 0 3 0 2 
0.0000452500 3 2 0 3 0 3 1 1 
0.0000521875 3 2 0 3 0 3 2 1 
0.0000286875 3 2 0 3 0 3 3 1 
0.0000533125 3 2 0 3 0 3 3 2 
0.0000105625 3 2 0 3 1 0 1 2 
0.0000538125 3 2 0 3 1 0 2 1 
0.0001474375 3 2 0 3 1 0 2 2 
0.0000901250 3 2 0 3 1 0 3 1 
0.0000125000 3 2 0 3 1 1 1 3 
0.0000512500 3 2 0 3 1 1 2 3 
0.0000194375 3 2 0 3 1 1 3 0 
0.0000398125 3 2 0 3 1 2 0 1 
0.0000535625 3 2 0 3 1 2 0 2 
0.0000286875 3 2 0 3 1 2 1 1 
0.0000078125 3 2 0 3 1 2 1 2 
0.0000125000 3 2 0 3 1 2 3 2 
0.0000452500 3 2 0 3 1 3 1 0 
0.0000521875 3 2 0 3 1 3 2 0 
0.0000286875 3 2 0 3 1 3 2 3 
0.0000286875 3 2 0 3 1 3 3 0 
0.0000105625 3 2 0 3 2 0 1 1 
0.0001474375 3 2 0 3 2 0 2 1 
0.0000452500 3 2 0 3 2 0 3 2 
0.0000780625 3 2 0 3 2 1 0 0 
0.0000286875 3 2 0 3 2 1 2 0 
0.0000780625 3 2 0 3 2 1 3 3 
0.0000535625 3 2 0 3 2 2 0 1 
0.0000078125 3 2 0 3 2 2 1 1 
0.0000125000 3 2 0 3 2 2 3 1 
0.0000143750 3 2 0 3 2 3 0 0 
0.0000854375 3 2 0 3 2 3 0 3 
0.0000572500 3 2 0 3 2 3 1 3 
0.0000078125 3 2 0 3 2 3 2 3 
0.0000533125 3 2 0 3 2 3 3 0 
0.0000143750 3 2 0 3 2 3 3 3 
0.0000501875 3 2 0 3 3 0 0 3 
0.0000125000 3 2 0 3 3 0 1 0 
0.0000535625 3 2 0 3 3 0 1 3 
0.0000512500 3 2 0 3 3 0 2 0 
0.0000125000 3 2 0 3 3 1 1 1 
0.0000512500 3 2 0 3 3 1 2 1 
0.0000780625 3 2 0 3 3 1 3 2 
0.0001822500 3 2 0 3 3 2 0 3 
0.0000147500 3 2 0 3 3 2 1 0 
0.0000501875 3 2 0 3 3 2 2 3 
0.0000106250 3 2 0 3 3 2 3 0 
0.0000854375 3 2 0 3 3 3 0 2 
0.0000572500 3 2 0 3 3 3 1 2 
0.0000286875 3 2 0 3 3 3 2 1 
0.0000078125 3 2 0 3 3 3 2 2 
0.0000143750 3 2 0 3 3 3 3 2 
0.0000125000 3 2 1 0 0 0 0 0 
0.0000125000 3 2 1 0 0 0 1 1 
0.0000512500 3 2 1 0 0 0 1 2 
0.0001210625 3 2 1 0 0 1 2 1 
0.0000194375 3 2 1 0 0 1 2 2 
0.0000030625 3 2 1 0 0 1 3 0 
0.0000286875 3 2 1 0 0 1 3 1 
0.0000462500 3 2 1 0 0 1 3 2 
0.0000147500 3 2 1 0 0 2 0 0 
0.0000143750 3 2 1 0 0 2 0 1 
0.0000125000 3 2 1 0 0 2 0 2 
0.0000147500 3 2 1 0 0 2 1 1 
0.0000106250 3 2 1 0 0 2 1 3 
0.0000780625 3 2 1 0 0 3 2 0 
0.0000286875 3 2 1 0 0 3 2 2 
0.0000125000 3 2 1 0 0 3 3 0 
0.0000521875 3 2 1 0 1 0 2 1 
0.0000901250 3 2 1 0 1 0 2 2 
0.0000462500 3 2 1 0 1 0 2 3 
0.0000065000 3 2 1 0 1 0 3 0 
0.0001474375 3 2 1 0 1 0 3 1 
0.0000125000 3 2 1 0 1 1 0 0 
0.0000125000 3 2 1 0 1 1 1 1 
0.0000512500 3 2 1 0 1 1 1 2 
0.0000221250 3 2 1 0 1 2 2 0 
0.0000030625 3 2 1 0 1 2 2 3 
0.0000065000 3 2 1 0 1 2 3 2 
0.0000512500 3 2 1 0 1 2 3 3 
0.0000452500 3 2 1 0 1 3 0 3 
0.0000286875 3 2 1 0 1 3 1 2 
0.0000125000 3 2 1 0 2 0 2 0 
0.0000286875 3 2 1 0 2 0 3 0 
0.0000521875 3 2 1 0 2 0 3 3 
0.0000452500 3 2 1 0 2 1 0 2 
0.0000780625 3 2 1 0 2 1 1 3 
0.0000147500 3 2 1 0 2 2 2 0 
0.0000143750 3 2 1 0 2 2 2 1 
0.0000125000 3 2 1 0 2 2 2 2 
0.0000286875 3 2 1 0 2 2 3 2 
0.0000572500 3 2 1 0 2 3 0 0 
0.0000288750 3 2 1 0 2 3 0 2 
0.0000854375 3 2 1 0 2 3 1 0 
0.0000572500 3 2 1 0 2 3 1 1 
0.0000078125 3 2 1 0 2 3 1 2 
0.0000143750 3 2 1 0 2 3 1 3 
0.0000535625 3 2 1 0 3 0 0 0 
0.0000078125 3 2 1 0 3 0 0 1 
0.0000125000 3 2 1 0 3 0 0 3 
0.0000501875 3 2 1 0 3 0 1 0 
0.0000535625 3 2 1 0 3 0 1 1 
0.0000106250 3 2 1 0 3 1 2 0 
0.0000221250 3 2 1 0 3 1 3 0 
0.0000030625 3 2 1 0 3 1 3 3 
0.0000854375 3 2 1 0 3 2 0 1 
0.0000535625 3 2 1 0 3 2 0 2 
0.0000147500 3 2 1 0 3 2 0 3 
0.0001822500 3 2 1 0 3 2 1 0 
0.0000501875 3 2 1 0 3 2 1 2 
0.0000780625 3 2 1 0 3 3 2 3 
0.0000535625 3 2 1 0 3 3 3 0 
0.0000078125 3 2 1 0 3 3 3 1 
0.0000125000 3 2 1 0 3 3 3 3 
0.0000125000 3 2 1 1 0 0 0 1 
0.0000125000 3 2 1 1 0 0 1 0 
0.0000901250 3 2 1 1 0 0 3 3 
0.0001210625 3 2 1 1 0 1 0 2 
0.0000286875 3 2 1 1 0 1 0 3 
0.0000030625 3 2 1 1 0 1 1 3 
0.0001210625 3 2 1 1 0 1 2 0 
0.0000286875 3 2 1 1 0 1 3 0 
0.0000030625 3 2 1 1 0 1 3 1 
0.0000143750 3 2 1 1 0 2 0 0 
0.0000147500 3 2 1 1 0 2 0 1 
0.0000147500 3 2 1 1 0 2 1 0 
0.0000200625 3 2 1 1 0 2 2 2 
0.0000780625 3 2 1 1 0 3 1 2 
0.0000125000 3 2 1 1 0 3 1 3 
0.0000780625 3 2 1 1 0 3 2 1 
0.0000125000 3 2 1 1 0 3 3 1 
0.0000521875 3 2 1 1 1 0 0 2 
0.0001474375 3 2 1 1 1 0 0 3 
0.0000065000 3 2 1 1 1 0 1 3 
0.0000521875 3 2 1 1 1 0 2 0 
0.0001474375 3 2 1 1 1 0 3 0 
0.0000065000 3 2 1 1 1 0 3 1 
0.0000125000 3 2 1 1 1 1 0 1 
0.0000125000 3 2 1 1 1 1 1 0 
0.0000901250 3 2 1 1 1 1 3 3 
0.0000221250 3 2 1 1 1 2 1 2 
0.0000221250 3 2 1 1 1 2 2 1 
0.0000521875 3 2 1 1 1 3 2 3 
0.0000521875 3 2 1 1 1 3 3 2 
0.0001474375 3 2 1 1 1 3 3 3 
0.0000125000 3 2 1 1 2 0 1 2 
0.0000286875 3 2 1 1 2 0 1 3 
0.0000125000 3 2 1 1 2 0 2 1 
0.0000286875 3 2 1 1 2 0 3 1 
0.0001210625 3 2 1 1 2 1 2 2 
0.0000286875 3 2 1 1 2 1 2 3 
0.0000286875 3 2 1 1 2 1 3 2 
0.0000143750 3 2 1 1 2 2 0 2 
0.0000147500 3 2 1 1 2 2 1 2 
0.0000143750 3 2 1 1 2 2 2 0 
0.0000147500 3 2 1 1 2 2 2 1 
0.0000572500 3 2 1 1 2 3 0 1 
0.0000572500 3 2 1 1 2 3 1 0 
0.0000854375 3 2 1 1 2 3 1 1 
0.0000078125 3 2 1 1 3 0 0 0 
0.0000535625 3 2 1 1 3 0 0 1 
0.0000535625 3 2 1 1 3 0 1 0 
0.0000501875 3 2 1 1 3 0 1 1 
0.0000030625 3 2 1 1 3 0 2 2 
0.0000512500 3 2 1 1 3 0 2 3 
0.0000512500 3 2 1 1 3 0 3 2 
0.0000106250 3 2 1 1 3 1 1 2 
0.0000221250 3 2 1 1 3 1 1 3 
0.0000106250 3 2 1 1 3 1 2 1 
0.0000221250 3 2 1 1 3 1 3 1 
0.0000854375 3 2 1 1 3 2 0 0 
0.0001822500 3 2 1 1 3 2 1 1 
0.0000398125 3 2 1 1 3 2 3 3 
0.0000078125 3 2 1 1 3 3 0 3 
0.0000535625 3 2 1 1 3 3 1 3 
0.0000078125 3 2 1 1 3 3 3 0 
0.0000535625 3 2 1 1 3 3 3 1 
0.0000125000 3 2 1 2 0 0 0 2 
0.0000512500 3 2 1 2 0 0 1 0 
0.0000194375 3 2 1 2 0 0 2 1 
0.0000286875 3 2 1 2 0 0 2 3 
0.0000462500 3 2 1 2 0 0 3 1 
0.0000533125 3 2 1 2 0 1 0 3 
0.0000200625 3 2 1 2 0 1 1 1 
0.0000194375 3 2 1 2 0 1 2 0 
0.0000462500 3 2 1 2 0 1 3 0 
0.0000030625 3 2 1 2 0 1 3 2 
0.0000125000 3 2 1 2 0 2 0 0 
0.0000147500 3 2 1 2 0 2 0 2 
0.0000780625 3 2 1 2 0 2 2 3 
0.0000030625 3 2 1 2 0 2 3 1 
0.0000125000 3 2 1 2 0 2 3 3 
0.0000533125 3 2 1 2 0 3 0 1 
0.0000286875 3 2 1 2 0 3 2 0 
0.0000780625 3 2 1 2 0 3 2 2 
0.0000125000 3 2 1 2 0 3 3 2 
0.0000512500 3 2 1 2 1 0 1 1 
0.0000286875 3 2 1 2 1 0 1 3 
0.0000901250 3 2 1 2 1 0 2 0 
0.0000065000 3 2 1 2 1 0 3 2 
0.0000125000 3 2 1 2 1 1 0 2 
0.0000512500 3 2 1 2 1 1 1 0 
0.0000194375 3 2 1 2 1 1 2 1 
0.0000286875 3 2 1 2 1 1 2 3 
0.0000462500 3 2 1 2 1 1 3 1 
0.0000125000 3 2 1 2 1 2 0 1 
0.0000221250 3 2 1 2 1 2 2 2 
0.0000065000 3 2 1 2 1 2 3 0 
0.0000286875 3 2 1 2 1 3 1 0 
0.0000286875 3 2 1 2 1 3 2 1 
0.0000452500 3 2 1 2 2 0 0 1 
0.0000288750 3 2 1 2 2 0 0 3 
0.0000078125 3 2 1 2 2 0 1 3 
0.0000125000 3 2 1 2 2 0 2 2 
0.0000286875 3 2 1 2 2 0 3 2 
0.0000452500 3 2 1 2 2 1 0 0 
0.0000533125 3 2 1 2 2 1 2 3 
0.0000452500 3 2 1 2 2 1 3 3 
0.0000572500 3 2 1 2 2 2 0 3 
0.0000854375 3 2 1 2 2 2 1 3 
0.0000125000 3 2 1 2 2 2 2 0 
0.0000147500 3 2 1 2 2 2 2 2 
0.0000286875 3 2 1 2 2 2 3 0 
0.0000288750 3 2 1 2 2 3 0 0 
0.0000572500 3 2 1 2 2 3 0 2 
0.0000078125 3 2 1 2 2 3 1 0 
0.0000854375 3 2 1 2 2 3 1 2 
0.0000533125 3 2 1 2 2 3 2 1 
0.0000452500 3 2 1 2 2 3 3 1 
0.0000288750 3 2 1 2 2 3 3 3 
0.0000535625 3 2 1 2 3 0 0 2 
0.0000501875 3 2 1 2 3 0 1 2 
0.0000780625 3 2 1 2 3 1 0 1 
0.0000143750 3 2 1 2 3 1 0 3 
0.0000147500 3 2 1 2 3 1 1 3 
0.0000106250 3 2 1 2 3 1 2 2 
0.0000221250 3 2 1 2 3 1 3 2 
0.0000535625 3 2 1 2 3 2 0 0 
0.0000501875 3 2 1 2 3 2 1 0 
0.0001822500 3 2 1 2 3 2 1 2 
0.0000106250 3 2 1 2 3 2 2 1 
0.0000221250 3 2 1 2 3 2 3 1 
0.0000535625 3 2 1 2 3 2 3 3 
0.0000143750 3 2 1 2 3 3 0 1 
0.0000147500 3 2 1 2 3 3 1 1 
0.0000535625 3 2 1 2 3 3 3 2 
0.0000125000 3 2 1 3 0 0 0 3 
0.0000462500 3 2 1 3 0 0 2 1 
0.0000521875 3 2 1 3 0 0 3 2 
0.0000780625 3 2 1 3 0 1 1 2 
0.0000030625 3 2 1 3 0 1 3 3 
0.0000147500 3 2 1 3 0 2 0 3 
0.0000106250 3 2 1 3 0 2 1 0 
0.0000030625 3 2 1 3 0 2 2 1 
0.0000512500 3 2 1 3 0 2 3 1 
0.0000452500 3 2 1 3 0 3 0 1 
0.0000143750 3 2 1 3 0 3 1 2 
0.0000780625 3 2 1 3 0 3 2 3 
0.0000125000 3 2 1 3 0 3 3 3 
0.0000105625 3 2 1 3 1 0 0 2 
0.0000462500 3 2 1 3 1 0 2 0 
0.0000065000 3 2 1 3 1 0 3 3 
0.0000125000 3 2 1 3 1 1 0 3 
0.0000462500 3 2 1 3 1 1 2 1 
0.0000521875 3 2 1 3 1 1 3 2 
0.0000286875 3 2 1 3 1 2 0 1 
0.0000078125 3 2 1 3 1 2 0 2 
0.0000398125 3 2 1 3 1 2 1 1 
0.0000535625 3 2 1 3 1 2 1 2 
0.0000030625 3 2 1 3 1 2 2 0 
0.0000221250 3 2 1 3 1 2 2 3 
0.0000512500 3 2 1 3 1 2 3 0 
0.0000452500 3 2 1 3 1 3 0 0 
0.0000452500 3 2 1 3 1 3 2 2 
0.0000105625 3 2 1 3 1 3 3 2 
0.0000105625 3 2 1 3 2 0 0 1 
0.0000125000 3 2 1 3 2 0 2 3 
0.0000521875 3 2 1 3 2 0 3 0 
0.0000286875 3 2 1 3 2 0 3 3 
0.0000780625 3 2 1 3 2 1 1 0 
0.0000521875 3 2 1 3 2 1 3 1 
0.0000078125 3 2 1 3 2 2 0 1 
0.0000535625 3 2 1 3 2 2 1 1 
0.0000147500 3 2 1 3 2 2 2 3 
0.0000572500 3 2 1 3 2 3 0 3 
0.0000143750 3 2 1 3 2 3 1 0 
0.0000854375 3 2 1 3 2 3 1 3 
0.0000452500 3 2 1 3 2 3 2 1 
0.0000105625 3 2 1 3 2 3 3 1 
0.0000125000 3 2 1 3 3 0 0 0 
0.0000535625 3 2 1 3 3 0 0 3 
0.0000501875 3 2 1 3 3 0 1 3 
0.0000125000 3 2 1 3 3 0 2 2 
0.0000065000 3 2 1 3 3 0 3 1 
0.0000286875 3 2 1 3 3 0 3 2 
0.0000125000 3 2 1 3 3 1 0 1 
0.0000106250 3 2 1 3 3 1 2 3 
0.0000030625 3 2 1 3 3 1 3 0 
0.0000221250 3 2 1 3 3 1 3 3 
0.0000147500 3 2 1 3 3 2 0 0 
0.0001822500 3 2 1 3 3 2 1 3 
0.0000221250 3 2 1 3 3 2 2 1 
0.0000147500 3 2 1 3 3 2 2 2 
0.0000572500 3 2 1 3 3 3 0 2 
0.0000854375 3 2 1 3 3 3 1 2 
0.0000780625 3 2 1 3 3 3 2 0 
0.0000125000 3 2 1 3 3 3 3 0 
0.0000535625 3 2 1 3 3 3 3 3 
0.0000512500 3 2 2 0 0 0 0 0 
0.0000125000 3 2 2 0 0 0 2 1 
0.0000512500 3 2 2 0 0 0 2 2 
0.0000200625 3 2 2 0 0 1 1 0 
0.0000728125 3 2 2 0 0 1 1 3 
0.0000533125 3 2 2 0 0 1 3 1 
0.0001210625 3 2 2 0 0 1 3 3 
0.0000125000 3 2 2 0 0 2 0 1 
0.0000512500 3 2 2 0 0 2 0 2 
0.0000147500 3 2 2 0 0 2 2 1 
0.0000106250 3 2 2 0 0 2 2 3 
0.0000533125 3 2 2 0 0 3 1 1 
0.0001210625 3 2 2 0 0 3 1 3 
0.0000452500 3 2 2 0 0 3 3 2 
0.0000512500 3 2 2 0 1 0 1 0 
0.0000286875 3 2 2 0 1 0 3 0 
0.0000521875 3 2 2 0 1 0 3 3 
0.0000512500 3 2 2 0 1 1 0 0 
0.0000125000 3 2 2 0 1 1 2 1 
0.0000512500 3 2 2 0 1 1 2 2 
0.0000125000 3 2 2 0 1 2 1 1 
0.0000512500 3 2 2 0 1 2 1 2 
0.0000286875 3 2 2 0 1 2 3 2 
0.0000286875 3 2 2 0 1 3 0 0 
0.0000521875 3 2 2 0 1 3 0 3 
0.0000286875 3 2 2 0 1 3 2 2 
0.0000452500 3 2 2 0 2 0 1 1 
0.0000521875 3 2 2 0 2 0 1 2 
0.0000286875 3 2 2 0 2 0 1 3 
0.0000078125 3 2 2 0 2 0 3 0 
0.0000288750 3 2 2 0 2 0 3 1 
0.0000105625 3 2 2 0 2 0 3 2 
0.0000452500 3 2 2 0 2 1 0 1 
0.0000521875 3 2 2 0 2 1 0 2 
0.0000286875 3 2 2 0 2 1 0 3 
0.0000780625 3 2 2 0 2 1 2 3 
0.0000780625 3 2 2 0 2 2 1 3 
0.0000854375 3 2 2 0 2 2 3 0 
0.0000572500 3 2 2 0 2 2 3 1 
0.0000078125 3 2 2 0 2 2 3 2 
0.0000143750 3 2 2 0 2 2 3 3 
0.0000078125 3 2 2 0 2 3 0 0 
0.0000288750 3 2 2 0 2 3 0 1 
0.0000105625 3 2 2 0 2 3 0 2 
0.0000854375 3 2 2 0 2 3 2 0 
0.0000572500 3 2 2 0 2 3 2 1 
0.0000078125 3 2 2 0 2 3 2 2 
0.0000143750 3 2 2 0 2 3 2 3 
0.0000065000 3 2 2 0 3 0 0 2 
0.0000512500 3 2 2 0 3 0 0 3 
0.0000501875 3 2 2 0 3 0 2 0 
0.0000535625 3 2 2 0 3 0 2 1 
0.0000780625 3 2 2 0 3 1 1 1 
0.0000030625 3 2 2 0 3 1 1 2 
0.0000200625 3 2 2 0 3 1 1 3 
0.0000147500 3 2 2 0 3 1 3 0 
0.0000143750 3 2 2 0 3 1 3 1 
0.0000125000 3 2 2 0 3 1 3 2 
0.0000501875 3 2 2 0 3 2 0 0 
0.0000535625 3 2 2 0 3 2 0 1 
0.0001822500 3 2 2 0 3 2 2 0 
0.0000501875 3 2 2 0 3 2 2 2 
0.0000147500 3 2 2 0 3 3 1 0 
0.0000143750 3 2 2 0 3 3 1 1 
0.0000125000 3 2 2 0 3 3 1 2 
0.0000512500 3 2 2 1 0 0 0 1 
0.0000194375 3 2 2 1 0 0 1 2 
0.0000462500 3 2 2 1 0 0 1 3 
0.0000125000 3 2 2 1 0 0 2 0 
0.0000286875 3 2 2 1 0 0 3 2 
0.0000194375 3 2 2 1 0 1 0 2 
0.0000462500 3 2 2 1 0 1 0 3 
0.0000200625 3 2 2 1 0 1 1 1 
0.0000030625 3 2 2 1 0 1 2 3 
0.0000533125 3 2 2 1 0 1 3 0 
0.0000125000 3 2 2 1 0 2 0 0 
0.0000030625 3 2 2 1 0 2 1 3 
0.0000147500 3 2 2 1 0 2 2 0 
0.0000780625 3 2 2 1 0 2 3 2 
0.0000125000 3 2 2 1 0 2 3 3 
0.0000286875 3 2 2 1 0 3 0 2 
0.0000533125 3 2 2 1 0 3 1 0 
0.0000780625 3 2 2 1 0 3 2 2 
0.0000125000 3 2 2 1 0 3 2 3 
0.0000901250 3 2 2 1 1 0 0 2 
0.0000512500 3 2 2 1 1 0 1 1 
0.0000065000 3 2 2 1 1 0 2 3 
0.0000286875 3 2 2 1 1 0 3 1 
0.0000512500 3 2 2 1 1 1 0 1 
0.0000194375 3 2 2 1 1 1 1 2 
0.0000462500 3 2 2 1 1 1 1 3 
0.0000125000 3 2 2 1 1 1 2 0 
0.0000286875 3 2 2 1 1 1 3 2 
0.0000065000 3 2 2 1 1 2 0 3 
0.0000125000 3 2 2 1 1 2 1 0 
0.0000221250 3 2 2 1 1 2 2 2 
0.0000286875 3 2 2 1 1 3 0 1 
0.0000286875 3 2 2 1 1 3 1 2 
0.0000452500 3 2 2 1 2 0 1 0 
0.0000125000 3 2 2 1 2 0 2 2 
0.0000286875 3 2 2 1 2 0 2 3 
0.0000288750 3 2 2 1 2 0 3 0 
0.0000078125 3 2 2 1 2 0 3 1 
0.0000452500 3 2 2 1 2 1 0 0 
0.0000533125 3 2 2 1 2 1 3 2 
0.0000452500 3 2 2 1 2 1 3 3 
0.0000125000 3 2 2 1 2 2 0 2 
0.0000286875 3 2 2 1 2 2 0 3 
0.0000147500 3 2 2 1 2 2 2 2 
0.0000572500 3 2 2 1 2 2 3 0 
0.0000854375 3 2 2 1 2 2 3 1 
0.0000288750 3 2 2 1 2 3 0 0 
0.0000078125 3 2 2 1 2 3 0 1 
0.0000533125 3 2 2 1 2 3 1 2 
0.0000452500 3 2 2 1 2 3 1 3 
0.0000572500 3 2 2 1 2 3 2 0 
0.0000854375 3 2 2 1 2 3 2 1 
0.0000288750 3 2 2 1 2 3 3 3 
0.0000535625 3 2 2 1 3 0 2 0 
0.0000501875 3 2 2 1 3 0 2 1 
0.0000780625 3 2 2 1 3 1 1 0 
0.0000106250 3 2 2 1 3 1 2 2 
0.0000221250 3 2 2 1 3 1 2 3 
0.0000143750 3 2 2 1 3 1 3 0 
0.0000147500 3 2 2 1 3 1 3 1 
0.0000535625 3 2 2 1 3 2 0 0 
0.0000501875 3 2 2 1 3 2 0 1 
0.0000106250 3 2 2 1 3 2 1 2 
0.0000221250 3 2 2 1 3 2 1 3 
0.0001822500 3 2 2 1 3 2 2 1 
0.0000535625 3 2 2 1 3 2 3 3 
0.0000143750 3 2 2 1 3 3 1 0 
0.0000147500 3 2 2 1 3 3 1 1 
0.0000535625 3 2 2 1 3 3 2 3 
0.0000512500 3 2 2 2 0 0 0 2 
0.0000512500 3 2 2 2 0 0 2 0 
0.0000452500 3 2 2 2 0 0 3 3 
0.0000200625 3 2 2 2 0 1 1 2 
0.0000200625 3 2 2 2 0 1 2 1 
0.0000512500 3 2 2 2 0 2 0 0 
0.0000200625 3 2 2 2 0 2 1 1 
0.0000452500 3 2 2 2 0 3 0 3 
0.0000452500 3 2 2 2 0 3 3 0 
0.0000512500 3 2 2 2 1 0 1 2 
0.0000512500 3 2 2 2 1 0 2 1 
0.0000286875 3 2 2 2 1 0 2 3 
0.0000286875 3 2 2 2 1 0 3 2 
0.0000512500 3 2 2 2 1 1 0 2 
0.0000512500 3 2 2 2 1 1 2 0 
0.0000452500 3 2 2 2 1 1 3 3 
0.0000512500 3 2 2 2 1 2 0 1 
0.0000286875 3 2 2 2 1 2 0 3 
0.0000512500 3 2 2 2 1 2 1 0 
0.0000286875 3 2 2 2 1 2 3 0 
0.0000286875 3 2 2 2 1 3 0 2 
0.0000452500 3 2 2 2 1 3 1 3 
0.0000286875 3 2 2 2 1 3 2 0 
0.0000452500 3 2 2 2 1 3 3 1 
0.0000288750 3 2 2 2 1 3 3 3 
0.0000521875 3 2 2 2 2 0 0 1 
0.0000105625 3 2 2 2 2 0 0 3 
0.0000521875 3 2 2 2 2 0 1 0 
0.0000078125 3 2 2 2 2 0 2 3 
0.0000105625 3 2 2 2 2 0 3 0 
0.0000078125 3 2 2 2 2 0 3 2 
0.0000521875 3 2 2 2 2 1 0 0 
0.0001210625 3 2 2 2 2 1 1 1 
0.0000078125 3 2 2 2 2 2 0 3 
0.0000854375 3 2 2 2 2 2 2 3 
0.0000078125 3 2 2 2 2 2 3 0 
0.0000854375 3 2 2 2 2 2 3 2 
0.0000105625 3 2 2 2 2 3 0 0 
0.0000078125 3 2 2 2 2 3 0 2 
0.0000078125 3 2 2 2 2 3 2 0 
0.0000854375 3 2 2 2 2 3 2 2 
0.0000081875 3 2 2 2 2 3 3 3 
0.0000065000 3 2 2 2 3 0 0 0 
0.0000030625 3 2 2 2 3 0 1 1 
0.0000125000 3 2 2 2 3 0 1 3 
0.0000501875 3 2 2 2 3 0 2 2 
0.0000125000 3 2 2 2 3 0 3 1 
0.0000030625 3 2 2 2 3 1 0 1 
0.0000125000 3 2 2 2 3 1 0 3 
0.0000030625 3 2 2 2 3 1 1 0 
0.0000147500 3 2 2 2 3 1 2 3 
0.0000125000 3 2 2 2 3 1 3 0 
0.0000147500 3 2 2 2 3 1 3 2 
0.0000501875 3 2 2 2 3 2 0 2 
0.0000147500 3 2 2 2 3 2 1 3 
0.0000501875 3 2 2 2 3 2 2 0 
0.0001822500 3 2 2 2 3 2 2 2 
0.0000147500 3 2 2 2 3 2 3 1 
0.0000125000 3 2 2 2 3 3 0 1 
0.0000125000 3 2 2 2 3 3 1 0 
0.0000147500 3 2 2 2 3 3 1 2 
0.0000147500 3 2 2 2 3 3 2 1 
0.0000512500 3 2 2 3 0 0 0 3 
0.0000286875 3 2 2 3 0 0 1 2 
0.0000521875 3 2 2 3 0 0 3 1 
0.0000286875 3 2 2 3 0 1 0 2 
0.0000728125 3 2 2 3 0 1 1 0 
0.0000200625 3 2 2 3 0 1 1 3 
0.0000780625 3 2 2 3 0 1 2 2 
0.0001210625 3 2 2 3 0 1 3 0 
0.0000780625 3 2 2 3 0 2 1 2 
0.0000106250 3 2 2 3 0 2 2 0 
0.0000143750 3 2 2 3 0 2 3 2 
0.0000521875 3 2 2 3 0 3 0 1 
0.0001210625 3 2 2 3 0 3 1 0 
0.0000143750 3 2 2 3 0 3 2 2 
0.0000538125 3 2 2 3 1 0 0 1 
0.0001474375 3 2 2 3 1 0 0 2 
0.0000512500 3 2 2 3 1 0 1 3 
0.0000521875 3 2 2 3 1 0 3 0 
0.0000286875 3 2 2 3 1 0 3 3 
0.0000512500 3 2 2 3 1 1 0 3 
0.0000286875 3 2 2 3 1 1 1 2 
0.0000521875 3 2 2 3 1 1 3 1 
0.0000398125 3 2 2 3 1 2 2 1 
0.0000535625 3 2 2 3 1 2 2 2 
0.0000521875 3 2 2 3 1 3 0 0 
0.0000286875 3 2 2 3 1 3 0 3 
0.0000521875 3 2 2 3 1 3 1 1 
0.0000105625 3 2 2 3 1 3 3 1 
0.0001474375 3 2 2 3 2 0 0 1 
0.0000286875 3 2 2 3 2 0 1 0 
0.0000078125 3 2 2 3 2 0 3 3 
0.0000286875 3 2 2 3 2 1 0 0 
0.0000286875 3 2 2 3 2 1 1 1 
0.0000533125 3 2 2 3 2 1 1 2 
0.0000780625 3 2 2 3 2 1 2 0 
0.0000780625 3 2 2 3 2 2 1 0 
0.0000535625 3 2 2 3 2 2 2 1 
0.0000143750 3 2 2 3 2 2 3 0 
0.0000854375 3 2 2 3 2 2 3 3 
0.0000078125 3 2 2 3 2 3 0 3 
0.0000143750 3 2 2 3 2 3 2 0 
0.0000854375 3 2 2 3 2 3 2 3 
0.0000512500 3 2 2 3 3 0 0 0 
0.0000512500 3 2 2 3 3 0 1 1 
0.0000501875 3 2 2 3 3 0 2 3 
0.0000286875 3 2 2 3 3 0 3 1 
0.0000078125 3 2 2 3 3 0 3 2 
0.0000512500 3 2 2 3 3 1 0 1 
0.0000200625 3 2 2 3 3 1 1 0 
0.0000147500 3 2 2 3 3 1 3 3 
0.0000501875 3 2 2 3 3 2 0 3 
0.0001822500 3 2 2 3 3 2 2 3 
0.0000854375 3 2 2 3 3 2 3 2 
0.0000286875 3 2 2 3 3 3 0 1 
0.0000078125 3 2 2 3 3 3 0 2 
0.0000147500 3 2 2 3 3 3 1 3 
0.0000854375 3 2 2 3 3 3 2 2 
0.0000194375 3 2 3 0 0 0 0 3 
0.0000125000 3 2 3 0 0 0 3 1 
0.0000512500 3 2 3 0 0 0 3 2 
0.0000194375 3 2 3 0 0 1 1 3 
0.0000780625 3 2 3 0 0 1 2 0 
0.0000286875 3 2 3 0 0 1 2 2 
0.0000106250 3 2 3 0 0 2 0 0 
0.0000147500 3 2 3 0 0 2 3 1 
0.0000106250 3 2 3 0 0 2 3 3 
0.0000452500 3 2 3 0 0 3 1 1 
0.0000521875 3 2 3 0 0 3 1 2 
0.0000286875 3 2 3 0 0 3 1 3 
0.0000143750 3 2 3 0 0 3 2 0 
0.0000533125 3 2 3 0 0 3 2 3 
0.0000538125 3 2 3 0 1 0 1 2 
0.0000901250 3 2 3 0 1 0 1 3 
0.0000105625 3 2 3 0 1 0 2 1 
0.0001474375 3 2 3 0 1 0 2 2 
0.0000194375 3 2 3 0 1 1 0 3 
0.0000125000 3 2 3 0 1 1 3 1 
0.0000512500 3 2 3 0 1 1 3 2 
0.0000398125 3 2 3 0 1 2 1 0 
0.0000286875 3 2 3 0 1 2 1 1 
0.0000535625 3 2 3 0 1 2 2 0 
0.0000078125 3 2 3 0 1 2 2 1 
0.0000125000 3 2 3 0 1 2 2 3 
0.0000452500 3 2 3 0 1 3 0 1 
0.0000521875 3 2 3 0 1 3 0 2 
0.0000286875 3 2 3 0 1 3 0 3 
0.0000286875 3 2 3 0 1 3 3 2 
0.0000105625 3 2 3 0 2 0 1 1 
0.0001474375 3 2 3 0 2 0 1 2 
0.0000452500 3 2 3 0 2 0 2 3 
0.0000780625 3 2 3 0 2 1 0 0 
0.0000286875 3 2 3 0 2 1 0 2 
0.0000780625 3 2 3 0 2 1 3 3 
0.0000535625 3 2 3 0 2 2 1 0 
0.0000078125 3 2 3 0 2 2 1 1 
0.0000125000 3 2 3 0 2 2 1 3 
0.0000143750 3 2 3 0 2 3 0 0 
0.0000533125 3 2 3 0 2 3 0 3 
0.0000854375 3 2 3 0 2 3 3 0 
0.0000572500 3 2 3 0 2 3 3 1 
0.0000078125 3 2 3 0 2 3 3 2 
0.0000143750 3 2 3 0 2 3 3 3 
0.0000125000 3 2 3 0 3 0 0 1 
0.0000512500 3 2 3 0 3 0 0 2 
0.0000501875 3 2 3 0 3 0 3 0 
0.0000535625 3 2 3 0 3 0 3 1 
0.0000125000 3 2 3 0 3 1 1 1 
0.0000512500 3 2 3 0 3 1 1 2 
0.0000780625 3 2 3 0 3 1 2 3 
0.0000147500 3 2 3 0 3 2 0 1 
0.0000106250 3 2 3 0 3 2 0 3 
0.0001822500 3 2 3 0 3 2 3 0 
0.0000501875 3 2 3 0 3 2 3 2 
0.0000286875 3 2 3 0 3 3 1 2 
0.0000854375 3 2 3 0 3 3 2 0 
0.0000572500 3 2 3 0 3 3 2 1 
0.0000078125 3 2 3 0 3 3 2 2 
0.0000143750 3 2 3 0 3 3 2 3 
0.0000462500 3 2 3 1 0 0 1 2 
0.0000521875 3 2 3 1 0 0 2 3 
0.0000125000 3 2 3 1 0 0 3 0 
0.0000780625 3 2 3 1 0 1 2 1 
0.0000030625 3 2 3 1 0 1 3 3 
0.0000106250 3 2 3 1 0 2 0 1 
0.0000030625 3 2 3 1 0 2 1 2 
0.0000512500 3 2 3 1 0 2 1 3 
0.0000147500 3 2 3 1 0 2 3 0 
0.0000452500 3 2 3 1 0 3 1 0 
0.0000143750 3 2 3 1 0 3 2 1 
0.0000780625 3 2 3 1 0 3 3 2 
0.0000125000 3 2 3 1 0 3 3 3 
0.0000462500 3 2 3 1 1 0 0 2 
0.0000105625 3 2 3 1 1 0 2 0 
0.0000065000 3 2 3 1 1 0 3 3 
0.0000462500 3 2 3 1 1 1 1 2 
0.0000521875 3 2 3 1 1 1 2 3 
0.0000125000 3 2 3 1 1 1 3 0 
0.0000030625 3 2 3 1 1 2 0 2 
0.0000512500 3 2 3 1 1 2 0 3 
0.0000286875 3 2 3 1 1 2 1 0 
0.0000398125 3 2 3 1 1 2 1 1 
0.0000078125 3 2 3 1 1 2 2 0 
0.0000535625 3 2 3 1 1 2 2 1 
0.0000221250 3 2 3 1 1 2 3 2 
0.0000452500 3 2 3 1 1 3 0 0 
0.0000452500 3 2 3 1 1 3 2 2 
0.0000105625 3 2 3 1 1 3 2 3 
0.0000521875 3 2 3 1 2 0 0 3 
0.0000105625 3 2 3 1 2 0 1 0 
0.0000125000 3 2 3 1 2 0 3 2 
0.0000286875 3 2 3 1 2 0 3 3 
0.0000780625 3 2 3 1 2 1 0 1 
0.0000521875 3 2 3 1 2 1 1 3 
0.0000078125 3 2 3 1 2 2 1 0 
0.0000535625 3 2 3 1 2 2 1 1 
0.0000147500 3 2 3 1 2 2 3 2 
0.0000143750 3 2 3 1 2 3 0 1 
0.0000452500 3 2 3 1 2 3 1 2 
0.0000105625 3 2 3 1 2 3 1 3 
0.0000572500 3 2 3 1 2 3 3 0 
0.0000854375 3 2 3 1 2 3 3 1 
0.0000125000 3 2 3 1 3 0 0 0 
0.0000065000 3 2 3 1 3 0 1 3 
0.0000125000 3 2 3 1 3 0 2 2 
0.0000286875 3 2 3 1 3 0 2 3 
0.0000535625 3 2 3 1 3 0 3 0 
0.0000501875 3 2 3 1 3 0 3 1 
0.0000030625 3 2 3 1 3 1 0 3 
0.0000125000 3 2 3 1 3 1 1 0 
0.0000106250 3 2 3 1 3 1 3 2 
0.0000221250 3 2 3 1 3 1 3 3 
0.0000147500 3 2 3 1 3 2 0 0 
0.0000221250 3 2 3 1 3 2 1 2 
0.0000147500 3 2 3 1 3 2 2 2 
0.0001822500 3 2 3 1 3 2 3 1 
0.0000780625 3 2 3 1 3 3 0 2 
0.0000125000 3 2 3 1 3 3 0 3 
0.0000572500 3 2 3 1 3 3 2 0 
0.0000854375 3 2 3 1 3 3 2 1 
0.0000535625 3 2 3 1 3 3 3 3 
0.0000521875 3 2 3 2 0 0 1 3 
0.0000286875 3 2 3 2 0 0 2 1 
0.0000512500 3 2 3 2 0 0 3 0 
0.0000728125 3 2 3 2 0 1 0 1 
0.0001210625 3 2 3 2 0 1 0 3 
0.0000286875 3 2 3 2 0 1 2 0 
0.0000780625 3 2 3 2 0 1 2 2 
0.0000200625 3 2 3 2 0 1 3 1 
0.0000106250 3 2 3 2 0 2 0 2 
0.0000780625 3 2 3 2 0 2 2 1 
0.0000143750 3 2 3 2 0 2 2 3 
0.0001210625 3 2 3 2 0 3 0 1 
0.0000521875 3 2 3 2 0 3 1 0 
0.0000143750 3 2 3 2 0 3 2 2 
0.0000521875 3 2 3 2 1 0 0 3 
0.0000538125 3 2 3 2 1 0 1 0 
0.0001474375 3 2 3 2 1 0 2 0 
0.0000512500 3 2 3 2 1 0 3 1 
0.0000286875 3 2 3 2 1 0 3 3 
0.0000521875 3 2 3 2 1 1 1 3 
0.0000286875 3 2 3 2 1 1 2 1 
0.0000512500 3 2 3 2 1 1 3 0 
0.0000398125 3 2 3 2 1 2 1 2 
0.0000535625 3 2 3 2 1 2 2 2 
0.0000521875 3 2 3 2 1 3 0 0 
0.0000521875 3 2 3 2 1 3 1 1 
0.0000105625 3 2 3 2 1 3 1 3 
0.0000286875 3 2 3 2 1 3 3 0 
0.0000286875 3 2 3 2 2 0 0 1 
0.0001474375 3 2 3 2 2 0 1 0 
0.0000078125 3 2 3 2 2 0 3 3 
0.0000286875 3 2 3 2 2 1 0 0 
0.0000780625 3 2 3 2 2 1 0 2 
0.0000286875 3 2 3 2 2 1 1 1 
0.0000533125 3 2 3 2 2 1 2 1 
0.0000780625 3 2 3 2 2 2 0 1 
0.0000143750 3 2 3 2 2 2 0 3 
0.0000535625 3 2 3 2 2 2 1 2 
0.0000854375 3 2 3 2 2 2 3 3 
0.0000143750 3 2 3 2 2 3 0 2 
0.0000078125 3 2 3 2 2 3 3 0 
0.0000854375 3 2 3 2 2 3 3 2 
0.0000512500 3 2 3 2 3 0 0 0 
0.0000512500 3 2 3 2 3 0 1 1 
0.0000286875 3 2 3 2 3 0 1 3 
0.0000078125 3 2 3 2 3 0 2 3 
0.0000501875 3 2 3 2 3 0 3 2 
0.0000200625 3 2 3 2 3 1 0 1 
0.0000512500 3 2 3 2 3 1 1 0 
0.0000147500 3 2 3 2 3 1 3 3 
0.0000854375 3 2 3 2 3 2 2 3 
0.0000501875 3 2 3 2 3 2 3 0 
0.0001822500 3 2 3 2 3 2 3 2 
0.0000286875 3 2 3 2 3 3 1 0 
0.0000078125 3 2 3 2 3 3 2 0 
0.0000854375 3 2 3 2 3 3 2 2 
0.0000147500 3 2 3 2 3 3 3 1 
0.0000194375 3 2 3 3 0 0 0 0 
0.0000901250 3 2 3 3 0 0 1 1 
0.0000452500 3 2 3 3 0 0 2 2 
0.0000194375 3 2 3 3 0 1 0 1 
0.0000194375 3 2 3 3 0 1 1 0 
0.0000780625 3 2 3 3 0 1 2 3 
0.0000780625 3 2 3 3 0 1 3 2 
0.0000106250 3 2 3 3 0 2 0 3 
0.0000125000 3 2 3 3 0 2 1 2 
0.0000125000 3 2 3 3 0 2 2 1 
0.0000106250 3 2 3 3 0 2 3 0 
0.0000286875 3 2 3 3 0 3 0 1 
0.0000533125 3 2 3 3 0 3 0 2 
0.0000286875 3 2 3 3 0 3 1 0 
0.0000533125 3 2 3 3 0 3 2 0 
0.0000143750 3 2 3 3 0 3 2 3 
0.0000143750 3 2 3 3 0 3 3 2 
0.0000901250 3 2 3 3 1 0 0 1 
0.0000901250 3 2 3 3 1 0 1 0 
0.0000194375 3 2 3 3 1 1 0 0 
0.0000901250 3 2 3 3 1 1 1 1 
0.0000452500 3 2 3 3 1 1 2 2 
0.0000125000 3 2 3 3 1 2 0 2 
0.0000398125 3 2 3 3 1 2 1 3 
0.0000125000 3 2 3 3 1 2 2 0 
0.0000535625 3 2 3 3 1 2 2 3 
0.0000398125 3 2 3 3 1 2 3 1 
0.0000535625 3 2 3 3 1 2 3 2 
0.0000286875 3 2 3 3 1 3 0 0 
0.0001474375 3 2 3 3 1 3 1 1 
0.0000288750 3 2 3 3 1 3 2 2 
0.0000452500 3 2 3 3 2 0 0 2 
0.0000452500 3 2 3 3 2 0 2 0 
0.0000780625 3 2 3 3 2 1 0 3 
0.0000452500 3 2 3 3 2 1 1 2 
0.0000452500 3 2 3 3 2 1 2 1 
0.0000780625 3 2 3 3 2 1 3 0 
0.0000125000 3 2 3 3 2 2 0 1 
0.0000125000 3 2 3 3 2 2 1 0 
0.0000535625 3 2 3 3 2 2 1 3 
0.0000535625 3 2 3 3 2 2 3 1 
0.0000533125 3 2 3 3 2 3 0 0 
0.0000143750 3 2 3 3 2 3 0 3 
0.0000288750 3 2 3 3 2 3 1 2 
0.0000288750 3 2 3 3 2 3 2 1 
0.0000081875 3 2 3 3 2 3 2 2 
0.0000143750 3 2 3 3 2 3 3 0 
0.0000854375 3 2 3 3 2 3 3 3 
0.0000501875 3 2 3 3 3 0 3 3 
0.0000780625 3 2 3 3 3 1 0 2 
0.0000780625 3 2 3 3 3 1 2 0 
0.0000106250 3 2 3 3 3 2 0 0 
0.0000398125 3 2 3 3 3 2 1 1 
0.0000535625 3 2 3 3 3 2 1 2 
0.0000535625 3 2 3 3 3 2 2 1 
0.0001822500 3 2 3 3 3 2 3 3 
0.0000143750 3 2 3 3 3 3 0 2 
0.0000143750 3 2 3 3 3 3 2 0 
0.0000854375 3 2 3 3 3 3 2 3 
0.0000854375 3 2 3 3 3 3 3 2 
0.0000106250 3 3 0 0 0 0 0 0 
0.0000533125 3 3 0 0 0 0 1 1 
0.0001210625 3 3 0 0 0 0 1 3 
0.0000194375 3 3 0 0 0 0 2 3 
0.0001210625 3 3 0 0 0 0 3 1 
0.0000194375 3 3 0 0 0 0 3 2 
0.0000147500 3 3 0 0 0 3 0 1 
0.0000106250 3 3 0 0 0 3 0 3 
0.0000147500 3 3 0 0 0 3 1 0 
0.0000143750 3 3 0 0 0 3 1 1 
0.0000125000 3 3 0 0 0 3 1 2 
0.0000125000 3 3 0 0 0 3 2 1 
0.0000512500 3 3 0 0 0 3 2 2 
0.0000106250 3 3 0 0 0 3 3 0 
0.0000398125 3 3 0 0 1 1 0 0 
0.0000286875 3 3 0 0 1 1 0 1 
0.0000286875 3 3 0 0 1 1 1 0 
0.0000521875 3 3 0 0 1 1 1 3 
0.0000538125 3 3 0 0 1 1 2 2 
0.0000901250 3 3 0 0 1 1 2 3 
0.0000521875 3 3 0 0 1 1 3 1 
0.0000901250 3 3 0 0 1 1 3 2 
0.0000462500 3 3 0 0 1 1 3 3 
0.0000535625 3 3 0 0 1 2 0 0 
0.0000078125 3 3 0 0 1 2 0 1 
0.0000125000 3 3 0 0 1 2 0 3 
0.0000078125 3 3 0 0 1 2 1 0 
0.0000288750 3 3 0 0 1 2 1 1 
0.0000105625 3 3 0 0 1 2 1 2 
0.0000105625 3 3 0 0 1 2 2 1 
0.0001474375 3 3 0 0 1 2 2 2 
0.0000125000 3 3 0 0 1 2 3 0 
0.0000535625 3 3 0 0 2 1 0 0 
0.0000078125 3 3 0 0 2 1 0 1 
0.0000125000 3 3 0 0 2 1 0 3 
0.0000078125 3 3 0 0 2 1 1 0 
0.0000288750 3 3 0 0 2 1 1 1 
0.0000105625 3 3 0 0 2 1 1 2 
0.0000105625 3 3 0 0 2 1 2 1 
0.0001474375 3 3 0 0 2 1 2 2 
0.0000125000 3 3 0 0 2 1 3 0 
0.0000081875 3 3 0 0 2 2 1 1 
0.0000452500 3 3 0 0 2 2 2 3 
0.0000452500 3 3 0 0 2 2 3 2 
0.0000147500 3 3 0 0 3 0 0 1 
0.0000106250 3 3 0 0 3 0 0 3 
0.0000147500 3 3 0 0 3 0 1 0 
0.0000143750 3 3 0 0 3 0 1 1 
0.0000125000 3 3 0 0 3 0 1 2 
0.0000125000 3 3 0 0 3 0 2 1 
0.0000512500 3 3 0 0 3 0 2 2 
0.0000106250 3 3 0 0 3 0 3 0 
0.0001822500 3 3 0 0 3 3 0 0 
0.0000501875 3 3 0 0 3 3 0 2 
0.0000854375 3 3 0 0 3 3 1 1 
0.0000535625 3 3 0 0 3 3 1 2 
0.0000147500 3 3 0 0 3 3 1 3 
0.0000501875 3 3 0 0 3 3 2 0 
0.0000535625 3 3 0 0 3 3 2 1 
0.0000147500 3 3 0 0 3 3 3 1 
0.0000106250 3 3 0 0 3 3 3 3 
0.0000106250 3 3 0 1 0 0 0 1 
0.0000533125 3 3 0 1 0 0 1 0 
0.0001210625 3 3 0 1 0 0 3 0 
0.0000030625 3 3 0 1 0 1 0 2 
0.0000512500 3 3 0 1 0 1 0 3 
0.0000286875 3 3 0 1 0 1 1 2 
0.0000462500 3 3 0 1 0 1 2 2 
0.0000533125 3 3 0 1 0 2 1 2 
0.0000452500 3 3 0 1 0 2 1 3 
0.0000521875 3 3 0 1 0 2 2 3 
0.0001210625 3 3 0 1 0 2 3 2 
0.0000286875 3 3 0 1 0 2 3 3 
0.0000147500 3 3 0 1 0 3 0 0 
0.0000143750 3 3 0 1 0 3 1 0 
0.0000147500 3 3 0 1 0 3 1 1 
0.0000125000 3 3 0 1 0 3 2 0 
0.0000106250 3 3 0 1 0 3 3 1 
0.0000030625 3 3 0 1 1 0 0 2 
0.0000512500 3 3 0 1 1 0 0 3 
0.0000286875 3 3 0 1 1 0 1 2 
0.0000462500 3 3 0 1 1 0 2 2 
0.0000286875 3 3 0 1 1 1 0 0 
0.0000398125 3 3 0 1 1 1 0 1 
0.0000286875 3 3 0 1 1 1 1 1 
0.0000521875 3 3 0 1 1 1 3 0 
0.0000078125 3 3 0 1 1 2 0 0 
0.0000535625 3 3 0 1 1 2 0 1 
0.0000288750 3 3 0 1 1 2 1 0 
0.0000078125 3 3 0 1 1 2 1 1 
0.0000105625 3 3 0 1 1 2 2 0 
0.0000125000 3 3 0 1 1 2 3 1 
0.0000221250 3 3 0 1 1 3 0 2 
0.0000065000 3 3 0 1 1 3 2 3 
0.0000030625 3 3 0 1 1 3 3 2 
0.0000512500 3 3 0 1 1 3 3 3 
0.0000533125 3 3 0 1 2 0 1 2 
0.0000452500 3 3 0 1 2 0 1 3 
0.0000521875 3 3 0 1 2 0 2 3 
0.0001210625 3 3 0 1 2 0 3 2 
0.0000286875 3 3 0 1 2 0 3 3 
0.0000078125 3 3 0 1 2 1 0 0 
0.0000535625 3 3 0 1 2 1 0 1 
0.0000288750 3 3 0 1 2 1 1 0 
0.0000078125 3 3 0 1 2 1 1 1 
0.0000105625 3 3 0 1 2 1 2 0 
0.0000125000 3 3 0 1 2 1 3 1 
0.0000081875 3 3 0 1 2 2 1 0 
0.0000147500 3 3 0 1 2 3 0 2 
0.0000143750 3 3 0 1 2 3 1 2 
0.0000125000 3 3 0 1 2 3 2 2 
0.0000286875 3 3 0 1 2 3 2 3 
0.0000147500 3 3 0 1 3 0 0 0 
0.0000143750 3 3 0 1 3 0 1 0 
0.0000147500 3 3 0 1 3 0 1 1 
0.0000125000 3 3 0 1 3 0 2 0 
0.0000106250 3 3 0 1 3 0 3 1 
0.0000221250 3 3 0 1 3 1 0 2 
0.0000065000 3 3 0 1 3 1 2 3 
0.0000030625 3 3 0 1 3 1 3 2 
0.0000512500 3 3 0 1 3 1 3 3 
0.0000147500 3 3 0 1 3 2 0 2 
0.0000143750 3 3 0 1 3 2 1 2 
0.0000125000 3 3 0 1 3 2 2 2 
0.0000286875 3 3 0 1 3 2 2 3 
0.0001822500 3 3 0 1 3 3 0 1 
0.0000854375 3 3 0 1 3 3 1 0 
0.0000535625 3 3 0 1 3 3 2 0 
0.0000501875 3 3 0 1 3 3 2 1 
0.0000147500 3 3 0 1 3 3 3 0 
0.0000106250 3 3 0 2 0 0 0 2 
0.0000194375 3 3 0 2 0 0 3 0 
0.0000452500 3 3 0 2 0 1 1 3 
0.0000521875 3 3 0 2 0 1 2 3 
0.0000194375 3 3 0 2 0 1 3 1 
0.0000286875 3 3 0 2 0 1 3 3 
0.0000780625 3 3 0 2 0 2 0 1 
0.0000143750 3 3 0 2 0 2 0 3 
0.0000286875 3 3 0 2 0 2 2 1 
0.0000533125 3 3 0 2 0 2 3 3 
0.0000125000 3 3 0 2 0 3 1 0 
0.0000147500 3 3 0 2 0 3 1 2 
0.0000512500 3 3 0 2 0 3 2 0 
0.0000106250 3 3 0 2 0 3 3 2 
0.0000452500 3 3 0 2 1 0 1 3 
0.0000521875 3 3 0 2 1 0 2 3 
0.0000194375 3 3 0 2 1 0 3 1 
0.0000286875 3 3 0 2 1 0 3 3 
0.0000398125 3 3 0 2 1 1 0 2 
0.0000286875 3 3 0 2 1 1 1 2 
0.0000538125 3 3 0 2 1 1 2 0 
0.0000901250 3 3 0 2 1 1 3 0 
0.0000535625 3 3 0 2 1 2 0 2 
0.0000105625 3 3 0 2 1 2 1 0 
0.0000078125 3 3 0 2 1 2 1 2 
0.0001474375 3 3 0 2 1 2 2 0 
0.0000125000 3 3 0 2 1 2 3 2 
0.0000125000 3 3 0 2 1 3 1 1 
0.0000512500 3 3 0 2 1 3 2 1 
0.0000286875 3 3 0 2 1 3 2 3 
0.0000780625 3 3 0 2 2 0 0 1 
0.0000143750 3 3 0 2 2 0 0 3 
0.0000286875 3 3 0 2 2 0 2 1 
0.0000533125 3 3 0 2 2 0 3 3 
0.0000535625 3 3 0 2 2 1 0 2 
0.0000105625 3 3 0 2 2 1 1 0 
0.0000078125 3 3 0 2 2 1 1 2 
0.0001474375 3 3 0 2 2 1 2 0 
0.0000125000 3 3 0 2 2 1 3 2 
0.0000452500 3 3 0 2 2 2 3 0 
0.0000854375 3 3 0 2 2 3 0 3 
0.0000572500 3 3 0 2 2 3 1 3 
0.0000078125 3 3 0 2 2 3 2 3 
0.0000780625 3 3 0 2 2 3 3 1 
0.0000143750 3 3 0 2 2 3 3 3 
0.0000125000 3 3 0 2 3 0 1 0 
0.0000147500 3 3 0 2 3 0 1 2 
0.0000512500 3 3 0 2 3 0 2 0 
0.0000106250 3 3 0 2 3 0 3 2 
0.0000125000 3 3 0 2 3 1 1 1 
0.0000512500 3 3 0 2 3 1 2 1 
0.0000286875 3 3 0 2 3 1 2 3 
0.0000854375 3 3 0 2 3 2 0 3 
0.0000572500 3 3 0 2 3 2 1 3 
0.0000078125 3 3 0 2 3 2 2 3 
0.0000780625 3 3 0 2 3 2 3 1 
0.0000143750 3 3 0 2 3 2 3 3 
0.0000501875 3 3 0 2 3 3 0 0 
0.0001822500 3 3 0 2 3 3 0 2 
0.0000535625 3 3 0 2 3 3 1 0 
0.0000501875 3 3 0 2 3 3 2 2 
0.0000106250 3 3 0 3 0 0 0 3 
0.0001210625 3 3 0 3 0 0 1 0 
0.0000194375 3 3 0 3 0 0 2 0 
0.0000125000 3 3 0 3 0 1 0 2 
0.0000521875 3 3 0 3 0 1 1 1 
0.0000901250 3 3 0 3 0 1 2 1 
0.0000462500 3 3 0 3 0 1 3 1 
0.0000125000 3 3 0 3 0 2 0 1 
0.0000452500 3 3 0 3 0 2 2 2 
0.0000106250 3 3 0 3 0 3 0 0 
0.0000147500 3 3 0 3 0 3 1 3 
0.0000106250 3 3 0 3 0 3 3 3 
0.0000125000 3 3 0 3 1 0 0 2 
0.0000521875 3 3 0 3 1 0 1 1 
0.0000901250 3 3 0 3 1 0 2 1 
0.0000462500 3 3 0 3 1 0 3 1 
0.0000398125 3 3 0 3 1 1 0 3 
0.0000521875 3 3 0 3 1 1 1 0 
0.0000286875 3 3 0 3 1 1 1 3 
0.0000901250 3 3 0 3 1 1 2 0 
0.0000462500 3 3 0 3 1 1 3 0 
0.0000125000 3 3 0 3 1 2 0 0 
0.0000535625 3 3 0 3 1 2 0 3 
0.0000078125 3 3 0 3 1 2 1 3 
0.0000125000 3 3 0 3 1 2 3 3 
0.0000398125 3 3 0 3 1 3 0 1 
0.0000535625 3 3 0 3 1 3 0 2 
0.0000286875 3 3 0 3 1 3 1 1 
0.0000078125 3 3 0 3 1 3 1 2 
0.0000125000 3 3 0 3 1 3 3 2 
0.0000125000 3 3 0 3 2 0 0 1 
0.0000452500 3 3 0 3 2 0 2 2 
0.0000125000 3 3 0 3 2 1 0 0 
0.0000535625 3 3 0 3 2 1 0 3 
0.0000078125 3 3 0 3 2 1 1 3 
0.0000125000 3 3 0 3 2 1 3 3 
0.0000452500 3 3 0 3 2 2 2 0 
0.0000535625 3 3 0 3 2 3 0 1 
0.0000078125 3 3 0 3 2 3 1 1 
0.0000125000 3 3 0 3 2 3 3 1 
0.0000106250 3 3 0 3 3 0 0 0 
0.0000147500 3 3 0 3 3 0 1 3 
0.0000106250 3 3 0 3 3 0 3 3 
0.0000398125 3 3 0 3 3 1 0 1 
0.0000535625 3 3 0 3 3 1 0 2 
0.0000286875 3 3 0 3 3 1 1 1 
0.0000078125 3 3 0 3 3 1 1 2 
0.0000125000 3 3 0 3 3 1 3 2 
0.0000535625 3 3 0 3 3 2 0 1 
0.0000078125 3 3 0 3 3 2 1 1 
0.0000125000 3 3 0 3 3 2 3 1 
0.0001822500 3 3 0 3 3 3 0 3 
0.0000147500 3 3 0 3 3 3 1 0 
0.0000501875 3 3 0 3 3 3 2 3 
0.0000106250 3 3 0 3 3 3 3 0 
0.0000533125 3 3 1 0 0 0 0 1 
0.0001210625 3 3 1 0 0 0 0 3 
0.0000106250 3 3 1 0 0 0 1 0 
0.0000030625 3 3 1 0 0 1 2 0 
0.0000286875 3 3 1 0 0 1 2 1 
0.0000462500 3 3 1 0 0 1 2 2 
0.0000512500 3 3 1 0 0 1 3 0 
0.0000533125 3 3 1 0 0 2 2 1 
0.0001210625 3 3 1 0 0 2 2 3 
0.0000452500 3 3 1 0 0 2 3 1 
0.0000521875 3 3 1 0 0 2 3 2 
0.0000286875 3 3 1 0 0 2 3 3 
0.0000147500 3 3 1 0 0 3 0 0 
0.0000143750 3 3 1 0 0 3 0 1 
0.0000125000 3 3 1 0 0 3 0 2 
0.0000147500 3 3 1 0 0 3 1 1 
0.0000106250 3 3 1 0 0 3 1 3 
0.0000030625 3 3 1 0 1 0 2 0 
0.0000286875 3 3 1 0 1 0 2 1 
0.0000462500 3 3 1 0 1 0 2 2 
0.0000512500 3 3 1 0 1 0 3 0 
0.0000286875 3 3 1 0 1 1 0 0 
0.0000521875 3 3 1 0 1 1 0 3 
0.0000398125 3 3 1 0 1 1 1 0 
0.0000286875 3 3 1 0 1 1 1 1 
0.0000078125 3 3 1 0 1 2 0 0 
0.0000288750 3 3 1 0 1 2 0 1 
0.0000105625 3 3 1 0 1 2 0 2 
0.0000535625 3 3 1 0 1 2 1 0 
0.0000078125 3 3 1 0 1 2 1 1 
0.0000125000 3 3 1 0 1 2 1 3 
0.0000221250 3 3 1 0 1 3 2 0 
0.0000030625 3 3 1 0 1 3 2 3 
0.0000065000 3 3 1 0 1 3 3 2 
0.0000512500 3 3 1 0 1 3 3 3 
0.0000533125 3 3 1 0 2 0 2 1 
0.0001210625 3 3 1 0 2 0 2 3 
0.0000452500 3 3 1 0 2 0 3 1 
0.0000521875 3 3 1 0 2 0 3 2 
0.0000286875 3 3 1 0 2 0 3 3 
0.0000078125 3 3 1 0 2 1 0 0 
0.0000288750 3 3 1 0 2 1 0 1 
0.0000105625 3 3 1 0 2 1 0 2 
0.0000535625 3 3 1 0 2 1 1 0 
0.0000078125 3 3 1 0 2 1 1 1 
0.0000125000 3 3 1 0 2 1 1 3 
0.0000081875 3 3 1 0 2 2 0 1 
0.0000147500 3 3 1 0 2 3 2 0 
0.0000143750 3 3 1 0 2 3 2 1 
0.0000125000 3 3 1 0 2 3 2 2 
0.0000286875 3 3 1 0 2 3 3 2 
0.0000147500 3 3 1 0 3 0 0 0 
0.0000143750 3 3 1 0 3 0 0 1 
0.0000125000 3 3 1 0 3 0 0 2 
0.0000147500 3 3 1 0 3 0 1 1 
0.0000106250 3 3 1 0 3 0 1 3 
0.0000221250 3 3 1 0 3 1 2 0 
0.0000030625 3 3 1 0 3 1 2 3 
0.0000065000 3 3 1 0 3 1 3 2 
0.0000512500 3 3 1 0 3 1 3 3 
0.0000147500 3 3 1 0 3 2 2 0 
0.0000143750 3 3 1 0 3 2 2 1 
0.0000125000 3 3 1 0 3 2 2 2 
0.0000286875 3 3 1 0 3 2 3 2 
0.0000854375 3 3 1 0 3 3 0 1 
0.0000535625 3 3 1 0 3 3 0 2 
0.0000147500 3 3 1 0 3 3 0 3 
0.0001822500 3 3 1 0 3 3 1 0 
0.0000501875 3 3 1 0 3 3 1 2 
0.0000533125 3 3 1 1 0 0 0 0 
0.0000106250 3 3 1 1 0 0 1 1 
0.0000728125 3 3 1 1 0 0 2 2 
0.0000194375 3 3 1 1 0 0 2 3 
0.0000194375 3 3 1 1 0 0 3 2 
0.0000462500 3 3 1 1 0 0 3 3 
0.0000286875 3 3 1 1 0 1 0 2 
0.0000030625 3 3 1 1 0 1 1 2 
0.0000512500 3 3 1 1 0 1 1 3 
0.0000286875 3 3 1 1 0 1 2 0 
0.0000030625 3 3 1 1 0 1 2 1 
0.0000512500 3 3 1 1 0 1 3 1 
0.0000533125 3 3 1 1 0 2 0 2 
0.0000452500 3 3 1 1 0 2 0 3 
0.0000533125 3 3 1 1 0 2 2 0 
0.0000452500 3 3 1 1 0 2 3 0 
0.0000143750 3 3 1 1 0 3 0 0 
0.0000147500 3 3 1 1 0 3 0 1 
0.0000147500 3 3 1 1 0 3 1 0 
0.0000200625 3 3 1 1 0 3 2 2 
0.0000286875 3 3 1 1 1 0 0 2 
0.0000030625 3 3 1 1 1 0 1 2 
0.0000512500 3 3 1 1 1 0 1 3 
0.0000286875 3 3 1 1 1 0 2 0 
0.0000030625 3 3 1 1 1 0 2 1 
0.0000512500 3 3 1 1 1 0 3 1 
0.0000286875 3 3 1 1 1 1 0 1 
0.0000286875 3 3 1 1 1 1 1 0 
0.0000398125 3 3 1 1 1 1 1 1 
0.0000901250 3 3 1 1 1 1 2 3 
0.0000901250 3 3 1 1 1 1 3 2 
0.0000288750 3 3 1 1 1 2 0 0 
0.0000078125 3 3 1 1 1 2 0 1 
0.0000078125 3 3 1 1 1 2 1 0 
0.0000535625 3 3 1 1 1 2 1 1 
0.0000286875 3 3 1 1 1 2 2 2 
0.0000221250 3 3 1 1 1 3 1 2 
0.0000221250 3 3 1 1 1 3 2 1 
0.0000533125 3 3 1 1 2 0 0 2 
0.0000452500 3 3 1 1 2 0 0 3 
0.0000533125 3 3 1 1 2 0 2 0 
0.0000452500 3 3 1 1 2 0 3 0 
0.0000288750 3 3 1 1 2 1 0 0 
0.0000078125 3 3 1 1 2 1 0 1 
0.0000078125 3 3 1 1 2 1 1 0 
0.0000535625 3 3 1 1 2 1 1 1 
0.0000286875 3 3 1 1 2 1 2 2 
0.0000081875 3 3 1 1 2 2 0 0 
0.0000533125 3 3 1 1 2 2 2 2 
0.0000452500 3 3 1 1 2 2 2 3 
0.0000452500 3 3 1 1 2 2 3 2 
0.0000105625 3 3 1 1 2 2 3 3 
0.0000143750 3 3 1 1 2 3 0 2 
0.0000147500 3 3 1 1 2 3 1 2 
0.0000143750 3 3 1 1 2 3 2 0 
0.0000147500 3 3 1 1 2 3 2 1 
0.0000143750 3 3 1 1 3 0 0 0 
0.0000147500 3 3 1 1 3 0 0 1 
0.0000147500 3 3 1 1 3 0 1 0 
0.0000200625 3 3 1 1 3 0 2 2 
0.0000221250 3 3 1 1 3 1 1 2 
0.0000221250 3 3 1 1 3 1 2 1 
0.0000143750 3 3 1 1 3 2 0 2 
0.0000147500 3 3 1 1 3 2 1 2 
0.0000143750 3 3 1 1 3 2 2 0 
0.0000147500 3 3 1 1 3 2 2 1 
0.0000854375 3 3 1 1 3 3 0 0 
0.0001822500 3 3 1 1 3 3 1 1 
0.0000398125 3 3 1 1 3 3 3 3 
0.0000106250 3 3 1 2 0 0 1 2 
0.0000452500 3 3 1 2 0 1 0 3 
0.0000462500 3 3 1 2 0 1 2 0 
0.0000030625 3 3 1 2 0 1 2 2 
0.0000512500 3 3 1 2 0 1 3 2 
0.0000780625 3 3 1 2 0 2 1 1 
0.0000143750 3 3 1 2 0 2 1 3 
0.0000521875 3 3 1 2 0 2 3 0 
0.0000125000 3 3 1 2 0 3 0 0 
0.0000147500 3 3 1 2 0 3 0 2 
0.0000780625 3 3 1 2 0 3 2 3 
0.0000030625 3 3 1 2 0 3 3 1 
0.0000125000 3 3 1 2 0 3 3 3 
0.0000452500 3 3 1 2 1 0 0 3 
0.0000462500 3 3 1 2 1 0 2 0 
0.0000030625 3 3 1 2 1 0 2 2 
0.0000512500 3 3 1 2 1 0 3 2 
0.0000286875 3 3 1 2 1 1 0 2 
0.0000398125 3 3 1 2 1 1 1 2 
0.0000462500 3 3 1 2 1 1 2 1 
0.0000105625 3 3 1 2 1 2 0 0 
0.0000078125 3 3 1 2 1 2 0 2 
0.0000535625 3 3 1 2 1 2 1 2 
0.0000452500 3 3 1 2 1 2 2 3 
0.0000521875 3 3 1 2 1 2 3 1 
0.0000105625 3 3 1 2 1 2 3 3 
0.0000125000 3 3 1 2 1 3 0 1 
0.0000221250 3 3 1 2 1 3 2 2 
0.0000065000 3 3 1 2 1 3 3 0 
0.0000780625 3 3 1 2 2 0 1 1 
0.0000143750 3 3 1 2 2 0 1 3 
0.0000521875 3 3 1 2 2 0 3 0 
0.0000105625 3 3 1 2 2 1 0 0 
0.0000078125 3 3 1 2 2 1 0 2 
0.0000535625 3 3 1 2 2 1 1 2 
0.0000452500 3 3 1 2 2 1 2 3 
0.0000521875 3 3 1 2 2 1 3 1 
0.0000105625 3 3 1 2 2 1 3 3 
0.0000572500 3 3 1 2 2 3 0 3 
0.0000854375 3 3 1 2 2 3 1 3 
0.0000125000 3 3 1 2 2 3 2 0 
0.0000147500 3 3 1 2 2 3 2 2 
0.0000286875 3 3 1 2 2 3 3 0 
0.0000125000 3 3 1 2 3 0 0 0 
0.0000147500 3 3 1 2 3 0 0 2 
0.0000780625 3 3 1 2 3 0 2 3 
0.0000030625 3 3 1 2 3 0 3 1 
0.0000125000 3 3 1 2 3 0 3 3 
0.0000125000 3 3 1 2 3 1 0 1 
0.0000221250 3 3 1 2 3 1 2 2 
0.0000065000 3 3 1 2 3 1 3 0 
0.0000572500 3 3 1 2 3 2 0 3 
0.0000854375 3 3 1 2 3 2 1 3 
0.0000125000 3 3 1 2 3 2 2 0 
0.0000147500 3 3 1 2 3 2 2 2 
0.0000286875 3 3 1 2 3 2 3 0 
0.0000535625 3 3 1 2 3 3 0 0 
0.0000501875 3 3 1 2 3 3 1 0 
0.0001822500 3 3 1 2 3 3 1 2 
0.0000106250 3 3 1 2 3 3 2 1 
0.0000221250 3 3 1 2 3 3 3 1 
0.0000535625 3 3 1 2 3 3 3 3 
0.0001210625 3 3 1 3 0 0 0 0 
0.0000106250 3 3 1 3 0 0 1 3 
0.0001210625 3 3 1 3 0 0 2 2 
0.0000286875 3 3 1 3 0 0 3 2 
0.0000521875 3 3 1 3 0 1 0 1 
0.0000125000 3 3 1 3 0 1 1 2 
0.0000030625 3 3 1 3 0 1 2 3 
0.0000512500 3 3 1 3 0 1 3 3 
0.0000125000 3 3 1 3 0 2 1 1 
0.0001210625 3 3 1 3 0 2 2 0 
0.0000286875 3 3 1 3 0 2 3 0 
0.0000147500 3 3 1 3 0 3 0 3 
0.0000106250 3 3 1 3 0 3 1 0 
0.0000030625 3 3 1 3 0 3 2 1 
0.0000512500 3 3 1 3 0 3 3 1 
0.0000521875 3 3 1 3 1 0 0 1 
0.0000125000 3 3 1 3 1 0 1 2 
0.0000030625 3 3 1 3 1 0 2 3 
0.0000512500 3 3 1 3 1 0 3 3 
0.0000521875 3 3 1 3 1 1 0 0 
0.0000286875 3 3 1 3 1 1 0 3 
0.0000398125 3 3 1 3 1 1 1 3 
0.0000521875 3 3 1 3 1 1 2 2 
0.0000538125 3 3 1 3 1 1 3 1 
0.0001474375 3 3 1 3 1 1 3 2 
0.0000078125 3 3 1 3 1 2 0 3 
0.0000125000 3 3 1 3 1 2 1 0 
0.0000535625 3 3 1 3 1 2 1 3 
0.0000521875 3 3 1 3 1 2 2 1 
0.0001474375 3 3 1 3 1 2 3 1 
0.0000286875 3 3 1 3 1 3 0 1 
0.0000078125 3 3 1 3 1 3 0 2 
0.0000398125 3 3 1 3 1 3 1 1 
0.0000535625 3 3 1 3 1 3 1 2 
0.0000030625 3 3 1 3 1 3 2 0 
0.0000221250 3 3 1 3 1 3 2 3 
0.0000512500 3 3 1 3 1 3 3 0 
0.0000125000 3 3 1 3 2 0 1 1 
0.0001210625 3 3 1 3 2 0 2 0 
0.0000286875 3 3 1 3 2 0 3 0 
0.0000078125 3 3 1 3 2 1 0 3 
0.0000125000 3 3 1 3 2 1 1 0 
0.0000535625 3 3 1 3 2 1 1 3 
0.0000521875 3 3 1 3 2 1 2 1 
0.0001474375 3 3 1 3 2 1 3 1 
0.0000288750 3 3 1 3 2 2 3 2 
0.0000078125 3 3 1 3 2 3 0 1 
0.0000535625 3 3 1 3 2 3 1 1 
0.0000147500 3 3 1 3 2 3 2 3 
0.0000147500 3 3 1 3 3 0 0 3 
0.0000106250 3 3 1 3 3 0 1 0 
0.0000030625 3 3 1 3 3 0 2 1 
0.0000512500 3 3 1 3 3 0 3 1 
0.0000286875 3 3 1 3 3 1 0 1 
0.0000078125 3 3 1 3 3 1 0 2 
0.0000398125 3 3 1 3 3 1 1 1 
0.0000535625 3 3 1 3 3 1 1 2 
0.0000030625 3 3 1 3 3 1 2 0 
0.0000221250 3 3 1 3 3 1 2 3 
0.0000512500 3 3 1 3 3 1 3 0 
0.0000078125 3 3 1 3 3 2 0 1 
0.0000535625 3 3 1 3 3 2 1 1 
0.0000147500 3 3 1 3 3 2 2 3 
0.0000147500 3 3 1 3 3 3 0 0 
0.0001822500 3 3 1 3 3 3 1 3 
0.0000221250 3 3 1 3 3 3 2 1 
0.0000147500 3 3 1 3 3 3 2 2 
0.0000194375 3 3 2 0 0 0 0 3 
0.0000106250 3 3 2 0 0 0 2 0 
0.0000194375 3 3 2 0 0 1 1 3 
0.0000452500 3 3 2 0 0 1 3 1 
0.0000521875 3 3 2 0 0 1 3 2 
0.0000286875 3 3 2 0 0 1 3 3 
0.0000780625 3 3 2 0 0 2 1 0 
0.0000286875 3 3 2 0 0 2 1 2 
0.0000143750 3 3 2 0 0 2 3 0 
0.0000533125 3 3 2 0 0 2 3 3 
0.0000125000 3 3 2 0 0 3 0 1 
0.0000512500 3 3 2 0 0 3 0 2 
0.0000147500 3 3 2 0 0 3 2 1 
0.0000106250 3 3 2 0 0 3 2 3 
0.0000194375 3 3 2 0 1 0 1 3 
0.0000452500 3 3 2 0 1 0 3 1 
0.0000521875 3 3 2 0 1 0 3 2 
0.0000286875 3 3 2 0 1 0 3 3 
0.0000538125 3 3 2 0 1 1 0 2 
0.0000901250 3 3 2 0 1 1 0 3 
0.0000398125 3 3 2 0 1 1 2 0 
0.0000286875 3 3 2 0 1 1 2 1 
0.0000105625 3 3 2 0 1 2 0 1 
0.0001474375 3 3 2 0 1 2 0 2 
0.0000535625 3 3 2 0 1 2 2 0 
0.0000078125 3 3 2 0 1 2 2 1 
0.0000125000 3 3 2 0 1 2 2 3 
0.0000125000 3 3 2 0 1 3 1 1 
0.0000512500 3 3 2 0 1 3 1 2 
0.0000286875 3 3 2 0 1 3 3 2 
0.0000780625 3 3 2 0 2 0 1 0 
0.0000286875 3 3 2 0 2 0 1 2 
0.0000143750 3 3 2 0 2 0 3 0 
0.0000533125 3 3 2 0 2 0 3 3 
0.0000105625 3 3 2 0 2 1 0 1 
0.0001474375 3 3 2 0 2 1 0 2 
0.0000535625 3 3 2 0 2 1 2 0 
0.0000078125 3 3 2 0 2 1 2 1 
0.0000125000 3 3 2 0 2 1 2 3 
0.0000452500 3 3 2 0 2 2 0 3 
0.0000780625 3 3 2 0 2 3 1 3 
0.0000854375 3 3 2 0 2 3 3 0 
0.0000572500 3 3 2 0 2 3 3 1 
0.0000078125 3 3 2 0 2 3 3 2 
0.0000143750 3 3 2 0 2 3 3 3 
0.0000125000 3 3 2 0 3 0 0 1 
0.0000512500 3 3 2 0 3 0 0 2 
0.0000147500 3 3 2 0 3 0 2 1 
0.0000106250 3 3 2 0 3 0 2 3 
0.0000125000 3 3 2 0 3 1 1 1 
0.0000512500 3 3 2 0 3 1 1 2 
0.0000286875 3 3 2 0 3 1 3 2 
0.0000780625 3 3 2 0 3 2 1 3 
0.0000854375 3 3 2 0 3 2 3 0 
0.0000572500 3 3 2 0 3 2 3 1 
0.0000078125 3 3 2 0 3 2 3 2 
0.0000143750 3 3 2 0 3 2 3 3 
0.0000501875 3 3 2 0 3 3 0 0 
0.0000535625 3 3 2 0 3 3 0 1 
0.0001822500 3 3 2 0 3 3 2 0 
0.0000501875 3 3 2 0 3 3 2 2 
0.0000106250 3 3 2 1 0 0 2 1 
0.0000462500 3 3 2 1 0 1 0 2 
0.0000030625 3 3 2 1 0 1 2 2 
0.0000512500 3 3 2 1 0 1 2 3 
0.0000452500 3 3 2 1 0 1 3 0 
0.0000521875 3 3 2 1 0 2 0 3 
0.0000780625 3 3 2 1 0 2 1 1 
0.0000143750 3 3 2 1 0 2 3 1 
0.0000125000 3 3 2 1 0 3 0 0 
0.0000030625 3 3 2 1 0 3 1 3 
0.0000147500 3 3 2 1 0 3 2 0 
0.0000780625 3 3 2 1 0 3 3 2 
0.0000125000 3 3 2 1 0 3 3 3 
0.0000462500 3 3 2 1 1 0 0 2 
0.0000030625 3 3 2 1 1 0 2 2 
0.0000512500 3 3 2 1 1 0 2 3 
0.0000452500 3 3 2 1 1 0 3 0 
0.0000462500 3 3 2 1 1 1 1 2 
0.0000286875 3 3 2 1 1 1 2 0 
0.0000398125 3 3 2 1 1 1 2 1 
0.0000105625 3 3 2 1 1 2 0 0 
0.0000521875 3 3 2 1 1 2 1 3 
0.0000078125 3 3 2 1 1 2 2 0 
0.0000535625 3 3 2 1 1 2 2 1 
0.0000452500 3 3 2 1 1 2 3 2 
0.0000105625 3 3 2 1 1 2 3 3 
0.0000065000 3 3 2 1 1 3 0 3 
0.0000125000 3 3 2 1 1 3 1 0 
0.0000221250 3 3 2 1 1 3 2 2 
0.0000521875 3 3 2 1 2 0 0 3 
0.0000780625 3 3 2 1 2 0 1 1 
0.0000143750 3 3 2 1 2 0 3 1 
0.0000105625 3 3 2 1 2 1 0 0 
0.0000521875 3 3 2 1 2 1 1 3 
0.0000078125 3 3 2 1 2 1 2 0 
0.0000535625 3 3 2 1 2 1 2 1 
0.0000452500 3 3 2 1 2 1 3 2 
0.0000105625 3 3 2 1 2 1 3 3 
0.0000125000 3 3 2 1 2 3 0 2 
0.0000286875 3 3 2 1 2 3 0 3 
0.0000147500 3 3 2 1 2 3 2 2 
0.0000572500 3 3 2 1 2 3 3 0 
0.0000854375 3 3 2 1 2 3 3 1 
0.0000125000 3 3 2 1 3 0 0 0 
0.0000030625 3 3 2 1 3 0 1 3 
0.0000147500 3 3 2 1 3 0 2 0 
0.0000780625 3 3 2 1 3 0 3 2 
0.0000125000 3 3 2 1 3 0 3 3 
0.0000065000 3 3 2 1 3 1 0 3 
0.0000125000 3 3 2 1 3 1 1 0 
0.0000221250 3 3 2 1 3 1 2 2 
0.0000125000 3 3 2 1 3 2 0 2 
0.0000286875 3 3 2 1 3 2 0 3 
0.0000147500 3 3 2 1 3 2 2 2 
0.0000572500 3 3 2 1 3 2 3 0 
0.0000854375 3 3 2 1 3 2 3 1 
0.0000535625 3 3 2 1 3 3 0 0 
0.0000501875 3 3 2 1 3 3 0 1 
0.0000106250 3 3 2 1 3 3 1 2 
0.0000221250 3 3 2 1 3 3 1 3 
0.0001822500 3 3 2 1 3 3 2 1 
0.0000535625 3 3 2 1 3 3 3 3 
0.0000728125 3 3 2 2 0 0 1 1 
0.0001210625 3 3 2 2 0 0 1 3 
0.0000106250 3 3 2 2 0 0 2 2 
0.0001210625 3 3 2 2 0 0 3 1 
0.0000521875 3 3 2 2 0 1 0 3 
0.0000521875 3 3 2 2 0 1 3 0 
0.0000286875 3 3 2 2 0 2 0 1 
0.0000286875 3 3 2 2 0 2 1 0 
0.0000780625 3 3 2 2 0 2 1 2 
0.0000780625 3 3 2 2 0 2 2 1 
0.0000143750 3 3 2 2 0 2 2 3 
0.0000143750 3 3 2 2 0 2 3 2 
0.0000512500 3 3 2 2 0 3 0 0 
0.0000200625 3 3 2 2 0 3 1 1 
0.0000521875 3 3 2 2 1 0 0 3 
0.0000521875 3 3 2 2 1 0 3 0 
0.0000538125 3 3 2 2 1 1 0 0 
0.0000521875 3 3 2 2 1 1 1 3 
0.0000398125 3 3 2 2 1 1 2 2 
0.0000521875 3 3 2 2 1 1 3 1 
0.0000105625 3 3 2 2 1 1 3 3 
0.0001474375 3 3 2 2 1 2 0 0 
0.0000286875 3 3 2 2 1 2 1 1 
0.0000535625 3 3 2 2 1 2 2 2 
0.0000512500 3 3 2 2 1 3 0 1 
0.0000286875 3 3 2 2 1 3 0 3 
0.0000512500 3 3 2 2 1 3 1 0 
0.0000286875 3 3 2 2 1 3 3 0 
0.0000286875 3 3 2 2 2 0 0 1 
0.0000286875 3 3 2 2 2 0 1 0 
0.0000780625 3 3 2 2 2 0 1 2 
0.0000780625 3 3 2 2 2 0 2 1 
0.0000143750 3 3 2 2 2 0 2 3 
0.0000143750 3 3 2 2 2 0 3 2 
0.0001474375 3 3 2 2 2 1 0 0 
0.0000286875 3 3 2 2 2 1 1 1 
0.0000535625 3 3 2 2 2 1 2 2 
0.0000533125 3 3 2 2 2 2 1 1 
0.0000078125 3 3 2 2 2 3 0 3 
0.0000854375 3 3 2 2 2 3 2 3 
0.0000078125 3 3 2 2 2 3 3 0 
0.0000854375 3 3 2 2 2 3 3 2 
0.0000512500 3 3 2 2 3 0 0 0 
0.0000200625 3 3 2 2 3 0 1 1 
0.0000512500 3 3 2 2 3 1 0 1 
0.0000286875 3 3 2 2 3 1 0 3 
0.0000512500 3 3 2 2 3 1 1 0 
0.0000286875 3 3 2 2 3 1 3 0 
0.0000078125 3 3 2 2 3 2 0 3 
0.0000854375 3 3 2 2 3 2 2 3 
0.0000078125 3 3 2 2 3 2 3 0 
0.0000854375 3 3 2 2 3 2 3 2 
0.0000501875 3 3 2 2 3 3 0 2 
0.0000147500 3 3 2 2 3 3 1 3 
0.0000501875 3 3 2 2 3 3 2 0 
0.0001822500 3 3 2 2 3 3 2 2 
0.0000147500 3 3 2 2 3 3 3 1 
0.0000194375 3 3 2 3 0 0 0 0 
0.0000194375 3 3 2 3 0 0 1 1 
0.0000106250 3 3 2 3 0 0 2 3 
0.0000286875 3 3 2 3 0 0 3 1 
0.0000533125 3 3 2 3 0 0 3 2 
0.0000901250 3 3 2 3 0 1 0 1 
0.0000194375 3 3 2 3 0 1 1 0 
0.0000125000 3 3 2 3 0 1 2 2 
0.0000286875 3 3 2 3 0 1 3 0 
0.0000452500 3 3 2 3 0 2 0 2 
0.0000780625 3 3 2 3 0 2 1 3 
0.0000125000 3 3 2 3 0 2 2 1 
0.0000533125 3 3 2 3 0 2 3 0 
0.0000143750 3 3 2 3 0 2 3 3 
0.0000780625 3 3 2 3 0 3 1 2 
0.0000106250 3 3 2 3 0 3 2 0 
0.0000143750 3 3 2 3 0 3 3 2 
0.0000901250 3 3 2 3 1 0 0 1 
0.0000194375 3 3 2 3 1 0 1 0 
0.0000125000 3 3 2 3 1 0 2 2 
0.0000286875 3 3 2 3 1 0 3 0 
0.0000901250 3 3 2 3 1 1 0 0 
0.0000901250 3 3 2 3 1 1 1 1 
0.0000398125 3 3 2 3 1 1 2 3 
0.0001474375 3 3 2 3 1 1 3 1 
0.0000452500 3 3 2 3 1 2 1 2 
0.0000125000 3 3 2 3 1 2 2 0 
0.0000535625 3 3 2 3 1 2 2 3 
0.0000288750 3 3 2 3 1 2 3 2 
0.0000398125 3 3 2 3 1 3 2 1 
0.0000535625 3 3 2 3 1 3 2 2 
0.0000452500 3 3 2 3 2 0 0 2 
0.0000780625 3 3 2 3 2 0 1 3 
0.0000125000 3 3 2 3 2 0 2 1 
0.0000533125 3 3 2 3 2 0 3 0 
0.0000143750 3 3 2 3 2 0 3 3 
0.0000452500 3 3 2 3 2 1 1 2 
0.0000125000 3 3 2 3 2 1 2 0 
0.0000535625 3 3 2 3 2 1 2 3 
0.0000288750 3 3 2 3 2 1 3 2 
0.0000452500 3 3 2 3 2 2 0 0 
0.0000452500 3 3 2 3 2 2 1 1 
0.0000288750 3 3 2 3 2 2 3 1 
0.0000081875 3 3 2 3 2 2 3 2 
0.0000780625 3 3 2 3 2 3 1 0 
0.0000535625 3 3 2 3 2 3 2 1 
0.0000143750 3 3 2 3 2 3 3 0 
0.0000854375 3 3 2 3 2 3 3 3 
0.0000780625 3 3 2 3 3 0 1 2 
0.0000106250 3 3 2 3 3 0 2 0 
0.0000143750 3 3 2 3 3 0 3 2 
0.0000398125 3 3 2 3 3 1 2 1 
0.0000535625 3 3 2 3 3 1 2 2 
0.0000780625 3 3 2 3 3 2 1 0 
0.0000535625 3 3 2 3 3 2 2 1 
0.0000143750 3 3 2 3 3 2 3 0 
0.0000854375 3 3 2 3 3 2 3 3 
0.0000501875 3 3 2 3 3 3 0 3 
0.0001822500 3 3 2 3 3 3 2 3 
0.0000854375 3 3 2 3 3 3 3 2 
0.0001210625 3 3 3 0 0 0 0 1 
0.0000194375 3 3 3 0 0 0 0 2 
0.0000106250 3 3 3 0 0 0 3 0 
0.0000521875 3 3 3 0 0 1 1 1 
0.0000901250 3 3 3 0 0 1 1 2 
0.0000462500 3 3 3 0 0 1 1 3 
0.0000125000 3 3 3 0 0 1 2 0 
0.0000125000 3 3 3 0 0 2 1 0 
0.0000452500 3 3 3 0 0 2 2 2 
0.0000106250 3 3 3 0 0 3 0 0 
0.0000147500 3 3 3 0 0 3 3 1 
0.0000106250 3 3 3 0 0 3 3 3 
0.0000521875 3 3 3 0 1 0 1 1 
0.0000901250 3 3 3 0 1 0 1 2 
0.0000462500 3 3 3 0 1 0 1 3 
0.0000125000 3 3 3 0 1 0 2 0 
0.0000521875 3 3 3 0 1 1 0 1 
0.0000901250 3 3 3 0 1 1 0 2 
0.0000462500 3 3 3 0 1 1 0 3 
0.0000398125 3 3 3 0 1 1 3 0 
0.0000286875 3 3 3 0 1 1 3 1 
0.0000125000 3 3 3 0 1 2 0 0 
0.0000535625 3 3 3 0 1 2 3 0 
0.0000078125 3 3 3 0 1 2 3 1 
0.0000125000 3 3 3 0 1 2 3 3 
0.0000398125 3 3 3 0 1 3 1 0 
0.0000286875 3 3 3 0 1 3 1 1 
0.0000535625 3 3 3 0 1 3 2 0 
0.0000078125 3 3 3 0 1 3 2 1 
0.0000125000 3 3 3 0 1 3 2 3 
0.0000125000 3 3 3 0 2 0 1 0 
0.0000452500 3 3 3 0 2 0 2 2 
0.0000125000 3 3 3 0 2 1 0 0 
0.0000535625 3 3 3 0 2 1 3 0 
0.0000078125 3 3 3 0 2 1 3 1 
0.0000125000 3 3 3 0 2 1 3 3 
0.0000452500 3 3 3 0 2 2 0 2 
0.0000535625 3 3 3 0 2 3 1 0 
0.0000078125 3 3 3 0 2 3 1 1 
0.0000125000 3 3 3 0 2 3 1 3 
0.0000106250 3 3 3 0 3 0 0 0 
0.0000147500 3 3 3 0 3 0 3 1 
0.0000106250 3 3 3 0 3 0 3 3 
0.0000398125 3 3 3 0 3 1 1 0 
0.0000286875 3 3 3 0 3 1 1 1 
0.0000535625 3 3 3 0 3 1 2 0 
0.0000078125 3 3 3 0 3 1 2 1 
0.0000125000 3 3 3 0 3 1 2 3 
0.0000535625 3 3 3 0 3 2 1 0 
0.0000078125 3 3 3 0 3 2 1 1 
0.0000125000 3 3 3 0 3 2 1 3 
0.0000147500 3 3 3 0 3 3 0 1 
0.0000106250 3 3 3 0 3 3 0 3 
0.0001822500 3 3 3 0 3 3 3 0 
0.0000501875 3 3 3 0 3 3 3 2 
0.0001210625 3 3 3 1 0 0 0 0 
0.0001210625 3 3 3 1 0 0 2 2 
0.0000286875 3 3 3 1 0 0 2 3 
0.0000106250 3 3 3 1 0 0 3 1 
0.0000521875 3 3 3 1 0 1 1 0 
0.0000125000 3 3 3 1 0 1 2 1 
0.0000030625 3 3 3 1 0 1 3 2 
0.0000512500 3 3 3 1 0 1 3 3 
0.0001210625 3 3 3 1 0 2 0 2 
0.0000286875 3 3 3 1 0 2 0 3 
0.0000125000 3 3 3 1 0 2 1 1 
0.0000106250 3 3 3 1 0 3 0 1 
0.0000030625 3 3 3 1 0 3 1 2 
0.0000512500 3 3 3 1 0 3 1 3 
0.0000147500 3 3 3 1 0 3 3 0 
0.0000521875 3 3 3 1 1 0 1 0 
0.0000125000 3 3 3 1 1 0 2 1 
0.0000030625 3 3 3 1 1 0 3 2 
0.0000512500 3 3 3 1 1 0 3 3 
0.0000521875 3 3 3 1 1 1 0 0 
0.0000538125 3 3 3 1 1 1 1 3 
0.0000521875 3 3 3 1 1 1 2 2 
0.0001474375 3 3 3 1 1 1 2 3 
0.0000286875 3 3 3 1 1 1 3 0 
0.0000398125 3 3 3 1 1 1 3 1 
0.0000125000 3 3 3 1 1 2 0 1 
0.0000521875 3 3 3 1 1 2 1 2 
0.0001474375 3 3 3 1 1 2 1 3 
0.0000078125 3 3 3 1 1 2 3 0 
0.0000535625 3 3 3 1 1 2 3 1 
0.0000030625 3 3 3 1 1 3 0 2 
0.0000512500 3 3 3 1 1 3 0 3 
0.0000286875 3 3 3 1 1 3 1 0 
0.0000398125 3 3 3 1 1 3 1 1 
0.0000078125 3 3 3 1 1 3 2 0 
0.0000535625 3 3 3 1 1 3 2 1 
0.0000221250 3 3 3 1 1 3 3 2 
0.0001210625 3 3 3 1 2 0 0 2 
0.0000286875 3 3 3 1 2 0 0 3 
0.0000125000 3 3 3 1 2 0 1 1 
0.0000125000 3 3 3 1 2 1 0 1 
0.0000521875 3 3 3 1 2 1 1 2 
0.0001474375 3 3 3 1 2 1 1 3 
0.0000078125 3 3 3 1 2 1 3 0 
0.0000535625 3 3 3 1 2 1 3 1 
0.0000288750 3 3 3 1 2 2 2 3 
0.0000078125 3 3 3 1 2 3 1 0 
0.0000535625 3 3 3 1 2 3 1 1 
0.0000147500 3 3 3 1 2 3 3 2 
0.0000106250 3 3 3 1 3 0 0 1 
0.0000030625 3 3 3 1 3 0 1 2 
0.0000512500 3 3 3 1 3 0 1 3 
0.0000147500 3 3 3 1 3 0 3 0 
0.0000030625 3 3 3 1 3 1 0 2 
0.0000512500 3 3 3 1 3 1 0 3 
0.0000286875 3 3 3 1 3 1 1 0 
0.0000398125 3 3 3 1 3 1 1 1 
0.0000078125 3 3 3 1 3 1 2 0 
0.0000535625 3 3 3 1 3 1 2 1 
0.0000221250 3 3 3 1 3 1 3 2 
0.0000078125 3 3 3 1 3 2 1 0 
0.0000535625 3 3 3 1 3 2 1 1 
0.0000147500 3 3 3 1 3 2 3 2 
0.0000147500 3 3 3 1 3 3 0 0 
0.0000221250 3 3 3 1 3 3 1 2 
0.0000147500 3 3 3 1 3 3 2 2 
0.0001822500 3 3 3 1 3 3 3 1 
0.0000194375 3 3 3 2 0 0 0 0 
0.0000194375 3 3 3 2 0 0 1 1 
0.0000286875 3 3 3 2 0 0 1 3 
0.0000533125 3 3 3 2 0 0 2 3 
0.0000106250 3 3 3 2 0 0 3 2 
0.0000194375 3 3 3 2 0 1 0 1 
0.0000286875 3 3 3 2 0 1 0 3 
0.0000901250 3 3 3 2 0 1 1 0 
0.0000125000 3 3 3 2 0 1 2 2 
0.0000533125 3 3 3 2 0 2 0 3 
0.0000125000 3 3 3 2 0 2 1 2 
0.0000452500 3 3 3 2 0 2 2 0 
0.0000780625 3 3 3 2 0 2 3 1 
0.0000143750 3 3 3 2 0 2 3 3 
0.0000106250 3 3 3 2 0 3 0 2 
0.0000780625 3 3 3 2 0 3 2 1 
0.0000143750 3 3 3 2 0 3 2 3 
0.0000194375 3 3 3 2 1 0 0 1 
0.0000286875 3 3 3 2 1 0 0 3 
0.0000901250 3 3 3 2 1 0 1 0 
0.0000125000 3 3 3 2 1 0 2 2 
0.0000901250 3 3 3 2 1 1 0 0 
0.0000901250 3 3 3 2 1 1 1 1 
0.0001474375 3 3 3 2 1 1 1 3 
0.0000398125 3 3 3 2 1 1 3 2 
0.0000125000 3 3 3 2 1 2 0 2 
0.0000452500 3 3 3 2 1 2 2 1 
0.0000288750 3 3 3 2 1 2 2 3 
0.0000535625 3 3 3 2 1 2 3 2 
0.0000398125 3 3 3 2 1 3 1 2 
0.0000535625 3 3 3 2 1 3 2 2 
0.0000533125 3 3 3 2 2 0 0 3 
0.0000125000 3 3 3 2 2 0 1 2 
0.0000452500 3 3 3 2 2 0 2 0 
0.0000780625 3 3 3 2 2 0 3 1 
0.0000143750 3 3 3 2 2 0 3 3 
0.0000125000 3 3 3 2 2 1 0 2 
0.0000452500 3 3 3 2 2 1 2 1 
0.0000288750 3 3 3 2 2 1 2 3 
0.0000535625 3 3 3 2 2 1 3 2 
0.0000452500 3 3 3 2 2 2 0 0 
0.0000452500 3 3 3 2 2 2 1 1 
0.0000288750 3 3 3 2 2 2 1 3 
0.0000081875 3 3 3 2 2 2 2 3 
0.0000780625 3 3 3 2 2 3 0 1 
0.0000143750 3 3 3 2 2 3 0 3 
0.0000535625 3 3 3 2 2 3 1 2 
0.0000854375 3 3 3 2 2 3 3 3 
0.0000106250 3 3 3 2 3 0 0 2 
0.0000780625 3 3 3 2 3 0 2 1 
0.0000143750 3 3 3 2 3 0 2 3 
0.0000398125 3 3 3 2 3 1 1 2 
0.0000535625 3 3 3 2 3 1 2 2 
0.0000780625 3 3 3 2 3 2 0 1 
0.0000143750 3 3 3 2 3 2 0 3 
0.0000535625 3 3 3 2 3 2 1 2 
0.0000854375 3 3 3 2 3 2 3 3 
0.0000854375 3 3 3 2 3 3 2 3 
0.0000501875 3 3 3 2 3 3 3 0 
0.0001822500 3 3 3 2 3 3 3 2 
0.0000462500 3 3 3 3 0 0 1 1 
0.0000106250 3 3 3 3 0 0 3 3 
0.0000462500 3 3 3 3 0 1 0 1 
0.0000462500 3 3 3 3 0 1 1 0 
0.0000125000 3 3 3 3 0 1 2 3 
0.0000125000 3 3 3 3 0 1 3 2 
0.0000125000 3 3 3 3 0 2 1 3 
0.0000125000 3 3 3 3 0 2 3 1 
0.0000106250 3 3 3 3 0 3 0 3 
0.0000125000 3 3 3 3 0 3 1 2 
0.0000125000 3 3 3 3 0 3 2 1 
0.0000106250 3 3 3 3 0 3 3 0 
0.0000462500 3 3 3 3 1 0 0 1 
0.0000462500 3 3 3 3 1 0 1 0 
0.0000125000 3 3 3 3 1 0 2 3 
0.0000125000 3 3 3 3 1 0 3 2 
0.0000462500 3 3 3 3 1 1 0 0 
0.0000105625 3 3 3 3 1 1 2 2 
0.0000398125 3 3 3 3 1 1 3 3 
0.0000125000 3 3 3 3 1 2 0 3 
0.0000105625 3 3 3 3 1 2 1 2 
0.0000105625 3 3 3 3 1 2 2 1 
0.0000125000 3 3 3 3 1 2 3 0 
0.0000535625 3 3 3 3 1 2 3 3 
0.0000125000 3 3 3 3 1 3 0 2 
0.0000398125 3 3 3 3 1 3 1 3 
0.0000125000 3 3 3 3 1 3 2 0 
0.0000535625 3 3 3 3 1 3 2 3 
0.0000398125 3 3 3 3 1 3 3 1 
0.0000535625 3 3 3 3 1 3 3 2 
0.0000125000 3 3 3 3 2 0 1 3 
0.0000125000 3 3 3 3 2 0 3 1 
0.0000125000 3 3 3 3 2 1 0 3 
0.0000105625 3 3 3 3 2 1 1 2 
0.0000105625 3 3 3 3 2 1 2 1 
0.0000125000 3 3 3 3 2 1 3 0 
0.0000535625 3 3 3 3 2 1 3 3 
0.0000105625 3 3 3 3 2 2 1 1 
0.0000125000 3 3 3 3 2 3 0 1 
0.0000125000 3 3 3 3 2 3 1 0 
0.0000535625 3 3 3 3 2 3 1 3 
0.0000535625 3 3 3 3 2 3 3 1 
0.0000106250 3 3 3 3 3 0 0 3 
0.0000125000 3 3 3 3 3 0 1 2 
0.0000125000 3 3 3 3 3 0 2 1 
0.0000106250 3 3 3 3 3 0 3 0 
0.0000125000 3 3 3 3 3 1 0 2 
0.0000398125 3 3 3 3 3 1 1 3 
0.0000125000 3 3 3 3 3 1 2 0 
0.0000535625 3 3 3 3 3 1 2 3 
0.0000398125 3 3 3 3 3 1 3 1 
0.0000535625 3 3 3 3 3 1 3 2 
0.0000125000 3 3 3 3 3 2 0 1 
0.0000125000 3 3 3 3 3 2 1 0 
0.0000535625 3 3 3 3 3 2 1 3 
0.0000535625 3 3 3 3 3 2 3 1 
0.0000106250 3 3 3 3 3 3 0 0 
0.0000398125 3 3 3 3 3 3 1 1 
0.0000535625 3 3 3 3 3 3 1 2 
0.0000535625 3 3 3 3 3 3 2 1 
0.0001822500 3 3 3 3 3 3 3 3 
